ean13,source
3430060410407,openfacts
3430061043260,openfacts
3430061836572,openfacts
3430061836589,openfacts
3430061836817,openfacts
3430061836855,openfacts
3430061836916,openfacts
3430061846113,openfacts
3430061846557,openfacts
3430061846878,openfacts
3430061846915,openfacts
3430061865725,openfacts
3430061965715,openfacts
3430062645524,openfacts
3430062775672,openfacts
3430062776495,openfacts
3430062946331,openfacts
3430062946478,openfacts
3430062946515,openfacts
3430062946553,openfacts
3430062946935,openfacts
3430062965677,openfacts
3430063146518,openfacts
3430063146532,openfacts
3430064835978,openfacts
3430064935715,openfacts
3430065045598,openfacts
3430065045857,openfacts
3430065046014,openfacts
3430066436555,openfacts
3430066436814,openfacts
3430066446929,openfacts
3430066475677,openfacts
3430066476490,openfacts
3430067836576,openfacts
3430067846513,openfacts
3430067846551,openfacts
3430067846636,openfacts
3430067846919,openfacts
3430067865675,openfacts
3430068036753,openfacts
3430068036814,openfacts
3430068065678,openfacts
3430069736812,openfacts
3430069736836,openfacts
3430069746514,openfacts
3430069746934,openfacts
3430069765676,openfacts
3430069765744,openfacts
3430069766703,openfacts
3430110001036,openfacts
3430110070018,openfacts
3430160683619,openfacts
3430420000125,openfacts
3430420007001,openfacts
3430420652737,openfacts
3430420653734,openfacts
3430420663733,openfacts
3430420665706,openfacts
3430421053632,openfacts
3430421053731,openfacts
3430421253636,openfacts
3430421260658,openfacts
3430422066372,openfacts
3430422070751,openfacts
3430422125369,openfacts
3430422205368,openfacts
3430430004847,openfacts
3430430005325,openfacts
3430430007343,openfacts
3430430009989,openfacts
3430560002683,openfacts
3430560003574,openfacts
3430560004403,openfacts
3430560004946,openfacts
3430560005646,openfacts
3430560006186,openfacts
3430560007404,openfacts
3430560012613,openfacts
3430560014020,openfacts
3430560014129,openfacts
3430560014181,openfacts
3430560015331,openfacts
3430569191401,openfacts
3430580451065,openfacts
3430595656561,openfacts
3430660000015,openfacts
3430660000022,openfacts
3430660000060,openfacts
3430660000114,openfacts
3430660000121,openfacts
3430660000138,openfacts
3430660000312,openfacts
3430660002118,openfacts
3430660002200,openfacts
3430690000016,openfacts
3430690000214,openfacts
3430690000511,openfacts
3430750003537,item_master
3430750032162,item_master
3430750032759,item_master
3430750034036,item_master
3430750034388,item_master
3430750035293,item_master
3430750035361,openfacts
3430750037303,openfacts
3430750038720,item_master
3430750039253,item_master
3430750039314,openfacts
3430750040174,item_master
3430750040266,item_master
3430750040280,item_master
3430750041867,openfacts
3430750048132,openfacts
3430750048415,openfacts
3430750138529,openfacts
3430750140317,openfacts
3430750250948,openfacts
3430750406444,openfacts
3430750412759,openfacts
3430750528665,openfacts
3430750607735,openfacts
3430750793537,openfacts
3430820023311,openfacts
3430820071114,openfacts
3430820214405,openfacts
3430823421114,openfacts
3430823421121,openfacts
3431032626802,openfacts
3431066118700,openfacts
3431100000756,openfacts
3431101000007,item_master
3431191100229,openfacts
3431200005019,openfacts
3431200005026,openfacts
3431200005033,openfacts
3431200005040,openfacts
3431200005057,openfacts
3431200005064,openfacts
3431201000006,item_master
3431201010005,item_master
3431213000001,item_master
3431280000904,openfacts
3431280001802,openfacts
3431280001826,openfacts
3431280001901,openfacts
3431280003509,openfacts
3431280004032,openfacts
3431280006005,openfacts
3431301000005,item_master
3431311000002,item_master
3431315332017,openfacts
3431315332024,openfacts
3431315332055,openfacts
3431315332079,openfacts
3431324980841,openfacts
3431330008768,openfacts
3431340120061,openfacts
3431341020063,openfacts
3431410001023,item_master
3431410110282,openfacts
3431410110633,openfacts
3431410116604,openfacts
3431410116611,openfacts
3431410116666,openfacts
3431410120212,item_master
3431410121363,openfacts
3431410121370,openfacts
3431410128003,openfacts
3431410131003,item_master
3431410132000,item_master
3431441000323,openfacts
3431441000347,openfacts
3431441015044,openfacts
3431446002049,openfacts
3431446018057,openfacts
3431501230004,item_master
3431521031117,openfacts
3431521031131,openfacts
3431521042403,openfacts
3431521050101,openfacts
3431521060100,openfacts
3431521060117,openfacts
3431521060124,openfacts
3431521060131,openfacts
3431521060315,openfacts
3431521060469,openfacts
3431521060612,openfacts
3431521105009,openfacts
3431540383341,openfacts
3431551201122,openfacts
3431551201825,openfacts
3431582438122,openfacts
3431590000014,openfacts
3431590000021,openfacts
3431590000052,openfacts
3431590000090,openfacts
3431590000113,openfacts
3431590000120,openfacts
3431590000137,openfacts
3431590000144,openfacts
3431590000151,openfacts
3431590000205,openfacts
3431590000212,openfacts
3431590000229,openfacts
3431590000236,openfacts
3431590000243,openfacts
3431590000397,openfacts
3431590000403,openfacts
3431590000434,openfacts
3431590000441,openfacts
3431590000472,openfacts
3431590000502,openfacts
3431590000557,openfacts
3431590000564,openfacts
3431590000571,openfacts
3431590000601,openfacts
3431590000625,openfacts
3431590000632,openfacts
3431590000649,openfacts
3431590000687,openfacts
3431590000694,openfacts
3431590000717,openfacts
3431590000793,openfacts
3431590000809,openfacts
3431590000816,openfacts
3431590000823,openfacts
3431590000830,openfacts
3431590000847,openfacts
3431590000854,openfacts
3431590000984,openfacts
3431590001011,openfacts
3431590001028,openfacts
3431590001097,openfacts
3431590001103,openfacts
3431590001110,openfacts
3431590001356,openfacts
3431590001479,openfacts
3431590001721,openfacts
3431590001738,openfacts
3431590001776,openfacts
3431590001783,openfacts
3431590001899,openfacts
3431590001905,openfacts
3431590001912,openfacts
3431590001929,openfacts
3431590001998,openfacts
3431590002001,openfacts
3431590002025,openfacts
3431590002100,openfacts
3431590002117,openfacts
3431590002131,openfacts
3431590002148,openfacts
3431590002520,openfacts
3431590002537,openfacts
3431590002544,openfacts
3431590002582,openfacts
3431590002599,openfacts
3431590002636,openfacts
3431590002674,openfacts
3431590002698,openfacts
3431590002704,openfacts
3431590002742,openfacts
3431590002766,openfacts
3431590002780,openfacts
3431590002803,openfacts
3431590002810,openfacts
3431590002827,openfacts
3431590002841,openfacts
3431590002858,openfacts
3431590002865,openfacts
3431590002889,openfacts
3431590002896,openfacts
3431590004012,openfacts
3431590004036,openfacts
3431590004043,openfacts
3431590004050,openfacts
3431590004104,openfacts
3431590004111,openfacts
3431590005019,openfacts
3431590006443,openfacts
3431590006474,openfacts
3431590006504,openfacts
3431590006535,openfacts
3431590006566,openfacts
3431590006641,openfacts
3431590006887,openfacts
3431590006948,openfacts
3431590007075,openfacts
3431590007105,openfacts
3431590007150,openfacts
3431590007167,openfacts
3431590007198,openfacts
3431590007228,openfacts
3431590007235,openfacts
3431590007327,openfacts
3431590007334,openfacts
3431590007396,openfacts
3431590007426,openfacts
3431590007433,openfacts
3431590007518,openfacts
3431590007617,openfacts
3431590007631,openfacts
3431590007648,openfacts
3431590007860,openfacts
3431590007921,openfacts
3431590008058,openfacts
3431590008089,openfacts
3431590008133,openfacts
3431590008140,openfacts
3431590008164,openfacts
3431590008218,openfacts
3431590008225,openfacts
3431590008232,openfacts
3431590008249,openfacts
3431590008294,openfacts
3431590008300,openfacts
3431590008317,openfacts
3431590008324,openfacts
3431590008331,openfacts
3431590008348,openfacts
3431590008355,openfacts
3431590008362,openfacts
3431590008379,openfacts
3431590008386,openfacts
3431590008393,openfacts
3431590008416,openfacts
3431590008423,openfacts
3431590008430,openfacts
3431590008447,openfacts
3431590008454,openfacts
3431590008461,openfacts
3431590008720,openfacts
3431590008737,openfacts
3431590008751,openfacts
3431590008768,openfacts
3431590008898,openfacts
3431590008904,openfacts
3431590008973,openfacts
3431590008980,openfacts
3431590009048,openfacts
3431590009062,openfacts
3431590009123,openfacts
3431590009130,openfacts
3431590009147,openfacts
3431590009154,openfacts
3431590009215,openfacts
3431590009253,openfacts
3431590009284,openfacts
3431590009321,openfacts
3431590009345,openfacts
3431590009444,openfacts
3431590009451,openfacts
3431590009741,openfacts
3431590009758,openfacts
3431590009765,openfacts
3431590009772,openfacts
3431590009789,openfacts
3431590009796,openfacts
3431590009833,openfacts
3431590009840,openfacts
3431590009857,openfacts
3431590009864,openfacts
3431590009871,openfacts
3431590009888,openfacts
3431590009901,openfacts
3431590009949,openfacts
3431590009956,openfacts
3431590009963,openfacts
3431590009970,openfacts
3431590010013,openfacts
3431590010020,openfacts
3431590010037,openfacts
3431590010044,openfacts
3431590010075,openfacts
3431590010082,openfacts
3431590010099,openfacts
3431590010143,openfacts
3431590010150,openfacts
3431590010167,openfacts
3431590011249,openfacts
3431590011362,openfacts
3431590011386,openfacts
3431590011522,openfacts
3431590011843,openfacts
3431590011928,openfacts
3431590011942,openfacts
3431590011959,openfacts
3431590011966,openfacts
3431590011973,openfacts
3431590011980,openfacts
3431590012307,openfacts
3431590012451,openfacts
3431590012468,openfacts
3431590012475,openfacts
3431590012529,openfacts
3431590012536,openfacts
3431590012673,openfacts
3431590012680,openfacts
3431590012727,openfacts
3431590012734,openfacts
3431590012741,openfacts
3431590012857,openfacts
3431590012864,openfacts
3431590012871,openfacts
3431590012895,openfacts
3431590012901,openfacts
3431590012918,openfacts
3431590012925,openfacts
3431590012956,openfacts
3431590012963,openfacts
3431590012970,openfacts
3431590012987,openfacts
3431590013038,openfacts
3431590013151,openfacts
3431590013168,openfacts
3431590013175,openfacts
3431590013182,openfacts
3431590013199,openfacts
3431590013205,openfacts
3431590013212,openfacts
3431590013229,openfacts
3431590013236,openfacts
3431590013243,openfacts
3431590013250,openfacts
3431590013267,openfacts
3431590013304,openfacts
3431590013342,openfacts
3431590013373,openfacts
3431590013380,openfacts
3431590013397,openfacts
3431590013410,openfacts
3431590013427,openfacts
3431590013441,openfacts
3431590013458,openfacts
3431590013465,openfacts
3431590013472,openfacts
3431590013489,openfacts
3431590013496,openfacts
3431590013502,openfacts
3431590013519,openfacts
3431590013526,openfacts
3431590013564,openfacts
3431590013571,openfacts
3431590013588,openfacts
3431590013595,openfacts
3431590013601,openfacts
3431590013618,openfacts
3431590013625,openfacts
3431590013632,openfacts
3431590013649,openfacts
3431590013656,openfacts
3431590013663,openfacts
3431590013670,openfacts
3431590013687,openfacts
3431590013694,openfacts
3431590013700,openfacts
3431590013717,openfacts
3431590013724,openfacts
3431590013731,openfacts
3431590013748,openfacts
3431590013755,openfacts
3431590013762,openfacts
3431590013779,openfacts
3431590013786,openfacts
3431590013793,openfacts
3431590013809,openfacts
3431590013830,openfacts
3431590013847,openfacts
3431590013854,openfacts
3431590013861,openfacts
3431590013878,openfacts
3431590013885,openfacts
3431590013892,openfacts
3431590013908,openfacts
3431590013915,openfacts
3431590013939,openfacts
3431590013946,openfacts
3431590013984,openfacts
3431590013991,openfacts
3431590014004,openfacts
3431590014011,openfacts
3431590014028,openfacts
3431590014035,openfacts
3431590014042,openfacts
3431590014059,openfacts
3431590014066,openfacts
3431590014073,openfacts
3431590014080,openfacts
3431590014127,openfacts
3431590014158,openfacts
3431590014172,openfacts
3431590014196,openfacts
3431590014202,openfacts
3431590014219,openfacts
3431590014226,openfacts
3431590014240,openfacts
3431590014257,openfacts
3431590014264,openfacts
3431590014271,openfacts
3431590014288,openfacts
3431590014295,openfacts
3431590014301,openfacts
3431590014318,openfacts
3431590014332,openfacts
3431590014349,openfacts
3431590014356,openfacts
3431590014363,openfacts
3431590014387,openfacts
3431590014394,openfacts
3431590014400,openfacts
3431590014417,openfacts
3431590014424,openfacts
3431590014431,openfacts
3431590014448,openfacts
3431590014455,openfacts
3431590014479,openfacts
3431590014486,openfacts
3431590014523,openfacts
3431590014530,openfacts
3431590014547,openfacts
3431590014554,openfacts
3431590014578,openfacts
3431590014592,openfacts
3431590014608,openfacts
3431590014615,openfacts
3431590014622,openfacts
3431590014639,openfacts
3431590014646,openfacts
3431590014653,openfacts
3431590014677,openfacts
3431590014684,openfacts
3431590014707,openfacts
3431590014714,openfacts
3431590014738,openfacts
3431590014745,openfacts
3431590014752,openfacts
3431590014769,openfacts
3431590014776,openfacts
3431590014783,openfacts
3431590014790,openfacts
3431590014806,openfacts
3431590014813,openfacts
3431590014820,openfacts
3431590014837,openfacts
3431590014844,openfacts
3431590014851,openfacts
3431590014868,openfacts
3431590014875,openfacts
3431590014882,openfacts
3431590014967,openfacts
3431590014974,openfacts
3431590014981,openfacts
3431590014998,openfacts
3431590015001,openfacts
3431590015018,openfacts
3431590015025,openfacts
3431590015032,openfacts
3431590015056,openfacts
3431590015087,openfacts
3431590015094,openfacts
3431590015100,openfacts
3431590015117,openfacts
3431590015124,openfacts
3431590015131,openfacts
3431590015148,openfacts
3431590015155,openfacts
3431590015162,openfacts
3431590015179,openfacts
3431590015186,openfacts
3431590015230,openfacts
3431590015247,openfacts
3431590015254,openfacts
3431590015278,openfacts
3431590015292,openfacts
3431590015308,openfacts
3431590015315,openfacts
3431590015322,openfacts
3431590015339,openfacts
3431590015353,openfacts
3431590015360,openfacts
3431590015377,openfacts
3431590015407,openfacts
3431590015414,openfacts
3431590015421,openfacts
3431590015452,openfacts
3431590015469,openfacts
3431590015704,openfacts
3431590015735,openfacts
3431590015742,openfacts
3431590015803,openfacts
3431590015810,openfacts
3431590015834,openfacts
3431590015902,openfacts
3431590015940,openfacts
3431590310717,openfacts
3431590440513,openfacts
3431590444573,openfacts
3431590444658,openfacts
3431591014492,openfacts
3431591014508,openfacts
3431591014515,openfacts
3431599445335,openfacts
3431633011366,openfacts
3431707118175,openfacts
3431707133178,openfacts
3431751098188,openfacts
3431860734519,openfacts
3431870015516,openfacts
3432054001028,openfacts
3432054001042,openfacts
3432054001059,openfacts
3432054001073,openfacts
3432054002025,openfacts
3432054002049,openfacts
3432054002131,openfacts
3432054008027,openfacts
3432054008065,openfacts
3432054009031,openfacts
3432054009055,openfacts
3432130000013,openfacts
3432183869759,openfacts
3432183869780,openfacts
3432240031921,item_master
3432240038654,openfacts
3432240502087,item_master
3432325011114,openfacts
3432327011112,openfacts
3432370002341,openfacts
3432370003713,openfacts
3432379000102,openfacts
3432379000744,openfacts
3432379001031,openfacts
3432379001321,openfacts
3432450001790,openfacts
3432450005415,openfacts
3432450005613,openfacts
3432450005897,openfacts
3432450005910,openfacts
3432450025505,openfacts
3432450062036,openfacts
3432450077382,openfacts
3432450106570,openfacts
3432450106754,openfacts
3432451083160,openfacts
3432451096405,openfacts
3432451961345,openfacts
3432452007868,openfacts
3432452011025,openfacts
3432454869716,openfacts
3432454960550,openfacts
3432454975561,openfacts
3432459939070,openfacts
3432459963044,openfacts
3432490003969,openfacts
3432598565550,openfacts
3432700000191,openfacts
3432700000405,openfacts
3432701218199,openfacts
3432707010759,openfacts
3432707515490,openfacts
3432749210582,openfacts
3432770000039,openfacts
3432770000046,openfacts
3432770000077,openfacts
3432770000084,openfacts
3432770000091,openfacts
3432770000114,openfacts
3432770000121,openfacts
3432770000152,openfacts
3432770000169,openfacts
3432770000176,openfacts
3432770000213,openfacts
3432770000220,openfacts
3432770000237,openfacts
3432770000275,openfacts
3432770000282,openfacts
3432770000350,openfacts
3432770000411,openfacts
3432770000961,openfacts
3432770001005,openfacts
3432770001555,openfacts
3432770001685,openfacts
3432770001753,openfacts
3432770002132,openfacts
3432770002217,openfacts
3432770002545,openfacts
3432770002569,openfacts
3432770002705,openfacts
3432770002712,openfacts
3432770002736,openfacts
3432770002750,openfacts
3432770002767,openfacts
3432770002781,openfacts
3432770002798,openfacts
3432770003283,openfacts
3432770003290,openfacts
3432770003306,openfacts
3432770003313,openfacts
3432770003320,openfacts
3432770003344,openfacts
3432770003542,openfacts
3432770003559,openfacts
3432770003573,openfacts
3432770004020,openfacts
3432770004044,openfacts
3432770004051,openfacts
3432770004822,openfacts
3432770005911,openfacts
3432770006000,openfacts
3432770006017,openfacts
3432770006024,openfacts
3432770006031,openfacts
3432770006055,openfacts
3432770006062,openfacts
3432770006178,openfacts
3432770006185,openfacts
3432770006192,openfacts
3432770007625,openfacts
3432770007649,openfacts
3432770007656,openfacts
3432770007663,openfacts
3432770007700,openfacts
3432770007717,openfacts
3432770010076,openfacts
3432770012001,openfacts
3432770012131,openfacts
3432770012766,openfacts
3432770013459,openfacts
3432770014692,openfacts
3432770014708,openfacts
3432770014715,openfacts
3432770015026,openfacts
3432770015309,openfacts
3432770015316,openfacts
3432770015507,openfacts
3432770016412,openfacts
3432770016443,openfacts
3432770016467,openfacts
3432770017624,openfacts
3432770017907,openfacts
3432770017921,openfacts
3432770017938,openfacts
3432770017945,openfacts
3432770017952,openfacts
3432770017969,openfacts
3432770018317,openfacts
3432770018324,openfacts
3432770018485,openfacts
3432770018720,openfacts
3432770018836,openfacts
3432770019154,openfacts
3432770020013,openfacts
3432770020020,openfacts
3432770020174,openfacts
3432770020181,openfacts
3432770020211,openfacts
3432770020242,openfacts
3432770020303,openfacts
3432770020624,openfacts
3432770020747,openfacts
3432770020822,openfacts
3432770020846,openfacts
3432770021447,openfacts
3432770021461,openfacts
3432770021485,openfacts
3432770021522,openfacts
3432770021553,openfacts
3432770021577,openfacts
3432770021607,openfacts
3432770021621,openfacts
3432770021638,openfacts
3432770021676,openfacts
3432770021683,openfacts
3432770021690,openfacts
3432770021706,openfacts
3432770021713,openfacts
3432770021720,openfacts
3432770021799,openfacts
3432770021836,openfacts
3432770021867,openfacts
3432770021881,openfacts
3432770021959,openfacts
3432770023984,openfacts
3432770024400,openfacts
3432770024448,openfacts
3432770024479,openfacts
3432770024608,openfacts
3432770024615,openfacts
3432770024882,openfacts
3432770025049,openfacts
3432770025056,openfacts
3432770025162,openfacts
3432770025186,openfacts
3432770025193,openfacts
3432770025209,openfacts
3432770025223,openfacts
3432770025247,openfacts
3432770025308,openfacts
3432770025773,openfacts
3432770025780,openfacts
3432770026039,openfacts
3432770026589,openfacts
3432770026671,openfacts
3432770026688,openfacts
3432770026695,openfacts
3432770026725,openfacts
3432770026756,openfacts
3432770026770,openfacts
3432770026817,openfacts
3432770027180,openfacts
3432770027197,openfacts
3432770027210,openfacts
3432770027234,openfacts
3432770029368,openfacts
3432770029436,openfacts
3432770029665,openfacts
3432770029764,openfacts
3432770030036,openfacts
3432770030050,openfacts
3432770030142,openfacts
3432770030227,openfacts
3432770030241,openfacts
3432770032061,openfacts
3432770032085,openfacts
3432770032535,openfacts
3432770032566,openfacts
3432770032597,openfacts
3432770032603,openfacts
3432770032696,openfacts
3432770032764,openfacts
3432770032801,openfacts
3432770032832,openfacts
3432770032849,openfacts
3432770032856,openfacts
3432770032870,openfacts
3432770032887,openfacts
3432770032900,openfacts
3432770032924,openfacts
3432770032948,openfacts
3432770032955,openfacts
3432770033020,openfacts
3432770033051,openfacts
3432770033075,openfacts
3432770033167,openfacts
3432770033174,openfacts
3432770033181,openfacts
3432770033242,openfacts
3432770033303,openfacts
3432770033341,openfacts
3432770033358,openfacts
3432770033365,openfacts
3432770033372,openfacts
3432770033402,openfacts
3432770033419,openfacts
3432770033426,openfacts
3432770033433,openfacts
3432770035833,openfacts
3432770035840,openfacts
3432770035857,openfacts
3432770036311,openfacts
3432770036380,openfacts
3432770036427,openfacts
3432770036434,openfacts
3432770036441,openfacts
3432770036625,openfacts
3432770038018,openfacts
3432770039312,openfacts
3432770039404,openfacts
3432770039411,openfacts
3432770039497,openfacts
3432770039503,openfacts
3432770039510,openfacts
3432770039527,openfacts
3432770039626,openfacts
3432770039657,openfacts
3432770039961,openfacts
3432770039992,openfacts
3432770040011,openfacts
3432770040028,openfacts
3432770040035,openfacts
3432770040066,openfacts
3432770040103,openfacts
3432770040141,openfacts
3432770040363,openfacts
3432770040370,openfacts
3432770040387,openfacts
3432770040752,openfacts
3432770042220,openfacts
3432770042855,openfacts
3432770042893,openfacts
3432770042909,openfacts
3432770043067,openfacts
3432770043081,openfacts
3432770043227,openfacts
3432770043241,openfacts
3432770043258,openfacts
3432770043265,openfacts
3432770043272,openfacts
3432770043333,openfacts
3432770043395,openfacts
3432770043425,openfacts
3432770043456,openfacts
3432770043722,openfacts
3432770043753,openfacts
3432770043777,openfacts
3432770043791,openfacts
3432770043845,openfacts
3432770043852,openfacts
3432770043869,openfacts
3432770043876,openfacts
3432770043883,openfacts
3432770043890,openfacts
3432770043906,openfacts
3432770043937,openfacts
3432770043944,openfacts
3432770043951,openfacts
3432770043982,openfacts
3432770043999,openfacts
3432770044019,openfacts
3432770044187,openfacts
3432770044194,openfacts
3432770044200,openfacts
3432770044217,openfacts
3432770044224,openfacts
3432770044231,openfacts
3432770045443,openfacts
3432770045467,openfacts
3432770045474,openfacts
3432770045481,openfacts
3432770045498,openfacts
3432770045504,openfacts
3432770045511,openfacts
3432770045535,openfacts
3432770045542,openfacts
3432770045559,openfacts
3432770045566,openfacts
3432770045573,openfacts
3432770045948,openfacts
3432770046365,openfacts
3432770046389,openfacts
3432770046402,openfacts
3432770046754,openfacts
3432770047119,openfacts
3432770047171,openfacts
3432770047188,openfacts
3432770047225,openfacts
3432770047973,openfacts
3432770047997,openfacts
3432770048055,openfacts
3432770048178,openfacts
3432770048185,openfacts
3432770048277,openfacts
3432770048291,openfacts
3432770048307,openfacts
3432770048314,openfacts
3432770048475,openfacts
3432770048499,openfacts
3432770048512,openfacts
3432770048529,openfacts
3432770048536,openfacts
3432770048543,openfacts
3432770048604,openfacts
3432770048635,openfacts
3432770048642,openfacts
3432770048673,openfacts
3432770048680,openfacts
3432770048697,openfacts
3432770048703,openfacts
3432770048840,openfacts
3432770048895,openfacts
3432770048901,openfacts
3432770048918,openfacts
3432770048932,openfacts
3432770048963,openfacts
3432770048970,openfacts
3432770048987,openfacts
3432770048994,openfacts
3432770049007,openfacts
3432770049052,openfacts
3432770049069,openfacts
3432770049724,openfacts
3432770050232,openfacts
3432770050249,openfacts
3432770050263,openfacts
3432770050539,openfacts
3432770050546,openfacts
3432770050553,openfacts
3432770050560,openfacts
3432770050577,openfacts
3432770050584,openfacts
3432770050607,openfacts
3432770050621,openfacts
3432770050638,openfacts
3432770050645,openfacts
3432770050652,openfacts
3432770050676,openfacts
3432770052373,openfacts
3432770052380,openfacts
3432770052410,openfacts
3432770052427,openfacts
3432770052465,openfacts
3432770052564,openfacts
3432770052588,openfacts
3432770052601,openfacts
3432770052618,openfacts
3432770052625,openfacts
3432770052755,openfacts
3432770052779,openfacts
3432770053097,openfacts
3432770053103,openfacts
3432770053110,openfacts
3432770053127,openfacts
3432770053189,openfacts
3432770053196,openfacts
3432770053219,openfacts
3432770053226,openfacts
3432770053233,openfacts
3432770053264,openfacts
3432770053271,openfacts
3432770054476,openfacts
3432770055411,openfacts
3432770055633,openfacts
3432770056425,openfacts
3432770056432,openfacts
3432770056494,openfacts
3432770056661,openfacts
3432770056708,openfacts
3432770056777,openfacts
3432770056784,openfacts
3432770056807,openfacts
3432770056913,openfacts
3432770056937,openfacts
3432770056944,openfacts
3432770056951,openfacts
3432770056968,openfacts
3432770056975,openfacts
3432770057231,openfacts
3432770057583,openfacts
3432770057590,openfacts
3432770057934,openfacts
3432770057941,openfacts
3432770057965,openfacts
3432770057972,openfacts
3432770058351,openfacts
3432770058368,openfacts
3432770058665,openfacts
3432770060040,openfacts
3432770060057,openfacts
3432770060170,openfacts
3432770060293,openfacts
3432770060415,openfacts
3432770061030,openfacts
3432770062136,openfacts
3432770062587,openfacts
3432770062617,openfacts
3432770062631,openfacts
3432770062655,openfacts
3432770062679,openfacts
3432770062716,openfacts
3432770062730,openfacts
3432770062754,openfacts
3432770062952,openfacts
3432770063096,openfacts
3432770063256,openfacts
3432770063416,openfacts
3432770063454,openfacts
3432770063461,openfacts
3432770063478,openfacts
3432770063485,openfacts
3432770063508,openfacts
3432770063522,openfacts
3432770063560,openfacts
3432770063706,openfacts
3432770063720,openfacts
3432770063737,openfacts
3432770063928,openfacts
3432770063942,openfacts
3432770063959,openfacts
3432770064017,openfacts
3432770064055,openfacts
3432770064079,openfacts
3432770064086,openfacts
3432770064734,openfacts
3432770065014,openfacts
3432770065021,openfacts
3432770065083,openfacts
3432770066257,openfacts
3432770066431,openfacts
3432770066936,openfacts
3432770066943,openfacts
3432770067223,openfacts
3432770067582,openfacts
3432770067599,openfacts
3432770067605,openfacts
3432770067957,openfacts
3432770067964,openfacts
3432770067971,openfacts
3432770068084,openfacts
3432770068138,openfacts
3432770068312,openfacts
3432770068343,openfacts
3432770068374,openfacts
3432770069319,openfacts
3432770069340,openfacts
3432770070063,openfacts
3432770071206,openfacts
3432770071213,openfacts
3432770072333,openfacts
3432770072357,openfacts
3432770072432,openfacts
3432770073866,openfacts
3432770075518,openfacts
3432770077932,openfacts
3432770164984,openfacts
3432770407005,openfacts
3432780015283,openfacts
3432780017454,openfacts
3432780019922,openfacts
3432830000054,openfacts
3432830000078,openfacts
3432830000085,openfacts
3432830000610,openfacts
3432830000900,openfacts
3432831000008,openfacts
3432851201669,openfacts
3432852001664,openfacts
3432870000014,openfacts
3432900052013,openfacts
3432911234323,openfacts
3432911234514,openfacts
3432911234521,openfacts
3432911234606,openfacts
3432911234910,openfacts
3432920017085,openfacts
3432920023031,openfacts
3432920028067,openfacts
3433110000016,openfacts
3433110000023,openfacts
3433110000085,openfacts
3433110000191,openfacts
3433110000207,openfacts
3433110000351,openfacts
3433110000405,openfacts
3433110000412,openfacts
3433110000573,openfacts
3433110000634,item_master
3433110000658,openfacts
3433110000719,openfacts
3433110000788,openfacts
3433110001303,openfacts
3433110001358,openfacts
3433110001365,openfacts
3433110001372,openfacts
3433110001389,openfacts
3433110001648,openfacts
3433110001655,item_master
3433110001662,openfacts
3433110001679,openfacts
3433110001693,openfacts
3433110001907,item_master
3433110001969,openfacts
3433110002003,openfacts
3433110002010,openfacts
3433110002089,openfacts
3433110002249,openfacts
3433110002577,openfacts
3433110002836,openfacts
3433110002942,openfacts
3433110002959,openfacts
3433110002966,openfacts
3433110003178,openfacts
3433110003215,openfacts
3433110003222,openfacts
3433110003239,openfacts
3433110003253,openfacts
3433110003307,openfacts
3433110003437,openfacts
3433110003604,openfacts
3433110010749,openfacts
3433110012194,openfacts
3433110012644,openfacts
3433110013184,openfacts
3433110013221,openfacts
3433110013269,openfacts
3433110013948,openfacts
3433110015065,openfacts
3433110018936,openfacts
3433110018967,openfacts
3433110019018,openfacts
3433110019117,openfacts
3433110019124,openfacts
3433110019179,openfacts
3433110019261,openfacts
3433110019926,openfacts
3433110020861,openfacts
3433110021356,openfacts
3433110026009,openfacts
3433110062588,openfacts
3433120020103,openfacts
3433120020158,openfacts
3433120020417,openfacts
3433120020431,openfacts
3433120201021,openfacts
3433210002019,openfacts
3433210005010,openfacts
3433220002269,openfacts
3433221004347,openfacts
3433260301018,openfacts
3433280000113,openfacts
3433280000151,openfacts
3433280000175,openfacts
3433280000182,openfacts
3433280000274,openfacts
3433280000403,openfacts
3433280000427,openfacts
3433280000434,openfacts
3433280000441,openfacts
3433280000465,openfacts
3433280000502,openfacts
3433280000519,openfacts
3433280000526,openfacts
3433280000595,openfacts
3433280000649,openfacts
3433290753757,openfacts
3433322226693,openfacts
3433323212213,openfacts
3433330041226,openfacts
3433330052451,openfacts
3433330053236,openfacts
3433330055216,openfacts
3433330056442,openfacts
3433330058439,openfacts
3433330059733,openfacts
3433330060074,openfacts
3433330061873,openfacts
3433330063808,openfacts
3433330063952,openfacts
3433330064676,openfacts
3433330065475,openfacts
3433330067042,openfacts
3433330067998,openfacts
3433330075481,openfacts
3433330084742,openfacts
3433338550935,openfacts
3433347036222,openfacts
3433347036239,openfacts
3433422400047,openfacts
3433422401907,openfacts
3433422403376,openfacts
3433422403673,openfacts
3433422404366,openfacts
3433422404397,openfacts
3433422404533,openfacts
3433422406599,openfacts
3433422406704,openfacts
3433422406728,openfacts
3433422406834,openfacts
3433422407909,openfacts
3433422408159,openfacts
3433422408203,openfacts
3433424715859,openfacts
3433425164625,openfacts
3433425235349,openfacts
3433425269252,openfacts
3433425349701,openfacts
3433425427553,openfacts
3433450104306,openfacts
3433450104313,openfacts
3433450104832,openfacts
3433450105006,openfacts
3433450105198,openfacts
3433450105303,openfacts
3433450105488,openfacts
3433450105495,openfacts
3433450105747,openfacts
3433450105976,openfacts
3433450106065,openfacts
3433450106140,openfacts
3433450106164,openfacts
3433450106447,openfacts
3433450106461,openfacts
3433450106867,openfacts
3433450107000,openfacts
3433450107017,openfacts
3433450107178,openfacts
3433560000161,openfacts
3433620019928,openfacts
3433651211001,openfacts
3433652120005,openfacts
3433652121002,openfacts
3433653110005,openfacts
3433655110003,openfacts
3433656080008,openfacts
3433657100002,openfacts
3433664155354,openfacts
3433700008170,openfacts
3433700008187,openfacts
3433700008194,openfacts
3433700008231,openfacts
3433700008262,openfacts
3433700008354,openfacts
3433700008361,openfacts
3433700008385,openfacts
3433700008392,openfacts
3433700008408,openfacts
3433700008415,openfacts
3433700008576,openfacts
3433700008590,openfacts
3433700008606,openfacts
3433700008613,openfacts
3433700008699,openfacts
3433700008705,openfacts
3433700008729,openfacts
3433700008828,openfacts
3433700008859,openfacts
3433700008866,openfacts
3433700008873,openfacts
3433700008880,openfacts
3433700014348,openfacts
3433700014423,openfacts
3433700015130,openfacts
3433700015147,openfacts
3433700016007,openfacts
3433700016069,openfacts
3433700016281,openfacts
3433700016533,openfacts
3433700016779,openfacts
3433700016977,openfacts
3433700017059,openfacts
3433700018612,openfacts
3433700018797,openfacts
3433700019701,openfacts
3433700020172,openfacts
3433700020240,openfacts
3433700020851,openfacts
3433700021629,openfacts
3433700021636,openfacts
3433700021643,openfacts
3433700021650,openfacts
3433700021803,openfacts
3433700021810,openfacts
3433700022176,openfacts
3433700022909,openfacts
3433700023951,openfacts
3433700024286,openfacts
3433700024613,openfacts
3433700024798,openfacts
3433700024811,openfacts
3433700024934,openfacts
3433700025009,openfacts
3433700025214,openfacts
3433700025443,openfacts
3433700025467,openfacts
3433722000022,openfacts
3433723414033,openfacts
3433764142896,openfacts
3433791013008,openfacts
3433791013602,openfacts
3433791015002,openfacts
3433840177347,openfacts
3433871210167,openfacts
3433871210198,openfacts
3433871210211,openfacts
3433871230189,openfacts
3433871230257,openfacts
3433871240010,openfacts
3433871240027,openfacts
3433871240034,openfacts
3433871240041,openfacts
3433871240058,openfacts
3433871240065,openfacts
3433871240072,openfacts
3433871240089,openfacts
3433871240096,openfacts
3433871240102,openfacts
3433871240119,openfacts
3433871240133,openfacts
3433871240140,openfacts
3433871240157,openfacts
3433871240164,openfacts
3433871250019,openfacts
3433871250026,openfacts
3433871250033,openfacts
3433871250040,openfacts
3433871250057,openfacts
3433871250064,openfacts
3433871250071,openfacts
3433871250088,openfacts
3433871250095,openfacts
3433871250101,openfacts
3433871250118,openfacts
3433871250125,openfacts
3433871250132,openfacts
3433871250149,openfacts
3433871250156,openfacts
3433871250163,openfacts
3433871250170,openfacts
3433871250187,openfacts
3433871250194,openfacts
3433871250200,openfacts
3433871250217,openfacts
3433871250224,openfacts
3433871250231,openfacts
3433871250248,openfacts
3433872400000,openfacts
3433872400017,openfacts
3433872400031,openfacts
3433872400048,openfacts
3433872400055,openfacts
3433872511195,openfacts
3433872511218,openfacts
3433872511263,openfacts
3433872520173,openfacts
3433872520760,openfacts
3433872520807,openfacts
3433872520852,openfacts
3433872520869,openfacts
3433874800013,openfacts
3433874800020,openfacts
3433874800037,openfacts
3433874800044,openfacts
3433874800051,openfacts
3433877510025,item_master
3433877510049,openfacts
3433877510056,openfacts
3433877510063,openfacts
3433877510117,item_master
3433877510124,openfacts
3433877510148,openfacts
3433877510179,item_master
3433877510186,openfacts
3433877510193,openfacts
3433877510209,openfacts
3433877510223,openfacts
3433877510230,item_master
3433877510278,item_master
3433877510292,item_master
3433877510308,openfacts
3433877510315,openfacts
3433877510322,openfacts
3433877510339,openfacts
3433877510346,openfacts
3433877510353,openfacts
3433877510360,openfacts
3433877510377,openfacts
3433877510384,openfacts
3433877510391,openfacts
3433877510407,openfacts
3433877510414,openfacts
3433877520017,item_master
3433877520048,openfacts
3433877520116,openfacts
3433877520123,item_master
3433877520130,openfacts
3433877520147,item_master
3433877520154,item_master
3433877520161,openfacts
3433877520192,openfacts
3433877520208,openfacts
3433877520215,item_master
3433877520239,item_master
3433877520246,item_master
3433877520253,item_master
3433877520260,item_master
3433877520277,openfacts
3433877520284,openfacts
3433877520291,openfacts
3433877520307,openfacts
3433877520314,openfacts
3433877520338,openfacts
3433877520345,openfacts
3433877520352,openfacts
3433939303633,openfacts
3433960750109,openfacts
3433960751205,openfacts
3433987071720,openfacts
3433990001059,openfacts
3433990001097,openfacts
3433990001158,openfacts
3433990001172,openfacts
3433991000006,openfacts
3434030000100,openfacts
3434030002906,openfacts
3434030002913,openfacts
3434030004627,openfacts
3434030006010,openfacts
3434030006591,openfacts
3434030006614,openfacts
3434030008663,openfacts
3434030008854,openfacts
3434030010109,openfacts
3434030016408,openfacts
3434030016989,openfacts
3434030018242,openfacts
3434030019294,openfacts
3434030021563,openfacts
3434030023413,openfacts
3434030025233,openfacts
3434030025912,openfacts
3434030029682,openfacts
3434030030091,openfacts
3434030035553,openfacts
3434030045811,openfacts
3434030062009,openfacts
3434030062108,openfacts
3434030062405,openfacts
3434030062504,openfacts
3434030062603,openfacts
3434030080102,openfacts
3434030610033,openfacts
3434032384307,openfacts
3434033361505,openfacts
3434100000016,openfacts
3434100000023,openfacts
3434100000160,openfacts
3434100002102,openfacts
3434100003031,openfacts
3434100003321,openfacts
3434100003710,openfacts
3434100004410,openfacts
3434100004496,openfacts
3434100004519,openfacts
3434100004571,openfacts
3434100004809,openfacts
3434100004816,openfacts
3434100005905,openfacts
3434100010428,openfacts
3434100014426,openfacts
3434100015553,openfacts
3434100015676,openfacts
3434100015683,openfacts
3434100016512,openfacts
3434100072587,openfacts
3434100072631,openfacts
3434100072785,openfacts
3434100073447,openfacts
3434100073454,openfacts
3434100073461,openfacts
3434100075229,openfacts
3434100075359,openfacts
3434100076981,openfacts
3434100077322,openfacts
3434100077421,openfacts
3434100077650,openfacts
3434100077667,openfacts
3434100082463,openfacts
3434100604207,openfacts
3434100907650,openfacts
3434102808139,openfacts
3434103008217,openfacts
3434133081969,openfacts
3434160005259,openfacts
3434164005910,openfacts
3434180000050,openfacts
3434180000258,openfacts
3434180000302,openfacts
3434221540002,openfacts
3434221540095,openfacts
3434221542556,openfacts
3434221543102,openfacts
3434221543126,openfacts
3434221543140,openfacts
3434221543164,openfacts
3434221543171,openfacts
3434221543201,openfacts
3434221543218,openfacts
3434221543225,openfacts
3434221543263,openfacts
3434221543270,openfacts
3434221543287,openfacts
3434221543294,openfacts
3434221543317,openfacts
3434221543324,openfacts
3434221543331,openfacts
3434221543348,openfacts
3434221543386,openfacts
3434221543416,openfacts
3434221543423,openfacts
3434221543478,openfacts
3434221543515,openfacts
3434221543522,openfacts
3434221543539,openfacts
3434221543560,openfacts
3434221543584,openfacts
3434221543607,openfacts
3434221543621,openfacts
3434221543638,openfacts
3434221543690,openfacts
3434221543737,openfacts
3434221543751,openfacts
3434221543799,openfacts
3434221543805,openfacts
3434221543843,openfacts
3434221543867,openfacts
3434221543881,openfacts
3434221543898,openfacts
3434221543904,openfacts
3434221543966,openfacts
3434221543973,openfacts
3434221545076,openfacts
3434221545243,openfacts
3434221546073,openfacts
3434221546103,openfacts
3434221546141,openfacts
3434221549005,openfacts
3434221549012,openfacts
3434221570115,openfacts
3434345871112,openfacts
3434350000019,openfacts
3434350000026,openfacts
3434350000033,openfacts
3434350000040,openfacts
3434350000057,openfacts
3434350000064,openfacts
3434350000071,openfacts
3434350000088,openfacts
3434350000163,openfacts
3434350000231,openfacts
3434350000248,openfacts
3434350000255,openfacts
3434350000262,openfacts
3434350000279,openfacts
3434350000460,openfacts
3434350000989,openfacts
3434350001061,openfacts
3434350001085,openfacts
3434350001511,openfacts
3434350001757,openfacts
3434350001818,openfacts
3434350001979,openfacts
3434350001986,openfacts
3434350003300,openfacts
3434350003881,openfacts
3434350003973,openfacts
3434350003980,openfacts
3434350003997,openfacts
3434350004666,openfacts
3434350004734,openfacts
3434350004819,openfacts
3434350004994,openfacts
3434350005175,openfacts
3434350005724,openfacts
3434350005762,openfacts
3434350005786,openfacts
3434350005793,openfacts
3434350005809,openfacts
3434350005816,openfacts
3434350006035,openfacts
3434350006042,openfacts
3434350006394,openfacts
3434350006684,item_master
3434350006691,item_master
3434350006707,openfacts
3434350006714,openfacts
3434350006813,openfacts
3434350007018,openfacts
3434350007032,openfacts
3434350007049,openfacts
3434350007063,openfacts
3434350007087,openfacts
3434350007100,openfacts
3434350007117,openfacts
3434350007179,openfacts
3434350007261,openfacts
3434350007285,openfacts
3434350007339,openfacts
3434350007391,openfacts
3434350007407,openfacts
3434350007414,openfacts
3434350007421,openfacts
3434350007469,openfacts
3434350007483,openfacts
3434350007490,openfacts
3434350007513,openfacts
3434350007520,openfacts
3434350007605,openfacts
3434350007612,openfacts
3434350007650,openfacts
3434350444417,openfacts
3434350446473,openfacts
3434380000164,openfacts
3434380000287,openfacts
3434380000324,openfacts
3434380000430,openfacts
3434380000720,openfacts
3434380001031,openfacts
3434380001147,openfacts
3434380001161,openfacts
3434380001680,openfacts
3434380002878,openfacts
3434380002885,openfacts
3434380002908,openfacts
3434380002922,openfacts
3434380002939,openfacts
3434380003691,openfacts
3434380003707,openfacts
3434380003714,openfacts
3434380003721,openfacts
3434380003745,openfacts
3434380003943,openfacts
3434380003967,openfacts
3434380003974,openfacts
3434380004346,openfacts
3434380004551,openfacts
3434380004650,openfacts
3434380004711,openfacts
3434380004995,openfacts
3434380005008,openfacts
3434380005329,openfacts
3434380005336,openfacts
3434380005664,openfacts
3434380005718,openfacts
3434380006128,openfacts
3434380006210,openfacts
3434380006401,openfacts
3434380006692,openfacts
3434380006869,openfacts
3434380020605,openfacts
3434380020612,openfacts
3434380020643,openfacts
3434380021367,openfacts
3434380021497,openfacts
3434380021817,openfacts
3434380021831,openfacts
3434380021848,openfacts
3434380021855,openfacts
3434380021862,openfacts
3434380021886,openfacts
3434380021893,openfacts
3434380021909,openfacts
3434380021916,openfacts
3434380021930,openfacts
3434380021947,openfacts
3434380022166,openfacts
3434380022173,openfacts
3434380022180,openfacts
3434380022197,openfacts
3434380022203,openfacts
3434380022272,openfacts
3434380022326,openfacts
3434380022371,openfacts
3434380022388,openfacts
3434380022401,openfacts
3434380022418,openfacts
3434380022425,openfacts
3434380022531,openfacts
3434380022685,openfacts
3434380022692,openfacts
3434380022722,openfacts
3434380022739,openfacts
3434380022746,openfacts
3434380022753,openfacts
3434380022777,openfacts
3434380022784,openfacts
3434380022807,openfacts
3434380022814,openfacts
3434380022937,openfacts
3434380022944,openfacts
3434380022951,openfacts
3434380022968,openfacts
3434380022975,openfacts
3434380022999,openfacts
3434380023002,openfacts
3434380023033,openfacts
3434380023040,openfacts
3434380023064,openfacts
3434380023071,openfacts
3434380023088,openfacts
3434380023156,openfacts
3434380023187,openfacts
3434380023194,openfacts
3434380023248,openfacts
3434380023347,openfacts
3434380023354,openfacts
3434380023361,openfacts
3434380023385,openfacts
3434380023460,openfacts
3434380023491,openfacts
3434380023606,openfacts
3434380023668,openfacts
3434384122220,openfacts
3434384188226,openfacts
3434384444049,openfacts
3434389110222,openfacts
3434410000799,openfacts
3434410002311,item_master
3434410002632,item_master
3434410002649,item_master
3434410002663,item_master
3434410002670,item_master
3434410002694,item_master
3434410002755,item_master
3434410002786,item_master
3434410002793,item_master
3434410002878,item_master
3434410002991,item_master
3434410003004,item_master
3434410003028,item_master
3434410003059,item_master
3434410003066,item_master
3434410003080,item_master
3434410003097,item_master
3434410003110,item_master
3434410003172,item_master
3434410003202,item_master
3434410003264,item_master
3434410003295,item_master
3434410003325,item_master
3434410003356,item_master
3434410003387,item_master
3434410003417,item_master
3434410003448,item_master
3434410003509,item_master
3434410003530,item_master
3434410003561,item_master
3434410003578,item_master
3434410003592,item_master
3434410003653,item_master
3434410003684,item_master
3434410003745,item_master
3434410003769,item_master
3434410003776,item_master
3434410003806,item_master
3434410003868,item_master
3434410003899,item_master
3434410003912,item_master
3434410003950,item_master
3434410004018,item_master
3434410004049,item_master
3434410004070,item_master
3434410004100,item_master
3434410004131,item_master
3434410004155,item_master
3434410004162,item_master
3434410004292,item_master
3434410004308,item_master
3434410004360,item_master
3434410004377,item_master
3434410004384,openfacts
3434410004490,item_master
3434410004506,item_master
3434410004520,item_master
3434410004544,item_master
3434410004551,item_master
3434410004612,item_master
3434410004728,item_master
3434410004803,item_master
3434410004810,item_master
3434410004827,item_master
3434410004834,item_master
3434410004964,item_master
3434410005039,item_master
3434410005275,item_master
3434410005282,item_master
3434410005299,item_master
3434410005749,item_master
3434410005756,item_master
3434410005787,item_master
3434410005794,item_master
3434410005800,item_master
3434410005862,item_master
3434410005916,item_master
3434410008894,openfacts
3434410008900,openfacts
3434410008917,openfacts
3434410008924,openfacts
3434410008931,openfacts
3434410008955,openfacts
3434410008962,openfacts
3434410008979,openfacts
3434410008986,openfacts
3434410009006,openfacts
3434410009013,openfacts
3434410009099,openfacts
3434410009167,openfacts
3434410009174,openfacts
3434410009242,openfacts
3434410009730,openfacts
3434410013041,openfacts
3434410013096,openfacts
3434410013348,item_master
3434410013379,openfacts
3434410013393,item_master
3434410013508,item_master
3434410013515,item_master
3434410013522,item_master
3434410013539,item_master
3434410013546,item_master
3434410013553,item_master
3434410013560,item_master
3434410013577,item_master
3434410013584,item_master
3434410013591,item_master
3434410013607,item_master
3434410013614,item_master
3434410013621,item_master
3434410013645,item_master
3434410013652,item_master
3434410013669,item_master
3434410013676,item_master
3434410013683,item_master
3434410013690,item_master
3434410013706,item_master
3434410013713,item_master
3434410013720,item_master
3434410013737,item_master
3434410013744,item_master
3434410013768,item_master
3434410014529,item_master
3434410014550,item_master
3434410014703,item_master
3434410014741,item_master
3434410014758,item_master
3434410015625,openfacts
3434410016301,item_master
3434410017148,item_master
3434410018138,item_master
3434410018152,item_master
3434410018176,item_master
3434410018220,item_master
3434410020773,openfacts
3434410021312,openfacts
3434410021336,openfacts
3434410022456,openfacts
3434410023712,item_master
3434410024832,openfacts
3434410024870,openfacts
3434410025723,openfacts
3434410025730,openfacts
3434410026447,openfacts
3434410030284,openfacts
3434410031137,openfacts
3434410031144,openfacts
3434410032165,openfacts
3434410036484,openfacts
3434410037498,item_master
3434410037504,item_master
3434410037511,item_master
3434410037528,item_master
3434410037641,item_master
3434410038068,openfacts
3434410038686,openfacts
3434410038921,openfacts
3434410040610,item_master
3434410040634,item_master
3434410040887,item_master
3434410041402,item_master
3434410041679,openfacts
3434410042546,openfacts
3434410044014,openfacts
3434410044274,item_master
3434410045189,openfacts
3434410046438,openfacts
3434410046636,openfacts
3434410046698,openfacts
3434410046704,openfacts
3434410046889,openfacts
3434410047268,item_master
3434410048715,item_master
3434410048722,item_master
3434410048739,item_master
3434410048746,item_master
3434410048753,item_master
3434410048760,item_master
3434410048777,item_master
3434410048784,item_master
3434410048791,item_master
3434410048807,item_master
3434410049460,openfacts
3434410049477,openfacts
3434410049484,openfacts
3434410049521,item_master
3434410049798,openfacts
3434410049835,item_master
3434410049842,item_master
3434410049880,item_master
3434410056789,openfacts
3434410057069,item_master
3434410057083,item_master
3434410057441,item_master
3434410057458,item_master
3434410057472,item_master
3434410057489,item_master
3434410057557,item_master
3434410057755,item_master
3434410057762,item_master
3434410057786,item_master
3434410057793,item_master
3434410057809,item_master
3434410057816,item_master
3434410057823,item_master
3434410058967,openfacts
3434410059070,openfacts
3434410059346,openfacts
3434410059780,openfacts
3434410060168,openfacts
3434410061790,item_master
3434410064463,openfacts
3434410065439,openfacts
3434410065460,openfacts
3434410065484,openfacts
3434410066160,openfacts
3434410067303,openfacts
3434410067310,openfacts
3434410067327,openfacts
3434410067334,openfacts
3434410067358,openfacts
3434410067365,openfacts
3434410067402,openfacts
3434410067532,openfacts
3434410068133,openfacts
3434410068164,openfacts
3434410068195,openfacts
3434410071027,openfacts
3434410071096,openfacts
3434410071546,openfacts
3434410071553,openfacts
3434410071614,openfacts
3434410071621,openfacts
3434410071645,openfacts
3434410071652,openfacts
3434410071744,openfacts
3434410071751,openfacts
3434410071768,openfacts
3434410071812,openfacts
3434410071904,openfacts
3434410072017,openfacts
3434410072406,openfacts
3434410072413,openfacts
3434410072567,openfacts
3434410072574,openfacts
3434410072581,openfacts
3434410072611,openfacts
3434410072628,openfacts
3434410072819,openfacts
3434410072833,openfacts
3434410072864,item_master
3434410072888,item_master
3434410072895,openfacts
3434410072963,openfacts
3434410072987,openfacts
3434410073014,openfacts
3434410073175,openfacts
3434410073182,openfacts
3434410073199,openfacts
3434410073595,openfacts
3434410073601,openfacts
3434410073618,openfacts
3434410073694,openfacts
3434410073724,openfacts
3434410073731,openfacts
3434410073847,openfacts
3434410073991,openfacts
3434410074004,openfacts
3434410074011,openfacts
3434410074028,openfacts
3434410074035,openfacts
3434410074189,openfacts
3434410074257,openfacts
3434410074264,openfacts
3434410074288,openfacts
3434410074707,openfacts
3434410074745,openfacts
3434410074752,openfacts
3434410074769,openfacts
3434410074776,openfacts
3434410074851,openfacts
3434410074868,openfacts
3434410074912,openfacts
3434410074929,item_master
3434410074936,openfacts
3434410075117,openfacts
3434410075124,openfacts
3434410075155,item_master
3434410075209,openfacts
3434410075216,openfacts
3434410075247,openfacts
3434410075254,item_master
3434410075261,item_master
3434410075292,item_master
3434410075407,openfacts
3434410075476,openfacts
3434410075483,openfacts
3434410075537,openfacts
3434410075582,openfacts
3434410075667,openfacts
3434410075681,item_master
3434410075698,openfacts
3434410075711,item_master
3434410075728,item_master
3434410075735,openfacts
3434410075803,openfacts
3434410075865,openfacts
3434410075926,openfacts
3434410075957,openfacts
3434410075964,openfacts
3434410075971,openfacts
3434410075988,openfacts
3434410076121,openfacts
3434410076237,openfacts
3434410076244,openfacts
3434410076305,openfacts
3434410076343,openfacts
3434410076404,openfacts
3434410076466,openfacts
3434410076497,openfacts
3434410076503,openfacts
3434410076541,openfacts
3434410076633,openfacts
3434410076657,openfacts
3434410076718,openfacts
3434410076725,openfacts
3434410076749,openfacts
3434410076824,openfacts
3434410076855,openfacts
3434410076947,openfacts
3434410076961,openfacts
3434410076978,openfacts
3434410076985,openfacts
3434410077074,openfacts
3434410077081,openfacts
3434410077173,openfacts
3434410077296,openfacts
3434410077364,openfacts
3434410077371,openfacts
3434410077388,openfacts
3434410077401,openfacts
3434410077517,openfacts
3434410077524,openfacts
3434410077531,openfacts
3434410077548,openfacts
3434410077555,openfacts
3434410077562,openfacts
3434410077616,openfacts
3434410077739,openfacts
3434410077784,openfacts
3434410077838,openfacts
3434410078026,openfacts
3434410078163,openfacts
3434410078316,openfacts
3434414501070,openfacts
3434414501094,openfacts
3434415001005,openfacts
3434415500102,openfacts
3434431121015,openfacts
3434431276647,openfacts
3434432141012,openfacts
3434470142224,openfacts
3434470393589,openfacts
3434470393602,openfacts
3434470417148,openfacts
3434470439942,openfacts
3434470441051,openfacts
3434470443291,openfacts
3434470483471,openfacts
3434470520411,openfacts
3434470590209,openfacts
3434470598717,openfacts
3434470637119,openfacts
3434470705832,openfacts
3434470711840,openfacts
3434470900077,openfacts
3434470939275,openfacts
3434470966837,openfacts
3434470967292,openfacts
3434470970520,openfacts
3434470997541,openfacts
3434471008123,openfacts
3434471015480,openfacts
3434471050115,openfacts
3434471051181,openfacts
3434471051273,openfacts
3434471053345,openfacts
3434471081362,openfacts
3434471082727,openfacts
3434471158590,openfacts
3434471170349,openfacts
3434471170684,openfacts
3434471170745,openfacts
3434471179939,openfacts
3434471230685,openfacts
3434471251802,openfacts
3434471483234,openfacts
3434484254678,openfacts
3434487107070,openfacts
3434487711871,openfacts
3434487735204,openfacts
3434520000009,openfacts
3434520000023,openfacts
3434520000047,openfacts
3434520548754,openfacts
3434550375283,openfacts
3434590005447,openfacts
3434590007403,openfacts
3434590007434,openfacts
3434590016702,openfacts
3434590024493,openfacts
3434590025872,openfacts
3434590025889,openfacts
3434590035567,openfacts
3434590043814,openfacts
3434590043838,openfacts
3434590214030,openfacts
3434590215075,openfacts
3434590215259,openfacts
3434590302164,openfacts
3434590310077,openfacts
3434590310084,openfacts
3434590311074,openfacts
3434590313160,openfacts
3434590313658,openfacts
3434590314655,openfacts
3434590325163,openfacts
3434590330136,openfacts
3434590335315,openfacts
3434590335780,openfacts
3434590400815,openfacts
3434590400877,openfacts
3434590405575,openfacts
3434590415147,openfacts
3434590415239,openfacts
3434590415246,openfacts
3434590415253,openfacts
3434590415260,openfacts
3434590415277,openfacts
3434590415284,openfacts
3434590415291,openfacts
3434590415307,openfacts
3434590415529,openfacts
3434590415550,openfacts
3434590420356,openfacts
3434590420370,openfacts
3434590420387,openfacts
3434590420394,openfacts
3434590420400,openfacts
3434590420424,openfacts
3434590420943,openfacts
3434590422169,openfacts
3434590423548,openfacts
3434590423623,openfacts
3434590423838,openfacts
3434590424323,openfacts
3434590426259,openfacts
3434590429144,openfacts
3434590508757,openfacts
3434590522838,openfacts
3434590901329,openfacts
3434590901374,openfacts
3434590901459,openfacts
3434590901497,openfacts
3434592102809,openfacts
3434600000400,openfacts
3434608762157,openfacts
3434700100086,openfacts
3434700100185,openfacts
3434700100352,openfacts
3434700100802,openfacts
3434700101038,openfacts
3434700101045,openfacts
3434700101229,openfacts
3434700101236,openfacts
3434700101250,openfacts
3434700101298,openfacts
3434700101342,openfacts
3434700101373,openfacts
3434700101380,openfacts
3434700101397,openfacts
3434700101434,openfacts
3434700101489,openfacts
3434701014672,openfacts
3434701014696,openfacts
3434701014757,openfacts
3434701014849,openfacts
3434702590007,openfacts
3434702590106,openfacts
3434702590205,openfacts
3434703093590,openfacts
3434707591009,openfacts
3434730737030,item_master
3434741200516,openfacts
3434790115076,openfacts
3434830013027,openfacts
3434830013034,openfacts
3434830013058,openfacts
3434830013065,openfacts
3434830014024,openfacts
3434830014031,openfacts
3434830014055,openfacts
3434830014062,openfacts
3434830014086,openfacts
3434830015052,openfacts
3434880006246,openfacts
3434880006710,openfacts
3434880007984,openfacts
3434880008141,openfacts
3434880008271,openfacts
3434880008509,openfacts
3434880008608,openfacts
3434880008950,openfacts
3434880009148,openfacts
3434880009209,openfacts
3434880009216,openfacts
3434889008999,openfacts
3434890000036,openfacts
3434890000135,openfacts
3434890020010,openfacts
3434891050023,openfacts
3434896050028,openfacts
3434970000017,openfacts
3434970000024,openfacts
3434970000062,openfacts
3435020001909,openfacts
3435020003996,openfacts
3435020007109,openfacts
3435020007604,openfacts
3435020007802,openfacts
3435020008304,openfacts
3435020008403,openfacts
3435020008618,openfacts
3435020009165,openfacts
3435020009295,openfacts
3435020009806,openfacts
3435020017092,openfacts
3435020020306,openfacts
3435020021907,openfacts
3435020022508,openfacts
3435020025967,openfacts
3435020026445,openfacts
3435020026513,openfacts
3435020026520,openfacts
3435020028364,openfacts
3435020028388,openfacts
3435020028395,openfacts
3435020028401,openfacts
3435020028869,openfacts
3435020028937,openfacts
3435020029323,openfacts
3435020029989,openfacts
3435020029996,openfacts
3435020030022,openfacts
3435020030213,openfacts
3435020030527,openfacts
3435020031715,openfacts
3435020034006,openfacts
3435020034228,openfacts
3435020034464,openfacts
3435020034556,openfacts
3435020035010,openfacts
3435020035027,openfacts
3435020035409,openfacts
3435020036123,openfacts
3435020036185,openfacts
3435020036574,openfacts
3435020037243,openfacts
3435020037410,openfacts
3435020038523,openfacts
3435020038684,openfacts
3435020038691,openfacts
3435020040632,openfacts
3435020040748,openfacts
3435020040762,openfacts
3435020041004,openfacts
3435020041011,openfacts
3435020041813,openfacts
3435020042254,openfacts
3435020043718,openfacts
3435020043954,openfacts
3435020044128,openfacts
3435020045354,openfacts
3435020045989,openfacts
3435020046108,openfacts
3435020047907,openfacts
3435020047914,openfacts
3435020049147,openfacts
3435020049154,openfacts
3435020049291,openfacts
3435020049307,openfacts
3435020049376,openfacts
3435020055872,openfacts
3435020071902,openfacts
3435020071933,openfacts
3435020073777,openfacts
3435020073784,openfacts
3435020079410,openfacts
3435020080164,openfacts
3435020080201,openfacts
3435020080218,openfacts
3435020080416,openfacts
3435020081833,openfacts
3435020081925,openfacts
3435020085787,openfacts
3435020088283,openfacts
3435020089600,openfacts
3435020091078,openfacts
3435020092006,openfacts
3435020092457,openfacts
3435020111202,openfacts
3435020160118,openfacts
3435020160309,openfacts
3435020180109,openfacts
3435030000107,openfacts
3435030000503,openfacts
3435030002040,openfacts
3435030006000,openfacts
3435030006017,openfacts
3435030006024,openfacts
3435030007106,openfacts
3435030007465,openfacts
3435030008455,openfacts
3435030008585,openfacts
3435030008653,openfacts
3435030009018,openfacts
3435030019017,openfacts
3435030022048,openfacts
3435030028118,openfacts
3435030074412,openfacts
3435030081243,openfacts
3435030081250,openfacts
3435070011279,openfacts
3435070011286,openfacts
3435070011293,openfacts
3435070011309,openfacts
3435070015024,openfacts
3435070015109,openfacts
3435070021780,openfacts
3435070022985,openfacts
3435070023029,openfacts
3435070023104,openfacts
3435070024361,openfacts
3435070024606,openfacts
3435070024620,openfacts
3435070024644,openfacts
3435070024705,item_master
3435070024729,openfacts
3435070024743,openfacts
3435070024767,openfacts
3435070024835,openfacts
3435070024842,openfacts
3435070024903,openfacts
3435070025412,openfacts
3435070025436,openfacts
3435070025450,openfacts
3435070025474,openfacts
3435070025504,openfacts
3435070025528,openfacts
3435070025627,openfacts
3435070025733,openfacts
3435070025788,openfacts
3435070025825,openfacts
3435070025917,openfacts
3435070025924,openfacts
3435070026068,openfacts
3435070026099,openfacts
3435070026204,openfacts
3435070026266,openfacts
3435070026402,openfacts
3435070026501,openfacts
3435070026525,openfacts
3435070026549,openfacts
3435070026600,openfacts
3435070029106,openfacts
3435070029205,openfacts
3435070030126,openfacts
3435070032106,openfacts
3435070032205,item_master
3435070039075,openfacts
3435070045601,openfacts
3435070045649,openfacts
3435070062028,openfacts
3435070062066,openfacts
3435070062103,openfacts
3435070064008,openfacts
3435070064084,openfacts
3435070064121,openfacts
3435070064152,openfacts
3435070064244,openfacts
3435070064282,openfacts
3435070064329,openfacts
3435070064602,openfacts
3435070065005,openfacts
3435070065067,openfacts
3435070068129,openfacts
3435070069140,openfacts
3435070069416,openfacts
3435070081104,openfacts
3435070092506,openfacts
3435070100928,openfacts
3435070101055,openfacts
3435070101208,openfacts
3435070113713,openfacts
3435070113805,openfacts
3435070113904,openfacts
3435070114420,openfacts
3435070114628,openfacts
3435070114666,openfacts
3435070114703,openfacts
3435070115915,openfacts
3435070115960,openfacts
3435070115984,openfacts
3435070118008,openfacts
3435070118046,openfacts
3435070118060,openfacts
3435070118107,openfacts
3435070118121,openfacts
3435070118206,openfacts
3435070118220,openfacts
3435070118244,openfacts
3435070118268,openfacts
3435070118503,openfacts
3435070118527,item_master
3435070118541,openfacts
3435070118565,openfacts
3435070118589,openfacts
3435070119029,openfacts
3435070119302,openfacts
3435070119357,openfacts
3435070119388,openfacts
3435070300014,openfacts
3435070300045,openfacts
3435070300069,openfacts
3435070300106,openfacts
3435070300120,openfacts
3435070300205,openfacts
3435070300243,openfacts
3435070300281,openfacts
3435070300403,openfacts
3435070300502,openfacts
3435070300601,openfacts
3435070300724,openfacts
3435070300908,openfacts
3435070301004,openfacts
3435070301042,openfacts
3435070301080,openfacts
3435070301141,openfacts
3435070301165,openfacts
3435070301301,openfacts
3435070302223,openfacts
3435070963264,openfacts
3435070964261,openfacts
3435071010011,openfacts
3435071010059,openfacts
3435071020119,openfacts
3435071020126,openfacts
3435071020133,openfacts
3435071030057,openfacts
3435071030064,openfacts
3435071030071,openfacts
3435071030088,openfacts
3435071060030,openfacts
3435071060054,openfacts
3435071070015,openfacts
3435071070022,openfacts
3435072709013,openfacts
3435077009576,openfacts
3435077009583,item_master
3435077009620,openfacts
3435077009637,openfacts
3435077009644,openfacts
3435077445138,openfacts
3435079011331,openfacts
3435079011355,openfacts
3435079011362,openfacts
3435079011737,openfacts
3435079011751,openfacts
3435079011768,openfacts
3435079012147,openfacts
3435079012192,openfacts
3435079012208,openfacts
3435079012222,openfacts
3435079012253,openfacts
3435079012291,openfacts
3435079012314,openfacts
3435079012321,openfacts
3435079012352,openfacts
3435079012376,openfacts
3435079012383,openfacts
3435079012505,openfacts
3435079012512,openfacts
3435079012710,openfacts
3435079013243,openfacts
3435079013250,openfacts
3435079013267,openfacts
3435079013304,openfacts
3435079013373,openfacts
3435079013380,openfacts
3435079013670,openfacts
3435079013717,openfacts
3435079013939,openfacts
3435079013946,openfacts
3435079014189,openfacts
3435079014332,openfacts
3435079014349,openfacts
3435079014875,openfacts
3435079014882,openfacts
3435079015155,openfacts
3435079015797,openfacts
3435079015827,openfacts
3435079015834,openfacts
3435079015902,openfacts
3435079015995,openfacts
3435079016008,openfacts
3435079016312,openfacts
3435079016329,openfacts
3435079016411,openfacts
3435079016527,openfacts
3435079016534,openfacts
3435079016541,openfacts
3435079016558,openfacts
3435079016565,openfacts
3435079016572,openfacts
3435079016770,openfacts
3435079016930,openfacts
3435079016947,openfacts
3435079017036,openfacts
3435079017098,openfacts
3435079017111,openfacts
3435079017401,openfacts
3435079017418,openfacts
3435079017890,openfacts
3435079018224,openfacts
3435079018484,openfacts
3435079019252,openfacts
3435079019764,openfacts
3435079019955,openfacts
3435079019962,openfacts
3435079020326,openfacts
3435079020357,openfacts
3435079020869,openfacts
3435079020876,openfacts
3435079021101,openfacts
3435079021163,openfacts
3435079021170,openfacts
3435079022146,openfacts
3435079022245,openfacts
3435079022603,openfacts
3435079023457,openfacts
3435079024188,openfacts
3435079024201,openfacts
3435079024218,openfacts
3435079024225,openfacts
3435079944844,openfacts
3435170180066,openfacts
3435170500024,openfacts
3435171651008,openfacts
3435190000023,openfacts
3435190000030,openfacts
3435190000047,openfacts
3435190000054,openfacts
3435190000061,openfacts
3435190000078,openfacts
3435190000085,openfacts
3435190000092,openfacts
3435190000108,openfacts
3435190000238,openfacts
3435190000801,openfacts
3435190000818,openfacts
3435190000825,openfacts
3435190000832,openfacts
3435190000849,openfacts
3435190900354,openfacts
3435230000051,openfacts
3435230050018,openfacts
3435230120179,openfacts
3435230120216,openfacts
3435230150213,openfacts
3435230150268,openfacts
3435230155263,openfacts
3435230180432,openfacts
3435230620525,openfacts
3435300000233,openfacts
3435300004651,openfacts
3435300004866,openfacts
3435300004873,openfacts
3435300004880,openfacts
3435300004897,openfacts
3435300004958,openfacts
3435300004965,openfacts
3435300004972,openfacts
3435300004989,openfacts
3435300004996,openfacts
3435300005009,openfacts
3435300005016,openfacts
3435300005023,openfacts
3435300005160,openfacts
3435300005207,openfacts
3435340000033,openfacts
3435340000057,openfacts
3435340000071,openfacts
3435340000095,openfacts
3435340000194,openfacts
3435340000279,openfacts
3435340000460,openfacts
3435340000514,openfacts
3435340000590,openfacts
3435351000152,openfacts
3435410000260,openfacts
3435410000307,openfacts
3435410000314,openfacts
3435410000369,openfacts
3435410004664,openfacts
3435410006293,openfacts
3435410010474,openfacts
3435411004953,openfacts
3435413500484,openfacts
3435530000010,openfacts
3435530000034,openfacts
3435530000058,openfacts
3435530000089,item_master
3435530000096,openfacts
3435530000119,openfacts
3435530000164,openfacts
3435530000249,openfacts
3435530000287,openfacts
3435530000300,openfacts
3435530001321,openfacts
3435530001529,openfacts
3435530001604,openfacts
3435530001673,openfacts
3435530001772,openfacts
3435530002571,openfacts
3435530010866,openfacts
3435532000001,item_master
3435532100008,item_master
3435532300002,item_master
3435532600003,item_master
3435535000015,openfacts
3435535000039,item_master
3435535000053,item_master
3435535000176,openfacts
3435535000183,item_master
3435535000275,openfacts
3435535000381,openfacts
3435535000398,item_master
3435535000404,openfacts
3435535000596,openfacts
3435535000640,item_master
3435535000732,item_master
3435535000855,openfacts
3435535000879,openfacts
3435535001098,item_master
3435535001111,item_master
3435535001159,item_master
3435535001166,openfacts
3435535001173,openfacts
3435535001210,item_master
3435535001296,openfacts
3435535001388,openfacts
3435535001401,openfacts
3435535001418,item_master
3435535001425,item_master
3435535001456,openfacts
3435535001463,openfacts
3435535001494,openfacts
3435535001517,openfacts
3435535001531,item_master
3435535001548,item_master
3435535001555,item_master
3435535001562,item_master
3435535001579,openfacts
3435535001609,openfacts
3435535001616,openfacts
3435535001623,openfacts
3435535001661,openfacts
3435535001678,openfacts
3435535001685,item_master
3435535001692,openfacts
3435535001739,openfacts
3435535001777,openfacts
3435535001838,openfacts
3435535001852,openfacts
3435535001876,openfacts
3435535001951,openfacts
3435535002057,openfacts
3435535002088,openfacts
3435535002095,openfacts
3435535002101,openfacts
3435535002132,openfacts
3435535002149,openfacts
3435535002187,openfacts
3435535002194,openfacts
3435535002200,openfacts
3435535002248,openfacts
3435535002309,openfacts
3435535002323,openfacts
3435535002347,openfacts
3435535002392,openfacts
3435535002408,openfacts
3435535100005,openfacts
3435560000073,openfacts
3435560000080,openfacts
3435561990014,openfacts
3435565600230,openfacts
3435565601183,openfacts
3435565601312,openfacts
3435565601381,openfacts
3435567000014,openfacts
3435567000021,openfacts
3435567000038,openfacts
3435567000069,openfacts
3435567000076,openfacts
3435567000083,openfacts
3435567000090,openfacts
3435567000106,openfacts
3435567000113,openfacts
3435567000120,openfacts
3435567000137,openfacts
3435567000151,openfacts
3435567000205,openfacts
3435567000212,openfacts
3435567000236,openfacts
3435567000243,openfacts
3435567000250,openfacts
3435567000267,openfacts
3435567000274,openfacts
3435567000281,openfacts
3435567000304,openfacts
3435567000311,openfacts
3435567000328,openfacts
3435567000335,openfacts
3435567000342,openfacts
3435567000359,openfacts
3435567000366,openfacts
3435567000373,openfacts
3435567000380,openfacts
3435567000397,openfacts
3435567000403,openfacts
3435567000410,openfacts
3435567000465,openfacts
3435567000472,openfacts
3435567000540,openfacts
3435567000557,openfacts
3435567000564,openfacts
3435567000571,openfacts
3435567000588,openfacts
3435567000595,openfacts
3435567000601,openfacts
3435567000618,openfacts
3435567000625,openfacts
3435567000632,openfacts
3435567000649,openfacts
3435567000663,openfacts
3435567000717,openfacts
3435567000724,openfacts
3435567000731,openfacts
3435567000755,openfacts
3435567000779,openfacts
3435567000786,openfacts
3435567000809,openfacts
3435567000854,openfacts
3435567000861,openfacts
3435567000878,openfacts
3435567000885,openfacts
3435567001011,openfacts
3435567001042,openfacts
3435567001059,openfacts
3435567001080,openfacts
3435569900015,openfacts
3435569900022,openfacts
3435569900077,openfacts
3435569900084,openfacts
3435569900091,openfacts
3435569912438,openfacts
3435569913022,openfacts
3435569913114,openfacts
3435569913169,openfacts
3435569913367,openfacts
3435569913459,openfacts
3435569913466,openfacts
3435569913503,openfacts
3435569913510,openfacts
3435569913718,openfacts
3435569913923,openfacts
3435569913930,openfacts
3435569914012,openfacts
3435569914029,openfacts
3435569914210,openfacts
3435569914463,openfacts
3435569914494,openfacts
3435569914906,openfacts
3435569914999,openfacts
3435569915002,openfacts
3435569915019,openfacts
3435569915026,openfacts
3435569915095,openfacts
3435569915118,openfacts
3435569915187,openfacts
3435569915293,openfacts
3435569915842,openfacts
3435569916146,openfacts
3435569916160,openfacts
3435569916221,openfacts
3435569920020,openfacts
3435569930029,openfacts
3435569950027,openfacts
3435569950034,openfacts
3435569950058,openfacts
3435569990085,openfacts
3435569991082,openfacts
3435569991099,openfacts
3435569991112,openfacts
3435569991129,openfacts
3435569991136,openfacts
3435569993093,openfacts
3435569993277,openfacts
3435569993284,openfacts
3435569993321,openfacts
3435569993475,openfacts
3435600000063,openfacts
3435600000070,openfacts
3435630000002,openfacts
3435630000019,openfacts
3435630000026,openfacts
3435630000040,openfacts
3435630000057,openfacts
3435630000101,openfacts
3435630008237,openfacts
3435630082213,openfacts
3435630110022,item_master
3435630110039,item_master
3435630210012,item_master
3435630512109,item_master
3435630615244,openfacts
3435630630018,item_master
3435630630056,openfacts
3435630630599,openfacts
3435630630605,openfacts
3435630630643,openfacts
3435630631077,openfacts
3435630631091,openfacts
3435630631190,openfacts
3435630631213,openfacts
3435640000894,openfacts
3435640001082,openfacts
3435640001235,openfacts
3435640001297,openfacts
3435640001334,openfacts
3435640001365,openfacts
3435640001372,openfacts
3435640001389,openfacts
3435640001396,openfacts
3435640001402,openfacts
3435640001426,openfacts
3435640001488,openfacts
3435640001600,openfacts
3435640001648,openfacts
3435640001693,openfacts
3435640001884,openfacts
3435640001914,openfacts
3435640001921,openfacts
3435640001945,openfacts
3435640001952,openfacts
3435640001969,openfacts
3435640001976,openfacts
3435640001983,openfacts
3435640002041,openfacts
3435640015379,openfacts
3435640314205,openfacts
3435640321005,openfacts
3435641003405,openfacts
3435641020907,openfacts
3435647033062,openfacts
3435649823562,openfacts
3435649823586,openfacts
3435649823609,openfacts
3435649824934,openfacts
3435649824941,openfacts
3435649825566,openfacts
3435649826570,openfacts
3435649826617,openfacts
3435649826860,openfacts
3435649827911,openfacts
3435649829427,openfacts
3435649831499,openfacts
3435649840194,openfacts
3435649841481,openfacts
3435649842358,openfacts
3435649842396,openfacts
3435649842501,openfacts
3435649842594,openfacts
3435649842822,openfacts
3435649842969,openfacts
3435649842976,openfacts
3435649843393,openfacts
3435649843461,openfacts
3435649843751,openfacts
3435649843768,openfacts
3435649844956,openfacts
3435649845229,openfacts
3435649845328,openfacts
3435649845885,openfacts
3435649846134,openfacts
3435649846615,openfacts
3435649847322,openfacts
3435649847346,openfacts
3435649847476,openfacts
3435649847506,openfacts
3435649847537,openfacts
3435649847599,openfacts
3435649847988,openfacts
3435649848879,openfacts
3435649848992,openfacts
3435649849784,openfacts
3435649849869,openfacts
3435649850049,openfacts
3435649850681,openfacts
3435649850704,openfacts
3435649850728,openfacts
3435649850742,openfacts
3435649850872,openfacts
3435649850933,openfacts
3435649850971,openfacts
3435649850995,openfacts
3435649851695,openfacts
3435649851817,openfacts
3435649852050,openfacts
3435649852067,openfacts
3435649852074,openfacts
3435649852098,openfacts
3435649852111,openfacts
3435649852128,openfacts
3435649852180,openfacts
3435649852401,openfacts
3435649852425,openfacts
3435649852432,openfacts
3435649852784,openfacts
3435649854115,openfacts
3435649854177,openfacts
3435649854269,openfacts
3435649854382,openfacts
3435649854429,openfacts
3435649854450,openfacts
3435649854603,openfacts
3435649854641,openfacts
3435649855488,openfacts
3435649855518,openfacts
3435649855822,openfacts
3435649856454,openfacts
3435649856614,openfacts
3435649856706,openfacts
3435649856713,openfacts
3435649856737,openfacts
3435649856850,openfacts
3435649857000,openfacts
3435649858175,openfacts
3435649859103,openfacts
3435649859127,openfacts
3435649859547,openfacts
3435649859639,openfacts
3435649859707,openfacts
3435649859981,openfacts
3435649860918,openfacts
3435649860970,openfacts
3435649862738,openfacts
3435649863230,openfacts
3435649863261,openfacts
3435649863605,openfacts
3435649863612,openfacts
3435649866064,openfacts
3435649866972,openfacts
3435649867030,openfacts
3435649869836,openfacts
3435649871259,openfacts
3435649871280,openfacts
3435649871310,openfacts
3435649871549,openfacts
3435649871761,openfacts
3435649874960,openfacts
3435652003500,openfacts
3435660121234,openfacts
3435660139468,openfacts
3435660322099,openfacts
3435660329234,openfacts
3435660332302,openfacts
3435660361067,openfacts
3435660367878,openfacts
3435660369391,openfacts
3435660375477,openfacts
3435660380334,openfacts
3435660388835,openfacts
3435660396267,openfacts
3435660398889,openfacts
3435660399336,openfacts
3435660610158,openfacts
3435660610554,openfacts
3435660613012,openfacts
3435660615498,openfacts
3435660615559,openfacts
3435660616273,openfacts
3435660620652,openfacts
3435660620812,openfacts
3435660621604,openfacts
3435660622311,openfacts
3435660622595,openfacts
3435660623073,openfacts
3435660623561,openfacts
3435660623578,openfacts
3435660629006,openfacts
3435660630071,openfacts
3435660630385,openfacts
3435660631412,openfacts
3435660632396,openfacts
3435660632495,openfacts
3435660632518,openfacts
3435660633300,openfacts
3435660633508,openfacts
3435660635700,openfacts
3435660636189,openfacts
3435660638657,openfacts
3435660641800,openfacts
3435660641817,openfacts
3435660642760,openfacts
3435660642937,openfacts
3435660646058,openfacts
3435660649523,openfacts
3435660649547,openfacts
3435660649561,openfacts
3435660649776,openfacts
3435660670237,openfacts
3435660670312,openfacts
3435660670329,openfacts
3435660690334,openfacts
3435660690341,openfacts
3435660691720,openfacts
3435660692970,openfacts
3435660692994,openfacts
3435660693724,openfacts
3435660693731,openfacts
3435660694523,openfacts
3435660695629,openfacts
3435660696015,openfacts
3435660696077,openfacts
3435660696084,openfacts
3435660696442,openfacts
3435660696459,openfacts
3435660696572,openfacts
3435660699436,openfacts
3435660699443,openfacts
3435660700071,openfacts
3435660700439,openfacts
3435660702457,openfacts
3435660704697,openfacts
3435660712586,openfacts
3435660712845,openfacts
3435660712852,openfacts
3435660712890,openfacts
3435660714245,openfacts
3435660715440,openfacts
3435660716164,openfacts
3435660716720,openfacts
3435660717710,openfacts
3435660718588,openfacts
3435660719622,openfacts
3435660719738,openfacts
3435660719745,openfacts
3435660719752,openfacts
3435660719769,openfacts
3435660719776,openfacts
3435660719790,openfacts
3435660722073,openfacts
3435660722080,openfacts
3435660722097,openfacts
3435660722400,openfacts
3435660722417,openfacts
3435660722448,openfacts
3435660723612,openfacts
3435660723964,openfacts
3435660724589,openfacts
3435660725319,openfacts
3435660725784,openfacts
3435660726057,openfacts
3435660726385,openfacts
3435660726880,openfacts
3435660726897,openfacts
3435660726903,openfacts
3435660727092,openfacts
3435660727221,openfacts
3435660727238,openfacts
3435660727245,openfacts
3435660727276,openfacts
3435660727306,openfacts
3435660727337,openfacts
3435660727375,openfacts
3435660727450,openfacts
3435660727467,openfacts
3435660727474,openfacts
3435660727481,openfacts
3435660727511,openfacts
3435660727597,openfacts
3435660728006,openfacts
3435660728129,openfacts
3435660728235,openfacts
3435660729911,openfacts
3435660730771,openfacts
3435660730788,openfacts
3435660730856,openfacts
3435660730894,openfacts
3435660730924,openfacts
3435660730931,openfacts
3435660730948,openfacts
3435660730955,openfacts
3435660730962,openfacts
3435660730979,openfacts
3435660731365,openfacts
3435660731372,openfacts
3435660731389,openfacts
3435660731945,openfacts
3435660732027,openfacts
3435660732188,openfacts
3435660732201,openfacts
3435660732355,openfacts
3435660733758,openfacts
3435660734076,openfacts
3435660734502,openfacts
3435660734519,openfacts
3435660735240,openfacts
3435660735578,openfacts
3435660735585,openfacts
3435660735769,openfacts
3435660736018,openfacts
3435660736162,openfacts
3435660736834,openfacts
3435660737794,openfacts
3435660737817,openfacts
3435660737862,openfacts
3435660737879,openfacts
3435660738227,openfacts
3435660738234,openfacts
3435660738371,openfacts
3435660738470,openfacts
3435660738609,openfacts
3435660738678,openfacts
3435660738708,openfacts
3435660738906,openfacts
3435660739019,openfacts
3435660739569,openfacts
3435660740299,openfacts
3435660740305,openfacts
3435660740312,openfacts
3435660740350,openfacts
3435660741883,openfacts
3435660741890,openfacts
3435660744082,openfacts
3435660744242,openfacts
3435660744464,openfacts
3435660744594,openfacts
3435660744600,openfacts
3435660744853,openfacts
3435660745706,openfacts
3435660745720,openfacts
3435660746314,openfacts
3435660746321,openfacts
3435660746338,openfacts
3435660746345,openfacts
3435660748523,openfacts
3435660748813,openfacts
3435660748820,openfacts
3435660748899,openfacts
3435660749452,openfacts
3435660754715,openfacts
3435660754722,openfacts
3435660754739,openfacts
3435660754968,openfacts
3435660755798,openfacts
3435660755804,openfacts
3435660756894,openfacts
3435660757334,openfacts
3435660757648,openfacts
3435660757723,openfacts
3435660758096,openfacts
3435660758102,openfacts
3435660758119,openfacts
3435660759208,openfacts
3435660759215,openfacts
3435660759369,openfacts
3435660759604,openfacts
3435660759611,openfacts
3435660759635,openfacts
3435660759642,openfacts
3435660760259,openfacts
3435660760389,openfacts
3435660762871,openfacts
3435660762888,openfacts
3435660762895,openfacts
3435660763182,openfacts
3435660763366,openfacts
3435660763397,openfacts
3435660763410,openfacts
3435660763519,openfacts
3435660763526,openfacts
3435660763533,openfacts
3435660763694,openfacts
3435660763991,openfacts
3435660764363,openfacts
3435660764639,openfacts
3435660765186,openfacts
3435660765216,openfacts
3435660765230,openfacts
3435660765247,openfacts
3435660765261,openfacts
3435660766039,openfacts
3435660766046,openfacts
3435660766527,openfacts
3435660766534,openfacts
3435660767326,openfacts
3435660767333,openfacts
3435660768156,openfacts
3435660768163,openfacts
3435660769221,openfacts
3435660770586,openfacts
3435660770777,openfacts
3435660770791,openfacts
3435660770838,openfacts
3435660770883,openfacts
3435660770975,openfacts
3435660771019,openfacts
3435660771026,openfacts
3435660771033,openfacts
3435660771040,openfacts
3435660771682,openfacts
3435660771705,openfacts
3435660771729,openfacts
3435660771743,openfacts
3435660771750,openfacts
3435660771767,openfacts
3435660772627,openfacts
3435660772641,openfacts
3435660773938,openfacts
3435660774157,openfacts
3435660774423,openfacts
3435660775031,openfacts
3435660775314,openfacts
3435660775581,openfacts
3435660776502,openfacts
3435660776526,openfacts
3435660776632,openfacts
3435660778339,openfacts
3435660778346,openfacts
3435660778353,openfacts
3435660778360,openfacts
3435660781810,openfacts
3435660781841,openfacts
3435660781865,openfacts
3435660782893,openfacts
3435660782909,openfacts
3435660782916,openfacts
3435660782923,openfacts
3435660782930,openfacts
3435660782954,openfacts
3435660782961,openfacts
3435660782978,openfacts
3435660782985,openfacts
3435660782992,openfacts
3435660783074,openfacts
3435660783586,openfacts
3435660783593,openfacts
3435660783746,openfacts
3435660784101,openfacts
3435660784118,openfacts
3435660784125,openfacts
3435660784262,openfacts
3435660784781,openfacts
3435660784798,openfacts
3435660784941,openfacts
3435660784958,openfacts
3435660784965,openfacts
3435660785061,openfacts
3435660785214,openfacts
3435660785238,openfacts
3435660785245,openfacts
3435660785283,openfacts
3435660785313,openfacts
3435660785344,openfacts
3435660785351,openfacts
3435660785368,openfacts
3435660785375,openfacts
3435660786204,openfacts
3435660786235,openfacts
3435660786266,openfacts
3435660786334,openfacts
3435660786341,openfacts
3435660786389,openfacts
3435660786426,openfacts
3435660787003,openfacts
3435660787256,openfacts
3435660787393,openfacts
3435660787881,openfacts
3435660788062,openfacts
3435660788116,openfacts
3435660788123,openfacts
3435660788130,openfacts
3435660788147,openfacts
3435660788161,openfacts
3435660788178,openfacts
3435660788239,openfacts
3435660788444,openfacts
3435660788468,openfacts
3435660788475,openfacts
3435660788680,openfacts
3435660788710,openfacts
3435660788741,openfacts
3435660788758,openfacts
3435660788826,openfacts
3435660792779,openfacts
3435660792793,openfacts
3435660792809,openfacts
3435660793677,openfacts
3435660793684,openfacts
3435660793905,openfacts
3435660795527,openfacts
3435660795534,openfacts
3435660796074,openfacts
3435660796463,openfacts
3435660797491,openfacts
3435660798979,openfacts
3435660799846,openfacts
3435660803703,openfacts
3435660808005,openfacts
3435661755988,openfacts
3435667004004,openfacts
3435677004001,openfacts
3435681054283,openfacts
3435707118135,openfacts
3435710203002,openfacts
3435710204009,openfacts
3435710301005,openfacts
3435710302002,openfacts
3435710303009,openfacts
3435760053107,openfacts
3435760053244,openfacts
3435760063120,openfacts
3435760153067,openfacts
3435760153104,openfacts
3435760153241,openfacts
3435760153302,openfacts
3435760253040,openfacts
3435760253064,openfacts
3435760253101,openfacts
3435760353122,openfacts
3435760363060,openfacts
3435760363206,openfacts
3435760553126,openfacts
3435760753069,openfacts
3435760753106,openfacts
3435760853127,openfacts
3435760853202,openfacts
3435760863065,openfacts
3435760953100,openfacts
3435760953124,openfacts
3435760963062,openfacts
3435770000009,openfacts
3435770000016,openfacts
3435770123418,openfacts
3435770123425,openfacts
3435770123432,openfacts
3435770123449,openfacts
3435770123456,openfacts
3435770123463,openfacts
3435770123494,openfacts
3435770123500,openfacts
3435770123517,openfacts
3435770123524,openfacts
3435770123531,openfacts
3435770123548,openfacts
3435770123555,openfacts
3435770123579,openfacts
3435770123586,openfacts
3435770123593,openfacts
3435770123609,openfacts
3435780045601,openfacts
3435781010059,openfacts
3435850000127,openfacts
3435850000257,openfacts
3435850000967,openfacts
3435850000981,openfacts
3435850001148,openfacts
3435850001193,openfacts
3435850001360,openfacts
3435850001537,openfacts
3435850001636,openfacts
3435850001643,openfacts
3435850002053,openfacts
3435850003807,openfacts
3436000171827,openfacts
3436030047574,openfacts
3436150005089,openfacts
3436150102207,openfacts
3436150102825,openfacts
3436150102832,openfacts
3436150102849,openfacts
3436150102856,openfacts
3436150402093,openfacts
3436156714435,openfacts
3436260300029,openfacts
3436290000043,openfacts
3436290000159,openfacts
3436290000227,openfacts
3436290000234,openfacts
3436290000319,openfacts
3436290000777,openfacts
3436290002023,openfacts
3436290002047,openfacts
3436290005901,openfacts
3436364000030,openfacts
3436377000126,openfacts
3436460000026,openfacts
3436460000033,openfacts
3436460000040,openfacts
3436460000057,openfacts
3436460000064,openfacts
3436460000095,openfacts
3436460000149,openfacts
3436460000170,openfacts
3436460000187,openfacts
3436460000194,openfacts
3436460000200,openfacts
3436460000224,openfacts
3436460000248,openfacts
3436460000293,openfacts
3436460000392,openfacts
3436460000477,openfacts
3436460000507,openfacts
3436460000552,openfacts
3436460000736,openfacts
3436460000903,openfacts
3436520124112,openfacts
3436520124136,openfacts
3436530000017,openfacts
3436530000024,openfacts
3436530000048,openfacts
3436530000055,openfacts
3436530000161,openfacts
3436530000208,openfacts
3436530000246,openfacts
3436530000253,openfacts
3436530000291,openfacts
3436530000437,openfacts
3436530000550,openfacts
3436530002479,openfacts
3436530004121,openfacts
3436530004275,openfacts
3436530004503,openfacts
3436530006262,openfacts
3436530006286,openfacts
3436530006293,openfacts
3436530006316,openfacts
3436530006514,openfacts
3436530006644,openfacts
3436530006859,openfacts
3436530006880,openfacts
3436590010018,openfacts
3436590010025,openfacts
3436590010032,openfacts
3436590010056,openfacts
3436590010063,openfacts
3436590010094,openfacts
3436590010100,openfacts
3436590010117,openfacts
3436590010148,openfacts
3436590010179,openfacts
3436590010186,openfacts
3436590010193,openfacts
3436590010285,openfacts
3436590010292,openfacts
3436590010315,openfacts
3436590010322,openfacts
3436590020055,openfacts
3436590020062,openfacts
3436590020079,openfacts
3436590030122,openfacts
3436590030139,openfacts
3436590030146,openfacts
3436590030177,openfacts
3436590030191,openfacts
3436590030214,openfacts
3436590050175,openfacts
3436590070012,openfacts
3436590070029,openfacts
3436590080134,openfacts
3436590081186,openfacts
3436590082015,openfacts
3436590082022,openfacts
3436590082039,openfacts
3436590082053,openfacts
3436590082084,openfacts
3436590082091,openfacts
3436590082145,openfacts
3436590082244,openfacts
3436590082251,openfacts
3436590082268,openfacts
3436590082275,openfacts
3436590082282,openfacts
3436590082299,openfacts
3436590082312,openfacts
3436590082367,openfacts
3436590082374,openfacts
3436590082435,openfacts
3436590082442,openfacts
3436590082459,openfacts
3436590082527,openfacts
3436590082817,openfacts
3436590082824,openfacts
3436590083364,openfacts
3436590090010,openfacts
3436590090034,openfacts
3436590130013,openfacts
3436590181183,openfacts
3436590280138,openfacts
3436590381231,openfacts
3436590385659,openfacts
3436590585653,openfacts
3436590588432,openfacts
3436590660015,openfacts
3436590680457,openfacts
3436590681485,openfacts
3436590700162,openfacts
3436590700179,openfacts
3436590700209,openfacts
3436590700704,openfacts
3436590700858,openfacts
3436590825209,openfacts
3436590880451,openfacts
3436598132507,openfacts
3436598132613,openfacts
3436598132637,openfacts
3436598132651,openfacts
3436598132675,openfacts
3436598132682,openfacts
3436598132835,openfacts
3436598132996,openfacts
3436598133214,openfacts
3436598133238,openfacts
3436598133467,openfacts
3436598133498,openfacts
3436598133511,openfacts
3436598133528,openfacts
3436598133641,openfacts
3436598133658,openfacts
3436598134419,openfacts
3436598134426,openfacts
3436598134457,openfacts
3436598134464,openfacts
3436598134495,openfacts
3436598134501,openfacts
3436598134518,openfacts
3436598134549,openfacts
3436598134624,openfacts
3436598134631,openfacts
3436598134938,openfacts
3436598134983,openfacts
3436598135065,openfacts
3436598135089,openfacts
3436598135232,openfacts
3436598135249,openfacts
3436598135256,openfacts
3436598135553,openfacts
3436598135751,openfacts
3436598135768,openfacts
3436598135775,openfacts
3436598135782,openfacts
3436598135799,openfacts
3436598135805,openfacts
3436598135812,openfacts
3436598135829,openfacts
3436598135867,openfacts
3436598135935,openfacts
3436598135980,openfacts
3436598135997,openfacts
3436598136000,openfacts
3436598136031,openfacts
3436598136048,openfacts
3436598136123,openfacts
3436598136130,openfacts
3436598136260,openfacts
3436598136284,openfacts
3436598136291,openfacts
3436598136307,openfacts
3436598136321,openfacts
3436598136338,openfacts
3436598136345,openfacts
3436598136352,openfacts
3436598136369,openfacts
3436598136574,openfacts
3436598136598,openfacts
3436598136604,openfacts
3436598136659,openfacts
3436598136666,openfacts
3436598136673,openfacts
3436598136963,openfacts
3436598136994,openfacts
3436598137038,openfacts
3436598137106,openfacts
3436598137113,openfacts
3436598138943,openfacts
3436598139223,openfacts
3436598139346,openfacts
3436598139896,openfacts
3436598139902,openfacts
3436598139919,openfacts
3436598144326,openfacts
3436640300045,openfacts
3436730002002,openfacts
3436730002040,openfacts
3436730005065,openfacts
3436730005140,openfacts
3436730006123,openfacts
3436730006932,openfacts
3436730008004,openfacts
3436730010069,openfacts
3436730010205,openfacts
3436730010700,openfacts
3436730020204,openfacts
3436730021126,openfacts
3436730026039,openfacts
3436730026213,openfacts
3436741615406,openfacts
3436754204307,openfacts
3436800010616,openfacts
3436800011811,openfacts
3436800015314,openfacts
3436801818013,openfacts
3436801904013,openfacts
3436802313012,openfacts
3436802320010,openfacts
3436802500610,openfacts
3436804100412,openfacts
3436804100511,openfacts
3436804100610,openfacts
3436804103413,openfacts
3436804110411,openfacts
3436804600516,openfacts
3436804600622,openfacts
3436807600414,openfacts
3436809140413,openfacts
3436814100112,openfacts
3436820091145,openfacts
3436822005249,openfacts
3436824606710,openfacts
3436900800070,openfacts
3436900800087,openfacts
3436900800377,openfacts
3436901330842,openfacts
3436907302508,item_master
3436923344339,openfacts
3436923647300,openfacts
3436923744337,openfacts
3436923944331,openfacts
3436950087780,openfacts
3436960070130,openfacts
3436960072356,openfacts
3436960072608,openfacts
3436961351108,openfacts
3436962204700,openfacts
3436963101176,openfacts
3436963131104,openfacts
3436963251109,openfacts
3436963341114,openfacts
3436963351069,openfacts
3436964111099,openfacts
3436964121005,openfacts
3436965131119,openfacts
3436965131133,openfacts
3436969108179,openfacts
3437000000742,openfacts
3437000003507,openfacts
3437000003514,openfacts
3437000003521,openfacts
3437000003538,openfacts
3437000003545,openfacts
3437000004122,openfacts
3437000004245,openfacts
3437000004634,openfacts
3437000004689,openfacts
3437000004887,openfacts
3437000007130,openfacts
3437012228608,openfacts
3437017052673,openfacts
3437017153219,openfacts
3437017181083,openfacts
3437018042284,openfacts
3437030000071,openfacts
3437050000013,openfacts
3437050000020,openfacts
3437050000068,openfacts
3437050000075,openfacts
3437050000167,openfacts
3437050000211,openfacts
3437050100232,openfacts
3437090111304,openfacts
3437135000372,openfacts
3437135000976,openfacts
3437135001010,openfacts
3437135001034,openfacts
3437135001041,openfacts
3437135001089,openfacts
3437135001096,openfacts
3437135001157,openfacts
3437135001287,openfacts
3437135001720,openfacts
3437135001744,openfacts
3437135001867,openfacts
3437135002000,openfacts
3437135002116,openfacts
3437135002123,openfacts
3437135002154,openfacts
3437190066016,openfacts
3437270189864,openfacts
3437271010303,openfacts
3437271340875,openfacts
3437272031604,openfacts
3437273003051,openfacts
3437274215255,openfacts
3437277019393,openfacts
3437277019409,openfacts
3437277019713,openfacts
3437277019737,openfacts
3437312060229,openfacts
3437320016591,openfacts
3437330238952,openfacts
3437330239072,openfacts
3437330808698,openfacts
3437331009377,openfacts
3437331009889,item_master
3437332510131,openfacts
3437332514054,openfacts
3437332514948,openfacts
3437332520802,openfacts
3437332547939,openfacts
3437332597439,openfacts
3437332620281,openfacts
3437332712436,openfacts
3437340034858,openfacts
3437340035251,openfacts
3437340035282,openfacts
3437340035299,openfacts
3437340035305,openfacts
3437340036265,openfacts
3437340039204,openfacts
3437340039259,openfacts
3437340041924,openfacts
3437340041948,openfacts
3437340043645,openfacts
3437340046721,openfacts
3437340047056,openfacts
3437340047216,openfacts
3437340048008,openfacts
3437340048039,openfacts
3437340049203,openfacts
3437340049210,openfacts
3437340049883,openfacts
3437340049975,openfacts
3437340049982,openfacts
3437340050001,openfacts
3437340052500,openfacts
3437340052517,openfacts
3437340052616,openfacts
3437340055037,openfacts
3437340055068,openfacts
3437340055211,openfacts
3437340056379,openfacts
3437340056386,openfacts
3437340056393,openfacts
3437340056409,openfacts
3437340056416,openfacts
3437340056423,openfacts
3437340056430,openfacts
3437340056447,openfacts
3437340056454,openfacts
3437340056461,openfacts
3437340056478,openfacts
3437340056492,openfacts
3437340056508,openfacts
3437340056515,openfacts
3437340056522,openfacts
3437340056539,openfacts
3437340056546,openfacts
3437340056553,openfacts
3437340056560,openfacts
3437340056577,openfacts
3437340056584,openfacts
3437340056591,openfacts
3437340056607,openfacts
3437340056614,openfacts
3437340056621,openfacts
3437340056638,openfacts
3437340056645,openfacts
3437340056652,openfacts
3437340056669,openfacts
3437340056676,openfacts
3437340056706,openfacts
3437340056713,openfacts
3437340059417,openfacts
3437340059615,openfacts
3437340059622,openfacts
3437340059639,openfacts
3437340059646,openfacts
3437340059660,openfacts
3437340059677,openfacts
3437340059684,openfacts
3437340063339,openfacts
3437340063346,openfacts
3437340063353,openfacts
3437340063407,openfacts
3437340063414,openfacts
3437340063438,openfacts
3437340063445,openfacts
3437340063513,openfacts
3437340065913,openfacts
3437340065920,openfacts
3437340065937,openfacts
3437340069164,openfacts
3437340069171,openfacts
3437340069188,openfacts
3437340069195,openfacts
3437340069201,openfacts
3437340069218,openfacts
3437340069225,openfacts
3437340069232,openfacts
3437340069249,openfacts
3437340069256,openfacts
3437340069263,openfacts
3437340069287,openfacts
3437340069294,openfacts
3437340069300,openfacts
3437340069317,openfacts
3437340069324,openfacts
3437340069348,openfacts
3437340069355,openfacts
3437340069362,openfacts
3437340069379,openfacts
3437340069386,openfacts
3437340069393,openfacts
3437340069409,openfacts
3437340069416,openfacts
3437340069423,openfacts
3437340069430,openfacts
3437340069447,openfacts
3437340069454,openfacts
3437340069461,openfacts
3437340069478,openfacts
3437340069485,openfacts
3437340069492,openfacts
3437340069508,openfacts
3437340069515,openfacts
3437340069522,openfacts
3437340069539,openfacts
3437340069546,openfacts
3437340069553,openfacts
3437340069560,openfacts
3437340069645,openfacts
3437340069652,openfacts
3437340069669,openfacts
3437340069676,openfacts
3437340069683,openfacts
3437340069690,openfacts
3437340069713,openfacts
3437340069720,openfacts
3437340069737,openfacts
3437340069744,openfacts
3437340069751,openfacts
3437340069768,openfacts
3437340069775,openfacts
3437340069782,openfacts
3437340069805,openfacts
3437340069812,openfacts
3437340069829,openfacts
3437340069836,openfacts
3437340069843,openfacts
3437340069867,openfacts
3437340069874,openfacts
3437340069881,openfacts
3437340069911,openfacts
3437340069928,openfacts
3437340069942,openfacts
3437340070108,openfacts
3437340070115,openfacts
3437340070139,openfacts
3437340070160,openfacts
3437340070214,openfacts
3437340070238,openfacts
3437340070245,openfacts
3437340070269,openfacts
3437340070276,openfacts
3437340070313,openfacts
3437340070320,openfacts
3437340070344,openfacts
3437340070351,openfacts
3437340070368,openfacts
3437340070375,openfacts
3437340070382,openfacts
3437340070399,openfacts
3437340070405,openfacts
3437340070412,openfacts
3437340070429,openfacts
3437340070504,openfacts
3437340070511,openfacts
3437340070528,openfacts
3437340070535,openfacts
3437340070566,openfacts
3437340070573,openfacts
3437340070580,openfacts
3437340070597,openfacts
3437340070634,openfacts
3437340070641,openfacts
3437340070658,openfacts
3437340072454,openfacts
3437340078142,openfacts
3437340078159,openfacts
3437340078166,openfacts
3437340078173,openfacts
3437340078180,openfacts
3437340078197,openfacts
3437340078203,openfacts
3437340078210,openfacts
3437340078227,openfacts
3437340078234,openfacts
3437340078241,openfacts
3437340078265,openfacts
3437340078272,openfacts
3437340078289,openfacts
3437340078296,openfacts
3437340078302,openfacts
3437340078333,openfacts
3437340078357,openfacts
3437340078364,openfacts
3437340078371,openfacts
3437340078388,openfacts
3437340078395,openfacts
3437340078418,openfacts
3437340078432,openfacts
3437340078449,openfacts
3437340078456,openfacts
3437340078463,openfacts
3437340078470,openfacts
3437340078487,openfacts
3437340078494,openfacts
3437340078500,openfacts
3437340078517,openfacts
3437340078524,openfacts
3437340078531,openfacts
3437340078548,openfacts
3437340078555,openfacts
3437340078609,openfacts
3437340078616,openfacts
3437340078630,openfacts
3437340078647,openfacts
3437340078654,openfacts
3437340078661,openfacts
3437340078678,openfacts
3437340078685,openfacts
3437340078692,openfacts
3437340078722,openfacts
3437340078746,openfacts
3437340078753,openfacts
3437340078760,openfacts
3437340078777,openfacts
3437340078807,openfacts
3437340078814,openfacts
3437340078838,openfacts
3437340078852,openfacts
3437340078883,openfacts
3437340079996,openfacts
3437340080008,openfacts
3437340080015,openfacts
3437340080022,openfacts
3437340081661,openfacts
3437340081678,openfacts
3437340081937,openfacts
3437340081944,openfacts
3437340081951,openfacts
3437340081968,openfacts
3437340082057,openfacts
3437340082101,openfacts
3437340082118,openfacts
3437340082125,openfacts
3437340082309,openfacts
3437340082316,openfacts
3437340082330,openfacts
3437340082347,openfacts
3437340082354,openfacts
3437340082361,openfacts
3437340082378,openfacts
3437340082408,openfacts
3437340082453,openfacts
3437340082545,openfacts
3437340082569,openfacts
3437340082583,openfacts
3437340082590,openfacts
3437340082606,openfacts
3437340082613,openfacts
3437340425380,openfacts
3437400000021,openfacts
3437400000250,openfacts
3437400000342,openfacts
3437400000397,openfacts
3437400000649,openfacts
3437400000663,openfacts
3437400000670,openfacts
3437400000694,openfacts
3437400000755,openfacts
3437400000786,openfacts
3437400001646,openfacts
3437400001707,openfacts
3437400002322,openfacts
3437424012482,openfacts
3437540089160,openfacts
3437590000153,openfacts
3437590000191,openfacts
3437590000207,openfacts
3437590000214,openfacts
3437590000542,openfacts
3437590000559,openfacts
3437590000573,openfacts
3437590000610,openfacts
3437590000856,openfacts
3437590008494,openfacts
3437600300020,openfacts
3437600300198,openfacts
3437600300785,openfacts
3437623635505,openfacts
3437629001335,openfacts
3437660000021,openfacts
3437671012204,openfacts
3437770002069,openfacts
3437770002335,openfacts
3437770010163,openfacts
3437770010255,openfacts
3437770010309,openfacts
3437770010330,openfacts
3437770010668,openfacts
3437770010828,openfacts
3437770011528,openfacts
3437770011542,openfacts
3437770014710,openfacts
3437770014888,openfacts
3437770016097,openfacts
3437770020827,openfacts
3437770023477,openfacts
3437770024887,openfacts
3437770030611,openfacts
3437770030628,openfacts
3437770030635,openfacts
3437770031472,openfacts
3437770031601,openfacts
3437770075605,openfacts
3437790013625,openfacts
3438020000194,openfacts
3438020003102,openfacts
3438020003317,openfacts
3438020120397,openfacts
3438020400017,openfacts
3438020400024,openfacts
3438020400031,openfacts
3438020400048,openfacts
3438020400055,openfacts
3438020400062,openfacts
3438020400246,openfacts
3438020400352,openfacts
3438020600783,openfacts
3438020602077,openfacts
3438020602084,openfacts
3438020602091,openfacts
3438020603104,openfacts
3438020603623,openfacts
3438020603654,openfacts
3438020603661,openfacts
3438020603685,openfacts
3438020603692,openfacts
3438020603708,openfacts
3438020603722,openfacts
3438020603838,openfacts
3438020604026,openfacts
3438020604705,openfacts
3438020604712,openfacts
3438020604729,openfacts
3438020604743,openfacts
3438020604965,openfacts
3438020604972,openfacts
3438020605351,openfacts
3438020605375,openfacts
3438030103014,openfacts
3438080110086,openfacts
3438080113018,openfacts
3438084116015,openfacts
3438190004046,openfacts
3438330100041,openfacts
3438330100089,openfacts
3438330100119,openfacts
3438330111283,openfacts
3438330140184,openfacts
3438330140542,openfacts
3438330141167,openfacts
3438330141549,openfacts
3438330169109,openfacts
3438330195191,openfacts
3438330196266,openfacts
3438330210191,openfacts
3438330211266,openfacts
3438330231264,openfacts
3438330240044,item_master
3438330241041,openfacts
3438330241102,openfacts
3438330249108,openfacts
3438330268109,openfacts
3438330500018,openfacts
3438330500032,openfacts
3438330530268,openfacts
3438351357912,openfacts
3438351357929,openfacts
3438351357974,openfacts
3438351357998,openfacts
3438351358018,openfacts
3438351358049,openfacts
3438351358070,openfacts
3438351358087,openfacts
3438351358117,openfacts
3438351358131,openfacts
3438351358148,openfacts
3438351358216,openfacts
3438351358254,openfacts
3438351358261,openfacts
3438351358773,openfacts
3438351358797,openfacts
3438351358896,openfacts
3438351358902,openfacts
3438351358926,openfacts
3438351358933,openfacts
3438351358940,openfacts
3438351358957,openfacts
3438351359091,openfacts
3438351359107,openfacts
3438351359114,openfacts
3438351359152,openfacts
3438351359169,openfacts
3438351359213,openfacts
3438351359220,openfacts
3438351359275,openfacts
3438351359480,openfacts
3438351359510,openfacts
3438351359527,openfacts
3438351359664,openfacts
3438351359671,openfacts
3438351359688,openfacts
3438351359725,openfacts
3438351359732,openfacts
3438351359770,openfacts
3438351359787,openfacts
3438351359794,openfacts
3438351359848,openfacts
3438351359909,openfacts
3438351359916,openfacts
3438351359930,openfacts
3438351359961,openfacts
3438351359978,openfacts
3438351359985,openfacts
3438351360011,openfacts
3438351360028,openfacts
3438351360066,openfacts
3438351360073,openfacts
3438351360080,openfacts
3438351360097,openfacts
3438351360103,openfacts
3438351360110,openfacts
3438351360172,openfacts
3438351360226,openfacts
3438351360257,openfacts
3438351360295,openfacts
3438351360301,openfacts
3438351360318,openfacts
3438351360325,openfacts
3438351360332,openfacts
3438351360349,openfacts
3438351360356,openfacts
3438351360363,openfacts
3438351360455,openfacts
3438351360608,openfacts
3438351360615,openfacts
3438351360622,openfacts
3438351360691,openfacts
3438351360707,openfacts
3438351360714,openfacts
3438351360721,openfacts
3438351360738,openfacts
3438351360783,openfacts
3438351360790,openfacts
3438351360806,openfacts
3438351360813,openfacts
3438351360820,openfacts
3438351360837,openfacts
3438351360851,openfacts
3438351360905,openfacts
3438351360967,openfacts
3438351360974,openfacts
3438351360998,openfacts
3438351361056,openfacts
3438351361063,openfacts
3438351361070,openfacts
3438351361100,openfacts
3438351361117,openfacts
3438351361124,openfacts
3438351361162,openfacts
3438351361179,openfacts
3438351361261,openfacts
3438351361469,openfacts
3438370000141,openfacts
3438370000233,openfacts
3438370000240,openfacts
3438370000257,openfacts
3438370001148,openfacts
3438380001008,openfacts
3438400005085,openfacts
3438600001337,openfacts
3438630332807,openfacts
3438630349416,openfacts
3438630366802,openfacts
3438630366949,openfacts
3438630366970,openfacts
3438630367014,openfacts
3438630367076,openfacts
3438630367083,openfacts
3438630367137,openfacts
3438630367144,openfacts
3438630367168,openfacts
3438630367175,openfacts
3438630367236,openfacts
3438630929014,openfacts
3438630929021,openfacts
3438660000042,openfacts
3438660000325,openfacts
3438660004668,openfacts
3438710000480,openfacts
3438740001679,openfacts
3438740601114,openfacts
3438750000006,openfacts
3438750000013,openfacts
3438750000037,openfacts
3438750000044,openfacts
3438750000051,openfacts
3438750000068,openfacts
3438750000082,openfacts
3438750000099,openfacts
3438750000112,openfacts
3438750000143,openfacts
3438750000167,openfacts
3438750000174,openfacts
3438750000181,openfacts
3438750000198,openfacts
3438750000204,openfacts
3438750000228,openfacts
3438750000235,openfacts
3438750000242,openfacts
3438750000259,openfacts
3438750000266,openfacts
3438750000273,openfacts
3438750000297,openfacts
3438750000303,openfacts
3438750000334,openfacts
3438750000358,openfacts
3438750000365,openfacts
3438750000389,openfacts
3438750000402,openfacts
3438750000426,openfacts
3438750000433,openfacts
3438750000457,openfacts
3438750001119,openfacts
3438750001706,openfacts
3438750002017,openfacts
3438750003045,openfacts
3438750010050,openfacts
3438750010067,openfacts
3438750010708,openfacts
3438750020004,openfacts
3438750025009,openfacts
3438750100041,openfacts
3438750100058,openfacts
3438750100065,openfacts
3438750100072,openfacts
3438750101116,openfacts
3438750101314,openfacts
3438750101604,openfacts
3438750101703,openfacts
3438750101994,openfacts
3438750203803,openfacts
3438750204305,openfacts
3438750204503,openfacts
3438750204602,openfacts
3438750204701,openfacts
3438750301103,openfacts
3438750301202,openfacts
3438750301301,openfacts
3438750301400,openfacts
3438750401100,openfacts
3438750401407,openfacts
3438750401414,openfacts
3438750404200,openfacts
3438750444411,openfacts
3438750500117,openfacts
3438750500315,openfacts
3438750601104,openfacts
3438750601203,openfacts
3438750601302,openfacts
3438750601401,openfacts
3438751010110,openfacts
3438751010127,openfacts
3438751013135,openfacts
3438751020300,openfacts
3438751100132,openfacts
3438751100156,openfacts
3438751100163,openfacts
3438751200306,openfacts
3438751221127,openfacts
3438751312009,openfacts
3438751400041,openfacts
3438751500116,openfacts
3438751500123,openfacts
3438751500130,openfacts
3438751720026,openfacts
3438752001025,openfacts
3438752001032,openfacts
3438752100223,openfacts
3438752222109,openfacts
3438752222208,openfacts
3438752222406,openfacts
3438752332235,openfacts
3438753030031,openfacts
3438754004000,openfacts
3438754440006,openfacts
3438754444004,openfacts
3438754445001,openfacts
3438754446008,openfacts
3438755010109,openfacts
3438756000208,openfacts
3438757010008,openfacts
3438758001104,openfacts
3438759999813,openfacts
3438759999868,openfacts
3438759999929,openfacts
3438759999936,openfacts
3438759999950,openfacts
3438800804752,openfacts
3438823150713,openfacts
3438830070172,openfacts
3438830070417,openfacts
3438830075009,openfacts
3438830075054,openfacts
3438830075061,openfacts
3438830075139,openfacts
3438840030678,openfacts
3438860000972,openfacts
3438860001016,openfacts
3438860001023,openfacts
3438860001030,openfacts
3438860001047,openfacts
3438860001054,openfacts
3438860001061,openfacts
3438860001085,openfacts
3438860001115,openfacts
3438860001139,openfacts
3438860001146,openfacts
3438860001160,openfacts
3438860001177,openfacts
3438860001184,openfacts
3438860001191,openfacts
3438860001207,openfacts
3438860001221,openfacts
3438860001238,openfacts
3438860001269,openfacts
3438860001276,openfacts
3438860001306,openfacts
3438860001320,openfacts
3438860001337,openfacts
3438860001344,openfacts
3438860001351,openfacts
3438860001511,openfacts
3438860001528,openfacts
3438860001559,openfacts
3438860001566,openfacts
3438860001573,openfacts
3438860001658,openfacts
3438860001672,openfacts
3438860001689,openfacts
3438860001696,openfacts
3438860001702,openfacts
3438860001733,openfacts
3438860001740,openfacts
3438860001757,openfacts
3438860001764,openfacts
3438860001771,openfacts
3438860001788,openfacts
3438860001801,openfacts
3438860001832,openfacts
3438860001849,openfacts
3438860001856,openfacts
3438860001863,openfacts
3438860001887,openfacts
3438860001894,openfacts
3438860001917,openfacts
3438860001924,openfacts
3438860002006,openfacts
3438860002013,openfacts
3438860002020,openfacts
3438860002037,openfacts
3438860002044,openfacts
3438860002051,openfacts
3438860002068,openfacts
3438860002075,openfacts
3438860002082,openfacts
3438860002099,openfacts
3438860002228,openfacts
3438860002334,openfacts
3438860002808,openfacts
3438860002815,openfacts
3438860003003,openfacts
3438860003010,openfacts
3438860003027,openfacts
3438860004048,openfacts
3438860004055,openfacts
3438860004062,openfacts
3438860004109,openfacts
3438860004208,openfacts
3438860004307,openfacts
3438860004314,openfacts
3438860004406,openfacts
3438860004482,openfacts
3438860004543,openfacts
3438860004727,openfacts
3438860004918,openfacts
3438860005014,openfacts
3438860005021,openfacts
3438860005045,openfacts
3438860005076,openfacts
3438860005083,openfacts
3438860005441,openfacts
3438860006004,openfacts
3438860006646,openfacts
3438860006820,openfacts
3438860006837,openfacts
3438869945113,openfacts
3438870210910,openfacts
3438910007289,openfacts
3438910029069,openfacts
3438910042488,openfacts
3438910042648,openfacts
3438910043485,openfacts
3438910591900,openfacts
3438910831075,openfacts
3438910847830,openfacts
3438910861966,openfacts
3438910861980,openfacts
3438910862185,openfacts
3438910862215,openfacts
3438910862260,openfacts
3438910862451,openfacts
3438910862505,openfacts
3438910862536,openfacts
3438910862543,openfacts
3438910862604,openfacts
3438910862611,openfacts
3438910862635,openfacts
3438910862697,openfacts
3438910862796,openfacts
3438910862826,openfacts
3438910862949,openfacts
3438910862963,openfacts
3438910863649,openfacts
3438910863670,openfacts
3438910863946,openfacts
3438910863977,openfacts
3438910864028,openfacts
3438910864059,openfacts
3438910864097,openfacts
3438910864110,openfacts
3438910864158,openfacts
3438910864233,openfacts
3438910864240,openfacts
3438910864295,openfacts
3438910864691,openfacts
3438910864868,openfacts
3438910864899,openfacts
3438910865087,openfacts
3438910865162,openfacts
3438910865230,openfacts
3438910865261,openfacts
3438910865339,openfacts
3438910865377,openfacts
3438910865407,openfacts
3438910865414,openfacts
3438910865469,openfacts
3438910865575,openfacts
3438910865698,openfacts
3438910865735,openfacts
3438910865773,openfacts
3438910865810,openfacts
3438910865827,openfacts
3438910865834,openfacts
3438910865957,openfacts
3438910866176,openfacts
3438910866404,openfacts
3438910866534,openfacts
3438910866671,openfacts
3438910866695,openfacts
3438910867647,openfacts
3438910867838,openfacts
3438910867845,openfacts
3438910867883,openfacts
3438910868491,openfacts
3438910868675,openfacts
3438910868972,openfacts
3438910869146,openfacts
3438910869320,openfacts
3438910869344,openfacts
3438910869368,openfacts
3438910870579,openfacts
3438910871026,openfacts
3438910871217,openfacts
3438910871408,openfacts
3438910871705,openfacts
3438910871958,openfacts
3438910872061,openfacts
3438910872108,openfacts
3438910872207,openfacts
3438910872757,openfacts
3438910872771,openfacts
3438910872870,openfacts
3438910872931,openfacts
3438910872948,openfacts
3438910872962,openfacts
3438910873099,openfacts
3438910873273,openfacts
3438910873280,openfacts
3438910873327,openfacts
3438910873334,openfacts
3438910873341,openfacts
3438910873365,openfacts
3438910873501,openfacts
3438910873525,openfacts
3438910873532,openfacts
3438910873556,openfacts
3438910873655,openfacts
3438910873716,openfacts
3438910873846,openfacts
3438910874249,openfacts
3438910874256,openfacts
3438910874362,openfacts
3438910874515,openfacts
3438910874546,openfacts
3438910874683,openfacts
3438910875321,openfacts
3438910875420,openfacts
3438910875437,openfacts
3438910876502,openfacts
3438910876946,openfacts
3438910876960,openfacts
3438910877004,openfacts
3438910877776,openfacts
3438910878353,openfacts
3438910879060,openfacts
3438910879459,openfacts
3438910880035,openfacts
3438910880738,openfacts
3438910881438,openfacts
3438910881834,openfacts
3438912121211,openfacts
3438930018067,openfacts
3438930444347,openfacts
3438931000115,openfacts
3438931000344,openfacts
3438931000580,openfacts
3438931000597,openfacts
3438931001136,openfacts
3438931001143,openfacts
3438931001150,openfacts
3438931001518,openfacts
3438931007329,openfacts
3438931007589,openfacts
3438931008111,openfacts
3438931008463,openfacts
3438931008876,openfacts
3438931009439,openfacts
3438931010312,openfacts
3438931010411,openfacts
3438931010428,openfacts
3438931010565,openfacts
3438931011227,openfacts
3438931011234,openfacts
3438931011258,openfacts
3438931012354,openfacts
3438931014747,openfacts
3438931015034,openfacts
3438931015249,openfacts
3438931016208,openfacts
3438931016222,openfacts
3438931016260,openfacts
3438931016857,openfacts
3438931017632,openfacts
3438931018530,openfacts
3438931018547,openfacts
3438931019414,openfacts
3438931019735,openfacts
3438931019742,openfacts
3438931019766,openfacts
3438931019780,openfacts
3438931019797,openfacts
3438931020502,openfacts
3438931020519,openfacts
3438931021035,openfacts
3438931021042,openfacts
3438931021110,openfacts
3438931021578,openfacts
3438931022438,openfacts
3438931022445,openfacts
3438931022605,openfacts
3438931023367,openfacts
3438933002681,openfacts
3438935010653,openfacts
3438945040015,openfacts
3438945040022,openfacts
3438945040039,openfacts
3438945040046,openfacts
3438945040053,openfacts
3438945040060,openfacts
3438945040077,openfacts
3438945040084,openfacts
3438945040107,openfacts
3438945040114,openfacts
3438945040121,openfacts
3438945040145,openfacts
3438945040152,openfacts
3438945040213,openfacts
3438945040282,openfacts
3438945040343,openfacts
3438945040350,openfacts
3438945040374,openfacts
3438945040428,openfacts
3438945040435,openfacts
3438945040442,openfacts
3438945040480,openfacts
3438945040497,openfacts
3438945040503,openfacts
3438945040602,openfacts
3438945040619,openfacts
3438945040633,openfacts
3438945040640,openfacts
3438945040664,openfacts
3438945040671,openfacts
3438945040770,openfacts
3438945040787,openfacts
3438945040800,openfacts
3438945040817,openfacts
3438945040831,openfacts
3438945040848,openfacts
3438945040855,openfacts
3438945040879,openfacts
3438945040893,openfacts
3438945040947,openfacts
3438945040978,openfacts
3438945040992,openfacts
3438945041012,openfacts
3438945041074,openfacts
3438945041081,openfacts
3438945041098,openfacts
3438945041104,openfacts
3438945041142,openfacts
3438945041173,openfacts
3438945041197,openfacts
3438945041203,openfacts
3438945041210,openfacts
3438945042088,openfacts
3438945042095,openfacts
3438945046000,openfacts
3438980288878,openfacts
3438980353538,openfacts
3439141111202,openfacts
3439143017106,openfacts
3439143017205,openfacts
3439144610009,openfacts
3439144611105,openfacts
3439144710006,openfacts
3439146111009,openfacts
3439146161004,openfacts
3439146211006,openfacts
3439146511007,openfacts
3439146561002,openfacts
3439146811008,openfacts
3439149011207,openfacts
3439274101019,openfacts
3439274111018,openfacts
3439280000573,openfacts
3439280000627,openfacts
3439307159178,openfacts
3439460000058,openfacts
3439471400281,openfacts
3439489709291,openfacts
3439495000092,openfacts
3439495000177,openfacts
3439495000276,openfacts
3439495000450,openfacts
3439495000597,openfacts
3439495000634,openfacts
3439495000962,openfacts
3439495001082,openfacts
3439495001273,openfacts
3439495001389,openfacts
3439495001402,openfacts
3439495001433,openfacts
3439495001440,openfacts
3439495001587,openfacts
3439495001754,openfacts
3439495001778,openfacts
3439495001891,openfacts
3439495002485,openfacts
3439495002638,openfacts
3439495002768,openfacts
3439495003109,openfacts
3439495003154,openfacts
3439495003253,openfacts
3439495003260,openfacts
3439495003277,openfacts
3439495003307,openfacts
3439495003314,openfacts
3439495003338,openfacts
3439495003345,openfacts
3439495003956,openfacts
3439495003963,openfacts
3439495004045,openfacts
3439495004298,openfacts
3439495004410,openfacts
3439495004458,openfacts
3439495004465,openfacts
3439495004472,openfacts
3439495004489,openfacts
3439495004496,openfacts
3439495004526,openfacts
3439495004533,openfacts
3439495004540,openfacts
3439495004861,openfacts
3439495004878,openfacts
3439495004908,openfacts
3439495004915,openfacts
3439495004922,openfacts
3439495004939,openfacts
3439495004953,openfacts
3439495005080,openfacts
3439495005141,openfacts
3439495005158,openfacts
3439495005738,openfacts
3439495005790,openfacts
3439495005806,openfacts
3439495005813,openfacts
3439495005929,openfacts
3439495005943,openfacts
3439495006438,openfacts
3439495006506,openfacts
3439495006568,openfacts
3439495006629,openfacts
3439495006971,openfacts
3439495007008,openfacts
3439495007015,openfacts
3439495007022,openfacts
3439495007046,openfacts
3439495007114,openfacts
3439495007121,openfacts
3439495007138,openfacts
3439495007145,openfacts
3439495007169,openfacts
3439495007176,openfacts
3439495007206,openfacts
3439495007213,openfacts
3439495007220,openfacts
3439495007312,openfacts
3439495007329,openfacts
3439495007336,openfacts
3439495007343,openfacts
3439495007350,openfacts
3439495007480,openfacts
3439495007626,openfacts
3439495007657,openfacts
3439495007664,openfacts
3439495007749,openfacts
3439495007886,openfacts
3439495008005,openfacts
3439495008265,openfacts
3439495008326,openfacts
3439495008418,openfacts
3439495008630,openfacts
3439495008661,openfacts
3439495008678,openfacts
3439495008692,openfacts
3439495008708,openfacts
3439495008814,openfacts
3439495008821,openfacts
3439495008838,openfacts
3439495008845,openfacts
3439495008852,openfacts
3439495008869,openfacts
3439495008890,openfacts
3439495008968,openfacts
3439495009002,openfacts
3439495009026,openfacts
3439495009088,openfacts
3439495009095,openfacts
3439495009118,openfacts
3439495009125,openfacts
3439495009132,openfacts
3439495009637,openfacts
3439495009729,openfacts
3439495010145,openfacts
3439495010152,openfacts
3439495010183,openfacts
3439495010275,openfacts
3439495010282,openfacts
3439495010299,openfacts
3439495010312,openfacts
3439495010978,openfacts
3439495010992,openfacts
3439495011043,openfacts
3439495011050,openfacts
3439495011067,openfacts
3439495011074,openfacts
3439495011081,openfacts
3439495011098,openfacts
3439495011104,openfacts
3439495011371,openfacts
3439495011449,openfacts
3439495011470,openfacts
3439495011487,openfacts
3439495011616,openfacts
3439495011838,openfacts
3439495012101,openfacts
3439495012118,openfacts
3439495012125,openfacts
3439495012286,openfacts
3439495012361,openfacts
3439495012378,openfacts
3439495016482,openfacts
3439495020052,openfacts
3439495020380,openfacts
3439495020410,openfacts
3439495020427,openfacts
3439495020458,openfacts
3439495020465,openfacts
3439495021059,openfacts
3439495021073,openfacts
3439495021080,openfacts
3439495021097,openfacts
3439495021103,openfacts
3439495021110,openfacts
3439495021134,openfacts
3439495021196,openfacts
3439495021219,openfacts
3439495021233,openfacts
3439495021240,openfacts
3439495021271,openfacts
3439495021288,openfacts
3439495021349,openfacts
3439495021356,openfacts
3439495021363,openfacts
3439495021387,openfacts
3439495022018,openfacts
3439495022070,openfacts
3439495022100,openfacts
3439495022179,openfacts
3439495022261,openfacts
3439495022278,openfacts
3439495022490,openfacts
3439495022506,openfacts
3439495022513,openfacts
3439495022520,openfacts
3439495022537,openfacts
3439495022759,openfacts
3439495022797,openfacts
3439495022803,openfacts
3439495022834,openfacts
3439495022933,openfacts
3439495022940,openfacts
3439495022957,openfacts
3439495022964,openfacts
3439495023312,openfacts
3439495023398,openfacts
3439495023428,openfacts
3439495023480,openfacts
3439495023527,openfacts
3439495023541,openfacts
3439495023633,openfacts
3439495023640,openfacts
3439495023657,openfacts
3439495023664,openfacts
3439495023817,openfacts
3439495023848,openfacts
3439495023879,openfacts
3439495023961,openfacts
3439495023978,openfacts
3439495023985,openfacts
3439495023992,openfacts
3439495024111,openfacts
3439495024142,openfacts
3439495024173,openfacts
3439495024180,openfacts
3439495024210,openfacts
3439495024258,openfacts
3439495024272,openfacts
3439495024418,openfacts
3439495024425,openfacts
3439495024432,openfacts
3439495024449,openfacts
3439495024456,openfacts
3439495024562,openfacts
3439495024784,openfacts
3439495024821,openfacts
3439495024845,openfacts
3439495024937,openfacts
3439495025002,openfacts
3439495025033,openfacts
3439495025064,openfacts
3439495025361,openfacts
3439495025385,openfacts
3439495025576,openfacts
3439495025590,openfacts
3439495025613,openfacts
3439495100761,openfacts
3439495100778,openfacts
3439495100815,openfacts
3439495100822,openfacts
3439495100839,openfacts
3439495100853,openfacts
3439495100860,openfacts
3439495100877,openfacts
3439495100884,openfacts
3439495100891,openfacts
3439495100907,openfacts
3439495100921,openfacts
3439495100938,openfacts
3439495100945,openfacts
3439495100952,openfacts
3439495100976,openfacts
3439495100990,openfacts
3439495101003,openfacts
3439495101010,openfacts
3439495101027,openfacts
3439495101034,openfacts
3439495101041,openfacts
3439495101058,openfacts
3439495101102,openfacts
3439495101126,openfacts
3439495101294,openfacts
3439495101355,openfacts
3439495101386,openfacts
3439495101515,openfacts
3439495101522,openfacts
3439495101560,openfacts
3439495101751,openfacts
3439495101850,openfacts
3439495101881,openfacts
3439495101898,openfacts
3439495101959,openfacts
3439495101980,openfacts
3439495102000,openfacts
3439495102055,openfacts
3439495102451,openfacts
3439495102468,openfacts
3439495102635,openfacts
3439495102796,openfacts
3439495102833,openfacts
3439495102871,openfacts
3439495102888,openfacts
3439495102895,openfacts
3439495102901,openfacts
3439495102918,openfacts
3439495102925,openfacts
3439495102932,openfacts
3439495102956,openfacts
3439495102963,openfacts
3439495102970,openfacts
3439495102987,openfacts
3439495102994,openfacts
3439495103045,openfacts
3439495103076,openfacts
3439495103144,openfacts
3439495103168,openfacts
3439495103175,openfacts
3439495103205,openfacts
3439495103236,openfacts
3439495103250,openfacts
3439495103281,openfacts
3439495103298,openfacts
3439495103359,openfacts
3439495103366,openfacts
3439495103373,openfacts
3439495103380,openfacts
3439495103403,openfacts
3439495103434,openfacts
3439495103465,openfacts
3439495103878,openfacts
3439495103946,openfacts
3439495104066,openfacts
3439495104073,openfacts
3439495104080,openfacts
3439495104196,openfacts
3439495104295,openfacts
3439495104318,openfacts
3439495104325,openfacts
3439495104332,openfacts
3439495104516,openfacts
3439495104547,openfacts
3439495104554,openfacts
3439495104561,openfacts
3439495104578,openfacts
3439495104585,openfacts
3439495104592,openfacts
3439495104608,openfacts
3439495104615,openfacts
3439495104622,openfacts
3439495104639,openfacts
3439495104646,openfacts
3439495104653,openfacts
3439495104660,openfacts
3439495104677,openfacts
3439495104684,openfacts
3439495104691,openfacts
3439495104707,openfacts
3439495104783,openfacts
3439495104806,openfacts
3439495104905,openfacts
3439495105087,openfacts
3439495105131,openfacts
3439495105148,openfacts
3439495105575,openfacts
3439495105827,openfacts
3439495106145,openfacts
3439495106190,openfacts
3439495106206,openfacts
3439495106275,openfacts
3439495106282,openfacts
3439495106404,openfacts
3439495106428,openfacts
3439495106435,openfacts
3439495106442,openfacts
3439495106459,openfacts
3439495106497,openfacts
3439495106541,openfacts
3439495106572,openfacts
3439495106619,openfacts
3439495106817,openfacts
3439495106824,openfacts
3439495106831,openfacts
3439495106879,openfacts
3439495106893,openfacts
3439495106909,openfacts
3439495107074,openfacts
3439495107081,openfacts
3439495107098,openfacts
3439495107104,openfacts
3439495107111,openfacts
3439495107128,openfacts
3439495107135,openfacts
3439495107159,openfacts
3439495107166,openfacts
3439495107227,openfacts
3439495107234,openfacts
3439495107258,openfacts
3439495107289,openfacts
3439495107319,openfacts
3439495107340,openfacts
3439495107364,openfacts
3439495107487,openfacts
3439495107517,openfacts
3439495107524,openfacts
3439495107531,openfacts
3439495107548,openfacts
3439495107739,openfacts
3439495107746,openfacts
3439495107753,openfacts
3439495107760,openfacts
3439495107777,openfacts
3439495107814,openfacts
3439495107838,openfacts
3439495107852,openfacts
3439495107869,openfacts
3439495107876,openfacts
3439495107906,openfacts
3439495107913,openfacts
3439495107937,openfacts
3439495107951,openfacts
3439495108033,openfacts
3439495108040,openfacts
3439495108088,openfacts
3439495108279,openfacts
3439495108293,openfacts
3439495108347,openfacts
3439495108361,openfacts
3439495108439,openfacts
3439495108453,openfacts
3439495108521,openfacts
3439495108538,openfacts
3439495108613,openfacts
3439495108811,openfacts
3439495108859,openfacts
3439495108910,openfacts
3439495108958,openfacts
3439495108989,openfacts
3439495109207,openfacts
3439495109221,openfacts
3439495109245,openfacts
3439495109412,openfacts
3439495109436,openfacts
3439495109443,openfacts
3439495109474,openfacts
3439495109498,openfacts
3439495109719,openfacts
3439495109726,openfacts
3439495109733,openfacts
3439495109740,openfacts
3439495109757,openfacts
3439495109764,openfacts
3439495109979,openfacts
3439495110166,openfacts
3439495110173,openfacts
3439495110371,openfacts
3439495110500,openfacts
3439495110531,openfacts
3439495110548,openfacts
3439495110630,openfacts
3439495110654,openfacts
3439495110661,openfacts
3439495110920,openfacts
3439495111668,openfacts
3439495111699,openfacts
3439495111781,openfacts
3439495111804,openfacts
3439495111828,openfacts
3439495111866,openfacts
3439495111903,openfacts
3439495111927,openfacts
3439495111965,openfacts
3439495111989,openfacts
3439495112009,openfacts
3439495112085,openfacts
3439495112153,openfacts
3439495112160,openfacts
3439495112177,openfacts
3439495112184,openfacts
3439495112191,openfacts
3439495112207,openfacts
3439495112269,openfacts
3439495112276,openfacts
3439495112306,openfacts
3439495112368,openfacts
3439495112382,openfacts
3439495112429,openfacts
3439495112443,openfacts
3439495112702,openfacts
3439495112795,openfacts
3439495112863,openfacts
3439495112887,openfacts
3439495112900,openfacts
3439495112962,openfacts
3439495113266,openfacts
3439495113297,openfacts
3439495113327,openfacts
3439495113365,openfacts
3439495113389,openfacts
3439495113488,openfacts
3439495113686,openfacts
3439495114072,openfacts
3439495114089,openfacts
3439495114294,openfacts
3439495114393,openfacts
3439495120035,openfacts
3439495120097,openfacts
3439495120110,openfacts
3439495120165,openfacts
3439495120196,openfacts
3439495120233,openfacts
3439495120288,openfacts
3439495120318,openfacts
3439495120349,openfacts
3439495120370,openfacts
3439495120400,openfacts
3439495120431,openfacts
3439495120462,openfacts
3439495120493,openfacts
3439495120523,openfacts
3439495120554,openfacts
3439495120707,openfacts
3439495120752,openfacts
3439495120776,openfacts
3439495120783,openfacts
3439495120844,openfacts
3439495120981,openfacts
3439495121094,openfacts
3439495121124,openfacts
3439495121155,openfacts
3439495121162,openfacts
3439495121186,openfacts
3439495121216,openfacts
3439495121247,openfacts
3439495121346,openfacts
3439495121421,openfacts
3439495121483,openfacts
3439495121568,openfacts
3439495121605,openfacts
3439495121759,openfacts
3439495121810,openfacts
3439495121926,openfacts
3439495121933,openfacts
3439495121940,openfacts
3439495121957,openfacts
3439495121964,openfacts
3439495122022,openfacts
3439495122183,openfacts
3439495122381,openfacts
3439495122435,openfacts
3439495122565,openfacts
3439495122589,openfacts
3439495122633,openfacts
3439495122718,openfacts
3439495122954,openfacts
3439495122978,openfacts
3439495122992,openfacts
3439495123241,openfacts
3439495123272,openfacts
3439495123302,openfacts
3439495123333,openfacts
3439495123364,openfacts
3439495123395,openfacts
3439495123425,openfacts
3439495123456,openfacts
3439495123487,openfacts
3439495123517,openfacts
3439495123548,openfacts
3439495123579,openfacts
3439495123630,openfacts
3439495123661,openfacts
3439495123722,openfacts
3439495123784,openfacts
3439495124064,openfacts
3439495124095,openfacts
3439495124422,openfacts
3439495124651,openfacts
3439495124705,openfacts
3439495124736,openfacts
3439495124767,openfacts
3439495124798,openfacts
3439495125528,openfacts
3439495125559,openfacts
3439495125580,openfacts
3439495125702,openfacts
3439495125795,openfacts
3439495125825,openfacts
3439495125887,openfacts
3439495125917,openfacts
3439495125948,openfacts
3439495126273,openfacts
3439495126334,openfacts
3439495126365,openfacts
3439495126396,openfacts
3439495126525,openfacts
3439495126600,openfacts
3439495126648,openfacts
3439495126686,openfacts
3439495126723,openfacts
3439495126761,openfacts
3439495126808,openfacts
3439495126846,openfacts
3439495126921,openfacts
3439495127003,openfacts
3439495127096,openfacts
3439495127232,openfacts
3439495127263,openfacts
3439495127294,openfacts
3439495127331,openfacts
3439495127485,openfacts
3439495127522,openfacts
3439495127904,openfacts
3439495127959,openfacts
3439495128000,openfacts
3439495128147,openfacts
3439495128598,openfacts
3439495128741,openfacts
3439495128772,openfacts
3439495129076,openfacts
3439495129083,openfacts
3439495129250,openfacts
3439495173307,openfacts
3439495200126,openfacts
3439495200133,openfacts
3439495200478,openfacts
3439495200485,openfacts
3439495200492,openfacts
3439495200744,openfacts
3439495200751,openfacts
3439495200782,openfacts
3439495200812,openfacts
3439495200829,openfacts
3439495200874,openfacts
3439495200911,openfacts
3439495200928,openfacts
3439495200935,openfacts
3439495201024,openfacts
3439495201123,openfacts
3439495201178,openfacts
3439495201222,openfacts
3439495201246,openfacts
3439495201291,openfacts
3439495201307,openfacts
3439495201611,openfacts
3439495201628,openfacts
3439495201635,openfacts
3439495201642,openfacts
3439495201659,openfacts
3439495201666,openfacts
3439495201673,openfacts
3439495201819,openfacts
3439495202021,openfacts
3439495202038,openfacts
3439495202052,openfacts
3439495202069,openfacts
3439495202076,openfacts
3439495202083,openfacts
3439495202090,openfacts
3439495202106,openfacts
3439495202236,openfacts
3439495202304,openfacts
3439495202311,openfacts
3439495202373,openfacts
3439495202397,openfacts
3439495202403,openfacts
3439495202632,openfacts
3439495202694,openfacts
3439495202700,openfacts
3439495202717,openfacts
3439495202748,openfacts
3439495202779,openfacts
3439495202786,openfacts
3439495202939,openfacts
3439495202953,openfacts
3439495202960,openfacts
3439495202977,openfacts
3439495202984,openfacts
3439495202991,openfacts
3439495203035,openfacts
3439495203042,openfacts
3439495203059,openfacts
3439495203073,openfacts
3439495203134,openfacts
3439495203394,openfacts
3439495203431,openfacts
3439495203523,openfacts
3439495203578,openfacts
3439495203592,openfacts
3439495203899,openfacts
3439495203905,openfacts
3439495203912,openfacts
3439495203943,openfacts
3439495204056,openfacts
3439495204063,openfacts
3439495204070,openfacts
3439495204117,openfacts
3439495204148,openfacts
3439495204155,openfacts
3439495204162,openfacts
3439495204391,openfacts
3439495204407,openfacts
3439495204612,openfacts
3439495204964,openfacts
3439495205343,openfacts
3439495205350,openfacts
3439495205367,openfacts
3439495205381,openfacts
3439495205398,openfacts
3439495205671,openfacts
3439495205862,openfacts
3439495205879,openfacts
3439495206173,openfacts
3439495206180,openfacts
3439495206258,openfacts
3439495206265,openfacts
3439495206272,openfacts
3439495206302,openfacts
3439495206333,openfacts
3439495206395,openfacts
3439495206425,openfacts
3439495206487,openfacts
3439495206548,openfacts
3439495206661,openfacts
3439495206784,openfacts
3439495206814,openfacts
3439495206845,openfacts
3439495206876,openfacts
3439495206906,openfacts
3439495206937,openfacts
3439495207002,openfacts
3439495207026,openfacts
3439495207040,openfacts
3439495207057,openfacts
3439495207064,openfacts
3439495207101,openfacts
3439495207125,openfacts
3439495207231,openfacts
3439495207293,openfacts
3439495207323,openfacts
3439495207354,openfacts
3439495207385,openfacts
3439495207446,openfacts
3439495207477,openfacts
3439495207507,openfacts
3439495207538,openfacts
3439495207590,openfacts
3439495207651,openfacts
3439495207682,openfacts
3439495207712,openfacts
3439495207743,openfacts
3439495207750,openfacts
3439495207767,openfacts
3439495207811,openfacts
3439495207835,openfacts
3439495207903,openfacts
3439495207965,openfacts
3439495207996,openfacts
3439495208023,openfacts
3439495208085,openfacts
3439495208115,openfacts
3439495208153,openfacts
3439495208177,openfacts
3439495208207,openfacts
3439495208221,openfacts
3439495208405,openfacts
3439495208429,openfacts
3439495208443,openfacts
3439495208450,openfacts
3439495208474,openfacts
3439495208535,openfacts
3439495208597,openfacts
3439495208603,openfacts
3439495208672,openfacts
3439495208689,openfacts
3439495208696,openfacts
3439495208733,openfacts
3439495208986,openfacts
3439495209051,openfacts
3439495209068,openfacts
3439495209358,openfacts
3439495209389,openfacts
3439495209419,openfacts
3439495209471,openfacts
3439495209563,openfacts
3439495209570,openfacts
3439495209617,openfacts
3439495209648,openfacts
3439495209679,openfacts
3439495209815,openfacts
3439495209846,openfacts
3439495209877,openfacts
3439495209907,openfacts
3439495209976,openfacts
3439495210156,openfacts
3439495210248,openfacts
3439495210279,openfacts
3439495210323,openfacts
3439495210453,openfacts
3439495220025,openfacts
3439495220063,openfacts
3439495220179,openfacts
3439495220223,openfacts
3439495220261,openfacts
3439495220285,openfacts
3439495220384,openfacts
3439495220407,openfacts
3439495220506,openfacts
3439495220544,openfacts
3439495220605,openfacts
3439495220643,openfacts
3439495220759,openfacts
3439495220803,openfacts
3439495220827,openfacts
3439495220841,openfacts
3439495220971,openfacts
3439495220995,openfacts
3439495221015,openfacts
3439495221022,openfacts
3439495221053,openfacts
3439495221268,openfacts
3439495221299,openfacts
3439495221329,openfacts
3439495221411,openfacts
3439495221695,openfacts
3439495221725,openfacts
3439495221732,openfacts
3439495221763,openfacts
3439495221794,openfacts
3439495221916,openfacts
3439495222005,openfacts
3439495222036,openfacts
3439495222180,openfacts
3439495222210,openfacts
3439495222272,openfacts
3439495222357,openfacts
3439495222371,openfacts
3439495222401,openfacts
3439495222449,openfacts
3439495222470,openfacts
3439495222500,openfacts
3439495222593,openfacts
3439495222685,openfacts
3439495222883,openfacts
3439495222951,openfacts
3439495223033,openfacts
3439495223071,openfacts
3439495223156,openfacts
3439495223163,openfacts
3439495223170,openfacts
3439495223293,openfacts
3439495223354,openfacts
3439495223385,openfacts
3439495223798,openfacts
3439495223859,openfacts
3439495223910,openfacts
3439495224320,openfacts
3439495224344,openfacts
3439495224450,openfacts
3439495224467,openfacts
3439495224474,openfacts
3439495224498,openfacts
3439495224504,openfacts
3439495224573,openfacts
3439495224627,openfacts
3439495224665,openfacts
3439495224689,openfacts
3439495224702,openfacts
3439495224863,openfacts
3439495224887,openfacts
3439495300024,openfacts
3439495301786,openfacts
3439495301793,openfacts
3439495301977,openfacts
3439495302905,openfacts
3439495303537,openfacts
3439495303551,openfacts
3439495303575,openfacts
3439495303599,openfacts
3439495303773,openfacts
3439495303971,openfacts
3439495304015,openfacts
3439495304152,openfacts
3439495304169,openfacts
3439495304183,openfacts
3439495304442,openfacts
3439495304596,openfacts
3439495304725,openfacts
3439495304824,openfacts
3439495304947,openfacts
3439495305067,openfacts
3439495305449,openfacts
3439495305586,openfacts
3439495305623,openfacts
3439495310023,openfacts
3439495400229,openfacts
3439495400243,openfacts
3439495400250,openfacts
3439495400274,openfacts
3439495400281,openfacts
3439495400298,openfacts
3439495400304,openfacts
3439495400311,openfacts
3439495400328,openfacts
3439495400342,openfacts
3439495400359,openfacts
3439495400533,openfacts
3439495400779,openfacts
3439495400786,openfacts
3439495401066,openfacts
3439495401202,openfacts
3439495401233,openfacts
3439495401240,openfacts
3439495401318,openfacts
3439495401363,openfacts
3439495401370,openfacts
3439495401400,openfacts
3439495401448,openfacts
3439495401745,openfacts
3439495401752,openfacts
3439495401868,openfacts
3439495401875,openfacts
3439495401882,openfacts
3439495401899,openfacts
3439495401981,openfacts
3439495402063,openfacts
3439495402162,openfacts
3439495402278,openfacts
3439495402285,openfacts
3439495402308,openfacts
3439495402513,openfacts
3439495402575,openfacts
3439495402599,openfacts
3439495402605,openfacts
3439495402612,openfacts
3439495402629,openfacts
3439495402643,openfacts
3439495402650,openfacts
3439495402797,openfacts
3439495402810,openfacts
3439495402902,openfacts
3439495402919,openfacts
3439495402926,openfacts
3439495402995,openfacts
3439495403121,openfacts
3439495403206,openfacts
3439495403268,openfacts
3439495403275,openfacts
3439495403282,openfacts
3439495403374,openfacts
3439495403411,openfacts
3439495403428,openfacts
3439495403473,openfacts
3439495403534,openfacts
3439495403558,openfacts
3439495403572,openfacts
3439495403589,openfacts
3439495403596,openfacts
3439495403602,openfacts
3439495403794,openfacts
3439495403817,openfacts
3439495403824,openfacts
3439495403831,openfacts
3439495403848,openfacts
3439495403855,openfacts
3439495403862,openfacts
3439495403886,openfacts
3439495403916,openfacts
3439495403923,openfacts
3439495403954,openfacts
3439495403961,openfacts
3439495403978,openfacts
3439495403985,openfacts
3439495403992,openfacts
3439495404005,openfacts
3439495404012,openfacts
3439495404029,openfacts
3439495404036,openfacts
3439495404043,openfacts
3439495404050,openfacts
3439495404067,openfacts
3439495404074,openfacts
3439495404081,openfacts
3439495404098,openfacts
3439495404111,openfacts
3439495404128,openfacts
3439495404135,openfacts
3439495404142,openfacts
3439495404159,openfacts
3439495404166,openfacts
3439495404197,openfacts
3439495404227,openfacts
3439495404272,openfacts
3439495404302,openfacts
3439495404326,openfacts
3439495404333,openfacts
3439495404340,openfacts
3439495404463,openfacts
3439495404562,openfacts
3439495404630,openfacts
3439495404654,openfacts
3439495404692,openfacts
3439495404739,openfacts
3439495404746,openfacts
3439495404777,openfacts
3439495404784,openfacts
3439495404814,openfacts
3439495404852,openfacts
3439495404906,openfacts
3439495404944,openfacts
3439495405026,openfacts
3439495405064,openfacts
3439495405088,openfacts
3439495405125,openfacts
3439495405156,openfacts
3439495405170,openfacts
3439495405187,openfacts
3439495405408,openfacts
3439495405439,openfacts
3439495405446,openfacts
3439495405453,openfacts
3439495405514,openfacts
3439495405538,openfacts
3439495405545,openfacts
3439495405576,openfacts
3439495405590,openfacts
3439495405606,openfacts
3439495405712,openfacts
3439495405781,openfacts
3439495405811,openfacts
3439495405835,openfacts
3439495405866,openfacts
3439495405903,openfacts
3439495405934,openfacts
3439495405941,openfacts
3439495405958,openfacts
3439495406030,openfacts
3439495406047,openfacts
3439495406061,openfacts
3439495406078,openfacts
3439495406139,openfacts
3439495406146,openfacts
3439495406153,openfacts
3439495406290,openfacts
3439495406313,openfacts
3439495406320,openfacts
3439495406344,openfacts
3439495406368,openfacts
3439495406467,openfacts
3439495406474,openfacts
3439495406504,openfacts
3439495406528,openfacts
3439495406559,openfacts
3439495406573,openfacts
3439495406603,openfacts
3439495406610,openfacts
3439495406641,openfacts
3439495406658,openfacts
3439495406672,openfacts
3439495406696,openfacts
3439495406719,openfacts
3439495406733,openfacts
3439495406757,openfacts
3439495406771,openfacts
3439495406795,openfacts
3439495406818,openfacts
3439495406832,openfacts
3439495406856,openfacts
3439495406870,openfacts
3439495406894,openfacts
3439495406931,openfacts
3439495406955,openfacts
3439495406979,openfacts
3439495406993,openfacts
3439495407006,openfacts
3439495407013,openfacts
3439495407044,openfacts
3439495407051,openfacts
3439495407075,openfacts
3439495407105,openfacts
3439495407211,openfacts
3439495407242,openfacts
3439495407259,openfacts
3439495407310,openfacts
3439495407402,openfacts
3439495407525,openfacts
3439495407532,openfacts
3439495407549,openfacts
3439495407556,openfacts
3439495407563,openfacts
3439495407570,openfacts
3439495407600,openfacts
3439495407624,openfacts
3439495407648,openfacts
3439495407709,openfacts
3439495407723,openfacts
3439495407815,openfacts
3439495407846,openfacts
3439495407877,openfacts
3439495407907,openfacts
3439495407938,openfacts
3439495407976,openfacts
3439495408003,openfacts
3439495408034,openfacts
3439495408065,openfacts
3439495408096,openfacts
3439495408157,openfacts
3439495408188,openfacts
3439495408362,openfacts
3439495408447,openfacts
3439495408454,openfacts
3439495408461,openfacts
3439495408478,openfacts
3439495408485,openfacts
3439495408508,openfacts
3439495408522,openfacts
3439495408652,openfacts
3439495408690,openfacts
3439495408713,openfacts
3439495408782,openfacts
3439495408881,openfacts
3439495408898,openfacts
3439495408904,openfacts
3439495408928,openfacts
3439495408935,openfacts
3439495408942,openfacts
3439495408959,openfacts
3439495408966,openfacts
3439495408973,openfacts
3439495409000,openfacts
3439495410013,openfacts
3439495410020,openfacts
3439495410051,openfacts
3439495410068,openfacts
3439495410075,openfacts
3439495410082,openfacts
3439495410099,openfacts
3439495420456,openfacts
3439495420463,openfacts
3439495420470,openfacts
3439495488845,openfacts
3439495500646,openfacts
3439495501049,openfacts
3439495501506,openfacts
3439495503272,openfacts
3439495503869,openfacts
3439495504224,openfacts
3439495504491,openfacts
3439495504620,openfacts
3439495504699,openfacts
3439495504903,openfacts
3439495504927,openfacts
3439495504941,openfacts
3439495504965,openfacts
3439495505061,openfacts
3439495505122,openfacts
3439495505337,openfacts
3439495505351,openfacts
3439495505382,openfacts
3439495505672,openfacts
3439495506044,openfacts
3439495506051,openfacts
3439495506709,openfacts
3439495506723,openfacts
3439495506761,openfacts
3439495506976,openfacts
3439495507119,openfacts
3439495507171,openfacts
3439495507287,openfacts
3439495507324,openfacts
3439495507621,openfacts
3439495507690,openfacts
3439495507706,openfacts
3439495507720,openfacts
3439495507874,openfacts
3439495507966,openfacts
3439495508086,openfacts
3439495508116,openfacts
3439495508369,openfacts
3439495508475,openfacts
3439495508680,openfacts
3439495508727,openfacts
3439495508789,openfacts
3439495509397,openfacts
3439495509656,openfacts
3439495600179,openfacts
3439495600230,openfacts
3439495600353,openfacts
3439495642575,openfacts
3439495900132,openfacts
3439495900163,openfacts
3439495900293,openfacts
3439495900422,openfacts
3439495900637,openfacts
3439495900712,openfacts
3439495900729,openfacts
3439495900743,openfacts
3439495900750,openfacts
3439495900774,openfacts
3439495900781,openfacts
3439495900798,openfacts
3439495901146,openfacts
3439495901252,openfacts
3439495901276,openfacts
3439495901351,openfacts
3439495901368,openfacts
3439495901412,openfacts
3439495901436,openfacts
3439495901443,openfacts
3439495901511,openfacts
3439495901573,openfacts
3439495901603,openfacts
3439495901627,openfacts
3439495901641,openfacts
3439495901672,openfacts
3439495901719,openfacts
3439495901740,openfacts
3439495901764,openfacts
3439495901788,openfacts
3439495901818,openfacts
3439495901832,openfacts
3439495901849,openfacts
3439495901856,openfacts
3439495901863,openfacts
3439495901870,openfacts
3439495901887,openfacts
3439495901900,openfacts
3439495902099,openfacts
3439495902105,openfacts
3439495902112,openfacts
3439495902136,openfacts
3439495902228,openfacts
3439495902280,openfacts
3439495902327,openfacts
3439495902365,openfacts
3439495902372,openfacts
3439495902426,openfacts
3439495902433,openfacts
3439495902471,openfacts
3439495902532,openfacts
3439495902549,openfacts
3439495902556,openfacts
3439495902563,openfacts
3439495902594,openfacts
3439495902600,openfacts
3439495902617,openfacts
3439495902761,openfacts
3439495902839,openfacts
3439495902846,openfacts
3439495902945,openfacts
3439495902976,openfacts
3439495902990,openfacts
3439495903010,openfacts
3439495903034,openfacts
3439495903072,openfacts
3439495903256,openfacts
3439495903317,openfacts
3439495903591,openfacts
3439495903621,openfacts
3439495903690,openfacts
3439495903744,openfacts
3439495903812,openfacts
3439495903836,openfacts
3439495903874,openfacts
3439495903898,openfacts
3439495904178,openfacts
3439495904253,openfacts
3439495904284,openfacts
3439495904512,openfacts
3439495904611,openfacts
3439495904642,openfacts
3439495904659,openfacts
3439495904956,openfacts
3439495950052,openfacts
3439495950090,openfacts
3439496000114,openfacts
3439496000138,openfacts
3439496000206,openfacts
3439496000398,openfacts
3439496000411,openfacts
3439496000510,openfacts
3439496000657,openfacts
3439496000701,openfacts
3439496000718,openfacts
3439496000725,openfacts
3439496000770,openfacts
3439496000787,openfacts
3439496000961,openfacts
3439496000978,openfacts
3439496001005,openfacts
3439496001098,openfacts
3439496001173,openfacts
3439496001180,openfacts
3439496001265,openfacts
3439496001319,openfacts
3439496001357,openfacts
3439496001401,openfacts
3439496001494,openfacts
3439496001524,openfacts
3439496001531,openfacts
3439496001548,openfacts
3439496001555,openfacts
3439496001562,openfacts
3439496001630,openfacts
3439496001647,openfacts
3439496001654,openfacts
3439496001692,openfacts
3439496001708,openfacts
3439496001715,openfacts
3439496001753,openfacts
3439496001760,openfacts
3439496001838,openfacts
3439496001845,openfacts
3439496001890,openfacts
3439496001975,openfacts
3439496001999,openfacts
3439496002002,openfacts
3439496002019,openfacts
3439496002101,openfacts
3439496002163,openfacts
3439496002170,openfacts
3439496002248,openfacts
3439496002255,openfacts
3439496002262,openfacts
3439496002279,openfacts
3439496002316,openfacts
3439496002323,openfacts
3439496002330,openfacts
3439496002347,openfacts
3439496002354,openfacts
3439496002620,openfacts
3439496002651,openfacts
3439496002682,openfacts
3439496002712,openfacts
3439496002736,openfacts
3439496002743,openfacts
3439496002767,openfacts
3439496002781,openfacts
3439496002798,openfacts
3439496002903,openfacts
3439496002934,openfacts
3439496002941,openfacts
3439496002965,openfacts
3439496003016,openfacts
3439496003030,openfacts
3439496003054,openfacts
3439496003078,openfacts
3439496003092,openfacts
3439496003115,openfacts
3439496003139,openfacts
3439496003160,openfacts
3439496003184,openfacts
3439496003207,openfacts
3439496003214,openfacts
3439496003221,openfacts
3439496003252,openfacts
3439496003337,openfacts
3439496003351,openfacts
3439496003375,openfacts
3439496003412,openfacts
3439496003429,openfacts
3439496003498,openfacts
3439496003528,openfacts
3439496003580,openfacts
3439496003610,openfacts
3439496003641,openfacts
3439496003672,openfacts
3439496003702,openfacts
3439496003733,openfacts
3439496003955,openfacts
3439496003986,openfacts
3439496004037,openfacts
3439496004112,openfacts
3439496004129,openfacts
3439496004167,openfacts
3439496004198,openfacts
3439496004228,openfacts
3439496004235,openfacts
3439496004556,openfacts
3439496010052,openfacts
3439496010069,openfacts
3439496010076,openfacts
3439496010083,openfacts
3439496010090,openfacts
3439496010106,openfacts
3439496010274,openfacts
3439496010304,openfacts
3439496200330,openfacts
3439496300078,openfacts
3439496300146,openfacts
3439496300191,openfacts
3439496300207,openfacts
3439496300214,openfacts
3439496300221,openfacts
3439496300504,openfacts
3439496300528,openfacts
3439496300535,openfacts
3439496300542,openfacts
3439496300559,openfacts
3439496300573,openfacts
3439496300719,openfacts
3439496300948,openfacts
3439496301044,openfacts
3439496301051,openfacts
3439496301174,openfacts
3439496301181,openfacts
3439496301198,openfacts
3439496301334,openfacts
3439496301358,openfacts
3439496301396,openfacts
3439496301419,openfacts
3439496301440,openfacts
3439496301457,openfacts
3439496301655,openfacts
3439496301679,openfacts
3439496301730,openfacts
3439496301747,openfacts
3439496301754,openfacts
3439496301914,openfacts
3439496302010,openfacts
3439496302027,openfacts
3439496302102,openfacts
3439496302119,openfacts
3439496302133,openfacts
3439496302201,openfacts
3439496302249,openfacts
3439496302256,openfacts
3439496302652,openfacts
3439496302676,openfacts
3439496302690,openfacts
3439496302706,openfacts
3439496302713,openfacts
3439496302720,openfacts
3439496302744,openfacts
3439496302928,openfacts
3439496302935,openfacts
3439496302942,openfacts
3439496303048,openfacts
3439496303086,openfacts
3439496303093,openfacts
3439496303109,openfacts
3439496303116,openfacts
3439496303123,openfacts
3439496303130,openfacts
3439496303215,openfacts
3439496303222,openfacts
3439496303383,openfacts
3439496303390,openfacts
3439496303406,openfacts
3439496303536,openfacts
3439496303567,openfacts
3439496303598,openfacts
3439496303628,openfacts
3439496303680,openfacts
3439496303710,openfacts
3439496303765,openfacts
3439496303796,openfacts
3439496303802,openfacts
3439496303871,openfacts
3439496304052,openfacts
3439496304083,openfacts
3439496304236,openfacts
3439496304267,openfacts
3439496304366,openfacts
3439496304397,openfacts
3439496304427,openfacts
3439496304458,openfacts
3439496304489,openfacts
3439496304540,openfacts
3439496304571,openfacts
3439496304632,openfacts
3439496304663,openfacts
3439496304694,openfacts
3439496304908,openfacts
3439496304939,openfacts
3439496305059,openfacts
3439496305110,openfacts
3439496305264,openfacts
3439496305356,openfacts
3439496305547,openfacts
3439496305615,openfacts
3439496305882,openfacts
3439496305912,openfacts
3439496306179,openfacts
3439496306209,openfacts
3439496306230,openfacts
3439496306261,openfacts
3439496306292,openfacts
3439496306391,openfacts
3439496306575,openfacts
3439496306629,openfacts
3439496306889,openfacts
3439496307039,openfacts
3439496310145,openfacts
3439496310183,openfacts
3439496310206,openfacts
3439496310244,openfacts
3439496310268,openfacts
3439496310299,openfacts
3439496310329,openfacts
3439496400143,openfacts
3439496400655,openfacts
3439496400754,openfacts
3439496401157,openfacts
3439496401652,openfacts
3439496402031,openfacts
3439496402406,openfacts
3439496402451,openfacts
3439496402475,openfacts
3439496402567,openfacts
3439496402758,openfacts
3439496402789,openfacts
3439496402796,openfacts
3439496402826,openfacts
3439496402840,openfacts
3439496402857,openfacts
3439496402864,openfacts
3439496402871,openfacts
3439496402888,openfacts
3439496402918,openfacts
3439496402932,openfacts
3439496402949,openfacts
3439496402956,openfacts
3439496402963,openfacts
3439496402970,openfacts
3439496402987,openfacts
3439496402994,openfacts
3439496403007,openfacts
3439496403014,openfacts
3439496403038,openfacts
3439496403052,openfacts
3439496403083,openfacts
3439496403137,openfacts
3439496403144,openfacts
3439496403236,openfacts
3439496403380,openfacts
3439496403694,openfacts
3439496403847,openfacts
3439496404233,openfacts
3439496404370,openfacts
3439496404462,openfacts
3439496404547,openfacts
3439496404622,openfacts
3439496404783,openfacts
3439496404790,openfacts
3439496404837,openfacts
3439496404981,openfacts
3439496405216,openfacts
3439496405254,openfacts
3439496405414,openfacts
3439496405735,openfacts
3439496405773,openfacts
3439496405780,openfacts
3439496405797,openfacts
3439496406169,openfacts
3439496406473,openfacts
3439496406503,openfacts
3439496406626,openfacts
3439496406985,openfacts
3439496407067,openfacts
3439496407135,openfacts
3439496407241,openfacts
3439496407395,openfacts
3439496407425,openfacts
3439496407579,openfacts
3439496407616,openfacts
3439496407623,openfacts
3439496407630,openfacts
3439496407685,openfacts
3439496407692,openfacts
3439496407708,openfacts
3439496407715,openfacts
3439496407807,openfacts
3439496407814,openfacts
3439496407838,openfacts
3439496407869,openfacts
3439496408040,openfacts
3439496408323,openfacts
3439496408392,openfacts
3439496408408,openfacts
3439496408415,openfacts
3439496408422,openfacts
3439496408439,openfacts
3439496408446,openfacts
3439496408453,openfacts
3439496408583,openfacts
3439496408750,openfacts
3439496408811,openfacts
3439496408835,openfacts
3439496408910,openfacts
3439496408941,openfacts
3439496409047,openfacts
3439496409108,openfacts
3439496409139,openfacts
3439496409160,openfacts
3439496409191,openfacts
3439496409344,openfacts
3439496409450,openfacts
3439496409504,openfacts
3439496409689,openfacts
3439496409702,openfacts
3439496409719,openfacts
3439496409733,openfacts
3439496409740,openfacts
3439496409856,openfacts
3439496409931,openfacts
3439496409979,openfacts
3439496410005,openfacts
3439496410043,openfacts
3439496420028,openfacts
3439496420059,openfacts
3439496420080,openfacts
3439496420301,openfacts
3439496420394,openfacts
3439496420974,openfacts
3439496421100,openfacts
3439496421131,openfacts
3439496421254,openfacts
3439496421285,openfacts
3439496422565,openfacts
3439496423111,openfacts
3439496423142,openfacts
3439496424187,openfacts
3439496424200,openfacts
3439496424439,openfacts
3439496424484,openfacts
3439496500010,openfacts
3439496500584,openfacts
3439496500744,openfacts
3439496506197,openfacts
3439496506234,openfacts
3439496506258,openfacts
3439496506289,openfacts
3439496506326,openfacts
3439496506333,openfacts
3439496506340,openfacts
3439496506395,openfacts
3439496508290,openfacts
3439496508306,openfacts
3439496508436,openfacts
3439496508474,openfacts
3439496508511,openfacts
3439496508573,openfacts
3439496508689,openfacts
3439496510163,openfacts
3439496510170,openfacts
3439496510996,openfacts
3439496511160,openfacts
3439496511177,openfacts
3439496511399,openfacts
3439496511405,openfacts
3439496511467,openfacts
3439496511900,openfacts
3439496511924,openfacts
3439496512907,openfacts
3439496513645,openfacts
3439496515786,openfacts
3439496520483,openfacts
3439496522982,openfacts
3439496524597,openfacts
3439496524832,openfacts
3439496525266,openfacts
3439496525273,openfacts
3439496526928,openfacts
3439496600024,openfacts
3439496600048,openfacts
3439496600055,openfacts
3439496600062,openfacts
3439496600246,openfacts
3439496600475,openfacts
3439496600482,openfacts
3439496600499,openfacts
3439496600529,openfacts
3439496601113,openfacts
3439496601120,openfacts
3439496601274,openfacts
3439496601281,openfacts
3439496601311,openfacts
3439496601335,openfacts
3439496601342,openfacts
3439496601403,openfacts
3439496601427,openfacts
3439496601458,openfacts
3439496601489,openfacts
3439496601496,openfacts
3439496601502,openfacts
3439496601526,openfacts
3439496601564,openfacts
3439496601700,openfacts
3439496601717,openfacts
3439496601724,openfacts
3439496601731,openfacts
3439496601779,openfacts
3439496601786,openfacts
3439496601793,openfacts
3439496601809,openfacts
3439496601816,openfacts
3439496601830,openfacts
3439496601854,openfacts
3439496601861,openfacts
3439496601885,openfacts
3439496601939,openfacts
3439496602035,openfacts
3439496602059,openfacts
3439496602066,openfacts
3439496602073,openfacts
3439496602080,openfacts
3439496602097,openfacts
3439496602110,openfacts
3439496602394,openfacts
3439496602400,openfacts
3439496602417,openfacts
3439496602424,openfacts
3439496602455,openfacts
3439496602462,openfacts
3439496602493,openfacts
3439496602691,openfacts
3439496602776,openfacts
3439496602790,openfacts
3439496602806,openfacts
3439496602820,openfacts
3439496602912,openfacts
3439496602998,openfacts
3439496603001,openfacts
3439496603070,openfacts
3439496603087,openfacts
3439496603094,openfacts
3439496603117,openfacts
3439496603124,openfacts
3439496603407,openfacts
3439496603414,openfacts
3439496603421,openfacts
3439496603438,openfacts
3439496603506,openfacts
3439496603513,openfacts
3439496603575,openfacts
3439496603582,openfacts
3439496603704,openfacts
3439496603711,openfacts
3439496603797,openfacts
3439496603841,openfacts
3439496603865,openfacts
3439496603940,openfacts
3439496603995,openfacts
3439496604008,openfacts
3439496604015,openfacts
3439496604022,openfacts
3439496604046,openfacts
3439496604138,openfacts
3439496604152,openfacts
3439496604176,openfacts
3439496604206,openfacts
3439496604220,openfacts
3439496604237,openfacts
3439496604299,openfacts
3439496604374,openfacts
3439496604541,openfacts
3439496604572,openfacts
3439496604619,openfacts
3439496604930,openfacts
3439496605241,openfacts
3439496605272,openfacts
3439496605388,openfacts
3439496605623,openfacts
3439496605630,openfacts
3439496605647,openfacts
3439496605708,openfacts
3439496605739,openfacts
3439496605838,openfacts
3439496605906,openfacts
3439496605937,openfacts
3439496605968,openfacts
3439496605999,openfacts
3439496606026,openfacts
3439496606057,openfacts
3439496606064,openfacts
3439496606170,openfacts
3439496606187,openfacts
3439496606231,openfacts
3439496606347,openfacts
3439496606620,openfacts
3439496606637,openfacts
3439496606668,openfacts
3439496606675,openfacts
3439496606682,openfacts
3439496606866,openfacts
3439496606989,openfacts
3439496607122,openfacts
3439496607146,openfacts
3439496607160,openfacts
3439496607221,openfacts
3439496607283,openfacts
3439496607290,openfacts
3439496607306,openfacts
3439496607313,openfacts
3439496607320,openfacts
3439496607337,openfacts
3439496607436,openfacts
3439496607467,openfacts
3439496607535,openfacts
3439496607542,openfacts
3439496607993,openfacts
3439496608020,openfacts
3439496608051,openfacts
3439496608082,openfacts
3439496608112,openfacts
3439496608174,openfacts
3439496608181,openfacts
3439496608198,openfacts
3439496608204,openfacts
3439496608228,openfacts
3439496608310,openfacts
3439496608372,openfacts
3439496608402,openfacts
3439496608433,openfacts
3439496608457,openfacts
3439496608648,openfacts
3439496608679,openfacts
3439496608686,openfacts
3439496608693,openfacts
3439496608709,openfacts
3439496608716,openfacts
3439496608846,openfacts
3439496608945,openfacts
3439496608976,openfacts
3439496609096,openfacts
3439496609126,openfacts
3439496609218,openfacts
3439496609560,openfacts
3439496609706,openfacts
3439496609768,openfacts
3439496609799,openfacts
3439496609829,openfacts
3439496609850,openfacts
3439496609911,openfacts
3439496609942,openfacts
3439496610009,openfacts
3439496610016,openfacts
3439496610115,openfacts
3439496610252,openfacts
3439496610269,openfacts
3439496610313,openfacts
3439496610320,openfacts
3439496610405,openfacts
3439496610580,openfacts
3439496610641,openfacts
3439496610672,openfacts
3439496610788,openfacts
3439496610818,openfacts
3439496620022,openfacts
3439496620053,openfacts
3439496620084,openfacts
3439496620114,openfacts
3439496620145,openfacts
3439496620206,openfacts
3439496620237,openfacts
3439496620367,openfacts
3439496620398,openfacts
3439496620404,openfacts
3439496620480,openfacts
3439496620534,openfacts
3439496620565,openfacts
3439496620596,openfacts
3439496620626,openfacts
3439496620657,openfacts
3439496620725,openfacts
3439496620756,openfacts
3439496620831,openfacts
3439496620862,openfacts
3439496621081,openfacts
3439496621111,openfacts
3439496621265,openfacts
3439496621296,openfacts
3439496621449,openfacts
3439496621531,openfacts
3439496621562,openfacts
3439496621593,openfacts
3439496621623,openfacts
3439496621654,openfacts
3439496621685,openfacts
3439496621715,openfacts
3439496621746,openfacts
3439496621777,openfacts
3439496621883,openfacts
3439496621913,openfacts
3439496621944,openfacts
3439496622019,openfacts
3439496622293,openfacts
3439496622323,openfacts
3439496622538,openfacts
3439496622590,openfacts
3439496622828,openfacts
3439496622859,openfacts
3439496622972,openfacts
3439496623023,openfacts
3439496623054,openfacts
3439496623085,openfacts
3439496623115,openfacts
3439496623306,openfacts
3439496623368,openfacts
3439496623429,openfacts
3439496623672,openfacts
3439496807195,openfacts
3439496809656,openfacts
3439496810195,openfacts
3439497000045,openfacts
3439497000052,openfacts
3439497000069,openfacts
3439497000120,openfacts
3439497000250,openfacts
3439497000939,openfacts
3439497002735,openfacts
3439497002780,openfacts
3439497002797,openfacts
3439497002902,openfacts
3439497002995,openfacts
3439497003398,openfacts
3439497003428,openfacts
3439497003442,openfacts
3439497003473,openfacts
3439497003480,openfacts
3439497003527,openfacts
3439497003534,openfacts
3439497003565,openfacts
3439497003718,openfacts
3439497003763,openfacts
3439497003794,openfacts
3439497003800,openfacts
3439497003817,openfacts
3439497003886,openfacts
3439497003893,openfacts
3439497003909,openfacts
3439497003916,openfacts
3439497003954,openfacts
3439497003985,openfacts
3439497003992,openfacts
3439497004005,openfacts
3439497004050,openfacts
3439497004067,openfacts
3439497004074,openfacts
3439497004135,openfacts
3439497004142,openfacts
3439497004159,openfacts
3439497004166,openfacts
3439497004173,openfacts
3439497004180,openfacts
3439497004197,openfacts
3439497004203,openfacts
3439497004210,openfacts
3439497004388,openfacts
3439497004944,openfacts
3439497005170,openfacts
3439497005309,openfacts
3439497005354,openfacts
3439497005569,openfacts
3439497005743,openfacts
3439497005750,openfacts
3439497005897,openfacts
3439497006238,openfacts
3439497006306,openfacts
3439497006313,openfacts
3439497006337,openfacts
3439497006344,openfacts
3439497006740,openfacts
3439497006764,openfacts
3439497006788,openfacts
3439497006801,openfacts
3439497006825,openfacts
3439497006849,openfacts
3439497006863,openfacts
3439497006887,openfacts
3439497006924,openfacts
3439497007037,openfacts
3439497007044,openfacts
3439497007075,openfacts
3439497007082,openfacts
3439497007099,openfacts
3439497007112,openfacts
3439497007129,openfacts
3439497007259,openfacts
3439497007280,openfacts
3439497007327,openfacts
3439497007341,openfacts
3439497007372,openfacts
3439497007396,openfacts
3439497007402,openfacts
3439497007419,openfacts
3439497007433,openfacts
3439497008232,openfacts
3439497008256,openfacts
3439497008270,openfacts
3439497008294,openfacts
3439497008492,openfacts
3439497008607,openfacts
3439497008614,openfacts
3439497008621,openfacts
3439497009291,openfacts
3439497009307,openfacts
3439497009314,openfacts
3439497009338,openfacts
3439497009345,openfacts
3439497009352,openfacts
3439497009390,openfacts
3439497009406,openfacts
3439497009437,openfacts
3439497009444,openfacts
3439497009482,openfacts
3439497009499,openfacts
3439497009505,openfacts
3439497009512,openfacts
3439497009529,openfacts
3439497009536,openfacts
3439497009550,openfacts
3439497009567,openfacts
3439497009574,openfacts
3439497009666,openfacts
3439497009673,openfacts
3439497009680,openfacts
3439497009710,openfacts
3439497009734,openfacts
3439497009857,openfacts
3439497009864,openfacts
3439497009888,openfacts
3439497009895,openfacts
3439497009901,openfacts
3439497009925,openfacts
3439497010983,openfacts
3439497011034,openfacts
3439497011225,openfacts
3439497011287,openfacts
3439497011300,openfacts
3439497011553,openfacts
3439497011577,openfacts
3439497011713,openfacts
3439497011737,openfacts
3439497011751,openfacts
3439497011775,openfacts
3439497011799,openfacts
3439497011812,openfacts
3439497011850,openfacts
3439497011874,openfacts
3439497011898,openfacts
3439497011959,openfacts
3439497012192,openfacts
3439497012215,openfacts
3439497012253,openfacts
3439497012277,openfacts
3439497012291,openfacts
3439497012314,openfacts
3439497012383,openfacts
3439497012550,openfacts
3439497012574,openfacts
3439497012659,openfacts
3439497012673,openfacts
3439497012819,openfacts
3439497012918,openfacts
3439497012932,openfacts
3439497013236,openfacts
3439497013250,openfacts
3439497013274,openfacts
3439497013298,openfacts
3439497013311,openfacts
3439497013946,openfacts
3439497014004,openfacts
3439497014028,openfacts
3439497014080,openfacts
3439497014110,openfacts
3439497014127,openfacts
3439497014134,openfacts
3439497014158,openfacts
3439497014172,openfacts
3439497014196,openfacts
3439497014219,openfacts
3439497014257,openfacts
3439497014271,openfacts
3439497014295,openfacts
3439497014356,openfacts
3439497014370,openfacts
3439497014394,openfacts
3439497014417,openfacts
3439497014431,openfacts
3439497014516,openfacts
3439497014530,openfacts
3439497014554,openfacts
3439497014578,openfacts
3439497014592,openfacts
3439497014615,openfacts
3439497014639,openfacts
3439497014653,openfacts
3439497014677,openfacts
3439497014806,openfacts
3439497014837,openfacts
3439497014851,openfacts
3439497014882,openfacts
3439497014905,openfacts
3439497014929,openfacts
3439497014936,openfacts
3439497015001,openfacts
3439497015049,openfacts
3439497015056,openfacts
3439497015063,openfacts
3439497015186,openfacts
3439497015193,openfacts
3439497015216,openfacts
3439497015223,openfacts
3439497015230,openfacts
3439497015247,openfacts
3439497015254,openfacts
3439497015285,openfacts
3439497015292,openfacts
3439497015308,openfacts
3439497015315,openfacts
3439497015407,openfacts
3439497015438,openfacts
3439497015445,openfacts
3439497015612,openfacts
3439497015629,openfacts
3439497015766,openfacts
3439497015780,openfacts
3439497015889,openfacts
3439497015940,openfacts
3439497015964,openfacts
3439497015988,openfacts
3439497016190,openfacts
3439497016213,openfacts
3439497016237,openfacts
3439497016565,openfacts
3439497016732,openfacts
3439497017050,openfacts
3439497017074,openfacts
3439497017098,openfacts
3439497017302,openfacts
3439497017326,openfacts
3439497017944,openfacts
3439497017968,openfacts
3439497018392,openfacts
3439497018439,openfacts
3439497018460,openfacts
3439497018477,openfacts
3439497018682,openfacts
3439497018705,openfacts
3439497018729,openfacts
3439497018743,openfacts
3439497018767,openfacts
3439497018781,openfacts
3439497018804,openfacts
3439497018828,openfacts
3439497018842,openfacts
3439497018880,openfacts
3439497018965,openfacts
3439497018972,openfacts
3439497018989,openfacts
3439497019092,openfacts
3439497019108,openfacts
3439497019191,openfacts
3439497019252,openfacts
3439497019283,openfacts
3439497019306,openfacts
3439497019368,openfacts
3439497019474,openfacts
3439497019535,openfacts
3439497019658,openfacts
3439497019665,openfacts
3439497019740,openfacts
3439497019764,openfacts
3439497019788,openfacts
3439497019870,openfacts
3439497019887,openfacts
3439497020050,openfacts
3439497020074,openfacts
3439497020210,openfacts
3439497020227,openfacts
3439497020234,openfacts
3439497020302,openfacts
3439497020357,openfacts
3439497020395,openfacts
3439497020401,openfacts
3439497020418,openfacts
3439497020548,openfacts
3439497020555,openfacts
3439497020623,openfacts
3439497020685,openfacts
3439497020777,openfacts
3439497020845,openfacts
3439497020869,openfacts
3439497020883,openfacts
3439497020890,openfacts
3439497020906,openfacts
3439497021064,openfacts
3439497021118,openfacts
3439497021217,openfacts
3439497021316,openfacts
3439497021477,openfacts
3439497177402,openfacts
3439497440063,openfacts
3439497635438,openfacts
3439499000517,openfacts
3439499001620,openfacts
3439499001798,openfacts
3439499001934,openfacts
3439499002023,openfacts
3439499002122,openfacts
3439499002146,openfacts
3439499002269,openfacts
3439499002320,openfacts
3439499002344,openfacts
3439499002665,openfacts
3439500749657,openfacts
3439570000092,openfacts
3439570000108,openfacts
3439570000115,openfacts
3439570000504,openfacts
3439570000603,openfacts
3439570000801,openfacts
3439600018424,openfacts
3439600030495,item_master
3439600052312,openfacts
3439600055153,item_master
3439600056655,openfacts
3439600056914,openfacts
3439600200126,openfacts
3439601204635,openfacts
3439610000365,openfacts
3439610001003,openfacts
3439730019926,openfacts
3439760001113,openfacts
3439760001168,openfacts
3439760001175,openfacts
3439760001199,openfacts
3439760001205,openfacts
3439760001212,openfacts
3439779000039,openfacts
3439779464411,openfacts
3439790002579,openfacts
3439790002999,openfacts
3439810000011,openfacts
3439810000028,openfacts
3439810000080,openfacts
3439810000097,openfacts
3439810000110,openfacts
3439810000141,openfacts
3439810000158,openfacts
3439810000165,openfacts
3439810000332,openfacts
3439810000349,openfacts
3439810000387,openfacts
3439810000394,openfacts
3439867777720,openfacts
3439867777775,openfacts
3439868822214,openfacts
3439868888814,openfacts
3439869048088,openfacts
3439869541206,openfacts
3439869888844,openfacts
