ean13,source
3420000555527,openfacts
3420010232159,openfacts
3420020000014,openfacts
3420020000038,openfacts
3420020460474,openfacts
3420020472743,openfacts
3420020477656,openfacts
3420021767640,openfacts
3420022000012,openfacts
3420022004768,openfacts
3420022054008,openfacts
3420022500017,openfacts
3420022500062,openfacts
3420023500016,openfacts
3420024600012,openfacts
3420024600029,openfacts
3420024647666,openfacts
3420024766008,openfacts
3420025000019,openfacts
3420025000026,openfacts
3420040220010,openfacts
3420070039781,openfacts
3420092594541,openfacts
3420130000089,openfacts
3420130000126,openfacts
3420130000140,openfacts
3420130000157,openfacts
3420130000164,openfacts
3420130000416,openfacts
3420130001086,openfacts
3420130001123,openfacts
3420130001352,openfacts
3420130001628,openfacts
3420130002137,openfacts
3420130004032,openfacts
3420130004803,openfacts
3420130008474,openfacts
3420130008504,openfacts
3420130011283,openfacts
3420130011344,openfacts
3420130011412,openfacts
3420130011511,openfacts
3420130011542,openfacts
3420130011764,openfacts
3420130011900,openfacts
3420130011955,openfacts
3420130012723,openfacts
3420130014123,openfacts
3420130014949,openfacts
3420130017254,openfacts
3420130018015,openfacts
3420130018022,openfacts
3420130018121,openfacts
3420130018145,openfacts
3420130018190,openfacts
3420130018459,openfacts
3420130018480,openfacts
3420130018749,openfacts
3420130018763,openfacts
3420130018824,openfacts
3420130018930,openfacts
3420130018947,openfacts
3420130028618,openfacts
3420130051210,openfacts
3420130054228,openfacts
3420130068546,openfacts
3420130068560,openfacts
3420130071409,openfacts
3420130071416,openfacts
3420130071423,openfacts
3420130071430,openfacts
3420130071447,openfacts
3420130071454,openfacts
3420130071461,openfacts
3420130071485,openfacts
3420130071492,openfacts
3420130081507,openfacts
3420130081514,openfacts
3420130081521,openfacts
3420130081545,openfacts
3420130081552,openfacts
3420130081569,openfacts
3420130098277,openfacts
3420130401046,openfacts
3420130408120,openfacts
3420130711657,openfacts
3420131001498,openfacts
3420131011244,openfacts
3420131011299,openfacts
3420131011367,openfacts
3420131118141,openfacts
3420131701305,openfacts
3420131701589,openfacts
3420132013155,openfacts
3420133011020,openfacts
3420133011051,openfacts
3420133011068,openfacts
3420133011082,openfacts
3420133011099,openfacts
3420133011716,openfacts
3420133011990,openfacts
3420133013161,openfacts
3420135028163,openfacts
3420136011317,openfacts
3420136011935,openfacts
3420136011966,openfacts
3420136011973,openfacts
3420136014912,openfacts
3420136018323,openfacts
3420138013500,openfacts
3420138013517,openfacts
3420152011919,openfacts
3420152026630,openfacts
3420152026647,openfacts
3420152085019,openfacts
3420174717080,openfacts
3420201379618,openfacts
3420211056424,openfacts
3420216181282,openfacts
3420230000019,openfacts
3420230000026,openfacts
3420230000040,openfacts
3420230000071,openfacts
3420230000132,openfacts
3420230000156,openfacts
3420230000194,openfacts
3420230001238,openfacts
3420230001436,openfacts
3420230001528,openfacts
3420230001542,openfacts
3420230001597,openfacts
3420230001696,openfacts
3420230001740,openfacts
3420230001818,openfacts
3420230001924,openfacts
3420230001962,openfacts
3420230001979,openfacts
3420240000153,openfacts
3420251116706,openfacts
3420252722227,openfacts
3420254137395,openfacts
3420300000260,openfacts
3420300013093,openfacts
3420300016100,openfacts
3420300019309,openfacts
3420300019606,openfacts
3420300019613,openfacts
3420300019668,openfacts
3420300019859,openfacts
3420300019910,openfacts
3420300029605,openfacts
3420300029858,openfacts
3420300029919,openfacts
3420300030069,openfacts
3420300030267,openfacts
3420300181211,openfacts
3420301704808,openfacts
3420313020408,openfacts
3420313020514,openfacts
3420313028022,openfacts
3420313029005,openfacts
3420410001607,openfacts
3420430000017,openfacts
3420430000253,openfacts
3420430001106,openfacts
3420490000385,openfacts
3420573103767,openfacts
3420581122019,openfacts
3420581126000,openfacts
3420581640018,openfacts
3420581761010,openfacts
3420586602080,openfacts
3420587002018,openfacts
3420587011508,openfacts
3420589611010,openfacts
3420589973019,openfacts
3420629070258,openfacts
3420629070272,openfacts
3420629107008,openfacts
3420629108012,openfacts
3420629108029,openfacts
3420629108036,openfacts
3420629108043,openfacts
3420629108050,openfacts
3420629108067,openfacts
3420629108098,openfacts
3420629108111,openfacts
3420629108135,openfacts
3420629108142,openfacts
3420629108159,openfacts
3420629108166,openfacts
3420629108173,openfacts
3420629108180,openfacts
3420629108197,openfacts
3420629108227,openfacts
3420629108241,openfacts
3420629108265,openfacts
3420629108272,openfacts
3420629108289,openfacts
3420629108296,openfacts
3420629108302,openfacts
3420629108333,openfacts
3420629108340,openfacts
3420629108364,openfacts
3420629108395,openfacts
3420629108418,openfacts
3420629108500,openfacts
3420629108517,openfacts
3420629108531,openfacts
3420629108654,openfacts
3420629108685,openfacts
3420629108708,openfacts
3420629108715,openfacts
3420629108722,openfacts
3420629108739,openfacts
3420629108753,openfacts
3420629108791,openfacts
3420629108821,openfacts
3420629108838,openfacts
3420629108876,openfacts
3420629108913,openfacts
3420629108920,openfacts
3420629108937,openfacts
3420629109125,openfacts
3420629109132,openfacts
3420629109149,openfacts
3420629109200,openfacts
3420629109255,openfacts
3420629109316,openfacts
3420629109392,openfacts
3420629109408,openfacts
3420629109422,openfacts
3420629109460,openfacts
3420629109491,openfacts
3420629109507,openfacts
3420629109514,openfacts
3420629109521,openfacts
3420629109538,openfacts
3420629109606,openfacts
3420629109620,openfacts
3420629120014,openfacts
3420629120021,openfacts
3420629120038,openfacts
3420629120045,openfacts
3420629201003,openfacts
3420629202000,openfacts
3420629208002,openfacts
3420629302502,openfacts
3420629302557,openfacts
3420629305008,openfacts
3420629305053,openfacts
3420629510105,openfacts
3420629630100,openfacts
3420629632500,openfacts
3420629700056,openfacts
3420652887977,openfacts
3420744416153,openfacts
3420790000016,openfacts
3420790000023,openfacts
3420790000047,openfacts
3420790000054,openfacts
3420790000108,openfacts
3420790000139,openfacts
3420790000146,openfacts
3420790000153,openfacts
3420790000160,openfacts
3420790000221,openfacts
3420791000015,openfacts
3420820000245,openfacts
3420820000436,openfacts
3420820000450,openfacts
3420820008241,openfacts
3420820009040,openfacts
3420820009590,openfacts
3420820009606,openfacts
3420820009620,openfacts
3420820009637,openfacts
3420820009880,openfacts
3420820012750,openfacts
3420820014280,openfacts
3420820016277,openfacts
3420820016284,openfacts
3420820016444,openfacts
3420820017038,openfacts
3420820017083,openfacts
3420820017519,openfacts
3420820017816,openfacts
3420820020052,openfacts
3420820020243,openfacts
3420820020281,openfacts
3420820022025,openfacts
3420820025231,openfacts
3420820029185,openfacts
3420820031690,openfacts
3420820035025,openfacts
3420820392081,openfacts
3420820392272,openfacts
3420820394832,openfacts
3420820401332,openfacts
3420820407471,openfacts
3420820413427,openfacts
3420850020022,openfacts
3420850020039,openfacts
3420850020046,openfacts
3420850021029,openfacts
3420850021050,openfacts
3420850021067,openfacts
3420850021074,openfacts
3420850021081,openfacts
3420850021098,openfacts
3420850021104,openfacts
3420850021111,openfacts
3420850021128,openfacts
3420850022040,openfacts
3420850022057,openfacts
3420850022088,openfacts
3420850022125,openfacts
3420850022149,openfacts
3420850022156,openfacts
3420850024037,openfacts
3420850024044,openfacts
3420900107666,openfacts
3420900113773,openfacts
3420900120078,openfacts
3420900124151,openfacts
3420920897165,openfacts
3421004446736,openfacts
3421010000021,openfacts
3421010000106,openfacts
3421010000113,openfacts
3421010000342,openfacts
3421010000380,openfacts
3421010000441,openfacts
3421010000502,openfacts
3421010000526,openfacts
3421010000533,openfacts
3421010000540,openfacts
3421010000557,openfacts
3421010000564,openfacts
3421010000571,openfacts
3421010000625,openfacts
3421010000632,openfacts
3421010000649,openfacts
3421010000786,openfacts
3421010000793,openfacts
3421010000809,openfacts
3421010001028,openfacts
3421010001035,openfacts
3421010001127,openfacts
3421010001301,openfacts
3421010001387,openfacts
3421010001394,openfacts
3421010001479,openfacts
3421010001516,openfacts
3421010001554,openfacts
3421010001608,openfacts
3421010001615,openfacts
3421010001660,openfacts
3421010001677,openfacts
3421010001684,openfacts
3421010002353,openfacts
3421010002360,openfacts
3421010002377,openfacts
3421010002384,openfacts
3421010002391,openfacts
3421010002438,openfacts
3421010002452,openfacts
3421010002506,openfacts
3421010002513,openfacts
3421010002537,openfacts
3421010002544,openfacts
3421010002568,openfacts
3421010002582,openfacts
3421010002599,openfacts
3421010002605,openfacts
3421010002759,openfacts
3421010002780,openfacts
3421010002834,openfacts
3421010002865,openfacts
3421010002889,openfacts
3421010002957,openfacts
3421010002971,openfacts
3421010003091,openfacts
3421010003107,openfacts
3421010003213,openfacts
3421010003442,openfacts
3421010003770,openfacts
3421010003831,openfacts
3421010004357,openfacts
3421010004579,openfacts
3421010004630,openfacts
3421010004685,openfacts
3421010004692,openfacts
3421010004722,openfacts
3421010004746,openfacts
3421010004784,openfacts
3421010004814,openfacts
3421010004845,openfacts
3421010004920,openfacts
3421010004944,openfacts
3421010004968,openfacts
3421010005385,openfacts
3421010005392,openfacts
3421010005514,openfacts
3421010005538,openfacts
3421010005583,openfacts
3421010005682,openfacts
3421010005774,openfacts
3421010005781,openfacts
3421010006436,openfacts
3421010006443,openfacts
3421010006580,openfacts
3421010006597,openfacts
3421010006610,openfacts
3421010006887,openfacts
3421010007013,openfacts
3421010007068,openfacts
3421010007242,openfacts
3421010007488,openfacts
3421010007518,openfacts
3421010007624,openfacts
3421010007693,openfacts
3421010007990,openfacts
3421010008850,openfacts
3421014887406,openfacts
3421019001098,openfacts
3421019001111,openfacts
3421019001128,openfacts
3421072204313,openfacts
3421072204481,openfacts
3421072204498,openfacts
3421072204504,openfacts
3421072204511,openfacts
3421102814444,openfacts
3421103008705,openfacts
3421107000712,openfacts
3421110001195,openfacts
3421110001331,openfacts
3421110001348,openfacts
3421110137337,openfacts
3421110202479,openfacts
3421110204176,openfacts
3421110216186,openfacts
3421110217183,openfacts
3421110402350,openfacts
3421110404217,openfacts
3421110404477,openfacts
3421110432470,openfacts
3421110530336,openfacts
3421110621218,openfacts
3421110626046,openfacts
3421110820475,openfacts
3421110960317,openfacts
3421111168330,openfacts
3421111202478,openfacts
3421111231478,openfacts
3421111501359,openfacts
3421111901210,openfacts
3421111904334,openfacts
3421111919352,openfacts
3421112162351,openfacts
3421112307356,openfacts
3421112315351,openfacts
3421112360351,openfacts
3421112461355,openfacts
3421112466220,openfacts
3421112481353,openfacts
3421112500030,openfacts
3421112500054,openfacts
3421112500061,openfacts
3421112500078,openfacts
3421112500085,openfacts
3421112500092,openfacts
3421112801335,openfacts
3421112811570,openfacts
3421112981471,openfacts
3421113480478,openfacts
3421113580475,openfacts
3421114301338,openfacts
3421114301475,openfacts
3421115260474,openfacts
3421116000017,openfacts
3421117007114,openfacts
3421117101331,openfacts
3421117211474,openfacts
3421117221336,openfacts
3421117221473,openfacts
3421117601336,openfacts
3421117605471,openfacts
3421117607338,openfacts
3421117608939,openfacts
3421117804331,openfacts
3421118002293,openfacts
3421118003399,openfacts
3421118221472,openfacts
3421119281475,openfacts
3421119283479,openfacts
3421120740015,openfacts
3421137104008,openfacts
3421149000312,openfacts
3421178123068,openfacts
3421200008592,openfacts
3421200009674,openfacts
3421200049540,openfacts
3421200054728,openfacts
3421271125211,wikidata
3421271199816,openfacts
3421271300410,openfacts
3421271300724,wikidata
3421271301516,wikidata
3421271303114,wikidata
3421271303411,openfacts
3421271397113,wikidata
3421271400226,openfacts
3421271400813,wikidata
3421271401216,wikidata
3421271401810,wikidata
3421271413516,openfacts
3421271416319,openfacts
3421271815211,wikidata
3421271878728,openfacts
3421272100521,openfacts
3421272100620,wikidata
3421272101313,openfacts
3421272101337,openfacts
3421272103218,wikidata
3421272103324,openfacts
3421272103614,wikidata
3421272103911,wikidata
3421272104024,openfacts
3421272104116,wikidata
3421272104925,openfacts
3421272105816,wikidata
3421272106011,openfacts
3421272106219,wikidata
3421272106813,openfacts
3421272108114,wikidata
3421272108312,wikidata
3421272109012,openfacts
3421272109814,wikidata
3421272110216,openfacts
3421272111916,wikidata
3421272112715,wikidata
3421272114719,wikidata
3421272115013,openfacts
3421272116423,openfacts
3421272117215,openfacts
3421272315314,wikidata
3421272416813,wikidata
3421272421114,openfacts
3421272422913,openfacts
3421272824311,openfacts
3421272834518,openfacts
3421274330339,wikidata
3421276805415,openfacts
3421277802918,openfacts
3421277803014,openfacts
3421277803113,openfacts
3421277806411,openfacts
3421299654243,openfacts
3421311010309,openfacts
3421312010162,openfacts
3421312010292,openfacts
3421315010299,openfacts
3421315110111,openfacts
3421315110128,openfacts
3421315210187,openfacts
3421319033515,openfacts
3421330000015,openfacts
3421330000022,openfacts
3421330000046,openfacts
3421330000091,openfacts
3421330004327,openfacts
3421330005355,openfacts
3421330005362,openfacts
3421330005386,openfacts
3421330005430,openfacts
3421330005447,openfacts
3421330005508,openfacts
3421330005546,openfacts
3421330077017,openfacts
3421330145006,openfacts
3421331311103,openfacts
3421331314005,openfacts
3421331314012,openfacts
3421331315002,openfacts
3421331511008,openfacts
3421331511015,openfacts
3421331511022,openfacts
3421331513019,openfacts
3421331513026,openfacts
3421331513040,openfacts
3421331514009,openfacts
3421331514016,openfacts
3421331514023,openfacts
3421331514030,openfacts
3421333001026,openfacts
3421333010080,openfacts
3421334100025,openfacts
3421335001017,openfacts
3421335001024,openfacts
3421335001062,openfacts
3421335001079,openfacts
3421335100024,openfacts
3421335300004,openfacts
3421335300011,openfacts
3421336000002,openfacts
3421336000019,openfacts
3421336000033,openfacts
3421336100009,openfacts
3421336102010,openfacts
3421370000303,openfacts
3421370000426,openfacts
3421370000525,openfacts
3421370000532,openfacts
3421370000624,openfacts
3421370000648,openfacts
3421370000785,openfacts
3421370005001,openfacts
3421370012429,openfacts
3421370012573,openfacts
3421370012627,openfacts
3421370012641,openfacts
3421370012665,openfacts
3421370012689,openfacts
3421370012702,openfacts
3421370012726,openfacts
3421370013204,openfacts
3421370013259,openfacts
3421370019114,openfacts
3421370019152,openfacts
3421370019190,openfacts
3421370350095,openfacts
3421370530350,openfacts
3421370601241,openfacts
3421371102181,openfacts
3421371102228,openfacts
3421371105052,openfacts
3421371105106,openfacts
3421371107032,openfacts
3421371310166,openfacts
3421371330010,openfacts
3421371330034,openfacts
3421371350056,openfacts
3421371370115,openfacts
3421371370139,openfacts
3421371505708,openfacts
3421371505852,openfacts
3421371505913,openfacts
3421371508600,openfacts
3421371508778,openfacts
3421371508808,openfacts
3421371508822,openfacts
3421371508846,openfacts
3421371509447,openfacts
3421371509911,openfacts
3421371509935,openfacts
3421371509973,openfacts
3421371509980,openfacts
3421371509997,openfacts
3421371510009,openfacts
3421371510030,openfacts
3421371510078,openfacts
3421371510085,openfacts
3421371510092,openfacts
3421371510115,openfacts
3421371510122,openfacts
3421371510139,openfacts
3421371510146,openfacts
3421371510177,openfacts
3421371510214,openfacts
3421371510221,openfacts
3421371510252,openfacts
3421371510269,openfacts
3421371510276,openfacts
3421371510283,openfacts
3421371510290,openfacts
3421371510399,openfacts
3421371510412,openfacts
3421371510436,openfacts
3421371510443,openfacts
3421371510450,openfacts
3421371510665,openfacts
3421371510856,openfacts
3421371510955,openfacts
3421371511396,openfacts
3421371511426,openfacts
3421371511518,openfacts
3421371511532,openfacts
3421371511549,openfacts
3421371512089,openfacts
3421371512096,openfacts
3421371512508,openfacts
3421371512584,openfacts
3421371512591,openfacts
3421371512652,openfacts
3421371513147,openfacts
3421371513161,openfacts
3421371513192,openfacts
3421371513208,openfacts
3421371513239,openfacts
3421371513246,openfacts
3421371513611,openfacts
3421371513635,usda
3421371513673,openfacts
3421371513680,openfacts
3421371513697,openfacts
3421371513703,openfacts
3421371513741,openfacts
3421371513840,openfacts
3421371513871,openfacts
3421371513895,openfacts
3421371513901,openfacts
3421371513932,openfacts
3421371514557,openfacts
3421371514601,openfacts
3421371514618,openfacts
3421371514632,openfacts
3421371515493,openfacts
3421371515523,openfacts
3421371515530,openfacts
3421371515585,openfacts
3421371515592,openfacts
3421371515608,openfacts
3421371515622,openfacts
3421371515721,openfacts
3421371515738,openfacts
3421371515745,openfacts
3421371515769,openfacts
3421371515851,openfacts
3421371515981,openfacts
3421371516032,openfacts
3421371516063,openfacts
3421371516537,openfacts
3421371516568,openfacts
3421371516759,openfacts
3421371516766,openfacts
3421371516773,openfacts
3421371516780,openfacts
3421371516858,openfacts
3421371516889,openfacts
3421371516896,openfacts
3421371517114,openfacts
3421371517893,openfacts
3421371517909,openfacts
3421371517916,openfacts
3421371517923,openfacts
3421371517947,openfacts
3421371517954,openfacts
3421371517961,openfacts
3421371517978,openfacts
3421371517985,openfacts
3421371517992,openfacts
3421371518005,openfacts
3421371518012,openfacts
3421371518029,openfacts
3421371518036,openfacts
3421371518043,openfacts
3421371518050,openfacts
3421371518067,openfacts
3421371518074,openfacts
3421371518081,openfacts
3421371518098,openfacts
3421371518104,openfacts
3421371518227,openfacts
3421371518234,openfacts
3421371518555,openfacts
3421371518609,openfacts
3421371518708,openfacts
3421371518944,openfacts
3421371519088,openfacts
3421371519354,openfacts
3421371519361,openfacts
3421371519378,openfacts
3421371519392,openfacts
3421371519446,openfacts
3421371519453,openfacts
3421371519460,openfacts
3421371519477,openfacts
3421371519484,openfacts
3421371519491,openfacts
3421371519521,openfacts
3421371519576,openfacts
3421371519583,openfacts
3421371519613,openfacts
3421371519637,openfacts
3421371519651,openfacts
3421371519668,openfacts
3421371519675,openfacts
3421371519682,openfacts
3421371519699,openfacts
3421371519705,openfacts
3421371519712,openfacts
3421371519729,openfacts
3421371519736,openfacts
3421371519750,openfacts
3421371519767,openfacts
3421371519774,openfacts
3421371519781,openfacts
3421371519798,openfacts
3421371519804,openfacts
3421371519811,openfacts
3421371519828,openfacts
3421371519835,openfacts
3421371519842,openfacts
3421371519859,openfacts
3421371519866,openfacts
3421371519880,openfacts
3421371519903,openfacts
3421371519927,openfacts
3421371520145,openfacts
3421371520152,openfacts
3421371520213,openfacts
3421371520466,openfacts
3421371520473,openfacts
3421371520633,openfacts
3421371520855,openfacts
3421371521067,openfacts
3421371521135,openfacts
3421371521159,openfacts
3421371521166,openfacts
3421371521180,openfacts
3421371521197,openfacts
3421371521203,openfacts
3421371521210,openfacts
3421371521227,openfacts
3421371521234,openfacts
3421371521272,openfacts
3421371521289,openfacts
3421371521296,openfacts
3421371521302,openfacts
3421371521319,openfacts
3421371521326,openfacts
3421371521333,openfacts
3421371521531,openfacts
3421371522026,openfacts
3421371522040,openfacts
3421371522132,openfacts
3421371522224,openfacts
3421371522231,openfacts
3421371522248,openfacts
3421371522255,openfacts
3421371522262,openfacts
3421371522279,openfacts
3421371522286,openfacts
3421371522293,openfacts
3421371522309,openfacts
3421371522316,openfacts
3421371522323,openfacts
3421371522330,openfacts
3421371522347,openfacts
3421371522354,openfacts
3421371522378,openfacts
3421371522392,openfacts
3421371522408,openfacts
3421371522415,openfacts
3421371522422,openfacts
3421371522439,openfacts
3421371522446,openfacts
3421371522453,openfacts
3421371522712,openfacts
3421371522736,openfacts
3421371523122,openfacts
3421371523481,openfacts
3421371523498,openfacts
3421371523504,openfacts
3421371523535,openfacts
3421371523627,openfacts
3421371523672,openfacts
3421371523832,openfacts
3421371523887,openfacts
3421371523894,openfacts
3421371523924,openfacts
3421371524112,openfacts
3421371524129,openfacts
3421371524136,openfacts
3421371524143,openfacts
3421371524150,openfacts
3421371524167,openfacts
3421371524174,openfacts
3421371524181,openfacts
3421371524211,openfacts
3421371524242,openfacts
3421371524648,openfacts
3421371524709,openfacts
3421371524815,openfacts
3421371524822,openfacts
3421371524839,openfacts
3421371524846,openfacts
3421371524860,openfacts
3421371525317,openfacts
3421371525324,openfacts
3421371525331,openfacts
3421371525348,openfacts
3421371525386,openfacts
3421371525393,openfacts
3421371525409,openfacts
3421371525423,openfacts
3421371525430,openfacts
3421371525454,openfacts
3421371526826,openfacts
3421371527199,openfacts
3421371527212,openfacts
3421371527335,openfacts
3421371527359,openfacts
3421371527489,openfacts
3421371527496,openfacts
3421371527519,openfacts
3421371527526,openfacts
3421371527533,openfacts
3421371527816,openfacts
3421371527823,openfacts
3421371527830,openfacts
3421371527847,openfacts
3421371527854,openfacts
3421371527861,openfacts
3421371527946,openfacts
3421371528257,openfacts
3421371528509,openfacts
3421371528547,openfacts
3421371528554,openfacts
3421371528592,openfacts
3421371528615,openfacts
3421371528653,openfacts
3421371528660,openfacts
3421371528677,openfacts
3421371528684,openfacts
3421371528691,openfacts
3421371528707,openfacts
3421371528721,openfacts
3421371528745,openfacts
3421371528752,openfacts
3421371529766,openfacts
3421371529773,openfacts
3421371530274,openfacts
3421371530366,openfacts
3421371530373,openfacts
3421371530380,openfacts
3421371530397,openfacts
3421371530403,openfacts
3421371530410,openfacts
3421371530427,openfacts
3421371530434,openfacts
3421371530441,openfacts
3421371530595,openfacts
3421371530618,openfacts
3421371530625,openfacts
3421371530632,openfacts
3421371530649,openfacts
3421371531165,openfacts
3421371531226,openfacts
3421371531264,openfacts
3421371531271,openfacts
3421371531288,openfacts
3421371531301,openfacts
3421371531318,openfacts
3421371531325,openfacts
3421371531332,openfacts
3421371531578,openfacts
3421371531585,openfacts
3421371531875,openfacts
3421371531882,openfacts
3421371531899,openfacts
3421371531905,openfacts
3421371531912,openfacts
3421371531929,openfacts
3421371531936,openfacts
3421371531974,openfacts
3421371532025,openfacts
3421371532032,openfacts
3421371532308,openfacts
3421371532643,openfacts
3421371532872,openfacts
3421371532889,openfacts
3421371532896,openfacts
3421371533084,openfacts
3421371533107,openfacts
3421371533152,openfacts
3421371533169,openfacts
3421371533367,openfacts
3421371533374,openfacts
3421371533381,openfacts
3421371533398,openfacts
3421371533404,openfacts
3421371533534,openfacts
3421371533541,openfacts
3421371533657,openfacts
3421371533701,openfacts
3421371533817,openfacts
3421371533824,openfacts
3421371533947,openfacts
3421371534128,openfacts
3421371534135,openfacts
3421371534142,openfacts
3421371534159,openfacts
3421371534166,openfacts
3421371534173,openfacts
3421371534180,openfacts
3421371534197,openfacts
3421371534203,openfacts
3421371534234,openfacts
3421371534241,openfacts
3421371534258,openfacts
3421371534265,openfacts
3421371534272,openfacts
3421371534296,openfacts
3421371534302,openfacts
3421371534319,openfacts
3421371534326,openfacts
3421371534333,openfacts
3421371534340,openfacts
3421371534357,openfacts
3421371534364,openfacts
3421371534371,openfacts
3421371534388,openfacts
3421371535460,openfacts
3421371535767,openfacts
3421371535774,openfacts
3421371535781,openfacts
3421371535934,openfacts
3421371535941,openfacts
3421371536092,openfacts
3421371536146,openfacts
3421371536160,openfacts
3421371536177,openfacts
3421371536184,openfacts
3421371536207,openfacts
3421371536399,openfacts
3421371536429,openfacts
3421371536696,openfacts
3421371536719,openfacts
3421371536924,openfacts
3421371536931,openfacts
3421371536948,openfacts
3421371536962,openfacts
3421371536979,openfacts
3421371537136,openfacts
3421371537235,openfacts
3421371537426,openfacts
3421371537457,openfacts
3421371537488,openfacts
3421371537501,openfacts
3421371537792,openfacts
3421371537808,openfacts
3421371537976,openfacts
3421371539154,openfacts
3421371539215,openfacts
3421371539734,openfacts
3421371539741,openfacts
3421371540167,openfacts
3421371540556,openfacts
3421371540563,openfacts
3421371540570,openfacts
3421371540587,openfacts
3421371540594,openfacts
3421371540617,openfacts
3421371540624,openfacts
3421371540631,openfacts
3421371540716,openfacts
3421371540938,openfacts
3421371541171,openfacts
3421371713691,openfacts
3421372080136,openfacts
3421372101039,openfacts
3421372101169,openfacts
3421372102036,openfacts
3421372102050,openfacts
3421372104146,openfacts
3421372104160,openfacts
3421372105051,openfacts
3421372108014,openfacts
3421372201043,openfacts
3421372201067,openfacts
3421372201081,openfacts
3421372206017,openfacts
3421372207014,openfacts
3421372310097,openfacts
3421372310127,openfacts
3421372340032,openfacts
3421372340056,openfacts
3421372340063,openfacts
3421372350017,openfacts
3421372350024,openfacts
3421372350093,openfacts
3421372350116,openfacts
3421372370077,openfacts
3421372509514,openfacts
3421372509545,openfacts
3421372509606,openfacts
3421372509613,openfacts
3421372509668,openfacts
3421372511913,openfacts
3421372513351,openfacts
3421372513566,openfacts
3421372516307,openfacts
3421372516314,openfacts
3421372516321,openfacts
3421372516338,openfacts
3421372517144,openfacts
3421372518127,openfacts
3421372518882,openfacts
3421372518905,openfacts
3421372518912,openfacts
3421372518929,openfacts
3421372518936,openfacts
3421372523190,openfacts
3421372523213,openfacts
3421372524562,openfacts
3421372524883,openfacts
3421372526139,openfacts
3421372527082,openfacts
3421372527396,openfacts
3421372527402,openfacts
3421372527426,openfacts
3421372527631,openfacts
3421372527655,openfacts
3421372527662,openfacts
3421372527679,openfacts
3421372527686,openfacts
3421372529307,openfacts
3421372529338,openfacts
3421372530778,openfacts
3421372535346,openfacts
3421372536657,openfacts
3421372537111,openfacts
3421372537128,openfacts
3421372537227,openfacts
3421372538088,openfacts
3421372540760,openfacts
3421372540920,openfacts
3421375000070,openfacts
3421375300149,openfacts
3421375310032,openfacts
3421375509238,openfacts
3421375509290,openfacts
3421375509306,openfacts
3421375509702,openfacts
3421375509719,openfacts
3421375509757,openfacts
3421375512788,openfacts
3421375513785,openfacts
3421375513792,openfacts
3421375515246,openfacts
3421375515253,openfacts
3421375515260,openfacts
3421375515277,openfacts
3421375516502,openfacts
3421375517622,openfacts
3421375517639,openfacts
3421375517691,openfacts
3421375517707,openfacts
3421375517721,openfacts
3421375519411,openfacts
3421375521094,openfacts
3421375521117,openfacts
3421375521124,openfacts
3421375521926,openfacts
3421375521933,openfacts
3421375521940,openfacts
3421375521957,openfacts
3421375521964,openfacts
3421375523555,openfacts
3421375523562,openfacts
3421375523586,openfacts
3421375523593,openfacts
3421375523609,openfacts
3421375523616,openfacts
3421375524750,openfacts
3421375525696,openfacts
3421375525733,openfacts
3421375525740,openfacts
3421375525757,openfacts
3421375525788,openfacts
3421375526242,openfacts
3421375526280,openfacts
3421375527454,openfacts
3421375527461,openfacts
3421375528161,openfacts
3421375528178,openfacts
3421375528185,openfacts
3421375528192,openfacts
3421375531123,openfacts
3421375531390,openfacts
3421375533189,openfacts
3421375533516,openfacts
3421375534094,openfacts
3421375535985,openfacts
3421375539068,openfacts
3421375539075,openfacts
3421375539082,openfacts
3421375539099,openfacts
3421375539600,openfacts
3421375539921,openfacts
3421375539945,openfacts
3421375541337,openfacts
3421375541344,openfacts
3421376310031,openfacts
3421458922244,openfacts
3421540108594,openfacts
3421540501142,openfacts
3421540501883,openfacts
3421551000023,openfacts
3421551970203,openfacts
3421551976786,openfacts
3421553110027,openfacts
3421553848449,openfacts
3421557010187,openfacts
3421557010392,openfacts
3421557010507,openfacts
3421557011511,openfacts
3421557101045,openfacts
3421557101069,openfacts
3421557101083,openfacts
3421557101090,openfacts
3421557101373,openfacts
3421557101380,openfacts
3421557102004,openfacts
3421557102110,openfacts
3421557102134,openfacts
3421557103001,openfacts
3421557104008,openfacts
3421557104060,openfacts
3421557106002,openfacts
3421557106026,openfacts
3421557106033,openfacts
3421557106040,openfacts
3421557106064,openfacts
3421557106071,openfacts
3421557106088,openfacts
3421557106095,openfacts
3421557107009,openfacts
3421557107047,openfacts
3421557107054,openfacts
3421557107061,openfacts
3421557107078,openfacts
3421557107368,openfacts
3421557107504,openfacts
3421557108037,openfacts
3421557108051,openfacts
3421557108068,openfacts
3421557108075,openfacts
3421557108082,openfacts
3421557108099,openfacts
3421557108105,openfacts
3421557108136,openfacts
3421557108150,openfacts
3421557108266,openfacts
3421557108310,openfacts
3421557108341,openfacts
3421557108365,openfacts
3421557108426,openfacts
3421557108594,openfacts
3421557108617,openfacts
3421557108624,openfacts
3421557108631,openfacts
3421557109997,openfacts
3421557110009,openfacts
3421557110016,openfacts
3421557110023,openfacts
3421557110030,openfacts
3421557110061,openfacts
3421557110092,openfacts
3421557110139,openfacts
3421557110207,openfacts
3421557110214,openfacts
3421557110221,openfacts
3421557110269,openfacts
3421557110306,openfacts
3421557110313,openfacts
3421557110320,openfacts
3421557110344,openfacts
3421557110351,openfacts
3421557110368,openfacts
3421557110382,openfacts
3421557111006,openfacts
3421557111020,openfacts
3421557111044,openfacts
3421557111051,openfacts
3421557111105,openfacts
3421557111112,openfacts
3421557111136,openfacts
3421557111198,openfacts
3421557111273,openfacts
3421557111297,openfacts
3421557111747,openfacts
3421557111877,openfacts
3421557111891,openfacts
3421557112003,openfacts
3421557112010,openfacts
3421557112027,openfacts
3421557112089,openfacts
3421557112096,openfacts
3421557112102,openfacts
3421557112669,openfacts
3421557162220,openfacts
3421557302008,openfacts
3421557303005,openfacts
3421557361685,openfacts
3421557401008,openfacts
3421557401015,openfacts
3421557401022,openfacts
3421557401039,openfacts
3421557401091,openfacts
3421557401107,openfacts
3421557401138,openfacts
3421557401176,openfacts
3421557401183,openfacts
3421557401190,openfacts
3421557401206,openfacts
3421557401213,openfacts
3421557401558,openfacts
3421557401954,openfacts
3421557432002,openfacts
3421557455575,openfacts
3421557464546,openfacts
3421557500046,openfacts
3421557500695,openfacts
3421557500749,openfacts
3421557500756,openfacts
3421557500763,openfacts
3421557500848,openfacts
3421557500855,openfacts
3421557500893,openfacts
3421557500909,openfacts
3421557500923,openfacts
3421557500954,openfacts
3421557500978,openfacts
3421557500985,openfacts
3421557501005,openfacts
3421557501029,openfacts
3421557501067,openfacts
3421557501074,openfacts
3421557501111,openfacts
3421557501142,openfacts
3421557501197,openfacts
3421557501265,openfacts
3421557501272,openfacts
3421557501302,openfacts
3421557501401,openfacts
3421557501418,openfacts
3421557501432,openfacts
3421557501463,openfacts
3421557501470,openfacts
3421557501487,openfacts
3421557501494,openfacts
3421557501500,openfacts
3421557501517,openfacts
3421557501524,openfacts
3421557501531,openfacts
3421557501548,openfacts
3421557501555,openfacts
3421557501562,openfacts
3421557501579,openfacts
3421557501586,openfacts
3421557501593,openfacts
3421557501609,openfacts
3421557501616,openfacts
3421557501630,openfacts
3421557501647,openfacts
3421557501654,openfacts
3421557501661,openfacts
3421557501678,openfacts
3421557501685,openfacts
3421557501692,openfacts
3421557501715,openfacts
3421557501722,openfacts
3421557501807,openfacts
3421557501869,openfacts
3421557501883,openfacts
3421557501890,openfacts
3421557501968,openfacts
3421557501975,openfacts
3421557501982,openfacts
3421557502002,openfacts
3421557502026,openfacts
3421557502033,openfacts
3421557502132,openfacts
3421557502149,openfacts
3421557502163,openfacts
3421557502187,openfacts
3421557502231,openfacts
3421557502286,openfacts
3421557502293,openfacts
3421557502323,openfacts
3421557502330,openfacts
3421557502354,openfacts
3421557502422,openfacts
3421557502446,openfacts
3421557502453,openfacts
3421557502460,openfacts
3421557502477,openfacts
3421557502514,openfacts
3421557502521,openfacts
3421557502538,openfacts
3421557502545,openfacts
3421557502552,openfacts
3421557502569,openfacts
3421557502576,openfacts
3421557502583,openfacts
3421557502590,openfacts
3421557502606,openfacts
3421557502613,openfacts
3421557502620,openfacts
3421557502637,openfacts
3421557502644,openfacts
3421557502682,openfacts
3421557502743,openfacts
3421557502750,openfacts
3421557502767,openfacts
3421557502774,openfacts
3421557502781,openfacts
3421557502804,openfacts
3421557502996,openfacts
3421557504587,openfacts
3421557508677,openfacts
3421557508875,openfacts
3421557514869,openfacts
3421557594953,openfacts
3421557600036,openfacts
3421557600050,openfacts
3421557600074,openfacts
3421557600081,openfacts
3421557600098,openfacts
3421557600104,openfacts
3421557600111,openfacts
3421557601033,openfacts
3421557602016,openfacts
3421557602023,openfacts
3421557602047,openfacts
3421557602054,openfacts
3421557602061,openfacts
3421557602078,openfacts
3421557602092,openfacts
3421557602108,openfacts
3421557603006,openfacts
3421557603013,openfacts
3421557603020,openfacts
3421557603037,openfacts
3421557604072,openfacts
3421557604089,openfacts
3421557604096,openfacts
3421557604102,openfacts
3421557604119,openfacts
3421557607134,openfacts
3421557671685,openfacts
3421557671951,openfacts
3421557672422,openfacts
3421557701023,openfacts
3421557701191,openfacts
3421557701238,openfacts
3421557701320,openfacts
3421557701344,openfacts
3421557701382,openfacts
3421557701399,openfacts
3421557701405,openfacts
3421557701443,openfacts
3421557701467,openfacts
3421557701504,openfacts
3421557704123,openfacts
3421557710421,openfacts
3421557800146,openfacts
3421557800153,openfacts
3421557800160,openfacts
3421557800177,openfacts
3421557800184,openfacts
3421557802041,openfacts
3421557871399,openfacts
3421557901287,openfacts
3421557901300,openfacts
3421557901348,openfacts
3421557901379,openfacts
3421557902017,openfacts
3421557902024,openfacts
3421557902086,openfacts
3421557902093,openfacts
3421557903007,openfacts
3421557903014,openfacts
3421557903021,openfacts
3421557903038,openfacts
3421557903052,openfacts
3421557903076,openfacts
3421557903083,openfacts
3421557903106,openfacts
3421557904004,openfacts
3421557904011,openfacts
3421557904028,openfacts
3421557904035,openfacts
3421557904042,openfacts
3421557904059,openfacts
3421557904066,openfacts
3421557904080,openfacts
3421557904103,openfacts
3421557904110,openfacts
3421557904127,openfacts
3421557904134,openfacts
3421557904141,openfacts
3421557904158,openfacts
3421557904165,openfacts
3421557904172,openfacts
3421557904189,openfacts
3421557904516,openfacts
3421557904622,openfacts
3421557904974,openfacts
3421557906114,openfacts
3421557910067,openfacts
3421557910128,openfacts
3421557910135,openfacts
3421557910142,openfacts
3421557910159,openfacts
3421557910166,openfacts
3421557910173,openfacts
3421557910203,openfacts
3421557910210,openfacts
3421557910227,openfacts
3421557910234,openfacts
3421557910241,openfacts
3421557910258,openfacts
3421557910265,openfacts
3421557910289,openfacts
3421557910296,openfacts
3421557910319,openfacts
3421557910364,openfacts
3421557910456,openfacts
3421557910494,openfacts
3421557910913,openfacts
3421557912092,openfacts
3421557912108,openfacts
3421557912115,openfacts
3421557912122,openfacts
3421557912139,openfacts
3421557912146,openfacts
3421557912153,openfacts
3421557912160,openfacts
3421557912573,openfacts
3421557920196,openfacts
3421557920202,openfacts
3421557920219,openfacts
3421557920226,openfacts
3421557920233,openfacts
3421557920240,openfacts
3421557920257,openfacts
3421557920264,openfacts
3421557920271,openfacts
3421557920301,openfacts
3421557920325,openfacts
3421557920332,openfacts
3421557920349,openfacts
3421557920356,openfacts
3421557920363,openfacts
3421557920370,openfacts
3421557920400,openfacts
3421557920417,openfacts
3421557920424,openfacts
3421557920455,openfacts
3421557920479,openfacts
3421557920486,openfacts
3421557920493,openfacts
3421557920509,openfacts
3421557920516,openfacts
3421557920523,openfacts
3421557920530,openfacts
3421557920561,openfacts
3421557920578,openfacts
3421557920585,openfacts
3421557920615,openfacts
3421557920622,openfacts
3421557920639,openfacts
3421557920646,openfacts
3421557920677,openfacts
3421557920684,openfacts
3421557920691,openfacts
3421557920707,openfacts
3421557920714,openfacts
3421557920721,openfacts
3421557920738,openfacts
3421557920813,openfacts
3421557920820,openfacts
3421557920837,openfacts
3421557920844,openfacts
3421557920851,openfacts
3421557920882,openfacts
3421557920929,openfacts
3421557920936,openfacts
3421557920981,openfacts
3421557920998,openfacts
3421557921049,openfacts
3421557921070,openfacts
3421557921087,openfacts
3421557921094,openfacts
3421557921117,openfacts
3421557921124,openfacts
3421557921131,openfacts
3421557921148,openfacts
3421557921155,openfacts
3421557921193,openfacts
3421557921209,openfacts
3421557921247,openfacts
3421557921254,openfacts
3421557921308,openfacts
3421557921322,openfacts
3421557921339,openfacts
3421557921384,openfacts
3421557921391,openfacts
3421557921407,openfacts
3421557921414,openfacts
3421557921421,openfacts
3421557921445,openfacts
3421557921452,openfacts
3421557921469,openfacts
3421557921476,openfacts
3421557921520,openfacts
3421557921537,openfacts
3421557921636,openfacts
3421557921643,openfacts
3421557921650,openfacts
3421557921667,openfacts
3421557921674,openfacts
3421557921681,openfacts
3421557921698,openfacts
3421557921704,openfacts
3421557921711,openfacts
3421557921728,openfacts
3421557921735,openfacts
3421557921834,openfacts
3421557921933,openfacts
3421557922145,openfacts
3421557922237,openfacts
3421557922244,openfacts
3421557922251,openfacts
3421557922275,openfacts
3421557922305,openfacts
3421557922312,openfacts
3421557922411,openfacts
3421557922435,openfacts
3421557922466,openfacts
3421557922473,openfacts
3421557922558,openfacts
3421557922565,openfacts
3421557922572,openfacts
3421557922589,openfacts
3421557922602,openfacts
3421557922619,openfacts
3421557922640,openfacts
3421557922664,openfacts
3421557922671,openfacts
3421557922794,openfacts
3421557922879,openfacts
3421557922893,openfacts
3421557922978,openfacts
3421557923012,openfacts
3421557923241,openfacts
3421557923258,openfacts
3421557923586,openfacts
3421557923593,openfacts
3421557923609,openfacts
3421557923661,openfacts
3421557923692,openfacts
3421557923777,openfacts
3421557923791,openfacts
3421557924101,openfacts
3421557924118,openfacts
3421557981203,openfacts
3421558311504,openfacts
3421585023937,openfacts
3421650000016,openfacts
3421650000023,openfacts
3421650000030,openfacts
3421650000047,openfacts
3421650000078,openfacts
3421650000146,openfacts
3421650000160,openfacts
3421650000320,openfacts
3421650000382,openfacts
3421771536173,openfacts
3421872103564,openfacts
3421885000812,openfacts
3421912035206,openfacts
3422004444593,openfacts
3422004448478,openfacts
3422004448942,openfacts
3422004449543,openfacts
3422010000028,openfacts
3422010000073,openfacts
3422020009486,openfacts
3422028070648,openfacts
3422030014487,openfacts
3422049993537,openfacts
3422100000075,openfacts
3422100000082,openfacts
3422102880019,openfacts
3422102880057,openfacts
3422130000120,openfacts
3422130000212,openfacts
3422130003107,openfacts
3422150000049,openfacts
3422150000063,openfacts
3422150000087,openfacts
3422150000100,openfacts
3422150000124,openfacts
3422150000148,openfacts
3422150000179,openfacts
3422150000186,openfacts
3422150000223,openfacts
3422150000230,openfacts
3422150000254,openfacts
3422150000278,openfacts
3422150000377,openfacts
3422150000445,openfacts
3422150000476,openfacts
3422150000483,openfacts
3422150000490,openfacts
3422150000513,openfacts
3422150000520,openfacts
3422150000537,openfacts
3422150000544,openfacts
3422150000568,openfacts
3422150000605,openfacts
3422150000704,openfacts
3422150000711,openfacts
3422150000735,openfacts
3422150000742,openfacts
3422150000773,openfacts
3422150001008,openfacts
3422150001015,openfacts
3422150001022,openfacts
3422150001107,openfacts
3422150001138,openfacts
3422150001145,openfacts
3422150001152,openfacts
3422150001176,openfacts
3422150002005,openfacts
3422150002029,openfacts
3422150002036,openfacts
3422150002043,openfacts
3422150002074,openfacts
3422150002081,openfacts
3422150002098,openfacts
3422150002111,openfacts
3422150002128,openfacts
3422150002135,openfacts
3422150002142,openfacts
3422150002159,openfacts
3422150002166,openfacts
3422150002173,openfacts
3422150002180,openfacts
3422150002197,openfacts
3422150002203,openfacts
3422150002210,openfacts
3422150002227,openfacts
3422150002289,openfacts
3422150002296,openfacts
3422150002302,openfacts
3422150002319,openfacts
3422150002326,openfacts
3422150002357,openfacts
3422150002364,openfacts
3422150002463,openfacts
3422150002524,openfacts
3422150003620,openfacts
3422150003675,openfacts
3422150003729,openfacts
3422150004221,openfacts
3422150004269,openfacts
3422150004313,openfacts
3422150004481,openfacts
3422150004597,openfacts
3422150004795,openfacts
3422150004849,openfacts
3422150004894,openfacts
3422150004948,openfacts
3422150005112,openfacts
3422150005167,openfacts
3422150005211,openfacts
3422150005266,openfacts
3422150005310,openfacts
3422150006713,openfacts
3422150007451,openfacts
3422150007505,openfacts
3422150009240,openfacts
3422150010383,openfacts
3422158000010,openfacts
3422158000027,openfacts
3422158000034,openfacts
3422158000041,openfacts
3422159000026,openfacts
3422159000033,openfacts
3422159000040,openfacts
3422159000057,openfacts
3422159000064,openfacts
3422159000071,openfacts
3422160106007,openfacts
3422170674411,openfacts
3422210433381,openfacts
3422210434548,openfacts
3422210434562,openfacts
3422210434579,openfacts
3422210435859,openfacts
3422210436207,openfacts
3422210436238,openfacts
3422210436245,openfacts
3422210437105,openfacts
3422210437112,openfacts
3422210437280,openfacts
3422210437457,openfacts
3422210437464,openfacts
3422210437501,openfacts
3422210437518,openfacts
3422210438058,openfacts
3422210438065,openfacts
3422210438324,openfacts
3422210438331,openfacts
3422210438362,openfacts
3422210438492,openfacts
3422210438645,openfacts
3422210438737,openfacts
3422210439833,openfacts
3422210439840,openfacts
3422210440532,openfacts
3422210440563,openfacts
3422210440587,openfacts
3422210440594,openfacts
3422210440617,openfacts
3422210440778,openfacts
3422210441690,openfacts
3422210441713,openfacts
3422210442147,openfacts
3422210442154,openfacts
3422210442161,openfacts
3422210442192,openfacts
3422210442222,openfacts
3422210442529,openfacts
3422210442536,openfacts
3422210445100,openfacts
3422210445483,openfacts
3422210446077,openfacts
3422210446107,openfacts
3422210446190,openfacts
3422210446336,openfacts
3422210446374,openfacts
3422210446510,openfacts
3422210446640,openfacts
3422210446770,openfacts
3422210446794,openfacts
3422210446800,openfacts
3422210446848,openfacts
3422210447159,openfacts
3422210447180,openfacts
3422210447555,openfacts
3422210447562,openfacts
3422210447630,openfacts
3422210447647,openfacts
3422210447739,openfacts
3422210447784,openfacts
3422210447791,openfacts
3422210447999,openfacts
3422210448002,openfacts
3422210448026,openfacts
3422210448033,openfacts
3422210448040,openfacts
3422210448057,openfacts
3422210448088,openfacts
3422210448231,openfacts
3422210448460,openfacts
3422210448934,openfacts
3422210449016,openfacts
3422210449023,openfacts
3422210449092,openfacts
3422210449108,openfacts
3422210449276,openfacts
3422210449566,openfacts
3422210450111,openfacts
3422210450524,openfacts
3422210450555,openfacts
3422210450562,openfacts
3422210451064,openfacts
3422210451071,openfacts
3422210451088,openfacts
3422210451095,openfacts
3422210451101,openfacts
3422210451118,openfacts
3422210451354,openfacts
3422210451361,openfacts
3422210451507,openfacts
3422210452122,openfacts
3422210452542,openfacts
3422210452559,openfacts
3422210452702,openfacts
3422210452719,openfacts
3422210452726,openfacts
3422210453167,openfacts
3422210478085,openfacts
3422210582386,openfacts
3422210684653,openfacts
3422210684905,openfacts
3422290000015,openfacts
3422290000022,openfacts
3422290000039,openfacts
3422290000046,openfacts
3422290000237,openfacts
3422290005058,openfacts
3422290005065,openfacts
3422290005089,openfacts
3422440002197,openfacts
3422440002500,openfacts
3422440002593,openfacts
3422440002609,openfacts
3422440002623,openfacts
3422440002647,openfacts
3422440002654,openfacts
3422440002661,openfacts
3422440002753,openfacts
3422440002838,openfacts
3422440002845,openfacts
3422440002852,openfacts
3422440002869,openfacts
3422440002906,openfacts
3422440003125,openfacts
3422440003200,openfacts
3422440003231,openfacts
3422440003255,openfacts
3422440003316,openfacts
3422440003323,openfacts
3422440003330,openfacts
3422440003347,openfacts
3422440003354,openfacts
3422440003361,openfacts
3422440003378,openfacts
3422440003422,openfacts
3422440003439,openfacts
3422440003446,openfacts
3422440003453,openfacts
3422440003477,openfacts
3422440003484,openfacts
3422440003491,openfacts
3422440003514,openfacts
3422440003590,openfacts
3422440003613,openfacts
3422440003620,openfacts
3422440003668,openfacts
3422440003675,openfacts
3422440003682,openfacts
3422440003699,openfacts
3422440003705,openfacts
3422440003712,openfacts
3422440003729,openfacts
3422440003736,openfacts
3422440003743,openfacts
3422440003781,openfacts
3422440003798,openfacts
3422440003811,openfacts
3422440003828,openfacts
3422440003835,openfacts
3422440003842,openfacts
3422440003859,openfacts
3422440003866,openfacts
3422440003873,openfacts
3422440003897,openfacts
3422440003903,openfacts
3422440003910,openfacts
3422440003927,openfacts
3422440003958,openfacts
3422440003965,openfacts
3422440004238,openfacts
3422440004245,openfacts
3422440004276,openfacts
3422440004290,openfacts
3422440004375,openfacts
3422440004955,openfacts
3422440005563,openfacts
3422440005587,openfacts
3422440005648,openfacts
3422440005693,openfacts
3422440006065,openfacts
3422440006072,openfacts
3422440006089,openfacts
3422440006300,openfacts
3422440006409,openfacts
3422440006416,openfacts
3422440006423,openfacts
3422440006430,openfacts
3422440006447,openfacts
3422440006454,openfacts
3422440006461,openfacts
3422440006478,openfacts
3422440006485,openfacts
3422440006607,openfacts
3422440006638,openfacts
3422440006706,openfacts
3422440006720,openfacts
3422440006737,openfacts
3422440006744,openfacts
3422440006751,openfacts
3422440006775,openfacts
3422440006782,openfacts
3422440006799,openfacts
3422440006836,openfacts
3422440006843,openfacts
3422440006850,openfacts
3422440006867,openfacts
3422440006874,openfacts
3422440006881,openfacts
3422440006898,openfacts
3422440006904,openfacts
3422440006911,openfacts
3422440006928,openfacts
3422440006942,openfacts
3422440006966,openfacts
3422440006973,openfacts
3422440006980,openfacts
3422440006997,openfacts
3422440007246,openfacts
3422440007727,openfacts
3422440007802,openfacts
3422440007819,openfacts
3422440007826,openfacts
3422440007833,openfacts
3422440007840,openfacts
3422440007871,openfacts
3422440007901,openfacts
3422440007918,openfacts
3422440007925,openfacts
3422440007949,openfacts
3422440007956,openfacts
3422440008847,openfacts
3422440008854,openfacts
3422440008861,openfacts
3422440008908,openfacts
3422440008915,openfacts
3422440008922,openfacts
3422440008953,openfacts
3422440009257,openfacts
3422440009264,openfacts
3422440009271,openfacts
3422440009288,openfacts
3422440009295,openfacts
3422440009301,openfacts
3422440009325,openfacts
3422440009332,openfacts
3422440009530,openfacts
3422440009547,openfacts
3422440009554,openfacts
3422440009561,openfacts
3422440446465,openfacts
3422440455085,openfacts
3422440933125,openfacts
3422440936430,openfacts
3422441007252,openfacts
3422441107259,openfacts
3422442611250,openfacts
3422442904253,openfacts
3422449446657,openfacts
3422450064413,openfacts
3422450154077,openfacts
3422451644058,openfacts
3422460019458,openfacts
3422473950939,openfacts
3422475223727,openfacts
3422537630241,openfacts
3422540002295,openfacts
3422540002769,openfacts
3422540002776,openfacts
3422540003889,openfacts
3422540003957,openfacts
3422540004114,openfacts
3422540004244,openfacts
3422540004428,openfacts
3422540005104,openfacts
3422540006439,openfacts
3422540006484,openfacts
3422540007061,openfacts
3422540007085,openfacts
3422540007245,openfacts
3422540007306,openfacts
3422540007351,openfacts
3422540007375,openfacts
3422540009096,openfacts
3422540009362,openfacts
3422540009409,openfacts
3422540009966,openfacts
3422540009980,openfacts
3422540010047,openfacts
3422540010078,openfacts
3422540010092,openfacts
3422540013864,openfacts
3422557500630,openfacts
3422571867788,openfacts
3422621500009,openfacts
3422621500016,openfacts
3422621500108,openfacts
3422621710002,openfacts
3422629106012,openfacts
3422632187992,openfacts
3422634000015,openfacts
3422634000022,openfacts
3422634000060,openfacts
3422634000077,openfacts
3422634000138,openfacts
3422634000152,openfacts
3422634000206,openfacts
3422653371493,openfacts
3422754057050,openfacts
3422765180327,openfacts
3422800000115,openfacts
3422800000283,openfacts
3422800000344,openfacts
3422800000443,openfacts
3422801000107,openfacts
3422820000027,openfacts
3422820000034,openfacts
3422820000041,openfacts
3422820000058,openfacts
3422820000096,openfacts
3422820000119,openfacts
3422820000126,openfacts
3422820000133,openfacts
3422820000812,openfacts
3422820000829,openfacts
3422820000836,openfacts
3422820000874,openfacts
3422820001031,openfacts
3422823011631,openfacts
3422824000016,openfacts
3422824000184,openfacts
3422825021232,openfacts
3422825021249,openfacts
3422825090429,openfacts
3422825090498,openfacts
3422825090504,openfacts
3422825090566,openfacts
3422825091471,openfacts
3422825091488,openfacts
3422825091495,openfacts
3422825966083,openfacts
3422825966120,openfacts
3422825966137,openfacts
3422825966205,openfacts
3422825966243,openfacts
3422825966441,openfacts
3422825966502,openfacts
3422825966526,openfacts
3422826100127,openfacts
3422826100158,openfacts
3422827060321,openfacts
3422827090359,openfacts
3422827090427,openfacts
3422827090434,openfacts
3422827090847,openfacts
3422827090984,openfacts
3422827091202,openfacts
3422828040209,openfacts
3422828040452,openfacts
3422828041251,openfacts
3422828041305,openfacts
3422828041947,openfacts
3422829001063,openfacts
3422840008416,openfacts
3422861030038,openfacts
3422862500301,openfacts
3422863000039,openfacts
3422867770020,openfacts
3422867770235,openfacts
3422867770631,openfacts
3422867770693,openfacts
3422867770716,openfacts
3422869000125,openfacts
3422870447568,openfacts
3422882000423,openfacts
3422890020031,openfacts
3422890045300,openfacts
3422891284012,openfacts
3422891406056,openfacts
3422900000169,openfacts
3422900000176,openfacts
3422900000183,openfacts
3422900000503,openfacts
3423000000486,openfacts
3423000010034,openfacts
3423010101043,openfacts
3423010101050,openfacts
3423010101067,openfacts
3423010101111,openfacts
3423010101135,openfacts
3423010101197,openfacts
3423010101203,openfacts
3423010101210,openfacts
3423010101241,openfacts
3423010101265,openfacts
3423010101883,openfacts
3423070071133,openfacts
3423070327360,openfacts
3423070327377,openfacts
3423070467509,openfacts
3423070737718,openfacts
3423072178557,openfacts
3423073521185,openfacts
3423073817165,openfacts
3423073855105,openfacts
3423073915533,openfacts
3423074649208,openfacts
3423074693331,openfacts
3423074693355,openfacts
3423074694239,openfacts
3423074694246,openfacts
3423074756715,openfacts
3423074757002,openfacts
3423074989106,openfacts
3423075049649,openfacts
3423075049670,openfacts
3423075049700,openfacts
3423075049724,openfacts
3423075104584,openfacts
3423075669465,openfacts
3423075692975,openfacts
3423075793177,openfacts
3423075875118,openfacts
3423076186497,openfacts
3423076235423,openfacts
3423076816042,openfacts
3423077260561,openfacts
3423077260585,openfacts
3423077295952,openfacts
3423077295969,openfacts
3423165078955,openfacts
3423174187501,openfacts
3423180000559,openfacts
3423180000573,openfacts
3423180000597,openfacts
3423180003185,openfacts
3423180003192,openfacts
3423180050073,openfacts
3423180050202,openfacts
3423180100020,openfacts
3423180100037,openfacts
3423180100136,openfacts
3423180100259,openfacts
3423180100334,openfacts
3423180100341,openfacts
3423180110173,openfacts
3423180160338,openfacts
3423182100905,openfacts
3423182102008,openfacts
3423182102015,openfacts
3423182102022,openfacts
3423182102046,openfacts
3423182102053,openfacts
3423182102060,openfacts
3423182102107,openfacts
3423182102190,openfacts
3423182102206,openfacts
3423182102213,openfacts
3423182102305,openfacts
3423182102404,openfacts
3423182102411,openfacts
3423182102602,openfacts
3423182102640,openfacts
3423182102701,openfacts
3423182102800,openfacts
3423182102886,openfacts
3423182102909,openfacts
3423182102916,openfacts
3423182103012,openfacts
3423182103029,openfacts
3423182103036,openfacts
3423182103043,openfacts
3423182103067,openfacts
3423182103104,openfacts
3423182103203,openfacts
3423182103210,openfacts
3423182103807,openfacts
3423182103906,openfacts
3423182104019,openfacts
3423182104026,openfacts
3423182112014,openfacts
3423182112212,openfacts
3423182112410,openfacts
3423182112915,openfacts
3423182113011,openfacts
3423182113028,openfacts
3423182113035,openfacts
3423182113042,openfacts
3423182114001,openfacts
3423182116005,openfacts
3423182116012,openfacts
3423182116203,openfacts
3423182116210,openfacts
3423182116302,openfacts
3423182116319,openfacts
3423182116401,openfacts
3423182162026,openfacts
3423182502006,openfacts
3423182502013,openfacts
3423182502044,openfacts
3423182502402,openfacts
3423182512005,openfacts
3423182512012,openfacts
3423182952009,openfacts
3423182960714,openfacts
3423182962015,openfacts
3423182962213,openfacts
3423182962411,openfacts
3423182962619,openfacts
3423182962664,openfacts
3423182966013,openfacts
3423183202011,openfacts
3423183202615,openfacts
3423183210412,openfacts
3423183212010,openfacts
3423183212218,openfacts
3423183212232,openfacts
3423183212263,openfacts
3423183212416,openfacts
3423183212614,openfacts
3423183213512,openfacts
3423183232216,openfacts
3423183250234,openfacts
3423183250319,openfacts
3423183280118,openfacts
3423183280217,usda
3423183280316,openfacts
3423183280415,openfacts
3423183280514,openfacts
3423183280613,usda
3423183280712,usda
3423183280910,openfacts
3423183281016,openfacts
3423183281115,openfacts
3423183283218,usda
3423183283409,openfacts
3423183300106,openfacts
3423183300229,openfacts
3423183300304,openfacts
3423183300526,openfacts
3423183300700,openfacts
3423183300779,openfacts
3423183300809,openfacts
3423183300854,openfacts
3423183300908,openfacts
3423183300922,openfacts
3423183300939,openfacts
3423183301004,openfacts
3423183310211,openfacts
3423183310310,openfacts
3423183320234,openfacts
3423183402008,openfacts
3423183402015,openfacts
3423183402206,openfacts
3423183402213,openfacts
3423183402398,openfacts
3423183402596,openfacts
3423183402800,openfacts
3423183450221,openfacts
3423183450306,openfacts
3423183692010,usda
3423183692119,openfacts
3423183692416,openfacts
3423183692614,openfacts
3423183693680,openfacts
3423183702009,openfacts
3423183702207,openfacts
3423183702252,openfacts
3423183702900,openfacts
3423183703655,openfacts
3423186112003,openfacts
3423187141002,openfacts
3423187141200,openfacts
3423187144003,openfacts
3423187144034,openfacts
3423187144041,openfacts
3423187144096,openfacts
3423187144300,openfacts
3423187144805,openfacts
3423187324306,openfacts
3423187324337,openfacts
3423187331076,openfacts
3423188852006,openfacts
3423219058711,openfacts
3423222015565,webdatacommons
3423222017958,openfacts
3423222026004,webdatacommons
3423222048044,openfacts
3423222048297,openfacts
3423222055516,openfacts
3423222055547,openfacts
3423222055608,openfacts
3423222106300,openfacts
3423222107604,openfacts
3423222107727,openfacts
3423222108250,openfacts
3423222108267,openfacts
3423222118778,openfacts
3423222118976,openfacts
3423222124212,openfacts
3423222124229,openfacts
3423222124236,openfacts
3423222124267,openfacts
3423222137977,openfacts
3423230001819,openfacts
3423290014620,openfacts
3423290042203,openfacts
3423290045235,openfacts
3423290051045,openfacts
3423290070732,openfacts
3423290100941,openfacts
3423290107735,openfacts
3423290114030,openfacts
3423290115389,openfacts
3423290121847,openfacts
3423290131327,openfacts
3423290149025,openfacts
3423290151721,openfacts
3423290158492,openfacts
3423290161164,openfacts
3423290161607,openfacts
3423290164738,openfacts
3423290164820,openfacts
3423290168231,openfacts
3423290168262,openfacts
3423290173297,openfacts
3423290175468,openfacts
3423290176267,openfacts
3423290178469,openfacts
3423290181261,openfacts
3423290184125,openfacts
3423290184392,openfacts
3423290185450,openfacts
3423290185559,openfacts
3423290185689,openfacts
3423290188376,openfacts
3423290190782,openfacts
3423290191574,openfacts
3423290191789,openfacts
3423290192069,openfacts
3423290192670,openfacts
3423290193035,openfacts
3423290193110,openfacts
3423290193233,openfacts
3423290193325,openfacts
3423290193660,openfacts
3423290194254,openfacts
3423290194315,openfacts
3423290194414,openfacts
3423290194605,openfacts
3423290194698,openfacts
3423290194841,openfacts
3423290195077,openfacts
3423290195251,openfacts
3423290195367,openfacts
3423290196029,openfacts
3423290196296,openfacts
3423290196357,openfacts
3423290196982,openfacts
3423290197040,openfacts
3423290197071,openfacts
3423290197606,openfacts
3423290197637,openfacts
3423290197811,openfacts
3423290198771,openfacts
3423290198801,openfacts
3423290198818,openfacts
3423290199075,openfacts
3423290199105,openfacts
3423290199891,openfacts
3423290200108,openfacts
3423290200436,openfacts
3423290200832,openfacts
3423290201037,openfacts
3423290202805,openfacts
3423290204694,openfacts
3423290205370,openfacts
3423290205578,openfacts
3423290207282,openfacts
3423290207404,openfacts
3423290207589,openfacts
3423290217571,openfacts
3423290217601,openfacts
3423290219605,openfacts
3423299970316,openfacts
3423299972815,openfacts
3423310000053,openfacts
3423310001456,openfacts
3423310001517,openfacts
3423310001692,openfacts
3423310001715,openfacts
3423310002675,openfacts
3423310002828,openfacts
3423310002873,openfacts
3423310004365,openfacts
3423310004372,openfacts
3423310004389,openfacts
3423311050019,openfacts
3423311050026,openfacts
3423311050040,openfacts
3423311050064,openfacts
3423311051146,openfacts
3423311150016,openfacts
3423311222935,openfacts
3423311250372,openfacts
3423311250891,openfacts
3423311250945,openfacts
3423311250990,openfacts
3423311275023,openfacts
3423311290293,openfacts
3423311290323,openfacts
3423311299432,openfacts
3423311450024,openfacts
3423311550267,openfacts
3423311550274,openfacts
3423311550359,openfacts
3423314750060,openfacts
3423314750084,openfacts
3423377501685,openfacts
3423442072720,openfacts
3423450040438,openfacts
3423450046478,openfacts
3423453500502,openfacts
3423470300154,openfacts
3423470300161,openfacts
3423470311358,openfacts
3423470311365,openfacts
3423470480986,openfacts
3423470481129,openfacts
3423470481136,openfacts
3423470485189,openfacts
3423470485448,webdatacommons
3423470485547,openfacts
3423470486018,webdatacommons
3423470486025,openfacts
3423470890013,openfacts
3423470890020,openfacts
3423470890129,openfacts
3423470890136,openfacts
3423470890235,openfacts
3423471304359,openfacts
3423471305318,openfacts
3423473004851,webdatacommons
3423473005353,webdatacommons
3423473017059,webdatacommons
3423473020233,webdatacommons
3423473020493,webdatacommons
3423473020639,openfacts
3423473020653,webdatacommons
3423473020752,webdatacommons
3423473020776,webdatacommons
3423473020998,webdatacommons
3423473021209,webdatacommons
3423473021216,webdatacommons
3423473032809,webdatacommons
3423473032878,webdatacommons
3423473033295,webdatacommons
3423473049654,webdatacommons
3423473051855,webdatacommons
3423473053750,openfacts
3423473053859,openfacts
3423473095651,webdatacommons
3423473101154,webdatacommons
3423473101253,webdatacommons
3423473947257,openfacts
3423474786350,openfacts
3423474843756,openfacts
3423474867059,openfacts
3423474874651,openfacts
3423474896158,openfacts
3423478452657,webdatacommons
3423478462250,openfacts
3423478504158,openfacts
3423478506619,openfacts
3423478515956,openfacts
3423478563650,webdatacommons
3423478563759,openfacts
3423478805958,openfacts
3423478806054,openfacts
3423478807556,openfacts
3423478840355,openfacts
3423478840454,openfacts
3423478840652,openfacts
3423478925557,openfacts
3423478925656,openfacts
3423478974654,openfacts
3423504743018,openfacts
3423537502453,openfacts
3423570001012,openfacts
3423570001029,openfacts
3423570001128,openfacts
3423570002019,openfacts
3423570002026,openfacts
3423570003016,openfacts
3423570003023,openfacts
3423570004020,openfacts
3423570008011,openfacts
3423570008028,openfacts
3423621780118,openfacts
3423636570124,openfacts
3423637075062,openfacts
3423650000195,openfacts
3423650000584,openfacts
3423650000744,openfacts
3423650000768,openfacts
3423720001015,openfacts
3423720001022,openfacts
3423720001039,openfacts
3423720001077,openfacts
3423720001084,openfacts
3423720001138,openfacts
3423720001145,openfacts
3423720001152,openfacts
3423720001176,openfacts
3423720002036,openfacts
3423720002111,openfacts
3423720002159,openfacts
3423720002203,openfacts
3423720002210,openfacts
3423720002227,openfacts
3423720002234,openfacts
3423720002258,openfacts
3423720002272,openfacts
3423720002302,openfacts
3423720002326,openfacts
3423720002340,openfacts
3423720002357,openfacts
3423720002364,openfacts
3423720002371,openfacts
3423720002388,openfacts
3423720002395,openfacts
3423720002432,openfacts
3423720002449,openfacts
3423720002456,openfacts
3423720002463,openfacts
3423720002470,openfacts
3423720002487,openfacts
3423720002517,openfacts
3423720002524,openfacts
3423720002616,openfacts
3423720002623,openfacts
3423720002630,openfacts
3423720002654,openfacts
3423720002715,openfacts
3423720002739,openfacts
3423720002746,openfacts
3423720002753,openfacts
3423720002760,openfacts
3423720002777,openfacts
3423720002784,openfacts
3423720002791,openfacts
3423720002807,openfacts
3423720002814,openfacts
3423720002821,openfacts
3423720002838,openfacts
3423720002845,openfacts
3423720002906,openfacts
3423720002913,openfacts
3423720002937,openfacts
3423720003019,openfacts
3423720003026,openfacts
3423720003033,openfacts
3423720003170,openfacts
3423720003194,openfacts
3423720003224,openfacts
3423720003231,openfacts
3423720003248,openfacts
3423720003255,openfacts
3423720003262,openfacts
3423720003279,openfacts
3423720003286,openfacts
3423720003347,openfacts
3423720003514,openfacts
3423720003538,openfacts
3423720003545,openfacts
3423720003552,openfacts
3423720004023,openfacts
3423720008014,openfacts
3423720008021,openfacts
3423720008038,openfacts
3423720008045,openfacts
3423720008052,openfacts
3423720008076,openfacts
3423720008083,openfacts
3423720008090,openfacts
3423720008106,openfacts
3423720008144,openfacts
3423720008168,openfacts
3423720008175,openfacts
3423720008182,openfacts
3423720008199,openfacts
3423720008205,openfacts
3423720009011,openfacts
3423720009059,openfacts
3423720009066,openfacts
3423720011014,openfacts
3423720011052,openfacts
3423720011076,openfacts
3423720011090,openfacts
3423720011113,openfacts
3423720011137,openfacts
3423720011144,openfacts
3423720011168,openfacts
3423720011175,openfacts
3423720011182,openfacts
3423720011205,openfacts
3423720011212,openfacts
3423720011250,openfacts
3423720011281,openfacts
3423720011304,openfacts
3423720011311,openfacts
3423720011328,openfacts
3423720011335,openfacts
3423720011342,openfacts
3423720011359,openfacts
3423720011380,openfacts
3423720011397,openfacts
3423720011458,openfacts
3423720012028,openfacts
3423720012141,openfacts
3423720012219,openfacts
3423720012257,openfacts
3423720012295,openfacts
3423720012318,openfacts
3423720012325,openfacts
3423720012332,openfacts
3423720012356,openfacts
3423720012431,openfacts
3423720012448,openfacts
3423720012455,openfacts
3423720012462,openfacts
3423720012479,openfacts
3423720012721,openfacts
3423720012738,openfacts
3423720012745,openfacts
3423720012752,openfacts
3423720012769,openfacts
3423720012813,openfacts
3423720012837,openfacts
3423720013278,openfacts
3423720013414,openfacts
3423720013421,openfacts
3423720013445,openfacts
3423720013452,openfacts
3423720013490,openfacts
3423720013506,openfacts
3423720013537,openfacts
3423720013544,openfacts
3423720013728,openfacts
3423720014015,openfacts
3423720014022,openfacts
3423720014039,openfacts
3423720014046,openfacts
3423720014053,openfacts
3423720014060,openfacts
3423720015012,openfacts
3423720015029,openfacts
3423720015036,openfacts
3423720015043,openfacts
3423720015050,openfacts
3423720015074,openfacts
3423720018211,openfacts
3423720018228,openfacts
3423720018235,openfacts
3423720018242,openfacts
3423720018259,openfacts
3423720018266,openfacts
3423720018273,openfacts
3423720019010,openfacts
3423720019034,openfacts
3423720021013,openfacts
3423720021020,openfacts
3423720021037,openfacts
3423720021044,openfacts
3423720021051,openfacts
3423720021068,openfacts
3423720021075,openfacts
3423720021211,openfacts
3423720021228,openfacts
3423720021235,openfacts
3423720021242,openfacts
3423720022010,openfacts
3423720022027,openfacts
3423720022034,openfacts
3423720022041,openfacts
3423720022058,openfacts
3423720022201,openfacts
3423720022546,openfacts
3423720031012,openfacts
3423720031029,openfacts
3423720031036,openfacts
3423720031043,openfacts
3423720031050,openfacts
3423720031067,openfacts
3423720031074,openfacts
3423720031210,openfacts
3423720031227,openfacts
3423720031234,openfacts
3423720031241,openfacts
3423720031272,openfacts
3423720032019,openfacts
3423720032026,openfacts
3423720032033,openfacts
3423720032040,openfacts
3423720032057,openfacts
3423720032217,openfacts
3423720032224,openfacts
3423720078819,openfacts
3423720111073,openfacts
3423720111127,openfacts
3423720112049,openfacts
3423720114029,openfacts
3423720115811,openfacts
3423720115859,openfacts
3423720115866,openfacts
3423720115873,openfacts
3423744483545,openfacts
3423752303514,openfacts
3423770002543,openfacts
3423770003342,openfacts
3423770004349,openfacts
3423770010449,openfacts
3423770021490,openfacts
3423770022497,openfacts
3423770058496,openfacts
3423770063391,openfacts
3423770211488,openfacts
3423770212546,openfacts
3423770212843,openfacts
3423770213390,openfacts
3423770213482,openfacts
3423770215486,openfacts
3423770216483,openfacts
3423770801399,openfacts
3423770911548,openfacts
3423771000364,openfacts
3423771001064,openfacts
3423771002368,openfacts
3423771040544,openfacts
3423771042555,openfacts
3423772043445,openfacts
3423772050849,openfacts
3423772051457,openfacts
3423772051846,openfacts
3423773273841,openfacts
3423773284595,openfacts
3423773284847,openfacts
3423773866845,openfacts
3423773894398,openfacts
3423777044591,openfacts
3423777046496,openfacts
3423777085341,openfacts
3423777085846,openfacts
3423777181524,openfacts
3423777182521,openfacts
3423777193541,openfacts
3423777201048,openfacts
3423777773644,openfacts
3423777882599,openfacts
3423777945393,openfacts
3423777945751,openfacts
3423777961393,openfacts
3423777961621,openfacts
3423777962093,openfacts
3423777963847,openfacts
3423777970098,openfacts
3423777980622,openfacts
3423778003481,openfacts
3423778004495,openfacts
3423778061740,openfacts
3423778065359,openfacts
3423778065748,openfacts
3423778072197,openfacts
3423778076355,openfacts
3423778080390,openfacts
3423778081397,openfacts
3423778085197,openfacts
3423778123349,openfacts
3423778210742,openfacts
3423778244396,openfacts
3423778940397,openfacts
3423778990194,openfacts
3423780696404,openfacts
3423790000031,openfacts
3423790000048,openfacts
3423790000116,openfacts
3423794446255,openfacts
3423794446262,openfacts
3423798001092,openfacts
3423799001145,openfacts
3423874037069,openfacts
3423930502005,openfacts
3423960000106,openfacts
3423960000120,openfacts
3423960000144,openfacts
3423960000182,openfacts
3423960000229,openfacts
3423960000250,openfacts
3423960000274,openfacts
3423960000731,openfacts
3423960000748,openfacts
3423960000755,openfacts
3423960001004,openfacts
3423960002001,usda
3423960002414,openfacts
3423960007143,openfacts
3423960007723,usda
3423981101424,openfacts
3423990000022,openfacts
3423990000039,openfacts
3423990000046,openfacts
3423990000053,openfacts
3423990000121,openfacts
3423990000138,openfacts
3423990000176,openfacts
3423990000183,openfacts
3423990000190,openfacts
3423990000206,openfacts
3423990000213,openfacts
3423990000220,openfacts
3423990000237,openfacts
3423990000244,openfacts
3423990000251,openfacts
3423990000268,openfacts
3423990000275,openfacts
3423990000282,openfacts
3423990000312,openfacts
3423990000329,openfacts
3423990000350,openfacts
3423990000367,openfacts
3423990000374,openfacts
3423990000381,openfacts
3423990000398,openfacts
3423990000411,openfacts
3423990000435,openfacts
3423990000442,openfacts
3423990000459,openfacts
3423990000688,openfacts
3423990000725,openfacts
3423990000756,openfacts
3423990000770,openfacts
3423990000848,openfacts
3423990000947,openfacts
3423990000961,openfacts
3423990001180,openfacts
3423990001227,openfacts
3423990001234,openfacts
3423990001241,openfacts
3423990001258,openfacts
3423990001296,openfacts
3423990001302,openfacts
3423990001326,openfacts
3423990001364,openfacts
3423990001371,openfacts
3423990001388,openfacts
3423990001401,openfacts
3423990001418,openfacts
3423990001425,openfacts
3423990001432,openfacts
3423990001449,openfacts
3423990001517,openfacts
3423990001555,openfacts
3423990001609,openfacts
3423990001616,openfacts
3423990001630,openfacts
3423990001647,openfacts
3423990001654,openfacts
3423990002125,openfacts
3423990006024,openfacts
3423990006048,openfacts
3423990006178,openfacts
3423990006185,openfacts
3423990006192,openfacts
3423990006208,openfacts
3423990006215,openfacts
3423990006222,openfacts
3423990006512,openfacts
3423990006529,openfacts
3423990006536,openfacts
3423990006543,openfacts
3423990006550,openfacts
3423990006574,openfacts
3423990006598,openfacts
3423990006703,openfacts
3423990006710,openfacts
3423990006727,openfacts
3423990006734,openfacts
3423990006741,openfacts
3423990006758,openfacts
3423990006765,openfacts
3423990006772,openfacts
3423990006789,openfacts
3423990006802,openfacts
3423990006833,openfacts
3423990006840,openfacts
3423990006857,openfacts
3423990006871,openfacts
3423990006888,openfacts
3423990006925,openfacts
3423990007014,openfacts
3423990007052,openfacts
3423990007069,openfacts
3423990007076,openfacts
3423990007083,openfacts
3423990007304,openfacts
3423990007311,openfacts
3423990007328,openfacts
3423990007335,openfacts
3423990007359,openfacts
3423990007366,openfacts
3423990007861,openfacts
3423990008073,openfacts
3423990013657,openfacts
3423990014173,openfacts
3423990020037,openfacts
3423990020068,openfacts
3423990020075,openfacts
3423991000229,openfacts
3423991245699,openfacts
3423992300021,openfacts
3423994600037,openfacts
3424012035480,openfacts
3424030000040,openfacts
3424030000248,openfacts
3424090001230,openfacts
3424090008239,openfacts
3424090300111,openfacts
3424090300135,openfacts
3424090300302,openfacts
3424090300401,openfacts
3424090300456,openfacts
3424090300593,openfacts
3424090300890,openfacts
3424090301170,openfacts
3424090302825,openfacts
3424090305130,openfacts
3424090305338,openfacts
3424090305376,openfacts
3424090306021,openfacts
3424090308124,openfacts
3424090309046,openfacts
3424090600242,openfacts
3424090601102,openfacts
3424090601133,openfacts
3424090601164,openfacts
3424095100037,openfacts
3424096000039,openfacts
3424096000046,openfacts
3424096000053,openfacts
3424096001029,openfacts
3424096001050,openfacts
3424096002002,openfacts
3424096003078,openfacts
3424096010014,openfacts
3424096020068,openfacts
3424096020075,openfacts
3424096020082,openfacts
3424096030029,openfacts
3424096030043,openfacts
3424096030067,openfacts
3424096030074,openfacts
3424096030104,openfacts
3424096040042,openfacts
3424096040059,openfacts
3424096040127,openfacts
3424096041025,openfacts
3424096041056,openfacts
3424096042008,openfacts
3424096043050,openfacts
3424096044002,openfacts
3424096044019,openfacts
3424096060002,openfacts
3424096060040,openfacts
3424096060064,openfacts
3424096060095,openfacts
3424096060118,openfacts
3424096061009,openfacts
3424096061023,openfacts
3424096061061,openfacts
3424096061108,openfacts
3424096104003,openfacts
3424096104041,openfacts
3424096104836,openfacts
3424140000015,openfacts
3424140000022,openfacts
3424140000039,openfacts
3424140000060,openfacts
3424140000091,openfacts
3424140000107,openfacts
3424140000114,openfacts
3424140000121,openfacts
3424140000138,openfacts
3424140000152,openfacts
3424140000176,openfacts
3424140000251,openfacts
3424140000404,openfacts
3424140000503,openfacts
3424140001203,openfacts
3424140001319,openfacts
3424140001401,openfacts
3424140001418,openfacts
3424140001500,openfacts
3424140002309,openfacts
3424140005010,openfacts
3424140005027,openfacts
3424140005034,openfacts
3424140005553,openfacts
3424140008202,openfacts
3424140008219,openfacts
3424140038001,openfacts
3424140102207,openfacts
3424140110004,openfacts
3424140110035,openfacts
3424140110042,openfacts
3424140110059,openfacts
3424150010011,openfacts
3424150010028,openfacts
3424150010035,openfacts
3424150010042,openfacts
3424150010059,openfacts
3424150010066,openfacts
3424150010073,openfacts
3424150010080,openfacts
3424150010110,openfacts
3424150010127,openfacts
3424150010134,openfacts
3424150010141,openfacts
3424150010158,openfacts
3424150010165,openfacts
3424150010455,openfacts
3424150010523,openfacts
3424150010547,openfacts
3424150010561,openfacts
3424150010578,openfacts
3424150010585,openfacts
3424150010660,openfacts
3424150010714,openfacts
3424150011193,openfacts
3424150011209,openfacts
3424150011216,openfacts
3424150011223,openfacts
3424150011353,openfacts
3424150011360,openfacts
3424150011377,openfacts
3424150011391,openfacts
3424150011438,openfacts
3424150011452,openfacts
3424150011469,openfacts
3424150011476,openfacts
3424150020027,openfacts
3424150020041,openfacts
3424150022793,openfacts
3424150030750,openfacts
3424150030781,openfacts
3424150030880,openfacts
3424150031313,openfacts
3424150032310,openfacts
3424150033027,openfacts
3424150033393,openfacts
3424150033423,openfacts
3424150033775,openfacts
3424150033843,openfacts
3424150050017,openfacts
3424150070251,openfacts
3424150070282,openfacts
3424150070299,openfacts
3424150070305,openfacts
3424150080021,openfacts
3424150080052,openfacts
3424150080106,openfacts
3424150080199,openfacts
3424150090211,openfacts
3424150090235,openfacts
3424150090242,openfacts
3424150090266,openfacts
3424150090273,openfacts
3424150090334,openfacts
3424150090389,openfacts
3424150090488,openfacts
3424150090495,openfacts
3424150090556,openfacts
3424200000191,openfacts
3424200000597,openfacts
3424200034066,openfacts
3424200044003,openfacts
3424200303957,openfacts
3424200403954,openfacts
3424200503951,openfacts
3424201112008,openfacts
3424242017751,openfacts
3424242029112,openfacts
3424242029136,openfacts
3424242029167,openfacts
3424242071913,openfacts
3424242071920,openfacts
3424242071937,openfacts
3424242071944,openfacts
3424242091003,openfacts
3424242103126,openfacts
3424242120123,openfacts
3424242121311,openfacts
3424242222223,openfacts
3424242223923,openfacts
3424242364657,openfacts
3424242381012,openfacts
3424242390175,openfacts
3424242423415,openfacts
3424242485338,openfacts
3424242503742,openfacts
3424242536122,openfacts
3424242543625,openfacts
3424242544578,openfacts
3424242585038,openfacts
3424242646562,openfacts
3424242662210,openfacts
3424242670086,openfacts
3424242717149,openfacts
3424242727247,openfacts
3424242784158,openfacts
3424242884018,openfacts
3424242903634,openfacts
3424242907076,openfacts
3424242950041,openfacts
3424242950768,openfacts
3424250020026,openfacts
3424250020033,openfacts
3424330200058,openfacts
3424330605051,openfacts
3424330800050,openfacts
3424330900057,openfacts
3424330900071,openfacts
3424331000046,openfacts
3424331008059,openfacts
3424331100050,openfacts
3424331119359,openfacts
3424331240053,openfacts
3424331300054,openfacts
3424331405056,openfacts
3424331700052,openfacts
3424332200056,openfacts
3424332440056,openfacts
3424332450055,openfacts
3424332600054,openfacts
3424332920053,openfacts
3424333210016,openfacts
3424333211013,openfacts
3424333211020,openfacts
3424333211082,openfacts
3424333212447,openfacts
3424334807017,openfacts
3424334807024,openfacts
3424334807086,openfacts
3424370074015,openfacts
3424400040102,openfacts
3424400100073,openfacts
3424400159590,openfacts
3424400159620,openfacts
3424400162590,openfacts
3424400162606,openfacts
3424400162620,openfacts
3424400609194,openfacts
3424401808008,openfacts
3424408080100,openfacts
3424470000150,openfacts
3424520000031,openfacts
3424520000109,openfacts
3424520000116,openfacts
3424520000185,openfacts
3424520000208,openfacts
3424520000253,openfacts
3424520000277,openfacts
3424520000307,openfacts
3424520000314,openfacts
3424520000338,openfacts
3424520000390,openfacts
3424520000406,openfacts
3424520000413,openfacts
3424520000420,openfacts
3424520000444,openfacts
3424520000529,openfacts
3424520000536,openfacts
3424520000581,openfacts
3424520000611,openfacts
3424520000628,openfacts
3424520000635,openfacts
3424520000642,openfacts
3424520001007,openfacts
3424520001014,openfacts
3424520001021,openfacts
3424520001045,openfacts
3424520001502,openfacts
3424520003056,openfacts
3424520003063,openfacts
3424520010009,openfacts
3424520010023,openfacts
3424520010030,openfacts
3424520010047,openfacts
3424520010061,openfacts
3424520010085,openfacts
3424520010092,openfacts
3424520010108,openfacts
3424520010115,openfacts
3424560034003,openfacts
3424564010003,openfacts
3424600000050,openfacts
3424600000227,openfacts
3424600000234,openfacts
3424600000258,openfacts
3424600000265,openfacts
3424600000319,openfacts
3424600000326,openfacts
3424600000333,openfacts
3424600000340,openfacts
3424600000357,openfacts
3424600000470,openfacts
3424600000517,openfacts
3424600000524,openfacts
3424600000678,openfacts
3424600000777,openfacts
3424600000784,openfacts
3424600000791,openfacts
3424600000814,openfacts
3424600000821,openfacts
3424600000852,openfacts
3424600000869,openfacts
3424600000876,openfacts
3424600000920,openfacts
3424600000937,openfacts
3424600000982,openfacts
3424600000999,openfacts
3424600001019,openfacts
3424600001026,openfacts
3424600001088,openfacts
3424600001095,openfacts
3424600001101,openfacts
3424600001163,openfacts
3424600001170,openfacts
3424600001187,openfacts
3424600001194,openfacts
3424600001217,openfacts
3424600001224,openfacts
3424600001262,openfacts
3424600001347,openfacts
3424600001354,openfacts
3424600001361,openfacts
3424600001392,openfacts
3424600001408,openfacts
3424600001415,openfacts
3424600001422,openfacts
3424600001446,openfacts
3424600001453,openfacts
3424600001477,openfacts
3424600001569,openfacts
3424600001590,openfacts
3424640000171,openfacts
3424650001151,openfacts
3424650011198,openfacts
3424650011204,openfacts
3424650011235,openfacts
3424650011266,openfacts
3424680000032,openfacts
3424680000063,openfacts
3424680002555,openfacts
3424680021457,openfacts
3424680031654,openfacts
3424680032552,openfacts
3424680041455,openfacts
3424680042551,openfacts
3424680115651,openfacts
3424680310650,openfacts
3424680320659,openfacts
3424701322426,openfacts
3424701425226,openfacts
3424703022065,openfacts
3424710003545,openfacts
3424715128038,openfacts
3424715128052,openfacts
3424715128106,openfacts
3424715128168,openfacts
3424721530115,openfacts
3424722200178,openfacts
3424724649005,openfacts
3424727048591,openfacts
3424740005205,openfacts
3424740008107,openfacts
3424740008602,openfacts
3424740008701,openfacts
3424740008909,openfacts
3424740009005,openfacts
3424740009012,openfacts
3424740009050,openfacts
3424740009302,openfacts
3424740009401,openfacts
3424740009609,openfacts
3424740020758,openfacts
3424740040015,openfacts
3424740040022,openfacts
3424740040046,openfacts
3424740040053,openfacts
3424740041005,openfacts
3424740041104,openfacts
3424740041401,openfacts
3424740041500,openfacts
3424740041524,openfacts
3424740041609,openfacts
3424740041708,openfacts
3424740080011,openfacts
3424740080035,openfacts
3424740080042,openfacts
3424740080066,openfacts
3424740090010,openfacts
3424740090027,openfacts
3424740444745,openfacts
3424777024408,openfacts
3424830000080,openfacts
3424830000134,openfacts
3424830000165,openfacts
3424830000233,openfacts
3424830000240,openfacts
3424830000271,openfacts
3424830000295,openfacts
3424830000318,openfacts
3424830000325,openfacts
3424830000349,openfacts
3424830000356,openfacts
3424830000370,openfacts
3424830000394,openfacts
3424830000424,openfacts
3424830000462,openfacts
3424830000509,openfacts
3424830000530,openfacts
3424830000646,openfacts
3424850000220,openfacts
3424850000640,openfacts
3424851026243,openfacts
3424851026311,openfacts
3424851026335,openfacts
3424851026946,openfacts
3424851027028,openfacts
3424851027042,openfacts
3424851027059,openfacts
3424851027097,openfacts
3424851044247,openfacts
3424851044254,openfacts
3424851044285,openfacts
3424851126943,openfacts
3424851128947,openfacts
3424851542118,openfacts
3424851830017,openfacts
3424851830031,openfacts
3424851830628,openfacts
3424851830703,openfacts
3424851830741,openfacts
3424851830772,openfacts
3424851830918,openfacts
3424851830987,openfacts
3424851830994,openfacts
3424851831113,openfacts
3424851831274,openfacts
3424851831427,openfacts
3424851831472,openfacts
3424851831649,openfacts
3424851831663,openfacts
3424851831878,openfacts
3424851831960,openfacts
3424851832141,openfacts
3424851832158,openfacts
3424851832394,openfacts
3424851832417,openfacts
3424851832424,openfacts
3424851832448,openfacts
3424851832486,openfacts
3424851832523,openfacts
3424851832578,openfacts
3424853378005,openfacts
3424854026295,openfacts
3424854026929,openfacts
3424854027025,openfacts
3424854027056,openfacts
3424854048167,openfacts
3424854048204,openfacts
3424854048563,openfacts
3424855048166,openfacts
3424856026941,openfacts
3424920000020,openfacts
3424920000037,openfacts
3424920000181,openfacts
3424920000211,openfacts
3424970000100,openfacts
3424970900103,openfacts
3424990005673,openfacts
3424990019755,openfacts
3424990025916,openfacts
3425034210169,openfacts
3425141200107,openfacts
3425142200106,openfacts
3425143200051,openfacts
3425143200105,openfacts
3425145099028,openfacts
3425145200103,openfacts
3425146200010,openfacts
3425148000052,openfacts
3425148200018,openfacts
3425230000076,openfacts
3425230000083,openfacts
3425230000090,openfacts
3425230000137,openfacts
3425230000144,openfacts
3425230000151,openfacts
3425230000229,openfacts
3425230000236,openfacts
3425230000342,openfacts
3425230000359,openfacts
3425230000366,openfacts
3425230000373,openfacts
3425230000465,openfacts
3425230000496,openfacts
3425230000519,openfacts
3425230000557,openfacts
3425230000588,openfacts
3425230000595,openfacts
3425230000625,openfacts
3425230000632,openfacts
3425230000656,openfacts
3425230000670,openfacts
3425230000687,openfacts
3425230000755,openfacts
3425230000779,openfacts
3425230000786,openfacts
3425230000793,openfacts
3425230000809,openfacts
3425230000816,openfacts
3425230000830,openfacts
3425230000847,openfacts
3425230000878,openfacts
3425230000885,openfacts
3425230000915,openfacts
3425230001011,openfacts
3425230001141,openfacts
3425230001257,openfacts
3425230001295,openfacts
3425230001301,openfacts
3425230001318,openfacts
3425230001349,openfacts
3425230001646,openfacts
3425248011927,openfacts
3425310030009,openfacts
3425310030023,openfacts
3425310030030,openfacts
3425310030047,openfacts
3425310030054,openfacts
3425310030115,openfacts
3425310030139,openfacts
3425310030146,openfacts
3425310070999,openfacts
3425313300000,openfacts
3425313300017,openfacts
3425313300024,openfacts
3425313300031,openfacts
3425313330083,openfacts
3425313530193,openfacts
3425313551044,openfacts
3425313551051,openfacts
3425313551136,openfacts
3425313551143,openfacts
3425313551181,openfacts
3425313551198,openfacts
3425313590241,openfacts
3425320083453,openfacts
3425354464457,openfacts
3425356644444,openfacts
3425362830008,openfacts
3425470002052,openfacts
3425470012006,openfacts
3425470012013,openfacts
3425470012037,openfacts
3425470013010,openfacts
3425470013034,openfacts
3425470014109,openfacts
3425470021008,openfacts
3425470021206,openfacts
3425470030000,openfacts
3425470032004,openfacts
3425470034008,openfacts
3425470035005,openfacts
3425470036002,openfacts
3425470037009,openfacts
3425470038006,openfacts
3425470101021,openfacts
3425470101069,openfacts
3425470101083,openfacts
3425470103070,openfacts
3425470103087,openfacts
3425470103094,openfacts
3425470103131,openfacts
3425470103186,openfacts
3425470103193,openfacts
3425470103230,openfacts
3425470103278,openfacts
3425470105043,openfacts
3425470106026,openfacts
3425470106187,openfacts
3425470107047,openfacts
3425470108020,openfacts
3425470108044,openfacts
3425470108051,openfacts
3425470108068,openfacts
3425470108075,openfacts
3425470108082,openfacts
3425470108099,openfacts
3425470108136,openfacts
3425470108181,openfacts
3425470108198,openfacts
3425470108204,openfacts
3425470108242,openfacts
3425470108273,openfacts
3425470108334,openfacts
3425470109003,openfacts
3425470109034,openfacts
3425470110085,openfacts
3425470110139,openfacts
3425470110214,openfacts
3425470114304,openfacts
3425470151019,openfacts
3425470151026,openfacts
3425470151033,openfacts
3425470151040,openfacts
3425470153013,openfacts
3425470153020,openfacts
3425470153037,openfacts
3425470153044,openfacts
3425470156021,openfacts
3425470156038,openfacts
3425470201042,openfacts
3425470201059,openfacts
3425470201103,openfacts
3425470201110,openfacts
3425470201127,openfacts
3425470201233,openfacts
3425470202216,openfacts
3425470208041,openfacts
3425470208164,openfacts
3425470208195,openfacts
3425470211225,openfacts
3425470301100,openfacts
3425470301124,openfacts
3425470301148,openfacts
3425470301247,openfacts
3425470301285,openfacts
3425470301315,openfacts
3425470304002,openfacts
3425470306013,openfacts
3425470306020,openfacts
3425470306037,openfacts
3425470306051,openfacts
3425470306099,openfacts
3425470306105,openfacts
3425470306129,openfacts
3425470306143,openfacts
3425470306167,openfacts
3425470306242,openfacts
3425470306266,openfacts
3425470306273,openfacts
3425470306280,openfacts
3425470306310,openfacts
3425470306334,openfacts
3425470306341,openfacts
3425470306358,openfacts
3425470307010,openfacts
3425470400001,openfacts
3425470400025,openfacts
3425470400032,openfacts
3425470400056,openfacts
3425470502095,openfacts
3425470504013,openfacts
3425470701016,openfacts
3425470701023,openfacts
3425470701030,openfacts
3425470810671,openfacts
3425471102195,openfacts
3425471102201,openfacts
3425471103185,openfacts
3425471103192,openfacts
3425471103215,openfacts
3425471103222,openfacts
3425471103246,openfacts
3425471104144,openfacts
3425471120007,openfacts
3425471120014,openfacts
3425471120021,openfacts
3425471120038,openfacts
3425471120052,openfacts
3425471120304,openfacts
3425471120311,openfacts
3425471122001,openfacts
3425471122018,openfacts
3425471122025,openfacts
3425471122063,openfacts
3425471132062,openfacts
3425471132079,openfacts
3425471160003,openfacts
3425471160010,openfacts
3425471160027,openfacts
3425471162007,openfacts
3425471162106,openfacts
3425471162205,openfacts
3425471166111,openfacts
3425471167026,openfacts
3425471201058,openfacts
3425471202086,openfacts
3425471202093,openfacts
3425471202161,openfacts
3425471301031,openfacts
3425471301055,openfacts
3425471301062,openfacts
3425471301093,openfacts
3425471301123,openfacts
3425471301147,openfacts
3425471302014,openfacts
3425471302052,openfacts
3425471302090,openfacts
3425471302106,openfacts
3425471303011,openfacts
3425471303035,openfacts
3425471303059,openfacts
3425471303066,openfacts
3425471303073,openfacts
3425471303080,openfacts
3425471303097,openfacts
3425471303141,usda
3425471303196,openfacts
3425471303233,openfacts
3425471303240,openfacts
3425471303257,openfacts
3425471303288,openfacts
3425471303387,openfacts
3425471303394,openfacts
3425471304025,openfacts
3425471306012,openfacts
3425471306029,openfacts
3425471306036,openfacts
3425471306050,openfacts
3425471306067,openfacts
3425471306074,openfacts
3425471306081,openfacts
3425471306098,openfacts
3425471306104,openfacts
3425471306111,openfacts
3425471306128,openfacts
3425471306135,openfacts
3425471306142,openfacts
3425471306159,openfacts
3425471306166,openfacts
3425471306210,openfacts
3425471306241,openfacts
3425471306272,openfacts
3425471306296,openfacts
3425471306302,openfacts
3425471306319,openfacts
3425471306333,openfacts
3425471306340,openfacts
3425471306357,openfacts
3425471306401,openfacts
3425471306418,openfacts
3425471306425,openfacts
3425471306432,openfacts
3425471306456,openfacts
3425471306487,openfacts
3425471306500,openfacts
3425471306531,openfacts
3425471306548,openfacts
3425471306555,openfacts
3425471306593,openfacts
3425471309013,openfacts
3425471309037,openfacts
3425471309051,openfacts
3425471309082,openfacts
3425471309099,openfacts
3425471310095,openfacts
3425471312013,openfacts
3425471312037,openfacts
3425471312051,openfacts
3425471312068,openfacts
3425471312099,openfacts
3425471312105,usda
3425471312129,openfacts
3425471312136,openfacts
3425471312143,openfacts
3425471312150,openfacts
3425471312228,openfacts
3425471312297,openfacts
3425471312310,openfacts
3425471315168,openfacts
3425471316011,openfacts
3425471316097,openfacts
3425471317018,openfacts
3425471317025,openfacts
3425471317032,openfacts
3425471317094,openfacts
3425471317162,openfacts
3425471317186,openfacts
3425471317278,openfacts
3425471317292,openfacts
3425471317339,openfacts
3425471317469,openfacts
3425471322036,openfacts
3425471400062,openfacts
3425471401007,openfacts
3425471401021,openfacts
3425471401052,openfacts
3425471508096,openfacts
3425471642448,openfacts
3425472103023,openfacts
3425472103030,openfacts
3425472103047,openfacts
3425472103054,openfacts
3425472103078,openfacts
3425472103085,openfacts
3425472103108,openfacts
3425472108080,openfacts
3425472202009,openfacts
3425472302013,openfacts
3425472302020,openfacts
3425472302037,openfacts
3425472302044,openfacts
3425472302068,openfacts
3425472302082,openfacts
3425472302099,openfacts
3425472302105,openfacts
3425472302112,openfacts
3425472302136,openfacts
3425472302143,openfacts
3425472302198,openfacts
3425472302228,openfacts
3425472302242,openfacts
3425472302259,openfacts
3425472302266,openfacts
3425472302273,openfacts
3425472302280,openfacts
3425472302303,openfacts
3425472302310,openfacts
3425472302365,openfacts
3425472302396,openfacts
3425472303010,openfacts
3425472303027,openfacts
3425472303034,openfacts
3425472303041,openfacts
3425472303102,openfacts
3425472303133,openfacts
3425472303140,openfacts
3425472303256,openfacts
3425472304031,openfacts
3425472304062,openfacts
3425472304093,openfacts
3425472306011,openfacts
3425472306035,openfacts
3425472306042,openfacts
3425472306066,openfacts
3425472306073,openfacts
3425472306080,openfacts
3425472306097,openfacts
3425472306103,openfacts
3425472306257,openfacts
3425472308060,openfacts
3425472308077,openfacts
3425472308091,openfacts
3425472308312,openfacts
3425472319011,openfacts
3425472319066,openfacts
3425472319097,openfacts
3425472319103,openfacts
3425472319110,openfacts
3425472319134,openfacts
3425472319257,openfacts
3425472319301,openfacts
3425472319370,openfacts
3425473103138,openfacts
3425473302081,openfacts
3425474301038,openfacts
3425474301069,openfacts
3425474302097,openfacts
3425475103013,openfacts
3425475103037,openfacts
3425475103044,openfacts
3425475103068,openfacts
3425475108070,openfacts
3425475108087,openfacts
3425475108131,openfacts
3425475120003,openfacts
3425475120010,openfacts
3425475120027,openfacts
3425475120041,openfacts
3425475120058,openfacts
3425475121024,openfacts
3425475121048,openfacts
3425475122014,openfacts
3425475122045,openfacts
3425475122052,openfacts
3425475302010,openfacts
3425475302058,openfacts
3425475302065,openfacts
3425475302096,openfacts
3425475302102,openfacts
3425475302133,openfacts
3425475302140,openfacts
3425475302270,openfacts
3425475302294,openfacts
3425475303017,openfacts
3425475303031,openfacts
3425475303093,openfacts
3425475306018,openfacts
3425475306094,openfacts
3425475306148,openfacts
3425475306278,openfacts
3425475307053,openfacts
3425475307312,openfacts
3425475312095,openfacts
3425476103111,openfacts
3425476103128,openfacts
3425476120002,openfacts
3425476120026,openfacts
3425476120040,openfacts
3425476202043,openfacts
3425476306017,openfacts
3425476306024,openfacts
3425476306031,openfacts
3425476306048,openfacts
3425476306062,openfacts
3425476306093,openfacts
3425476306109,openfacts
3425476306116,openfacts
3425476306130,openfacts
3425476306147,openfacts
3425476306222,openfacts
3425476306253,openfacts
3425476306376,openfacts
3425477102021,openfacts
3425477102069,openfacts
3425477102083,openfacts
3425477102236,openfacts
3425477102243,openfacts
3425477104049,openfacts
3425477104131,openfacts
3425477104148,openfacts
3425477104186,openfacts
3425477105046,openfacts
3425477106029,openfacts
3425477106043,openfacts
3425477106210,openfacts
3425477151050,openfacts
3425477301011,openfacts
3425477301035,openfacts
3425477301059,openfacts
3425477301097,openfacts
3425477301141,openfacts
3425477301356,openfacts
3425477301394,openfacts
3425477306030,openfacts
3425477306054,openfacts
3425477306061,openfacts
3425477306078,openfacts
3425477306085,openfacts
3425477306092,openfacts
3425477306122,openfacts
3425477306139,openfacts
3425477306276,openfacts
3425477306306,openfacts
3425477306313,openfacts
3425477306320,openfacts
3425477306337,openfacts
3425477306344,openfacts
3425477306351,openfacts
3425477306375,openfacts
3425477306382,openfacts
3425478303038,openfacts
3425478306015,openfacts
3425478306039,openfacts
3425478306053,openfacts
3425478306060,openfacts
3425478307012,openfacts
3425478307319,openfacts
3425478313037,openfacts
3425478313105,openfacts
3425478313129,openfacts
3425478315062,openfacts
3425479201128,openfacts
3425479201203,openfacts
3425479202309,openfacts
3425479302016,openfacts
3425479303037,openfacts
3425479703653,openfacts
3425479800116,openfacts
3425479800130,openfacts
3425479800147,openfacts
3425479800154,openfacts
3425479800161,openfacts
3425479800178,openfacts
3425479800185,openfacts
3425479800192,openfacts
3425479801014,openfacts
3425479801144,openfacts
3425479846480,openfacts
3425480101042,openfacts
3425480101059,openfacts
3425480101073,openfacts
3425480101080,openfacts
3425480101097,openfacts
3425480101103,openfacts
3425480101110,openfacts
3425480101127,openfacts
3425480101141,openfacts
3425480101165,openfacts
3425480101189,openfacts
3425480101196,openfacts
3425480150118,openfacts
3425480150477,openfacts
3425480150484,openfacts
3425480160063,openfacts
3425480160117,openfacts
3425480160124,openfacts
3425480160148,openfacts
3425480160179,openfacts
3425480180016,openfacts
3425480180023,openfacts
3425480180030,openfacts
3425480180047,openfacts
3425480180054,openfacts
3425480180078,openfacts
3425480180108,openfacts
3425480180115,openfacts
3425480180122,openfacts
3425480180139,openfacts
3425480180146,openfacts
3425480180153,openfacts
3425480190015,openfacts
3425480190091,openfacts
3425480191401,openfacts
3425480191807,openfacts
3425480200011,openfacts
3425480200028,openfacts
3425480200035,openfacts
3425480200059,openfacts
3425480200066,openfacts
3425480200073,openfacts
3425480200080,openfacts
3425480200097,openfacts
3425480200103,openfacts
3425480200134,openfacts
3425480200141,openfacts
3425480200158,openfacts
3425480200165,openfacts
3425480200172,openfacts
3425480200196,openfacts
3425481006018,openfacts
3425556956989,openfacts
3425600000224,openfacts
3425600007056,openfacts
3425600019875,openfacts
3425600020017,openfacts
3425600020024,openfacts
3425601131347,openfacts
3425601316102,openfacts
3425601412385,openfacts
3425601412453,openfacts
3425601531024,openfacts
3425601531161,openfacts
3425601531277,openfacts
3425601531284,openfacts
3425601531390,openfacts
3425601531857,openfacts
3425601531949,openfacts
3425601532205,openfacts
3425601532212,openfacts
3425601532267,openfacts
3425601532274,openfacts
3425601532281,openfacts
3425601532311,openfacts
3425601532335,openfacts
3425601532403,openfacts
3425601532410,openfacts
3425601532663,openfacts
3425601532670,openfacts
3425601532687,openfacts
3425601532861,openfacts
3425601532878,openfacts
3425601532885,openfacts
3425601532915,openfacts
3425601533240,openfacts
3425601533257,openfacts
3425601533288,openfacts
3425601533301,openfacts
3425601533394,openfacts
3425601533400,openfacts
3425601533417,openfacts
3425601533769,openfacts
3425601533776,openfacts
3425601533783,openfacts
3425601534056,openfacts
3425601534063,openfacts
3425601534100,openfacts
3425601534117,openfacts
3425601534162,openfacts
3425601534179,openfacts
3425601534223,openfacts
3425601534230,openfacts
3425601534254,openfacts
3425601534261,openfacts
3425601534322,openfacts
3425601534346,openfacts
3425601534353,openfacts
3425601534360,openfacts
3425601534384,openfacts
3425601534605,openfacts
3425601534674,openfacts
3425601534681,openfacts
3425601534698,openfacts
3425601534704,openfacts
3425601534711,openfacts
3425601534728,openfacts
3425601534735,openfacts
3425601534780,openfacts
3425601534797,openfacts
3425601534827,openfacts
3425601534834,openfacts
3425601534841,openfacts
3425601534858,openfacts
3425601534865,openfacts
3425601534926,openfacts
3425601534933,openfacts
3425601534957,openfacts
3425601534964,openfacts
3425601534971,openfacts
3425601534988,openfacts
3425601534995,openfacts
3425601535008,openfacts
3425601535015,openfacts
3425601535022,openfacts
3425601535091,openfacts
3425601535107,openfacts
3425601535213,openfacts
3425601535220,openfacts
3425601535237,openfacts
3425601535251,openfacts
3425601535268,openfacts
3425601535299,openfacts
3425601535305,openfacts
3425601535312,openfacts
3425601535329,openfacts
3425601535343,openfacts
3425601535350,openfacts
3425601535695,openfacts
3425601535725,openfacts
3425601535787,openfacts
3425601535794,openfacts
3425601535800,openfacts
3425601535824,openfacts
3425601537200,openfacts
3425601537217,openfacts
3425601537248,openfacts
3425601537293,openfacts
3425601537316,openfacts
3425601537330,openfacts
3425601537347,openfacts
3425601537354,openfacts
3425601537361,openfacts
3425601537378,openfacts
3425601537392,openfacts
3425601537415,openfacts
3425601537439,openfacts
3425601537453,openfacts
3425601537460,openfacts
3425601537477,openfacts
3425601537484,openfacts
3425601537491,openfacts
3425601537514,openfacts
3425601537606,openfacts
3425601537613,openfacts
3425601537620,openfacts
3425601537637,openfacts
3425601537699,openfacts
3425601537705,openfacts
3425601537712,openfacts
3425601537729,openfacts
3425601537736,openfacts
3425601538047,openfacts
3425601538146,openfacts
3425601538191,openfacts
3425601538207,openfacts
3425601538214,openfacts
3425601538283,openfacts
3425601538290,openfacts
3425601538375,openfacts
3425601538382,openfacts
3425601538412,openfacts
3425601538429,openfacts
3425601538443,openfacts
3425601538450,openfacts
3425601538467,openfacts
3425601538474,openfacts
3425601538481,openfacts
3425601538504,openfacts
3425601538511,openfacts
3425601538528,openfacts
3425601538535,openfacts
3425601538542,openfacts
3425601538740,openfacts
3425601538788,openfacts
3425601538795,openfacts
3425601538801,openfacts
3425601538818,openfacts
3425601539235,openfacts
3425601539334,openfacts
3425601539471,openfacts
3425601539624,openfacts
3425601539631,openfacts
3425601539709,openfacts
3425601539761,openfacts
3425601539808,openfacts
3425601539839,openfacts
3425601665057,openfacts
3425621101023,openfacts
3425662111012,openfacts
3425662111029,openfacts
3425662111043,openfacts
3425681130018,openfacts
3425681140017,openfacts
3425812001927,openfacts
3425850000289,openfacts
3425850010066,openfacts
3425850010073,openfacts
3425850016006,openfacts
3425850016358,openfacts
3425850100262,openfacts
3425850101665,openfacts
3425850105601,openfacts
3425850107667,openfacts
3425850109661,openfacts
3425850120260,openfacts
3425850129065,openfacts
3425850151660,openfacts
3425850153664,openfacts
3425850158669,openfacts
3425850170364,openfacts
3425850171361,openfacts
3425850180363,openfacts
3425850181360,openfacts
3425850191369,openfacts
3425850201365,openfacts
3425850703029,openfacts
3425850703128,openfacts
3425850970667,openfacts
3425851020668,openfacts
3425851040666,openfacts
3425851060664,openfacts
3425901015811,openfacts
3425901102122,openfacts
3425987300405,openfacts
3425987300504,openfacts
3425987301006,openfacts
3425987301105,openfacts
3425987301303,openfacts
3425987301402,openfacts
3425987301501,openfacts
3425987302232,openfacts
3425987302379,openfacts
3425987303253,openfacts
3425987303277,openfacts
3425987308500,openfacts
3426034075703,openfacts
3426076473048,openfacts
3426076900308,openfacts
3426081858397,openfacts
3426155269883,openfacts
3426163333330,openfacts
3426165555556,openfacts
3426274000053,openfacts
3426280000030,openfacts
3426280000047,openfacts
3426280000054,openfacts
3426280000108,openfacts
3426280000306,openfacts
3426300071613,openfacts
3426310280807,openfacts
3426310281002,openfacts
3426311111001,openfacts
3426311121000,openfacts
3426313100058,openfacts
3426313140054,openfacts
3426313240051,openfacts
3426313940050,openfacts
3426315136017,openfacts
3426317142009,openfacts
3426317212009,openfacts
3426317312006,openfacts
3426317312013,openfacts
3426317319821,openfacts
3426317320155,openfacts
3426317342003,openfacts
3426317542014,openfacts
3426317622013,openfacts
3426317622020,openfacts
3426317622037,openfacts
3426317622044,openfacts
3426317622051,openfacts
3426317622068,openfacts
3426317622075,openfacts
3426317722027,openfacts
3426317722034,openfacts
3426317722058,openfacts
3426317722089,openfacts
3426318788503,openfacts
3426318821507,openfacts
3426319100007,openfacts
3426319188203,openfacts
3426319999014,openfacts
3426323140006,openfacts
3426323940002,openfacts
3426327311006,openfacts
3426327322002,openfacts
3426327541007,openfacts
3426327624007,openfacts
3426327624106,openfacts
3426327634211,openfacts
3426327634457,openfacts
3426327634808,openfacts
3426327711301,openfacts
3426327722208,openfacts
3426327733334,openfacts
3426328201504,openfacts
3426328201900,openfacts
3426353034610,openfacts
3426354000959,openfacts
3426354000966,openfacts
3426354083044,openfacts
3426354084935,openfacts
3426354085000,openfacts
3426354085017,openfacts
3426354085024,openfacts
3426354085031,openfacts
3426354085307,openfacts
3426354085925,openfacts
3426354085994,openfacts
3426354086793,openfacts
3426354087301,openfacts
3426354089206,openfacts
3426379018823,openfacts
3426390101016,openfacts
3426390202010,openfacts
3426390402014,openfacts
3426390402052,openfacts
3426390503025,openfacts
3426390503056,openfacts
3426390602049,openfacts
3426390801022,openfacts
3426390801121,openfacts
3426390901012,openfacts
3426430000989,openfacts
3426430001160,openfacts
3426430001177,openfacts
3426430001184,openfacts
3426430001313,openfacts
3426430001320,openfacts
3426430001351,openfacts
3426430001467,openfacts
3426430001481,openfacts
3426430001498,openfacts
3426430001504,openfacts
3426430001511,openfacts
3426430001566,openfacts
3426430001573,openfacts
3426430001788,openfacts
3426430001801,openfacts
3426430001856,openfacts
3426434000015,openfacts
3426434000022,openfacts
3426434000039,openfacts
3426434000046,openfacts
3426434000053,openfacts
3426434000060,openfacts
3426434000077,openfacts
3426434000084,openfacts
3426434000091,openfacts
3426434000114,openfacts
3426434000121,openfacts
3426434000145,openfacts
3426434000206,openfacts
3426434000220,openfacts
3426434010014,openfacts
3426434010021,openfacts
3426434010045,openfacts
3426434010069,openfacts
3426434010083,openfacts
3426434010106,openfacts
3426434010113,openfacts
3426434010120,openfacts
3426434010137,openfacts
3426434010151,openfacts
3426437000012,openfacts
3426437000036,openfacts
3426437000074,openfacts
3426437000173,openfacts
3426470268592,webdatacommons
3426470268653,openfacts
3426470277761,openfacts
3426470301268,openfacts
3426510000021,openfacts
3426510000038,openfacts
3426510000045,openfacts
3426510000052,openfacts
3426510000069,openfacts
3426510000076,openfacts
3426510000083,openfacts
3426510000090,openfacts
3426510000137,openfacts
3426510000403,openfacts
3426510000427,openfacts
3426510000472,openfacts
3426510000496,openfacts
3426510000519,openfacts
3426510000625,openfacts
3426510000649,openfacts
3426510000656,openfacts
3426510000663,openfacts
3426510000694,openfacts
3426510000700,openfacts
3426510000984,openfacts
3426510000991,openfacts
3426510001004,openfacts
3426510001011,openfacts
3426510001028,openfacts
3426510001035,openfacts
3426510001158,openfacts
3426510001165,openfacts
3426510001172,openfacts
3426510001189,openfacts
3426510001202,openfacts
3426510001219,openfacts
3426510001226,openfacts
3426510001233,openfacts
3426560404206,openfacts
3426570645514,openfacts
3426575000066,openfacts
3426620000010,openfacts
3426620000744,openfacts
3426620001253,openfacts
3426620001741,openfacts
3426620001970,openfacts
3426620001987,openfacts
3426620002205,openfacts
3426620002564,openfacts
3426620004056,openfacts
3426620008887,openfacts
3426620010101,openfacts
3426620010200,openfacts
3426620010507,openfacts
3426620011108,openfacts
3426620011207,openfacts
3426620011603,openfacts
3426620012105,openfacts
3426620013904,openfacts
3426620015007,openfacts
3426620015601,openfacts
3426620019302,openfacts
3426620021800,openfacts
3426620022005,openfacts
3426620022807,openfacts
3426620050046,openfacts
3426620050268,openfacts
3426620050299,openfacts
3426620050398,openfacts
3426620050404,openfacts
3426620050503,openfacts
3426620050565,openfacts
3426631000498,openfacts
3426631000504,openfacts
3426682809880,openfacts
3426690004413,openfacts
3426710385638,openfacts
3426710409488,openfacts
3426710442409,openfacts
3426710446551,openfacts
3426710741694,openfacts
3426720000002,openfacts
3426720000033,openfacts
3426720000064,openfacts
3426720000095,openfacts
3426720000118,openfacts
3426720000149,openfacts
3426720000156,openfacts
3426720000163,openfacts
3426720000170,openfacts
3426720000187,openfacts
3426721000025,openfacts
3426721000032,openfacts
3426721000049,openfacts
3426721000056,openfacts
3426721000070,openfacts
3426721778078,openfacts
3426722000017,openfacts
3426722000024,openfacts
3426722000031,openfacts
3426722000048,openfacts
3426723000016,openfacts
3426723000023,openfacts
3426723000030,openfacts
3426724000015,openfacts
3426732210970,openfacts
3426799000163,openfacts
3426799000187,openfacts
3426820011014,openfacts
3426854960760,openfacts
3427002002714,openfacts
3427017083395,openfacts
3427107094393,openfacts
3427120291304,openfacts
3427124020009,openfacts
3427129470151,openfacts
3427140210002,openfacts
3427150110705,openfacts
3427153622519,openfacts
3427153687518,openfacts
3427154645012,openfacts
3427154665010,openfacts
3427154667519,openfacts
3427170782180,usda
3427173007099,openfacts
3427174010029,openfacts
3427174010067,openfacts
3427180231418,openfacts
3427180235027,openfacts
3427180235102,openfacts
3427180236161,openfacts
3427191424410,openfacts
3427232201970,openfacts
3427240000350,openfacts
3427240001029,openfacts
3427240005850,openfacts
3427240010519,openfacts
3427240010540,openfacts
3427240010557,openfacts
3427240012117,openfacts
3427240012124,openfacts
3427271981048,openfacts
3427283940071,openfacts
3427290002106,openfacts
3427290002113,openfacts
3427290002120,openfacts
3427290002137,openfacts
3427290002144,openfacts
3427290002151,openfacts
3427290002168,openfacts
3427290002175,openfacts
3427290002182,openfacts
3427290002199,openfacts
3427290002205,openfacts
3427290002212,openfacts
3427290002229,openfacts
3427290002236,openfacts
3427290002243,openfacts
3427290002267,openfacts
3427290002274,openfacts
3427290002281,openfacts
3427290002298,openfacts
3427290002304,openfacts
3427290002311,openfacts
3427290002328,openfacts
3427290002335,openfacts
3427290002359,openfacts
3427290002366,openfacts
3427290002380,openfacts
3427290002397,openfacts
3427290002403,openfacts
3427290002731,openfacts
3427290002762,openfacts
3427290002779,openfacts
3427290002786,openfacts
3427290002793,openfacts
3427290002809,openfacts
3427290002816,openfacts
3427290002823,openfacts
3427290002830,openfacts
3427290002847,openfacts
3427290002854,openfacts
3427290002878,openfacts
3427290002885,openfacts
3427290002892,openfacts
3427290002908,openfacts
3427290002915,openfacts
3427290002946,openfacts
3427290002953,openfacts
3427290002960,openfacts
3427290002977,openfacts
3427290003028,openfacts
3427290003035,openfacts
3427290003042,openfacts
3427290003059,openfacts
3427290003066,openfacts
3427290003073,openfacts
3427290003080,openfacts
3427290003097,openfacts
3427290003103,openfacts
3427290003110,openfacts
3427290003127,openfacts
3427290003134,openfacts
3427290003141,openfacts
3427290003158,openfacts
3427290003165,openfacts
3427290003172,openfacts
3427290003189,openfacts
3427290003196,openfacts
3427290003202,openfacts
3427290003219,openfacts
3427290003226,openfacts
3427290003547,openfacts
3427290009662,openfacts
3427500114438,openfacts
3427500597422,openfacts
3427670602711,openfacts
3427679884477,openfacts
3427764771118,openfacts
3427777332108,openfacts
3427836351286,openfacts
3427865090071,openfacts
3427884884477,openfacts
3427920152041,openfacts
3427920230169,openfacts
3427920232156,openfacts
3427920242094,openfacts
3427920272121,openfacts
3427947900281,openfacts
3428010262275,openfacts
3428014126320,openfacts
3428014448170,openfacts
3428014464941,openfacts
3428014466426,openfacts
3428022109773,openfacts
3428025990095,openfacts
3428030000086,openfacts
3428031965018,openfacts
3428039802001,openfacts
3428050040819,openfacts
3428051024108,openfacts
3428060283404,openfacts
3428060380400,openfacts
3428066063680,openfacts
3428066118700,openfacts
3428069008213,openfacts
3428069013484,openfacts
3428069018441,openfacts
3428069021649,openfacts
3428073090068,openfacts
3428076472106,openfacts
3428076472885,openfacts
3428076472953,openfacts
3428076474438,openfacts
3428076481740,openfacts
3428076482228,openfacts
3428076600882,openfacts
3428076601131,openfacts
3428076601148,openfacts
3428076610546,openfacts
3428076610621,openfacts
3428086000856,openfacts
3428086205046,openfacts
3428086311501,openfacts
3428087030623,openfacts
3428087311838,openfacts
3428090610638,openfacts
3428092016759,openfacts
3428099574030,openfacts
3428109100532,openfacts
3428128276003,openfacts
3428170000014,openfacts
3428170000342,openfacts
3428170000687,openfacts
3428170002087,openfacts
3428170002100,openfacts
3428170003466,openfacts
3428170003473,openfacts
3428170004562,openfacts
3428170004647,openfacts
3428170004739,openfacts
3428170004951,openfacts
3428170005156,openfacts
3428170005194,openfacts
3428170005286,openfacts
3428170005309,openfacts
3428170005316,openfacts
3428170006962,openfacts
3428170006979,openfacts
3428170006986,openfacts
3428170007310,openfacts
3428170007334,openfacts
3428170007358,openfacts
3428170008386,openfacts
3428170008393,openfacts
3428170008409,openfacts
3428170008416,openfacts
3428170008423,openfacts
3428170008430,openfacts
3428170008447,openfacts
3428170008546,openfacts
3428170008553,openfacts
3428170008638,openfacts
3428171014225,openfacts
3428171038528,openfacts
3428175032904,openfacts
3428175043481,openfacts
3428175076762,openfacts
3428184800068,openfacts
3428190001497,openfacts
3428190015937,openfacts
3428190015944,openfacts
3428190050259,openfacts
3428199016003,openfacts
3428199018465,openfacts
3428199019882,openfacts
3428199271396,openfacts
3428199281852,openfacts
3428200001172,openfacts
3428200005590,openfacts
3428200019252,openfacts
3428200019276,openfacts
3428200019283,openfacts
3428200045404,openfacts
3428200110997,openfacts
3428200214886,openfacts
3428200301012,openfacts
3428200301500,openfacts
3428200301524,openfacts
3428200301777,openfacts
3428200302392,openfacts
3428200302552,openfacts
3428200303863,openfacts
3428200304648,openfacts
3428200307090,openfacts
3428200307168,openfacts
3428200307366,openfacts
3428200309070,openfacts
3428200311806,openfacts
3428200312445,openfacts
3428200312629,openfacts
3428200318171,openfacts
3428200319420,openfacts
3428200320495,openfacts
3428200320501,openfacts
3428200320860,openfacts
3428200321782,openfacts
3428200322406,openfacts
3428200322628,openfacts
3428200323274,openfacts
3428200323441,openfacts
3428200325278,openfacts
3428200325285,openfacts
3428200325544,openfacts
3428200329542,openfacts
3428200331019,openfacts
3428200331026,openfacts
3428200331538,openfacts
3428200332047,openfacts
3428200332054,openfacts
3428200332498,openfacts
3428200332610,openfacts
3428200332627,openfacts
3428200370179,openfacts
3428200371459,openfacts
3428200371480,openfacts
3428200371800,openfacts
3428200371824,openfacts
3428200372630,openfacts
3428200372654,openfacts
3428200372685,openfacts
3428200372692,openfacts
3428200372722,openfacts
3428200372739,openfacts
3428200373224,openfacts
3428200373231,openfacts
3428200373248,openfacts
3428200373620,openfacts
3428200374030,openfacts
3428200374160,openfacts
3428200375013,openfacts
3428200375822,openfacts
3428200375839,openfacts
3428200375846,openfacts
3428200375853,openfacts
3428200379301,openfacts
3428200379424,openfacts
3428200379462,openfacts
3428200381212,openfacts
3428200381250,openfacts
3428200381274,openfacts
3428200382158,openfacts
3428200382165,openfacts
3428200382257,openfacts
3428200382462,openfacts
3428200382561,openfacts
3428200382769,openfacts
3428200382776,openfacts
3428200382943,openfacts
3428200383209,openfacts
3428200383230,openfacts
3428200383377,openfacts
3428200383414,openfacts
3428200383421,openfacts
3428200383438,openfacts
3428200383476,openfacts
3428200383483,openfacts
3428200383551,openfacts
3428200383568,openfacts
3428200383599,openfacts
3428200383681,openfacts
3428200383834,openfacts
3428200383957,openfacts
3428200386057,openfacts
3428200386293,openfacts
3428200386439,openfacts
3428200386484,openfacts
3428200386491,openfacts
3428200386576,openfacts
3428200386606,openfacts
3428200386729,openfacts
3428200386798,openfacts
3428200386965,openfacts
3428200387023,openfacts
3428200387115,openfacts
3428200387221,openfacts
3428200387269,openfacts
3428200387306,openfacts
3428200387337,openfacts
3428200387344,openfacts
3428200387399,openfacts
3428200387542,openfacts
3428200387603,openfacts
3428200387764,openfacts
3428200387795,openfacts
3428200387825,openfacts
3428200387931,openfacts
3428200387955,openfacts
3428200388129,openfacts
3428200388396,openfacts
3428200388426,openfacts
3428200388433,openfacts
3428200388471,openfacts
3428200388488,openfacts
3428200388495,openfacts
3428200388501,openfacts
3428200388525,openfacts
3428200388563,openfacts
3428200388570,openfacts
3428200388662,openfacts
3428201435051,openfacts
3428201435068,openfacts
3428201435136,openfacts
3428201435228,openfacts
3428201435396,openfacts
3428201435723,openfacts
3428201435730,openfacts
3428201435761,openfacts
3428201435860,openfacts
3428201435952,openfacts
3428201435969,openfacts
3428201435976,openfacts
3428201436027,openfacts
3428201436096,openfacts
3428201436102,openfacts
3428201436201,openfacts
3428201436362,openfacts
3428201436386,openfacts
3428201436539,openfacts
3428201436546,openfacts
3428202030101,openfacts
3428202041404,openfacts
3428202110803,openfacts
3428202111008,openfacts
3428202130306,openfacts
3428202142002,openfacts
3428202332700,openfacts
3428202421107,openfacts
3428202530106,openfacts
3428203079512,openfacts
3428203079598,openfacts
3428203798260,openfacts
3428206379749,openfacts
3428250000484,openfacts
3428250005069,openfacts
3428255913703,openfacts
3428261612157,openfacts
3428261641416,openfacts
3428261776057,openfacts
3428271090044,openfacts
3428271100088,openfacts
3428271100095,openfacts
3428271120017,openfacts
3428271120024,openfacts
3428271120031,openfacts
3428271140015,openfacts
3428271140022,openfacts
3428271150014,openfacts
3428271160068,openfacts
3428271160075,openfacts
3428271160082,openfacts
3428271160099,openfacts
3428271180011,openfacts
3428271180042,openfacts
3428271180059,openfacts
3428271200016,openfacts
3428271200023,openfacts
3428271200030,openfacts
3428271200047,openfacts
3428271240012,openfacts
3428271240029,openfacts
3428271250028,openfacts
3428271856244,openfacts
3428271920051,openfacts
3428271930043,openfacts
3428271930050,openfacts
3428271930067,openfacts
3428271930081,openfacts
3428271940028,openfacts
3428271940035,openfacts
3428271940042,openfacts
3428271940066,openfacts
3428271940103,openfacts
3428271980031,openfacts
3428271980048,openfacts
3428271987030,openfacts
3428271990030,openfacts
3428272000028,openfacts
3428272000035,openfacts
3428272000042,openfacts
3428272000059,openfacts
3428272002787,openfacts
3428272040055,openfacts
3428272040062,openfacts
3428272040079,openfacts
3428272049355,openfacts
3428272060053,openfacts
3428272070090,openfacts
3428272100063,openfacts
3428272110017,openfacts
3428272110024,openfacts
3428272130077,openfacts
3428272130084,openfacts
3428272140014,openfacts
3428272140021,openfacts
3428272140052,openfacts
3428272150013,openfacts
3428272170011,openfacts
3428272170028,openfacts
3428272170035,openfacts
3428272170042,openfacts
3428272170059,openfacts
3428272170066,openfacts
3428272179311,openfacts
3428272190033,openfacts
3428272190132,openfacts
3428272190170,openfacts
3428272200077,openfacts
3428272200091,openfacts
3428272200107,openfacts
3428272210083,openfacts
3428272210106,openfacts
3428272444419,openfacts
3428272940027,openfacts
3428272950057,openfacts
3428272950064,openfacts
3428272956417,openfacts
3428272960049,openfacts
3428272963057,openfacts
3428272970017,openfacts
3428272970147,openfacts
3428272970154,openfacts
3428272970161,openfacts
3428272970178,openfacts
3428272980047,openfacts
3428273000034,openfacts
3428273000041,openfacts
3428273060021,openfacts
3428273070013,openfacts
3428273080012,openfacts
3428273080029,openfacts
3428273080036,openfacts
3428273080043,openfacts
3428273090011,openfacts
3428273090028,openfacts
3428273090035,openfacts
3428273090059,openfacts
3428273110016,openfacts
3428273120114,openfacts
3428273140037,openfacts
3428273140044,openfacts
3428273140051,openfacts
3428273140068,openfacts
3428273140075,openfacts
3428273140099,openfacts
3428273140105,openfacts
3428273160011,openfacts
3428273160035,openfacts
3428273160080,openfacts
3428273180033,openfacts
3428273180040,openfacts
3428273180057,openfacts
3428273180088,openfacts
3428273180095,openfacts
3428273180125,openfacts
3428273180132,openfacts
3428273190186,openfacts
3428273190193,openfacts
3428273190216,openfacts
3428273190254,openfacts
3428273190261,openfacts
3428273190278,openfacts
3428273200113,openfacts
3428273200120,openfacts
3428273200144,openfacts
3428273200151,openfacts
3428273200168,openfacts
3428273200212,openfacts
3428273200229,openfacts
3428273200236,openfacts
3428273200243,openfacts
3428273230028,openfacts
3428273230042,openfacts
3428273230059,openfacts
3428273240041,openfacts
3428273240096,openfacts
3428273240102,openfacts
3428273250026,openfacts
3428273250040,openfacts
3428273250057,openfacts
3428273250064,openfacts
3428273250071,openfacts
3428273250101,openfacts
3428273250118,openfacts
3428273444401,openfacts
3428273447464,openfacts
3428273940088,openfacts
3428273940125,openfacts
3428273950209,openfacts
3428273974458,openfacts
3428273980022,openfacts
3428273980046,openfacts
3428273980633,openfacts
3428273986314,openfacts
3428273990083,openfacts
3428274050106,openfacts
3428274050113,openfacts
3428274050120,openfacts
3428274056313,openfacts
3428274060013,openfacts
3428274060044,openfacts
3428274080011,openfacts
3428274080028,openfacts
3428274080035,openfacts
3428274090010,openfacts
3428274090027,openfacts
3428274090072,openfacts
3428274090089,openfacts
3428274110060,openfacts
3428274120014,openfacts
3428274120045,openfacts
3428274120069,openfacts
3428274120090,openfacts
3428274120113,openfacts
3428274120120,openfacts
3428274130020,openfacts
3428274130051,openfacts
3428274130082,openfacts
3428274140029,openfacts
3428274140036,openfacts
3428274140043,openfacts
3428274150011,openfacts
3428274150035,openfacts
3428274150042,openfacts
3428274150066,openfacts
3428274160010,openfacts
3428274160027,openfacts
3428274160058,openfacts
3428274160072,openfacts
3428274170019,openfacts
3428274170026,openfacts
3428274170033,openfacts
3428274170040,openfacts
3428274170064,openfacts
3428274170071,openfacts
3428274170088,openfacts
3428274178466,openfacts
3428274180032,openfacts
3428274180049,openfacts
3428274180056,openfacts
3428274180063,openfacts
3428274180070,openfacts
3428274180087,openfacts
3428274180124,openfacts
3428274180131,openfacts
3428274180193,openfacts
3428274190284,openfacts
3428274200259,openfacts
3428274200266,openfacts
3428274200273,openfacts
3428274200280,openfacts
3428274200297,openfacts
3428274200303,openfacts
3428274210159,openfacts
3428274210166,openfacts
3428274220035,openfacts
3428274495464,openfacts
3428274950017,openfacts
3428274950024,openfacts
3428274960078,openfacts
3428274960276,openfacts
3428275498006,openfacts
3428275704015,openfacts
3428282960015,openfacts
3428282960022,openfacts
3428286573334,openfacts
3428290000093,openfacts
3428290000109,openfacts
3428290000147,openfacts
3428290000154,openfacts
3428290000208,openfacts
3428290000215,openfacts
3428290000222,openfacts
3428290000239,openfacts
3428290000406,openfacts
3428290000413,openfacts
3428290000420,openfacts
3428290000437,openfacts
3428290000444,openfacts
3428290000451,openfacts
3428290000468,openfacts
3428290000475,openfacts
3428290000505,openfacts
3428290000529,openfacts
3428290000543,openfacts
3428290000550,openfacts
3428290000727,openfacts
3428290000840,openfacts
3428290000857,openfacts
3428290001007,openfacts
3428290001823,openfacts
3428290001830,openfacts
3428290001878,openfacts
3428290001885,openfacts
3428290001892,openfacts
3428290001915,openfacts
3428290002738,openfacts
3428290002974,openfacts
3428290009980,openfacts
3428294180005,openfacts
3428294210009,openfacts
3428294230007,openfacts
3428294240006,openfacts
3428294250005,openfacts
3428297132209,openfacts
3428361003145,openfacts
3428370001088,openfacts
3428370001095,openfacts
3428370103096,openfacts
3428370183098,openfacts
3428370303007,openfacts
3428370503001,openfacts
3428371123093,openfacts
3428372503085,openfacts
3428372773006,openfacts
3428373003003,openfacts
3428374263093,openfacts
3428374563001,openfacts
3428375006101,openfacts
3428375103008,openfacts
3428375503006,openfacts
3428376008326,openfacts
3428376036169,openfacts
3428376037302,openfacts
3428376042498,openfacts
3428376046908,openfacts
3428376052572,openfacts
3428376053418,openfacts
3428376054859,openfacts
3428376057362,openfacts
3428376065060,openfacts
3428376493092,openfacts
3428380000675,openfacts
3428380000842,openfacts
3428380000897,openfacts
3428380001450,openfacts
3428380001474,openfacts
3428380001856,openfacts
3428380001870,openfacts
3428380001894,openfacts
3428380001917,openfacts
3428380002419,openfacts
3428380002433,openfacts
3428380002549,openfacts
3428380003744,openfacts
3428380003843,openfacts
3428380003881,openfacts
3428380003928,openfacts
3428380004000,openfacts
3428380004468,openfacts
3428380004505,openfacts
3428380004529,openfacts
3428380005083,openfacts
3428380014504,openfacts
3428380101037,openfacts
3428380203168,openfacts
3428380771674,openfacts
3428380788733,openfacts
3428382180061,openfacts
3428390000160,openfacts
3428390000177,openfacts
3428390000245,openfacts
3428390000528,openfacts
3428390000559,openfacts
3428390000726,openfacts
3428390000740,openfacts
3428390000764,openfacts
3428390000818,openfacts
3428390000924,openfacts
3428390000955,openfacts
3428390000979,openfacts
3428390001105,openfacts
3428390001136,openfacts
3428390001150,openfacts
3428390001167,openfacts
3428390001181,openfacts
3428390001242,openfacts
3428390001266,openfacts
3428390001273,openfacts
3428390001303,openfacts
3428390001327,openfacts
3428390001501,openfacts
3428390001518,openfacts
3428390001600,openfacts
3428390003185,openfacts
3428390006162,openfacts
3428390006735,openfacts
3428390006742,openfacts
3428390006780,openfacts
3428390006797,openfacts
3428390007008,openfacts
3428390007145,openfacts
3428390007176,openfacts
3428390007305,openfacts
3428390007435,openfacts
3428390007459,openfacts
3428390007787,openfacts
3428390008005,openfacts
3428390008357,openfacts
3428390008364,openfacts
3428390008562,openfacts
3428390008579,openfacts
3428390008845,openfacts
3428390009002,openfacts
3428390009576,openfacts
3428390009583,openfacts
3428390009590,openfacts
3428390009606,openfacts
3428390009613,openfacts
3428390009750,openfacts
3428390009927,openfacts
3428390009965,openfacts
3428390009972,openfacts
3428390010428,openfacts
3428390010435,openfacts
3428390010442,openfacts
3428390010459,openfacts
3428390010466,openfacts
3428390010473,openfacts
3428390010534,openfacts
3428390010541,openfacts
3428390010558,openfacts
3428390010596,openfacts
3428390010817,openfacts
3428390010879,openfacts
3428390011036,openfacts
3428390011081,openfacts
3428390011098,openfacts
3428390011111,openfacts
3428390011128,openfacts
3428390011135,openfacts
3428390011142,openfacts
3428390011173,openfacts
3428390011180,openfacts
3428390011197,openfacts
3428390011203,openfacts
3428390011265,openfacts
3428390011302,openfacts
3428390011319,openfacts
3428390011326,openfacts
3428390011371,openfacts
3428390011395,openfacts
3428390011524,openfacts
3428390011531,openfacts
3428390011548,openfacts
3428390011555,openfacts
3428390011562,openfacts
3428390011579,openfacts
3428390011586,openfacts
3428390011593,openfacts
3428390011609,openfacts
3428390011616,openfacts
3428390011623,openfacts
3428390011630,openfacts
3428390011692,openfacts
3428390011715,openfacts
3428390011746,openfacts
3428390011753,openfacts
3428390011760,openfacts
3428390011784,openfacts
3428390011791,openfacts
3428390011807,openfacts
3428390011944,openfacts
3428390011951,openfacts
3428390011968,openfacts
3428390012149,openfacts
3428390012170,openfacts
3428390012187,openfacts
3428390012255,openfacts
3428390012316,openfacts
3428390012323,openfacts
3428390012347,openfacts
3428410100283,openfacts
3428410111098,openfacts
3428410112101,openfacts
3428410115188,openfacts
3428410116284,openfacts
3428410139009,openfacts
3428410140135,openfacts
3428410153289,openfacts
3428410180131,openfacts
3428410211125,openfacts
3428410211149,openfacts
3428410211354,openfacts
3428410211385,openfacts
3428410260307,openfacts
3428410351005,openfacts
3428410356000,openfacts
3428410357007,openfacts
3428410619006,openfacts
3428410619136,openfacts
3428410619822,openfacts
3428417600052,openfacts
3428417621057,openfacts
3428417625055,openfacts
3428417629053,openfacts
3428417630059,openfacts
3428417631056,openfacts
3428417633050,openfacts
3428417636051,openfacts
3428417650071,openfacts
3428417655052,openfacts
3428417675050,openfacts
3428417800032,openfacts
3428417800049,openfacts
3428417800063,openfacts
3428417810017,openfacts
3428417810109,openfacts
3428417921003,openfacts
3428417921010,openfacts
3428417921041,openfacts
3428417921058,openfacts
3428417921065,openfacts
3428417921072,openfacts
3428417921096,openfacts
3428417921102,openfacts
3428417921133,openfacts
3428417921140,openfacts
3428417921157,openfacts
3428417922017,openfacts
3428417922116,openfacts
3428418122102,openfacts
3428418125059,openfacts
3428420000030,openfacts
3428420000177,openfacts
3428420000191,openfacts
3428420000269,openfacts
3428420000320,openfacts
3428420000351,openfacts
3428420000375,openfacts
3428420000382,openfacts
3428420000498,openfacts
3428420000641,openfacts
3428420000658,openfacts
3428420000672,openfacts
3428420000702,openfacts
3428420000719,openfacts
3428420000726,openfacts
3428420000825,openfacts
3428420000832,openfacts
3428420001297,openfacts
3428420001310,openfacts
3428420001365,openfacts
3428420001594,openfacts
3428420001600,openfacts
3428420001624,openfacts
3428420001648,openfacts
3428420001655,openfacts
3428420001754,openfacts
3428420001938,openfacts
3428420001945,openfacts
3428420001952,openfacts
3428420001969,openfacts
3428420001983,openfacts
3428420002003,openfacts
3428420002034,openfacts
3428420002096,openfacts
3428420002102,openfacts
3428420002140,openfacts
3428420002188,openfacts
3428420002263,openfacts
3428420002416,openfacts
3428420002645,openfacts
3428420002652,openfacts
3428420002669,openfacts
3428420002676,openfacts
3428420002683,openfacts
3428420002768,openfacts
3428420002782,openfacts
3428420002874,openfacts
3428420002898,openfacts
3428420002904,openfacts
3428420002911,openfacts
3428420002942,openfacts
3428420002973,openfacts
3428420002980,openfacts
3428420003413,openfacts
3428420003420,openfacts
3428420003437,openfacts
3428420003444,openfacts
3428420003451,openfacts
3428420003468,openfacts
3428420003475,openfacts
3428420003482,openfacts
3428420003499,openfacts
3428420003505,openfacts
3428420003512,openfacts
3428420003529,openfacts
3428420003536,openfacts
3428420003543,openfacts
3428420003550,openfacts
3428420003703,openfacts
3428420003710,openfacts
3428420003734,openfacts
3428420003741,openfacts
3428420003758,openfacts
3428420003765,openfacts
3428420003772,openfacts
3428420003789,openfacts
3428420003802,openfacts
3428420003819,openfacts
3428420003826,openfacts
3428420003833,openfacts
3428420003840,openfacts
3428420003857,openfacts
3428420003871,openfacts
3428420003888,openfacts
3428420003895,openfacts
3428420003918,openfacts
3428420003925,openfacts
3428420003932,openfacts
3428420003949,openfacts
3428420003956,openfacts
3428420003963,openfacts
3428420003970,openfacts
3428420003987,openfacts
3428420003994,openfacts
3428420004007,openfacts
3428420004014,openfacts
3428420004021,openfacts
3428420004076,openfacts
3428420004083,openfacts
3428420004090,openfacts
3428420004137,openfacts
3428420004168,openfacts
3428420004182,openfacts
3428420004199,openfacts
3428420004328,openfacts
3428420004335,openfacts
3428420004366,openfacts
3428420004472,openfacts
3428420004496,openfacts
3428420004526,openfacts
3428420004533,openfacts
3428420004540,openfacts
3428420004557,openfacts
3428420004595,openfacts
3428420004601,openfacts
3428420004618,openfacts
3428420004625,openfacts
3428420004632,openfacts
3428420004649,openfacts
3428420004656,openfacts
3428420004663,openfacts
3428420004670,openfacts
3428420004687,openfacts
3428420004694,openfacts
3428420004717,openfacts
3428420004724,openfacts
3428420004731,openfacts
3428420004748,openfacts
3428420004762,openfacts
3428420004779,openfacts
3428420004786,openfacts
3428420004984,openfacts
3428420005004,openfacts
3428420005110,openfacts
3428420005158,openfacts
3428420005165,openfacts
3428420005189,openfacts
3428420005196,openfacts
3428420006681,openfacts
3428420007138,openfacts
3428420007145,openfacts
3428420007152,openfacts
3428420007169,openfacts
3428420007176,openfacts
3428420007183,openfacts
3428420007237,openfacts
3428420007244,openfacts
3428420007275,openfacts
3428420007282,openfacts
3428420007299,openfacts
3428420007312,openfacts
3428420007343,openfacts
3428420007473,openfacts
3428420007480,openfacts
3428420007565,openfacts
3428420007688,openfacts
3428420007695,openfacts
3428420007909,openfacts
3428420008081,openfacts
3428420008630,openfacts
3428420008661,openfacts
3428420008678,openfacts
3428420008692,openfacts
3428420008708,openfacts
3428420008715,openfacts
3428420008722,openfacts
3428420008739,openfacts
3428420009125,openfacts
3428420009156,openfacts
3428420009163,openfacts
3428420009170,openfacts
3428420009194,openfacts
3428420009200,openfacts
3428420009217,openfacts
3428420009224,openfacts
3428420009231,openfacts
3428420009248,openfacts
3428420009255,openfacts
3428420009262,openfacts
3428420009279,openfacts
3428420009286,openfacts
3428420009354,openfacts
3428420009361,openfacts
3428420009378,openfacts
3428420009538,openfacts
3428420009552,openfacts
3428420009613,openfacts
3428420009668,openfacts
3428420009675,openfacts
3428420009682,openfacts
3428420009699,openfacts
3428420010497,openfacts
3428420011159,openfacts
3428420011197,openfacts
3428420011203,openfacts
3428420011210,openfacts
3428420011241,openfacts
3428420011265,openfacts
3428420011272,openfacts
3428420011326,openfacts
3428420011340,openfacts
3428420011371,openfacts
3428420011395,openfacts
3428420011739,openfacts
3428420011838,openfacts
3428420012088,openfacts
3428420012095,openfacts
3428420012101,openfacts
3428420012118,openfacts
3428420012125,openfacts
3428420012132,openfacts
3428420012149,openfacts
3428420012156,openfacts
3428420012163,openfacts
3428420012170,openfacts
3428420012187,openfacts
3428420012194,openfacts
3428420012200,openfacts
3428420012217,openfacts
3428420012224,openfacts
3428420012231,openfacts
3428420012248,openfacts
3428420012255,openfacts
3428420012262,openfacts
3428420012279,openfacts
3428420012293,openfacts
3428420012309,openfacts
3428420012316,openfacts
3428420012378,openfacts
3428420012385,openfacts
3428420012408,openfacts
3428420012415,openfacts
3428420012422,openfacts
3428420012439,openfacts
3428420012446,openfacts
3428420012453,openfacts
3428420012460,openfacts
3428420012705,openfacts
3428420012712,openfacts
3428420013122,openfacts
3428420013139,openfacts
3428420013184,openfacts
3428420013368,openfacts
3428420013375,openfacts
3428420013412,openfacts
3428420013429,openfacts
3428420014051,openfacts
3428420014082,openfacts
3428420014198,openfacts
3428420014228,openfacts
3428420014709,openfacts
3428420014778,openfacts
3428420014792,openfacts
3428420015041,openfacts
3428420015409,openfacts
3428420016321,openfacts
3428420016338,openfacts
3428420016352,openfacts
3428420016390,openfacts
3428420016413,openfacts
3428420016420,openfacts
3428420016437,openfacts
3428420016475,openfacts
3428420016642,openfacts
3428420016666,openfacts
3428420016673,openfacts
3428420016697,openfacts
3428420016727,openfacts
3428420016741,openfacts
3428420016758,openfacts
3428420016802,openfacts
3428420016833,openfacts
3428420016864,openfacts
3428420016895,openfacts
3428420016956,openfacts
3428420016963,openfacts
3428420016987,openfacts
3428420017014,openfacts
3428420017076,openfacts
3428420017090,openfacts
3428420017106,openfacts
3428420017113,openfacts
3428420017137,openfacts
3428420017144,openfacts
3428420017151,openfacts
3428420017175,openfacts
3428420017199,openfacts
3428420017205,openfacts
3428420017243,openfacts
3428420017274,openfacts
3428420017281,openfacts
3428420017373,openfacts
3428420017397,openfacts
3428420017403,openfacts
3428420017472,openfacts
3428420017533,openfacts
3428420017564,openfacts
3428420017571,openfacts
3428420017588,openfacts
3428420017625,openfacts
3428420017724,openfacts
3428420017748,openfacts
3428420017762,openfacts
3428420017793,openfacts
3428420017861,openfacts
3428420017885,openfacts
3428420017892,openfacts
3428420017915,openfacts
3428420017922,openfacts
3428420017953,openfacts
3428420017960,openfacts
3428420017984,openfacts
3428420018110,openfacts
3428420018127,openfacts
3428420018165,openfacts
3428420018196,openfacts
3428420018233,openfacts
3428420018370,openfacts
3428420018585,openfacts
3428420018653,openfacts
3428420018660,openfacts
3428420018714,openfacts
3428420018738,openfacts
3428420018912,openfacts
3428420019230,openfacts
3428420019247,openfacts
3428420019261,openfacts
3428420019353,openfacts
3428420019780,openfacts
3428420019797,openfacts
3428420019803,openfacts
3428420019810,openfacts
3428420019827,openfacts
3428420019834,openfacts
3428420019841,openfacts
3428420019858,openfacts
3428420019865,openfacts
3428420019872,openfacts
3428420019889,openfacts
3428420019896,openfacts
3428420019902,openfacts
3428420019919,openfacts
3428420019926,openfacts
3428420019933,openfacts
3428420019940,openfacts
3428420019957,openfacts
3428420019964,openfacts
3428420019971,openfacts
3428420019995,openfacts
3428420020014,openfacts
3428420020021,openfacts
3428420020038,openfacts
3428420020045,openfacts
3428420020052,openfacts
3428420020069,openfacts
3428420020076,openfacts
3428420020083,openfacts
3428420020090,openfacts
3428420020106,openfacts
3428420020113,openfacts
3428420020120,openfacts
3428420020137,openfacts
3428420020144,openfacts
3428420020304,openfacts
3428420020328,openfacts
3428420020335,openfacts
3428420020373,openfacts
3428420020410,openfacts
3428420020618,openfacts
3428420020823,openfacts
3428420020830,openfacts
3428420020847,openfacts
3428420020854,openfacts
3428420020861,openfacts
3428420020878,openfacts
3428420020885,openfacts
3428420021028,openfacts
3428420021035,openfacts
3428420021042,openfacts
3428420021059,openfacts
3428420021066,openfacts
3428420021080,openfacts
3428420021097,openfacts
3428420021103,openfacts
3428420021110,openfacts
3428420021127,openfacts
3428420021134,openfacts
3428420021158,openfacts
3428420021165,openfacts
3428420021172,openfacts
3428420021189,openfacts
3428420021561,openfacts
3428420021615,openfacts
3428420021684,openfacts
3428420021882,openfacts
3428420021899,openfacts
3428420021950,openfacts
3428420021967,openfacts
3428420021981,openfacts
3428420021998,openfacts
3428420022001,openfacts
3428420022032,openfacts
3428420022049,openfacts
3428420022056,openfacts
3428420022087,openfacts
3428420022094,openfacts
3428420022100,openfacts
3428420022117,openfacts
3428420022124,openfacts
3428420022148,openfacts
3428420022155,openfacts
3428420022162,openfacts
3428420022179,openfacts
3428420022186,openfacts
3428420022193,openfacts
3428420022209,openfacts
3428420022216,openfacts
3428420022223,openfacts
3428420022247,openfacts
3428420022254,openfacts
3428420022261,openfacts
3428420022285,openfacts
3428420022308,openfacts
3428420022315,openfacts
3428420022339,openfacts
3428420022346,openfacts
3428420022353,openfacts
3428420022360,openfacts
3428420022377,openfacts
3428420022384,openfacts
3428420022391,openfacts
3428420022407,openfacts
3428420022414,openfacts
3428420022421,openfacts
3428420022438,openfacts
3428420022445,openfacts
3428420022452,openfacts
3428420022469,openfacts
3428420022476,openfacts
3428420022483,openfacts
3428420022490,openfacts
3428420022506,openfacts
3428420022513,openfacts
3428420022520,openfacts
3428420022537,openfacts
3428420022544,openfacts
3428420022551,openfacts
3428420022568,openfacts
3428420022582,openfacts
3428420022599,openfacts
3428420022605,openfacts
3428420022612,openfacts
3428420022629,openfacts
3428420022636,openfacts
3428420022643,openfacts
3428420022667,openfacts
3428420022674,openfacts
3428420022681,openfacts
3428420022698,openfacts
3428420022803,openfacts
3428420022810,openfacts
3428420022827,openfacts
3428420022933,openfacts
3428420023008,openfacts
3428420023015,openfacts
3428420023039,openfacts
3428420023077,openfacts
3428420023220,openfacts
3428420023268,openfacts
3428420023275,openfacts
3428420023282,openfacts
3428420023329,openfacts
3428420023336,openfacts
3428420023343,openfacts
3428420023350,openfacts
3428420023367,openfacts
3428420023398,openfacts
3428420023473,openfacts
3428420023480,openfacts
3428420023497,openfacts
3428420023503,openfacts
3428420023572,openfacts
3428420023589,openfacts
3428420023602,openfacts
3428420023664,openfacts
3428420023671,openfacts
3428420023688,openfacts
3428420023695,openfacts
3428420023701,openfacts
3428420023749,openfacts
3428420023756,openfacts
3428420023800,openfacts
3428420023824,openfacts
3428420023848,openfacts
3428420023855,openfacts
3428420023862,openfacts
3428420023916,openfacts
3428420023923,openfacts
3428420023947,openfacts
3428420023954,openfacts
3428420023961,openfacts
3428420023978,openfacts
3428420023985,openfacts
3428420023992,openfacts
3428420024005,openfacts
3428420024043,openfacts
3428420024159,openfacts
3428420024197,openfacts
3428420024326,openfacts
3428420024425,openfacts
3428420024432,openfacts
3428420024807,openfacts
3428420024814,openfacts
3428420024821,openfacts
3428420024838,openfacts
3428420024845,openfacts
3428420024883,openfacts
3428420024890,openfacts
3428420025026,openfacts
3428420025033,openfacts
3428420025125,openfacts
3428420025170,openfacts
3428420025187,openfacts
3428420025194,openfacts
3428420025279,openfacts
3428420050080,openfacts
3428420050189,openfacts
3428420050219,openfacts
3428420050400,openfacts
3428420050578,openfacts
3428420050585,openfacts
3428420050592,openfacts
3428420050691,openfacts
3428420050776,openfacts
3428420050974,openfacts
3428420051056,openfacts
3428420051063,openfacts
3428420051117,openfacts
3428420051124,openfacts
3428420051131,openfacts
3428420051148,openfacts
3428420051315,openfacts
3428420051391,openfacts
3428420051407,openfacts
3428420051476,openfacts
3428420051551,openfacts
3428420051568,openfacts
3428420051759,openfacts
3428420051773,openfacts
3428420052206,openfacts
3428420052503,openfacts
3428420052664,openfacts
3428420052855,openfacts
3428420052862,openfacts
3428420052879,openfacts
3428420052923,openfacts
3428420052930,openfacts
3428420053203,openfacts
3428420053210,openfacts
3428420053265,openfacts
3428420053272,openfacts
3428420053289,openfacts
3428420053609,openfacts
3428420053869,openfacts
3428420053968,openfacts
3428420054088,openfacts
3428420054316,openfacts
3428420054323,openfacts
3428420054354,openfacts
3428420054507,openfacts
3428420054590,openfacts
3428420054620,openfacts
3428420054774,openfacts
3428420054781,openfacts
3428420054798,openfacts
3428420055153,openfacts
3428420055160,openfacts
3428420055177,openfacts
3428420055184,openfacts
3428420055238,openfacts
3428420055252,openfacts
3428420055290,openfacts
3428420055306,openfacts
3428420055436,openfacts
3428420055443,openfacts
3428420055504,openfacts
3428420055535,openfacts
3428420055542,openfacts
3428420055559,openfacts
3428420055566,openfacts
3428420055573,openfacts
3428420055702,openfacts
3428420055726,openfacts
3428420055887,openfacts
3428420056280,openfacts
3428420056341,openfacts
3428420056372,openfacts
3428420056389,openfacts
3428420056488,openfacts
3428420056594,openfacts
3428420056976,openfacts
3428420056990,openfacts
3428420057003,openfacts
3428420057027,openfacts
3428420057188,openfacts
3428420057355,openfacts
3428420057416,openfacts
3428420057768,openfacts
3428420057775,openfacts
3428420057959,openfacts
3428420058321,openfacts
3428420058338,openfacts
3428420058864,openfacts
3428420058888,openfacts
3428420058918,openfacts
3428420058932,openfacts
3428420058949,openfacts
3428420059243,openfacts
3428420059250,openfacts
3428420059267,openfacts
3428420059496,openfacts
3428420059502,openfacts
3428420059731,openfacts
3428420059748,openfacts
3428420059809,openfacts
3428420059885,openfacts
3428420060126,openfacts
3428420060171,openfacts
3428420060188,openfacts
3428420060485,openfacts
3428420060508,openfacts
3428420060522,openfacts
3428420060553,openfacts
3428420060577,openfacts
3428420060645,openfacts
3428420060751,openfacts
3428420060850,openfacts
3428420060881,openfacts
3428420060997,openfacts
3428420061017,openfacts
3428420061048,openfacts
3428420061192,openfacts
3428420061208,openfacts
3428420061215,openfacts
3428420061277,openfacts
3428420061475,openfacts
3428420061505,openfacts
3428420061512,openfacts
3428420061529,openfacts
3428420061536,openfacts
3428420061543,openfacts
3428420062137,openfacts
3428420062519,openfacts
3428420062526,openfacts
3428420062557,openfacts
3428420062564,openfacts
3428420062779,openfacts
3428420062793,openfacts
3428420062816,openfacts
3428420063196,openfacts
3428420063349,openfacts
3428420063714,openfacts
3428420064803,openfacts
3428420064810,openfacts
3428420065077,openfacts
3428420065268,openfacts
3428420065275,openfacts
3428420070668,openfacts
3428430901105,openfacts
3428431301102,openfacts
3428431601103,openfacts
3428432950057,openfacts
3428433090011,openfacts
3428440022173,openfacts
3428442491991,openfacts
3428450000017,openfacts
3428450000024,openfacts
3428450000031,openfacts
3428450000055,openfacts
3428450000062,openfacts
3428450000079,openfacts
3428450000178,openfacts
3428460002407,openfacts
3428460002421,openfacts
3428460002438,openfacts
3428460018804,openfacts
3428460018835,openfacts
3428460025376,openfacts
3428460032213,openfacts
3428460040225,openfacts
3428460048238,openfacts
3428460049501,openfacts
3428460049624,openfacts
3428460051184,openfacts
3428460051207,openfacts
3428460056295,openfacts
3428460063156,openfacts
3428460063200,openfacts
3428460063217,openfacts
3428460068519,openfacts
3428460068526,openfacts
3428460077160,openfacts
3428460077184,openfacts
3428460077825,openfacts
3428460079928,openfacts
3428460080009,openfacts
3428460080030,openfacts
3428460082515,openfacts
3428460083130,openfacts
3428460083178,openfacts
3428460086421,openfacts
3428460101636,openfacts
3428470201951,openfacts
3428499006698,openfacts
3428500016784,openfacts
3428505051629,openfacts
3428516012329,openfacts
3428525241321,openfacts
3428559076548,openfacts
3428564024015,openfacts
3428576005637,openfacts
3428585101825,openfacts
3428640006799,openfacts
3428660004201,openfacts
3428660004706,openfacts
3428660007028,openfacts
3428660009701,openfacts
3428660012886,openfacts
3428660020706,openfacts
3428660035601,openfacts
3428660037308,openfacts
3428660038787,openfacts
3428660041022,openfacts
3428660041046,openfacts
3428660044627,openfacts
3428660045099,openfacts
3428660045419,openfacts
3428660045440,openfacts
3428660046980,openfacts
3428660048960,openfacts
3428660049950,openfacts
3428660057825,openfacts
3428660059867,openfacts
3428660760701,openfacts
3428664322677,openfacts
3428665460330,openfacts
3428666030723,openfacts
3428668960257,openfacts
3428681002101,openfacts
3428702005012,openfacts
3428720001959,openfacts
3428720024668,openfacts
3428761858307,openfacts
3428764003773,openfacts
3428772816617,openfacts
3428772886344,openfacts
3428774724316,openfacts
3428783333417,openfacts
3428820000012,openfacts
3428820000036,openfacts
3428820000111,openfacts
3428820000135,openfacts
3428820000173,openfacts
3428843035930,openfacts
3428843115342,openfacts
3428862220522,openfacts
3428865140025,openfacts
3428872115023,openfacts
3428881111108,openfacts
3428881112501,openfacts
3428881113508,openfacts
3428881113607,openfacts
3428881114802,openfacts
3428881115601,openfacts
3428881115700,openfacts
3428881115809,openfacts
3428881116202,openfacts
3428881117100,openfacts
3428881119203,openfacts
3428881120506,openfacts
3428881122609,openfacts
3428881123101,openfacts
3428881124009,openfacts
3428881125006,openfacts
3428881125105,openfacts
3428881125303,openfacts
3428881125501,openfacts
3428881125600,openfacts
3428881125709,openfacts
3428881125808,openfacts
3428881128502,openfacts
3428881131403,openfacts
3428881131809,openfacts
3428881133001,openfacts
3428881133407,openfacts
3428881133803,openfacts
3428881134206,openfacts
3428881134305,openfacts
3428881134404,openfacts
3428881135203,openfacts
3428881135401,openfacts
3428881136002,openfacts
3428881136101,openfacts
3428881136408,openfacts
3428881138105,openfacts
3428881138402,openfacts
3428881138808,openfacts
3428881139409,openfacts
3428881140108,openfacts
3428881140702,openfacts
3428881141105,openfacts
3428881142508,openfacts
3428881142706,openfacts
3428881143208,openfacts
3428881143307,openfacts
3428881144908,openfacts
3428881145103,openfacts
3428881145202,openfacts
3428881145301,openfacts
3428881146308,openfacts
3428881146407,openfacts
3428881146605,openfacts
3428881146902,openfacts
3428881147701,openfacts
3428881150206,openfacts
3428881150404,openfacts
3428881150701,openfacts
3428881151104,openfacts
3428881153603,openfacts
3428881155607,openfacts
3428881159308,openfacts
3428881159506,openfacts
3428881160106,openfacts
3428881162506,openfacts
3428881165309,openfacts
3428881165606,openfacts
3428881166504,openfacts
3428881170402,openfacts
3428881171409,openfacts
3428881172505,openfacts
3428881176008,openfacts
3428881176701,openfacts
3428881182702,openfacts
3428881195801,openfacts
3428881196204,openfacts
3428881215707,openfacts
3428881220107,openfacts
3428881221104,openfacts
3428881221203,openfacts
3428881221302,openfacts
3428881221401,openfacts
3428881221500,openfacts
3428881221609,openfacts
3428881221708,openfacts
3428881222200,openfacts
3428881222309,openfacts
3428881222408,openfacts
3428881223108,openfacts
3428881223504,openfacts
3428881224204,openfacts
3428881224303,openfacts
3428881224808,openfacts
3428881225300,openfacts
3428881226000,openfacts
3428881226406,openfacts
3428881227809,openfacts
3428881227908,openfacts
3428881228004,openfacts
3428881228608,openfacts
3428881229902,openfacts
3428881231004,openfacts
3428881231301,openfacts
3428881231400,openfacts
3428881231905,openfacts
3428881232100,openfacts
3428881232605,openfacts
3428881232704,openfacts
3428881232902,openfacts
3428881233206,openfacts
3428881233404,openfacts
3428881234500,openfacts
3428881236207,openfacts
3428881236306,openfacts
3428881236603,openfacts
3428881236900,openfacts
3428881238102,openfacts
3428881240006,openfacts
3428881240808,openfacts
3428881241201,openfacts
3428881241409,openfacts
3428881241706,openfacts
3428881245308,openfacts
3428881249504,openfacts
3428881250203,openfacts
3428881252009,openfacts
3428881261506,openfacts
3428881263500,openfacts
3428881270201,openfacts
3428881271406,openfacts
3428881272106,openfacts
3428881273806,openfacts
3428881280606,openfacts
3428881292500,openfacts
3428881294504,openfacts
3428881296003,openfacts
3428881299004,openfacts
3428881400202,openfacts
3428881423003,openfacts
3428881610106,openfacts
3428881610601,openfacts
3428881618003,openfacts
3428881704201,openfacts
3428881810001,openfacts
3428881815204,openfacts
3428881820000,openfacts
3428881830009,openfacts
3428881833000,openfacts
3428881833505,openfacts
3428881834601,openfacts
3428881837008,openfacts
3428881840008,openfacts
3428881842200,openfacts
3428881843405,openfacts
3428881843504,openfacts
3428881845003,openfacts
3428881845201,openfacts
3428881847007,openfacts
3428881880509,openfacts
3428881881001,openfacts
3428881881506,openfacts
3428881882008,openfacts
3428881882503,openfacts
3428881883005,openfacts
3428881883500,openfacts
3428881884002,openfacts
3428881884507,openfacts
3428881885009,openfacts
3428881885504,openfacts
3428881886501,openfacts
3428881887003,openfacts
3428881888000,openfacts
3428881888505,openfacts
3428881889007,openfacts
3428881889502,openfacts
3428881890003,openfacts
3428881952008,openfacts
3428881974505,openfacts
3428881993001,openfacts
3428883600006,openfacts
3428883601003,openfacts
3428883601201,openfacts
3428883601607,openfacts
3428883602000,openfacts
3428883602406,openfacts
3428883603007,openfacts
3428883603106,openfacts
3428883603403,openfacts
3428883603601,openfacts
3428883604004,openfacts
3428883604103,openfacts
3428883605001,openfacts
3428883605605,openfacts
3428883606008,openfacts
3428883606107,openfacts
3428883606701,openfacts
3428883607005,openfacts
3428883607104,openfacts
3428883608002,openfacts
3428883609009,openfacts
3428883609207,openfacts
3428883610005,openfacts
3428883610500,openfacts
3428883612009,openfacts
3428883613204,openfacts
3428883613600,openfacts
3428883614003,openfacts
3428883615604,openfacts
3428883616007,openfacts
3428883616205,openfacts
3428883618407,openfacts
3428883621506,openfacts
3428883622909,openfacts
3428883623609,openfacts
3428883624606,openfacts
3428883625900,openfacts
3428883626006,openfacts
3428883628208,openfacts
3428883628307,openfacts
3428883628505,openfacts
3428883629601,openfacts
3428883630201,openfacts
3428883630805,openfacts
3428883632106,openfacts
3428883632205,openfacts
3428883635008,openfacts
3428883635206,openfacts
3428883636005,openfacts
3428883636500,openfacts
3428883637002,openfacts
3428883638009,openfacts
3428883638504,openfacts
3428883639006,openfacts
3428883639204,openfacts
3428883639501,openfacts
3428883642006,openfacts
3428883642105,openfacts
3428883644208,openfacts
3428883644505,openfacts
3428883645007,openfacts
3428883645502,openfacts
3428883648503,openfacts
3428883653002,openfacts
3428883655006,openfacts
3428883657505,openfacts
3428883657802,openfacts
3428883657901,openfacts
3428883658007,openfacts
3428883658106,openfacts
3428883658205,openfacts
3428883658304,openfacts
3428883658403,openfacts
3428883660208,openfacts
3428883660505,openfacts
3428883661502,openfacts
3428883664008,openfacts
3428883667009,openfacts
3428883668006,openfacts
3428883680206,openfacts
3428883681500,openfacts
3428883682507,openfacts
3428883683504,openfacts
3428883684006,openfacts
3428883684501,openfacts
3428883686505,openfacts
3428883687502,openfacts
3428883688509,openfacts
3428883689506,openfacts
3428883690601,openfacts
3428883691509,openfacts
3428883699000,openfacts
3428883700706,openfacts
3428883927509,openfacts
3428883934002,openfacts
3428884007507,openfacts
3428884008009,openfacts
3428884010002,openfacts
3428884020001,openfacts
3428884025006,openfacts
3428884030000,openfacts
3428884035005,openfacts
3428884040009,openfacts
3428884045004,openfacts
3428884688836,openfacts
3428885074492,openfacts
3428885086358,openfacts
3428933456782,openfacts
3428960064882,openfacts
3428972160404,openfacts
3428981048038,openfacts
3429000101840,openfacts
3429091971445,openfacts
3429091975009,openfacts
3429120040906,openfacts
3429120052077,openfacts
3429173394018,openfacts
3429220000121,openfacts
3429220000282,openfacts
3429220000299,openfacts
3429220000305,openfacts
3429220000312,openfacts
3429220000787,openfacts
3429220000978,openfacts
3429220002095,openfacts
3429220002620,openfacts
3429220002972,openfacts
3429220003016,openfacts
3429220003382,openfacts
3429220003474,openfacts
3429220003573,openfacts
3429220003603,openfacts
3429220003788,openfacts
3429220003795,openfacts
3429220003900,openfacts
3429220004068,openfacts
3429220004235,openfacts
3429220004990,openfacts
3429220005072,openfacts
3429220005188,openfacts
3429220005201,openfacts
3429220005393,openfacts
3429220005881,openfacts
3429220005898,openfacts
3429220005904,openfacts
3429220005911,openfacts
3429220005935,openfacts
3429220005997,openfacts
3429220006680,openfacts
3429220006697,openfacts
3429220007212,openfacts
3429220008639,openfacts
3429220009230,openfacts
3429220009537,openfacts
3429220009711,openfacts
3429220010212,openfacts
3429220010281,openfacts
3429220010298,openfacts
3429220010649,openfacts
3429220010731,openfacts
3429220011165,openfacts
3429220011172,openfacts
3429330022228,openfacts
3429330539122,openfacts
3429330539603,openfacts
3429452500109,openfacts
3429490010028,openfacts
3429490020058,openfacts
3429490020065,openfacts
3429490020096,openfacts
3429490020119,openfacts
3429490020126,openfacts
3429490020157,openfacts
3429490020164,openfacts
3429490021017,openfacts
3429490021024,openfacts
3429490021031,openfacts
3429490021130,openfacts
3429490021260,openfacts
3429490021277,openfacts
3429490021284,openfacts
3429490021307,openfacts
3429490021314,openfacts
3429490021406,openfacts
3429490021413,openfacts
3429490021437,openfacts
3429490021444,openfacts
3429490040018,openfacts
3429490040025,openfacts
3429490040032,openfacts
3429490040049,openfacts
3429490040056,openfacts
3429490040087,openfacts
3429490050017,openfacts
3429490050024,openfacts
3429490050048,openfacts
3429490050079,openfacts
3429490050130,openfacts
3429490050161,openfacts
3429490050215,openfacts
3429490050260,openfacts
3429490050277,openfacts
3429490080113,openfacts
3429490080236,openfacts
3429495014793,openfacts
3429535570005,openfacts
3429580010150,openfacts
3429640000015,openfacts
3429640000022,openfacts
3429640000107,openfacts
3429640000138,openfacts
3429640000169,openfacts
3429640000206,openfacts
3429640000213,openfacts
3429640000534,openfacts
3429640000541,openfacts
3429640000572,openfacts
3429640000589,openfacts
3429670938173,openfacts
3429671138442,openfacts
3429671246697,openfacts
3429671248554,openfacts
3429671249025,openfacts
3429671343662,openfacts
3429671442945,openfacts
3429671443645,openfacts
3429671446455,openfacts
3429671544519,openfacts
3429671547060,openfacts
3429671642512,openfacts
3429671642635,openfacts
3429671643076,openfacts
3429671645612,openfacts
3429671646169,openfacts
3429671647357,openfacts
3429671652115,openfacts
3429671741161,openfacts
3429671741208,openfacts
3429671741352,openfacts
3429671741444,openfacts
3429671741710,openfacts
3429671741741,openfacts
3429671742724,openfacts
3429671742991,openfacts
3429671745466,openfacts
3429671841960,openfacts
3429671842073,openfacts
3429671842080,openfacts
3429671842103,openfacts
3429671842516,openfacts
3429671845890,openfacts
3429671848204,openfacts
3429671848426,openfacts
3429671850900,openfacts
3429671851617,openfacts
3429671945378,openfacts
3429672045374,openfacts
3429672046203,openfacts
3429672149171,openfacts
3429672243343,openfacts
3429672248256,openfacts
3429672445488,openfacts
3429673726050,openfacts
3429673782049,openfacts
3429673797050,openfacts
3429674097043,openfacts
3429678518186,openfacts
3429678595163,openfacts
3429678625150,openfacts
3429678683143,openfacts
3429678739154,openfacts
3429678978126,openfacts
3429679057905,openfacts
3429679317092,openfacts
3429679795043,openfacts
3429679937269,openfacts
3429679941150,openfacts
3429679942553,openfacts
3429679943826,openfacts
3429711000487,openfacts
3429711000517,openfacts
3429711000531,openfacts
3429711100644,openfacts
3429711500932,openfacts
3429711500956,openfacts
3429711500970,openfacts
3429711501137,openfacts
3429711501144,openfacts
3429711501151,openfacts
3429711501236,openfacts
3429711501243,openfacts
3429711501359,openfacts
3429711501366,openfacts
3429711501380,openfacts
3429711501441,openfacts
3429711501465,openfacts
3429712500092,openfacts
3429712500177,openfacts
3429712500191,openfacts
3429712500337,openfacts
3429712500368,openfacts
3429712500375,openfacts
3429712500382,openfacts
3429712500399,openfacts
3429712500474,openfacts
3429730000154,openfacts
3429730002127,openfacts
3429730005302,openfacts
3429730007078,openfacts
3429730007375,openfacts
3429730009300,openfacts
3429730015103,openfacts
3429730022903,openfacts
3429730317375,openfacts
3429730500500,openfacts
3429731000115,openfacts
3429731000948,openfacts
3429731050011,openfacts
3429731050042,openfacts
3429731050998,openfacts
3429731170092,openfacts
3429732506722,openfacts
3429733222430,openfacts
3429733222454,openfacts
3429733222485,openfacts
3429733222492,openfacts
3429733625248,openfacts
3429734430827,openfacts
3429734430841,openfacts
3429734470847,openfacts
3429735000012,openfacts
3429735000098,openfacts
3429735002221,openfacts
3429735003334,openfacts
3429735005055,openfacts
3429735005109,openfacts
3429735007073,openfacts
3429735007370,openfacts
3429738152718,openfacts
3429738152732,openfacts
3429738152756,openfacts
3429738152763,openfacts
3429739250185,openfacts
3429739322240,openfacts
3429820580955,openfacts
3429820795250,openfacts
3429840174011,openfacts
3429855609027,openfacts
3429881511103,openfacts
3429881511929,openfacts
3429881511936,openfacts
3429881511943,openfacts
3429881511950,openfacts
3429881511967,openfacts
3429881511981,openfacts
3429881512001,openfacts
3429881512032,openfacts
3429881512049,openfacts
3429890000018,openfacts
3429890000025,openfacts
3429890000032,openfacts
3429890000049,openfacts
3429890000056,openfacts
3429890000063,openfacts
3429890000070,openfacts
3429890000087,openfacts
3429890000094,openfacts
3429890000100,openfacts
3429890000117,openfacts
3429890000124,openfacts
3429890000131,openfacts
3429890000148,openfacts
3429890000162,openfacts
3429890000179,openfacts
3429904446443,openfacts
3429920006478,openfacts
3429960025019,openfacts
3429960025033,openfacts
3429960025040,openfacts
3429960025057,openfacts
3429960025064,openfacts
3429960025071,openfacts
3429960025088,openfacts
3429960025095,openfacts
3429960025101,openfacts
3429960025118,openfacts
3429960025125,openfacts
3429960025149,openfacts
3429960025156,openfacts
3429960025163,openfacts
3429960025170,openfacts
3429960025187,openfacts
3429960025194,openfacts
3429960025200,openfacts
3429960040012,openfacts
3429960040029,openfacts
3429960040036,openfacts
3429960040043,openfacts
3429960040067,openfacts
3429960040074,openfacts
3429960040081,openfacts
3429960040098,openfacts
3429960040104,openfacts
3429960040111,openfacts
3429960040128,openfacts
3429960050073,openfacts
3429960075014,openfacts
3429960075021,openfacts
3429960075038,openfacts
3429960075045,openfacts
3429960075052,openfacts
3429960925012,openfacts
3429960925029,openfacts
3429960925036,openfacts
3429960925043,openfacts
3429960925050,openfacts
3429961111209,openfacts
3429961111216,openfacts
3429961111223,openfacts
3429961111230,openfacts
3429961111247,openfacts
3429961111254,openfacts
3429961111261,openfacts
3429961111278,openfacts
3429961111285,openfacts
3429961111315,openfacts
3429961111322,openfacts
3429961111339,openfacts
3429961111360,openfacts
3429961112008,openfacts
3429961119250,openfacts
3429961199306,openfacts
3429962222010,openfacts
3429970064114,openfacts
3429971053230,openfacts
