ean13,source
4770000300627,item_master
4770000575568,openfacts
4770001000106,openfacts
4770001000205,openfacts
4770001001400,openfacts
4770001002186,openfacts
4770001002483,openfacts
4770001002490,openfacts
4770001002506,openfacts
4770001002520,openfacts
4770001003008,openfacts
4770001005385,openfacts
4770001330265,openfacts
4770001333808,openfacts
4770001333891,openfacts
4770001334553,openfacts
4770001334591,openfacts
4770001334768,openfacts
4770001334911,openfacts
4770001335260,openfacts
4770001336328,openfacts
4770001336359,openfacts
4770001336366,openfacts
4770001336526,openfacts
4770001336533,openfacts
4770001336540,openfacts
4770001336762,openfacts
4770009374988,openfacts
4770013001597,openfacts
4770016033656,openfacts
4770018882153,item_master
4770023071665,openfacts
4770023346152,openfacts
4770023483161,openfacts
4770023641165,openfacts
4770024751146,openfacts
4770029389283,openfacts
4770033221395,openfacts
4770033224709,openfacts
4770033224716,openfacts
4770033224723,openfacts
4770033225195,openfacts
4770033225935,openfacts
4770033228080,openfacts
4770033228240,openfacts
4770033228264,openfacts
4770033228554,openfacts
4770033228585,openfacts
4770033229988,openfacts
4770037220301,openfacts
4770037220431,openfacts
4770037221605,openfacts
4770037480842,openfacts
4770040699187,openfacts
4770041474783,openfacts
4770044190024,openfacts
4770044191083,openfacts
4770044192257,openfacts
4770044192806,openfacts
4770044192851,openfacts
4770044193339,openfacts
4770044193346,openfacts
4770044193414,openfacts
4770044193421,openfacts
4770044193919,openfacts
4770044196422,openfacts
4770044196439,openfacts
4770044196811,openfacts
4770044197597,openfacts
4770044783028,openfacts
4770047233681,openfacts
4770047233698,openfacts
4770047233728,openfacts
4770047233971,openfacts
4770047234091,openfacts
4770047234107,openfacts
4770047234442,openfacts
4770047235265,openfacts
4770047235371,openfacts
4770047235852,openfacts
4770047236293,openfacts
4770047236309,openfacts
4770047236316,openfacts
4770047236347,openfacts
4770047236354,openfacts
4770047236361,openfacts
4770047237948,openfacts
4770047238297,openfacts
4770047238853,openfacts
4770048203058,openfacts
4770049006474,openfacts
4770049010020,openfacts
4770049010099,openfacts
4770049023112,openfacts
4770049061169,openfacts
4770049061237,openfacts
4770049061251,openfacts
4770049061282,openfacts
4770049061305,openfacts
4770049061336,openfacts
4770049061350,openfacts
4770049061367,openfacts
4770049061374,openfacts
4770049061398,openfacts
4770049061459,openfacts
4770049061466,openfacts
4770049061473,openfacts
4770049061480,openfacts
4770049061558,openfacts
4770049062050,openfacts
4770049062128,openfacts
4770049062166,usda
4770049062234,openfacts
4770049062463,openfacts
4770049062470,openfacts
4770049062487,openfacts
4770049062500,openfacts
4770049062524,openfacts
4770049062593,openfacts
4770049063248,openfacts
4770049063255,openfacts
4770049064023,openfacts
4770049064269,openfacts
4770049064276,openfacts
4770049064436,openfacts
4770049064528,openfacts
4770049081006,openfacts
4770049081013,openfacts
4770049081044,openfacts
4770049085103,openfacts
4770049099001,openfacts
4770049099049,openfacts
4770049811764,openfacts
4770049812075,openfacts
4770049812495,openfacts
4770049812624,openfacts
4770051835864,openfacts
4770053232098,openfacts
4770053235044,openfacts
4770053235686,openfacts
4770053241960,openfacts
4770058160518,openfacts
4770058161379,openfacts
4770058161492,openfacts
4770058161577,openfacts
4770063227701,openfacts
4770063228388,openfacts
4770063228401,openfacts
4770063228647,openfacts
4770063233207,openfacts
4770063233412,openfacts
4770063234297,openfacts
4770063234334,openfacts
4770063234433,openfacts
4770063234471,openfacts
4770063234488,openfacts
4770063234624,openfacts
4770063234648,openfacts
4770063234679,openfacts
4770063234907,openfacts
4770063234914,openfacts
4770063235614,openfacts
4770063235720,openfacts
4770063235911,openfacts
4770063235928,openfacts
4770063235935,openfacts
4770067178948,openfacts
4770067190032,openfacts
4770067343230,openfacts
4770068192158,openfacts
4770068192547,openfacts
4770068196590,openfacts
4770068196637,openfacts
4770068196699,openfacts
4770068196804,openfacts
4770068196835,openfacts
4770068196897,openfacts
4770068197191,openfacts
4770068197214,openfacts
4770068197764,openfacts
4770068197801,openfacts
4770068198242,openfacts
4770068198938,openfacts
4770068198945,openfacts
4770068198990,openfacts
4770068199003,openfacts
4770068199379,openfacts
4770068199416,openfacts
4770068199638,openfacts
4770068199768,openfacts
4770068199911,openfacts
4770068199928,openfacts
4770068199935,openfacts
4770068200426,openfacts
4770068200549,openfacts
4770068200709,openfacts
4770068200754,openfacts
4770068200761,openfacts
4770068200792,openfacts
4770068200815,openfacts
4770068200822,openfacts
4770068200846,openfacts
4770068200907,openfacts
4770068200938,openfacts
4770068201041,openfacts
4770068201072,openfacts
4770068201102,openfacts
4770068201119,openfacts
4770068201133,openfacts
4770068201140,openfacts
4770068201195,openfacts
4770074000010,openfacts
4770074023934,openfacts
4770074171093,openfacts
4770074472077,openfacts
4770074726606,openfacts
4770074733512,openfacts
4770075022554,openfacts
4770075221162,openfacts
4770075447210,openfacts
4770075447227,openfacts
4770075447241,openfacts
4770075447258,openfacts
4770075447272,openfacts
4770075447463,openfacts
4770075447531,openfacts
4770075447791,openfacts
4770075447920,openfacts
4770075447968,openfacts
4770075448170,openfacts
4770075448699,openfacts
4770075448835,openfacts
4770075448866,openfacts
4770075449146,openfacts
4770075449276,openfacts
4770075449290,openfacts
4770075449467,openfacts
4770075449474,openfacts
4770075449603,openfacts
4770075449672,openfacts
4770075449726,openfacts
4770075449818,openfacts
4770075449856,openfacts
4770075449863,openfacts
4770075449894,openfacts
4770075450050,openfacts
4770075450104,openfacts
4770075450111,openfacts
4770078191011,openfacts
4770078192179,openfacts
4770078192216,openfacts
4770078192353,openfacts
4770078193220,openfacts
4770078193237,openfacts
4770078193428,openfacts
4770078193596,openfacts
4770078193701,openfacts
4770078194098,openfacts
4770078194197,openfacts
4770078194746,openfacts
4770078195019,openfacts
4770078195026,openfacts
4770078195033,openfacts
4770078195514,openfacts
4770078195521,openfacts
4770078195828,openfacts
4770078195859,openfacts
4770078195910,openfacts
4770078196368,openfacts
4770078197006,openfacts
4770078197013,openfacts
4770078197143,openfacts
4770078197242,openfacts
4770078198225,openfacts
4770078198362,openfacts
4770078198591,openfacts
4770078199024,openfacts
4770078199130,openfacts
4770078199260,openfacts
4770078199291,openfacts
4770078199406,openfacts
4770078199567,openfacts
4770078199642,openfacts
4770078199659,openfacts
4770078200768,openfacts
4770078200775,openfacts
4770078200782,openfacts
4770078200812,openfacts
4770078200966,openfacts
4770078201079,openfacts
4770078201536,openfacts
4770078201550,openfacts
4770078201628,openfacts
4770078201642,openfacts
4770078201970,openfacts
4770078201987,openfacts
4770078202021,openfacts
4770078202229,openfacts
4770078202236,openfacts
4770078202304,openfacts
4770078202441,openfacts
4770078202465,openfacts
4770079110011,openfacts
4770079110066,openfacts
4770079111124,openfacts
4770079111711,openfacts
4770079111728,openfacts
4770081161322,openfacts
4770081163142,openfacts
4770081164217,openfacts
4770081164361,openfacts
4770081164439,openfacts
4770081165078,openfacts
4770081165085,openfacts
4770081165290,openfacts
4770081165313,openfacts
4770081165429,openfacts
4770081165474,openfacts
4770081165924,openfacts
4770081166808,openfacts
4770081166914,openfacts
4770081167232,openfacts
4770081167379,openfacts
4770081171024,openfacts
4770081171031,openfacts
4770081171345,openfacts
4770081172045,openfacts
4770081172106,openfacts
4770081172120,openfacts
4770081172151,openfacts
4770081172601,openfacts
4770081172618,openfacts
4770081172625,openfacts
4770081172649,openfacts
4770081173417,openfacts
4770081173448,openfacts
4770081173455,openfacts
4770081173714,openfacts
4770081174315,openfacts
4770081174377,openfacts
4770081174391,openfacts
4770081174407,openfacts
4770081174742,openfacts
4770081174834,openfacts
4770081174889,openfacts
4770081174964,openfacts
4770081174988,openfacts
4770081175084,openfacts
4770081175244,openfacts
4770081175251,openfacts
4770081175268,openfacts
4770081175282,openfacts
4770081175329,openfacts
4770081175640,openfacts
4770081175657,openfacts
4770081175855,openfacts
4770081175909,openfacts
4770081175985,openfacts
4770081176012,openfacts
4770081176043,openfacts
4770081176050,openfacts
4770081176104,openfacts
4770081176128,openfacts
4770081176364,openfacts
4770081176371,openfacts
4770081176609,openfacts
4770081176623,openfacts
4770081176630,openfacts
4770081176647,openfacts
4770081176708,openfacts
4770081176715,openfacts
4770081176739,openfacts
4770081176746,openfacts
4770081176760,openfacts
4770081176883,openfacts
4770081176890,openfacts
4770081177026,openfacts
4770081177095,openfacts
4770081177224,openfacts
4770081177231,openfacts
4770081177316,openfacts
4770081177507,openfacts
4770081177521,openfacts
4770081177538,openfacts
4770081177620,openfacts
4770081177637,openfacts
4770081177682,openfacts
4770081177712,openfacts
4770081177798,openfacts
4770081177811,openfacts
4770081177842,openfacts
4770081177859,openfacts
4770081178023,openfacts
4770081178047,openfacts
4770081178115,openfacts
4770081178146,openfacts
4770081178153,openfacts
4770081178160,openfacts
4770081178191,openfacts
4770081178344,openfacts
4770081178351,openfacts
4770081178368,openfacts
4770081178375,openfacts
4770081178382,openfacts
4770081178405,openfacts
4770081178429,openfacts
4770081180620,openfacts
4770081180774,openfacts
4770081180842,openfacts
4770081181023,openfacts
4770081181030,openfacts
4770081182433,openfacts
4770082087560,openfacts
4770082097477,openfacts
4770082097569,openfacts
4770082171108,openfacts
4770082171405,openfacts
4770082175854,openfacts
4770082176271,openfacts
4770082176523,openfacts
4770082176530,openfacts
4770082176851,openfacts
4770082177575,openfacts
4770082300300,openfacts
4770082300362,openfacts
4770082301406,openfacts
4770082301628,openfacts
4770082304025,openfacts
4770082306920,openfacts
4770082307972,openfacts
4770082308177,openfacts
4770082308795,openfacts
4770082310965,openfacts
4770082310972,openfacts
4770082311054,openfacts
4770082311580,openfacts
4770082311955,openfacts
4770082312013,openfacts
4770082312365,openfacts
4770082313553,openfacts
4770082314635,openfacts
4770082316257,openfacts
4770082316394,openfacts
4770082316806,openfacts
4770082318435,openfacts
4770082319401,openfacts
4770082320148,openfacts
4770082320162,openfacts
4770082320414,openfacts
4770082320476,openfacts
4770082320483,openfacts
4770082320490,openfacts
4770082321053,openfacts
4770082321152,openfacts
4770082321169,openfacts
4770082321176,openfacts
4770082321602,openfacts
4770082322111,openfacts
4770082323002,openfacts
4770082323019,openfacts
4770082323057,openfacts
4770082323064,openfacts
4770082323095,openfacts
4770082323101,openfacts
4770082326027,openfacts
4770082326195,openfacts
4770082326218,openfacts
4770082326232,openfacts
4770082326270,openfacts
4770082326652,openfacts
4770082326669,openfacts
4770082326874,openfacts
4770082326898,openfacts
4770082326911,openfacts
4770082327178,openfacts
4770082327185,openfacts
4770082327284,openfacts
4770082327307,openfacts
4770082327321,openfacts
4770082328502,openfacts
4770082328526,openfacts
4770082328762,openfacts
4770082328984,openfacts
4770082329004,openfacts
4770082329127,openfacts
4770082330048,openfacts
4770082330062,openfacts
4770082330529,openfacts
4770082331106,openfacts
4770082331298,openfacts
4770086247922,openfacts
4770087317532,openfacts
4770090192430,openfacts
4770090192775,openfacts
4770090192928,openfacts
4770090194274,openfacts
4770090196490,openfacts
4770090197282,openfacts
4770090197299,openfacts
4770090197312,openfacts
4770090197602,openfacts
4770090197695,openfacts
4770090197732,openfacts
4770090197763,openfacts
4770090197800,openfacts
4770090197817,openfacts
4770090197824,openfacts
4770090197947,openfacts
4770090198128,openfacts
4770099046642,openfacts
4770099100443,openfacts
4770099104731,openfacts
4770099138040,openfacts
4770099138736,openfacts
4770099143938,openfacts
4770099145154,openfacts
4770099147714,openfacts
4770099150677,openfacts
4770099150776,openfacts
4770099150875,openfacts
4770099150974,openfacts
4770099151070,openfacts
4770099151131,openfacts
4770099151179,openfacts
4770099151339,openfacts
4770099151377,openfacts
4770099151575,openfacts
4770099152046,openfacts
4770099152671,openfacts
4770099152770,openfacts
4770099152879,openfacts
4770099651839,openfacts
4770100400609,openfacts
4770100950456,openfacts
4770103202330,openfacts
4770107000291,openfacts
4770107000444,openfacts
4770107241557,openfacts
4770107242011,openfacts
4770107242455,openfacts
4770107242479,openfacts
4770107242516,openfacts
4770107242523,openfacts
4770107242561,openfacts
4770107243339,openfacts
4770107243711,openfacts
4770107243872,openfacts
4770107243902,openfacts
4770107243919,openfacts
4770107243926,openfacts
4770107244008,openfacts
4770107244015,openfacts
4770107244022,openfacts
4770107244039,openfacts
4770107244046,openfacts
4770107244053,openfacts
4770107244428,openfacts
4770107244619,openfacts
4770107244626,openfacts
4770107246620,openfacts
4770107246828,openfacts
4770107247405,openfacts
4770107247481,openfacts
4770107247573,openfacts
4770107247597,openfacts
4770107247603,openfacts
4770107247948,openfacts
4770107247955,openfacts
4770107248051,openfacts
4770107248235,openfacts
4770107249614,openfacts
4770107249621,openfacts
4770107249638,openfacts
4770107249720,openfacts
4770107250375,openfacts
4770107251020,openfacts
4770107252171,openfacts
4770107252782,openfacts
4770107252805,openfacts
4770107252812,openfacts
4770107252829,openfacts
4770107252836,openfacts
4770107252850,openfacts
4770107252935,openfacts
4770107252942,openfacts
4770107252959,openfacts
4770107252966,openfacts
4770107252973,openfacts
4770107252980,openfacts
4770107252997,openfacts
4770107253291,openfacts
4770107253307,openfacts
4770107253314,openfacts
4770107253321,openfacts
4770107253390,openfacts
4770107253444,openfacts
4770107253451,openfacts
4770107253468,openfacts
4770107253475,openfacts
4770107253482,openfacts
4770107253499,openfacts
4770107253987,openfacts
4770107254007,openfacts
4770107254069,openfacts
4770107254083,openfacts
4770107254236,openfacts
4770107254472,openfacts
4770107254489,openfacts
4770107254526,openfacts
4770107254533,openfacts
4770107254540,openfacts
4770107255134,openfacts
4770107255660,openfacts
4770107255684,openfacts
4770107255691,openfacts
4770107255738,openfacts
4770107256599,openfacts
4770107256605,openfacts
4770107256711,openfacts
4770107256728,openfacts
4770107256735,openfacts
4770107256742,openfacts
4770107256957,openfacts
4770107257312,openfacts
4770107257329,openfacts
4770107257336,openfacts
4770107257367,openfacts
4770107258166,openfacts
4770107258180,openfacts
4770107258197,openfacts
4770107258944,openfacts
4770107258951,openfacts
4770107258975,openfacts
4770107259132,openfacts
4770107259149,openfacts
4770107259439,openfacts
4770107259477,openfacts
4770107259804,openfacts
4770107259996,openfacts
4770107260220,openfacts
4770113046801,openfacts
4770113047570,openfacts
4770113049031,openfacts
4770113049208,openfacts
4770113049215,openfacts
4770113049239,openfacts
4770113049246,openfacts
4770115177534,openfacts
4770115177558,openfacts
4770115178074,openfacts
4770115180756,openfacts
4770115181111,openfacts
4770115182361,openfacts
4770118163473,openfacts
4770118163534,openfacts
4770118163602,openfacts
4770118400226,openfacts
4770118400646,openfacts
4770118401018,openfacts
4770118401155,openfacts
4770118401216,openfacts
4770118401308,openfacts
4770118401438,openfacts
4770118402015,openfacts
4770118402121,openfacts
4770118402145,openfacts
4770118402152,openfacts
4770118402169,openfacts
4770118402206,openfacts
4770118402213,openfacts
4770118402725,openfacts
4770118402800,openfacts
4770118402817,openfacts
4770118403166,openfacts
4770118403258,openfacts
4770118403265,openfacts
4770118409465,openfacts
4770118409892,openfacts
4770118409908,openfacts
4770118410140,openfacts
4770118410638,openfacts
4770118411758,usda
4770118412632,openfacts
4770118412717,openfacts
4770118412946,openfacts
4770118413028,openfacts
4770118413370,openfacts
4770118413400,openfacts
4770118413820,openfacts
4770118413943,openfacts
4770118413998,openfacts
4770119171521,openfacts
4770119171637,openfacts
4770119202188,openfacts
4770119202805,openfacts
4770119202843,openfacts
4770119203697,openfacts
4770119203918,openfacts
4770119203956,openfacts
4770119204069,openfacts
4770119204434,openfacts
4770119204571,openfacts
4770119204625,openfacts
4770119205295,openfacts
4770119206254,openfacts
4770119206766,openfacts
4770119206995,openfacts
4770119207091,openfacts
4770119207275,openfacts
4770119207299,openfacts
4770119207381,openfacts
4770119207688,openfacts
4770119207787,openfacts
4770119207794,openfacts
4770119207831,openfacts
4770119208128,openfacts
4770119208173,openfacts
4770119208296,openfacts
4770119208401,openfacts
4770119208432,openfacts
4770119208647,openfacts
4770119208692,openfacts
4770119208708,openfacts
4770119208784,openfacts
4770119208821,openfacts
4770119208876,openfacts
4770119208883,openfacts
4770119209224,openfacts
4770119209460,openfacts
4770119209620,openfacts
4770119209637,openfacts
4770119209651,openfacts
4770119209972,openfacts
4770119211593,openfacts
4770119212743,openfacts
4770119212750,openfacts
4770119213368,openfacts
4770119213580,openfacts
4770119213603,openfacts
4770119213788,openfacts
4770119213825,openfacts
4770119214358,openfacts
4770119214365,openfacts
4770119214709,openfacts
4770119214860,openfacts
4770119214990,openfacts
4770119215119,openfacts
4770119215188,openfacts
4770119215294,openfacts
4770119215393,openfacts
4770119215621,openfacts
4770119215683,openfacts
4770119215690,openfacts
4770119215782,openfacts
4770119215805,openfacts
4770119215935,openfacts
4770119215942,openfacts
4770119216475,openfacts
4770119216550,openfacts
4770119216680,openfacts
4770119216789,openfacts
4770119217090,openfacts
4770119217106,openfacts
4770119217120,openfacts
4770119217168,openfacts
4770119217601,openfacts
4770119217670,openfacts
4770119217700,openfacts
4770119217991,openfacts
4770119218103,openfacts
4770119218431,openfacts
4770119218448,openfacts
4770119218523,openfacts
4770119218530,openfacts
4770119219391,openfacts
4770119219407,openfacts
4770119219414,openfacts
4770119219421,openfacts
4770119219438,openfacts
4770119219513,openfacts
4770119219582,openfacts
4770119220076,openfacts
4770119220380,openfacts
4770119220403,openfacts
4770119220748,openfacts
4770119220915,openfacts
4770119340248,openfacts
4770119340262,openfacts
4770119340309,openfacts
4770123189154,openfacts
4770123190242,openfacts
4770123190860,openfacts
4770123191058,openfacts
4770123191492,openfacts
4770123194004,openfacts
4770123194998,openfacts
4770123196534,openfacts
4770123197951,openfacts
4770123198149,openfacts
4770123198811,openfacts
4770123198880,openfacts
4770123199658,openfacts
4770123200378,openfacts
4770123200774,openfacts
4770123200781,openfacts
4770123201085,openfacts
4770123201665,openfacts
4770123202051,openfacts
4770123202068,openfacts
4770123202594,openfacts
4770123203867,openfacts
4770123204505,openfacts
4770123204758,openfacts
4770123205151,openfacts
4770123205175,openfacts
4770123205182,openfacts
4770123205281,openfacts
4770123206851,openfacts
4770123206868,openfacts
4770123207322,openfacts
4770123207339,openfacts
4770123207346,openfacts
4770123207445,openfacts
4770123208084,openfacts
4770123208114,openfacts
4770123208619,openfacts
4770123208787,openfacts
4770123208893,openfacts
4770123209678,openfacts
4770123209760,openfacts
4770123209852,openfacts
4770123209876,openfacts
4770123209906,openfacts
4770123210049,openfacts
4770123210070,openfacts
4770123210100,openfacts
4770123210230,openfacts
4770123210476,openfacts
4770123210643,openfacts
4770123210681,openfacts
4770123211053,openfacts
4770123211077,openfacts
4770123211107,openfacts
4770123211350,openfacts
4770123211374,openfacts
4770123211398,openfacts
4770123211404,openfacts
4770123211473,openfacts
4770123211497,openfacts
4770123211510,openfacts
4770123211527,openfacts
4770123211671,openfacts
4770123211688,openfacts
4770123211732,openfacts
4770123212098,openfacts
4770123212203,openfacts
4770123212210,openfacts
4770123212807,openfacts
4770123213156,openfacts
4770123213194,openfacts
4770123213217,openfacts
4770123213224,openfacts
4770123213330,openfacts
4770123213453,openfacts
4770123213460,openfacts
4770123213699,openfacts
4770123214207,openfacts
4770123214450,openfacts
4770123214498,openfacts
4770123214504,openfacts
4770123214597,openfacts
4770123214603,openfacts
4770123214610,openfacts
4770123214658,openfacts
4770123214719,openfacts
4770123214733,openfacts
4770123214863,openfacts
4770123214870,openfacts
4770123214924,openfacts
4770123215136,openfacts
4770123215150,openfacts
4770123215167,openfacts
4770123215235,openfacts
4770123215631,openfacts
4770123215761,openfacts
4770135203015,openfacts
4770135204425,openfacts
4770135204685,openfacts
4770135205156,openfacts
4770135205163,openfacts
4770135205170,openfacts
4770135205743,openfacts
4770135205767,openfacts
4770135206375,openfacts
4770135206412,openfacts
4770135206528,openfacts
4770135206566,openfacts
4770135206689,openfacts
4770135206801,openfacts
4770135206818,openfacts
4770135206825,openfacts
4770135206849,openfacts
4770135206931,openfacts
4770135207150,openfacts
4770135207259,openfacts
4770135207662,openfacts
4770135216343,openfacts
4770135216350,openfacts
4770135216374,openfacts
4770135216381,openfacts
4770135216411,openfacts
4770135216657,openfacts
4770135216893,openfacts
4770135216992,openfacts
4770135217005,openfacts
4770135217029,openfacts
4770135217043,openfacts
4770135217050,openfacts
4770135217067,openfacts
4770135217074,openfacts
4770135217081,openfacts
4770135217142,openfacts
4770135217425,openfacts
4770135217456,openfacts
4770135217623,openfacts
4770135217654,openfacts
4770135217685,openfacts
4770135217692,openfacts
4770135217708,openfacts
4770135217715,openfacts
4770135217722,openfacts
4770135217739,openfacts
4770135217753,openfacts
4770135217807,openfacts
4770135217814,openfacts
4770135217821,openfacts
4770135217838,openfacts
4770135217845,openfacts
4770135217852,openfacts
4770135217890,openfacts
4770135217920,openfacts
4770135217937,openfacts
4770135217944,openfacts
4770135217999,openfacts
4770135218033,openfacts
4770135218095,openfacts
4770139151015,openfacts
4770139151411,openfacts
4770139152470,openfacts
4770139152487,openfacts
4770139152531,openfacts
4770140195107,openfacts
4770140195404,openfacts
4770140195411,openfacts
4770140195428,item_master
4770140195466,openfacts
4770140195480,item_master
4770140195534,openfacts
4770140195596,item_master
4770140195671,openfacts
4770140195923,openfacts
4770140196012,item_master
4770140196050,openfacts
4770140196203,openfacts
4770140196241,item_master
4770140196333,openfacts
4770140196647,openfacts
4770140197149,openfacts
4770140197156,openfacts
4770140197163,openfacts
4770140197354,openfacts
4770140197361,openfacts
4770140197507,openfacts
4770140197521,openfacts
4770140197538,openfacts
4770140197545,openfacts
4770140197583,openfacts
4770140197590,openfacts
4770140197606,openfacts
4770140197613,openfacts
4770140197637,openfacts
4770143203311,openfacts
4770143221278,openfacts
4770143316295,openfacts
4770143316851,openfacts
4770143317087,openfacts
4770146229943,openfacts
4770146229950,openfacts
4770148115510,openfacts
4770148115817,openfacts
4770148115831,openfacts
4770148151020,openfacts
4770148215524,openfacts
4770148225318,openfacts
4770148225615,openfacts
4770148226681,openfacts
4770148226841,openfacts
4770148226889,openfacts
4770148226919,openfacts
4770148227138,openfacts
4770148228197,openfacts
4770148228203,openfacts
4770148228456,openfacts
4770148228463,openfacts
4770148229040,openfacts
4770148229378,openfacts
4770148229477,openfacts
4770148229675,openfacts
4770148229712,openfacts
4770148229910,openfacts
4770148229934,openfacts
4770148229941,openfacts
4770148230022,openfacts
4770148230060,openfacts
4770148230190,openfacts
4770148230411,openfacts
4770148230435,openfacts
4770148230541,openfacts
4770148230558,openfacts
4770148230763,openfacts
4770148231135,openfacts
4770148612156,openfacts
4770148612279,openfacts
4770148612415,openfacts
4770148751824,openfacts
4770149201885,openfacts
4770149202431,openfacts
4770149202639,openfacts
4770149202677,openfacts
4770149202769,openfacts
4770149202967,openfacts
4770149202981,openfacts
4770149203148,openfacts
4770149203155,openfacts
4770149203254,openfacts
4770149203261,openfacts
4770149203391,openfacts
4770149203407,openfacts
4770149203414,openfacts
4770149203735,openfacts
4770149203742,openfacts
4770149204046,openfacts
4770149204053,openfacts
4770149204152,openfacts
4770149204367,openfacts
4770149205067,openfacts
4770149205081,openfacts
4770149205395,openfacts
4770149205586,openfacts
4770149206149,openfacts
4770149206156,openfacts
4770149206590,openfacts
4770149206613,openfacts
4770149207320,openfacts
4770149208082,openfacts
4770149208112,openfacts
4770149208129,openfacts
4770149208525,openfacts
4770149208549,openfacts
4770149208556,openfacts
4770149208761,openfacts
4770149208785,openfacts
4770149209102,openfacts
4770149209119,openfacts
4770149209140,openfacts
4770149209980,openfacts
4770149210047,openfacts
4770149210078,openfacts
4770149210092,openfacts
4770149210108,openfacts
4770149210290,openfacts
4770149210436,openfacts
4770149210870,openfacts
4770149211013,openfacts
4770149211273,openfacts
4770149211327,openfacts
4770149212096,openfacts
4770149212102,openfacts
4770149212812,openfacts
4770149213116,openfacts
4770149213208,openfacts
4770149213314,openfacts
4770149213444,openfacts
4770149213468,item_master
4770149213727,openfacts
4770149213826,openfacts
4770149213857,openfacts
4770149213864,openfacts
4770149213888,openfacts
4770149213895,openfacts
4770149213901,openfacts
4770149214021,openfacts
4770149214144,openfacts
4770149214472,openfacts
4770149214571,openfacts
4770149214595,openfacts
4770149214854,openfacts
4770149214861,item_master
4770149215080,openfacts
4770149215370,openfacts
4770149215387,openfacts
4770149215394,openfacts
4770149215493,openfacts
4770149215639,openfacts
4770149215646,openfacts
4770149215677,openfacts
4770149215684,openfacts
4770149215738,openfacts
4770149215820,openfacts
4770149215851,openfacts
4770149216179,openfacts
4770149216186,openfacts
4770149216667,openfacts
4770149216766,openfacts
4770149216773,openfacts
4770149216803,openfacts
4770149216872,openfacts
4770149216933,openfacts
4770149217015,openfacts
4770149217022,openfacts
4770149217039,openfacts
4770149217183,openfacts
4770149217343,openfacts
4770149217411,openfacts
4770149217473,openfacts
4770149217947,openfacts
4770149218357,openfacts
4770149218364,openfacts
4770149218371,openfacts
4770149218449,openfacts
4770149218500,openfacts
4770149218555,openfacts
4770149218579,openfacts
4770149218661,openfacts
4770149218685,openfacts
4770149218791,openfacts
4770149218807,openfacts
4770149218821,openfacts
4770149218838,openfacts
4770149218845,openfacts
4770149218869,openfacts
4770149218883,openfacts
4770149219279,openfacts
4770149219514,openfacts
4770149219583,openfacts
4770149219873,openfacts
4770149220053,openfacts
4770153226546,openfacts
4770153228304,openfacts
4770153228359,openfacts
4770153228366,openfacts
4770153228878,openfacts
4770156128359,openfacts
4770161091426,openfacts
4770161091822,openfacts
4770161091884,openfacts
4770161092003,openfacts
4770161093659,openfacts
4770161094649,openfacts
4770161094656,openfacts
4770161094663,openfacts
4770161095189,openfacts
4770161095714,openfacts
4770161098227,openfacts
4770161099811,openfacts
4770161100302,openfacts
4770161100326,openfacts
4770161100432,openfacts
4770161100593,openfacts
4770161101361,openfacts
4770161101385,openfacts
4770161101507,openfacts
4770161101637,openfacts
4770161101675,openfacts
4770161101699,openfacts
4770161102603,openfacts
4770161102856,openfacts
4770161102962,openfacts
4770161103723,openfacts
4770161103730,openfacts
4770161103747,openfacts
4770161104119,openfacts
4770161104867,openfacts
4770161105093,openfacts
4770163190462,openfacts
4770163195191,openfacts
4770163195610,openfacts
4770163195726,openfacts
4770163199168,openfacts
4770163199175,openfacts
4770163199311,openfacts
4770163199595,openfacts
4770163200123,openfacts
4770163201236,openfacts
4770163202103,openfacts
4770163202226,openfacts
4770163202295,openfacts
4770163202417,openfacts
4770163202509,openfacts
4770163834618,openfacts
4770163834649,openfacts
4770163835332,openfacts
4770163835493,openfacts
4770163835509,openfacts
4770163835547,openfacts
4770163835578,openfacts
4770163835905,openfacts
4770163836124,openfacts
4770163837688,openfacts
4770163837695,openfacts
4770163837725,openfacts
4770163837848,openfacts
4770163837862,openfacts
4770163837909,openfacts
4770163837978,openfacts
4770163838074,openfacts
4770163838111,openfacts
4770163838128,openfacts
4770163838135,openfacts
4770163838265,openfacts
4770163838326,openfacts
4770163838388,openfacts
4770163838487,openfacts
4770163838609,openfacts
4770163838616,openfacts
4770163838845,openfacts
4770163838975,openfacts
4770163838982,openfacts
4770163839071,openfacts
4770163839095,openfacts
4770163839156,openfacts
4770163839248,openfacts
4770163839330,openfacts
4770163839347,openfacts
4770163839569,openfacts
4770163839576,openfacts
4770163839767,openfacts
4770163839781,openfacts
4770163839842,openfacts
4770166211072,openfacts
4770166212154,openfacts
4770166219528,openfacts
4770166219535,openfacts
4770166219573,openfacts
4770166219580,openfacts
4770166219597,openfacts
4770166219740,openfacts
4770166219788,openfacts
4770166219818,openfacts
4770166220067,openfacts
4770166220166,openfacts
4770166221132,openfacts
4770166221828,openfacts
4770166221958,openfacts
4770166222597,openfacts
4770166222887,openfacts
4770166223068,openfacts
4770166223228,openfacts
4770166223327,openfacts
4770166223389,openfacts
4770166223426,openfacts
4770166223990,openfacts
4770166224034,openfacts
4770166224058,openfacts
4770166224072,openfacts
4770166224119,openfacts
4770166224171,openfacts
4770166224324,openfacts
4770166224447,openfacts
4770166224461,openfacts
4770166224485,openfacts
4770166224508,openfacts
4770166224652,openfacts
4770166224690,openfacts
4770166224775,openfacts
4770166224799,openfacts
4770166224836,openfacts
4770166224850,openfacts
4770167001306,openfacts
4770167001337,openfacts
4770167002020,openfacts
4770167002860,openfacts
4770167002990,openfacts
4770167003003,openfacts
4770167003010,openfacts
4770167003027,openfacts
4770167003034,openfacts
4770167003157,openfacts
4770167003225,openfacts
4770167003348,openfacts
4770167003423,openfacts
4770167003652,openfacts
4770167003980,openfacts
4770167004048,openfacts
4770167004055,openfacts
4770167004062,openfacts
4770167004147,openfacts
4770167004208,openfacts
4770167004260,openfacts
4770167004321,openfacts
4770167004475,openfacts
4770167004482,openfacts
4770167004567,openfacts
4770167004574,openfacts
4770167004611,openfacts
4770167004789,openfacts
4770167004895,openfacts
4770167004901,openfacts
4770167004918,openfacts
4770167004932,openfacts
4770167004949,openfacts
4770167004956,openfacts
4770167005083,openfacts
4770167045959,openfacts
4770167202062,openfacts
4770167462367,openfacts
4770167462855,openfacts
4770173001123,openfacts
4770173001130,openfacts
4770173005039,openfacts
4770173022036,openfacts
4770173022326,openfacts
4770173500015,openfacts
4770173674327,openfacts
4770173814068,openfacts
4770173814075,openfacts
4770173814082,openfacts
4770173814112,openfacts
4770173814167,openfacts
4770173814327,openfacts
4770173814358,openfacts
4770173814518,openfacts
4770173814662,openfacts
4770173814693,openfacts
4770173815096,openfacts
4770173815485,openfacts
4770173816338,openfacts
4770173817298,openfacts
4770173822568,openfacts
4770173822766,openfacts
4770173822803,openfacts
4770173822834,openfacts
4770173824951,openfacts
4770173826139,openfacts
4770175046092,openfacts
4770175046139,openfacts
4770175046504,openfacts
4770175047167,item_master
4770175047488,item_master
4770175047549,openfacts
4770175047846,item_master
4770175047938,item_master
4770175048607,openfacts
4770175048744,openfacts
4770175048805,item_master
4770175049291,openfacts
4770175049321,openfacts
4770175049734,item_master
4770175049994,openfacts
4770175480209,item_master
4770175480216,item_master
4770175480230,item_master
4770175480322,item_master
4770175480339,item_master
4770175480643,openfacts
4770175480704,openfacts
4770175480766,openfacts
4770175480964,openfacts
4770175481169,openfacts
4770175481176,openfacts
4770175481251,openfacts
4770175481480,openfacts
4770175481503,openfacts
4770175481534,openfacts
4770175481558,openfacts
4770175481572,openfacts
4770175481787,openfacts
4770175481992,openfacts
4770175482005,openfacts
4770175482265,openfacts
4770175482753,openfacts
4770175482920,openfacts
4770175483149,openfacts
4770175483156,openfacts
4770175483347,openfacts
4770175483361,openfacts
4770175483385,openfacts
4770175483514,openfacts
4770175483545,openfacts
4770175483552,openfacts
4770175483903,openfacts
4770175483927,openfacts
4770175483958,openfacts
4770175483965,openfacts
4770175484009,openfacts
4770175484047,openfacts
4770175484061,openfacts
4770175484276,openfacts
4770175484559,openfacts
4770175484573,openfacts
4770175484597,openfacts
4770175484627,openfacts
4770175484887,openfacts
4770175485280,openfacts
4770175485303,openfacts
4770175485327,openfacts
4770175485419,openfacts
4770175485426,openfacts
4770175485471,openfacts
4770175485495,openfacts
4770175485570,openfacts
4770175485594,openfacts
4770175485624,openfacts
4770175485662,openfacts
4770175485709,openfacts
4770175485839,openfacts
4770175486423,openfacts
4770179100080,openfacts
4770179100097,openfacts
4770179100127,openfacts
4770179100189,openfacts
4770179100363,openfacts
4770179104378,usda
4770179104712,openfacts
4770179106334,openfacts
4770179106396,openfacts
4770179106976,openfacts
4770179106983,openfacts
4770179106990,openfacts
4770179107430,openfacts
4770179107447,openfacts
4770179107454,openfacts
4770179107997,openfacts
4770179109427,openfacts
4770179109908,openfacts
4770179109922,openfacts
4770179109939,openfacts
4770179109946,openfacts
4770179109984,openfacts
4770179109991,openfacts
4770179110126,openfacts
4770179110867,openfacts
4770179111888,openfacts
4770179112991,openfacts
4770179113011,openfacts
4770179113103,openfacts
4770179116845,openfacts
4770179116975,openfacts
4770179116982,openfacts
4770179116999,openfacts
4770179117002,openfacts
4770179117521,openfacts
4770179119327,openfacts
4770179119358,openfacts
4770179119372,openfacts
4770179119389,openfacts
4770179119419,openfacts
4770179119426,openfacts
4770179119488,openfacts
4770179119525,openfacts
4770179119532,openfacts
4770179119549,openfacts
4770179119556,openfacts
4770179119747,openfacts
4770179120132,openfacts
4770179120255,openfacts
4770179120408,openfacts
4770179120415,openfacts
4770179120552,openfacts
4770179120736,openfacts
4770179121085,openfacts
4770179121122,openfacts
4770179121276,openfacts
4770179121597,openfacts
4770179121603,openfacts
4770179121986,openfacts
4770179125038,openfacts
4770179125076,openfacts
4770179125083,openfacts
4770179125120,openfacts
4770179125137,openfacts
4770179125144,openfacts
4770179125205,openfacts
4770179125281,openfacts
4770179125342,openfacts
4770179125434,openfacts
4770179125489,openfacts
4770179180099,openfacts
4770179180174,openfacts
4770179180235,openfacts
4770179180365,openfacts
4770179182666,openfacts
4770179182673,openfacts
4770179182826,openfacts
4770179219140,openfacts
4770179270363,openfacts
4770179290408,openfacts
4770179586310,openfacts
4770179988268,openfacts
4770179988275,openfacts
4770179988961,openfacts
4770179989128,openfacts
4770179989159,openfacts
4770179989319,openfacts
4770179989586,openfacts
4770179989999,openfacts
4770179990049,openfacts
4770179990209,openfacts
4770179990230,openfacts
4770179990247,openfacts
4770179990285,openfacts
4770179990377,openfacts
4770179990568,openfacts
4770179990582,openfacts
4770179990605,openfacts
4770179990629,openfacts
4770179990650,openfacts
4770179990667,openfacts
4770179990681,openfacts
4770179990858,openfacts
4770179991251,openfacts
4770179991268,openfacts
4770179991275,openfacts
4770179991299,openfacts
4770179991343,openfacts
4770179991374,openfacts
4770179991848,openfacts
4770179991879,openfacts
4770179991893,openfacts
4770179991909,openfacts
4770179991923,openfacts
4770179992043,openfacts
4770179992067,openfacts
4770179992098,openfacts
4770179992579,openfacts
4770179992647,openfacts
4770179993330,openfacts
4770179993422,openfacts
4770179993439,openfacts
4770179993460,openfacts
4770179993477,openfacts
4770179993507,openfacts
4770179993644,openfacts
4770179993651,openfacts
4770179993705,openfacts
4770179993798,openfacts
4770179993873,openfacts
4770179993910,openfacts
4770179993941,openfacts
4770179994009,openfacts
4770179994030,openfacts
4770179994092,openfacts
4770179994122,openfacts
4770179994177,openfacts
4770179994191,openfacts
4770179994276,openfacts
4770179994313,openfacts
4770179994382,openfacts
4770179994535,openfacts
4770179994542,openfacts
4770179994566,openfacts
4770179994641,openfacts
4770179994665,openfacts
4770179994733,openfacts
4770179994900,openfacts
4770179994924,openfacts
4770179995099,openfacts
4770179995174,openfacts
4770179995198,openfacts
4770179995211,openfacts
4770179995259,openfacts
4770179996164,openfacts
4770179996195,openfacts
4770179996249,openfacts
4770179996348,openfacts
4770179996362,openfacts
4770179996409,openfacts
4770179996577,openfacts
4770179996799,openfacts
4770179997291,openfacts
4770179997628,openfacts
4770179997659,openfacts
4770179997727,openfacts
4770179997772,openfacts
4770179997918,openfacts
4770179997949,openfacts
4770179998069,openfacts
4770179998090,openfacts
4770179998113,openfacts
4770179998137,openfacts
4770179998168,openfacts
4770179998250,openfacts
4770179998281,openfacts
4770179998311,openfacts
4770179998366,openfacts
4770179998397,openfacts
4770179998458,openfacts
4770179998625,openfacts
4770179998656,openfacts
4770179998670,openfacts
4770179998694,openfacts
4770179998717,openfacts
4770179999004,openfacts
4770179999028,openfacts
4770179999042,openfacts
4770179999226,openfacts
4770179999257,openfacts
4770179999271,openfacts
4770179999905,openfacts
4770187003601,openfacts
4770190035026,openfacts
4770190035040,usda
4770190035057,usda
4770190035118,openfacts
4770190035460,openfacts
4770190035781,usda
4770190035798,openfacts
4770190035903,openfacts
4770190036016,openfacts
4770190036054,openfacts
4770190036108,usda
4770190036115,openfacts
4770190036214,openfacts
4770190036498,openfacts
4770190036900,openfacts
4770190037082,item_master
4770190037211,openfacts
4770190037402,openfacts
4770190037426,openfacts
4770190037747,openfacts
4770190038430,openfacts
4770190038447,openfacts
4770190038454,openfacts
4770190038461,openfacts
4770190041775,openfacts
4770190041812,openfacts
4770190041836,openfacts
4770190041980,openfacts
4770190042284,openfacts
4770190042802,openfacts
4770190044219,openfacts
4770190044523,openfacts
4770190044943,openfacts
4770190049139,openfacts
4770190049566,openfacts
4770190049702,openfacts
4770190050333,openfacts
4770190050357,openfacts
4770190050708,openfacts
4770190051248,openfacts
4770190054263,openfacts
4770190055567,item_master
4770190055734,openfacts
4770190055758,openfacts
4770190057165,openfacts
4770190059770,item_master
4770190060271,openfacts
4770190060356,openfacts
4770190060370,openfacts
4770190062381,openfacts
4770190062879,openfacts
4770190065160,openfacts
4770190065528,openfacts
4770190065924,openfacts
4770190066884,openfacts
4770190066907,openfacts
4770190067683,openfacts
4770190067935,openfacts
4770190067973,openfacts
4770190068000,openfacts
4770190069526,openfacts
4770190069700,openfacts
4770190071819,openfacts
4770190073134,openfacts
4770190075947,openfacts
4770190077408,openfacts
4770190077811,openfacts
4770190077828,openfacts
4770190077835,openfacts
4770190077873,openfacts
4770190077927,openfacts
4770190077941,openfacts
4770190078702,openfacts
4770190078719,openfacts
4770190078832,openfacts
4770190078931,openfacts
4770190078948,openfacts
4770190079372,openfacts
4770190079402,openfacts
4770190081399,openfacts
4770190081672,openfacts
4770190084093,openfacts
4770190084109,openfacts
4770190084130,openfacts
4770190084161,openfacts
4770190084383,openfacts
4770190084406,openfacts
4770190086011,openfacts
4770190087292,openfacts
4770190087681,openfacts
4770190087834,openfacts
4770190089050,openfacts
4770190090308,openfacts
4770190090322,openfacts
4770190090964,openfacts
4770190091015,openfacts
4770190092661,openfacts
4770190092852,openfacts
4770190092913,openfacts
4770190092951,openfacts
4770190094597,openfacts
4770190094894,openfacts
4770190097291,openfacts
4770190097406,openfacts
4770190097628,openfacts
4770190097833,openfacts
4770190098311,openfacts
4770190100571,openfacts
4770190101578,openfacts
4770190101592,openfacts
4770190102735,openfacts
4770190103138,openfacts
4770190103145,openfacts
4770190103299,openfacts
4770190103848,openfacts
4770190104067,openfacts
4770190104104,openfacts
4770190105194,openfacts
4770190105361,openfacts
4770190105668,openfacts
4770190105682,openfacts
4770190105705,openfacts
4770190105781,openfacts
4770190105804,openfacts
4770190106917,openfacts
4770190106931,openfacts
4770190107402,openfacts
4770190107426,openfacts
4770190108249,openfacts
4770190108317,openfacts
4770190108546,openfacts
4770190108690,openfacts
4770190109048,openfacts
4770190109987,openfacts
4770190110006,openfacts
4770190111270,openfacts
4770190111287,openfacts
4770190111317,openfacts
4770190111324,openfacts
4770190111355,openfacts
4770190112062,openfacts
4770190112086,openfacts
4770190112109,openfacts
4770190112123,openfacts
4770190112543,openfacts
4770190113427,openfacts
4770190113441,openfacts
4770190113540,openfacts
4770190113557,openfacts
4770190114264,openfacts
4770190115223,openfacts
4770190115995,openfacts
4770190117678,openfacts
4770190119184,openfacts
4770190119207,openfacts
4770190119269,item_master
4770190119344,openfacts
4770190119443,openfacts
4770190119467,openfacts
4770190119825,openfacts
4770190119849,openfacts
4770190119986,openfacts
4770190119993,openfacts
4770190120029,openfacts
4770190120043,openfacts
4770190120074,openfacts
4770190121255,openfacts
4770190121378,openfacts
4770190121736,openfacts
4770190121811,openfacts
4770190122061,openfacts
4770190122269,openfacts
4770190122436,openfacts
4770190122450,openfacts
4770190122979,openfacts
4770190123037,openfacts
4770190123426,openfacts
4770190123464,openfacts
4770190124607,openfacts
4770190124768,openfacts
4770190125062,openfacts
4770190125697,openfacts
4770190125802,openfacts
4770190126656,openfacts
4770190126861,openfacts
4770190126885,openfacts
4770190126908,openfacts
4770190127462,openfacts
4770190127837,openfacts
4770190128100,openfacts
4770190128124,openfacts
4770190129152,openfacts
4770190129855,openfacts
4770190129930,openfacts
4770190130059,openfacts
4770190130073,openfacts
4770190130172,openfacts
4770190130721,openfacts
4770190130974,openfacts
4770190131018,openfacts
4770190131025,openfacts
4770190131605,openfacts
4770190131629,openfacts
4770190131827,openfacts
4770190131964,openfacts
4770190133340,openfacts
4770190134378,openfacts
4770190134576,openfacts
4770190134583,openfacts
4770190134958,openfacts
4770190136105,openfacts
4770190136303,openfacts
4770190136327,openfacts
4770190136419,openfacts
4770190136549,openfacts
4770190136624,openfacts
4770190136846,openfacts
4770190137478,openfacts
4770190137812,openfacts
4770190138345,openfacts
4770190138406,openfacts
4770190138567,openfacts
4770190138857,openfacts
4770190139250,openfacts
4770190139298,openfacts
4770190139540,openfacts
4770190139663,openfacts
4770190140379,openfacts
4770190140621,openfacts
4770190140751,openfacts
4770190140782,openfacts
4770190141260,openfacts
4770190141284,openfacts
4770190141406,openfacts
4770190141468,openfacts
4770190141932,openfacts
4770190141956,openfacts
4770190141970,openfacts
4770190142182,openfacts
4770190142205,openfacts
4770190142229,openfacts
4770190142335,openfacts
4770190142533,openfacts
4770190142632,openfacts
4770190142847,openfacts
4770190142892,openfacts
4770190142922,openfacts
4770190142953,openfacts
4770190142977,openfacts
4770190143394,openfacts
4770190143561,openfacts
4770190144124,openfacts
4770190144537,openfacts
4770190144551,openfacts
4770190144735,openfacts
4770190145114,openfacts
4770190145831,openfacts
4770190145978,openfacts
4770190146043,openfacts
4770190146067,openfacts
4770190146203,openfacts
4770190146562,openfacts
4770190146753,openfacts
4770190146845,openfacts
4770190146944,openfacts
4770190147088,openfacts
4770190149297,openfacts
4770190150521,openfacts
4770190150583,openfacts
4770190151207,openfacts
4770190151641,openfacts
4770190152006,openfacts
4770190152808,openfacts
4770190152822,openfacts
4770190152914,openfacts
4770190152976,openfacts
4770190153461,openfacts
4770190153805,openfacts
4770190153942,openfacts
4770190154819,openfacts
4770190154826,openfacts
4770190154840,openfacts
4770190154864,openfacts
4770190155175,openfacts
4770190155182,openfacts
4770190155519,openfacts
4770190155748,openfacts
4770190156035,openfacts
4770190156073,openfacts
4770190156097,openfacts
4770190156257,openfacts
4770190156462,openfacts
4770190156646,openfacts
4770190157285,openfacts
4770190157315,openfacts
4770190158459,openfacts
4770190159234,openfacts
4770190159395,openfacts
4770190159425,openfacts
4770190159432,openfacts
4770190159531,openfacts
4770190160308,openfacts
4770190160742,openfacts
4770190160834,openfacts
4770190160896,openfacts
4770190161046,openfacts
4770190161190,openfacts
4770190161237,openfacts
4770190161480,openfacts
4770190162081,openfacts
4770190162319,openfacts
4770190162470,openfacts
4770190162500,openfacts
4770190162890,openfacts
4770190162937,openfacts
4770190163163,openfacts
4770190163613,openfacts
4770190163637,openfacts
4770190163897,openfacts
4770190164009,openfacts
4770190164092,openfacts
4770190164757,openfacts
4770190165952,openfacts
4770190166867,openfacts
4770190170956,openfacts
4770190350310,openfacts
4770190350655,openfacts
4770190351089,openfacts
4770190351539,openfacts
4770190352338,openfacts
4770190355230,openfacts
4770190371568,openfacts
4770190371667,openfacts
4770190371865,openfacts
4770190372015,openfacts
4770190372039,openfacts
4770190372152,item_master
4770190375412,openfacts
4770190375818,openfacts
4770190375832,openfacts
4770190375924,openfacts
4770190377294,openfacts
4770190377300,openfacts
4770190377669,openfacts
4770190378079,openfacts
4770190378482,openfacts
4770190378642,openfacts
4770190378918,openfacts
4770190379267,openfacts
4770190379656,openfacts
4770190379694,openfacts
4770190379922,openfacts
4770190385343,openfacts
4770190385558,openfacts
4770190638364,openfacts
4770190782661,openfacts
4770203043451,openfacts
4770205112254,openfacts
4770205112261,openfacts
4770205112278,openfacts
4770205112339,openfacts
4770205112360,openfacts
4770205112384,openfacts
4770205112414,openfacts
4770205114197,openfacts
4770205114258,openfacts
4770205121577,openfacts
4770205121584,openfacts
4770205121607,openfacts
4770205121621,openfacts
4770205121638,openfacts
4770205121713,openfacts
4770205122031,openfacts
4770205122062,openfacts
4770205122079,openfacts
4770205124387,openfacts
4770205125155,openfacts
4770205125162,openfacts
4770205125209,openfacts
4770205125223,openfacts
4770205126510,openfacts
4770205127111,openfacts
4770205127135,openfacts
4770205127388,openfacts
4770205127944,openfacts
4770205127975,openfacts
4770205128002,openfacts
4770205128033,openfacts
4770205128118,openfacts
4770205128231,openfacts
4770205128293,openfacts
4770205128309,openfacts
4770205128316,openfacts
4770205128675,openfacts
4770205128699,openfacts
4770205128705,openfacts
4770205128712,openfacts
4770205128866,openfacts
4770205128927,openfacts
4770205129238,openfacts
4770205129252,openfacts
4770207000269,openfacts
4770207000832,openfacts
4770207000870,openfacts
4770207000887,openfacts
4770207000931,openfacts
4770207000955,openfacts
4770207000962,openfacts
4770207001044,openfacts
4770207001051,openfacts
4770207001068,openfacts
4770207001198,openfacts
4770207001204,openfacts
4770207042481,openfacts
4770207042597,openfacts
4770207042603,openfacts
4770207042627,openfacts
4770207042696,openfacts
4770207042702,openfacts
4770207042795,openfacts
4770207042849,openfacts
4770207042856,openfacts
4770207045666,openfacts
4770207045673,openfacts
4770207045703,openfacts
4770207045710,openfacts
4770207046274,openfacts
4770207046298,openfacts
4770207046311,openfacts
4770207046328,openfacts
4770207046373,openfacts
4770207046564,openfacts
4770207046571,openfacts
4770207046595,openfacts
4770207046663,openfacts
4770207047271,openfacts
4770207047660,openfacts
4770207048414,openfacts
4770207048681,openfacts
4770207048698,openfacts
4770207049695,openfacts
4770207049701,openfacts
4770207049732,openfacts
4770207049749,openfacts
4770207049787,openfacts
4770207049992,openfacts
4770207050165,openfacts
4770207050189,openfacts
4770207050608,openfacts
4770207050615,openfacts
4770207050622,openfacts
4770207050691,openfacts
4770207050707,openfacts
4770207050714,openfacts
4770207050721,openfacts
4770207050813,openfacts
4770207051001,openfacts
4770207051056,openfacts
4770207051094,openfacts
4770207051247,openfacts
4770207051254,openfacts
4770207051261,openfacts
4770207051421,openfacts
4770207051452,openfacts
4770207051490,openfacts
4770207052176,openfacts
4770207052183,openfacts
4770207052220,openfacts
4770207052251,openfacts
4770207052350,openfacts
4770207052435,openfacts
4770207058383,openfacts
4770209042274,openfacts
4770209042687,openfacts
4770209043516,openfacts
4770209044070,openfacts
4770209045282,openfacts
4770209045619,openfacts
4770209045688,openfacts
4770209046081,openfacts
4770209047057,openfacts
4770209047729,openfacts
4770209048641,openfacts
4770209048887,openfacts
4770209048917,openfacts
4770209048955,openfacts
4770209049037,openfacts
4770209049051,openfacts
4770209049129,openfacts
4770211224248,openfacts
4770213942126,openfacts
4770217110200,openfacts
4770217112228,openfacts
4770217112815,openfacts
4770217113034,openfacts
4770217113133,openfacts
4770217113737,openfacts
4770217113744,openfacts
4770217113768,openfacts
4770217114628,openfacts
4770217122401,openfacts
4770217222002,openfacts
4770217232612,openfacts
4770217232728,openfacts
4770217242116,openfacts
4770217310495,openfacts
4770217310525,openfacts
4770217420309,openfacts
4770217420408,openfacts
4770217420910,openfacts
4770217421627,openfacts
4770217422273,openfacts
4770217422600,openfacts
4770217422877,openfacts
4770217430896,openfacts
4770217440208,openfacts
4770217440536,openfacts
4770217442363,openfacts
4770217442448,openfacts
4770217444213,openfacts
4770221036299,openfacts
4770221042153,openfacts
4770221043587,openfacts
4770221044447,openfacts
4770221130096,openfacts
4770221164046,openfacts
4770221164114,openfacts
4770221164121,openfacts
4770221164411,openfacts
4770221164565,usda
4770221244014,openfacts
4770221360226,openfacts
4770221360479,openfacts
4770221360486,openfacts
4770221360493,openfacts
4770221360585,openfacts
4770221360820,openfacts
4770221361414,openfacts
4770221361452,openfacts
4770221361469,openfacts
4770221361520,openfacts
4770221362039,openfacts
4770221362060,openfacts
4770221362077,openfacts
4770221362114,openfacts
4770221362183,usda
4770221362282,openfacts
4770221362343,openfacts
4770231191100,openfacts
4770231191117,openfacts
4770231191131,openfacts
4770231191155,openfacts
4770231191193,openfacts
4770237041065,openfacts
4770237041072,openfacts
4770237041089,openfacts
4770237041140,openfacts
4770237041157,openfacts
4770237042130,openfacts
4770237042437,openfacts
4770237042444,openfacts
4770237042475,openfacts
4770237043090,openfacts
4770237043106,openfacts
4770237043182,openfacts
4770237043298,openfacts
4770237043328,openfacts
4770237043335,openfacts
4770237043342,item_master
4770237043359,item_master
4770237043366,item_master
4770237043519,openfacts
4770237043557,item_master
4770237043564,openfacts
4770237043595,openfacts
4770237043687,item_master
4770237043700,openfacts
4770237043724,openfacts
4770237043786,openfacts
4770237043793,openfacts
4770237044011,openfacts
4770237044103,openfacts
4770237044127,openfacts
4770237045018,openfacts
4770237045025,openfacts
4770237045049,openfacts
4770237046015,openfacts
4770237046039,openfacts
4770237048088,openfacts
4770237049146,openfacts
4770237049313,openfacts
4770237049443,openfacts
4770237049450,openfacts
4770237049719,openfacts
4770237050135,openfacts
4770237050340,openfacts
4770237050548,openfacts
4770237050555,openfacts
4770237050562,openfacts
4770237050579,openfacts
4770237050593,openfacts
4770237050616,openfacts
4770237050630,openfacts
4770237050968,openfacts
4770237050975,openfacts
4770237051552,item_master
4770237051828,openfacts
4770237051842,openfacts
4770237052849,openfacts
4770237052955,openfacts
4770237053358,openfacts
4770237053549,openfacts
4770237054058,openfacts
4770237054065,openfacts
4770237054072,openfacts
4770237054096,openfacts
4770237054102,openfacts
4770237054164,openfacts
4770237054225,openfacts
4770237054249,openfacts
4770237054256,openfacts
4770237054836,openfacts
4770237054843,openfacts
4770237054959,openfacts
4770237055055,openfacts
4770237055086,openfacts
4770237055185,openfacts
4770237055192,openfacts
4770237055260,openfacts
4770237055277,openfacts
4770237055499,openfacts
4770237055529,openfacts
4770237055598,openfacts
4770237055802,openfacts
4770237056885,openfacts
4770237057264,openfacts
4770237057271,openfacts
4770237057301,openfacts
4770237057332,openfacts
4770237057561,openfacts
4770237057578,openfacts
4770237057585,openfacts
4770237057608,openfacts
4770237057653,openfacts
4770237058117,openfacts
4770237058148,openfacts
4770237058155,openfacts
4770237058162,openfacts
4770237058179,openfacts
4770237058186,openfacts
4770237058193,openfacts
4770237058209,openfacts
4770237058339,openfacts
4770237058346,openfacts
4770237058353,openfacts
4770237058360,openfacts
4770237058919,openfacts
4770237058957,openfacts
4770237058971,openfacts
4770237059053,openfacts
4770237059473,openfacts
4770237059510,openfacts
4770237059534,openfacts
4770237059633,openfacts
4770237059688,openfacts
4770237059695,openfacts
4770237059879,openfacts
4770237060028,openfacts
4770237060035,openfacts
4770237060349,openfacts
4770237060387,openfacts
4770237060394,openfacts
4770237060400,openfacts
4770237060417,openfacts
4770237060424,openfacts
4770237060608,openfacts
4770237060691,openfacts
4770237060752,openfacts
4770237060844,openfacts
4770237060851,openfacts
4770237060981,openfacts
4770245042597,openfacts
4770245043556,openfacts
4770245043587,openfacts
4770245043594,openfacts
4770245044287,openfacts
4770245044386,openfacts
4770245045178,openfacts
4770245045406,openfacts
4770245045420,openfacts
4770245045789,openfacts
4770245045802,usda
4770245046458,openfacts
4770245046502,openfacts
4770245049046,openfacts
4770245049220,openfacts
4770245049237,openfacts
4770245049312,openfacts
4770245049367,openfacts
4770245049442,openfacts
4770245050134,openfacts
4770245150360,openfacts
4770245150407,openfacts
4770245150414,openfacts
4770245150667,openfacts
4770245150674,openfacts
4770245150698,openfacts
4770245150780,openfacts
4770245150797,openfacts
4770245150933,openfacts
4770245151077,openfacts
4770245151114,openfacts
4770245151121,openfacts
4770245151282,openfacts
4770245151312,openfacts
4770245151442,openfacts
4770245151459,openfacts
4770245151688,openfacts
4770245151695,openfacts
4770245151701,openfacts
4770245151800,openfacts
4770245151817,openfacts
4770245151848,openfacts
4770245151862,openfacts
4770245151879,openfacts
4770245151954,openfacts
4770245151992,openfacts
4770250175013,openfacts
4770250175037,openfacts
4770250175051,openfacts
4770250175105,openfacts
4770250200043,openfacts
4770258023002,openfacts
4770265000027,openfacts
4770265000133,item_master
4770265000140,item_master
4770265000157,item_master
4770265000355,openfacts
4770265000553,openfacts
4770265041242,openfacts
4770265041259,openfacts
4770265041310,openfacts
4770265041389,openfacts
4770265041426,openfacts
4770265041433,openfacts
4770265041464,openfacts
4770265041532,openfacts
4770265042195,openfacts
4770265042775,openfacts
4770265042911,openfacts
4770265043598,openfacts
4770265043987,openfacts
4770265043994,openfacts
4770265044007,openfacts
4770265044014,openfacts
4770265044175,openfacts
4770265044182,openfacts
4770265044250,openfacts
4770265045271,openfacts
4770265046414,openfacts
4770265046643,item_master
4770265046650,item_master
4770265046667,item_master
4770265046674,openfacts
4770265046681,openfacts
4770265046698,openfacts
4770265047206,openfacts
4770265047404,openfacts
4770265047442,openfacts
4770265048043,openfacts
4770265048050,openfacts
4770265048098,openfacts
4770265048333,openfacts
4770265048418,openfacts
4770265048463,openfacts
4770265048524,openfacts
4770265048531,openfacts
4770265048555,openfacts
4770265048562,openfacts
4770265049217,openfacts
4770265050039,openfacts
4770265050244,openfacts
4770265050565,openfacts
4770265050725,openfacts
4770265211041,openfacts
4770265211072,openfacts
4770265211447,openfacts
4770265211584,openfacts
4770265211591,openfacts
4770265211638,openfacts
4770265211652,openfacts
4770265211720,openfacts
4770265211737,openfacts
4770265211911,openfacts
4770265211928,openfacts
4770265211935,openfacts
4770265211942,openfacts
4770265211966,openfacts
4770265212000,openfacts
4770265212062,openfacts
4770265212079,openfacts
4770265212086,openfacts
4770265212307,openfacts
4770265212321,openfacts
4770265212345,openfacts
4770265212352,openfacts
4770265212666,openfacts
4770265212680,openfacts
4770265212734,openfacts
4770265212772,openfacts
4770265212789,item_master
4770265213137,openfacts
4770265213199,openfacts
4770265213205,openfacts
4770265213212,openfacts
4770265213236,openfacts
4770265213311,openfacts
4770265213908,openfacts
4770265213915,openfacts
4770265213939,openfacts
4770265213953,openfacts
4770265213977,openfacts
4770265214028,openfacts
4770265214042,openfacts
4770265214165,openfacts
4770265214172,openfacts
4770265214189,openfacts
4770265214196,openfacts
4770265214202,openfacts
4770265214264,openfacts
4770265214318,openfacts
4770265214370,openfacts
4770265214400,openfacts
4770265214417,openfacts
4770265214783,openfacts
4770265214806,openfacts
4770265214813,openfacts
4770265214868,openfacts
4770265214943,openfacts
4770265215094,openfacts
4770265215216,openfacts
4770265215223,openfacts
4770265215278,openfacts
4770265215285,openfacts
4770265215292,openfacts
4770265215308,openfacts
4770265215315,openfacts
4770265215322,openfacts
4770265215346,openfacts
4770265215377,openfacts
4770265215568,openfacts
4770265215650,openfacts
4770265215667,openfacts
4770265215674,openfacts
4770265215681,openfacts
4770265215780,openfacts
4770265215803,openfacts
4770265216053,openfacts
4770265216121,openfacts
4770265216138,openfacts
4770265217470,openfacts
4770265217487,openfacts
4770265217494,openfacts
4770265217500,openfacts
4770265217517,openfacts
4770265217715,item_master
4770265217739,item_master
4770265217746,item_master
4770265218279,openfacts
4770265218323,openfacts
4770265218446,openfacts
4770265218989,openfacts
4770265219108,openfacts
4770265219122,openfacts
4770265219146,openfacts
4770265219221,openfacts
4770265219238,openfacts
4770265219245,openfacts
4770265219320,openfacts
4770265219351,openfacts
4770265219368,openfacts
4770265219375,openfacts
4770265219535,openfacts
4770265219580,openfacts
4770265219597,openfacts
4770265219603,openfacts
4770265219634,openfacts
4770265219641,item_master
4770265219658,openfacts
4770265219696,openfacts
4770265219757,openfacts
4770265219795,openfacts
4770265219818,openfacts
4770265219849,openfacts
4770265219887,openfacts
4770265219894,openfacts
4770265219900,openfacts
4770265219917,openfacts
4770265219924,openfacts
4770265219955,openfacts
4770265220319,openfacts
4770265220371,openfacts
4770265220524,openfacts
4770265220739,openfacts
4770265220746,openfacts
4770265220753,openfacts
4770265220814,openfacts
4770265220845,openfacts
4770265220852,openfacts
4770265220937,openfacts
4770265220968,openfacts
4770265221118,openfacts
4770265221163,openfacts
4770265221194,openfacts
4770265221217,openfacts
4770265221224,openfacts
4770265221231,openfacts
4770265221255,openfacts
4770265221262,openfacts
4770265221279,openfacts
4770265221286,openfacts
4770265221385,openfacts
4770266127853,openfacts
4770266129529,usda
4770266129550,openfacts
4770266129567,openfacts
4770266129574,openfacts
4770266129581,openfacts
4770266129598,openfacts
4770266129604,openfacts
4770266129680,openfacts
4770266129819,openfacts
4770266130174,openfacts
4770266130211,openfacts
4770266185716,openfacts
4770266185723,openfacts
4770266186126,openfacts
4770266186256,openfacts
4770266186348,openfacts
4770266186683,openfacts
4770266186737,openfacts
4770266186997,usda
4770266187024,openfacts
4770266187116,openfacts
4770266187130,openfacts
4770266187376,openfacts
4770266187383,openfacts
4770266187390,openfacts
4770266187826,openfacts
4770266188243,openfacts
4770266188250,openfacts
4770266188311,openfacts
4770266188496,openfacts
4770266188533,openfacts
4770266188656,openfacts
4770266189004,openfacts
4770266189066,openfacts
4770266189219,openfacts
4770266189431,openfacts
4770266189561,openfacts
4770266189578,openfacts
4770266189684,openfacts
4770266189691,openfacts
4770266189707,openfacts
4770266189738,openfacts
4770266189745,openfacts
4770266189950,openfacts
4770266189967,openfacts
4770266189974,openfacts
4770266190161,openfacts
4770266190277,openfacts
4770266495723,openfacts
4770269041019,openfacts
4770269041040,openfacts
4770269041279,openfacts
4770269041347,openfacts
4770274193024,openfacts
4770274193062,openfacts
4770274193604,openfacts
4770274483460,openfacts
4770274483477,openfacts
4770274483989,openfacts
4770274485105,openfacts
4770274485129,openfacts
4770274485341,openfacts
4770274485358,openfacts
4770274485402,openfacts
4770274485914,openfacts
4770274486461,openfacts
4770274486676,openfacts
4770274487390,openfacts
4770275041423,openfacts
4770275043571,openfacts
4770275043748,openfacts
4770275043786,openfacts
4770275043830,item_master
4770275043960,openfacts
4770275043984,openfacts
4770275044097,openfacts
4770275045216,openfacts
4770275045339,openfacts
4770275045353,openfacts
4770275047494,openfacts
4770275047500,openfacts
4770275047531,openfacts
4770275047548,openfacts
4770275047562,openfacts
4770275047609,openfacts
4770275047661,openfacts
4770275047685,openfacts
4770275047692,openfacts
4770275047708,openfacts
4770275047715,item_master
4770275047722,openfacts
4770275047739,item_master
4770275047746,item_master
4770275047784,item_master
4770275047807,openfacts
4770275047951,openfacts
4770275047975,openfacts
4770275047999,openfacts
4770275048019,openfacts
4770275048040,openfacts
4770275048231,openfacts
4770275048262,openfacts
4770275048279,openfacts
4770275048354,openfacts
4770275048569,openfacts
4770275048590,openfacts
4770275048675,openfacts
4770275048705,openfacts
4770275048897,openfacts
4770275048910,openfacts
4770275049306,openfacts
4770275049597,openfacts
4770275049603,openfacts
4770275049931,openfacts
4770275049948,openfacts
4770275049955,openfacts
4770275050043,openfacts
4770275050050,openfacts
4770275050067,openfacts
4770275050081,openfacts
4770275050319,openfacts
4770275050739,openfacts
4770275050746,openfacts
4770275050838,openfacts
4770275050913,openfacts
4770275051071,openfacts
4770275051095,openfacts
4770275051101,openfacts
4770275051170,openfacts
4770275051187,openfacts
4770275051194,openfacts
4770275051347,openfacts
4770276200195,openfacts
4770276200249,openfacts
4770276200294,openfacts
4770276200348,openfacts
4770276200904,openfacts
4770276201406,openfacts
4770276201451,openfacts
4770276202182,openfacts
4770276202199,openfacts
4770276202205,openfacts
4770276202212,openfacts
4770276202229,openfacts
4770276202267,openfacts
4770276202274,openfacts
4770276202281,openfacts
4770276202304,openfacts
4770276202380,openfacts
4770276202656,openfacts
4770285213094,openfacts
4770285214404,openfacts
4770291211077,openfacts
4770291211084,openfacts
4770296226434,openfacts
4770296227264,openfacts
4770296227295,openfacts
4770296227318,openfacts
4770296227356,openfacts
4770296227363,openfacts
4770296227424,openfacts
4770296227509,openfacts
4770296227806,openfacts
4770296227943,openfacts
4770296227950,openfacts
4770296227967,openfacts
4770296228469,openfacts
4770296228636,openfacts
4770296228643,openfacts
4770296229589,openfacts
4770296229602,openfacts
4770296229732,openfacts
4770296229954,openfacts
4770296230172,openfacts
4770296230196,openfacts
4770296230226,openfacts
4770296230233,openfacts
4770296230554,openfacts
4770296230622,openfacts
4770296230660,openfacts
4770296230868,openfacts
4770296230974,openfacts
4770299001106,openfacts
4770299041195,openfacts
4770299041362,openfacts
4770299042017,openfacts
4770299042031,openfacts
4770299042086,openfacts
4770299042130,openfacts
4770299042192,openfacts
4770299042222,openfacts
4770299042246,openfacts
4770299042703,openfacts
4770299043069,openfacts
4770299043168,openfacts
4770299043175,openfacts
4770299043205,openfacts
4770299043236,openfacts
4770299043243,openfacts
4770299043397,item_master
4770299045100,openfacts
4770299045186,openfacts
4770299046152,openfacts
4770299046213,openfacts
4770299046299,openfacts
4770299046381,openfacts
4770299046398,openfacts
4770299046619,openfacts
4770299046756,openfacts
4770299046961,openfacts
4770299046978,openfacts
4770299047135,openfacts
4770299047180,openfacts
4770299047456,openfacts
4770299047463,openfacts
4770299047876,usda
4770299047883,openfacts
4770299047890,openfacts
4770299390255,openfacts
4770299390569,openfacts
4770299390576,openfacts
4770299390583,openfacts
4770299390606,openfacts
4770299390873,openfacts
4770299391085,openfacts
4770299391122,openfacts
4770299391412,openfacts
4770299391610,item_master
4770299392204,openfacts
4770299392211,openfacts
4770299392259,openfacts
4770299392556,openfacts
4770299392761,openfacts
4770299392952,openfacts
4770299392990,openfacts
4770299393089,item_master
4770299393355,openfacts
4770299393409,openfacts
4770299393829,openfacts
4770299393836,openfacts
4770299393881,openfacts
4770299394147,openfacts
4770299394277,openfacts
4770299394321,openfacts
4770299394574,openfacts
4770299394680,openfacts
4770299394697,openfacts
4770299394703,openfacts
4770299394789,openfacts
4770299395038,openfacts
4770299395090,openfacts
4770299395588,openfacts
4770299395595,openfacts
4770299395663,openfacts
4770299395670,openfacts
4770299395687,openfacts
4770299395748,openfacts
4770299395946,openfacts
4770299395977,openfacts
4770299395984,openfacts
4770299396578,openfacts
4770299396806,openfacts
4770299396875,item_master
4770299396899,item_master
4770299397032,openfacts
4770299397049,openfacts
4770299397100,openfacts
4770299397278,openfacts
4770299397285,openfacts
4770299397315,openfacts
4770299397339,openfacts
4770299397735,openfacts
4770299397742,openfacts
4770299397773,openfacts
4770299397780,openfacts
4770299397889,openfacts
4770299397926,openfacts
4770299398084,openfacts
4770299398145,openfacts
4770299398152,openfacts
4770299398169,openfacts
4770299398176,openfacts
4770299398206,openfacts
4770299398329,openfacts
4770299398336,openfacts
4770299398350,openfacts
4770299398381,openfacts
4770299398701,openfacts
4770299398824,openfacts
4770299399227,openfacts
4770299399753,openfacts
4770299400336,openfacts
4770299400343,openfacts
4770299400350,openfacts
4770299400572,openfacts
4770299400626,openfacts
4770299400633,openfacts
4770299400732,openfacts
4770299400749,openfacts
4770299400756,openfacts
4770299400770,openfacts
4770299400794,openfacts
4770299401012,openfacts
4770299401104,openfacts
4770299401111,openfacts
4770299401135,openfacts
4770299401159,openfacts
4770299401357,openfacts
4770299401548,openfacts
4770299401555,openfacts
4770299401593,openfacts
4770299401623,openfacts
4770299401746,openfacts
4770299401883,openfacts
4770299401951,openfacts
4770299401968,openfacts
4770299401982,openfacts
4770299402026,openfacts
4770299402033,openfacts
4770299402040,openfacts
4770299402057,openfacts
4770299402064,openfacts
4770299402071,openfacts
4770299402088,openfacts
4770299402095,openfacts
4770299402101,openfacts
4770299402118,openfacts
4770299402262,openfacts
4770299402460,openfacts
4770299402477,openfacts
4770299402484,openfacts
4770299402507,openfacts
4770299402569,openfacts
4770299402583,openfacts
4770299402606,openfacts
4770299402620,openfacts
4770299402651,openfacts
4770299402675,openfacts
4770299402712,openfacts
4770299402736,openfacts
4770299402859,openfacts
4770299402910,openfacts
4770299402996,openfacts
4770299403054,openfacts
4770299403214,openfacts
4770299403238,openfacts
4770299403252,openfacts
4770299403375,openfacts
4770299403696,openfacts
4770299403795,openfacts
4770299403849,openfacts
4770299403863,openfacts
4770299403870,openfacts
4770299403917,openfacts
4770299403931,openfacts
4770299403979,openfacts
4770299404006,openfacts
4770299404136,openfacts
4770299404532,openfacts
4770299404556,openfacts
4770299404693,openfacts
4770299404716,openfacts
4770299404723,openfacts
4770299404808,openfacts
4770299404839,openfacts
4770299404846,openfacts
4770299404877,openfacts
4770299405034,openfacts
4770299405478,openfacts
4770299405485,openfacts
4770299405492,openfacts
4770299406239,openfacts
4770301225766,openfacts
4770301226916,openfacts
4770301226923,openfacts
4770301227135,openfacts
4770301227654,openfacts
4770301228989,openfacts
4770301228996,openfacts
4770301229009,openfacts
4770301229108,openfacts
4770301229139,openfacts
4770301229153,openfacts
4770301229160,openfacts
4770301229177,openfacts
4770301229597,usda
4770301229603,openfacts
4770301229610,openfacts
4770301229658,openfacts
4770301229740,openfacts
4770301229757,openfacts
4770301229856,openfacts
4770301229917,openfacts
4770301230005,openfacts
4770301230012,openfacts
4770301230043,openfacts
4770301230159,openfacts
4770301230340,openfacts
4770301230708,openfacts
4770301230777,openfacts
4770301230784,openfacts
4770301230821,openfacts
4770301230838,openfacts
4770301230890,openfacts
4770301231026,openfacts
4770301231293,openfacts
4770301231378,openfacts
4770301231439,openfacts
4770301231507,openfacts
4770301231521,openfacts
4770301231590,openfacts
4770301231811,openfacts
4770301231873,openfacts
4770301232023,openfacts
4770301232054,openfacts
4770301232122,openfacts
4770301232320,openfacts
4770301232337,openfacts
4770301232405,openfacts
4770301233044,openfacts
4770301233174,openfacts
4770301233297,openfacts
4770301233396,openfacts
4770301233402,openfacts
4770301233471,openfacts
4770301233716,openfacts
4770301233877,openfacts
4770301233945,openfacts
4770301234027,openfacts
4770301234096,openfacts
4770301234461,openfacts
4770301234478,openfacts
4770301234782,openfacts
4770301234935,openfacts
4770301234973,openfacts
4770301234980,openfacts
4770301235031,openfacts
4770301235123,openfacts
4770301235291,openfacts
4770301235307,openfacts
4770301235376,openfacts
4770301235468,openfacts
4770301235475,openfacts
4770301236151,openfacts
4770301236281,openfacts
4770301236410,openfacts
4770301236571,openfacts
4770301236588,openfacts
4770301236649,openfacts
4770301236755,openfacts
4770301236786,openfacts
4770301236809,openfacts
4770301236816,openfacts
4770301236885,openfacts
4770301237011,openfacts
4770301237073,openfacts
4770301237080,openfacts
4770301237097,openfacts
4770301237110,openfacts
4770301237165,openfacts
4770301237172,openfacts
4770301237219,openfacts
4770301237325,openfacts
4770301237332,openfacts
4770301237370,openfacts
4770301237400,openfacts
4770301237417,openfacts
4770301237431,openfacts
4770301237455,openfacts
4770301237462,openfacts
4770301237486,openfacts
4770301237509,openfacts
4770301237578,openfacts
4770301237585,openfacts
4770301237622,openfacts
4770301237639,openfacts
4770301237714,openfacts
4770301237776,openfacts
4770301237820,openfacts
4770301237837,openfacts
4770301238131,openfacts
4770301238193,openfacts
4770301238209,openfacts
4770301238223,openfacts
4770301238230,openfacts
4770301238247,openfacts
4770301238278,openfacts
4770301238384,openfacts
4770301238391,openfacts
4770301238650,openfacts
4770301238964,openfacts
4770301238971,openfacts
4770301239190,openfacts
4770301239251,openfacts
4770301239268,openfacts
4770304307216,openfacts
4770305042048,openfacts
4770308165249,openfacts
4770308165270,openfacts
4770308200346,openfacts
4770308200353,openfacts
4770321135120,openfacts
4770321136127,openfacts
4770321141121,openfacts
4770321251042,openfacts
4770321331218,openfacts
4770321347158,openfacts
4770321347295,openfacts
4770321354156,openfacts
4770321354231,openfacts
4770321355153,openfacts
4770321377155,openfacts
4770321382135,openfacts
4770321390154,openfacts
4770321391151,openfacts
4770321397139,openfacts
4770321409887,openfacts
4770321410012,openfacts
4770321410067,openfacts
4770321410081,openfacts
4770321410128,openfacts
4770321410616,openfacts
4770321411286,openfacts
4770321501437,openfacts
4770321606897,openfacts
4770321609898,openfacts
4770321811130,openfacts
4770321813134,openfacts
4770321841137,openfacts
4770323666363,openfacts
4770324001118,openfacts
4770324009985,openfacts
4770324250868,openfacts
4770334841766,openfacts
4770337046021,openfacts
4770337046069,openfacts
4770337046113,item_master
4770337046120,item_master
4770337046137,item_master
4770337046144,item_master
4770337046397,usda
4770337046427,openfacts
4770337046441,openfacts
4770337046519,openfacts
4770337046533,openfacts
4770337046557,openfacts
4770337046649,openfacts
4770337046670,item_master
4770337046717,openfacts
4770337046748,openfacts
4770337047035,usda
4770337047509,openfacts
4770337047585,openfacts
4770337048230,openfacts
4770337048254,openfacts
4770337048339,openfacts
4770337048353,openfacts
4770337048766,openfacts
4770337049015,openfacts
4770337049053,openfacts
4770337049077,openfacts
4770337049091,openfacts
4770337049381,openfacts
4770337049527,openfacts
4770339383209,openfacts
4770349223557,openfacts
4770349223700,openfacts
4770349224073,openfacts
4770349224080,openfacts
4770349225179,openfacts
4770349225254,openfacts
4770349226435,openfacts
4770349226800,openfacts
4770349227203,openfacts
4770349227296,openfacts
4770349227302,openfacts
4770349227319,openfacts
4770349227395,openfacts
4770349227463,openfacts
4770349227470,openfacts
4770349227487,openfacts
4770349227494,openfacts
4770349227531,openfacts
4770349228293,openfacts
4770349228569,openfacts
4770349228576,openfacts
4770349228583,openfacts
4770349228743,openfacts
4770349228903,openfacts
4770349228910,openfacts
4770349229016,openfacts
4770349229047,openfacts
4770349229054,openfacts
4770349229207,openfacts
4770349229863,openfacts
4770349229948,openfacts
4770349230067,openfacts
4770349230142,openfacts
4770349230159,openfacts
4770349230180,openfacts
4770349230531,openfacts
4770349230623,openfacts
4770349230678,openfacts
4770349230777,openfacts
4770349230784,openfacts
4770349230852,openfacts
4770349230890,openfacts
4770349231217,openfacts
4770349231323,openfacts
4770349231347,openfacts
4770349231361,openfacts
4770349231378,openfacts
4770349231385,openfacts
4770349231392,openfacts
4770349231422,openfacts
4770349231439,openfacts
4770349231477,openfacts
4770349231491,openfacts
4770349231507,openfacts
4770349231514,openfacts
4770349231521,openfacts
4770349231538,openfacts
4770349231620,openfacts
4770349231637,openfacts
4770349231651,openfacts
4770349231668,openfacts
4770349231712,openfacts
4770349231903,openfacts
4770349231934,openfacts
4770349232184,openfacts
4770349232320,openfacts
4770349232337,openfacts
4770349232344,openfacts
4770349232351,openfacts
4770349232825,openfacts
4770349232849,openfacts
4770349232863,openfacts
4770349232917,openfacts
4770349232986,openfacts
4770349233006,openfacts
4770349233044,openfacts
4770349233075,openfacts
4770349233082,openfacts
4770349233112,openfacts
4770349233129,openfacts
4770349233136,openfacts
4770349233143,openfacts
4770349233150,openfacts
4770349233167,openfacts
4770349233174,openfacts
4770349233198,openfacts
4770349233211,openfacts
4770349233235,openfacts
4770349233242,openfacts
4770349233471,openfacts
4770349233495,openfacts
4770349233624,openfacts
4770349233631,openfacts
4770349233662,openfacts
4770349233679,openfacts
4770349233686,openfacts
4770349233693,openfacts
4770349233723,openfacts
4770349233730,openfacts
4770349233808,openfacts
4770349233907,openfacts
4770349233952,openfacts
4770349233990,openfacts
4770349234065,openfacts
4770349234072,openfacts
4770349234096,openfacts
4770349234157,openfacts
4770349234560,openfacts
4770349234614,openfacts
4770349234621,openfacts
4770349234638,openfacts
4770350020046,openfacts
4770350021074,openfacts
4770350022101,openfacts
4770350022507,openfacts
4770350023030,openfacts
4770350023696,openfacts
4770350023887,openfacts
4770350024655,openfacts
4770350024808,openfacts
4770350141185,openfacts
4770350141192,openfacts
4770350141215,openfacts
4770350141475,usda
4770350141499,openfacts
4770350141505,openfacts
4770350141741,openfacts
4770350141765,openfacts
4770350141789,openfacts
4770350141796,openfacts
4770350142021,openfacts
4770350142038,openfacts
4770350142120,openfacts
4770350142137,openfacts
4770350142304,openfacts
4770350142670,openfacts
4770350197939,openfacts
4770351101027,openfacts
4770351101072,openfacts
4770351101089,openfacts
4770351101195,openfacts
4770351101201,openfacts
4770351101249,openfacts
4770351101256,openfacts
4770351101287,openfacts
4770351101294,openfacts
4770351101331,openfacts
4770351101348,openfacts
4770351101355,openfacts
4770351101416,openfacts
4770351102024,openfacts
4770351102031,openfacts
4770351102048,openfacts
4770351102130,openfacts
4770351102260,openfacts
4770351102284,openfacts
4770351102352,openfacts
4770351102383,openfacts
4770351102420,openfacts
4770351102451,openfacts
4770351102468,openfacts
4770351102505,openfacts
4770351102543,openfacts
4770351102888,openfacts
4770351102901,openfacts
4770351103007,openfacts
4770351103014,openfacts
4770351103120,openfacts
4770351195255,openfacts
4770351203202,openfacts
4770351203219,openfacts
4770351203882,openfacts
4770351203998,openfacts
4770351204186,openfacts
4770351712049,openfacts
4770351712056,openfacts
4770351712070,openfacts
4770351712100,openfacts
4770351712285,openfacts
4770351712346,openfacts
4770351712414,openfacts
4770351712469,openfacts
4770351712582,openfacts
4770351712797,openfacts
4770351712803,openfacts
4770351712827,openfacts
4770351713213,openfacts
4770351713626,openfacts
4770353192306,openfacts
4770356504304,openfacts
4770369210445,openfacts
4770369210537,openfacts
4770369210544,openfacts
4770369212425,openfacts
4770369212760,openfacts
4770369212944,openfacts
4770369390345,openfacts
4770369390451,openfacts
4770369390956,openfacts
4770369391113,openfacts
4770369391342,openfacts
4770369391465,openfacts
4770369391519,openfacts
4770369392158,openfacts
4770369392356,openfacts
4770369392448,openfacts
4770369392509,openfacts
4770369392790,openfacts
4770369393636,openfacts
4770369393643,openfacts
4770369393650,openfacts
4770369394053,openfacts
4770369394060,openfacts
4770369394466,openfacts
4770369394480,openfacts
4770369394503,openfacts
4770369394558,openfacts
4770369394572,openfacts
4770369394701,openfacts
4770369396569,openfacts
4770374192057,openfacts
4770374192071,openfacts
4770374192088,openfacts
4770374192095,openfacts
4770374192101,openfacts
4770395222023,openfacts
4770395222061,openfacts
4770395222115,openfacts
4770395226724,openfacts
4770395226793,openfacts
4770395227264,openfacts
4770395227738,openfacts
4770395227769,openfacts
4770395227783,openfacts
4770395227790,openfacts
4770395228049,openfacts
4770395228483,openfacts
4770395228643,openfacts
4770395228681,openfacts
4770395228711,openfacts
4770395229244,openfacts
4770395229299,openfacts
4770395229367,openfacts
4770395229435,openfacts
4770395229459,openfacts
4770395229497,openfacts
4770395229534,openfacts
4770395229558,openfacts
4770395229572,openfacts
4770395229596,openfacts
4770395229701,openfacts
4770395229954,openfacts
4770395229961,openfacts
4770395230042,openfacts
4770395230158,openfacts
4770395230189,openfacts
4770395230202,openfacts
4770395230264,openfacts
4770395230424,openfacts
4770404742559,openfacts
4770405222029,openfacts
4770405226379,openfacts
4770405226690,openfacts
4770405226973,openfacts
4770405226980,openfacts
4770405227024,openfacts
4770405227031,openfacts
4770405227048,openfacts
4770405227079,openfacts
4770405227086,openfacts
4770405227260,openfacts
4770405227277,openfacts
4770405227956,openfacts
4770405227987,openfacts
4770405227994,openfacts
4770405228021,openfacts
4770405228281,openfacts
4770405228861,openfacts
4770405228908,openfacts
4770407302019,openfacts
4770407302026,openfacts
4770407302040,openfacts
4770407305072,openfacts
4770412006629,openfacts
4770412006834,openfacts
4770412006872,openfacts
4770412080025,openfacts
4770412080186,openfacts
4770412080193,openfacts
4770412080209,openfacts
4770412080216,openfacts
4770412080247,openfacts
4770412090239,openfacts
4770412090314,openfacts
4770412090543,openfacts
4770412090598,openfacts
4770412090772,openfacts
4770412090963,openfacts
4770412090987,openfacts
4770412091038,openfacts
4770412091045,openfacts
4770412091137,openfacts
4770412091168,openfacts
4770412091311,openfacts
4770412092080,openfacts
4770412092127,openfacts
4770412092134,openfacts
4770412092141,openfacts
4770412092158,openfacts
4770412092172,openfacts
4770412092660,openfacts
4770412092950,openfacts
4770412093452,openfacts
4770412093735,openfacts
4770412093841,openfacts
4770412093995,openfacts
4770412094008,openfacts
4770412094312,openfacts
4770412094664,openfacts
4770412095098,openfacts
4770412095531,openfacts
4770412100082,openfacts
4770416342341,openfacts
4770423011056,openfacts
4770430112098,openfacts
4770432200311,openfacts
4770432200526,openfacts
4770432200953,openfacts
4770432201066,openfacts
4770442263825,openfacts
4770452193099,openfacts
4770452195154,openfacts
4770452195918,openfacts
4770452196014,openfacts
4770452197196,openfacts
4770452197288,openfacts
4770452197400,openfacts
4770452197844,openfacts
4770457191045,openfacts
4770457191052,openfacts
4770457191090,openfacts
4770457191908,openfacts
4770457192042,openfacts
4770457192134,openfacts
4770457192141,openfacts
4770457195647,openfacts
4770457195685,item_master
4770457195692,item_master
4770457196446,openfacts
4770457196989,openfacts
4770457197542,openfacts
4770457197764,openfacts
4770457198129,openfacts
4770457198297,openfacts
4770457198365,openfacts
4770459239295,openfacts
4770459239721,openfacts
4770471046390,openfacts
4770471046406,openfacts
4770471046420,openfacts
4770471046581,openfacts
4770471046659,openfacts
4770471046673,openfacts
4770471046680,openfacts
4770471046697,openfacts
4770471046710,openfacts
4770471046734,openfacts
4770471046741,openfacts
4770471046819,openfacts
4770471046932,openfacts
4770471046949,openfacts
4770471047021,openfacts
4770471047106,openfacts
4770471047113,openfacts
4770471047137,openfacts
4770471047151,openfacts
4770471047502,openfacts
4770471047519,openfacts
4770471047533,openfacts
4770471047540,openfacts
4770471047571,openfacts
4770471047939,openfacts
4770475301372,item_master
4770477224501,openfacts
4770477226437,openfacts
4770477226444,openfacts
4770477226567,openfacts
4770477226833,openfacts
4770477227540,openfacts
4770477227564,openfacts
4770477227571,openfacts
4770477227588,openfacts
4770477227595,openfacts
4770477227700,openfacts
4770477227755,openfacts
4770477227762,openfacts
4770477227779,openfacts
4770477227786,openfacts
4770477227809,openfacts
4770477227830,openfacts
4770477227922,openfacts
4770477227939,openfacts
4770477228097,openfacts
4770477228110,openfacts
4770477228820,openfacts
4770477228875,openfacts
4770477229261,openfacts
4770477229285,openfacts
4770477229322,openfacts
4770477229339,openfacts
4770477229377,openfacts
4770477229551,openfacts
4770477229568,openfacts
4770477229575,openfacts
4770477229582,openfacts
4770477229605,openfacts
4770477229650,openfacts
4770477229704,openfacts
4770477229957,openfacts
4770477229971,openfacts
4770477230007,openfacts
4770477230052,openfacts
4770477230076,openfacts
4770477230199,openfacts
4770477230205,openfacts
4770477230427,openfacts
4770477230618,openfacts
4770477230663,openfacts
4770477230687,openfacts
4770477230694,openfacts
4770477231059,openfacts
4770477231110,openfacts
4770477231165,openfacts
4770477231240,openfacts
4770477231288,openfacts
4770477231349,openfacts
4770477231363,openfacts
4770477231370,openfacts
4770477231462,openfacts
4770477231493,openfacts
4770477231516,openfacts
4770477231523,openfacts
4770477231530,openfacts
4770477231547,openfacts
4770477231561,openfacts
4770477231585,openfacts
4770477231608,openfacts
4770477231615,openfacts
4770477231622,openfacts
4770477231639,openfacts
4770477231646,openfacts
4770477231653,openfacts
4770477231660,openfacts
4770477231677,openfacts
4770477231714,openfacts
4770477231738,openfacts
4770477231837,openfacts
4770477231875,openfacts
4770477232032,openfacts
4770477232049,openfacts
4770477232186,openfacts
4770477232230,openfacts
4770477232414,openfacts
4770477232421,openfacts
4770477232568,openfacts
4770477232575,openfacts
4770477232599,openfacts
4770477232605,openfacts
4770477232612,openfacts
4770477232643,openfacts
4770477232650,openfacts
4770477232667,openfacts
4770477232803,openfacts
4770477232810,openfacts
4770477232988,openfacts
4770477233077,openfacts
4770477233152,openfacts
4770477233176,openfacts
4770477233312,openfacts
4770477233343,openfacts
4770477233367,openfacts
4770477233589,openfacts
4770477233596,openfacts
4770477233602,openfacts
4770477233763,openfacts
4770477233787,openfacts
4770477233879,openfacts
4770477234265,openfacts
4770477234609,openfacts
4770480163316,openfacts
4770480163880,openfacts
4770480165297,openfacts
4770480165570,openfacts
4770480165662,openfacts
4770480166027,openfacts
4770480166201,openfacts
4770480168007,openfacts
4770480168861,openfacts
4770480169363,openfacts
4770480169615,openfacts
4770480170031,openfacts
4770486161873,openfacts
4770486162283,openfacts
4770486162290,usda
4770486162603,openfacts
4770486163419,openfacts
4770486163488,openfacts
4770486163594,openfacts
4770486163945,openfacts
4770491214076,openfacts
4770491214762,openfacts
4770491214786,openfacts
4770491214793,openfacts
4770491215028,openfacts
4770491215042,openfacts
4770491215295,openfacts
4770491216421,openfacts
4770491216544,openfacts
4770491216575,openfacts
4770491216667,openfacts
4770491216674,openfacts
4770491216681,openfacts
4770491216698,openfacts
4770491216704,openfacts
4770491216711,openfacts
4770491216728,openfacts
4770491216735,openfacts
4770491216780,openfacts
4770491216872,openfacts
4770491216902,openfacts
4770491216919,openfacts
4770491216940,openfacts
4770491216957,openfacts
4770491216964,openfacts
4770491217008,openfacts
4770491217015,openfacts
4770491217107,openfacts
4770491217114,openfacts
4770491217121,openfacts
4770491217152,openfacts
4770491217213,openfacts
4770491217268,openfacts
4770491217275,openfacts
4770491217336,openfacts
4770491217404,openfacts
4770491217435,openfacts
4770491217701,openfacts
4770491217770,openfacts
4770491218098,openfacts
4770491218388,openfacts
4770491218401,openfacts
4770491218784,openfacts
4770491218951,openfacts
4770495350732,openfacts
4770495351760,openfacts
4770500200861,openfacts
4770500200908,openfacts
4770500200915,openfacts
4770500201103,openfacts
4770500201127,openfacts
4770500211898,openfacts
4770500212727,openfacts
4770502172203,openfacts
4770513113608,openfacts
4770513114285,openfacts
4770513114711,openfacts
4770513114827,openfacts
4770513115121,openfacts
4770513115138,openfacts
4770513115466,openfacts
4770513117132,openfacts
4770513117682,openfacts
4770513119044,openfacts
4770513119327,openfacts
4770513119471,openfacts
4770513120002,openfacts
4770513120019,openfacts
4770513120026,openfacts
4770513121450,openfacts
4770513121481,openfacts
4770513121696,openfacts
4770513121719,openfacts
4770513124536,openfacts
4770513124628,openfacts
4770513124635,openfacts
4770513124642,openfacts
4770513125069,openfacts
4770513125076,openfacts
4770513125090,openfacts
4770513125113,openfacts
4770513125120,openfacts
4770513125151,openfacts
4770513125212,openfacts
4770513125571,openfacts
4770513125601,openfacts
4770513125618,openfacts
4770513125625,openfacts
4770513125649,openfacts
4770513125656,openfacts
4770513125663,openfacts
4770513125984,openfacts
4770513126479,openfacts
4770513126516,openfacts
4770513126615,openfacts
4770513126622,openfacts
4770513126639,openfacts
4770513126646,openfacts
4770513126653,openfacts
4770513126677,openfacts
4770513126868,openfacts
4770513127216,openfacts
4770513127223,openfacts
4770513127292,openfacts
4770513127308,openfacts
4770513127315,openfacts
4770513127353,openfacts
4770513127377,openfacts
4770513127414,openfacts
4770513127421,openfacts
4770513127636,openfacts
4770513127704,openfacts
4770513127728,openfacts
4770513127858,openfacts
4770513129333,openfacts
4770513129395,openfacts
4770513129838,openfacts
4770513129845,openfacts
4770513129852,openfacts
4770513129869,openfacts
4770513129876,openfacts
4770513130179,openfacts
4770513130452,openfacts
4770513130582,openfacts
4770513130698,openfacts
4770513130735,openfacts
4770513130988,openfacts
4770513130995,openfacts
4770513131190,openfacts
4770513131244,openfacts
4770513131305,openfacts
4770513131404,openfacts
4770513131435,openfacts
4770513131442,openfacts
4770513131886,openfacts
4770513131893,openfacts
4770513131916,openfacts
4770513131992,openfacts
4770533146181,openfacts
4770535000535,openfacts
4770535000559,openfacts
4770535046069,openfacts
4770535046090,openfacts
4770535047066,openfacts
4770535047516,usda
4770535047547,usda
4770535047738,openfacts
4770535047745,openfacts
4770535047769,openfacts
4770535048018,usda
4770535048063,openfacts
4770535048377,openfacts
4770535048858,openfacts
4770535048865,openfacts
4770535048872,openfacts
4770535048889,openfacts
4770536191249,openfacts
4770537940969,openfacts
4770539342280,openfacts
4770545192022,openfacts
4770545192077,openfacts
4770545196129,openfacts
4770545197263,openfacts
4770551222713,openfacts
4770551222973,openfacts
4770551223352,openfacts
4770551224625,openfacts
4770551225202,openfacts
4770551225219,openfacts
4770551225226,openfacts
4770552340232,openfacts
4770552340980,openfacts
4770552340997,openfacts
4770552341475,openfacts
4770552341550,openfacts
4770553000005,openfacts
4770553191024,openfacts
4770556162076,openfacts
4770556192653,openfacts
4770564989993,openfacts
4770569201304,openfacts
4770569201403,openfacts
4770569203308,openfacts
4770569205104,openfacts
4770569426110,openfacts
4770569426127,openfacts
4770569427636,openfacts
4770569427674,openfacts
4770569427681,openfacts
4770569591047,openfacts
4770569591238,openfacts
4770569913009,openfacts
4770569913566,openfacts
4770569913597,openfacts
4770569913610,openfacts
4770569913627,openfacts
4770569913658,openfacts
4770569913733,openfacts
4770569913740,openfacts
4770569913856,openfacts
4770569914006,openfacts
4770569914082,openfacts
4770569914105,openfacts
4770569914389,openfacts
4770569914426,openfacts
4770569914457,openfacts
4770569914518,openfacts
4770569914525,openfacts
4770569914532,openfacts
4770569914624,openfacts
4770569914631,openfacts
4770569914648,openfacts
4770569914709,openfacts
4770569914730,openfacts
4770569914747,openfacts
4770569914952,openfacts
4770569914969,openfacts
4770569914976,openfacts
4770569915164,openfacts
4770569915270,openfacts
4770569915379,openfacts
4770569915386,openfacts
4770569915393,openfacts
4770569915423,openfacts
4770569915522,openfacts
4770569915546,openfacts
4770569915553,openfacts
4770569915584,openfacts
4770569915614,openfacts
4770569915676,openfacts
4770569915690,openfacts
4770569915706,openfacts
4770569915737,openfacts
4770569915768,openfacts
4770569915805,openfacts
4770569915867,openfacts
4770569915881,openfacts
4770569915928,openfacts
4770569915942,openfacts
4770569915966,openfacts
4770569916093,openfacts
4770569916741,openfacts
4770569917007,openfacts
4770569917014,openfacts
4770569917021,openfacts
4770569917366,openfacts
4770569917380,openfacts
4770569917403,openfacts
4770569917502,openfacts
4770576213116,openfacts
4770577201143,openfacts
4770577201327,openfacts
4770577201372,openfacts
4770577201389,openfacts
4770577213016,openfacts
4770577213047,openfacts
4770577213115,openfacts
4770577213665,openfacts
4770577229062,openfacts
4770583000211,openfacts
4770583000242,openfacts
4770583000273,openfacts
4770583000334,openfacts
4770583000358,openfacts
4770583000372,openfacts
4770583000389,openfacts
4770583000495,openfacts
4770583000518,openfacts
4770583000549,openfacts
4770583000648,openfacts
4770583000679,openfacts
4770583162179,openfacts
4770583201106,openfacts
4770583201151,openfacts
4770583201267,openfacts
4770583201335,usda
4770583201373,openfacts
4770583201410,openfacts
4770583201427,usda
4770583201588,openfacts
4770583201762,openfacts
4770583202011,openfacts
4770583205111,openfacts
4770583205135,openfacts
4770583205203,openfacts
4770583205241,openfacts
4770583205265,openfacts
4770583205517,openfacts
4770583205685,openfacts
4770583205845,openfacts
4770583205920,openfacts
4770583205937,openfacts
4770583207443,openfacts
4770583207467,openfacts
4770583207528,openfacts
4770583207894,openfacts
4770583209072,openfacts
4770583209133,openfacts
4770583209140,openfacts
4770583213031,openfacts
4770583213116,openfacts
4770583213307,openfacts
4770583213529,openfacts
4770583213550,openfacts
4770583213970,openfacts
4770583214014,openfacts
4770583214021,openfacts
4770583214038,openfacts
4770583214083,openfacts
4770583214137,openfacts
4770583214540,openfacts
4770583214663,openfacts
4770583214687,openfacts
4770583214717,openfacts
4770583214793,openfacts
4770583214953,openfacts
4770583215172,openfacts
4770583215189,openfacts
4770583215196,openfacts
4770583215240,openfacts
4770583215288,openfacts
4770583215295,openfacts
4770583215400,openfacts
4770583215806,openfacts
4770583215875,openfacts
4770583216834,openfacts
4770583216995,openfacts
4770583217220,openfacts
4770583217695,openfacts
4770583218104,openfacts
4770583218166,openfacts
4770583218173,openfacts
4770583218289,usda
4770583218302,usda
4770583218326,usda
4770583218357,openfacts
4770583218487,openfacts
4770583218708,openfacts
4770583219088,openfacts
4770583219316,openfacts
4770583219323,openfacts
4770583219668,openfacts
4770583219682,openfacts
4770583219705,usda
4770583220039,openfacts
4770583220053,openfacts
4770583220527,openfacts
4770583220664,openfacts
4770583220671,openfacts
4770583221302,openfacts
4770583221388,openfacts
4770583221395,openfacts
4770583221418,openfacts
4770583221685,openfacts
4770583221760,openfacts
4770583221807,openfacts
4770583221852,openfacts
4770583221869,openfacts
4770583221876,openfacts
4770583222156,openfacts
4770583222163,openfacts
4770583223627,openfacts
4770583223900,openfacts
4770583224297,openfacts
4770583224648,openfacts
4770583224655,openfacts
4770583224662,openfacts
4770583224709,openfacts
4770583224822,openfacts
4770583224990,openfacts
4770583226017,openfacts
4770583226024,openfacts
4770583226093,openfacts
4770583226116,openfacts
4770583226321,openfacts
4770583226345,openfacts
4770583226802,openfacts
4770583227045,openfacts
4770583227250,openfacts
4770583227373,openfacts
4770583228301,openfacts
4770583228325,openfacts
4770583228455,openfacts
4770583228608,openfacts
4770583229148,openfacts
4770583229223,openfacts
4770583229377,openfacts
4770583229568,openfacts
4770583229599,openfacts
4770583229629,openfacts
4770583229759,openfacts
4770583229834,openfacts
4770583229858,openfacts
4770583229919,openfacts
4770584071012,openfacts
4770584113033,openfacts
4770584113057,openfacts
4770584113101,openfacts
4770584113149,openfacts
4770584113248,openfacts
4770584120048,openfacts
4770584171019,openfacts
4770584944194,openfacts
4770584944200,openfacts
4770584944262,openfacts
4770586217104,openfacts
4770593221019,openfacts
4770593221026,openfacts
4770593221095,openfacts
4770593221187,openfacts
4770593221217,openfacts
4770593221224,openfacts
4770593221231,openfacts
4770593221248,openfacts
4770593221323,openfacts
4770593221361,openfacts
4770593221460,openfacts
4770593221583,openfacts
4770593221590,openfacts
4770593221637,openfacts
4770593221675,openfacts
4770593223020,openfacts
4770593223044,openfacts
4770593223051,openfacts
4770593223112,openfacts
4770593223327,openfacts
4770593223426,openfacts
4770593223433,openfacts
4770593223525,openfacts
4770593223556,openfacts
4770593223600,openfacts
4770593223679,openfacts
4770593223686,openfacts
4770593223716,openfacts
4770595229778,openfacts
4770595230194,openfacts
4770595232396,openfacts
4770596123112,openfacts
4770608239138,openfacts
4770608241414,openfacts
4770608242114,item_master
4770608242206,openfacts
4770608243197,openfacts
4770608247003,openfacts
4770608247027,openfacts
4770608247065,openfacts
4770608247089,openfacts
4770608247188,openfacts
4770608247423,openfacts
4770608247584,openfacts
4770608247607,openfacts
4770608247645,openfacts
4770608247928,openfacts
4770608249731,openfacts
4770608251871,openfacts
4770608252564,openfacts
4770608252700,openfacts
4770608253608,openfacts
4770608253738,openfacts
4770608254452,openfacts
4770608255190,openfacts
4770608255664,openfacts
4770608255886,openfacts
4770608255909,openfacts
4770608256166,openfacts
4770608257101,openfacts
4770608257170,openfacts
4770608257224,openfacts
4770608257644,openfacts
4770608257651,openfacts
4770608257897,openfacts
4770608257989,openfacts
4770608258412,openfacts
4770608258900,openfacts
4770608259570,openfacts
4770608259600,openfacts
4770608259617,openfacts
4770608259709,openfacts
4770608259747,openfacts
4770608259846,openfacts
4770608259891,openfacts
4770608259914,openfacts
4770608259952,openfacts
4770608260286,openfacts
4770608260385,openfacts
4770608260408,openfacts
4770608260446,openfacts
4770608260460,openfacts
4770608260507,openfacts
4770608260521,openfacts
4770608260569,openfacts
4770608261184,openfacts
4770608261221,openfacts
4770608261245,openfacts
4770608262044,openfacts
4770608262051,openfacts
4770608262068,openfacts
4770608262075,openfacts
4770608262235,openfacts
4770608262266,openfacts
4770608262297,openfacts
4770608262310,openfacts
4770608263225,openfacts
4770608263379,openfacts
4770608263652,openfacts
4770608263744,openfacts
4770608264406,openfacts
4770608264529,openfacts
4770608264758,openfacts
4770608264918,openfacts
4770608265113,openfacts
4770608265618,openfacts
4770608265861,openfacts
4770608265908,openfacts
4770608266028,openfacts
4770608266073,openfacts
4770608267056,openfacts
4770608267216,openfacts
4770608267360,openfacts
4770608267391,openfacts
4770608267551,openfacts
4770608267575,openfacts
4770608267599,openfacts
4770609161032,openfacts
4770609161087,openfacts
4770609161933,openfacts
4770609161988,openfacts
4770609162008,openfacts
4770609162138,openfacts
4770609162206,openfacts
4770609162251,openfacts
4770609162626,openfacts
4770609162763,openfacts
4770609162770,openfacts
4770609162831,openfacts
4770609162916,openfacts
4770609162923,openfacts
4770609162930,openfacts
4770609163005,openfacts
4770609163678,openfacts
4770609163739,openfacts
4770609164361,openfacts
4770609164408,openfacts
4770609164422,openfacts
4770609164439,openfacts
4770609165993,openfacts
4770609167140,openfacts
4770609167157,openfacts
4770609167539,openfacts
4770609167690,openfacts
4770609168024,openfacts
4770609168444,openfacts
4770609171093,openfacts
4770609171390,openfacts
4770609172540,openfacts
4770609176098,openfacts
4770609177392,openfacts
4770609178269,openfacts
4770609178870,openfacts
4770609180286,openfacts
4770609180392,openfacts
4770609180408,openfacts
4770609180415,openfacts
4770609180729,openfacts
4770609180743,openfacts
4770609180767,openfacts
4770609180842,openfacts
4770609182907,openfacts
4770609183027,openfacts
4770609183164,openfacts
4770609183218,openfacts
4770609183300,openfacts
4770609183430,openfacts
4770609183515,openfacts
4770609183836,openfacts
4770609183843,openfacts
4770609183942,openfacts
4770609184116,openfacts
4770609184154,openfacts
4770609184291,openfacts
4770609184772,openfacts
4770609184963,openfacts
4770609185182,openfacts
4770609185205,openfacts
4770609185212,openfacts
4770609186349,openfacts
4770609186639,openfacts
4770609186998,openfacts
4770609187032,openfacts
4770609187094,openfacts
4770609187179,openfacts
4770625191013,openfacts
4770625200203,openfacts
4770625200548,openfacts
4770625200593,openfacts
4770635195810,openfacts
4770635196046,openfacts
4770635196060,openfacts
4770635196114,openfacts
4770635197272,openfacts
4770635197814,openfacts
4770635197838,openfacts
4770635198224,openfacts
4770635198309,openfacts
4770635198354,openfacts
4770635198460,openfacts
4770635198828,openfacts
4770635198859,openfacts
4770635198958,openfacts
4770635198965,openfacts
4770635198996,openfacts
4770635199078,openfacts
4770635199085,openfacts
4770635199696,openfacts
4770635199702,openfacts
4770635200033,openfacts
4770635200576,openfacts
4770635200699,openfacts
4770635200705,openfacts
4770635200798,openfacts
4770635200927,openfacts
4770635201412,openfacts
4770635201474,openfacts
4770635201498,openfacts
4770635201504,openfacts
4770635201658,openfacts
4770635201771,openfacts
4770635201863,openfacts
4770635202129,openfacts
4770635202464,openfacts
4770635202600,openfacts
4770635202709,openfacts
4770635202778,openfacts
4770635202785,openfacts
4770635202792,openfacts
4770635202808,openfacts
4770635202907,openfacts
4770635202969,openfacts
4770635203010,openfacts
4770635203126,openfacts
4770635808789,openfacts
4770636240007,item_master
4770645034109,openfacts
4770645036035,openfacts
4770645036066,openfacts
4770645036134,openfacts
4770645036172,openfacts
4770645036189,openfacts
4770645036486,openfacts
4770645036585,openfacts
4770645036592,openfacts
4770645036790,openfacts
4770645036882,openfacts
4770645037056,openfacts
4770645037360,openfacts
4770645037483,openfacts
4770645037612,openfacts
4770645037674,openfacts
4770645037940,openfacts
4770645038237,openfacts
4770645038312,openfacts
4770645038435,openfacts
4770645038541,openfacts
4770645038558,openfacts
4770645038565,openfacts
4770645038572,openfacts
4770645038602,openfacts
4770645038701,openfacts
4770663404557,openfacts
4770677226022,openfacts
4770677228446,openfacts
4770677229320,openfacts
4770677229337,openfacts
4770685191077,openfacts
4770685192234,openfacts
4770685192371,openfacts
4770697196428,openfacts
4770697196435,openfacts
4770697196855,openfacts
4770697196909,openfacts
4770697196954,openfacts
4770697197173,openfacts
4770697197661,openfacts
4770697198026,openfacts
4770697198125,openfacts
4770697198576,openfacts
4770697198637,openfacts
4770698501184,openfacts
4770725461160,openfacts
4770725461207,openfacts
4770725461214,openfacts
4770725461238,openfacts
4770728193068,openfacts
4770728193433,openfacts
4770728194041,openfacts
4770728961162,openfacts
4770753982361,openfacts
4770768191857,openfacts
4770768205899,openfacts
4770773740187,openfacts
4770777000157,openfacts
4770777000188,openfacts
4770777000645,openfacts
4770777191152,openfacts
4770777191213,openfacts
4770777191244,openfacts
4770777191800,openfacts
4770777191930,openfacts
4770777191947,openfacts
4770777192128,openfacts
4770777192395,openfacts
4770777192623,openfacts
4770777192883,openfacts
4770777192906,openfacts
4770777193927,openfacts
4770777333323,openfacts
4770796191218,openfacts
4770800306393,openfacts
4770843656059,openfacts
4770855091022,openfacts
4770855091138,openfacts
4770855207010,openfacts
4770855207034,openfacts
4770855207171,openfacts
4770855207188,openfacts
4770855207195,openfacts
4770855207201,openfacts
4770855207294,openfacts
4770855207454,openfacts
4770855211277,openfacts
4770855212014,openfacts
4770855212021,openfacts
4770855212052,openfacts
4770855212199,openfacts
4770855212205,openfacts
4770855212212,openfacts
4770855212243,openfacts
4770855212267,openfacts
4770855213110,openfacts
4770855213127,openfacts
4770855213172,openfacts
4770855213226,openfacts
4770855221252,openfacts
4770855291828,openfacts
4770855291835,openfacts
4770855350365,openfacts
4770855350396,openfacts
4770855350402,openfacts
4770855350419,openfacts
4770855350761,openfacts
4770855350785,openfacts
4770855351058,openfacts
4770855351065,openfacts
4770855351218,openfacts
4770855351607,openfacts
4770875164102,openfacts
4770875164119,openfacts
4770875164270,openfacts
4770875164904,openfacts
4770875164911,openfacts
4770875164935,openfacts
4770875165055,openfacts
4770875165093,openfacts
4770875200732,openfacts
4770875200763,openfacts
4770875200909,openfacts
4770875200954,openfacts
4770875200985,openfacts
4770875200992,openfacts
4770875201012,openfacts
4770919162040,openfacts
4770919162057,openfacts
4770919162064,openfacts
4770930194495,openfacts
4770935851102,openfacts
4770944192029,openfacts
4770952000125,openfacts
4770952440747,openfacts
4770952441126,openfacts
4770952441294,openfacts
4770952441379,openfacts
4770952441744,openfacts
4770952441911,openfacts
4770952441959,openfacts
4770952441966,openfacts
4770952441997,openfacts
4770952442055,openfacts
4770952442208,openfacts
4770952442291,openfacts
4770952442345,openfacts
4770952442369,openfacts
4770952442376,openfacts
4770952442383,openfacts
4770952442420,openfacts
4770952442437,openfacts
4770952442567,openfacts
4770952442574,openfacts
4770952442581,openfacts
4770952442604,openfacts
4770952442703,openfacts
4770959420797,openfacts
4770959421701,openfacts
4770959421725,openfacts
4770959440962,openfacts
4770959441013,openfacts
4770959441198,openfacts
4770959443147,openfacts
4770961171823,openfacts
4770985001588,openfacts
4770985002042,openfacts
4770985002295,openfacts
4770985002974,openfacts
4770985003230,openfacts
4770985003339,openfacts
4770985003414,openfacts
4770985003421,openfacts
4770985003445,openfacts
4770985003452,openfacts
4770985003674,openfacts
4770985003803,openfacts
4770985003896,openfacts
4770985004459,openfacts
4771033001604,openfacts
4771033001642,openfacts
4771033007781,openfacts
4771033008344,openfacts
4771033012037,openfacts
4771033013218,openfacts
4771033013430,openfacts
4771033014376,openfacts
4771033015632,openfacts
4771033016370,openfacts
4771033018794,openfacts
4771033021992,openfacts
4771033022531,openfacts
4771033022647,openfacts
4771033023194,openfacts
4771033023675,openfacts
4771033024597,openfacts
4771033024702,openfacts
4771033025303,openfacts
4771033025891,openfacts
4771033026089,openfacts
4771033026966,openfacts
4771033027031,openfacts
4771033027048,openfacts
4771033028106,openfacts
4771033028656,openfacts
4771033029486,openfacts
4771033029967,openfacts
4771033030307,openfacts
4771033030437,openfacts
4771033030628,openfacts
4771033030826,openfacts
4771033031601,openfacts
4771033032240,openfacts
4771033032264,openfacts
4771033032363,openfacts
4771033032387,openfacts
4771033034206,openfacts
4771033034527,openfacts
4771033034589,openfacts
4771033037023,openfacts
4771033037672,openfacts
4771033038587,openfacts
4771033039393,openfacts
4771033178108,openfacts
4771033178160,openfacts
4771033471018,openfacts
4771033471100,openfacts
4771033471124,openfacts
4771033486067,openfacts
4771033486111,openfacts
4771033486302,openfacts
4771050157636,openfacts
4771050157957,openfacts
4771050158015,openfacts
4771057000256,openfacts
4771069000121,openfacts
4771069000138,openfacts
4771069000145,openfacts
4771069000206,openfacts
4771069000374,openfacts
4771069000428,openfacts
4771069000534,openfacts
4771069191065,openfacts
4771069191454,openfacts
4771069192123,openfacts
4771069192420,openfacts
4771069192697,openfacts
4771069192703,openfacts
4771069192833,openfacts
4771069192932,openfacts
4771069205014,openfacts
4771069205021,openfacts
4771085203018,openfacts
4771085203155,openfacts
4771085203964,openfacts
4771085203971,item_master
4771085203988,item_master
4771085203995,item_master
4771085204008,openfacts
4771085204015,openfacts
4771085204107,item_master
4771085204114,item_master
4771085204398,usda
4771085204428,openfacts
4771085204848,openfacts
4771085204855,openfacts
4771085204862,openfacts
4771085204909,item_master
4771085204916,item_master
4771085204923,item_master
4771085204930,item_master
4771085204947,item_master
4771085205357,openfacts
4771085205685,openfacts
4771085205777,openfacts
4771085206958,openfacts
4771085206965,openfacts
4771085206996,openfacts
4771096222824,openfacts
4771096224125,openfacts
4771096224132,openfacts
4771096224248,openfacts
4771096224262,openfacts
4771096224279,openfacts
4771096224286,openfacts
4771096224293,openfacts
4771096224316,openfacts
4771096224552,openfacts
4771096224569,openfacts
4771114855553,openfacts
4771114855577,openfacts
4771121046821,openfacts
4771132191107,openfacts
4771132196300,openfacts
4771134230743,openfacts
4771134230750,openfacts
4771134230798,openfacts
4771134230811,openfacts
4771134230828,openfacts
4771134230842,openfacts
4771134230859,openfacts
4771134230866,openfacts
4771134231030,openfacts
4771134231092,openfacts
4771134231276,openfacts
4771134231283,openfacts
4771134231290,openfacts
4771134231337,openfacts
4771134231351,openfacts
4771134231375,openfacts
4771134231399,openfacts
4771138191170,openfacts
4771138191293,openfacts
4771138192078,openfacts
4771138192108,openfacts
4771138392232,openfacts
4771138392393,openfacts
4771138393888,openfacts
4771138393901,openfacts
4771138393956,openfacts
4771138393970,openfacts
4771138394014,openfacts
4771138394717,openfacts
4771138394816,openfacts
4771138394892,openfacts
4771138394946,openfacts
4771138395103,openfacts
4771138395233,openfacts
4771138396063,openfacts
4771144831800,openfacts
4771159590372,wikidata
4771163834509,openfacts
4771173208369,openfacts
4771173208390,openfacts
4771173208512,openfacts
4771173208536,openfacts
4771173208543,openfacts
4771173208550,openfacts
4771173208758,openfacts
4771173208932,openfacts
4771173209427,openfacts
4771173209748,openfacts
4771173210034,openfacts
4771173210119,openfacts
4771173210126,openfacts
4771173210430,openfacts
4771173210751,openfacts
4771173210980,openfacts
4771173211000,openfacts
4771173211017,openfacts
4771173211093,openfacts
4771173211109,openfacts
4771173211123,openfacts
4771173211130,openfacts
4771173211178,openfacts
4771173211192,openfacts
4771173211215,openfacts
4771173211253,openfacts
4771173211260,openfacts
4771173211277,openfacts
4771173211291,openfacts
4771173211307,openfacts
4771173211314,openfacts
4771173211680,openfacts
4771173212007,openfacts
4771173212021,openfacts
4771173212328,openfacts
4771173212342,openfacts
4771173212687,openfacts
4771173212892,openfacts
4771173213370,openfacts
4771183161579,openfacts
4771183161906,openfacts
4771183162415,openfacts
4771183162668,openfacts
4771183163290,openfacts
4771183163320,openfacts
4771183164150,openfacts
4771183164464,openfacts
4771183164686,openfacts
4771183164693,openfacts
4771183166079,openfacts
4771183170298,openfacts
4771188195012,openfacts
4771188195067,openfacts
4771188195104,openfacts
4771188195128,openfacts
4771189250086,openfacts
4771218191045,openfacts
4771218191083,openfacts
4771218191113,openfacts
4771218192028,openfacts
4771218200006,openfacts
4771218200044,openfacts
4771218200068,openfacts
4771218200167,openfacts
4771218200198,openfacts
4771218200938,openfacts
4771218200945,openfacts
4771218200969,openfacts
4771218200976,openfacts
4771218200983,openfacts
4771218201225,openfacts
4771218201447,openfacts
4771218201553,openfacts
4771218201720,openfacts
4771218201744,openfacts
4771218201751,openfacts
4771218201768,openfacts
4771218202154,openfacts
4771218202185,openfacts
4771218202512,openfacts
4771218202529,openfacts
4771218202697,openfacts
4771218202734,openfacts
4771218202987,openfacts
4771218202994,openfacts
4771218203007,openfacts
4771218203298,openfacts
4771218203311,openfacts
4771218203762,openfacts
4771222192410,openfacts
4771233049109,openfacts
4771249811172,openfacts
4771249811219,openfacts
4771249811240,openfacts
4771249811257,openfacts
4771249811301,openfacts
4771249811691,openfacts
4771249811707,openfacts
4771249811844,openfacts
4771249811868,openfacts
4771249812070,openfacts
4771249812087,openfacts
4771249812773,openfacts
4771249812834,openfacts
4771249814180,openfacts
4771249814869,openfacts
4771249814944,openfacts
4771249815132,openfacts
4771249815323,openfacts
4771249815392,openfacts
4771249815477,openfacts
4771249815507,openfacts
4771249815521,openfacts
4771249815576,openfacts
4771249815712,openfacts
4771249815958,openfacts
4771249815996,openfacts
4771249816009,openfacts
4771249816054,openfacts
4771249816078,openfacts
4771249816245,openfacts
4771249816269,openfacts
4771249816924,openfacts
4771249817068,openfacts
4771249817075,openfacts
4771249817082,openfacts
4771249817150,openfacts
4771249817181,openfacts
4771249817273,openfacts
4771249817280,openfacts
4771249817624,openfacts
4771249817655,openfacts
4771249817693,openfacts
4771249817853,openfacts
4771249818263,openfacts
4771249818348,openfacts
4771249819055,openfacts
4771249819062,openfacts
4771249819802,openfacts
4771249819819,openfacts
4771249820075,openfacts
4771249820594,openfacts
4771249820648,openfacts
4771249820754,openfacts
4771249821737,openfacts
4771249822079,openfacts
4771249822109,openfacts
4771249822116,openfacts
4771249822123,openfacts
4771249822147,openfacts
4771249822215,openfacts
4771249822581,openfacts
4771249822604,openfacts
4771249823748,openfacts
4771249824042,openfacts
4771249824059,openfacts
4771249824066,openfacts
4771249824127,openfacts
4771249824738,openfacts
4771249824745,openfacts
4771249824981,openfacts
4771249825391,openfacts
4771249825407,openfacts
4771249827951,openfacts
4771249828071,openfacts
4771249828569,openfacts
4771249828583,openfacts
4771249828606,openfacts
4771249829023,openfacts
4771249829047,openfacts
4771249829184,openfacts
4771249830197,openfacts
4771249830630,openfacts
4771249830784,openfacts
4771249830807,openfacts
4771249851550,openfacts
4771295305663,openfacts
4771295305892,openfacts
4771295306639,openfacts
4771317244178,openfacts
4771317245885,openfacts
4771317245892,openfacts
4771317245908,openfacts
4771317454430,openfacts
4771317454454,openfacts
4771317454461,openfacts
4771317455253,openfacts
4771317456335,openfacts
4771317456601,openfacts
4771317456618,openfacts
4771317456632,openfacts
4771317456649,openfacts
4771317456670,openfacts
4771317456694,openfacts
4771317456731,openfacts
4771317456748,openfacts
4771317456755,openfacts
4771317456762,openfacts
4771317456779,openfacts
4771317456786,openfacts
4771317456809,openfacts
4771317456816,openfacts
4771317456823,openfacts
4771317456830,openfacts
4771317456847,openfacts
4771317456854,openfacts
4771317456861,openfacts
4771317456878,openfacts
4771317457219,openfacts
4771317457226,openfacts
4771317457233,openfacts
4771317457240,openfacts
4771317457264,openfacts
4771317457288,openfacts
4771317457295,openfacts
4771317457301,openfacts
4771317457318,openfacts
4771317457325,openfacts
4771317457332,openfacts
4771317457349,openfacts
4771317457363,openfacts
4771317457370,openfacts
4771317457394,openfacts
4771317457400,openfacts
4771317457417,openfacts
4771317457424,openfacts
4771317457431,openfacts
4771317457448,openfacts
4771317457455,openfacts
4771317457462,openfacts
4771317457486,openfacts
4771317457493,openfacts
4771317457509,openfacts
4771317457516,openfacts
4771317457523,openfacts
4771317457530,openfacts
4771317457554,openfacts
4771317457561,openfacts
4771317457943,openfacts
4771317457974,openfacts
4771317458292,openfacts
4771317458339,openfacts
4771317458346,openfacts
4771317458650,openfacts
4771317458667,openfacts
4771317458674,openfacts
4771317458742,openfacts
4771317458759,openfacts
4771317458797,openfacts
4771317458810,openfacts
4771317458827,openfacts
4771317458841,openfacts
4771317458988,openfacts
4771317459008,openfacts
4771317459626,openfacts
4771317460394,openfacts
4771317460875,openfacts
4771317460950,openfacts
4771317460967,openfacts
4771317461025,openfacts
4771317461032,openfacts
4771317461049,openfacts
4771317461056,openfacts
4771317461087,openfacts
4771317461094,openfacts
4771317461216,openfacts
4771317461223,openfacts
4771317461247,openfacts
4771317461254,openfacts
4771317461278,openfacts
4771317461292,openfacts
4771317461315,openfacts
4771317461322,openfacts
4771317461421,openfacts
4771317461438,openfacts
4771317461445,openfacts
4771317461452,openfacts
4771317461476,openfacts
4771317463807,openfacts
4771317463814,openfacts
4771317463845,openfacts
4771317463869,openfacts
4771317463890,openfacts
4771317463937,openfacts
4771317464637,openfacts
4771317464644,openfacts
4771317464651,openfacts
4771317464668,openfacts
4771317464682,openfacts
4771317464699,openfacts
4771317464705,openfacts
4771317464712,openfacts
4771317464729,openfacts
4771317464736,openfacts
4771317464743,openfacts
4771317464781,openfacts
4771317464798,openfacts
4771317466105,openfacts
4771317471338,openfacts
4771317471345,openfacts
4771317471369,openfacts
4771317471376,openfacts
4771317471390,openfacts
4771317471406,openfacts
4771317471420,openfacts
4771317471451,openfacts
4771317471468,openfacts
4771317471482,openfacts
4771317471512,openfacts
4771317471536,openfacts
4771317471550,openfacts
4771317471567,openfacts
4771317471581,openfacts
4771317471598,openfacts
4771317471611,openfacts
4771317471987,openfacts
4771317471994,openfacts
4771317472007,openfacts
4771317472014,openfacts
4771317472021,openfacts
4771317472038,openfacts
4771317472045,openfacts
4771317472052,openfacts
4771317472069,openfacts
4771317472076,openfacts
4771317472083,openfacts
4771317472281,openfacts
4771317472298,openfacts
4771317472304,openfacts
4771317472311,openfacts
4771317472328,openfacts
4771317472335,openfacts
4771317472342,openfacts
4771317472359,openfacts
4771317472366,openfacts
4771317472373,openfacts
4771317472380,openfacts
4771317472397,openfacts
4771317472403,openfacts
4771317472410,openfacts
4771317472427,openfacts
4771317472717,openfacts
4771317472724,openfacts
4771317472731,openfacts
4771317472748,openfacts
4771317472755,openfacts
4771317472762,openfacts
4771317472779,openfacts
4771317472786,openfacts
4771317472793,openfacts
4771317472847,openfacts
4771317472885,openfacts
4771317472984,openfacts
4771317473004,openfacts
4771317474391,openfacts
4771317474414,openfacts
4771317474650,openfacts
4771317474681,openfacts
4771317474704,openfacts
4771317474711,openfacts
4771317474803,openfacts
4771317474810,openfacts
4771317474834,openfacts
4771317474902,openfacts
4771317474919,openfacts
4771317474926,openfacts
4771317474933,openfacts
4771317474940,openfacts
4771317475503,openfacts
4771317475510,openfacts
4771317475541,openfacts
4771317475763,openfacts
4771317475770,openfacts
4771317475787,openfacts
4771317475794,openfacts
4771317475800,openfacts
4771317475817,openfacts
4771317475916,openfacts
4771317475923,openfacts
4771317475930,openfacts
4771317475947,openfacts
4771317475961,openfacts
4771317475985,openfacts
4771317475992,openfacts
4771317476005,openfacts
4771317476012,openfacts
4771317476227,openfacts
4771317476517,openfacts
4771317476524,openfacts
4771317476531,openfacts
4771317476548,openfacts
4771317476555,openfacts
4771317476562,openfacts
4771317476579,openfacts
4771317476586,openfacts
4771317476593,openfacts
4771317476609,openfacts
4771317478610,openfacts
4771317478627,openfacts
4771323251115,openfacts
4771323257971,openfacts
4771338138968,openfacts
4771352200757,openfacts
4771352200825,openfacts
4771352202492,openfacts
4771360191078,openfacts
4771390021970,openfacts
4771390111725,openfacts
4771390113477,openfacts
4771390114016,openfacts
4771390114498,openfacts
4771390115112,openfacts
4771390115174,openfacts
4771390115358,openfacts
4771390115624,openfacts
4771390115631,openfacts
4771390115747,openfacts
4771390115976,openfacts
4771390117864,openfacts
4771390117949,openfacts
4771390118120,openfacts
4771390118359,openfacts
4771390201921,openfacts
4771390314300,openfacts
4771395126724,openfacts
4771395190039,openfacts
4771395190183,openfacts
4771395190213,openfacts
4771395190220,openfacts
4771395190374,openfacts
4771395190381,openfacts
4771395190565,openfacts
4771395190794,openfacts
4771395190800,openfacts
4771395190831,openfacts
4771395190862,openfacts
4771395191012,openfacts
4771395191173,openfacts
4771395191258,openfacts
4771395191296,openfacts
4771395191425,openfacts
4771395191432,openfacts
4771395191494,openfacts
4771395191623,openfacts
4771395191692,openfacts
4771395191708,openfacts
4771395191722,openfacts
4771395191869,openfacts
4771395191968,openfacts
4771395191975,openfacts
4771395192231,openfacts
4771395192309,openfacts
4771395192316,openfacts
4771395192323,openfacts
4771395192330,openfacts
4771395192361,openfacts
4771395192392,openfacts
4771395192453,openfacts
4771395192484,openfacts
4771395192491,openfacts
4771395192538,openfacts
4771395192552,openfacts
4771396856750,openfacts
4771406000142,openfacts
4771459041383,openfacts
4771459041390,openfacts
4771459046487,openfacts
4771459046494,openfacts
4771459046807,openfacts
4771459047361,openfacts
4771459049181,openfacts
4771459052020,openfacts
4771459053119,openfacts
4771459056240,openfacts
4771459056448,openfacts
4771459063866,openfacts
4771459063972,openfacts
4771459065624,openfacts
4771459067505,openfacts
4771459067581,openfacts
4771459070277,openfacts
4771459071809,openfacts
4771459074930,openfacts
4771459075067,openfacts
4771459075647,openfacts
4771459077733,openfacts
4771459078297,openfacts
4771459223895,openfacts
4771459687116,openfacts
4771459688373,openfacts
4771459688793,openfacts
4771459692356,openfacts
4771459692448,openfacts
4771459693476,openfacts
4771459693735,openfacts
4771459693759,openfacts
4771459693896,openfacts
4771459693971,openfacts
4771459694176,openfacts
4771459694756,openfacts
4771459697696,openfacts
4771459699423,openfacts
4771459706428,openfacts
4771478071033,openfacts
4771478071071,openfacts
4771489191447,openfacts
4771489191454,openfacts
4771489192888,openfacts
4771489192932,openfacts
4771489194059,openfacts
4771489194158,openfacts
4771489194431,openfacts
4771489194813,openfacts
4771506000103,openfacts
4771506000561,openfacts
4771506000608,openfacts
4771506082017,openfacts
4771518193473,openfacts
4771522074232,openfacts
4771522100023,openfacts
4771535000105,openfacts
4771535000242,openfacts
4771535000716,openfacts
4771535000723,openfacts
4771535000730,openfacts
4771535001089,openfacts
4771535001096,openfacts
4771535001102,openfacts
4771535071013,openfacts
4771535071037,openfacts
4771535071099,openfacts
4771535072102,openfacts
4771535072348,openfacts
4771544220518,openfacts
4771544221997,openfacts
4771544222291,openfacts
4771544222321,openfacts
4771544222475,openfacts
4771544222758,openfacts
4771544223052,openfacts
4771544223465,openfacts
4771544223557,openfacts
4771544223618,openfacts
4771572000328,openfacts
4771577877871,openfacts
4771583300295,openfacts
4771586241038,openfacts
4771586241052,openfacts
4771586241120,openfacts
4771586241175,openfacts
4771586243247,openfacts
4771620842191,openfacts
4771632000176,openfacts
4771632000367,openfacts
4771632000374,openfacts
4771632000725,openfacts
4771632000749,openfacts
4771632000886,openfacts
4771632001005,openfacts
4771632001227,openfacts
4771632001357,openfacts
4771632001463,openfacts
4771632001524,openfacts
4771632001586,openfacts
4771632002132,openfacts
4771632002170,openfacts
4771632002224,openfacts
4771632002415,openfacts
4771632002705,openfacts
4771632003450,openfacts
4771632003573,openfacts
4771632003610,openfacts
4771632003955,openfacts
4771632003962,openfacts
4771632003993,openfacts
4771632004006,openfacts
4771632004266,openfacts
4771632004440,openfacts
4771632004792,openfacts
4771632084497,openfacts
4771632085319,openfacts
4771632085333,openfacts
4771632085401,openfacts
4771632085975,openfacts
4771632086002,openfacts
4771632086101,openfacts
4771632087450,openfacts
4771632087580,openfacts
4771632087795,openfacts
4771632087825,openfacts
4771632088112,openfacts
4771632311197,openfacts
4771632311203,openfacts
4771632311210,openfacts
4771632311944,openfacts
4771632312002,openfacts
4771632312330,openfacts
4771632312705,openfacts
4771632312712,openfacts
4771632312729,openfacts
4771632312880,openfacts
4771632312996,openfacts
4771632313238,openfacts
4771632313252,openfacts
4771632313788,openfacts
4771632314242,openfacts
4771632314303,openfacts
4771632314341,openfacts
4771632314365,openfacts
4771632314525,openfacts
4771632314693,openfacts
4771632314808,openfacts
4771632314815,openfacts
4771632314938,openfacts
4771632314952,openfacts
4771634070160,openfacts
4771634070351,openfacts
4771634070450,openfacts
4771634070528,openfacts
4771634070559,openfacts
4771634070962,openfacts
4771634071112,openfacts
4771645121967,openfacts
4771645121981,openfacts
4771645122377,openfacts
4771645221216,openfacts
4771645222381,openfacts
4771645222404,openfacts
4771645222442,openfacts
4771645222459,openfacts
4771645223135,openfacts
4771645223180,openfacts
4771645223265,openfacts
4771645223289,openfacts
4771645223432,openfacts
4771645224071,openfacts
4771648000016,openfacts
4771678952323,openfacts
4771855516539,openfacts
4771920127097,openfacts
4772012008812,openfacts
4772012008836,openfacts
4772012008843,openfacts
4772012009536,openfacts
4772012009888,openfacts
4772012010181,openfacts
4772012010204,openfacts
4772012010211,openfacts
4772012010228,openfacts
4772012011010,openfacts
4772013373377,openfacts
4772014000210,openfacts
4772014003969,openfacts
4772093000514,openfacts
4772144000470,openfacts
4772144000517,openfacts
4772273835547,openfacts
4772296231357,openfacts
4772376871671,openfacts
4772378875875,openfacts
4772584006025,openfacts
4772588954568,openfacts
4772602274214,openfacts
4772692000014,openfacts
4772744103717,openfacts
4772772219527,openfacts
4772772872852,openfacts
4772772885975,openfacts
4772778275275,openfacts
4772778856597,openfacts
4772778875871,openfacts
4772779856565,openfacts
4772779885275,openfacts
4773064000649,openfacts
4773102081043,openfacts
4773259232275,openfacts
4773293445891,openfacts
4773432181130,openfacts
4773443021265,openfacts
4773443961868,openfacts
4773631004650,openfacts
4773637364161,openfacts
4773714022373,openfacts
4773951906269,openfacts
4774078016008,openfacts
4774125372941,openfacts
4774400783004,openfacts
4774400783660,openfacts
4774404751337,openfacts
4774464013000,openfacts
4774493296610,openfacts
4774494315259,openfacts
4774494468085,openfacts
4774523002358,openfacts
4774530108951,openfacts
4774537447244,openfacts
4774570000017,item_master
4774639950673,openfacts
4774864065463,openfacts
4775259745847,openfacts
4775335606079,openfacts
4775619873173,openfacts
4775797284655,openfacts
4775851644470,openfacts
4775860031964,openfacts
4775885172000,openfacts
4775933947420,openfacts
4776402819026,openfacts
4776437634069,openfacts
4776468518048,openfacts
4776591704356,openfacts
4776595485985,openfacts
4776595593475,openfacts
4776597019539,openfacts
4776785505974,openfacts
4776985792587,openfacts
4777000005026,openfacts
4777000005095,openfacts
4777000010693,openfacts
4777000019283,openfacts
4777000025116,openfacts
4777000026885,openfacts
4777000033043,openfacts
4777100853848,openfacts
4777112114647,openfacts
4777256068585,openfacts
4777361653560,openfacts
4777473470093,openfacts
4777551654933,openfacts
4777705381906,openfacts
4777923298116,openfacts
4778000501501,openfacts
4778000501631,openfacts
4778000502126,openfacts
4778000502133,openfacts
4778000502140,openfacts
4778000502737,openfacts
4778000504052,openfacts
4778000504113,openfacts
4778000504496,openfacts
4778003300101,openfacts
4778003300637,openfacts
4778003301573,openfacts
4778003301900,openfacts
4778003301993,openfacts
4778003302334,openfacts
4778003303669,openfacts
4778003303768,openfacts
4778003304017,openfacts
4778006701738,openfacts
4778006701745,openfacts
4778006701752,openfacts
4778272595185,openfacts
4778274718506,openfacts
4778457030579,openfacts
4778517808223,openfacts
4778527959595,openfacts
4778540439531,openfacts
4778600021102,openfacts
4778600108667,openfacts
4778600236810,openfacts
4778600553740,openfacts
4778600564739,openfacts
4778600564753,openfacts
4778634006946,openfacts
4779017030152,openfacts
4779017030244,openfacts
4779017030268,openfacts
4779017030305,openfacts
4779017040496,openfacts
4779017040519,openfacts
4779017040632,openfacts
4779018490351,openfacts
4779018520102,openfacts
4779018521208,openfacts
4779018743372,openfacts
4779018743822,openfacts
4779018743846,openfacts
4779018743921,openfacts
4779018743969,openfacts
4779018744027,openfacts
4779018745536,openfacts
4779018745772,openfacts
4779018747547,openfacts
4779018748179,openfacts
4779018748544,openfacts
4779019390162,openfacts
4779019390247,openfacts
4779019390254,openfacts
4779019390407,openfacts
4779019390414,openfacts
4779019390483,openfacts
4779019390728,openfacts
4779019390841,openfacts
4779019390858,openfacts
4779019390865,openfacts
4779019390872,openfacts
4779019390889,openfacts
4779019390919,openfacts
4779019390933,openfacts
4779019390940,openfacts
4779019390957,openfacts
4779019390964,openfacts
4779019390971,openfacts
4779019390988,openfacts
4779019391299,openfacts
4779019391305,openfacts
4779019810110,openfacts
4779019810165,openfacts
4779019810295,openfacts
4779019810592,openfacts
4779019810660,openfacts
4779019990065,openfacts
4779019990263,openfacts
4779019990270,openfacts
4779019990379,openfacts
4779019990386,openfacts
4779019990430,openfacts
4779019990546,openfacts
4779019990560,openfacts
4779019990577,openfacts
4779019990652,openfacts
4779019991215,openfacts
4779019991468,openfacts
4779020040117,openfacts
4779020200375,openfacts
4779020200405,openfacts
4779020200436,openfacts
4779020200443,openfacts
4779020200726,openfacts
4779020200733,openfacts
4779020200801,openfacts
4779020201006,openfacts
4779020201082,openfacts
4779020201273,openfacts
4779020201556,openfacts
4779020201853,openfacts
4779020202287,openfacts
4779020202645,openfacts
4779020440290,openfacts
4779020440757,openfacts
4779020600113,openfacts
4779020621583,openfacts
4779020622092,openfacts
4779020820108,openfacts
4779020820115,openfacts
4779020820146,openfacts
4779020820184,openfacts
4779020820245,openfacts
4779020820269,openfacts
4779020820344,openfacts
4779020820429,openfacts
4779020820436,openfacts
4779020820443,openfacts
4779020820719,openfacts
4779020981397,openfacts
4779020983629,openfacts
4779020984954,openfacts
4779020985234,openfacts
4779020986224,openfacts
4779020986323,openfacts
4779021230265,openfacts
4779021230630,openfacts
4779021230654,openfacts
4779021230913,usda
4779021231026,openfacts
4779021231156,usda
4779021231521,openfacts
4779021231538,openfacts
4779021231637,openfacts
4779021231644,openfacts
4779021231705,openfacts
4779021231835,openfacts
4779022150302,openfacts
4779022330452,openfacts
4779022330469,openfacts
4779022430084,openfacts
4779022430114,openfacts
4779022430763,openfacts
4779022432033,openfacts
4779022484322,openfacts
4779022490118,openfacts
4779022891359,openfacts
4779022891557,openfacts
4779022891649,openfacts
4779022891656,openfacts
4779022891878,openfacts
4779022891892,openfacts
4779022892134,openfacts
4779023392206,openfacts
4779023392220,openfacts
4779023392381,openfacts
4779023392398,openfacts
4779023392404,openfacts
4779023392428,openfacts
4779023392435,openfacts
4779023399939,openfacts
4779023620545,openfacts
4779023620552,openfacts
4779023701633,openfacts
4779023971548,openfacts
4779023971685,openfacts
4779023972361,openfacts
4779023972477,openfacts
4779023972484,openfacts
4779023972491,openfacts
4779023972507,openfacts
4779023972972,openfacts
4779023972996,openfacts
4779023973092,openfacts
4779023973115,openfacts
4779024220898,openfacts
4779024790100,openfacts
4779024790384,openfacts
4779024791466,openfacts
4779024792364,openfacts
4779024792821,openfacts
4779024792913,openfacts
4779024792920,openfacts
4779024792937,openfacts
4779024793101,openfacts
4779024793125,openfacts
4779024793439,openfacts
4779024793699,openfacts
4779024793842,openfacts
4779024794566,openfacts
4779024794573,openfacts
4779024794580,openfacts
4779024794634,openfacts
4779024794689,openfacts
4779024794771,openfacts
4779024795006,openfacts
4779024795013,openfacts
4779024795211,openfacts
4779024795228,openfacts
4779024795235,openfacts
4779024795266,openfacts
4779024795310,openfacts
4779024795372,openfacts
4779024795648,openfacts
4779024795662,openfacts
4779024795679,openfacts
4779024795686,openfacts
4779024795693,openfacts
4779024795709,openfacts
4779024891661,openfacts
4779024980112,openfacts
4779024980969,openfacts
4779024980976,openfacts
4779024981034,openfacts
4779024981461,openfacts
4779025021661,openfacts
4779025021685,openfacts
4779025170116,openfacts
4779025490177,openfacts
4779025690331,openfacts
4779025690386,openfacts
4779025690690,openfacts
4779025690706,openfacts
4779025691062,openfacts
4779026841053,openfacts
4779026841077,openfacts
4779026880151,openfacts
4779026880168,openfacts
4779026880359,openfacts
4779026911701,openfacts
4779026912968,openfacts
4779026913019,openfacts
4779026913095,openfacts
4779026980127,openfacts
4779026980134,openfacts
4779027040721,openfacts
4779027040783,openfacts
4779027040899,openfacts
4779027040905,openfacts
4779027041063,openfacts
4779027041162,openfacts
4779027041292,openfacts
4779027041537,openfacts
4779027041605,openfacts
4779027041650,openfacts
4779027041698,openfacts
4779027041704,openfacts
4779027060224,openfacts
4779027060279,openfacts
4779027061139,openfacts
4779027061887,openfacts
4779027062488,openfacts
4779027062730,openfacts
4779027473697,openfacts
4779027473710,openfacts
4779027473727,openfacts
4779027473734,openfacts
4779027473796,openfacts
4779027473895,openfacts
4779027473901,openfacts
4779027473956,openfacts
4779027473987,openfacts
4779027474007,openfacts
4779027474144,openfacts
4779027474168,openfacts
4779027474175,openfacts
4779027474182,openfacts
4779027474199,openfacts
4779027474212,openfacts
4779027474229,openfacts
4779027600147,openfacts
4779027970059,openfacts
4779027970097,openfacts
4779027970103,openfacts
4779027970318,openfacts
4779027970325,openfacts
4779027970349,openfacts
4779027970400,openfacts
4779027970486,openfacts
4779027970493,openfacts
4779027970509,openfacts
4779027970516,openfacts
4779027970752,openfacts
4779027970769,openfacts
4779027970820,openfacts
4779027970837,openfacts
4779027970943,openfacts
4779027970950,openfacts
4779027970967,openfacts
4779027970974,openfacts
4779027970981,openfacts
4779027971025,openfacts
4779027971162,openfacts
4779027971179,openfacts
4779027971346,openfacts
4779027971360,openfacts
4779027971841,openfacts
4779027971858,openfacts
4779027971889,openfacts
4779027971896,openfacts
4779027971902,openfacts
4779027971971,openfacts
4779027971988,openfacts
4779027971995,openfacts
4779027972022,openfacts
4779027972046,openfacts
4779027972060,openfacts
4779027972077,openfacts
4779027972138,openfacts
4779027972190,openfacts
4779027972206,openfacts
4779027972213,openfacts
4779027972268,openfacts
4779027972275,openfacts
4779027972282,openfacts
4779027972350,openfacts
4779027972411,openfacts
4779027972435,openfacts
4779027972442,openfacts
4779027972459,openfacts
4779027972541,openfacts
4779027972558,openfacts
4779027972619,openfacts
4779027972800,openfacts
4779027972817,openfacts
4779028060148,openfacts
4779028060216,openfacts
4779028060261,openfacts
4779028061015,openfacts
4779028061176,openfacts
4779028131336,openfacts
4779028200216,openfacts
4779028200476,openfacts
4779028200490,openfacts
4779028200551,openfacts
4779028200575,openfacts
4779028200582,openfacts
4779028200643,openfacts
4779028200766,openfacts
4779028200872,openfacts
4779028200889,openfacts
4779028201503,openfacts
4779028201510,openfacts
4779028201527,openfacts
4779028201534,openfacts
4779028201541,openfacts
4779028201558,openfacts
4779028201565,openfacts
4779028201596,openfacts
4779028201619,openfacts
4779028201800,openfacts
4779028201923,openfacts
4779028201947,openfacts
4779028201978,openfacts
4779028201985,openfacts
4779028202012,openfacts
4779028202340,openfacts
4779028202357,openfacts
4779028202371,openfacts
4779028202395,openfacts
4779028202401,openfacts
4779028202418,openfacts
4779028202432,openfacts
4779028202470,openfacts
4779028202524,openfacts
4779028202586,openfacts
4779028202593,openfacts
4779028202760,openfacts
4779028202821,openfacts
4779028202838,openfacts
4779028202869,openfacts
4779028202975,openfacts
4779028202982,openfacts
4779028203019,openfacts
4779028203057,openfacts
4779028203064,openfacts
4779028203255,openfacts
4779028203262,openfacts
4779028203279,openfacts
4779028203286,openfacts
4779028203392,openfacts
4779028203408,openfacts
4779028203415,openfacts
4779028203453,openfacts
4779028203460,openfacts
4779028203491,openfacts
4779028203507,openfacts
4779028203538,openfacts
4779028203583,openfacts
4779028203590,openfacts
4779028203705,openfacts
4779028203736,openfacts
4779028203767,openfacts
4779028301906,openfacts
4779028302514,openfacts
4779028302743,openfacts
4779028302767,openfacts
4779028302811,openfacts
4779028302873,openfacts
4779028302880,openfacts
4779028303115,openfacts
4779028303214,openfacts
4779028303733,openfacts
4779028343463,openfacts
4779028343777,openfacts
4779028344774,openfacts
4779028345191,openfacts
4779028345412,openfacts
4779028345429,openfacts
4779028345665,openfacts
4779028345740,openfacts
4779028345757,openfacts
4779028345764,openfacts
4779028345788,openfacts
4779028345795,openfacts
4779028345801,openfacts
4779028345818,openfacts
4779028345825,openfacts
4779028345832,openfacts
4779028345856,openfacts
4779028345863,openfacts
4779028345924,openfacts
4779028345931,openfacts
4779028345955,openfacts
4779028345986,openfacts
4779028345993,openfacts
4779028346273,openfacts
4779028346280,openfacts
4779028346327,openfacts
4779028346358,openfacts
4779028346419,openfacts
4779028346440,openfacts
4779028346549,openfacts
4779028346679,openfacts
4779028346778,openfacts
4779028346792,openfacts
4779028346839,openfacts
4779028346853,openfacts
4779028346877,openfacts
4779028346914,openfacts
4779028346952,openfacts
4779028346983,openfacts
4779028347003,openfacts
4779028347126,openfacts
4779028347218,openfacts
4779028347232,openfacts
4779028347270,openfacts
4779028347287,openfacts
4779028347362,openfacts
4779028347379,openfacts
4779028347447,openfacts
4779028347461,openfacts
4779028347614,openfacts
4779028347652,openfacts
4779028347690,openfacts
4779028347713,openfacts
4779028347768,openfacts
4779028347799,openfacts
4779028347805,openfacts
4779028347973,openfacts
4779028400609,openfacts
4779028400715,openfacts
4779028400722,openfacts
4779028645758,openfacts
4779028871911,openfacts
4779030070111,openfacts
4779030313331,openfacts
4779030317155,openfacts
4779030317247,openfacts
4779030317407,openfacts
4779030380210,openfacts
4779030380227,openfacts
4779030380234,openfacts
4779030380333,openfacts
4779030710130,openfacts
4779030890023,openfacts
4779030891334,openfacts
4779030891389,openfacts
4779030891402,openfacts
4779030891495,openfacts
4779030891501,openfacts
4779030891518,openfacts
4779030891556,openfacts
4779030891662,openfacts
4779030891754,openfacts
4779030891792,openfacts
4779030891808,openfacts
4779030891822,openfacts
4779030891860,openfacts
4779030891884,openfacts
4779030891914,openfacts
4779030891952,openfacts
4779030892010,openfacts
4779030892027,openfacts
4779030892140,openfacts
4779030892164,openfacts
4779030892331,openfacts
4779030892485,openfacts
4779030892522,openfacts
4779030892539,openfacts
4779030892645,openfacts
4779031271685,openfacts
4779031271692,openfacts
4779031271708,openfacts
4779031271807,openfacts
4779031271814,openfacts
4779031271838,openfacts
4779031271852,openfacts
4779031272293,openfacts
4779031272538,openfacts
4779031272545,openfacts
4779031273542,openfacts
4779031273559,openfacts
4779031274594,openfacts
4779031274600,openfacts
4779031274792,openfacts
4779031275256,openfacts
4779031275324,openfacts
4779031275331,openfacts
4779031276031,openfacts
4779031276727,openfacts
4779031276970,openfacts
4779031276994,openfacts
4779031277014,openfacts
4779031277076,openfacts
4779031277090,openfacts
4779031277199,openfacts
4779031277403,openfacts
4779031277748,openfacts
4779031278363,openfacts
4779031278585,openfacts
4779031278684,openfacts
4779031278837,openfacts
4779031278851,openfacts
4779031278899,openfacts
4779031279018,openfacts
4779031279032,openfacts
4779031279056,openfacts
4779031279285,openfacts
4779031531055,usda
4779031531062,usda
4779031531086,openfacts
4779031531352,openfacts
4779031531369,usda
4779031531383,openfacts
4779031531833,openfacts
4779031531963,openfacts
4779031531987,openfacts
4779031532007,openfacts
4779031532373,openfacts
4779031610187,openfacts
4779031610439,openfacts
4779031610446,openfacts
4779031610453,openfacts
4779031610781,openfacts
4779031611047,openfacts
4779031611054,openfacts
4779031611153,openfacts
4779031611160,openfacts
4779031611177,openfacts
4779031611191,openfacts
4779031611207,openfacts
4779031611238,openfacts
4779031611245,openfacts
4779031611306,openfacts
4779031611313,openfacts
4779031611320,openfacts
4779031611337,openfacts
4779031611344,openfacts
4779031611368,openfacts
4779031611382,openfacts
4779031611399,openfacts
4779031611405,openfacts
4779031611542,openfacts
4779031611559,openfacts
4779031611580,openfacts
4779031611603,openfacts
4779031611610,openfacts
4779031611627,openfacts
4779031611658,openfacts
4779031611665,openfacts
4779031612020,openfacts
4779031612877,openfacts
4779031613867,openfacts
4779031614147,openfacts
4779031614871,openfacts
4779031614987,openfacts
4779031640177,openfacts
4779031640184,openfacts
4779031640238,openfacts
4779031640245,openfacts
4779031640269,openfacts
4779031640276,openfacts
4779031640368,openfacts
4779031640429,openfacts
4779031660106,openfacts
4779031660113,openfacts
4779031660526,openfacts
4779031660533,openfacts
4779031860223,openfacts
4779031860551,openfacts
4779031860636,openfacts
4779031860643,openfacts
4779031860681,openfacts
4779032210102,openfacts
4779032251464,openfacts
4779032251471,openfacts
4779032251945,openfacts
4779032256919,openfacts
4779032259866,openfacts
4779032460118,openfacts
4779032460187,openfacts
4779032460194,openfacts
4779032460408,openfacts
4779032460873,openfacts
4779032461023,openfacts
4779032461153,openfacts
4779032461160,openfacts
4779032461238,openfacts
4779032461306,openfacts
4779032600613,openfacts
4779032700115,openfacts
4779032700191,openfacts
4779032700214,openfacts
4779032700412,openfacts
4779032700634,openfacts
4779032700658,openfacts
4779032800747,openfacts
4779032810111,openfacts
4779032810128,openfacts
4779032810135,openfacts
4779032810166,openfacts
4779032810180,openfacts
4779032810272,openfacts
4779032810326,openfacts
4779033101003,openfacts
4779033101010,openfacts
4779033101553,openfacts
4779033190106,openfacts
4779033190113,openfacts
4779033190120,openfacts
4779033190137,openfacts
4779033190267,openfacts
4779033190687,openfacts
4779033200768,openfacts
4779033201840,openfacts
4779033420234,openfacts
4779033420296,openfacts
4779033810103,openfacts
4779033860122,openfacts
4779033860146,openfacts
4779033890013,openfacts
4779033970074,openfacts
4779033974218,openfacts
4779033974409,openfacts
4779033974560,openfacts
4779033974607,openfacts
4779033974867,openfacts
4779033975420,openfacts
4779033976403,openfacts
4779033976717,openfacts
4779033977448,openfacts
4779033977950,openfacts
4779033977974,openfacts
4779033977998,openfacts
4779033978018,openfacts
4779033978056,openfacts
4779033978094,openfacts
4779033978117,openfacts
4779033978155,openfacts
4779033978391,openfacts
4779033978513,openfacts
4779034140056,openfacts
4779034140148,openfacts
4779034140346,openfacts
4779034140698,openfacts
4779034321424,openfacts
4779034327464,openfacts
4779034470641,openfacts
4779034810997,openfacts
4779034811017,openfacts
4779034811321,openfacts
4779034811406,openfacts
4779034811413,openfacts
4779034811987,openfacts
4779034812311,openfacts
4779034812472,openfacts
4779034812724,openfacts
4779035240250,openfacts
4779035240311,openfacts
4779035240328,openfacts
4779035240557,openfacts
4779035530368,openfacts
4779035850435,openfacts
4779035850442,openfacts
4779035850459,openfacts
4779035850800,openfacts
4779035850831,openfacts
4779035850862,openfacts
4779035851104,openfacts
4779035851142,openfacts
4779035851173,openfacts
4779035851234,openfacts
4779035851258,openfacts
4779035851326,openfacts
4779035851340,openfacts
4779035851418,openfacts
4779035851500,openfacts
4779035851562,openfacts
4779035851593,openfacts
4779035851609,openfacts
4779035852149,openfacts
4779035852156,openfacts
4779035852330,openfacts
4779035852385,openfacts
4779035852477,openfacts
4779035930335,openfacts
4779035930342,openfacts
4779035930373,openfacts
4779035931691,openfacts
4779035960127,openfacts
4779035960233,openfacts
4779035960240,openfacts
4779035961414,openfacts
4779035961742,openfacts
4779035963746,openfacts
4779035963890,openfacts
4779035964187,openfacts
4779035964354,openfacts
4779035964378,openfacts
4779035964415,openfacts
4779035964576,openfacts
4779035964712,openfacts
4779035964880,openfacts
4779036010111,openfacts
4779036010159,openfacts
4779036010180,openfacts
4779036060475,openfacts
4779036060499,openfacts
4779036060734,openfacts
4779036060741,openfacts
4779036061021,openfacts
4779036061236,openfacts
4779036061380,openfacts
4779036061397,openfacts
4779036061465,openfacts
4779036061472,openfacts
4779036061489,openfacts
4779036061496,openfacts
4779036061502,openfacts
4779036061519,openfacts
4779036061526,openfacts
4779036061557,openfacts
4779036061939,openfacts
4779036061946,openfacts
4779036062028,openfacts
4779036062066,openfacts
4779036062097,openfacts
4779036062400,openfacts
4779036062585,openfacts
4779036700234,openfacts
4779036700241,openfacts
4779036700258,openfacts
4779036700319,openfacts
4779036700470,openfacts
4779036700487,openfacts
4779036730514,openfacts
4779036730569,openfacts
4779036731498,openfacts
4779036731849,openfacts
4779036870739,openfacts
4779036871033,openfacts
4779036871163,openfacts
4779036871606,openfacts
4779036871613,openfacts
4779036871866,openfacts
4779036873006,openfacts
4779036874362,openfacts
4779036874379,openfacts
4779036940128,openfacts
4779036940203,openfacts
4779036940289,openfacts
4779036940296,openfacts
4779036940326,usda
4779036940333,openfacts
4779036940401,openfacts
4779036940562,openfacts
4779036940630,openfacts
4779036940647,openfacts
4779036940654,openfacts
4779036940852,openfacts
4779036940890,openfacts
4779036940975,openfacts
4779036941385,openfacts
4779037070114,openfacts
4779037200153,openfacts
4779037200924,openfacts
4779037270125,openfacts
4779037390137,openfacts
4779037390199,openfacts
4779037390212,openfacts
4779037510238,openfacts
4779037560103,openfacts
4779037860852,openfacts
4779037861408,openfacts
4779038120405,openfacts
4779038120504,openfacts
4779038120511,openfacts
4779038123116,openfacts
4779038123123,openfacts
4779038124489,openfacts
4779038150105,openfacts
4779038150112,openfacts
4779038281809,openfacts
4779038321208,openfacts
4779038360245,openfacts
4779038510305,openfacts
4779038720742,openfacts
4779038720780,openfacts
4779038720803,openfacts
4779038721930,openfacts
4779038722081,openfacts
4779038722753,openfacts
4779038724450,openfacts
4779038725280,openfacts
4779038780463,openfacts
4779039054020,openfacts
4779039054037,openfacts
4779039054495,openfacts
4779039054501,openfacts
4779039055584,openfacts
4779039055607,openfacts
4779039055645,openfacts
4779039055898,openfacts
4779039220159,openfacts
4779039220371,openfacts
4779039220395,openfacts
4779039230103,openfacts
4779039230141,openfacts
4779039320125,openfacts
4779039320132,openfacts
4779039320248,openfacts
4779039320316,openfacts
4779039350290,openfacts
4779039350375,openfacts
4779039350771,openfacts
4779039351655,openfacts
4779039352270,openfacts
4779039352348,openfacts
4779039352690,openfacts
4779039355219,openfacts
4779039356759,openfacts
4779039356797,openfacts
4779039357541,openfacts
4779039357800,openfacts
4779039371660,openfacts
4779039371677,openfacts
4779039550348,openfacts
4779039550355,openfacts
4779039550362,openfacts
4779039600128,openfacts
4779039600746,openfacts
4779039600814,openfacts
4779039601347,openfacts
4779039673351,openfacts
4779039677960,openfacts
4779039677977,openfacts
4779039680298,openfacts
4779039681189,openfacts
4779039681202,openfacts
4779039681226,openfacts
4779039681325,openfacts
4779039681660,openfacts
4779039681677,openfacts
4779039682018,openfacts
4779039682209,openfacts
4779039682254,openfacts
4779039682469,openfacts
4779039682575,openfacts
4779039682612,openfacts
4779039682629,openfacts
4779039682704,openfacts
4779039682858,openfacts
4779039683572,openfacts
4779039683619,openfacts
4779039683763,openfacts
4779039683770,openfacts
4779039683794,openfacts
4779039683923,openfacts
4779039683947,openfacts
4779039683954,openfacts
4779039684517,openfacts
4779039684869,openfacts
4779039684944,openfacts
4779039684968,openfacts
4779039685064,openfacts
4779039685071,openfacts
4779039686573,openfacts
4779039686580,openfacts
4779039686597,openfacts
4779039686634,openfacts
4779039700125,openfacts
4779039700132,openfacts
4779039700163,openfacts
4779039700262,openfacts
4779039700682,openfacts
4779039700750,openfacts
4779039730146,openfacts
4779039730207,openfacts
4779039730221,openfacts
4779039730238,item_master
4779039730245,item_master
4779039730252,openfacts
4779039730269,openfacts
4779039730276,item_master
4779039730283,item_master
4779039730290,item_master
4779039730306,item_master
4779039730313,item_master
4779039730320,item_master
4779039730337,item_master
4779039730344,item_master
4779039730351,openfacts
4779039730382,item_master
4779039730726,openfacts
4779039730887,openfacts
4779039730924,item_master
4779039730948,openfacts
4779039730979,openfacts
4779039731105,openfacts
4779039731143,item_master
4779039731167,item_master
4779039731181,item_master
4779039731419,openfacts
4779039731518,openfacts
4779039731679,openfacts
4779039731716,openfacts
4779039731730,openfacts
4779039731754,openfacts
4779039731778,openfacts
4779039731884,openfacts
4779039731907,openfacts
4779039731914,openfacts
4779039731921,openfacts
4779039732119,openfacts
4779039732126,openfacts
4779039732157,openfacts
4779039732225,openfacts
4779039732232,openfacts
4779039732249,openfacts
4779039732270,openfacts
4779039732324,openfacts
4779039732348,openfacts
4779039732355,openfacts
4779039732409,openfacts
4779039732553,item_master
4779039732560,item_master
4779039732577,item_master
4779039732584,item_master
4779039732591,item_master
4779039732607,item_master
4779039732614,item_master
4779039732621,item_master
4779039732645,item_master
4779039732669,openfacts
4779039732898,openfacts
4779039732911,openfacts
4779039733079,item_master
4779039733086,item_master
4779039733093,item_master
4779039733130,openfacts
4779039733413,openfacts
4779039733437,openfacts
4779039733574,openfacts
4779039733581,openfacts
4779039733598,openfacts
4779040216684,openfacts
4779040220285,openfacts
4779040220490,openfacts
4779040220582,openfacts
4779040220612,openfacts
4779040220766,openfacts
4779040220797,openfacts
4779040220971,openfacts
4779040221060,openfacts
4779040221091,openfacts
4779040221183,openfacts
4779040221213,openfacts
4779040221244,openfacts
4779040221466,openfacts
4779040221473,openfacts
4779040221480,openfacts
4779040221497,openfacts
4779040221503,openfacts
4779040221510,openfacts
4779040221527,openfacts
4779040221558,openfacts
4779040221565,openfacts
4779040221572,openfacts
4779040221633,openfacts
4779040221763,openfacts
4779040221787,openfacts
4779040221800,openfacts
4779040221824,openfacts
4779040221848,openfacts
4779040221893,openfacts
4779040221978,openfacts
4779040222005,openfacts
4779040222180,openfacts
4779040222241,openfacts
4779040222425,openfacts
4779040222555,openfacts
4779040222616,openfacts
4779040222647,openfacts
4779040222678,openfacts
4779040222708,openfacts
4779040222791,openfacts
4779040223064,openfacts
4779040223262,openfacts
4779040223491,openfacts
4779040223569,openfacts
4779040223767,openfacts
4779040223828,openfacts
4779040223859,openfacts
4779040223910,openfacts
4779040223934,openfacts
4779040223972,openfacts
4779040224313,openfacts
4779040224337,openfacts
4779040550115,openfacts
4779040550139,openfacts
4779040550399,openfacts
4779040550689,openfacts
4779040591132,openfacts
4779040600353,openfacts
4779040600674,openfacts
4779040600872,openfacts
4779040601046,openfacts
4779040601503,openfacts
4779040601558,openfacts
4779040601572,openfacts
4779040601589,openfacts
4779040601640,openfacts
4779040601657,openfacts
4779040601664,openfacts
4779040601732,openfacts
4779040602142,openfacts
4779040602388,openfacts
4779040602449,openfacts
4779040602661,openfacts
4779040602838,openfacts
4779040602852,openfacts
4779040602869,openfacts
4779040602913,openfacts
4779040602951,openfacts
4779040603071,openfacts
4779040603156,openfacts
4779040603392,openfacts
4779040603514,openfacts
4779040603552,openfacts
4779040610383,openfacts
4779040611083,openfacts
4779040611113,openfacts
4779040611298,openfacts
4779040611304,openfacts
4779040611441,openfacts
4779040611458,openfacts
4779040611526,openfacts
4779040611618,openfacts
4779040611694,openfacts
4779040611809,openfacts
4779040611915,openfacts
4779040611922,openfacts
4779040611991,openfacts
4779040612004,openfacts
4779040612028,openfacts
4779040612158,openfacts
4779040612165,openfacts
4779040612257,openfacts
4779040612264,openfacts
4779040612318,openfacts
4779040612561,openfacts
4779040612608,openfacts
4779040612615,openfacts
4779040614794,openfacts
4779040614800,openfacts
4779040615173,openfacts
4779040615180,openfacts
4779040615289,openfacts
4779040615425,openfacts
4779040740141,openfacts
4779040912937,openfacts
4779041010106,openfacts
4779041010229,openfacts
4779041011202,openfacts
4779041320229,openfacts
4779041380216,openfacts
4779041830148,openfacts
4779041830490,openfacts
4779041831121,openfacts
4779041831138,openfacts
4779041831503,openfacts
4779041831572,openfacts
4779041831596,openfacts
4779041831626,openfacts
4779041832579,openfacts
4779041982779,openfacts
4779041982809,openfacts
4779041984193,openfacts
4779041985091,openfacts
4779041985138,openfacts
4779041985893,openfacts
4779041985909,openfacts
4779041985916,openfacts
4779041985992,openfacts
4779041986005,openfacts
4779041986050,openfacts
4779041986135,openfacts
4779041986906,openfacts
4779042220108,openfacts
4779042220115,openfacts
4779042221112,openfacts
4779042221235,openfacts
4779042350225,openfacts
4779042350423,openfacts
4779042350447,openfacts
4779042350591,openfacts
4779042350652,openfacts
4779042350744,openfacts
4779042350911,openfacts
4779042350959,openfacts
4779042351529,openfacts
4779042351543,openfacts
4779042352090,openfacts
4779042352137,openfacts
4779042352182,openfacts
4779042352656,openfacts
4779042352700,openfacts
4779042352779,openfacts
4779042353073,openfacts
4779042354216,openfacts
4779042354391,openfacts
4779042354476,openfacts
4779042355398,openfacts
4779042357262,openfacts
4779042357422,openfacts
4779042357439,openfacts
4779042357880,openfacts
4779042750216,openfacts
4779042750230,openfacts
4779042750247,openfacts
4779042750261,openfacts
4779042750933,openfacts
4779042750940,openfacts
4779042751039,openfacts
4779042751589,openfacts
4779042751923,openfacts
4779043000105,openfacts
4779043000112,openfacts
4779043080299,openfacts
4779043080343,openfacts
4779043080589,openfacts
4779043180548,openfacts
4779043180906,openfacts
4779043181460,openfacts
4779043181477,openfacts
4779043540342,openfacts
4779043540359,openfacts
4779043540366,openfacts
4779043540380,openfacts
4779043540397,openfacts
4779043540427,openfacts
4779043540434,openfacts
4779043540441,openfacts
4779043540793,openfacts
4779043670117,item_master
4779043670124,item_master
4779043700364,openfacts
4779043700371,openfacts
4779043700494,openfacts
4779043780250,openfacts
4779043780274,openfacts
4779043840220,openfacts
4779043840237,openfacts
4779043840251,openfacts
4779043840275,openfacts
4779043840329,openfacts
4779043840435,openfacts
4779043840602,openfacts
4779043840626,openfacts
4779043841241,openfacts
4779043841418,openfacts
4779043841432,openfacts
4779043841456,openfacts
4779043841487,openfacts
4779043841494,openfacts
4779043841975,openfacts
4779043842675,openfacts
4779043842743,openfacts
4779043843085,openfacts
4779043940494,openfacts
4779043940500,openfacts
4779044080144,openfacts
4779044110124,openfacts
4779044290369,openfacts
4779044420179,openfacts
4779044440115,openfacts
4779044440146,openfacts
4779044440153,openfacts
4779044440238,openfacts
4779044440344,openfacts
4779044440368,openfacts
4779044440450,openfacts
4779044440511,openfacts
4779044810116,openfacts
4779044810123,openfacts
4779044810147,openfacts
4779044810154,openfacts
4779044810253,openfacts
4779044820191,openfacts
4779044820993,openfacts
4779044821013,openfacts
4779044821020,openfacts
4779044821181,openfacts
4779044821242,openfacts
4779044821259,openfacts
4779044821716,openfacts
4779044822317,openfacts
4779044840106,openfacts
4779044850211,openfacts
4779044850228,openfacts
4779044850334,openfacts
4779044850341,openfacts
4779044850402,openfacts
4779044850471,openfacts
4779044850488,openfacts
4779045470265,openfacts
4779045710101,openfacts
4779045740245,openfacts
4779045790158,openfacts
4779045790202,openfacts
4779045790295,openfacts
4779045790493,openfacts
4779045790578,openfacts
4779045791056,openfacts
4779045920111,openfacts
4779045920128,openfacts
4779045920340,openfacts
4779045920418,openfacts
4779045920425,openfacts
4779045920449,openfacts
4779045920586,openfacts
4779046120305,openfacts
4779046120312,openfacts
4779046120329,openfacts
4779046120923,openfacts
4779046414152,openfacts
4779046430114,openfacts
4779046430138,openfacts
4779046470134,openfacts
4779046470158,openfacts
4779046470233,openfacts
4779046470240,openfacts
4779046470271,openfacts
4779046470585,openfacts
4779046470639,item_master
4779046470646,item_master
4779046470653,item_master
4779046470660,item_master
4779046470677,item_master
4779046470707,item_master
4779046470714,item_master
4779046470721,item_master
4779046470738,item_master
4779046470769,item_master
4779046470776,item_master
4779046500435,openfacts
4779046500459,openfacts
4779046500664,openfacts
4779046500787,openfacts
4779046500855,openfacts
4779046501722,openfacts
4779046503108,openfacts
4779046503115,openfacts
4779046875335,openfacts
4779046890574,openfacts
4779047120564,openfacts
4779047121202,openfacts
4779047190109,openfacts
4779047190116,openfacts
4779047190123,openfacts
4779047860118,openfacts
4779047860200,openfacts
4779047980106,openfacts
4779047980113,item_master
4779047980144,item_master
4779047980403,openfacts
4779047980410,item_master
4779047980472,item_master
4779047980489,openfacts
4779047980656,openfacts
4779047980663,item_master
4779047980755,openfacts
4779047980762,openfacts
4779047980816,item_master
4779047980823,item_master
4779047980892,openfacts
4779047980908,openfacts
4779047980984,item_master
4779047981011,openfacts
4779047981103,openfacts
4779047981110,openfacts
4779047981127,openfacts
4779047981172,openfacts
4779047981219,openfacts
4779047981226,openfacts
4779047981233,openfacts
4779047981318,openfacts
4779047981325,openfacts
4779047981332,openfacts
4779047981424,openfacts
4779047981479,openfacts
4779047981486,openfacts
4779047981493,openfacts
4779047981509,openfacts
4779047981516,openfacts
4779047981530,openfacts
4779047981547,openfacts
4779047981554,openfacts
4779047981691,openfacts
4779047981790,openfacts
4779047981820,openfacts
4779048080263,openfacts
4779048080287,openfacts
4779048080355,openfacts
4779048080379,openfacts
4779048080386,openfacts
4779048080447,openfacts
4779048080706,openfacts
4779048080782,openfacts
4779048081079,openfacts
4779048081147,openfacts
4779048081161,openfacts
4779048081185,openfacts
4779048081321,openfacts
4779048081468,openfacts
4779048081536,openfacts
4779048081703,openfacts
4779048081710,openfacts
4779048081758,openfacts
4779048081819,openfacts
4779048081857,openfacts
4779048081901,openfacts
4779048082083,openfacts
4779048082120,openfacts
4779048082137,openfacts
4779048082649,openfacts
4779048082816,openfacts
4779048082847,openfacts
4779048230187,openfacts
4779048350120,openfacts
4779048350144,openfacts
4779048350441,openfacts
4779048350557,openfacts
4779048450196,openfacts
4779048450219,openfacts
4779048450226,openfacts
4779048450769,openfacts
4779048450776,openfacts
4779048450783,openfacts
4779048450790,openfacts
4779048451100,openfacts
4779048451155,openfacts
4779048480100,openfacts
4779048480131,openfacts
4779048740129,openfacts
4779049110181,openfacts
4779049110334,openfacts
4779049130103,openfacts
4779049130134,openfacts
4779049130271,openfacts
4779049130288,item_master
4779049130295,item_master
4779049300155,openfacts
4779049300162,openfacts
4779049421034,openfacts
4779049440141,openfacts
4779049440172,openfacts
4779049510202,openfacts
4779049620123,openfacts
4779049620321,openfacts
4779049620390,openfacts
4779049620406,openfacts
4779049620413,openfacts
4779049730150,openfacts
4779049730723,openfacts
4779049731072,openfacts
4779049731195,openfacts
4779049731317,openfacts
4779049731409,openfacts
4779049731423,openfacts
4779049731430,openfacts
4779049731539,openfacts
4779049740128,openfacts
4779049840477,openfacts
4779049860833,openfacts
4779050010142,openfacts
4779050010166,openfacts
4779050010203,openfacts
4779050010234,openfacts
4779050010449,openfacts
4779050010456,openfacts
4779050010500,openfacts
4779050010517,openfacts
4779050010524,openfacts
4779050010531,openfacts
4779050010548,openfacts
4779050010555,openfacts
4779050060109,openfacts
4779050060116,openfacts
4779050060147,openfacts
4779050060161,openfacts
4779050060277,openfacts
4779050060345,openfacts
4779050060352,openfacts
4779050060512,openfacts
4779050060536,openfacts
4779050060604,openfacts
4779050080169,openfacts
4779050270102,openfacts
4779050300540,openfacts
4779050370109,openfacts
4779050460237,openfacts
4779050460282,openfacts
4779050460305,openfacts
4779050460688,openfacts
4779050460695,openfacts
4779050460701,openfacts
4779050500131,openfacts
4779050540243,openfacts
4779050540632,openfacts
4779050540731,openfacts
4779050541547,openfacts
4779050541769,openfacts
4779050670117,openfacts
4779050740254,openfacts
4779050740285,openfacts
4779050740322,openfacts
4779050740414,openfacts
4779050740476,openfacts
4779050740544,openfacts
4779050740650,openfacts
4779050740698,openfacts
4779050740780,openfacts
4779050740971,openfacts
4779050741039,openfacts
4779050741251,openfacts
4779050741329,openfacts
4779050741381,openfacts
4779050741572,openfacts
4779050741602,openfacts
4779050741688,openfacts
4779050741770,openfacts
4779050741787,openfacts
4779050741817,openfacts
4779050741893,openfacts
4779050741961,openfacts
4779050741978,openfacts
4779050742067,openfacts
4779050742319,openfacts
4779050742340,openfacts
4779050742401,openfacts
4779050742425,openfacts
4779050742432,openfacts
4779050742449,openfacts
4779050742456,openfacts
4779050742470,openfacts
4779050742487,openfacts
4779050742494,openfacts
4779050742500,openfacts
4779050742517,openfacts
4779050742524,openfacts
4779050742531,openfacts
4779050742548,openfacts
4779050742555,openfacts
4779050742562,openfacts
4779050742579,openfacts
4779050742586,openfacts
4779050742593,openfacts
4779050742616,openfacts
4779050742623,openfacts
4779050742630,openfacts
4779050742647,openfacts
4779050742654,openfacts
4779050742722,openfacts
4779050742739,openfacts
4779050742746,openfacts
4779050742821,openfacts
4779050742838,openfacts
4779050742883,openfacts
4779050742890,openfacts
4779050742913,openfacts
4779050742920,openfacts
4779050743002,openfacts
4779050743026,openfacts
4779050743033,openfacts
4779050743057,openfacts
4779050743088,openfacts
4779050743095,openfacts
4779050743194,openfacts
4779050743217,openfacts
4779050743224,openfacts
4779050743255,openfacts
4779050743323,openfacts
4779050743347,openfacts
4779050743361,openfacts
4779050743385,openfacts
4779050743392,openfacts
4779050743422,openfacts
4779050743460,openfacts
4779050743484,openfacts
4779050743644,openfacts
4779050743699,openfacts
4779050743705,openfacts
4779050743729,openfacts
4779050743736,openfacts
4779050743774,openfacts
4779050743781,openfacts
4779050743798,openfacts
4779050743811,openfacts
4779050743828,openfacts
4779050743835,openfacts
4779050743842,openfacts
4779050743859,openfacts
4779050744023,openfacts
4779050744139,openfacts
4779050745761,openfacts
4779050780236,openfacts
4779050811343,openfacts
4779050811527,openfacts
4779050811558,openfacts
4779050812326,openfacts
4779050812654,openfacts
4779050940128,openfacts
4779050970453,openfacts
4779050970613,openfacts
4779050970620,openfacts
4779050971016,openfacts
4779051242641,openfacts
4779051242658,openfacts
4779051242672,openfacts
4779051360147,openfacts
4779051360154,openfacts
4779051471959,openfacts
4779051480128,openfacts
4779051480180,openfacts
4779051480258,openfacts
4779051480265,openfacts
4779051480272,openfacts
4779051480357,openfacts
4779051480616,openfacts
4779051480661,openfacts
4779051480678,openfacts
4779051480685,openfacts
4779051480838,openfacts
4779051633609,openfacts
4779051633616,openfacts
4779051637928,openfacts
4779051660193,openfacts
4779051660209,openfacts
4779051660216,openfacts
4779051660247,openfacts
4779051660278,openfacts
4779051660407,openfacts
4779051660544,openfacts
4779051660551,openfacts
4779051660643,openfacts
4779051660872,openfacts
4779051661091,openfacts
4779051870103,openfacts
4779051870226,openfacts
4779051870233,openfacts
4779051870356,openfacts
4779051870363,openfacts
4779051870417,openfacts
4779051870431,openfacts
4779051870479,openfacts
4779051870493,openfacts
4779051870516,openfacts
4779051870561,openfacts
4779051870585,openfacts
4779051870608,openfacts
4779051870721,openfacts
4779051871025,openfacts
4779051871681,openfacts
4779051871735,openfacts
4779051873227,openfacts
4779051880430,openfacts
4779052060107,openfacts
4779052060145,openfacts
4779052060169,openfacts
4779052060190,openfacts
4779052060428,openfacts
4779052060442,openfacts
4779052060992,openfacts
4779052061012,openfacts
4779052061036,openfacts
4779052820183,openfacts
4779052950125,openfacts
4779052950187,openfacts
4779052950217,openfacts
4779052950224,openfacts
4779052950231,openfacts
4779052950248,openfacts
4779052950309,openfacts
4779052950446,openfacts
4779053560316,openfacts
4779053560361,openfacts
4779053560453,openfacts
4779053560507,openfacts
4779053560606,openfacts
4779053560651,openfacts
4779053650109,openfacts
4779053650161,openfacts
4779053650185,openfacts
4779053650239,openfacts
4779053650253,openfacts
4779053650260,openfacts
4779053650642,openfacts
4779053650659,openfacts
4779053650673,openfacts
4779053650727,openfacts
4779053680113,openfacts
4779053810121,openfacts
4779053910333,openfacts
4779054160119,openfacts
4779054160164,openfacts
4779054370167,openfacts
4779054370853,openfacts
4779054371447,openfacts
4779054371454,openfacts
4779054620347,openfacts
4779054620422,openfacts
4779055040106,openfacts
4779055040113,openfacts
4779055040120,openfacts
4779055040199,openfacts
4779055040229,openfacts
4779055081345,openfacts
4779055210110,openfacts
4779055210417,openfacts
4779055270190,openfacts
4779055270244,openfacts
4779055780101,openfacts
4779055782808,openfacts
4779055783126,openfacts
4779055783133,openfacts
4779055882102,openfacts
4779055882126,openfacts
4779055882133,openfacts
4779055882263,openfacts
4779055882300,openfacts
4779055882560,openfacts
4779055950108,openfacts
4779055950115,openfacts
4779055950122,openfacts
4779055950139,openfacts
4779055950146,openfacts
4779055950160,openfacts
4779055950191,openfacts
4779055950207,openfacts
4779055950375,openfacts
4779055950399,openfacts
4779055950467,openfacts
4779055950481,openfacts
4779055950504,openfacts
4779055950528,openfacts
4779055950535,openfacts
4779055960121,openfacts
4779056250221,openfacts
4779056250252,openfacts
4779056250436,openfacts
4779056551014,openfacts
4779056600132,openfacts
4779056600569,openfacts
4779056600644,openfacts
4779056600705,openfacts
4779056601757,openfacts
4779056603560,openfacts
4779056630108,openfacts
4779056660358,openfacts
4779056821315,openfacts
4779056821438,openfacts
4779056910187,openfacts
4779056910194,openfacts
4779056910514,openfacts
4779056910590,openfacts
4779056911078,openfacts
4779056950268,openfacts
4779056950473,openfacts
4779056950886,openfacts
4779057240986,openfacts
4779057410105,openfacts
4779057511031,openfacts
4779057570144,openfacts
4779057570151,openfacts
4779057570168,openfacts
4779057570175,openfacts
4779057570687,openfacts
4779057570717,openfacts
4779057572391,openfacts
4779057572407,openfacts
4779057572667,openfacts
4779057680263,openfacts
4779058020167,openfacts
4779058760100,openfacts
4779058920429,openfacts
4779059010242,openfacts
4779059011645,openfacts
4779059020111,openfacts
4779059020548,openfacts
4779059021439,openfacts
4779059021460,openfacts
4779059021705,openfacts
4779059021996,openfacts
4779059022030,openfacts
4779059023709,openfacts
4779059023716,openfacts
4779059025529,openfacts
4779059420362,openfacts
4779059420409,openfacts
4779059670149,openfacts
4779059670156,openfacts
4779060251009,openfacts
4779060740824,openfacts
4779060960116,openfacts
4779060960130,openfacts
4779060960239,openfacts
4779060960246,openfacts
4779060960253,openfacts
4779060960291,openfacts
4779061300324,openfacts
4779061720184,openfacts
4779061720191,openfacts
4779061720207,openfacts
4779061720214,openfacts
4779061720238,openfacts
4779062330108,openfacts
4779062330153,openfacts
4779062330214,openfacts
4779062330368,openfacts
4779062670136,openfacts
4779065300108,openfacts
4779065300115,openfacts
4779065300146,openfacts
4779214458971,openfacts
4779313471420,openfacts
4779319006480,openfacts
4779377285971,openfacts
4779378283471,openfacts
4779415919936,openfacts
4779420022140,openfacts
4779474095893,openfacts
4779523959565,openfacts
4779592000014,openfacts
4779738235935,openfacts
4779772597167,openfacts
4779772855656,openfacts
4779778285983,openfacts
4779778747436,openfacts
4779778835935,openfacts
4779778852871,openfacts
4779778871971,openfacts
4779779871871,openfacts
4779818212177,openfacts
4779837685785,openfacts
4779853008919,openfacts
4779992000010,openfacts
