ean13,source
6290019196137,openfacts
6290021555441,openfacts
6290021555458,openfacts
6290022300149,openfacts
6290041902508,openfacts
6290050102593,openfacts
6290050105266,openfacts
6290050107123,openfacts
6290050108236,openfacts
6290050108939,openfacts
6290050110918,openfacts
6290050110949,openfacts
6290050110956,openfacts
6290050110963,openfacts
6290050111113,openfacts
6290050111953,openfacts
6290050112394,openfacts
6290050112882,openfacts
6290050201456,openfacts
6290050403874,openfacts
6290050403911,openfacts
6290050408404,openfacts
6290050409302,openfacts
6290050411770,openfacts
6290050412708,openfacts
6290050414412,openfacts
6290050414436,openfacts
6290050414443,openfacts
6290050414450,openfacts
6290050415327,openfacts
6290050417314,openfacts
6290050421588,openfacts
6290050421618,openfacts
6290050421625,openfacts
6290050421953,openfacts
6290050422196,openfacts
6290050423278,openfacts
6290050424145,openfacts
6290050424473,openfacts
6290050425029,openfacts
6290050425050,openfacts
6290050425067,openfacts
6290050425746,openfacts
6290050425784,openfacts
6290050427139,openfacts
6290050427382,openfacts
6290050427917,openfacts
6290050429584,openfacts
6290050429607,openfacts
6290050500443,openfacts
6290050501716,openfacts
6290050503918,openfacts
6290050508920,openfacts
6290050509644,openfacts
6290050512095,openfacts
6290050512101,openfacts
6290050513535,openfacts
6290050513702,openfacts
6290050513986,openfacts
6290050600808,openfacts
6290050601065,openfacts
6290050602918,openfacts
6290050603243,openfacts
6290050604349,openfacts
6290050607517,openfacts
6290050800338,openfacts
6290050803032,openfacts
6290050803124,openfacts
6290052300119,openfacts
6290052300195,openfacts
6290052300201,openfacts
6290064558416,openfacts
6290090002006,openfacts
6290090002013,openfacts
6290090002204,openfacts
6290090002211,openfacts
6290090003003,openfacts
6290090009005,openfacts
6290090011022,openfacts
6290090011039,openfacts
6290090011053,openfacts
6290090013378,openfacts
6290090013392,openfacts
6290090013576,openfacts
6290090013583,openfacts
6290090013590,openfacts
6290090013606,openfacts
6290090013613,openfacts
6290090013699,openfacts
6290090013798,openfacts
6290090013880,openfacts
6290090014559,openfacts
6290090014610,openfacts
6290090014740,openfacts
6290090014764,openfacts
6290090014993,openfacts
6290090016119,openfacts
6290090016126,openfacts
6290090016133,openfacts
6290090017000,openfacts
6290090017673,openfacts
6290090017703,openfacts
6290090017864,openfacts
6290090017871,openfacts
6290090017918,openfacts
6290090017949,openfacts
6290090018342,openfacts
6290090018366,openfacts
6290090018403,openfacts
6290090018427,openfacts
6290090018434,openfacts
6290090018472,openfacts
6290090018489,openfacts
6290090018724,openfacts
6290090018885,openfacts
6290090018892,openfacts
6290090018908,openfacts
6290090018915,openfacts
6290090019288,openfacts
6290090019295,openfacts
6290090019981,openfacts
6290090020017,openfacts
6290090020024,openfacts
6290090022271,openfacts
6290090022363,openfacts
6290090022370,openfacts
6290090033161,openfacts
6290090033178,openfacts
6290090033185,openfacts
6290090033239,openfacts
6290090033406,openfacts
6290090033413,openfacts
6290090033598,openfacts
6290090036018,openfacts
6290090036025,openfacts
6290102021315,openfacts
6290112302503,openfacts
6290171002109,openfacts
6290171010166,openfacts
6290171030188,openfacts
6290171070214,openfacts
6290171072607,openfacts
6290171072836,openfacts
6290171074731,openfacts
6290171075622,openfacts
6290171075639,openfacts
6290267168672,openfacts
6290340041502,openfacts
6290340120207,openfacts
6290340160203,openfacts
6290340170202,openfacts
6290340220204,openfacts
6290340250409,openfacts
6290340360146,openfacts
6290340361709,openfacts
6290340381707,openfacts
6290340391706,openfacts
6290340401702,openfacts
6290340421700,openfacts
6290340441708,openfacts
6290340520403,openfacts
6290340521509,openfacts
6290340531508,openfacts
6290340540401,openfacts
6290340570408,openfacts
6290340600457,openfacts
6290340730406,openfacts
6290360083377,openfacts
6290360088242,openfacts
6290360089577,openfacts
6290360095165,openfacts
6290360095509,openfacts
6290360096551,openfacts
6290360270135,openfacts
6290360270661,openfacts
6290360270753,openfacts
6290360271590,openfacts
6290360271606,openfacts
6290360271811,openfacts
6290360272597,openfacts
6290360272856,openfacts
6290360273181,openfacts
6290360274836,openfacts
6290360330075,openfacts
6290360331300,openfacts
6290360331447,openfacts
6290360331508,openfacts
6290360331539,openfacts
6290360332871,openfacts
6290360333328,openfacts
6290360340012,openfacts
6290360341064,openfacts
6290360341644,openfacts
6290360341668,openfacts
6290360341675,openfacts
6290360341682,openfacts
6290360342382,openfacts
6290360350479,openfacts
6290360351056,openfacts
6290360351087,manual
6290360370668,openfacts
6290360374017,openfacts
6290360375595,openfacts
6290360375649,openfacts
6290360375656,openfacts
6290360375687,openfacts
6290360375793,openfacts
6290360375816,openfacts
6290360375823,openfacts
6290360375861,openfacts
6290360375878,openfacts
6290360375892,openfacts
6290360375915,openfacts
6290360375939,openfacts
6290360375946,openfacts
6290360376004,openfacts
6290360376707,openfacts
6290360376714,openfacts
6290360376820,openfacts
6290360377902,openfacts
6290360377926,openfacts
6290360377957,openfacts
6290360378022,openfacts
6290360378060,openfacts
6290360378114,openfacts
6290360378596,openfacts
6290360378602,openfacts
6290360379197,openfacts
6290360379319,openfacts
6290360380124,openfacts
6290360380780,openfacts
6290360411521,openfacts
6290360473550,openfacts
6290360500423,openfacts
6290360500508,openfacts
6290360500997,openfacts
6290360501031,openfacts
6290360501055,openfacts
6290360501123,openfacts
6290360501178,openfacts
6290360501499,openfacts
6290360501970,openfacts
6290360502502,openfacts
6290360503967,openfacts
6290360504254,openfacts
6290360504261,openfacts
6290360504285,openfacts
6290360590189,openfacts
6290360590349,openfacts
6290360590677,openfacts
6290360590868,openfacts
6290360591421,openfacts
6290360591551,openfacts
6290360592138,openfacts
6290360592206,openfacts
6290360592695,openfacts
6290360592749,openfacts
6290360592961,openfacts
6290360593005,openfacts
6290360593036,openfacts
6290360593142,openfacts
6290360593180,openfacts
6290360593661,openfacts
6290360593722,openfacts
6290360594552,openfacts
6290360595764,openfacts
6290360597133,openfacts
6290360598321,openfacts
6290360598345,openfacts
6290360598352,openfacts
6290360598666,openfacts
6290360598789,openfacts
6290360598888,openfacts
6290360598963,openfacts
6290360599090,openfacts
6290360599113,openfacts
6290360599441,openfacts
6290360599465,openfacts
6290360616490,openfacts
6290360650081,openfacts
6290360650234,openfacts
6290360698083,openfacts
6290360698120,openfacts
6290360698137,openfacts
6290360960043,openfacts
6290360967455,openfacts
6290360967462,openfacts
6290360968094,openfacts
6290360969367,openfacts
6290360969381,openfacts
6290360980423,openfacts
6290361101414,openfacts
6290361101421,openfacts
6290361101438,openfacts
6290361101445,openfacts
6290361101452,openfacts
6290361200230,openfacts
6290361200292,openfacts
6290361201329,openfacts
6290361201497,openfacts
6290361202692,openfacts
6290361203590,openfacts
6290361204221,openfacts
6290361204283,openfacts
6290361206591,openfacts
6290361206607,openfacts
6290361206744,openfacts
6290361208755,openfacts
6290361208892,openfacts
6290361530757,openfacts
6290361531525,openfacts
6290361531587,openfacts
6290361531624,openfacts
6290361531853,openfacts
6290361532065,openfacts
6290361532430,openfacts
6290361532508,openfacts
6290361532836,openfacts
6290361560006,openfacts
6290361560136,openfacts
6290361560143,openfacts
6290361560501,openfacts
6290361561041,openfacts
6290361561102,openfacts
6290361561201,openfacts
6290361561386,openfacts
6290361820018,openfacts
6290361820025,openfacts
6290361820032,openfacts
6290361820049,openfacts
6290361820056,openfacts
6290361820063,openfacts
6290361820070,openfacts
6290361820087,openfacts
6290361820094,openfacts
6290361820100,openfacts
6290361820117,openfacts
6290361820124,openfacts
6290361820636,openfacts
6290361820643,openfacts
6290361821602,openfacts
6290361821688,openfacts
6290361822371,openfacts
6290361830000,openfacts
6290361830550,openfacts
6290361830574,openfacts
6290361831083,openfacts
6290361831144,openfacts
6290361832332,openfacts
6290361832394,openfacts
6290361835227,openfacts
6290361980897,openfacts
6290361981405,openfacts
6290361981412,openfacts
6290361981436,openfacts
6290361981450,openfacts
6290361981467,openfacts
6290361981481,openfacts
6290361981511,openfacts
6290361981580,openfacts
6290361981665,openfacts
6290361982266,openfacts
6290361982754,openfacts
6290361983157,openfacts
6290361983164,openfacts
6290361983324,openfacts
6290361983454,openfacts
6290361983959,openfacts
6290361984154,openfacts
6290361984406,openfacts
6290361984451,openfacts
6290361984512,openfacts
6290361984611,openfacts
6290362161516,openfacts
6290362161776,openfacts
6290362340362,openfacts
6290362342373,openfacts
6290362342489,openfacts
6290362342496,openfacts
6290362342953,openfacts
6290362342984,openfacts
6290362345749,openfacts
6290362347484,openfacts
6290362349662,openfacts
6290362349686,openfacts
6290362349693,openfacts
6290362570394,openfacts
6290362661351,openfacts
6290362663461,openfacts
6290362663478,openfacts
6290362663782,openfacts
6290398785243,openfacts
6290400000005,openfacts
6290400003334,openfacts
6290400003488,openfacts
6290400003693,openfacts
6290400003785,openfacts
6290400003914,openfacts
6290400004553,openfacts
6290400013425,openfacts
6290400020096,openfacts
6290400030095,openfacts
6290400065080,openfacts
6290410011343,openfacts
6290410013194,openfacts
6290410013545,openfacts
6290410020635,openfacts
6290410030559,openfacts
6290410061102,openfacts
6290410140098,openfacts
6290410240088,openfacts
6290410250087,openfacts
6290410541550,openfacts
6290430023456,openfacts
6290452924656,openfacts
6290455550494,openfacts
6290460010150,openfacts
6290460030158,openfacts
6290568000220,openfacts
6290669200017,openfacts
6290669200048,openfacts
6290721111541,openfacts
6290783000739,openfacts
6290796010008,openfacts
6290805084594,openfacts
6290805084754,openfacts
6290854756350,openfacts
6290987654325,openfacts
6291000196334,openfacts
6291001000012,openfacts
6291001000029,openfacts
6291001000173,openfacts
6291001000913,openfacts
6291001002665,openfacts
6291001010073,openfacts
6291001010080,openfacts
6291001012350,openfacts
6291001013586,openfacts
6291001014729,openfacts
6291001014767,openfacts
6291001014774,openfacts
6291001020003,openfacts
6291001802012,openfacts
6291001802302,openfacts
6291002100018,openfacts
6291002100056,openfacts
6291002100124,openfacts
6291002101008,openfacts
6291002101060,openfacts
6291002101503,openfacts
6291002101527,openfacts
6291002101534,openfacts
6291002102036,openfacts
6291002102111,openfacts
6291002102869,openfacts
6291002102876,openfacts
6291002106010,openfacts
6291002110246,openfacts
6291002150013,openfacts
6291002150037,openfacts
6291002400002,openfacts
6291002400019,openfacts
6291002450366,openfacts
6291002703172,openfacts
6291002704735,openfacts
6291002704742,openfacts
6291002706227,openfacts
6291002708696,openfacts
6291002709662,openfacts
6291002711030,openfacts
6291002711054,openfacts
6291002711238,openfacts
6291002711399,openfacts
6291002711405,openfacts
6291002711436,openfacts
6291002711993,openfacts
6291002712334,openfacts
6291002712495,openfacts
6291002713270,openfacts
6291003000010,openfacts
6291003000102,openfacts
6291003000119,openfacts
6291003000157,openfacts
6291003000164,openfacts
6291003000553,openfacts
6291003000577,openfacts
6291003000584,openfacts
6291003000768,openfacts
6291003000775,openfacts
6291003001147,openfacts
6291003002205,openfacts
6291003002212,openfacts
6291003003165,openfacts
6291003003202,openfacts
6291003003219,openfacts
6291003003226,openfacts
6291003003233,openfacts
6291003003257,openfacts
6291003003387,openfacts
6291003003394,openfacts
6291003004759,openfacts
6291003004766,openfacts
6291003004773,openfacts
6291003005152,openfacts
6291003005602,openfacts
6291003005619,openfacts
6291003005626,openfacts
6291003005633,openfacts
6291003005640,openfacts
6291003005657,openfacts
6291003005855,openfacts
6291003005862,openfacts
6291003005992,openfacts
6291003006159,openfacts
6291003006173,openfacts
6291003006678,openfacts
6291003006890,openfacts
6291003007095,openfacts
6291003007101,openfacts
6291003007729,openfacts
6291003008559,openfacts
6291003009662,openfacts
6291003009938,openfacts
6291003010347,openfacts
6291003011160,openfacts
6291003011801,openfacts
6291003011849,openfacts
6291003011856,openfacts
6291003012082,openfacts
6291003012112,openfacts
6291003012181,openfacts
6291003012204,openfacts
6291003012341,openfacts
6291003012433,openfacts
6291003012556,openfacts
6291003012648,openfacts
6291003012662,openfacts
6291003013003,openfacts
6291003013140,openfacts
6291003013645,openfacts
6291003013874,openfacts
6291003013881,openfacts
6291003013898,openfacts
6291003013904,openfacts
6291003014093,openfacts
6291003014185,openfacts
6291003014796,openfacts
6291003015021,openfacts
6291003015168,openfacts
6291003015243,openfacts
6291003015793,openfacts
6291003015809,openfacts
6291003015908,openfacts
6291003016646,openfacts
6291003016967,openfacts
6291003016974,openfacts
6291003016981,openfacts
6291003017032,openfacts
6291003017155,openfacts
6291003017179,openfacts
6291003017193,openfacts
6291003017377,openfacts
6291003017667,openfacts
6291003017674,openfacts
6291003017865,openfacts
6291003017896,openfacts
6291003017919,openfacts
6291003017940,openfacts
6291003017957,openfacts
6291003018138,openfacts
6291003018435,openfacts
6291003018459,openfacts
6291003018466,openfacts
6291003018534,openfacts
6291003018589,openfacts
6291003018688,openfacts
6291003018701,openfacts
6291003019043,openfacts
6291003019104,openfacts
6291003019180,openfacts
6291003019388,openfacts
6291003020094,openfacts
6291003020209,openfacts
6291003020261,openfacts
6291003020278,openfacts
6291003020414,openfacts
6291003020445,openfacts
6291003020469,openfacts
6291003020483,openfacts
6291003020582,openfacts
6291003020872,openfacts
6291003020896,openfacts
6291003021206,openfacts
6291003021213,openfacts
6291003021237,openfacts
6291003021381,openfacts
6291003021398,openfacts
6291003021404,openfacts
6291003021428,openfacts
6291003021435,openfacts
6291003021442,openfacts
6291003022012,openfacts
6291003022104,openfacts
6291003022302,openfacts
6291003022326,openfacts
6291003022753,openfacts
6291003022876,openfacts
6291003022982,openfacts
6291003023026,openfacts
6291003023200,openfacts
6291003023637,openfacts
6291003023668,openfacts
6291003024344,openfacts
6291003024627,openfacts
6291003024658,openfacts
6291003024955,openfacts
6291003025204,openfacts
6291003025464,openfacts
6291003026805,openfacts
6291003027499,openfacts
6291003032011,openfacts
6291003032080,openfacts
6291003039966,openfacts
6291003039973,openfacts
6291003039980,openfacts
6291003043086,openfacts
6291003043093,openfacts
6291003045288,openfacts
6291003045295,openfacts
6291003045394,openfacts
6291003045790,openfacts
6291003049224,openfacts
6291003049323,openfacts
6291003049514,openfacts
6291003051166,openfacts
6291003052125,openfacts
6291003053450,openfacts
6291003053498,openfacts
6291003054297,openfacts
6291003054303,openfacts
6291003054310,openfacts
6291003054334,openfacts
6291003054518,openfacts
6291003056147,openfacts
6291003056338,openfacts
6291003057670,openfacts
6291003058004,openfacts
6291003058103,openfacts
6291003058110,openfacts
6291003058158,openfacts
6291003058257,openfacts
6291003059261,openfacts
6291003060892,openfacts
6291003060908,openfacts
6291003061066,openfacts
6291003063008,openfacts
6291003067198,openfacts
6291003067372,openfacts
6291003067389,openfacts
6291003068232,openfacts
6291003068256,openfacts
6291003068270,openfacts
6291003070044,openfacts
6291003070105,openfacts
6291003074363,openfacts
6291003074370,openfacts
6291003074462,openfacts
6291003074523,openfacts
6291003075612,openfacts
6291003076893,openfacts
6291003076909,openfacts
6291003078484,openfacts
6291003078491,openfacts
6291003078613,openfacts
6291003078620,openfacts
6291003078804,openfacts
6291003078811,openfacts
6291003080197,openfacts
6291003080692,openfacts
6291003081040,openfacts
6291003081149,openfacts
6291003081170,openfacts
6291003081545,openfacts
6291003081668,openfacts
6291003081675,openfacts
6291003081903,openfacts
6291003081910,openfacts
6291003081934,openfacts
6291003081941,openfacts
6291003081965,openfacts
6291003081972,openfacts
6291003083303,openfacts
6291003083556,openfacts
6291003083563,openfacts
6291003083587,openfacts
6291003083617,openfacts
6291003083624,openfacts
6291003084034,openfacts
6291003084256,openfacts
6291003084348,openfacts
6291003084355,openfacts
6291003084522,openfacts
6291003084676,openfacts
6291003084928,openfacts
6291003084966,openfacts
6291003085116,openfacts
6291003085123,openfacts
6291003085147,openfacts
6291003085260,openfacts
6291003085468,openfacts
6291003085864,openfacts
6291003085871,openfacts
6291003085895,openfacts
6291003085932,openfacts
6291003085949,openfacts
6291003086199,openfacts
6291003086212,openfacts
6291003086304,openfacts
6291003086670,openfacts
6291003086793,openfacts
6291003086892,openfacts
6291003086939,openfacts
6291003086946,openfacts
6291003086960,openfacts
6291003087158,openfacts
6291003087165,openfacts
6291003087202,openfacts
6291003088056,openfacts
6291003088087,openfacts
6291003088148,openfacts
6291003088193,openfacts
6291003088209,openfacts
6291003088322,openfacts
6291003088353,openfacts
6291003088582,openfacts
6291003088612,openfacts
6291003088629,openfacts
6291003088698,openfacts
6291003088704,openfacts
6291003089367,openfacts
6291003089374,openfacts
6291003089619,openfacts
6291003089657,openfacts
6291003089701,openfacts
6291003089770,openfacts
6291003089954,openfacts
6291003089961,openfacts
6291003090141,openfacts
6291003090608,openfacts
6291003090615,openfacts
6291003090776,openfacts
6291003090820,openfacts
6291003091513,openfacts
6291003091520,openfacts
6291003091667,openfacts
6291003091681,openfacts
6291003092497,openfacts
6291003092527,openfacts
6291003092534,openfacts
6291003095030,openfacts
6291003095085,openfacts
6291003095146,openfacts
6291003095214,openfacts
6291003095313,openfacts
6291003095511,openfacts
6291003095641,openfacts
6291003095672,openfacts
6291003095764,openfacts
6291003095863,openfacts
6291003095870,openfacts
6291003095894,openfacts
6291003095900,openfacts
6291003095917,openfacts
6291003096082,openfacts
6291003096099,openfacts
6291003096112,openfacts
6291003096174,openfacts
6291003096181,openfacts
6291003096198,openfacts
6291003096204,openfacts
6291003096211,openfacts
6291003096228,openfacts
6291003096266,openfacts
6291003096297,openfacts
6291003096310,openfacts
6291003096365,openfacts
6291003096433,openfacts
6291003096440,openfacts
6291003096457,openfacts
6291003096464,openfacts
6291003096471,openfacts
6291003096488,openfacts
6291003096495,openfacts
6291003096556,openfacts
6291003096563,openfacts
6291003096587,openfacts
6291003096839,openfacts
6291003096846,openfacts
6291003097812,openfacts
6291003097829,openfacts
6291003097836,openfacts
6291003097874,openfacts
6291003097904,openfacts
6291003097997,openfacts
6291003098529,openfacts
6291003098604,openfacts
6291003098635,openfacts
6291003099069,openfacts
6291003099403,openfacts
6291003099465,openfacts
6291003099472,openfacts
6291003100505,openfacts
6291003100536,openfacts
6291003101953,openfacts
6291003102059,openfacts
6291003102448,openfacts
6291003102622,openfacts
6291003102905,openfacts
6291003104329,openfacts
6291003104954,openfacts
6291003106019,openfacts
6291003106033,openfacts
6291003106644,openfacts
6291003107177,openfacts
6291003109300,openfacts
6291003109874,openfacts
6291003115752,openfacts
6291003121418,openfacts
6291003123597,openfacts
6291003128813,openfacts
6291003144110,openfacts
6291003150029,openfacts
6291003151613,openfacts
6291003151798,openfacts
6291003153693,openfacts
6291003153723,openfacts
6291003153822,openfacts
6291003153938,openfacts
6291003155659,openfacts
6291003156045,openfacts
6291003156922,openfacts
6291003157424,openfacts
6291003157448,openfacts
6291003157455,openfacts
6291003157516,openfacts
6291003157523,openfacts
6291003157585,openfacts
6291003157592,openfacts
6291003161469,openfacts
6291003161674,openfacts
6291003162282,openfacts
6291003163395,openfacts
6291003164316,openfacts
6291003164330,openfacts
6291003164347,openfacts
6291003170119,openfacts
6291003173981,openfacts
6291003180125,openfacts
6291003180149,openfacts
6291003184260,openfacts
6291003191015,openfacts
6291003191091,openfacts
6291003191220,openfacts
6291003191275,openfacts
6291003191954,openfacts
6291003192326,openfacts
6291003192333,openfacts
6291003203527,openfacts
6291003203534,openfacts
6291003204579,openfacts
6291003204586,openfacts
6291003204999,openfacts
6291003205002,openfacts
6291003206122,openfacts
6291003206139,openfacts
6291003240058,openfacts
6291003240751,openfacts
6291003242311,openfacts
6291003243141,openfacts
6291003243530,openfacts
6291003243554,openfacts
6291003244582,openfacts
6291003293191,openfacts
6291003300974,openfacts
6291003301155,openfacts
6291003301230,openfacts
6291003301292,openfacts
6291003301445,openfacts
6291003302879,openfacts
6291003302930,openfacts
6291003303845,openfacts
6291003303913,openfacts
6291003304200,openfacts
6291003304224,openfacts
6291003304293,openfacts
6291003304835,openfacts
6291003305986,openfacts
6291003306877,openfacts
6291003306914,openfacts
6291003306952,openfacts
6291003307621,openfacts
6291003308413,openfacts
6291003308772,openfacts
6291003309274,openfacts
6291003309694,openfacts
6291003309717,openfacts
6291003600272,openfacts
6291003600418,openfacts
6291003600487,openfacts
6291003600739,openfacts
6291003602771,openfacts
6291003602931,openfacts
6291003603068,openfacts
6291003603174,openfacts
6291003603549,openfacts
6291003603563,openfacts
6291003604232,openfacts
6291003604317,openfacts
6291003604423,openfacts
6291003604447,openfacts
6291003604645,openfacts
6291003604652,openfacts
6291003604669,openfacts
6291003604690,openfacts
6291003604904,openfacts
6291003604997,openfacts
6291003605673,openfacts
6291003605802,openfacts
6291003605888,openfacts
6291003606229,openfacts
6291003606236,openfacts
6291003606526,openfacts
6291003606601,openfacts
6291003606786,openfacts
6291003606809,openfacts
6291003606823,openfacts
6291003606847,openfacts
6291003607370,openfacts
6291003607448,openfacts
6291003607486,openfacts
6291003607905,openfacts
6291003608056,openfacts
6291003609220,openfacts
6291003612848,openfacts
6291003612855,openfacts
6291003613067,openfacts
6291003613692,openfacts
6291003613746,openfacts
6291003614187,openfacts
6291003614279,openfacts
6291003621222,openfacts
6291003621338,openfacts
6291003622540,openfacts
6291003627330,openfacts
6291003628733,openfacts
6291003628931,openfacts
6291003628979,openfacts
6291003629662,openfacts
6291003630545,openfacts
6291003630637,openfacts
6291003631542,openfacts
6291003631788,openfacts
6291003631870,openfacts
6291003631887,openfacts
6291003632082,openfacts
6291003632112,openfacts
6291003632136,openfacts
6291003632242,openfacts
6291003633010,openfacts
6291003633065,openfacts
6291003633355,openfacts
6291003633416,openfacts
6291003633690,openfacts
6291003633737,openfacts
6291003633768,openfacts
6291003633812,openfacts
6291003633904,openfacts
6291003634154,openfacts
6291003634192,openfacts
6291003634475,openfacts
6291003634482,openfacts
6291003634666,openfacts
6291003635168,openfacts
6291003635250,openfacts
6291003635694,openfacts
6291003636271,openfacts
6291003636318,openfacts
6291003636332,openfacts
6291003637438,openfacts
6291003669644,openfacts
6291003669651,openfacts
6291003669675,openfacts
6291003669682,openfacts
6291004110251,openfacts
6291007500325,openfacts
6291007500332,openfacts
6291007500349,openfacts
6291007500363,openfacts
6291007500370,openfacts
6291007500387,openfacts
6291007500424,openfacts
6291007500448,openfacts
6291007500547,openfacts
6291007500844,openfacts
6291007500974,openfacts
6291007600780,openfacts
6291007600841,openfacts
6291007700039,openfacts
6291007700084,openfacts
6291007700121,openfacts
6291007700213,openfacts
6291007700459,openfacts
6291007700596,openfacts
6291007701029,openfacts
6291007701043,openfacts
6291007701050,openfacts
6291007900002,openfacts
6291007901016,openfacts
6291007901030,openfacts
6291007901047,openfacts
6291007901054,openfacts
6291007901061,openfacts
6291007901078,openfacts
6291007901085,openfacts
6291007901092,openfacts
6291007901108,openfacts
6291007901559,openfacts
6291007901597,openfacts
6291007901641,usda
6291007902051,openfacts
6291007902181,openfacts
6291007902198,openfacts
6291007902204,openfacts
6291007902211,openfacts
6291007903133,openfacts
6291007903270,openfacts
6291007903331,openfacts
6291007904345,usda
6291007904352,openfacts
6291007904550,openfacts
6291007904659,usda
6291007904840,openfacts
6291007904949,usda
6291007905281,openfacts
6291007905311,openfacts
6291007905342,usda
6291007905359,openfacts
6291007905564,openfacts
6291007905588,openfacts
6291007905762,openfacts
6291007905809,openfacts
6291007905878,openfacts
6291007905960,openfacts
6291007906097,openfacts
6291007906103,openfacts
6291007906110,openfacts
6291007906233,openfacts
6291007906318,openfacts
6291007906417,openfacts
6291007906431,openfacts
6291007906448,openfacts
6291007906479,openfacts
6291007906493,openfacts
6291007906509,openfacts
6291007906660,openfacts
6291007906776,openfacts
6291007906820,openfacts
6291007907001,openfacts
6291007907124,openfacts
6291007907131,openfacts
6291007907230,openfacts
6291007907346,openfacts
6291007907353,openfacts
6291007907551,openfacts
6291007907568,openfacts
6291007907575,openfacts
6291007907582,openfacts
6291007907599,openfacts
6291007907872,openfacts
6291007907889,openfacts
6291007907896,openfacts
6291007908121,openfacts
6291007908626,openfacts
6291007908640,openfacts
6291007909449,openfacts
6291007909456,openfacts
6291007909562,openfacts
6291007909579,openfacts
6291007909937,openfacts
6291007910162,openfacts
6291007910193,openfacts
6291007910209,openfacts
6291007910216,openfacts
6291007910223,openfacts
6291007910230,openfacts
6291007910247,openfacts
6291007910261,openfacts
6291007910278,openfacts
6291007910537,openfacts
6291007911473,openfacts
6291007911480,openfacts
6291007912104,openfacts
6291007912197,openfacts
6291007912302,openfacts
6291007912401,openfacts
6291007912685,openfacts
6291007912692,openfacts
6291007913446,openfacts
6291007913453,openfacts
6291007913712,openfacts
6291007914313,openfacts
6291007914559,openfacts
6291007914566,openfacts
6291007914764,openfacts
6291007915334,openfacts
6291007915341,openfacts
6291007915471,openfacts
6291007915617,openfacts
6291007915624,openfacts
6291009020036,openfacts
6291009030349,openfacts
6291009040096,openfacts
6291009090206,openfacts
6291009090374,openfacts
6291009110065,openfacts
6291009123508,openfacts
6291009123805,openfacts
6291009124093,openfacts
6291010210488,openfacts
6291010701368,openfacts
6291010900945,openfacts
6291010900952,openfacts
6291010900969,openfacts
6291010900983,openfacts
6291010900990,openfacts
6291010901003,openfacts
6291010901010,openfacts
6291010901041,openfacts
6291010901096,openfacts
6291010901126,openfacts
6291010901843,openfacts
6291010902932,openfacts
6291010902949,usda
6291010903403,usda
6291010903625,openfacts
6291010904677,openfacts
6291010910722,openfacts
6291010911224,openfacts
6291010911286,openfacts
6291010914225,openfacts
6291010915345,openfacts
6291010915673,openfacts
6291010917523,openfacts
6291010919886,openfacts
6291010922633,openfacts
6291010922640,openfacts
6291010922855,openfacts
6291010924927,openfacts
6291010924958,openfacts
6291010926389,openfacts
6291011001207,openfacts
6291011001498,openfacts
6291011003751,openfacts
6291011003942,openfacts
6291011003959,openfacts
6291011004093,openfacts
6291011004109,openfacts
6291011004680,openfacts
6291011004796,openfacts
6291011004819,openfacts
6291011004833,openfacts
6291011005014,openfacts
6291011005205,openfacts
6291011005212,openfacts
6291011005632,openfacts
6291011005649,openfacts
6291011005670,openfacts
6291011005700,openfacts
6291011005724,openfacts
6291011005779,openfacts
6291011006189,openfacts
6291011006974,openfacts
6291011007513,openfacts
6291011007520,openfacts
6291011007537,openfacts
6291011007728,openfacts
6291011007742,openfacts
6291011007759,openfacts
6291011007766,openfacts
6291011007773,openfacts
6291011007780,openfacts
6291011007797,openfacts
6291011008107,openfacts
6291011008121,openfacts
6291011008138,openfacts
6291011008183,openfacts
6291011008190,openfacts
6291011008206,openfacts
6291011008244,openfacts
6291011008251,openfacts
6291011008268,openfacts
6291011008442,openfacts
6291011008473,openfacts
6291011008565,openfacts
6291011008862,openfacts
6291011050038,openfacts
6291011050052,openfacts
6291011050137,openfacts
6291011050182,openfacts
6291011050564,openfacts
6291011050762,openfacts
6291011051677,openfacts
6291011051684,openfacts
6291011051936,openfacts
6291011051943,openfacts
6291011051950,openfacts
6291011051967,openfacts
6291011051974,openfacts
6291011052018,openfacts
6291011052049,openfacts
6291011053084,openfacts
6291011053831,openfacts
6291011053893,openfacts
6291011053947,openfacts
6291011053954,openfacts
6291011053961,openfacts
6291011054296,openfacts
6291011054302,openfacts
6291011054357,openfacts
6291011054500,openfacts
6291011054562,openfacts
6291011054692,openfacts
6291011054708,openfacts
6291011054715,openfacts
6291011054791,openfacts
6291011054876,openfacts
6291011054883,openfacts
6291011054944,openfacts
6291011055248,openfacts
6291011055378,openfacts
6291011055439,openfacts
6291011055446,openfacts
6291011055644,openfacts
6291011055699,openfacts
6291011055705,openfacts
6291011055736,openfacts
6291011055774,openfacts
6291011055804,openfacts
6291011055873,openfacts
6291011055903,openfacts
6291011056252,openfacts
6291011056276,openfacts
6291011056306,openfacts
6291011056405,openfacts
6291011056597,openfacts
6291011056610,openfacts
6291011056672,openfacts
6291011056986,openfacts
6291011057617,openfacts
6291011057624,openfacts
6291011057631,openfacts
6291011057846,openfacts
6291011057952,openfacts
6291011057976,openfacts
6291011057983,openfacts
6291011058928,openfacts
6291011059239,openfacts
6291011059345,openfacts
6291011059352,openfacts
6291011059369,openfacts
6291011059376,openfacts
6291011059383,openfacts
6291011060389,openfacts
6291011060716,openfacts
6291011060730,openfacts
6291011060747,openfacts
6291011060891,openfacts
6291011060907,openfacts
6291011060969,openfacts
6291011060976,openfacts
6291011060983,openfacts
6291011060990,openfacts
6291011061027,openfacts
6291011061041,openfacts
6291011061133,openfacts
6291011061188,openfacts
6291011061232,openfacts
6291011061690,openfacts
6291011061706,openfacts
6291011061713,openfacts
6291011061928,openfacts
6291011063199,openfacts
6291011063922,openfacts
6291011064264,openfacts
6291011064295,openfacts
6291011064950,openfacts
6291011065247,openfacts
6291011067616,openfacts
6291012244139,openfacts
6291012869943,openfacts
6291012875227,webdatacommons
6291012878525,webdatacommons
6291012887435,openfacts
6291012888586,openfacts
6291012891203,openfacts
6291012900899,webdatacommons
6291012900998,webdatacommons
6291012905122,openfacts
6291013000062,openfacts
6291013000093,openfacts
6291013400022,openfacts
6291013400046,openfacts
6291013400060,openfacts
6291013400374,openfacts
6291014101232,openfacts
6291014101263,openfacts
6291014101270,openfacts
6291014101287,openfacts
6291014101317,openfacts
6291014101324,openfacts
6291014101416,openfacts
6291014101423,openfacts
6291014101430,openfacts
6291014101447,openfacts
6291014101461,openfacts
6291014101485,openfacts
6291014101522,openfacts
6291014101539,openfacts
6291014101546,openfacts
6291014101553,openfacts
6291014101560,openfacts
6291014101577,openfacts
6291014101584,openfacts
6291014101614,openfacts
6291014101638,openfacts
6291014101737,openfacts
6291014101744,openfacts
6291014101775,openfacts
6291014101843,openfacts
6291014101850,openfacts
6291014102819,openfacts
6291014102895,openfacts
6291014107289,openfacts
6291014107463,openfacts
6291014107487,openfacts
6291014107555,openfacts
6291014107944,openfacts
6291014107975,openfacts
6291014110128,openfacts
6291014110401,openfacts
6291014110791,openfacts
6291014110821,openfacts
6291014111576,openfacts
6291014116632,openfacts
6291014116649,openfacts
6291014116656,openfacts
6291014116663,openfacts
6291014116687,openfacts
6291014116694,openfacts
6291014117172,openfacts
6291014117196,openfacts
6291014121964,openfacts
6291014121971,openfacts
6291014121988,openfacts
6291014121995,openfacts
6291014122619,openfacts
6291014123081,openfacts
6291014123104,openfacts
6291014123944,openfacts
6291014124200,openfacts
6291014124224,openfacts
6291014124262,openfacts
6291014124644,openfacts
6291014124811,openfacts
6291014124828,openfacts
6291014125610,openfacts
6291014125672,openfacts
6291014125689,openfacts
6291014125696,openfacts
6291014125702,openfacts
6291014125733,openfacts
6291014125740,openfacts
6291014125757,openfacts
6291014125764,openfacts
6291014125771,openfacts
6291014126525,openfacts
6291014126808,openfacts
6291014126822,openfacts
6291014126853,openfacts
6291014127003,openfacts
6291014127324,openfacts
6291014128185,openfacts
6291014128321,openfacts
6291014129366,openfacts
6291014129373,openfacts
6291014129427,openfacts
6291014129991,openfacts
6291014130027,openfacts
6291014130034,openfacts
6291014130188,openfacts
6291014133929,openfacts
6291014133936,openfacts
6291014133943,openfacts
6291014133998,openfacts
6291014134001,openfacts
6291014134292,openfacts
6291014134414,openfacts
6291014138856,openfacts
6291014138863,openfacts
6291014138948,openfacts
6291014139150,openfacts
6291015000220,openfacts
6291015000237,openfacts
6291015000268,openfacts
6291016000038,openfacts
6291016001820,openfacts
6291016001837,openfacts
6291016003602,openfacts
6291016003633,openfacts
6291016003664,openfacts
6291016003787,openfacts
6291016003817,openfacts
6291016004081,openfacts
6291016004104,openfacts
6291016004128,openfacts
6291016004234,openfacts
6291016004333,openfacts
6291016004654,openfacts
6291016005248,openfacts
6291016005330,openfacts
6291016005361,openfacts
6291016005613,openfacts
6291016005644,openfacts
6291016005798,openfacts
6291016005811,openfacts
6291016007341,openfacts
6291016007358,openfacts
6291016007488,openfacts
6291016007891,openfacts
6291016007921,openfacts
6291016008072,openfacts
6291016008089,openfacts
6291016008201,openfacts
6291016008775,openfacts
6291016011010,openfacts
6291016011027,openfacts
6291016011058,openfacts
6291016014011,openfacts
6291016024010,openfacts
6291016024027,openfacts
6291016024034,openfacts
6291016024058,openfacts
6291016024065,openfacts
6291016024218,openfacts
6291016024225,openfacts
6291016024256,openfacts
6291016025017,openfacts
6291016111017,openfacts
6291016111024,openfacts
6291016111031,openfacts
6291016111055,openfacts
6291016111062,openfacts
6291016111093,openfacts
6291016114018,openfacts
6291016114025,openfacts
6291016114032,openfacts
6291016114049,openfacts
6291016114063,openfacts
6291016116067,openfacts
6291016118016,openfacts
6291016121047,openfacts
6291016121085,openfacts
6291016124062,openfacts
6291016126042,openfacts
6291016128046,openfacts
6291016131091,openfacts
6291016135013,openfacts
6291016223024,openfacts
6291019507176,openfacts
6291019744953,openfacts
6291021000009,openfacts
6291021000023,openfacts
6291021000504,openfacts
6291021000542,openfacts
6291021113044,openfacts
6291021210217,openfacts
6291021210316,openfacts
6291021210514,openfacts
6291021210712,openfacts
6291021212723,openfacts
6291021213119,openfacts
6291021269062,openfacts
6291021765502,openfacts
6291021940558,openfacts
6291023010051,openfacts
6291023010068,openfacts
6291023012970,openfacts
6291023014646,openfacts
6291023104378,openfacts
6291023108666,openfacts
6291023108697,openfacts
6291023134719,openfacts
6291023134863,openfacts
6291023134986,openfacts
6291023135006,openfacts
6291023135013,openfacts
6291023135242,openfacts
6291023138267,openfacts
6291023138380,openfacts
6291023138397,openfacts
6291023139905,openfacts
6291023141663,openfacts
6291023142080,openfacts
6291023142776,openfacts
6291023142905,openfacts
6291023142912,openfacts
6291023142929,openfacts
6291023142936,openfacts
6291023143025,openfacts
6291023143032,openfacts
6291023143049,openfacts
6291023143087,openfacts
6291023143124,openfacts
6291023143223,openfacts
6291023151495,openfacts
6291023160671,openfacts
6291023160732,openfacts
6291023201831,openfacts
6291023202234,openfacts
6291023202319,openfacts
6291023209554,openfacts
6291023223239,openfacts
6291023410011,openfacts
6291023410226,openfacts
6291023411216,openfacts
6291025000012,openfacts
6291025000029,openfacts
6291025001217,openfacts
6291025001750,openfacts
6291025001828,openfacts
6291025002429,openfacts
6291028000118,openfacts
6291028005021,openfacts
6291028006028,openfacts
6291028007100,openfacts
6291028016119,openfacts
6291028026101,openfacts
6291028100016,openfacts
6291028110022,openfacts
6291028120045,openfacts
6291028123046,openfacts
6291028124043,openfacts
6291028125040,openfacts
6291028126108,openfacts
6291028127204,openfacts
6291028128201,openfacts
6291028148001,openfacts
6291028150219,openfacts
6291028153241,openfacts
6291028167019,openfacts
6291028250025,openfacts
6291028500014,openfacts
6291028590060,openfacts
6291028870049,openfacts
6291028880048,openfacts
6291028900029,openfacts
6291028950048,openfacts
6291028960016,openfacts
6291029100015,openfacts
6291029100022,openfacts
6291029100039,openfacts
6291029110007,openfacts
6291029110014,openfacts
6291029110083,openfacts
6291029300019,openfacts
6291029300026,openfacts
6291029300040,openfacts
6291029300088,openfacts
6291029320000,openfacts
6291029500037,openfacts
6291029500051,openfacts
6291029500068,openfacts
6291029500099,openfacts
6291029700017,openfacts
6291029800045,openfacts
6291030000267,openfacts
6291030000885,openfacts
6291030002117,openfacts
6291030002124,openfacts
6291030003046,openfacts
6291030003251,openfacts
6291030003398,openfacts
6291030003459,openfacts
6291030003466,openfacts
6291030003497,openfacts
6291030003800,openfacts
6291030003817,openfacts
6291030003824,openfacts
6291030003831,openfacts
6291030004029,openfacts
6291030004036,openfacts
6291030004050,openfacts
6291030004401,openfacts
6291030004418,openfacts
6291030004425,openfacts
6291030004432,openfacts
6291030004449,openfacts
6291030004500,openfacts
6291030004548,openfacts
6291030004579,openfacts
6291030004586,openfacts
6291030004593,openfacts
6291030004616,openfacts
6291030004661,openfacts
6291030005972,openfacts
6291030005989,openfacts
6291030006122,openfacts
6291030006368,openfacts
6291030006429,openfacts
6291030006443,openfacts
6291030100035,openfacts
6291030101049,openfacts
6291030101063,openfacts
6291030104040,openfacts
6291030106020,openfacts
6291030106037,openfacts
6291030108017,openfacts
6291030108062,openfacts
6291030108208,openfacts
6291030108222,openfacts
6291030108666,openfacts
6291030108673,openfacts
6291030108703,openfacts
6291030109052,openfacts
6291030109502,openfacts
6291030109533,openfacts
6291030109540,openfacts
6291030109564,openfacts
6291030109571,openfacts
6291030109588,openfacts
6291030200025,openfacts
6291030200032,openfacts
6291030200070,openfacts
6291030201015,openfacts
6291030201022,openfacts
6291030201039,openfacts
6291030202036,openfacts
6291030301043,openfacts
6291030400029,openfacts
6291030400098,openfacts
6291030400142,openfacts
6291030400159,openfacts
6291030400241,openfacts
6291030400258,openfacts
6291030400340,openfacts
6291030401026,openfacts
6291030401040,openfacts
6291030401057,openfacts
6291030401088,openfacts
6291030500040,openfacts
6291030501016,openfacts
6291030501023,openfacts
6291030502037,openfacts
6291030506011,openfacts
6291030930045,openfacts
6291031000136,openfacts
6291031000174,openfacts
6291031000358,openfacts
6291031000471,openfacts
6291031000495,openfacts
6291031000570,openfacts
6291031000693,openfacts
6291031000709,openfacts
6291031000747,openfacts
6291031000792,openfacts
6291031000921,openfacts
6291031001799,openfacts
6291031002017,openfacts
6291031002055,openfacts
6291031002062,openfacts
6291031002079,openfacts
6291031002086,openfacts
6291031002567,openfacts
6291031002574,openfacts
6291031002598,openfacts
6291031002604,openfacts
6291031002611,openfacts
6291031002666,openfacts
6291031002673,openfacts
6291031002819,openfacts
6291031002826,openfacts
6291031003304,openfacts
6291031003328,openfacts
6291031003380,openfacts
6291031004042,openfacts
6291031004240,openfacts
6291031004257,openfacts
6291031004264,openfacts
6291031004271,openfacts
6291031004301,openfacts
6291031004318,openfacts
6291031004479,openfacts
6291031004486,openfacts
6291031010029,openfacts
6291031010258,openfacts
6291031010333,openfacts
6291031010340,openfacts
6291031010357,openfacts
6291031020103,openfacts
6291031020127,openfacts
6291031020202,openfacts
6291031020240,openfacts
6291031032229,openfacts
6291031032236,openfacts
6291031032540,openfacts
6291031032557,openfacts
6291034000898,openfacts
6291034001239,openfacts
6291034002403,openfacts
6291034003677,openfacts
6291034003899,openfacts
6291034005718,openfacts
6291034005725,openfacts
6291034139307,openfacts
6291034140969,openfacts
6291034141911,openfacts
6291034145711,openfacts
6291034147302,openfacts
6291034147319,openfacts
6291034147333,openfacts
6291034147418,openfacts
6291034147753,openfacts
6291034175190,openfacts
6291034298981,openfacts
6291034384783,openfacts
6291034469961,openfacts
6291034752353,openfacts
6291037100038,openfacts
6291037100229,openfacts
6291038004212,openfacts
6291038100129,openfacts
6291038100136,openfacts
6291038100143,openfacts
6291038100150,openfacts
6291038222029,openfacts
6291038351057,openfacts
6291038351071,openfacts
6291038710588,openfacts
6291038710649,openfacts
6291038950076,openfacts
6291040000004,openfacts
6291043112667,openfacts
6291043125001,openfacts
6291044000505,openfacts
6291044000512,openfacts
6291044100175,openfacts
6291044100199,openfacts
6291044110242,openfacts
6291044110358,openfacts
6291044110396,openfacts
6291044111447,openfacts
6291044112321,openfacts
6291044170093,openfacts
6291044170253,openfacts
6291044444910,openfacts
6291046110097,openfacts
6291047001226,openfacts
6291047001974,openfacts
6291047001998,openfacts
6291047002797,openfacts
6291047003244,openfacts
6291047004968,openfacts
6291047004982,openfacts
6291047005002,openfacts
6291047005064,openfacts
6291047020456,openfacts
6291047020487,openfacts
6291047020517,openfacts
6291047020586,openfacts
6291047020715,openfacts
6291047020777,openfacts
6291047020845,openfacts
6291047020876,openfacts
6291047030233,openfacts
6291047030387,openfacts
6291048028710,webdatacommons
6291048068204,webdatacommons
6291048096191,webdatacommons
6291048102052,webdatacommons
6291048102069,webdatacommons
6291048102076,webdatacommons
6291048102243,webdatacommons
6291048102250,webdatacommons
6291048116608,webdatacommons
6291048117582,webdatacommons
6291048117605,webdatacommons
6291048117612,webdatacommons
6291048117629,webdatacommons
6291048117636,webdatacommons
6291048117643,webdatacommons
6291048117650,webdatacommons
6291048117667,webdatacommons
6291048117797,webdatacommons
6291048117827,webdatacommons
6291048117858,webdatacommons
6291048117865,webdatacommons
6291048117889,webdatacommons
6291048117896,webdatacommons
6291048117919,webdatacommons
6291048117926,webdatacommons
6291048117988,webdatacommons
6291048117995,webdatacommons
6291048118008,webdatacommons
6291048118053,webdatacommons
6291048118077,webdatacommons
6291048118084,webdatacommons
6291048118138,webdatacommons
6291048118145,webdatacommons
6291048118176,webdatacommons
6291048118183,webdatacommons
6291048118244,webdatacommons
6291048118251,webdatacommons
6291048118275,webdatacommons
6291048118329,webdatacommons
6291048118381,webdatacommons
6291048118398,webdatacommons
6291048118404,webdatacommons
6291048118428,webdatacommons
6291048118435,webdatacommons
6291048118442,webdatacommons
6291048118466,webdatacommons
6291048118473,webdatacommons
6291048118480,webdatacommons
6291048118497,webdatacommons
6291048118503,webdatacommons
6291048118527,webdatacommons
6291048118534,webdatacommons
6291048118541,webdatacommons
6291048118565,webdatacommons
6291048118572,webdatacommons
6291048118589,webdatacommons
6291048118602,webdatacommons
6291048118688,webdatacommons
6291048118695,webdatacommons
6291048118718,webdatacommons
6291048118725,webdatacommons
6291048118749,webdatacommons
6291048118756,webdatacommons
6291048118763,webdatacommons
6291048118787,webdatacommons
6291048118794,webdatacommons
6291048118800,webdatacommons
6291048118824,webdatacommons
6291048118831,webdatacommons
6291048119036,webdatacommons
6291048119067,webdatacommons
6291048119098,webdatacommons
6291048119104,webdatacommons
6291048119111,webdatacommons
6291048119234,webdatacommons
6291048119265,webdatacommons
6291048119302,webdatacommons
6291048119395,webdatacommons
6291048119548,webdatacommons
6291048119579,webdatacommons
6291048119609,webdatacommons
6291048119630,webdatacommons
6291048119654,webdatacommons
6291048119715,webdatacommons
6291048119746,webdatacommons
6291048119869,webdatacommons
6291048119982,webdatacommons
6291048119999,webdatacommons
6291048120018,webdatacommons
6291048120049,webdatacommons
6291048120056,webdatacommons
6291048120070,webdatacommons
6291048120087,webdatacommons
6291048120117,webdatacommons
6291048120148,webdatacommons
6291048120155,webdatacommons
6291048120162,webdatacommons
6291048120186,webdatacommons
6291048120193,webdatacommons
6291048120216,webdatacommons
6291048120223,webdatacommons
6291048120230,webdatacommons
6291048120247,webdatacommons
6291048120322,webdatacommons
6291048120339,webdatacommons
6291048120346,webdatacommons
6291048120353,webdatacommons
6291048120582,webdatacommons
6291048120889,webdatacommons
6291048120896,webdatacommons
6291048120902,webdatacommons
6291048120926,webdatacommons
6291048120933,webdatacommons
6291048120940,webdatacommons
6291048120964,webdatacommons
6291048120971,webdatacommons
6291048120988,webdatacommons
6291048121008,webdatacommons
6291048121015,webdatacommons
6291048121039,webdatacommons
6291048121114,webdatacommons
6291048121138,webdatacommons
6291048121183,webdatacommons
6291048121190,webdatacommons
6291048121213,webdatacommons
6291048121220,webdatacommons
6291048121503,webdatacommons
6291048121695,webdatacommons
6291048121725,webdatacommons
6291048121756,webdatacommons
6291048121879,webdatacommons
6291048122029,webdatacommons
6291048122166,webdatacommons
6291048122241,webdatacommons
6291048122289,webdatacommons
6291048122562,webdatacommons
6291048123057,webdatacommons
6291048123156,webdatacommons
6291048123613,webdatacommons
6291048123958,webdatacommons
6291048124023,webdatacommons
6291048124115,webdatacommons
6291048124184,webdatacommons
6291048124276,webdatacommons
6291048124306,webdatacommons
6291048124429,webdatacommons
6291048124481,webdatacommons
6291048124795,webdatacommons
6291048124856,webdatacommons
6291048125044,webdatacommons
6291048125563,webdatacommons
6291048125693,webdatacommons
6291048125730,webdatacommons
6291048125808,webdatacommons
6291048125891,webdatacommons
6291048125907,webdatacommons
6291048126201,webdatacommons
6291048126447,webdatacommons
6291048126492,webdatacommons
6291048126522,webdatacommons
6291048126577,webdatacommons
6291048127147,webdatacommons
6291048127215,webdatacommons
6291048127222,webdatacommons
6291048127277,webdatacommons
6291048127291,webdatacommons
6291048127413,webdatacommons
6291048127703,webdatacommons
6291048127956,webdatacommons
6291048128465,webdatacommons
6291048128816,webdatacommons
6291048129097,webdatacommons
6291048129325,webdatacommons
6291048129578,webdatacommons
6291048129899,webdatacommons
6291048130116,webdatacommons
6291048130161,webdatacommons
6291048130192,webdatacommons
6291048130321,webdatacommons
6291048130734,webdatacommons
6291048130833,webdatacommons
6291048130901,webdatacommons
6291048130970,webdatacommons
6291048130987,webdatacommons
6291048131151,webdatacommons
6291048131373,webdatacommons
6291048131632,webdatacommons
6291048131700,webdatacommons
6291048131779,webdatacommons
6291048131953,webdatacommons
6291048132578,webdatacommons
6291048132660,webdatacommons
6291048132738,webdatacommons
6291048132745,webdatacommons
6291048132974,webdatacommons
6291048133155,webdatacommons
6291048133162,webdatacommons
6291048133537,webdatacommons
6291048133865,webdatacommons
6291048133964,webdatacommons
6291048134008,webdatacommons
6291048134015,webdatacommons
6291048134138,webdatacommons
6291048134329,webdatacommons
6291048134565,webdatacommons
6291048134572,webdatacommons
6291048134633,webdatacommons
6291048134701,webdatacommons
6291048134756,webdatacommons
6291048134763,webdatacommons
6291048134817,webdatacommons
6291048134862,webdatacommons
6291048135005,webdatacommons
6291048135296,webdatacommons
6291048135555,webdatacommons
6291048135692,webdatacommons
6291048136538,webdatacommons
6291048136583,webdatacommons
6291048136774,webdatacommons
6291048136781,webdatacommons
6291048136866,webdatacommons
6291048137085,webdatacommons
6291048137139,webdatacommons
6291048137283,webdatacommons
6291048137306,webdatacommons
6291048137481,webdatacommons
6291048137856,webdatacommons
6291048137962,webdatacommons
6291048138037,webdatacommons
6291048138068,webdatacommons
6291048138075,webdatacommons
6291048138648,webdatacommons
6291048138655,webdatacommons
6291048138877,webdatacommons
6291048138907,webdatacommons
6291048139867,webdatacommons
6291048139904,webdatacommons
6291048139973,webdatacommons
6291048140283,webdatacommons
6291048140498,webdatacommons
6291048140610,webdatacommons
6291048140672,webdatacommons
6291048140900,webdatacommons
6291048140986,webdatacommons
6291048141174,webdatacommons
6291048141310,webdatacommons
6291048141655,webdatacommons
6291048141730,webdatacommons
6291048141884,webdatacommons
6291048141952,webdatacommons
6291048142126,openfacts
6291048142447,webdatacommons
6291048142454,webdatacommons
6291048142478,webdatacommons
6291048142492,webdatacommons
6291048142539,webdatacommons
6291048142584,webdatacommons
6291048143031,webdatacommons
6291048143055,webdatacommons
6291048143079,webdatacommons
6291048143222,webdatacommons
6291048143284,webdatacommons
6291048143307,webdatacommons
6291048143369,webdatacommons
6291048143383,webdatacommons
6291048143659,webdatacommons
6291048143710,webdatacommons
6291048143796,webdatacommons
6291048143857,webdatacommons
6291048144038,webdatacommons
6291048144052,webdatacommons
6291048144625,webdatacommons
6291048144816,webdatacommons
6291048144939,webdatacommons
6291048144953,webdatacommons
6291048145363,webdatacommons
6291048145530,webdatacommons
6291048145776,webdatacommons
6291048145783,webdatacommons
6291048145790,webdatacommons
6291048146261,webdatacommons
6291048146278,webdatacommons
6291048146414,webdatacommons
6291048146612,webdatacommons
6291048146759,webdatacommons
6291048146964,webdatacommons
6291048147015,webdatacommons
6291048147039,webdatacommons
6291048147084,webdatacommons
6291048147091,webdatacommons
6291048147619,webdatacommons
6291048148081,webdatacommons
6291048148234,webdatacommons
6291048148418,webdatacommons
6291048148647,webdatacommons
6291048148708,webdatacommons
6291048148739,webdatacommons
6291048148876,webdatacommons
6291048149071,webdatacommons
6291048149132,webdatacommons
6291048149156,webdatacommons
6291048149422,webdatacommons
6291048149576,webdatacommons
6291048149668,webdatacommons
6291048149866,webdatacommons
6291048149927,webdatacommons
6291048149996,webdatacommons
6291048150053,webdatacommons
6291048150084,webdatacommons
6291048150138,webdatacommons
6291048150336,webdatacommons
6291048150534,webdatacommons
6291048150565,webdatacommons
6291048150879,webdatacommons
6291048150916,webdatacommons
6291048151050,webdatacommons
6291048151166,webdatacommons
6291048151272,webdatacommons
6291048151883,webdatacommons
6291048152163,webdatacommons
6291048152262,webdatacommons
6291048152491,webdatacommons
6291048152514,webdatacommons
6291048152743,webdatacommons
6291048152781,webdatacommons
6291048152880,webdatacommons
6291048153092,webdatacommons
6291048153276,webdatacommons
6291048153672,webdatacommons
6291048153870,webdatacommons
6291048153917,webdatacommons
6291048154273,webdatacommons
6291048154334,webdatacommons
6291048154822,webdatacommons
6291048154884,webdatacommons
6291048155041,webdatacommons
6291048155157,webdatacommons
6291048155225,webdatacommons
6291048155249,webdatacommons
6291048155515,webdatacommons
6291048155690,webdatacommons
6291048155713,webdatacommons
6291048155911,webdatacommons
6291048156246,webdatacommons
6291048156413,webdatacommons
6291048156635,webdatacommons
6291048156734,webdatacommons
6291048156758,webdatacommons
6291048156789,webdatacommons
6291048156802,webdatacommons
6291048156888,webdatacommons
6291048156949,webdatacommons
6291048157069,webdatacommons
6291048157137,webdatacommons
6291048157212,webdatacommons
6291048157229,webdatacommons
6291048157281,webdatacommons
6291048157335,webdatacommons
6291048157403,webdatacommons
6291048157434,webdatacommons
6291048157540,webdatacommons
6291048157892,webdatacommons
6291048157908,webdatacommons
6291048157984,webdatacommons
6291048158028,webdatacommons
6291048158103,webdatacommons
6291048158165,webdatacommons
6291048158394,webdatacommons
6291048158721,webdatacommons
6291048158776,webdatacommons
6291048158783,webdatacommons
6291048158820,webdatacommons
6291048158868,webdatacommons
6291048159308,webdatacommons
6291048159438,webdatacommons
6291048159513,webdatacommons
6291048159674,webdatacommons
6291048160038,webdatacommons
6291048160205,webdatacommons
6291048160298,webdatacommons
6291048160359,webdatacommons
6291048160496,webdatacommons
6291048160502,webdatacommons
6291048160625,webdatacommons
6291048160946,webdatacommons
6291048160953,webdatacommons
6291048160977,webdatacommons
6291048161035,webdatacommons
6291048161059,webdatacommons
6291048161080,webdatacommons
6291048161189,webdatacommons
6291048161318,webdatacommons
6291048161370,webdatacommons
6291048161592,webdatacommons
6291048161646,webdatacommons
6291048161936,webdatacommons
6291048161967,webdatacommons
6291048162025,webdatacommons
6291048162070,webdatacommons
6291048162445,webdatacommons
6291048162476,webdatacommons
6291048162933,webdatacommons
6291048163138,webdatacommons
6291048163459,webdatacommons
6291048164159,webdatacommons
6291048164203,webdatacommons
6291048164272,webdatacommons
6291048164319,webdatacommons
6291048164593,webdatacommons
6291048164678,webdatacommons
6291048164791,webdatacommons
6291048164944,webdatacommons
6291048165279,webdatacommons
6291048165408,webdatacommons
6291048165514,webdatacommons
6291048165521,webdatacommons
6291048165941,webdatacommons
6291048165958,webdatacommons
6291048165989,webdatacommons
6291048166030,webdatacommons
6291048166177,webdatacommons
6291048166214,webdatacommons
6291048166269,webdatacommons
6291048166450,webdatacommons
6291048166580,webdatacommons
6291048166634,webdatacommons
6291048166658,webdatacommons
6291048166757,webdatacommons
6291048167136,webdatacommons
6291048167259,webdatacommons
6291048167730,webdatacommons
6291048168157,webdatacommons
6291048168218,webdatacommons
6291048168317,webdatacommons
6291048168683,webdatacommons
6291048168713,webdatacommons
6291048168843,webdatacommons
6291048169420,webdatacommons
6291048169505,webdatacommons
6291048169581,webdatacommons
6291048169680,webdatacommons
6291048169857,webdatacommons
6291048169864,webdatacommons
6291048169987,webdatacommons
6291048170747,webdatacommons
6291048170754,webdatacommons
6291048170761,webdatacommons
6291048170778,webdatacommons
6291048170785,webdatacommons
6291048172604,webdatacommons
6291048172611,webdatacommons
6291048172628,webdatacommons
6291048172635,webdatacommons
6291048172642,webdatacommons
6291048172666,webdatacommons
6291048176480,webdatacommons
6291048176497,webdatacommons
6291048176503,webdatacommons
6291048176510,webdatacommons
6291048176640,webdatacommons
6291048176664,webdatacommons
6291048177197,webdatacommons
6291048177203,webdatacommons
6291048177210,webdatacommons
6291048177234,webdatacommons
6291048177456,webdatacommons
6291048177463,webdatacommons
6291048177470,webdatacommons
6291048177487,webdatacommons
6291048177494,webdatacommons
6291048178231,webdatacommons
6291048181804,webdatacommons
6291048181811,webdatacommons
6291048182047,webdatacommons
6291048182054,webdatacommons
6291048182085,webdatacommons
6291048182092,webdatacommons
6291048182108,webdatacommons
6291048182115,webdatacommons
6291048182139,webdatacommons
6291048182146,webdatacommons
6291048182153,webdatacommons
6291048182160,webdatacommons
6291048182177,webdatacommons
6291048182184,webdatacommons
6291048182207,webdatacommons
6291048182221,webdatacommons
6291048182238,webdatacommons
6291048182245,webdatacommons
6291048182252,webdatacommons
6291048182276,webdatacommons
6291048182283,webdatacommons
6291048182290,webdatacommons
6291048182306,webdatacommons
6291048182313,webdatacommons
6291048182320,webdatacommons
6291048182337,webdatacommons
6291048182351,webdatacommons
6291048182368,webdatacommons
6291048182375,webdatacommons
6291048182382,webdatacommons
6291048182399,webdatacommons
6291048182405,webdatacommons
6291048182412,webdatacommons
6291048182436,webdatacommons
6291048182443,webdatacommons
6291048182450,webdatacommons
6291048182474,webdatacommons
6291048182498,webdatacommons
6291048182504,webdatacommons
6291048182511,webdatacommons
6291048182528,webdatacommons
6291048182535,webdatacommons
6291048182542,webdatacommons
6291048182559,webdatacommons
6291048182566,webdatacommons
6291048182573,webdatacommons
6291048182580,webdatacommons
6291048182597,webdatacommons
6291048182856,webdatacommons
6291048182863,webdatacommons
6291048185314,webdatacommons
6291048185321,webdatacommons
6291048187905,webdatacommons
6291048187912,webdatacommons
6291048189893,webdatacommons
6291048189909,webdatacommons
6291048189916,webdatacommons
6291048190639,webdatacommons
6291048190790,webdatacommons
6291048190806,webdatacommons
6291048191353,webdatacommons
6291048191360,webdatacommons
6291048191377,webdatacommons
6291048191384,webdatacommons
6291048193647,webdatacommons
6291048193678,webdatacommons
6291048193685,webdatacommons
6291048193692,webdatacommons
6291048193708,webdatacommons
6291048193715,webdatacommons
6291048194620,webdatacommons
6291048194637,webdatacommons
6291048194644,webdatacommons
6291048194651,webdatacommons
6291048194668,webdatacommons
6291048194675,webdatacommons
6291048194682,webdatacommons
6291048194699,webdatacommons
6291048195375,webdatacommons
6291048195382,webdatacommons
6291048195399,webdatacommons
6291048195436,webdatacommons
6291048195443,webdatacommons
6291048195450,webdatacommons
6291048195467,webdatacommons
6291048195474,webdatacommons
6291048195481,webdatacommons
6291048197171,webdatacommons
6291048197188,webdatacommons
6291048197195,webdatacommons
6291048197201,webdatacommons
6291048197676,webdatacommons
6291048198512,webdatacommons
6291048198550,webdatacommons
6291048202448,webdatacommons
6291048202455,webdatacommons
6291048202493,webdatacommons
6291048202554,webdatacommons
6291048202585,webdatacommons
6291048202639,webdatacommons
6291048202691,webdatacommons
6291048202738,webdatacommons
6291048202745,webdatacommons
6291048202950,webdatacommons
6291048203001,webdatacommons
6291048203018,webdatacommons
6291048205050,webdatacommons
6291048207009,webdatacommons
6291048207023,webdatacommons
6291049329120,openfacts
6291049349340,openfacts
6291049359561,openfacts
6291050019461,openfacts
6291050064003,openfacts
6291050085107,openfacts
6291050094734,openfacts
6291052000252,openfacts
6291052002645,openfacts
6291052002652,openfacts
6291052002676,openfacts
6291052002683,openfacts
6291052003222,openfacts
6291052003277,openfacts
6291052003864,openfacts
6291052004960,openfacts
6291052005462,openfacts
6291052101119,openfacts
6291052101126,openfacts
6291052101133,openfacts
6291052101171,openfacts
6291052152388,openfacts
6291052202212,openfacts
6291052303117,openfacts
6291052347029,openfacts
6291052347043,openfacts
6291052347074,openfacts
6291052347081,openfacts
6291052347098,openfacts
6291052347104,openfacts
6291052347265,openfacts
6291052347289,openfacts
6291052347319,openfacts
6291052348576,openfacts
6291052349184,openfacts
6291052349801,openfacts
6291052349962,openfacts
6291052352184,openfacts
6291052404012,openfacts
6291052404029,openfacts
6291052404135,openfacts
6291052404197,openfacts
6291052404203,openfacts
6291052404210,openfacts
6291053040141,openfacts
6291053040165,openfacts
6291053040189,openfacts
6291053040196,openfacts
6291053040233,openfacts
6291053040264,openfacts
6291053040523,openfacts
6291053040752,openfacts
6291053041063,openfacts
6291053041094,openfacts
6291053050003,openfacts
6291053070230,openfacts
6291053070360,openfacts
6291053080055,openfacts
6291053090030,openfacts
6291053090061,openfacts
6291053130033,openfacts
6291053130057,openfacts
6291053130071,openfacts
6291053130149,openfacts
6291053230016,openfacts
6291053341378,openfacts
6291053500010,openfacts
6291053500270,openfacts
6291053781440,openfacts
6291053782379,openfacts
6291053881638,openfacts
6291055000013,openfacts
6291055000051,openfacts
6291055000150,openfacts
6291055002390,openfacts
6291055002444,webdatacommons
6291055004714,openfacts
6291055007142,openfacts
6291055014225,openfacts
6291055073062,openfacts
6291055107613,openfacts
6291056000128,openfacts
6291056000142,openfacts
6291056000784,openfacts
6291056001002,openfacts
6291056001118,openfacts
6291056001828,openfacts
6291056001941,openfacts
6291056001958,openfacts
6291056001972,openfacts
6291056001989,openfacts
6291056002016,openfacts
6291056002030,openfacts
6291056002115,openfacts
6291056002191,openfacts
6291056002269,openfacts
6291056002276,openfacts
6291056002283,openfacts
6291056002290,openfacts
6291056002306,openfacts
6291056002320,openfacts
6291056002467,openfacts
6291056002474,openfacts
6291056002481,openfacts
6291056002603,openfacts
6291056002771,openfacts
6291056002788,openfacts
6291056002801,openfacts
6291056003426,openfacts
6291056003440,openfacts
6291056003563,openfacts
6291056003587,openfacts
6291056003846,openfacts
6291056003860,openfacts
6291056004010,openfacts
6291056004034,openfacts
6291056004201,openfacts
6291056010004,openfacts
6291056011513,openfacts
6291056011544,openfacts
6291056030507,openfacts
6291056041527,openfacts
6291056041725,openfacts
6291056043019,openfacts
6291056043040,openfacts
6291056043101,openfacts
6291056055654,openfacts
6291056055678,openfacts
6291056060009,openfacts
6291056060504,openfacts
6291056061303,openfacts
6291056067527,openfacts
6291056067534,openfacts
6291056068012,openfacts
6291056068029,openfacts
6291056068050,openfacts
6291056068944,openfacts
6291056068968,openfacts
6291056070008,openfacts
6291056070107,openfacts
6291056101504,openfacts
6291056101603,openfacts
6291056102013,openfacts
6291056180011,openfacts
6291056180028,openfacts
6291056180318,openfacts
6291056180356,openfacts
6291056180387,openfacts
6291056180400,openfacts
6291056200009,openfacts
6291056200504,openfacts
6291056200511,openfacts
6291056211012,openfacts
6291056211029,openfacts
6291056211203,openfacts
6291056300105,openfacts
6291056300273,openfacts
6291058037566,openfacts
6291058037733,openfacts
6291058038570,openfacts
6291058038587,openfacts
6291058090677,openfacts
6291058090806,openfacts
6291058096990,openfacts
6291058097003,openfacts
6291058097027,openfacts
6291058097256,openfacts
6291058100390,openfacts
6291058103889,openfacts
6291058105555,openfacts
6291058109409,openfacts
6291058115356,openfacts
6291058132971,openfacts
6291058142024,openfacts
6291058142123,openfacts
6291058146343,openfacts
6291058148095,openfacts
6291058150388,openfacts
6291058150951,openfacts
6291058151194,openfacts
6291058152252,openfacts
6291058152269,openfacts
6291058152955,openfacts
6291058155390,openfacts
6291058156151,openfacts
6291058156250,openfacts
6291058156939,openfacts
6291058156960,openfacts
6291058156977,openfacts
6291058158230,openfacts
6291058160929,openfacts
6291058161001,openfacts
6291058162343,openfacts
6291058164088,openfacts
6291058165276,openfacts
6291058165603,openfacts
6291058165627,openfacts
6291058165634,openfacts
6291059069115,openfacts
6291059069238,openfacts
6291059069252,openfacts
6291060704067,openfacts
6291061045381,openfacts
6291061124079,openfacts
6291061131503,openfacts
6291061137567,openfacts
6291061140727,openfacts
6291061140734,openfacts
6291062100010,openfacts
6291062100041,openfacts
6291062100119,openfacts
6291062100522,openfacts
6291062100690,openfacts
6291062101031,openfacts
6291062101062,openfacts
6291062101208,openfacts
6291062101963,openfacts
6291062103110,openfacts
6291062200017,openfacts
6291062200161,openfacts
6291062200727,openfacts
6291067058149,openfacts
6291069201314,openfacts
6291069201437,openfacts
6291069206708,openfacts
6291069207200,openfacts
6291069208023,openfacts
6291069208207,webdatacommons
6291069208221,openfacts
6291069208238,openfacts
6291069208252,openfacts
6291069208269,webdatacommons
6291069208276,openfacts
6291069208290,openfacts
6291069651034,openfacts
6291069651041,openfacts
6291069651058,openfacts
6291069651065,openfacts
6291069651072,openfacts
6291069651089,openfacts
6291069654509,openfacts
6291069655001,openfacts
6291069655117,openfacts
6291069700220,openfacts
6291069700282,openfacts
6291069700374,webdatacommons
6291069700435,openfacts
6291069700541,openfacts
6291069700572,openfacts
6291069700794,openfacts
6291069700800,openfacts
6291069701012,webdatacommons
6291069701197,openfacts
6291069701272,openfacts
6291069701661,openfacts
6291069701678,webdatacommons
6291069701746,openfacts
6291069701753,openfacts
6291069701814,openfacts
6291069701821,openfacts
6291069701951,openfacts
6291069702644,openfacts
6291069702651,openfacts
6291069702668,openfacts
6291069702903,openfacts
6291069704044,openfacts
6291069704051,openfacts
6291069704082,openfacts
6291069705355,openfacts
6291069706376,openfacts
6291069706383,openfacts
6291069706475,openfacts
6291069706505,openfacts
6291069706659,openfacts
6291069707144,openfacts
6291069707502,openfacts
6291069707793,openfacts
6291069708059,openfacts
6291069708066,openfacts
6291069708073,openfacts
6291069708127,openfacts
6291069709186,openfacts
6291069709681,openfacts
6291069709971,openfacts
6291069710205,openfacts
6291069710380,openfacts
6291069710830,openfacts
6291069710847,openfacts
6291069710861,openfacts
6291069711462,webdatacommons
6291069712285,openfacts
6291069712292,openfacts
6291069716146,openfacts
6291069716795,openfacts
6291069717129,openfacts
6291069719857,openfacts
6291069723021,openfacts
6291069727777,openfacts
6291069733013,openfacts
6291069734126,openfacts
6291069734140,openfacts
6291069734164,openfacts
6291069738711,openfacts
6291069741759,openfacts
6291069741766,openfacts
6291069741773,openfacts
6291069745856,openfacts
6291069751581,openfacts
6291069751598,openfacts
6291069756357,openfacts
6291069757354,openfacts
6291069760439,openfacts
6291069763065,openfacts
6291069766660,openfacts
6291069766677,openfacts
6291069770797,openfacts
6291070071005,openfacts
6291070081004,openfacts
6291071020026,openfacts
6291074292352,openfacts
6291075211017,openfacts
6291075211048,openfacts
6291075211086,openfacts
6291075211109,openfacts
6291075212427,openfacts
6291078935521,openfacts
6291079216209,openfacts
6291079217497,openfacts
6291079220336,openfacts
6291079220367,openfacts
6291079224907,openfacts
6291079225058,openfacts
6291079225089,openfacts
6291079225096,openfacts
6291079225102,openfacts
6291079225157,openfacts
6291079225195,openfacts
6291079225201,openfacts
6291079225218,openfacts
6291079225317,openfacts
6291079225331,openfacts
6291079225348,openfacts
6291079225768,openfacts
6291079225775,openfacts
6291079226017,openfacts
6291079226079,openfacts
6291079226086,openfacts
6291079226093,openfacts
6291079226109,openfacts
6291079226130,openfacts
6291079226147,openfacts
6291079227021,openfacts
6291079227038,openfacts
6291079227045,openfacts
6291079227052,openfacts
6291079227076,openfacts
6291079227649,openfacts
6291079250067,openfacts
6291079250180,openfacts
6291079275121,openfacts
6291079359005,openfacts
6291079359470,openfacts
6291079362074,openfacts
6291079362081,openfacts
6291079362470,openfacts
6291079362937,openfacts
6291079363569,openfacts
6291079363613,openfacts
6291079363651,openfacts
6291079363668,openfacts
6291079363675,openfacts
6291079363736,openfacts
6291079363774,openfacts
6291079363811,openfacts
6291079363835,openfacts
6291079363842,openfacts
6291079363859,openfacts
6291079363873,openfacts
6291079363880,openfacts
6291079363903,openfacts
6291079363927,openfacts
6291079363934,openfacts
6291079364252,openfacts
6291079364276,openfacts
6291079364290,openfacts
6291079364313,openfacts
6291079364351,openfacts
6291079368823,openfacts
6291079368861,openfacts
6291079369752,openfacts
6291079371731,openfacts
6291079374299,openfacts
6291079374305,openfacts
6291079374329,openfacts
6291079374336,openfacts
6291079374343,openfacts
6291079374404,openfacts
6291079374459,openfacts
6291079380887,openfacts
6291079382638,openfacts
6291079382645,openfacts
6291079386582,openfacts
6291079388685,openfacts
6291079388784,openfacts
6291080097101,openfacts
6291081100664,openfacts
6291082333511,openfacts
6291090074000,openfacts
6291100001057,openfacts
6291100001194,openfacts
6291100001309,openfacts
6291100001354,openfacts
6291100002009,openfacts
6291100002023,openfacts
6291100002047,openfacts
6291100002061,openfacts
6291100002085,openfacts
6291100002092,openfacts
6291100002108,openfacts
6291100002405,openfacts
6291100002429,openfacts
6291100002436,openfacts
6291100002443,openfacts
6291100002535,openfacts
6291100002658,openfacts
6291100002795,openfacts
6291100003129,openfacts
6291100005222,openfacts
6291100007004,openfacts
6291100007011,openfacts
6291100080038,openfacts
6291100080045,openfacts
6291100080083,openfacts
6291100080090,openfacts
6291100080441,openfacts
6291100080557,openfacts
6291100081059,openfacts
6291100081066,openfacts
6291100081271,openfacts
6291100081394,openfacts
6291100081554,openfacts
6291100082117,openfacts
6291100082377,openfacts
6291100082711,openfacts
6291100085804,openfacts
6291100086313,openfacts
6291100131709,openfacts
6291100131716,openfacts
6291100138951,openfacts
6291100139002,openfacts
6291100151028,openfacts
6291100153039,openfacts
6291100153527,openfacts
6291100154531,openfacts
6291100155347,openfacts
6291100158843,openfacts
6291100170678,webdatacommons
6291100172009,openfacts
6291100174140,webdatacommons
6291100174409,webdatacommons
6291100176038,webdatacommons
6291100176656,webdatacommons
6291100176892,openfacts
6291100177110,webdatacommons
6291100177196,webdatacommons
6291100177394,webdatacommons
6291100178742,webdatacommons
6291100178810,webdatacommons
6291100178865,webdatacommons
6291100179190,webdatacommons
6291100179237,webdatacommons
6291100179268,webdatacommons
6291100179275,webdatacommons
6291100179299,webdatacommons
6291100179534,webdatacommons
6291100179558,webdatacommons
6291100179794,webdatacommons
6291100191536,openfacts
6291100191673,openfacts
6291100191789,openfacts
6291100198504,openfacts
6291100198764,openfacts
6291100198788,openfacts
6291100198795,openfacts
6291100198801,openfacts
6291100198832,openfacts
6291100198924,openfacts
6291100198986,openfacts
6291100200016,openfacts
6291100212514,openfacts
6291100212606,openfacts
6291100212651,openfacts
6291100212781,openfacts
6291100212804,openfacts
6291100212842,openfacts
6291100212866,openfacts
6291100213108,openfacts
6291100213122,openfacts
6291100213146,openfacts
6291100213160,openfacts
6291100213184,openfacts
6291100213320,openfacts
6291100213344,openfacts
6291100213368,openfacts
6291100213429,openfacts
6291100213504,openfacts
6291100219001,openfacts
6291100242016,openfacts
6291100243211,openfacts
6291100243648,openfacts
6291100244270,openfacts
6291100265732,openfacts
6291100271214,openfacts
6291100271221,openfacts
6291100271238,openfacts
6291100272433,openfacts
6291100274000,webdatacommons
6291100275298,openfacts
6291100278480,openfacts
6291100300013,openfacts
6291100300020,openfacts
6291100300525,openfacts
6291100310753,openfacts
6291100325764,openfacts
6291100340675,openfacts
6291100341443,openfacts
6291100341726,openfacts
6291100341887,openfacts
6291100343829,openfacts
6291100343904,openfacts
6291100344185,openfacts
6291100345380,openfacts
6291100345564,openfacts
6291100410088,openfacts
6291100450275,openfacts
6291100499311,openfacts
6291100499328,openfacts
6291100513970,openfacts
6291100514533,openfacts
6291100515325,openfacts
6291100600083,openfacts
6291100600090,openfacts
6291100600106,openfacts
6291100600120,openfacts
6291100600137,openfacts
6291100600212,openfacts
6291100600335,openfacts
6291100600427,openfacts
6291100600489,openfacts
6291100600526,openfacts
6291100600564,openfacts
6291100600571,openfacts
6291100600625,openfacts
6291100600687,openfacts
6291100600984,openfacts
6291100601196,openfacts
6291100601257,openfacts
6291100601332,openfacts
6291100601394,openfacts
6291100601813,openfacts
6291100601950,openfacts
6291100602124,openfacts
6291100602407,openfacts
6291100602520,openfacts
6291100602551,openfacts
6291100602612,openfacts
6291100602629,openfacts
6291100602896,openfacts
6291100602902,openfacts
6291100603091,openfacts
6291100603138,openfacts
6291100603169,openfacts
6291100603244,openfacts
6291100603268,openfacts
6291100603305,openfacts
6291100603411,openfacts
6291100603428,openfacts
6291100603497,openfacts
6291100603565,openfacts
6291100603589,openfacts
6291100603633,openfacts
6291100603688,openfacts
6291100603930,openfacts
6291100604067,openfacts
6291100604128,openfacts
6291100604197,openfacts
6291100604609,openfacts
6291100604685,openfacts
6291100604838,openfacts
6291100604968,openfacts
6291100605231,openfacts
6291100605262,openfacts
6291100605712,openfacts
6291100605736,openfacts
6291100605750,openfacts
6291100605866,openfacts
6291100605996,openfacts
6291100606023,openfacts
6291100606030,openfacts
6291100606047,openfacts
6291100606313,openfacts
6291100606610,openfacts
6291100606658,openfacts
6291100606887,openfacts
6291100607051,openfacts
6291100607518,openfacts
6291100607853,openfacts
6291100607877,openfacts
6291100607976,openfacts
6291100608157,openfacts
6291100608171,openfacts
6291100608225,openfacts
6291100608232,openfacts
6291100608263,openfacts
6291100608270,openfacts
6291100608508,openfacts
6291100608539,openfacts
6291100608577,openfacts
6291100608720,openfacts
6291100608799,openfacts
6291100608805,openfacts
6291100608812,openfacts
6291100608935,openfacts
6291100609093,openfacts
6291100609253,openfacts
6291100609260,openfacts
6291100609277,openfacts
6291100609642,openfacts
6291100609659,openfacts
6291100609727,openfacts
6291100609802,openfacts
6291100609819,openfacts
6291100609826,openfacts
6291100609949,openfacts
6291100609956,openfacts
6291100609994,openfacts
6291100690015,openfacts
6291100690039,openfacts
6291100690053,openfacts
6291100690138,openfacts
6291100730070,openfacts
6291100730094,openfacts
6291100731589,openfacts
6291100732029,openfacts
6291100732357,webdatacommons
6291100760442,openfacts
6291100760459,openfacts
6291100781560,openfacts
6291100785261,openfacts
6291100800018,openfacts
6291100800025,openfacts
6291100800049,openfacts
6291100800056,openfacts
6291100800094,openfacts
6291100800162,openfacts
6291100800377,openfacts
6291100820054,openfacts
6291100850037,openfacts
6291100850044,openfacts
6291100850068,openfacts
6291100850075,openfacts
6291100850211,openfacts
6291100850365,openfacts
6291100850426,openfacts
6291100852154,openfacts
6291100852178,openfacts
6291100852222,openfacts
6291100852239,openfacts
6291100852246,openfacts
6291100852840,openfacts
6291100852888,openfacts
6291100853267,openfacts
6291100853397,openfacts
6291100853403,openfacts
6291100862061,openfacts
6291100880256,openfacts
6291100880461,openfacts
6291100880577,openfacts
6291100880591,openfacts
6291100880737,openfacts
6291100880744,openfacts
6291100880768,openfacts
6291100880843,openfacts
6291100880904,openfacts
6291100881062,openfacts
6291100881109,openfacts
6291100881147,openfacts
6291100930012,openfacts
6291100930043,openfacts
6291100930142,openfacts
6291100930302,openfacts
6291100930388,openfacts
6291100930517,openfacts
6291100930531,openfacts
6291100930548,openfacts
6291100930555,openfacts
6291100930586,openfacts
6291100930630,openfacts
6291100930647,openfacts
6291100930814,openfacts
6291100931033,openfacts
6291100931385,openfacts
6291100931514,openfacts
6291100931569,openfacts
6291100931644,openfacts
6291100931781,openfacts
6291100932016,openfacts
6291100932931,openfacts
6291100933921,openfacts
6291100933976,openfacts
6291100935192,openfacts
6291100935390,openfacts
6291100936038,openfacts
6291100936465,openfacts
6291100936571,openfacts
6291100937288,openfacts
6291100937738,openfacts
6291100937752,openfacts
6291100938407,openfacts
6291100939633,openfacts
6291100939640,openfacts
6291100951277,openfacts
6291100953561,openfacts
6291100956197,openfacts
6291100956227,openfacts
6291100983285,openfacts
6291100983308,openfacts
6291100983629,openfacts
6291101000080,openfacts
6291101031640,openfacts
6291101033408,openfacts
6291101034849,openfacts
6291101036096,openfacts
6291101036171,openfacts
6291101036300,openfacts
6291101036362,openfacts
6291101115005,openfacts
6291101130022,openfacts
6291101130183,openfacts
6291101130640,openfacts
6291101130923,openfacts
6291101130961,openfacts
6291101130978,openfacts
6291101130992,openfacts
6291101131005,openfacts
6291101131029,openfacts
6291101131050,openfacts
6291101131258,openfacts
6291101131272,openfacts
6291101132248,openfacts
6291101133269,openfacts
6291101133801,openfacts
6291101133825,openfacts
6291101133849,openfacts
6291101134433,openfacts
6291101136758,openfacts
6291101136789,openfacts
6291101137359,openfacts
6291101137588,openfacts
6291101137786,openfacts
6291101138370,openfacts
6291101138660,openfacts
6291101138820,openfacts
6291101138950,openfacts
6291101361129,openfacts
6291101366629,openfacts
6291101369217,openfacts
6291101490881,openfacts
6291101520595,openfacts
6291101522858,openfacts
6291101589783,openfacts
6291101593438,openfacts
6291101667146,openfacts
6291101698669,webdatacommons
6291101710811,openfacts
6291101717506,openfacts
6291101782016,openfacts
6291101782023,openfacts
6291101782030,openfacts
6291101782047,openfacts
6291101834265,openfacts
6291101880187,openfacts
6291101880200,openfacts
6291101880262,openfacts
6291101880774,openfacts
6291101882037,openfacts
6291101882044,openfacts
6291101886530,openfacts
6291102000010,openfacts
6291102000072,openfacts
6291102000089,openfacts
6291102000102,openfacts
6291102000119,openfacts
6291102000522,openfacts
6291102001017,openfacts
6291102001048,openfacts
6291102001819,openfacts
6291102001826,openfacts
6291102001840,openfacts
6291102001857,openfacts
6291102009662,openfacts
6291102010002,openfacts
6291102010064,openfacts
6291102010071,openfacts
6291102010095,openfacts
6291102013034,openfacts
6291102013553,openfacts
6291102014536,openfacts
6291102014543,openfacts
6291102015113,openfacts
6291102015434,openfacts
6291102090929,openfacts
6291102112447,openfacts
6291102116469,openfacts
6291102140815,openfacts
6291102141126,openfacts
6291102141133,openfacts
6291102141331,openfacts
6291102141508,openfacts
6291102142406,openfacts
6291102145766,openfacts
6291102146701,openfacts
6291102147548,openfacts
6291102147869,openfacts
6291102148187,openfacts
6291102148194,openfacts
6291102148217,openfacts
6291102149313,openfacts
6291102149320,openfacts
6291102149337,openfacts
6291102149436,openfacts
6291102149450,openfacts
6291102149481,openfacts
6291102160028,openfacts
6291103030016,openfacts
6291103030023,openfacts
6291103083869,openfacts
6291103086471,openfacts
6291103150011,openfacts
6291103150028,openfacts
6291103150127,openfacts
6291103150202,openfacts
6291103150394,openfacts
6291103151223,openfacts
6291103151254,openfacts
6291103151919,openfacts
6291103152053,openfacts
6291103152251,openfacts
6291103152909,openfacts
6291103153081,openfacts
6291103153111,openfacts
6291103153340,openfacts
6291103153791,openfacts
6291103153821,openfacts
6291103320056,openfacts
6291103336606,openfacts
6291103361059,openfacts
6291103362421,openfacts
6291103362582,openfacts
6291103362797,openfacts
6291103363435,openfacts
6291103363442,openfacts
6291103363459,openfacts
6291103363466,openfacts
6291103364050,openfacts
6291103364388,openfacts
6291103369819,openfacts
6291103380005,openfacts
6291103381170,openfacts
6291103381316,openfacts
6291103410146,openfacts
6291103541468,openfacts
6291103541635,openfacts
6291103541710,openfacts
6291103544513,openfacts
6291103544711,openfacts
6291103545800,openfacts
6291103546838,openfacts
6291103551801,openfacts
6291103570840,openfacts
6291103620507,openfacts
6291103620590,openfacts
6291103620705,openfacts
6291103620781,openfacts
6291103621160,openfacts
6291103621306,openfacts
6291103621320,openfacts
6291103622853,openfacts
6291103624383,openfacts
6291103625007,openfacts
6291103628435,openfacts
6291103629739,openfacts
6291103730091,openfacts
6291103730343,openfacts
6291103730459,openfacts
6291103750013,openfacts
6291103750044,openfacts
6291103750051,openfacts
6291103750068,usda
6291103750075,openfacts
6291103750082,openfacts
6291103750099,openfacts
6291103750129,openfacts
6291103750136,openfacts
6291103750143,openfacts
6291103750150,openfacts
6291103750167,usda
6291103750174,openfacts
6291103750198,openfacts
6291103750204,openfacts
6291103750235,usda
6291103750259,openfacts
6291103750266,openfacts
6291103750297,usda
6291103750327,openfacts
6291103750341,openfacts
6291103750358,openfacts
6291103750365,openfacts
6291103750440,openfacts
6291103750495,openfacts
6291103750501,openfacts
6291103750617,openfacts
6291103782922,openfacts
6291103789228,openfacts
6291103789327,openfacts
6291103789426,openfacts
6291103930071,openfacts
6291103932716,openfacts
6291103982346,openfacts
6291103983435,openfacts
6291103984807,openfacts
6291103985477,openfacts
6291103988249,openfacts
6291103988454,openfacts
6291103988515,openfacts
6291104086500,openfacts
6291104105423,openfacts
6291104140004,openfacts
6291104140127,openfacts
6291104140707,openfacts
6291104151338,openfacts
6291104152342,openfacts
6291104152731,openfacts
6291104154605,openfacts
6291104155732,openfacts
6291104155749,openfacts
6291104157491,openfacts
6291104157927,openfacts
6291104180062,openfacts
6291104181373,openfacts
6291104181755,openfacts
6291104181946,openfacts
6291104182073,openfacts
6291104182189,openfacts
6291104182479,openfacts
6291104183575,openfacts
6291104183636,openfacts
6291104190931,openfacts
6291104191952,openfacts
6291104192331,openfacts
6291104192416,openfacts
6291104196476,openfacts
6291104230040,openfacts
6291104231146,openfacts
6291104231153,openfacts
6291104231160,openfacts
6291104231221,openfacts
6291104231238,openfacts
6291104234031,openfacts
6291104236585,openfacts
6291104271180,openfacts
6291104271395,openfacts
6291104271821,openfacts
6291104271906,openfacts
6291104272033,openfacts
6291104272132,openfacts
6291104272637,openfacts
6291104274600,openfacts
6291104275072,openfacts
6291104280243,openfacts
6291104280267,openfacts
6291104281257,openfacts
6291104281370,openfacts
6291104281387,openfacts
6291104281844,openfacts
6291104281868,openfacts
6291104282100,openfacts
6291104282117,openfacts
6291104282124,openfacts
6291104282148,openfacts
6291104282278,openfacts
6291104282377,openfacts
6291104282407,openfacts
6291104282414,openfacts
6291104282421,openfacts
6291104282834,openfacts
6291104283077,openfacts
6291104283237,openfacts
6291104283251,openfacts
6291104283343,openfacts
6291104283350,openfacts
6291104283398,openfacts
6291104283404,openfacts
6291104283510,openfacts
6291104283527,openfacts
6291104283657,openfacts
6291104283664,openfacts
6291104283718,openfacts
6291104283725,openfacts
6291104283961,openfacts
6291104284036,openfacts
6291104284128,openfacts
6291104284135,openfacts
6291104284142,openfacts
6291104284159,openfacts
6291104284203,openfacts
6291104284371,openfacts
6291104284449,openfacts
6291104284609,openfacts
6291104284616,openfacts
6291104284630,openfacts
6291104284661,openfacts
6291104284678,openfacts
6291104284692,openfacts
6291104284838,openfacts
6291104284845,openfacts
6291104284913,openfacts
6291104285255,openfacts
6291104285392,openfacts
6291104285422,openfacts
6291104285644,openfacts
6291104285675,openfacts
6291104285682,openfacts
6291104285712,openfacts
6291104285750,openfacts
6291104285781,openfacts
6291104285996,openfacts
6291104286009,openfacts
6291104286016,openfacts
6291104286078,openfacts
6291104286115,openfacts
6291104287297,openfacts
6291104287303,openfacts
6291104287310,openfacts
6291104287884,openfacts
6291104287907,openfacts
6291104288041,openfacts
6291104288614,openfacts
6291104288669,openfacts
6291104288683,openfacts
6291104289000,openfacts
6291104289017,openfacts
6291104289031,openfacts
6291104289048,openfacts
6291104289222,openfacts
6291104289239,openfacts
6291104289284,openfacts
6291104289314,openfacts
6291104289604,openfacts
6291104289611,openfacts
6291104289628,openfacts
6291104290136,openfacts
6291104291249,openfacts
6291104291669,openfacts
6291104359925,openfacts
6291104359956,openfacts
6291104480735,openfacts
6291104736764,openfacts
6291104792432,openfacts
6291104811058,openfacts
6291104811119,openfacts
6291104811188,openfacts
6291104870000,openfacts
6291104922839,openfacts
6291104922938,openfacts
6291104980006,openfacts
6291104987142,openfacts
6291105018654,openfacts
6291105065276,openfacts
6291105091534,openfacts
6291105131179,openfacts
6291105131223,openfacts
6291105151887,openfacts
6291105161237,openfacts
6291105161251,openfacts
6291105161275,openfacts
6291105161312,openfacts
6291105188739,openfacts
6291105200912,openfacts
6291105201056,openfacts
6291105201117,openfacts
6291105201124,openfacts
6291105201247,openfacts
6291105207812,openfacts
6291105208222,openfacts
6291105230056,webdatacommons
6291105231046,webdatacommons
6291105232265,webdatacommons
6291105410359,openfacts
6291105410403,openfacts
6291105410809,openfacts
6291105410885,openfacts
6291105411387,openfacts
6291105411905,openfacts
6291105412728,openfacts
6291105412988,openfacts
6291105414173,openfacts
6291105416030,openfacts
6291105416825,openfacts
6291105416948,openfacts
6291105417006,openfacts
6291105417327,openfacts
6291105417396,openfacts
6291105417525,openfacts
6291105418416,openfacts
6291105418430,openfacts
6291105418515,openfacts
6291105418577,openfacts
6291105418669,openfacts
6291105419857,openfacts
6291105421270,openfacts
6291105470186,openfacts
6291105470414,openfacts
6291105470421,openfacts
6291105470681,openfacts
6291105470704,openfacts
6291105650083,openfacts
6291105650151,openfacts
6291105650168,openfacts
6291105658249,openfacts
6291105660075,openfacts
6291105690041,openfacts
6291105690072,openfacts
6291105690102,openfacts
6291105690225,openfacts
6291105690249,openfacts
6291105690737,openfacts
6291105690744,openfacts
6291105690881,openfacts
6291105690898,openfacts
6291105690904,openfacts
6291105690911,openfacts
6291105691161,openfacts
6291105691178,openfacts
6291105691185,openfacts
6291105691215,openfacts
6291105691222,openfacts
6291105691321,openfacts
6291105691338,openfacts
6291105691451,openfacts
6291105691505,openfacts
6291105691581,openfacts
6291105692120,openfacts
6291105692137,openfacts
6291105692144,openfacts
6291105692151,openfacts
6291105692229,openfacts
6291105692236,openfacts
6291105692243,openfacts
6291105692342,openfacts
6291105692502,openfacts
6291105692632,openfacts
6291105692748,openfacts
6291105692939,openfacts
6291105692946,openfacts
6291105692984,openfacts
6291105692991,openfacts
6291105693196,openfacts
6291105693202,openfacts
6291105693295,openfacts
6291105693707,openfacts
6291105693714,openfacts
6291105693998,openfacts
6291105694001,openfacts
6291105694162,openfacts
6291105694179,openfacts
6291105694186,openfacts
6291105694193,openfacts
6291105694230,openfacts
6291105694247,openfacts
6291105694254,openfacts
6291105694261,openfacts
6291105694278,openfacts
6291105694445,openfacts
6291105694452,openfacts
6291105694469,openfacts
6291105694476,openfacts
6291105694483,openfacts
6291105694490,openfacts
6291105694537,openfacts
6291105694544,openfacts
6291105694643,openfacts
6291105694667,openfacts
6291105694766,openfacts
6291105694827,openfacts
6291105760454,openfacts
6291105761307,openfacts
6291105769938,openfacts
6291105773331,openfacts
6291105773454,openfacts
6291105777421,openfacts
6291105810098,openfacts
6291105810111,openfacts
6291105810128,openfacts
6291105810371,openfacts
6291105811231,openfacts
6291105811248,openfacts
6291105813730,openfacts
6291105816274,openfacts
6291105816939,openfacts
6291105816946,openfacts
6291105816953,openfacts
6291105821148,openfacts
6291105821179,openfacts
6291105821209,openfacts
6291105821254,openfacts
6291105822633,openfacts
6291105822893,openfacts
6291105823166,openfacts
6291105823616,openfacts
6291105823678,openfacts
6291105823685,openfacts
6291105823692,openfacts
6291105823708,openfacts
6291105824019,openfacts
6291105824026,openfacts
6291105825023,openfacts
6291105825030,openfacts
6291105825047,openfacts
6291105825054,openfacts
6291105825085,openfacts
6291105825153,openfacts
6291105825368,openfacts
6291105825986,openfacts
6291105826976,openfacts
6291105891264,openfacts
6291105900140,openfacts
6291105900188,openfacts
6291105900201,openfacts
6291105900249,openfacts
6291105903738,openfacts
6291105970044,openfacts
6291105970099,openfacts
6291105970143,openfacts
6291105972888,openfacts
6291105973182,openfacts
6291105977265,openfacts
6291105979825,openfacts
6291105979832,openfacts
6291105979856,openfacts
6291105979894,openfacts
6291105979948,openfacts
6291106030907,openfacts
6291106031454,openfacts
6291106032895,openfacts
6291106034264,openfacts
6291106034431,openfacts
6291106063233,openfacts
6291106063707,openfacts
6291106063998,openfacts
6291106064001,openfacts
6291106064841,openfacts
6291106065053,openfacts
6291106065060,openfacts
6291106065114,openfacts
6291106066715,openfacts
6291106066722,openfacts
6291106066890,openfacts
6291106068177,openfacts
6291106069020,openfacts
6291106069372,openfacts
6291106069525,openfacts
6291106141320,openfacts
6291106141948,openfacts
6291106142273,openfacts
6291106144536,openfacts
6291106222111,openfacts
6291106324334,openfacts
6291106330380,openfacts
6291106338188,openfacts
6291106420104,openfacts
6291106420968,openfacts
6291106421002,openfacts
6291106421491,openfacts
6291106421767,openfacts
6291106421927,openfacts
6291106421934,openfacts
6291106421941,openfacts
6291106422870,openfacts
6291106423297,openfacts
6291106423822,openfacts
6291106424874,openfacts
6291106425628,openfacts
6291106425635,openfacts
6291106425659,openfacts
6291106425789,openfacts
6291106426359,openfacts
6291106426823,openfacts
6291106429329,openfacts
6291106440430,openfacts
6291106441239,openfacts
6291106441246,openfacts
6291106441277,openfacts
6291106441420,openfacts
6291106441444,openfacts
6291106441710,openfacts
6291106441727,openfacts
6291106441758,openfacts
6291106441765,openfacts
6291106442908,openfacts
6291106442915,openfacts
6291106442922,openfacts
6291106442946,openfacts
6291106443844,openfacts
6291106447507,openfacts
6291106448306,openfacts
6291106448603,openfacts
6291106448740,openfacts
6291106448788,openfacts
6291106448849,openfacts
6291106449303,openfacts
6291106449587,openfacts
6291106449594,openfacts
6291106449624,openfacts
6291106449631,openfacts
6291106449679,openfacts
6291106450002,openfacts
6291106450019,openfacts
6291106450095,openfacts
6291106450101,openfacts
6291106450125,openfacts
6291106450149,openfacts
6291106450354,openfacts
6291106450378,openfacts
6291106450385,openfacts
6291106459876,openfacts
6291106459975,openfacts
6291106471007,openfacts
6291106483963,openfacts
6291106488036,openfacts
6291106488203,openfacts
6291106490565,openfacts
6291106492897,usda
6291106492934,usda
6291106492958,usda
6291106515091,openfacts
6291106530070,openfacts
6291106530148,openfacts
6291106530865,openfacts
6291106532654,openfacts
6291106534382,openfacts
6291106534702,openfacts
6291106534795,openfacts
6291106534924,openfacts
6291106538069,openfacts
6291106538601,openfacts
6291106539042,openfacts
6291106539110,openfacts
6291106539127,openfacts
6291106539134,openfacts
6291106582000,openfacts
6291106582307,openfacts
6291106582451,openfacts
6291106582468,openfacts
6291106582567,openfacts
6291106761184,openfacts
6291106762273,openfacts
6291106762341,openfacts
6291106762389,openfacts
6291106762419,openfacts
6291106762495,openfacts
6291106762549,openfacts
6291106763294,openfacts
6291106763546,openfacts
6291106763560,openfacts
6291106763577,openfacts
6291106763584,openfacts
6291106765168,openfacts
6291106767001,openfacts
6291106767377,openfacts
6291106767384,openfacts
6291106813029,openfacts
6291106813098,openfacts
6291106813838,openfacts
6291106820867,openfacts
6291106820874,openfacts
6291106823714,openfacts
6291106840018,openfacts
6291106840704,openfacts
6291106840780,openfacts
6291106840803,openfacts
6291106840841,openfacts
6291106841060,openfacts
6291106841107,openfacts
6291106843590,openfacts
6291106845778,openfacts
6291106853384,openfacts
6291106855272,openfacts
6291106890020,openfacts
6291106890075,openfacts
6291106890129,openfacts
6291106890167,openfacts
6291106890211,openfacts
6291106890242,openfacts
6291106890280,openfacts
6291106890389,openfacts
6291106890426,openfacts
6291106890464,openfacts
6291106890525,openfacts
6291106890532,openfacts
6291106890570,openfacts
6291106890891,openfacts
6291106890921,openfacts
6291106892901,openfacts
6291106892918,openfacts
6291106892925,openfacts
6291106892932,openfacts
6291106893083,openfacts
6291106893113,openfacts
6291106894097,openfacts
6291106894127,openfacts
6291106894158,openfacts
6291106894165,openfacts
6291106894172,openfacts
6291106894196,openfacts
6291106894202,openfacts
6291106894226,openfacts
6291106894295,openfacts
6291106894301,openfacts
6291106895384,openfacts
6291106895407,openfacts
6291106895544,openfacts
6291106895643,openfacts
6291106897807,openfacts
6291106960013,openfacts
6291106960044,openfacts
6291106961201,openfacts
6291106963243,openfacts
6291106963809,openfacts
6291106963984,openfacts
6291107010137,openfacts
6291107050348,openfacts
6291107050362,openfacts
6291107051888,openfacts
6291107051918,openfacts
6291107051932,openfacts
6291107051956,openfacts
6291107051987,openfacts
6291107052175,openfacts
6291107052342,openfacts
6291107052427,openfacts
6291107052465,openfacts
6291107052908,openfacts
6291107053561,openfacts
6291107053585,openfacts
6291107053592,openfacts
6291107053783,openfacts
6291107053790,openfacts
6291107053813,openfacts
6291107054025,openfacts
6291107054032,openfacts
6291107054049,openfacts
6291107054322,openfacts
6291107054339,openfacts
6291107054346,openfacts
6291107054353,openfacts
6291107054377,openfacts
6291107054513,openfacts
6291107054575,openfacts
6291107054582,openfacts
6291107054599,openfacts
6291107054735,openfacts
6291107054841,openfacts
6291107054940,openfacts
6291107055022,openfacts
6291107055503,openfacts
6291107055732,openfacts
6291107055961,openfacts
6291107061252,openfacts
6291107062518,openfacts
6291107064109,openfacts
6291107064956,openfacts
6291107065021,openfacts
6291107065038,openfacts
6291107065113,openfacts
6291107065137,openfacts
6291107065557,openfacts
6291107065564,openfacts
6291107067988,openfacts
6291107069098,openfacts
6291107069432,openfacts
6291107069760,openfacts
6291107097381,openfacts
6291107139364,openfacts
6291107190099,openfacts
6291107220031,openfacts
6291107220178,openfacts
6291107220451,openfacts
6291107220581,openfacts
6291107220710,openfacts
6291107220727,openfacts
6291107220994,openfacts
6291107221014,openfacts
6291107221106,openfacts
6291107222301,openfacts
6291107222349,openfacts
6291107222400,openfacts
6291107223414,openfacts
6291107223438,openfacts
6291107223537,openfacts
6291107223964,openfacts
6291107224466,openfacts
6291107224565,openfacts
6291107224718,openfacts
6291107225081,openfacts
6291107225111,openfacts
6291107225654,openfacts
6291107225661,openfacts
6291107225722,openfacts
6291107227818,openfacts
6291107282169,openfacts
6291107283111,openfacts
6291107291437,openfacts
6291107293097,openfacts
6291107293714,openfacts
6291107296272,openfacts
6291107298733,openfacts
6291107343150,openfacts
6291107344317,openfacts
6291107344348,openfacts
6291107344904,openfacts
6291107372020,openfacts
6291107375342,openfacts
6291107376691,openfacts
6291107377025,openfacts
6291107377506,openfacts
6291107377520,openfacts
6291107377773,openfacts
6291107378442,openfacts
6291107378473,openfacts
6291107378480,openfacts
6291107378565,openfacts
6291107379296,openfacts
6291107379340,openfacts
6291107379524,openfacts
6291107380544,openfacts
6291107383019,openfacts
6291107384450,openfacts
6291107387734,openfacts
6291107387765,openfacts
6291107387772,openfacts
6291107387796,openfacts
6291107388892,openfacts
6291107388939,openfacts
6291107388977,openfacts
6291107389332,openfacts
6291107389516,openfacts
6291107389653,openfacts
6291107420189,openfacts
6291107441078,openfacts
6291107441092,openfacts
6291107441597,openfacts
6291107442297,openfacts
6291107445212,openfacts
6291107446288,openfacts
6291107447087,openfacts
6291107447643,openfacts
6291107448244,openfacts
6291107448299,openfacts
6291107450193,openfacts
6291107450414,openfacts
6291107450438,openfacts
6291107450445,openfacts
6291107450582,openfacts
6291107450605,openfacts
6291107451527,openfacts
6291107452357,openfacts
6291107454412,openfacts
6291107454429,openfacts
6291107456058,openfacts
6291107456065,openfacts
6291107456348,openfacts
6291107456355,openfacts
6291107456485,openfacts
6291107457895,openfacts
6291107458328,openfacts
6291107459080,openfacts
6291107459264,openfacts
6291107465876,openfacts
6291107467832,openfacts
6291107500256,openfacts
6291107530574,openfacts
6291107532073,openfacts
6291107556437,openfacts
6291107557823,openfacts
6291107557830,openfacts
6291107558295,openfacts
6291107558318,openfacts
6291107558332,openfacts
6291107558370,openfacts
6291107558554,openfacts
6291107558615,openfacts
6291107558639,openfacts
6291107558653,openfacts
6291107558752,openfacts
6291107558776,openfacts
6291107558790,openfacts
6291107558813,openfacts
6291107558837,openfacts
6291107558851,openfacts
6291107558899,openfacts
6291107558936,openfacts
6291107558974,openfacts
6291107558998,openfacts
6291107559247,openfacts
6291107559261,openfacts
6291107559285,openfacts
6291107559308,openfacts
6291107559322,openfacts
6291107559346,openfacts
6291107610146,openfacts
6291107610689,openfacts
6291107610702,openfacts
6291107610870,openfacts
6291107612034,openfacts
6291107612171,openfacts
6291107613406,openfacts
6291107613635,openfacts
6291107613642,openfacts
6291107613994,openfacts
6291107614007,openfacts
6291107614014,openfacts
6291107614069,openfacts
6291107614076,openfacts
6291107615479,openfacts
6291107615851,openfacts
6291107619149,openfacts
6291107654997,openfacts
6291107674926,openfacts
6291107681504,openfacts
6291107686301,openfacts
6291107689906,openfacts
6291107760841,openfacts
6291107770000,openfacts
6291107770031,openfacts
6291107770048,openfacts
6291107770055,openfacts
6291107770062,openfacts
6291107770338,openfacts
6291107770604,openfacts
6291107770826,openfacts
6291107770918,openfacts
6291107770925,openfacts
6291107771380,openfacts
6291107771410,openfacts
6291107771427,openfacts
6291107771847,openfacts
6291107771885,openfacts
6291107772042,openfacts
6291107772394,openfacts
6291107772844,openfacts
6291107773032,openfacts
6291107773223,openfacts
6291107773483,openfacts
6291107773636,openfacts
6291107773643,openfacts
6291107773803,openfacts
6291107773964,openfacts
6291107774169,openfacts
6291107774183,openfacts
6291107774244,openfacts
6291107774268,openfacts
6291107779126,openfacts
6291107779133,openfacts
6291107779355,openfacts
6291107779386,openfacts
6291107779607,openfacts
6291107779614,openfacts
6291107779621,openfacts
6291107779638,openfacts
6291107779669,openfacts
6291107800196,openfacts
6291107800226,openfacts
6291107800233,openfacts
6291107800257,openfacts
6291107800271,openfacts
6291107801223,openfacts
6291107803333,openfacts
6291107810225,openfacts
6291107817521,openfacts
6291107819686,openfacts
6291107822815,openfacts
6291107822877,openfacts
6291107823362,openfacts
6291107823386,openfacts
6291107835488,openfacts
6291107835495,openfacts
6291107835624,openfacts
6291107835815,openfacts
6291107890609,usda
6291107890616,usda
6291107890623,openfacts
6291107890630,usda
6291107891019,openfacts
6291107892306,openfacts
6291107892313,openfacts
6291107892368,openfacts
6291107895727,openfacts
6291107929880,openfacts
6291107970387,webdatacommons
6291107971193,openfacts
6291107974002,openfacts
6291107974149,openfacts
6291107975351,openfacts
6291107975863,openfacts
6291107975962,openfacts
6291107978789,openfacts
6291108000014,openfacts
6291108021033,openfacts
6291108070093,openfacts
6291108070215,openfacts
6291108070345,openfacts
6291108070352,openfacts
6291108070376,openfacts
6291108070406,openfacts
6291108070758,openfacts
6291108090541,openfacts
6291108090992,openfacts
6291108101209,openfacts
6291108101230,openfacts
6291108107027,openfacts
6291108107058,openfacts
6291108160008,openfacts
6291108165126,openfacts
6291108165287,openfacts
6291108165782,openfacts
6291108220191,openfacts
6291108220221,openfacts
6291108220344,openfacts
6291108220429,openfacts
6291108220894,openfacts
6291108221273,openfacts
6291108221587,openfacts
6291108221662,openfacts
6291108222188,openfacts
6291108222409,openfacts
6291108222416,openfacts
6291108222706,openfacts
6291108224151,openfacts
6291108224939,openfacts
6291108225226,openfacts
6291108225400,openfacts
6291108225417,openfacts
6291108225424,openfacts
6291108225431,openfacts
6291108225516,openfacts
6291108225554,openfacts
6291108225936,openfacts
6291108225943,openfacts
6291108226223,openfacts
6291108226230,openfacts
6291108226612,openfacts
6291108226766,openfacts
6291108226865,openfacts
6291108226964,openfacts
6291108227855,openfacts
6291108230251,openfacts
6291108230541,openfacts
6291108230961,openfacts
6291108232286,openfacts
6291108232927,openfacts
6291108233764,openfacts
6291108290767,openfacts
6291108292341,openfacts
6291108321607,openfacts
6291108323441,openfacts
6291108323946,openfacts
6291108326190,openfacts
6291108326763,openfacts
6291108340004,openfacts
6291108340011,openfacts
6291108340028,openfacts
6291108340035,openfacts
6291108340042,openfacts
6291108340059,openfacts
6291108340073,openfacts
6291108340080,openfacts
6291108340097,openfacts
6291108340189,openfacts
6291108340240,openfacts
6291108340318,openfacts
6291108340349,openfacts
6291108340622,openfacts
6291108340653,openfacts
6291108340738,openfacts
6291108340851,openfacts
6291108340936,openfacts
6291108340974,openfacts
6291108340998,openfacts
6291108341025,openfacts
6291108341476,openfacts
6291108341582,openfacts
6291108341612,openfacts
6291108341698,openfacts
6291108341711,openfacts
6291108341759,openfacts
6291108341827,openfacts
6291108341834,openfacts
6291108341889,openfacts
6291108342343,openfacts
6291108342367,openfacts
6291108342572,openfacts
6291108342664,openfacts
6291108422168,openfacts
6291108422892,openfacts
6291108422915,openfacts
6291108423738,openfacts
6291108423752,openfacts
6291108423851,openfacts
6291108424230,openfacts
6291108424278,openfacts
6291108424797,openfacts
6291108426104,openfacts
6291108428047,openfacts
6291108428061,openfacts
6291108428290,openfacts
6291108429785,openfacts
6291108440049,openfacts
6291108440339,openfacts
6291108440391,openfacts
6291108440469,openfacts
6291108440612,openfacts
6291108440810,openfacts
6291108442975,openfacts
6291108443217,openfacts
6291108443859,openfacts
6291108497692,openfacts
6291108497753,openfacts
6291108498323,openfacts
6291108498347,openfacts
6291108498361,openfacts
6291108499504,openfacts
6291108499559,openfacts
6291108557358,openfacts
6291108557365,openfacts
6291108557471,openfacts
6291108582046,openfacts
6291108583876,openfacts
6291108583968,openfacts
6291108583982,openfacts
6291108583999,openfacts
6291108584033,openfacts
6291108585405,openfacts
6291108585474,openfacts
6291108585481,openfacts
6291108585993,openfacts
6291108586587,openfacts
6291108586860,openfacts
6291108586891,openfacts
6291108587171,openfacts
6291108587447,openfacts
6291108587454,openfacts
6291108587461,openfacts
6291108588468,openfacts
6291108588666,openfacts
6291108593301,webdatacommons
6291108630846,openfacts
6291108631454,openfacts
6291108632390,openfacts
6291108632901,openfacts
6291108635490,openfacts
6291108636237,openfacts
6291108636923,openfacts
6291108636961,openfacts
6291108637937,openfacts
6291108638460,openfacts
6291108638774,openfacts
6291108639085,openfacts
6291108639092,openfacts
6291108639108,openfacts
6291108639139,openfacts
6291108639153,openfacts
6291108639238,openfacts
6291108639252,openfacts
6291108670231,openfacts
6291108670705,openfacts
6291108702819,openfacts
6291108722367,openfacts
6291108728246,openfacts
6291108730195,openfacts
6291108730362,openfacts
6291108730515,openfacts
6291108733721,openfacts
6291108733875,openfacts
6291108734179,openfacts
6291108734209,openfacts
6291108734506,openfacts
6291108734513,openfacts
6291108734520,openfacts
6291108734537,openfacts
6291108734940,openfacts
6291108735046,openfacts
6291108735053,openfacts
6291108735411,openfacts
6291108735442,openfacts
6291108735565,openfacts
6291108735589,openfacts
6291108737101,openfacts
6291108737194,openfacts
6291108737323,openfacts
6291108737996,openfacts
6291108738009,openfacts
6291108738016,openfacts
6291108738115,openfacts
6291108738191,openfacts
6291108738214,openfacts
6291108738276,openfacts
6291108738481,openfacts
6291108738498,openfacts
6291108739020,openfacts
6291108860519,openfacts
6291108860526,openfacts
6291108860557,openfacts
6291108860922,openfacts
6291108861011,openfacts
6291108861646,openfacts
6291108861745,openfacts
6291108861752,openfacts
6291108861776,openfacts
6291108861790,openfacts
6291108861899,openfacts
6291108899106,webdatacommons
6291108899809,openfacts
6291108930977,openfacts
6291109040446,openfacts
6291109100539,openfacts
6291109100843,openfacts
6291109120100,openfacts
6291109120339,openfacts
6291109120353,openfacts
6291109120360,openfacts
6291109120421,openfacts
6291109120490,openfacts
6291109120681,openfacts
6291109120933,openfacts
6291109121121,openfacts
6291109121169,openfacts
6291109121176,openfacts
6291109130260,openfacts
6291109180456,openfacts
6291109300021,openfacts
6291109300045,openfacts
6291109300090,openfacts
6291109302612,openfacts
6291109540830,openfacts
6291109540847,openfacts
6291109600381,openfacts
6291109603559,openfacts
6291109603986,openfacts
6291109605560,openfacts
6291109655176,openfacts
6291109655756,openfacts
6291109655978,openfacts
6291109740063,openfacts
6291109751625,openfacts
6291109751632,openfacts
6291109751687,openfacts
6291109760061,openfacts
6291109760429,openfacts
6291109760566,openfacts
6291109760900,openfacts
6291109762744,openfacts
6291109762751,openfacts
6291109762775,openfacts
6291109767299,openfacts
6291109767343,openfacts
6291109767893,openfacts
6291109790297,openfacts
6291109790303,openfacts
6291109790310,openfacts
6291109790327,openfacts
6291109790495,openfacts
6291109790594,openfacts
6291109847137,openfacts
6291109850366,openfacts
6291109865209,openfacts
6291109891246,openfacts
6291109920069,webdatacommons
6291109920618,webdatacommons
6291109980933,openfacts
6291109980940,openfacts
6291109982524,openfacts
6291109982548,openfacts
6291109982586,openfacts
6291109982609,openfacts
6291109983118,openfacts
6291109983163,openfacts
6291109983187,openfacts
6291109983200,openfacts
6291109984504,openfacts
6291109984528,openfacts
6291109985853,openfacts
6291109986492,openfacts
6291109989820,openfacts
6291110002938,openfacts
6291110003645,openfacts
6291111126176,openfacts
6291112131445,openfacts
6291113000078,openfacts
6291113003635,openfacts
6291113003659,openfacts
6291113003673,openfacts
6291113003734,openfacts
6291113102383,openfacts
6291113102444,openfacts
6291113102468,openfacts
6291113102482,openfacts
6291113102611,openfacts
6291113111217,openfacts
6291115000014,openfacts
6291115000021,openfacts
6291115000069,openfacts
6291115000212,openfacts
6291115000588,openfacts
6291115000601,openfacts
6291115000786,openfacts
6291115000847,openfacts
6291115001301,openfacts
6291115001318,openfacts
6291115001769,openfacts
6291115001783,openfacts
6291115003015,openfacts
6291115003671,openfacts
6291115003688,openfacts
6291196237606,openfacts
6291255879433,openfacts
6291360505180,openfacts
6291419205566,openfacts
6291437201625,openfacts
6291437201632,openfacts
6291437201649,openfacts
6291681402311,openfacts
6291790321589,openfacts
6291899712820,openfacts
6291900221167,openfacts
6291965210250,openfacts
6291993010211,openfacts
6292000064029,openfacts
6292011656183,openfacts
6292014103677,openfacts
6292111450513,openfacts
6292111451183,openfacts
6292111452166,openfacts
6292111467436,openfacts
6292111467580,openfacts
6292111468686,openfacts
6292111469843,openfacts
6292111471341,openfacts
6292111471372,openfacts
6292111471389,openfacts
6292111471396,openfacts
6292184699055,openfacts
6292233884210,openfacts
6292296128795,openfacts
6292555136103,openfacts
6292555136509,openfacts
6292590749856,openfacts
6292625179269,openfacts
6292625179863,openfacts
6292643000453,openfacts
6292644003293,openfacts
6292644003323,openfacts
6292644003385,openfacts
6292644004726,openfacts
6292644004986,openfacts
6292644005112,openfacts
6292644005464,openfacts
6292673647215,openfacts
6292758627071,openfacts
6292791102924,openfacts
6292848615520,openfacts
6292848615544,openfacts
6292848615568,openfacts
6292848616114,openfacts
6292848616251,openfacts
6292848616275,openfacts
6292848619344,openfacts
6292848620487,openfacts
6292848620494,openfacts
6292860346600,openfacts
6292864825491,openfacts
6293259898137,openfacts
6293370709831,openfacts
6293482790055,openfacts
6293608000204,openfacts
6293650008388,openfacts
6293650043433,openfacts
6293675827100,openfacts
6293708001712,openfacts
6293708002092,openfacts
6293708006106,openfacts
6293708009190,openfacts
6293708012688,openfacts
6293811759111,openfacts
6293830563812,openfacts
6293830568510,openfacts
6293830577918,openfacts
6293832200463,openfacts
6293835092072,openfacts
6293839334116,openfacts
6293847350474,openfacts
6293850679579,openfacts
6293954325860,openfacts
6294000510537,openfacts
6294001682417,openfacts
6294001800019,openfacts
6294001800279,openfacts
6294001800828,openfacts
6294001807377,openfacts
6294001807384,openfacts
6294001808404,openfacts
6294001808886,openfacts
6294001810490,openfacts
6294001812135,openfacts
6294001812265,openfacts
6294001813286,openfacts
6294001813316,openfacts
6294001813347,openfacts
6294001813392,openfacts
6294001813415,openfacts
6294001813668,openfacts
6294001814139,openfacts
6294001814153,openfacts
6294001814177,openfacts
6294001815266,openfacts
6294001817253,openfacts
6294001819226,openfacts
6294001820017,openfacts
6294001820680,openfacts
6294001821458,openfacts
6294001821670,openfacts
6294001821700,openfacts
6294001821731,openfacts
6294001822844,openfacts
6294001822974,openfacts
6294001822981,openfacts
6294001823490,openfacts
6294001824169,openfacts
6294001824213,openfacts
6294001824572,openfacts
6294001825470,openfacts
6294001827672,openfacts
6294001828761,openfacts
6294001828884,openfacts
6294001829836,openfacts
6294001830054,openfacts
6294001830313,openfacts
6294001830368,openfacts
6294001830603,openfacts
6294001830740,openfacts
6294001830849,openfacts
6294001830887,openfacts
6294001830948,openfacts
6294001831006,openfacts
6294001831983,openfacts
6294001832591,openfacts
6294001832614,openfacts
6294001832638,openfacts
6294001832652,openfacts
6294001833048,openfacts
6294001833062,openfacts
6294001833086,openfacts
6294001833284,openfacts
6294001833956,openfacts
6294001834021,openfacts
6294001834045,openfacts
6294001834076,openfacts
6294001835080,openfacts
6294001835103,openfacts
6294001835349,openfacts
6294001835363,openfacts
6294001835394,openfacts
6294001835455,openfacts
6294001836223,openfacts
6294001836247,openfacts
6294001836261,openfacts
6294001836308,openfacts
6294001836407,openfacts
6294001836421,openfacts
6294001836445,openfacts
6294001850076,openfacts
6294001850106,openfacts
6294001850793,openfacts
6294001850823,openfacts
6294001851530,openfacts
6294002400010,openfacts
6294002400058,openfacts
6294002400218,openfacts
6294002400577,openfacts
6294002401062,openfacts
6294002401185,openfacts
6294002401536,openfacts
6294002402014,openfacts
6294002403158,openfacts
6294002405015,openfacts
6294002405220,openfacts
6294002405794,openfacts
6294002405800,openfacts
6294002406326,openfacts
6294002406340,openfacts
6294002406388,openfacts
6294002407095,openfacts
6294002407606,openfacts
6294002408580,openfacts
6294002409648,openfacts
6294002409655,openfacts
6294002409662,openfacts
6294002409693,openfacts
6294002411368,openfacts
6294002411566,openfacts
6294002411573,openfacts
6294002411627,openfacts
6294002411795,openfacts
6294002413195,openfacts
6294002414048,openfacts
6294002414086,openfacts
6294002414611,openfacts
6294002415977,openfacts
6294002416172,openfacts
6294002416196,openfacts
6294002416202,openfacts
6294002416325,openfacts
6294002416899,openfacts
6294002416905,openfacts
6294002417131,openfacts
6294002417148,openfacts
6294002417292,openfacts
6294002417384,openfacts
6294002418497,openfacts
6294002418534,openfacts
6294002430345,openfacts
6294002430659,openfacts
6294002431403,openfacts
6294002431564,openfacts
6294002431854,openfacts
6294002431861,openfacts
6294002431878,openfacts
6294002431885,openfacts
6294002433162,openfacts
6294002433858,openfacts
6294002443079,openfacts
6294002470082,openfacts
6294002470174,openfacts
6294003000035,openfacts
6294003000806,openfacts
6294003000837,openfacts
6294003000899,openfacts
6294003000967,openfacts
6294003002015,openfacts
6294003002053,openfacts
6294003002077,openfacts
6294003002084,openfacts
6294003002091,openfacts
6294003002138,openfacts
6294003002152,openfacts
6294003002329,openfacts
6294003002374,openfacts
6294003002459,openfacts
6294003002640,openfacts
6294003002701,openfacts
6294003005771,openfacts
6294003006563,openfacts
6294003006754,openfacts
6294003006778,openfacts
6294003006983,openfacts
6294003007157,openfacts
6294003007447,openfacts
6294003007737,openfacts
6294003009144,openfacts
6294003010430,openfacts
6294003010973,openfacts
6294003011390,openfacts
6294003011406,openfacts
6294003011451,openfacts
6294003015138,openfacts
6294003015732,openfacts
6294003017934,openfacts
6294003017958,openfacts
6294003018566,openfacts
6294003019174,openfacts
6294003019273,openfacts
6294003019334,openfacts
6294003019341,openfacts
6294003019402,openfacts
6294003019426,openfacts
6294003019495,openfacts
6294003019525,openfacts
6294003019563,openfacts
6294003019587,openfacts
6294003019594,openfacts
6294003019648,openfacts
6294003019655,openfacts
6294003019778,openfacts
6294003019815,openfacts
6294003019822,openfacts
6294003019853,openfacts
6294003019907,openfacts
6294003019945,openfacts
6294003019983,openfacts
6294003020002,openfacts
6294003020019,openfacts
6294003020026,openfacts
6294003020033,openfacts
6294003020088,openfacts
6294003020118,openfacts
6294003020187,openfacts
6294003077587,openfacts
6294003300487,openfacts
6294003301422,openfacts
6294003320140,openfacts
6294003320157,openfacts
6294003320454,openfacts
6294003320478,openfacts
6294003320485,openfacts
6294003320881,openfacts
6294003320904,openfacts
6294003320911,openfacts
6294003321239,openfacts
6294003321536,openfacts
6294003335526,openfacts
6294003510435,openfacts
6294003520847,openfacts
6294003522346,openfacts
6294003527471,openfacts
6294003528799,openfacts
6294003532956,openfacts
6294003532963,openfacts
6294003532987,openfacts
6294003533397,openfacts
6294003534134,openfacts
6294003534714,openfacts
6294003539054,openfacts
6294003539153,openfacts
6294003541095,openfacts
6294003543662,openfacts
6294003544188,openfacts
6294003544690,openfacts
6294003544805,openfacts
6294003545581,openfacts
6294003545604,openfacts
6294003547790,openfacts
6294003548315,openfacts
6294003548353,openfacts
6294003548551,openfacts
6294003548698,openfacts
6294003548711,openfacts
6294003550196,openfacts
6294003550981,openfacts
6294003551179,openfacts
6294003557249,openfacts
6294003557263,openfacts
6294003557287,openfacts
6294003557300,openfacts
6294003557324,openfacts
6294003557348,openfacts
6294003557423,openfacts
6294003557461,openfacts
6294003557546,openfacts
6294003557621,openfacts
6294003562083,openfacts
6294003562540,openfacts
6294003567491,openfacts
6294003567781,openfacts
6294003567965,openfacts
6294003568245,openfacts
6294003568269,openfacts
6294003568283,openfacts
6294003568320,openfacts
6294003568405,openfacts
6294003568665,openfacts
6294003569006,openfacts
6294003569013,openfacts
6294003569105,openfacts
6294003570361,openfacts
6294003570378,openfacts
6294003570729,openfacts
6294003571009,openfacts
6294003571030,openfacts
6294003571061,openfacts
6294003571405,openfacts
6294003571672,openfacts
6294003572181,openfacts
6294003573867,openfacts
6294003573942,openfacts
6294003574062,openfacts
6294003574123,openfacts
6294003574222,openfacts
6294003574345,openfacts
6294003574567,openfacts
6294003574765,openfacts
6294003575236,openfacts
6294003575274,openfacts
6294003575311,openfacts
6294003579845,openfacts
6294003580155,openfacts
6294003580414,openfacts
6294003580421,openfacts
6294003581053,openfacts
6294003581381,openfacts
6294003581695,openfacts
6294003581756,openfacts
6294003582036,openfacts
6294003582678,openfacts
6294003582739,openfacts
6294003582777,openfacts
6294003582814,openfacts
6294003583071,openfacts
6294003583088,openfacts
6294003583859,openfacts
6294003583873,openfacts
6294003584757,openfacts
6294003584931,openfacts
6294003585174,openfacts
6294003587925,openfacts
6294003587956,openfacts
6294003588014,openfacts
6294003588076,openfacts
6294003588106,openfacts
6294003588274,openfacts
6294003588809,openfacts
6294003589059,openfacts
6294003589189,openfacts
6294003589394,openfacts
6294003590031,openfacts
6294003591052,openfacts
6294003591069,openfacts
6294003591199,openfacts
6294003591205,openfacts
6294003591250,openfacts
6294003591298,openfacts
6294003591311,openfacts
6294003591342,openfacts
6294003592233,openfacts
6294003592257,openfacts
6294003592295,openfacts
6294003592578,openfacts
6294003592653,openfacts
6294003594015,openfacts
6294003594190,openfacts
6294003595753,openfacts
6294003595890,openfacts
6294003596514,openfacts
6294003596538,openfacts
6294003596613,openfacts
6294003596620,openfacts
6294003596880,openfacts
6294003597016,openfacts
6294003597023,openfacts
6294003597313,openfacts
6294003597627,openfacts
6294003597696,openfacts
6294003597757,openfacts
6294003597795,openfacts
6294003597849,openfacts
6294003597870,openfacts
6294003598303,openfacts
6294003598310,openfacts
6294003598389,openfacts
6294003598419,openfacts
6294003598433,openfacts
6294003598440,openfacts
6294003598471,openfacts
6294003598761,openfacts
6294003598792,openfacts
6294003598853,openfacts
6294003598976,openfacts
6294003599003,openfacts
6294003599034,openfacts
6294003610265,openfacts
6294003612016,openfacts
6294003612030,openfacts
6294003697808,openfacts
6294003802455,openfacts
6294004118227,openfacts
6294004119149,openfacts
6294004119378,openfacts
6294004120985,openfacts
6294004122033,openfacts
6294004122071,openfacts
6294004124242,openfacts
6294004129254,openfacts
6294004130649,openfacts
6294004134852,openfacts
6294004134890,openfacts
6294004515217,openfacts
6294004517778,webdatacommons
6294004520150,openfacts
6294004530098,openfacts
6294004531330,openfacts
6294004531880,openfacts
6294004535345,webdatacommons
6294004540554,openfacts
6294004541858,openfacts
6294004541872,openfacts
6294004555121,webdatacommons
6294004560446,openfacts
6294004562266,openfacts
6294004562273,openfacts
6294004563515,openfacts
6294004563539,openfacts
6294004563546,openfacts
6294004564529,openfacts
6294004565342,openfacts
6294004565434,openfacts
6294004566639,openfacts
6294004567520,openfacts
6294004567612,openfacts
6294004581090,openfacts
6294004581137,openfacts
6294004581151,openfacts
6294004581212,openfacts
6294004581236,openfacts
6294005000002,openfacts
6294005000057,openfacts
6294005000095,openfacts
6294005000545,openfacts
6294005000743,openfacts
6294005102645,openfacts
6294006700048,openfacts
6294006700499,openfacts
6294006701267,openfacts
6294006701892,openfacts
6294006702110,openfacts
6294006702127,openfacts
6294006704367,openfacts
6294006706682,openfacts
6294006707092,openfacts
6294006707214,openfacts
6294006707450,openfacts
6294007300568,openfacts
6294007302005,openfacts
6294007302043,openfacts
6294007302050,openfacts
6294007302081,openfacts
6294007302531,openfacts
6294007310024,openfacts
6294007310055,openfacts
6294007310086,openfacts
6294007310185,openfacts
6294007310208,openfacts
6294007310277,openfacts
6294007310338,openfacts
6294007500029,openfacts
6294007500050,openfacts
6294007500418,openfacts
6294007501217,openfacts
6294007501316,openfacts
6294007501323,openfacts
6294007501415,openfacts
6294007502542,openfacts
6294007502559,openfacts
6294007503211,openfacts
6294007503419,openfacts
6294007505215,openfacts
6294007505710,openfacts
6294007505819,openfacts
6294008100013,openfacts
6294008100020,openfacts
6294008100068,openfacts
6294008100723,openfacts
6294008102109,openfacts
6294008102581,openfacts
6294008102642,openfacts
6294008102963,openfacts
6294008102994,openfacts
6294008103687,openfacts
6294008103755,openfacts
6294008104080,openfacts
6294008110036,openfacts
6294008110562,openfacts
6294008120035,openfacts
6294008140255,openfacts
6294008202595,webdatacommons
6294008563535,openfacts
6294008608694,openfacts
6294008609257,openfacts
6294008698817,openfacts
6294008699012,openfacts
6294008699616,openfacts
6294008699852,openfacts
6294008699876,openfacts
6294009808123,openfacts
6294009810447,openfacts
6294009812656,openfacts
6294010703134,openfacts
6294010703189,openfacts
6294010703318,openfacts
6294010704575,openfacts
6294010704674,openfacts
6294011600180,openfacts
6294011600784,openfacts
6294011600845,openfacts
6294011601088,openfacts
6294011602474,openfacts
6294011602481,openfacts
6294011602498,openfacts
6294011604522,openfacts
6294011606182,openfacts
6294011608940,openfacts
6294011612749,openfacts
6294011615122,openfacts
6294011615252,openfacts
6294011616235,openfacts
6294011618284,openfacts
6294011618291,openfacts
6294011620867,openfacts
6294011627323,openfacts
6294011627842,openfacts
6294011628474,openfacts
6294011630026,openfacts
6294011630620,openfacts
6294011632686,openfacts
6294011632693,openfacts
6294011633195,openfacts
6294011634574,openfacts
6294011634871,openfacts
6294011635243,openfacts
6294011636943,openfacts
6294011638992,openfacts
6294011639814,openfacts
6294011641602,openfacts
6294011643491,openfacts
6294011643859,openfacts
6294011643989,openfacts
6294011645709,openfacts
6294011645716,openfacts
6294011646256,openfacts
6294011647024,openfacts
6294011649189,openfacts
6294011651106,openfacts
6294011651113,openfacts
6294011651151,openfacts
6294011652943,openfacts
6294011652967,openfacts
6294011656187,openfacts
6294011657290,openfacts
6294011657306,openfacts
6294011658587,openfacts
6294011658600,openfacts
6294011660764,openfacts
6294011664144,openfacts
6294011664151,openfacts
6294011665561,openfacts
6294011665981,openfacts
6294011666056,openfacts
6294011666063,openfacts
6294011666247,openfacts
6294011667558,openfacts
6294011667657,openfacts
6294011671029,openfacts
6294011676185,openfacts
6294011677267,openfacts
6294011677762,openfacts
6294011678530,openfacts
6294011679636,openfacts
6294011682124,openfacts
6294011684302,openfacts
6294011684500,openfacts
6294011684821,openfacts
6294011693632,openfacts
6294011693649,openfacts
6294011693885,openfacts
6294011693908,openfacts
6294011697630,openfacts
6294011697654,openfacts
6294011697739,openfacts
6294011887321,openfacts
6294011887390,openfacts
6294011888038,openfacts
6294012400260,openfacts
6294013777323,openfacts
6294014711494,openfacts
6294014711500,openfacts
6294014712576,openfacts
6294015102574,openfacts
6294015107111,webdatacommons
6294015109313,webdatacommons
6294015109382,webdatacommons
6294015109399,webdatacommons
6294015113334,openfacts
6294015115284,webdatacommons
6294015119718,openfacts
6294015121254,openfacts
6294015128291,openfacts
6294015134162,webdatacommons
6294015138351,openfacts
6294015149371,openfacts
6294015153422,openfacts
6294015164152,openfacts
6294015165609,openfacts
6294015171464,openfacts
6294015188622,openfacts
6294015188653,openfacts
6294015190687,openfacts
6294015192001,openfacts
6294016936659,openfacts
6294017100004,openfacts
6294017100028,openfacts
6294017100059,openfacts
6294017100080,openfacts
6294017100127,openfacts
6294017100721,openfacts
6294017101100,openfacts
6294017101117,openfacts
6294017101537,openfacts
6294017101780,openfacts
6294017102206,openfacts
6294017102329,openfacts
6294017102961,openfacts
6294017103340,openfacts
6294017103401,openfacts
6294017104422,openfacts
6294017105184,openfacts
6294017105535,openfacts
6294017105566,openfacts
6294017105702,openfacts
6294017105740,openfacts
6294017105764,openfacts
6294017105788,openfacts
6294017105887,openfacts
6294017105962,openfacts
6294017105979,openfacts
6294017105993,openfacts
6294017106006,openfacts
6294017106020,openfacts
6294017106037,openfacts
6294017106051,openfacts
6294017106365,openfacts
6294017106440,openfacts
6294017106464,openfacts
6294017106488,openfacts
6294017106501,openfacts
6294017106525,openfacts
6294017106549,openfacts
6294017106624,openfacts
6294017106969,openfacts
6294017107232,openfacts
6294017107348,openfacts
6294017107355,openfacts
6294017107461,openfacts
6294017107485,openfacts
6294017107508,openfacts
6294017107959,openfacts
6294017108543,openfacts
6294017109526,openfacts
6294017109540,openfacts
6294017110454,openfacts
6294017110546,openfacts
6294017110553,openfacts
6294017111055,openfacts
6294017111079,openfacts
6294017111635,openfacts
6294017111734,openfacts
6294017111758,openfacts
6294017112687,openfacts
6294017112700,openfacts
6294017112755,openfacts
6294017112779,openfacts
6294017113103,openfacts
6294017114094,openfacts
6294017114216,openfacts
6294017114254,openfacts
6294017114902,openfacts
6294017114964,openfacts
6294017115763,openfacts
6294017115848,openfacts
6294017116241,openfacts
6294017116296,openfacts
6294017116470,openfacts
6294017116586,openfacts
6294017116593,openfacts
6294017116746,openfacts
6294017116753,openfacts
6294017116777,openfacts
6294017116807,openfacts
6294017116814,openfacts
6294017116845,openfacts
6294017116906,openfacts
6294017116913,openfacts
6294017116937,openfacts
6294017116944,openfacts
6294017116968,openfacts
6294017116999,openfacts
6294017117002,openfacts
6294017117026,openfacts
6294017117309,openfacts
6294017117323,openfacts
6294017117576,openfacts
6294017117583,openfacts
6294017117590,openfacts
6294017117729,openfacts
6294017117750,openfacts
6294017118252,openfacts
6294017118351,openfacts
6294017118375,openfacts
6294017118399,openfacts
6294017118412,openfacts
6294017118436,openfacts
6294017118450,openfacts
6294017118559,openfacts
6294017118573,openfacts
6294017118597,openfacts
6294017118634,openfacts
6294017118665,openfacts
6294017118689,openfacts
6294017118696,openfacts
6294017118887,openfacts
6294017118924,openfacts
6294017118962,openfacts
6294017118993,openfacts
6294017119099,openfacts
6294017119129,openfacts
6294017119150,openfacts
6294017119235,openfacts
6294017119853,openfacts
6294017119860,openfacts
6294017119884,openfacts
6294017119891,openfacts
6294017119976,openfacts
6294017119990,openfacts
6294017120026,openfacts
6294017120040,openfacts
6294017120279,openfacts
6294017120293,openfacts
6294017120606,openfacts
6294017120620,openfacts
6294017120705,openfacts
6294017120781,openfacts
6294017120798,openfacts
6294017120897,openfacts
6294017120910,openfacts
6294017121030,openfacts
6294017121061,openfacts
6294017121092,openfacts
6294017121214,openfacts
6294017121252,openfacts
6294017121313,openfacts
6294017121405,openfacts
6294017121412,openfacts
6294017121436,openfacts
6294017121498,openfacts
6294017121542,openfacts
6294017121559,openfacts
6294017121573,openfacts
6294017121603,openfacts
6294017121757,openfacts
6294017121993,openfacts
6294017122013,openfacts
6294017122037,openfacts
6294017122099,openfacts
6294017122334,openfacts
6294017122389,openfacts
6294017123157,openfacts
6294017123218,openfacts
6294017123249,openfacts
6294017123416,openfacts
6294017123423,openfacts
6294017123447,openfacts
6294017123539,openfacts
6294017123560,openfacts
6294017123591,openfacts
6294017123614,openfacts
6294017123621,openfacts
6294017123713,openfacts
6294017123737,openfacts
6294017124031,openfacts
6294017124307,openfacts
6294017124406,openfacts
6294017124598,openfacts
6294017124659,openfacts
6294017124673,openfacts
6294017124758,openfacts
6294017124796,openfacts
6294017124895,openfacts
6294017124925,openfacts
6294017124987,openfacts
6294017125342,openfacts
6294017125588,openfacts
6294017125663,openfacts
6294017125922,openfacts
6294017125946,openfacts
6294017126004,openfacts
6294017126141,openfacts
6294017126431,openfacts
6294017126479,openfacts
6294017127032,openfacts
6294017127131,openfacts
6294017127155,openfacts
6294017127216,openfacts
6294017127339,openfacts
6294017127957,openfacts
6294017127971,openfacts
6294017127995,openfacts
6294017128015,openfacts
6294017128039,openfacts
6294017128091,openfacts
6294017128152,openfacts
6294017128176,openfacts
6294017128213,openfacts
6294017128237,openfacts
6294017128350,openfacts
6294017128374,openfacts
6294017128602,openfacts
6294017128664,openfacts
6294017128688,openfacts
6294017128701,openfacts
6294017129012,openfacts
6294017129104,openfacts
6294017129128,openfacts
6294017129142,openfacts
6294017129647,openfacts
6294017129968,openfacts
6294017129982,openfacts
6294017130087,openfacts
6294017130353,openfacts
6294017130513,openfacts
6294017130537,openfacts
6294017130551,openfacts
6294017130568,openfacts
6294017130773,openfacts
6294017130780,openfacts
6294017130803,openfacts
6294017130810,openfacts
6294017130872,openfacts
6294017130902,openfacts
6294017130933,openfacts
6294017131244,openfacts
6294017131381,openfacts
6294017131602,openfacts
6294017131749,openfacts
6294017132050,openfacts
6294017132067,openfacts
6294017132081,openfacts
6294017132098,openfacts
6294017132111,openfacts
6294017132128,openfacts
6294017132173,openfacts
6294017132340,openfacts
6294017132609,openfacts
6294017132623,openfacts
6294017132647,openfacts
6294017133071,openfacts
6294017133118,openfacts
6294017133866,openfacts
6294017134047,openfacts
6294017134207,openfacts
6294017134757,openfacts
6294017134771,openfacts
6294017134795,openfacts
6294017134818,openfacts
6294017134832,openfacts
6294017134856,openfacts
6294017134894,openfacts
6294017134917,openfacts
6294017134931,openfacts
6294017135037,openfacts
6294017135051,openfacts
6294017135075,openfacts
6294017135150,openfacts
6294017135501,openfacts
6294017135525,openfacts
6294017135549,openfacts
6294017135556,openfacts
6294017135846,openfacts
6294017136003,openfacts
6294017137109,openfacts
6294017137130,openfacts
6294017137406,openfacts
6294017137413,openfacts
6294017137437,openfacts
6294017137468,openfacts
6294017137819,openfacts
6294017137963,openfacts
6294017137994,openfacts
6294017138144,openfacts
6294017138281,openfacts
6294017138519,openfacts
6294017138526,openfacts
6294017138540,openfacts
6294017138564,openfacts
6294017139783,openfacts
6294017139837,openfacts
6294017139875,openfacts
6294017140307,openfacts
6294017141069,openfacts
6294017142820,openfacts
6294017500729,openfacts
6294017500743,openfacts
6294017501634,openfacts
6294017502105,openfacts
6294017502136,openfacts
6294017503652,openfacts
6294017503669,openfacts
6294017503775,openfacts
6294017503898,openfacts
6294017504017,openfacts
6294017504543,openfacts
6294017504802,openfacts
6294017506240,openfacts
6294017507735,openfacts
6294017507988,openfacts
6294017509142,openfacts
6294017509173,openfacts
6294017509807,openfacts
6294017510452,openfacts
6294017510469,openfacts
6294017513781,openfacts
6294017514283,openfacts
6294017514733,openfacts
6294017515020,openfacts
6294017516027,openfacts
6294017516195,openfacts
6294017516331,openfacts
6294017516683,openfacts
6294017516713,openfacts
6294017516775,openfacts
6294017518601,openfacts
6294018803447,openfacts
6294018807100,openfacts
6294019000005,openfacts
6294019000029,openfacts
6294019000050,openfacts
6294019000142,openfacts
6294019000166,openfacts
6294019005635,openfacts
6294019005642,openfacts
6294019005727,openfacts
6294019005857,openfacts
6294019005871,openfacts
6294020128590,openfacts
6294020504943,openfacts
6294020506824,openfacts
6294020506848,openfacts
6294020513075,openfacts
6294021200004,openfacts
6294021200875,openfacts
6294021908146,openfacts
6294104088550,openfacts
6294104095428,openfacts
6294104096821,openfacts
6294111343420,openfacts
6294139800219,openfacts
6294139800226,openfacts
6294139800257,openfacts
6294250004268,openfacts
6294250108119,openfacts
6294312902167,openfacts
6294506024996,openfacts
6294790437519,openfacts
6294875522123,openfacts
6294879841183,openfacts
6295000050375,openfacts
6295000050405,openfacts
6295000050412,openfacts
6295055187248,openfacts
6295055187422,openfacts
6295055187484,openfacts
6295120000625,openfacts
6295120000632,openfacts
6295120000656,openfacts
6295120001080,openfacts
6295120001356,openfacts
6295120001400,openfacts
6295120003213,openfacts
6295120003237,openfacts
6295120003794,openfacts
6295120003800,openfacts
6295120004951,openfacts
6295120005835,openfacts
6295120006092,openfacts
6295120009437,openfacts
6295120009765,openfacts
6295120010150,openfacts
6295120010167,openfacts
6295120010730,openfacts
6295120011379,openfacts
6295120012352,openfacts
6295120012383,openfacts
6295120012451,openfacts
6295120012468,openfacts
6295120012666,openfacts
6295120013052,openfacts
6295120014943,openfacts
6295120014950,openfacts
6295120014967,openfacts
6295120018484,openfacts
6295120018491,openfacts
6295120019740,openfacts
6295120019757,openfacts
6295120021590,openfacts
6295120021606,openfacts
6295120021613,openfacts
6295120021620,openfacts
6295120023044,openfacts
6295120023501,openfacts
6295120023518,openfacts
6295120023815,openfacts
6295120023839,openfacts
6295120023846,openfacts
6295120023853,openfacts
6295120023877,openfacts
6295120024058,openfacts
6295120024225,openfacts
6295120024492,openfacts
6295120025161,openfacts
6295120026373,openfacts
6295120026397,webdatacommons
6295120026625,openfacts
6295120026649,openfacts
6295120026946,openfacts
6295120026953,openfacts
6295120027059,openfacts
6295120027363,openfacts
6295120027370,openfacts
6295120027950,openfacts
6295120027967,openfacts
6295120028292,openfacts
6295120028308,openfacts
6295120028315,openfacts
6295120028322,openfacts
6295120028995,openfacts
6295120029008,openfacts
6295120029114,openfacts
6295120029145,openfacts
6295120029152,openfacts
6295120029442,openfacts
6295120029466,openfacts
6295120029473,openfacts
6295120029657,openfacts
6295120030646,openfacts
6295120030660,openfacts
6295120030677,openfacts
6295120030714,openfacts
6295120030752,openfacts
6295120031278,openfacts
6295120031308,openfacts
6295120031322,openfacts
6295120031735,openfacts
6295120031742,openfacts
6295120032213,openfacts
6295120034583,openfacts
6295120034620,openfacts
6295120034644,openfacts
6295120034743,openfacts
6295120034774,openfacts
6295120037157,openfacts
6295120037317,openfacts
6295120037324,openfacts
6295120037928,openfacts
6295120037935,openfacts
6295120040294,openfacts
6295120040355,openfacts
6295120040553,openfacts
6295120040638,openfacts
6295120041147,openfacts
6295120041390,openfacts
6295120041406,openfacts
6295120041833,openfacts
6295120041901,openfacts
6295120041918,openfacts
6295120041932,openfacts
6295120042038,openfacts
6295120042045,openfacts
6295120042052,openfacts
6295120042076,openfacts
6295120042090,openfacts
6295120043387,openfacts
6295120043967,openfacts
6295120044452,openfacts
6295120044551,openfacts
6295120044599,openfacts
6295120044605,openfacts
6295120044612,openfacts
6295120044667,openfacts
6295120044674,openfacts
6295120044698,openfacts
6295120045282,openfacts
6295120045787,openfacts
6295120046159,openfacts
6295120046173,openfacts
6295120046180,openfacts
6295120046197,openfacts
6295120046203,openfacts
6295120046210,openfacts
6295120046715,openfacts
6295120046722,openfacts
6295120046753,openfacts
6295120046760,openfacts
6295120046791,openfacts
6295120046807,openfacts
6295120046838,openfacts
6295120046845,openfacts
6295120046876,openfacts
6295120046890,openfacts
6295120047040,openfacts
6295120047330,openfacts
6295120047378,openfacts
6295120047385,openfacts
6295120047606,openfacts
6295120047644,openfacts
6295120047651,openfacts
6295120047668,openfacts
6295120047675,openfacts
6295120047729,openfacts
6295120047736,openfacts
6295120047743,openfacts
6295120047767,openfacts
6295120047774,openfacts
6295120047781,openfacts
6295120047798,openfacts
6295120047804,openfacts
6295120047811,openfacts
6295120047828,openfacts
6295120047835,openfacts
6295120047842,openfacts
6295120047859,openfacts
6295120047866,openfacts
6295120047873,openfacts
6295120047880,openfacts
6295120047941,openfacts
6295120048207,openfacts
6295120048467,openfacts
6295120048542,openfacts
6295120048580,openfacts
6295120048658,openfacts
6295120048672,openfacts
6295120048689,openfacts
6295120048795,openfacts
6295120050002,openfacts
6295120050019,openfacts
6295120050026,openfacts
6295120050033,openfacts
6295120050101,openfacts
6295120050118,openfacts
6295120050163,openfacts
6295120050491,openfacts
6295120050521,openfacts
6295120050545,openfacts
6295120050804,openfacts
6295120051696,openfacts
6295120051719,openfacts
6295120051733,openfacts
6295120051870,openfacts
6295120051986,openfacts
6295120052167,openfacts
6295120052174,openfacts
6295120052181,openfacts
6295120052198,openfacts
6295120052242,openfacts
6295120052259,openfacts
6295120052334,openfacts
6295120052341,openfacts
6295120052358,openfacts
6295120052617,openfacts
6295120052624,openfacts
6295120052808,openfacts
6295120053447,openfacts
6295120053454,openfacts
6295120053461,openfacts
6295120053911,openfacts
6295120054093,openfacts
6295120054116,openfacts
6295120054123,openfacts
6295120054147,openfacts
6295120054154,openfacts
6295120054161,openfacts
6295120054178,openfacts
6295120054369,openfacts
6295120055588,openfacts
6295120055731,openfacts
6295120055779,openfacts
6295120055786,openfacts
6295120055816,openfacts
6295120055823,openfacts
6295120055953,openfacts
6295120055960,openfacts
6295120055977,openfacts
6295120055984,openfacts
6295120056011,openfacts
6295120056059,openfacts
6295120056066,openfacts
6295120056325,openfacts
6295120056622,openfacts
6295120056639,openfacts
6295120056783,openfacts
6295120056967,openfacts
6295120056974,openfacts
6295120057094,openfacts
6295120057285,openfacts
6295120057735,openfacts
6295120057766,openfacts
6295120057773,openfacts
6295120057780,openfacts
6295120057797,openfacts
6295120057803,openfacts
6295120057827,openfacts
6295120057834,openfacts
6295120059326,openfacts
6295120059333,openfacts
6295120059340,openfacts
6295120059357,openfacts
6295120059364,openfacts
6295120059371,openfacts
6295120059388,openfacts
6295120059395,openfacts
6295120059401,openfacts
6295120059418,openfacts
6295120059425,openfacts
6295120059432,openfacts
6295120059449,openfacts
6295120059456,openfacts
6295120059463,openfacts
6295120059470,openfacts
6295120059487,openfacts
6295120059494,openfacts
6295120059975,openfacts
6295120059982,openfacts
6295120059999,openfacts
6295120060179,openfacts
6295120060186,openfacts
6295120060193,openfacts
6295120060209,openfacts
6295120061251,openfacts
6295124000249,webdatacommons
6295124001611,openfacts
6295124004636,webdatacommons
6295124004797,openfacts
6295124009594,webdatacommons
6295124016844,webdatacommons
6295124016882,openfacts
6295124017223,openfacts
6295124017254,openfacts
6295124020162,openfacts
6295124022715,webdatacommons
6295124023262,webdatacommons
6295124024290,openfacts
6295124024498,webdatacommons
6295124024832,openfacts
6295124026836,openfacts
6295124027932,openfacts
6295124028564,webdatacommons
6295124030475,openfacts
6295124041266,openfacts
6295124042836,openfacts
6295124045578,openfacts
6295124045608,openfacts
6295124045783,openfacts
6295124046308,openfacts
6295124046926,openfacts
6295124047817,openfacts
6295125020154,openfacts
6295125035608,openfacts
6295125036773,openfacts
6295134000239,openfacts
6295134000246,openfacts
6295134000277,openfacts
6295134114301,openfacts
6295134114318,openfacts
6295134121200,openfacts
6295134131001,openfacts
6295134131032,openfacts
6295135011470,openfacts
6295135043457,openfacts
6295135075694,openfacts
6295135096675,openfacts
6295150000336,openfacts
6295150001319,openfacts
6295150001739,openfacts
6295151024973,openfacts
6295151220429,openfacts
6295151300763,openfacts
6295151301012,openfacts
6295151302477,openfacts
6295151302507,openfacts
6295151504031,openfacts
6295151721384,openfacts
6295151960400,openfacts
6295151960424,openfacts
6295151960431,openfacts
6295151960448,openfacts
6295151960455,openfacts
6295151960486,openfacts
6295151960493,openfacts
6295151963982,openfacts
6295151971529,openfacts
6295151974223,openfacts
6295155934759,openfacts
6295155934858,openfacts
6295156001788,openfacts
6295156100016,openfacts
6295156561213,openfacts
6295157310445,openfacts
6295157310476,openfacts
6295199000854,openfacts
6295199000878,openfacts
6295199001653,openfacts
6295199001691,openfacts
6295199060155,openfacts
6295199065242,openfacts
6295199200445,openfacts
6295199281680,openfacts
6295199290231,openfacts
6295199300190,openfacts
6295199300428,openfacts
6295199300435,openfacts
6295199300442,openfacts
6295199790366,openfacts
6295199793626,openfacts
6295199793930,openfacts
6295199794005,openfacts
6295199794609,openfacts
6295199800751,openfacts
6295199800959,openfacts
6295199804360,openfacts
6295199809280,openfacts
6295199809532,openfacts
6295314070571,openfacts
6295344934508,openfacts
6295513800047,openfacts
6295513800078,openfacts
6295513800122,openfacts
6295624870021,openfacts
6295652323650,openfacts
6295671234647,openfacts
6295671238348,openfacts
6295703583934,openfacts
6295756308201,openfacts
6295822244112,openfacts
6296000030244,openfacts
6296002011005,openfacts
6296014498894,openfacts
6296020048342,openfacts
6296023171313,openfacts
6296023175830,openfacts
6296100015851,openfacts
6296242582310,openfacts
6296242583928,openfacts
6296258965442,openfacts
6296371005001,openfacts
6296453407969,openfacts
6296536403062,openfacts
6296536403109,openfacts
6296845691266,openfacts
6296853001125,openfacts
6296910031713,openfacts
6296967786260,openfacts
6296967786277,openfacts
6297000031392,openfacts
6297000037080,openfacts
6297000037493,openfacts
6297000038001,openfacts
6297000040264,openfacts
6297000040387,openfacts
6297000040714,openfacts
6297000041070,openfacts
6297000044156,webdatacommons
6297000044262,openfacts
6297000048383,openfacts
6297000051000,openfacts
6297000051017,openfacts
6297000071077,openfacts
6297000076010,openfacts
6297000079004,openfacts
6297000079028,openfacts
6297000080178,openfacts
6297000080185,openfacts
6297000080468,openfacts
6297000082226,openfacts
6297000082363,openfacts
6297000082424,openfacts
6297000082431,openfacts
6297000082479,openfacts
6297000082875,openfacts
6297000082882,openfacts
6297000082943,openfacts
6297000102269,openfacts
6297000107400,openfacts
6297000107752,webdatacommons
6297000125046,openfacts
6297000139210,openfacts
6297000139357,openfacts
6297000139531,openfacts
6297000139548,openfacts
6297000139579,openfacts
6297000139890,openfacts
6297000140353,openfacts
6297000140452,openfacts
6297000140537,openfacts
6297000140612,openfacts
6297000140896,openfacts
6297000140919,openfacts
6297000141022,openfacts
6297000150079,openfacts
6297000150123,openfacts
6297000150147,openfacts
6297000150284,openfacts
6297000150444,openfacts
6297000150543,openfacts
6297000150574,openfacts
6297000150581,openfacts
6297000150734,openfacts
6297000150840,openfacts
6297000150901,openfacts
6297000164342,openfacts
6297000164502,openfacts
6297000166599,openfacts
6297000173429,openfacts
6297000173443,openfacts
6297000185095,openfacts
6297000185125,openfacts
6297000185132,openfacts
6297000185347,openfacts
6297000189406,openfacts
6297000189437,openfacts
6297000191065,openfacts
6297000191225,openfacts
6297000191409,openfacts
6297000206561,openfacts
6297000226682,openfacts
6297000226774,openfacts
6297000226781,openfacts
6297000236070,openfacts
6297000236087,openfacts
6297000236162,openfacts
6297000236223,openfacts
6297000236285,openfacts
6297000236414,openfacts
6297000236438,openfacts
6297000238142,openfacts
6297000260402,openfacts
6297000260662,openfacts
6297000265018,openfacts
6297000297163,openfacts
6297000297194,openfacts
6297000297521,openfacts
6297000311661,openfacts
6297000311920,openfacts
6297000319001,openfacts
6297000319070,openfacts
6297000337227,openfacts
6297000337241,openfacts
6297000351087,openfacts
6297000351308,openfacts
6297000351315,openfacts
6297000351766,openfacts
6297000351858,openfacts
6297000354026,openfacts
6297000354088,openfacts
6297000354279,openfacts
6297000354293,openfacts
6297000354323,openfacts
6297000354330,openfacts
6297000354354,openfacts
6297000354361,openfacts
6297000361017,usda
6297000361048,openfacts
6297000361055,usda
6297000361086,openfacts
6297000361314,openfacts
6297000361536,openfacts
6297000361604,openfacts
6297000361666,openfacts
6297000361680,openfacts
6297000361819,usda
6297000361925,usda
6297000361956,openfacts
6297000376615,openfacts
6297000393551,openfacts
6297000395005,openfacts
6297000395067,openfacts
6297000395173,openfacts
6297000395456,openfacts
6297000395494,openfacts
6297000395586,openfacts
6297000395593,openfacts
6297000395609,openfacts
6297000395630,openfacts
6297000395654,openfacts
6297000395678,openfacts
6297000395814,openfacts
6297000395838,openfacts
6297000395876,openfacts
6297000395999,openfacts
6297000411422,openfacts
6297000411835,openfacts
6297000431123,openfacts
6297000442044,openfacts
6297000442181,openfacts
6297000442198,openfacts
6297000442297,openfacts
6297000442310,openfacts
6297000442600,openfacts
6297000457161,openfacts
6297000457772,openfacts
6297000497105,webdatacommons
6297000500119,openfacts
6297000515243,openfacts
6297000526676,openfacts
6297000540368,openfacts
6297000547756,openfacts
6297000555812,openfacts
6297000555867,openfacts
6297000560366,openfacts
6297000567976,openfacts
6297000589091,openfacts
6297000589343,openfacts
6297000589497,openfacts
6297000589527,openfacts
6297000591735,openfacts
6297000592466,openfacts
6297000611006,openfacts
6297000611020,openfacts
6297000611075,openfacts
6297000611099,openfacts
6297000611174,openfacts
6297000611242,openfacts
6297000611402,openfacts
6297000611426,openfacts
6297000611471,openfacts
6297000619460,openfacts
6297000619866,openfacts
6297000642628,openfacts
6297000647258,openfacts
6297000669281,openfacts
6297000669311,webdatacommons
6297000669373,openfacts
6297000669434,webdatacommons
6297000669496,webdatacommons
6297000670065,openfacts
6297000670157,openfacts
6297000670164,openfacts
6297000670249,openfacts
6297000670256,openfacts
6297000670263,openfacts
6297000670287,openfacts
6297000670294,openfacts
6297000670300,openfacts
6297000670317,openfacts
6297000670324,openfacts
6297000670331,openfacts
6297000670362,openfacts
6297000670379,openfacts
6297000670386,openfacts
6297000670393,openfacts
6297000670416,openfacts
6297000670430,openfacts
6297000670447,openfacts
6297000670454,openfacts
6297000670461,openfacts
6297000670492,openfacts
6297000670508,openfacts
6297000670515,openfacts
6297000670553,openfacts
6297000670997,openfacts
6297000673523,openfacts
6297000674773,openfacts
6297000682969,openfacts
6297000686431,openfacts
6297000687100,openfacts
6297000687377,openfacts
6297000687865,openfacts
6297000689159,openfacts
6297000689555,openfacts
6297000700861,openfacts
6297000702278,openfacts
6297000703558,openfacts
6297000712352,openfacts
6297000713694,openfacts
6297000713724,openfacts
6297000713731,openfacts
6297000713816,openfacts
6297000713960,openfacts
6297000715094,openfacts
6297000721873,openfacts
6297000731049,openfacts
6297000731209,openfacts
6297000731216,openfacts
6297000731261,openfacts
6297000731322,openfacts
6297000731346,openfacts
6297000731391,openfacts
6297000731414,openfacts
6297000731421,openfacts
6297000731544,openfacts
6297000731605,openfacts
6297000731650,openfacts
6297000731698,openfacts
6297000731780,openfacts
6297000731797,openfacts
6297000731865,openfacts
6297000731919,openfacts
6297000731926,openfacts
6297000731940,openfacts
6297000731995,openfacts
6297000746005,openfacts
6297000747439,openfacts
6297000747460,openfacts
6297000747552,openfacts
6297000747606,openfacts
6297000747675,openfacts
6297000747705,openfacts
6297000747736,openfacts
6297000747767,openfacts
6297000756035,openfacts
6297000756042,openfacts
6297000756073,openfacts
6297000756080,openfacts
6297000756097,openfacts
6297000756103,openfacts
6297000756165,openfacts
6297000756257,openfacts
6297000756271,openfacts
6297000756585,openfacts
6297000756608,openfacts
6297000756882,openfacts
6297000756950,openfacts
6297000756974,openfacts
6297000757056,openfacts
6297000773483,openfacts
6297000778112,openfacts
6297000778136,openfacts
6297000778235,openfacts
6297000778655,openfacts
6297000778662,openfacts
6297000778679,openfacts
6297000778686,openfacts
6297000778754,openfacts
6297000778761,openfacts
6297000778785,openfacts
6297000778839,openfacts
6297000778945,openfacts
6297000778990,openfacts
6297000784120,openfacts
6297000799384,openfacts
6297000802015,openfacts
6297000802039,openfacts
6297000802060,openfacts
6297000802176,openfacts
6297000802244,openfacts
6297000802671,openfacts
6297000805153,openfacts
6297000805269,openfacts
6297000805337,openfacts
6297000805344,openfacts
6297000805542,openfacts
6297000806884,openfacts
6297000812229,openfacts
6297000812465,openfacts
6297000812748,openfacts
6297000812786,openfacts
6297000815534,openfacts
6297000827025,openfacts
6297000827087,openfacts
6297000827117,openfacts
6297000827414,openfacts
6297000827421,openfacts
6297000827629,openfacts
6297000827742,openfacts
6297000828893,openfacts
6297000838717,openfacts
6297000838748,openfacts
6297000846019,openfacts
6297000855653,openfacts
6297000857800,openfacts
6297000861203,openfacts
6297000870748,openfacts
6297000872575,openfacts
6297000880365,openfacts
6297000894294,openfacts
6297000894416,openfacts
6297000894423,openfacts
6297000894461,openfacts
6297000894478,openfacts
6297000894546,openfacts
6297000894980,openfacts
6297000897004,openfacts
6297000915357,openfacts
6297000924076,openfacts
6297000924106,openfacts
6297000924298,openfacts
6297000947730,openfacts
6297000952314,openfacts
6297000978178,openfacts
6297000978260,openfacts
6297000978864,openfacts
6297000992099,openfacts
6297000999012,openfacts
6297000999067,openfacts
6297000999173,openfacts
6297000999227,webdatacommons
6297000999241,webdatacommons
6297000999487,openfacts
6297000999494,openfacts
6297000999531,openfacts
6297000999807,openfacts
6297000999821,openfacts
6297001003008,openfacts
6297001003336,openfacts
6297001003480,openfacts
6297001010075,openfacts
6297001059036,openfacts
6297001059043,openfacts
6297001059050,openfacts
6297001079010,openfacts
6297001079027,openfacts
6297001079058,webdatacommons
6297001079065,openfacts
6297001079089,webdatacommons
6297001079102,openfacts
6297001079294,openfacts
6297001079751,openfacts
6297001083222,openfacts
6297001083482,openfacts
6297001083499,openfacts
6297001083529,openfacts
6297001083536,openfacts
6297001083550,openfacts
6297001083567,openfacts
6297001083574,openfacts
6297001083727,openfacts
6297001083758,openfacts
6297001083871,openfacts
6297001083888,openfacts
6297001083918,openfacts
6297001083925,openfacts
6297001092033,openfacts
6297001092040,openfacts
6297001092057,openfacts
6297001092064,openfacts
6297001092095,openfacts
6297001092125,openfacts
6297001092262,openfacts
6297001105009,openfacts
6297001105023,openfacts
6297001105030,openfacts
6297001105054,openfacts
6297001105108,openfacts
6297001105122,openfacts
6297001105146,openfacts
6297001105184,openfacts
6297001105207,openfacts
6297001105221,openfacts
6297001105245,openfacts
6297001105443,openfacts
6297001105467,openfacts
6297001105504,openfacts
6297001105566,openfacts
6297001105696,openfacts
6297001105887,openfacts
6297001105924,openfacts
6297001105931,openfacts
6297001105948,openfacts
6297001105955,openfacts
6297001105962,openfacts
6297001105979,openfacts
6297001105986,openfacts
6297001135006,openfacts
6297001135020,openfacts
6297001135037,openfacts
6297001135075,openfacts
6297001135082,openfacts
6297001135198,openfacts
6297001135266,openfacts
6297001135334,openfacts
6297001135365,openfacts
6297001135372,openfacts
6297001135389,openfacts
6297001135402,openfacts
6297001135471,openfacts
6297001135679,openfacts
6297001135754,openfacts
6297001135778,openfacts
6297001135785,openfacts
6297001135815,openfacts
6297001135822,openfacts
6297001135990,openfacts
6297001144008,openfacts
6297001144015,openfacts
6297001144022,openfacts
6297001144039,openfacts
6297001144046,openfacts
6297001144053,openfacts
6297001144091,openfacts
6297001144145,openfacts
6297001144152,openfacts
6297001144190,openfacts
6297001144213,openfacts
6297001144244,openfacts
6297001144268,openfacts
6297001158470,openfacts
6297001169063,openfacts
6297001172254,openfacts
6297001172261,openfacts
6297001172285,openfacts
6297001172544,openfacts
6297001172551,openfacts
6297001172582,openfacts
6297001172599,openfacts
6297001172605,openfacts
6297001172629,openfacts
6297001172636,openfacts
6297001172643,openfacts
6297001172742,openfacts
6297001172759,openfacts
6297001172766,openfacts
6297001181096,openfacts
6297001181119,openfacts
6297001181126,openfacts
6297001181157,openfacts
6297001181416,openfacts
6297001222010,openfacts
6297001222256,openfacts
6297001222270,openfacts
6297001222300,openfacts
6297001222751,openfacts
6297001263747,openfacts
6297001266847,openfacts
6297001266854,openfacts
6297001266915,openfacts
6297001274125,openfacts
6297001274224,openfacts
6297001274620,openfacts
6297001274637,openfacts
6297001274644,openfacts
6297001274699,openfacts
6297001326077,openfacts
6297001326091,openfacts
6297001326121,openfacts
6297001326138,openfacts
6297001326145,openfacts
6297001326152,openfacts
6297001326169,openfacts
6297001326176,openfacts
6297001326183,openfacts
6297001326206,openfacts
6297001326374,openfacts
6297001326381,openfacts
6297001326473,openfacts
6297001346921,openfacts
6297001346945,openfacts
6297001347515,openfacts
6297001351536,openfacts
6297001366226,openfacts
6297001380109,openfacts
6297001393000,openfacts
6297001393017,openfacts
6297001393024,openfacts
6297001393031,openfacts
6297001393048,openfacts
6297001393055,openfacts
6297001393062,openfacts
6297001393079,openfacts
6297001393086,openfacts
6297001393093,openfacts
6297001393130,openfacts
6297001393543,openfacts
6297001393741,openfacts
6297001393802,openfacts
6297001393826,openfacts
6297001407523,openfacts
6297001407790,openfacts
6297001442630,openfacts
6297001443125,openfacts
6297001526361,openfacts
6297001558041,openfacts
6297001558058,openfacts
6297001558065,openfacts
6297001558072,openfacts
6297001558089,openfacts
6297001558096,openfacts
6297001558102,openfacts
6297001558119,openfacts
6297001558126,openfacts
6297001558133,openfacts
6297001558140,openfacts
6297001558157,openfacts
6297001558164,openfacts
6297001558171,openfacts
6297001558188,openfacts
6297001558195,openfacts
6297001558201,openfacts
6297001558218,openfacts
6297001558249,openfacts
6297001558256,openfacts
6297001558263,openfacts
6297001558270,openfacts
6297001558287,openfacts
6297001558294,openfacts
6297001558300,openfacts
6297001558317,openfacts
6297001558331,openfacts
6297001558348,openfacts
6297001558355,openfacts
6297001558362,openfacts
6297001558379,openfacts
6297001558386,openfacts
6297001558393,openfacts
6297001558409,openfacts
6297001558416,openfacts
6297001558584,openfacts
6297001558591,openfacts
6297001558607,openfacts
6297001558614,openfacts
6297001558621,openfacts
6297001623008,openfacts
6297001638286,openfacts
6297001647141,openfacts
6297001855669,openfacts
6297006001009,openfacts
6297007060043,openfacts
6297100731383,openfacts
6297210189159,openfacts
6297275070010,openfacts
6297312825078,openfacts
6297312825191,openfacts
6297411086943,openfacts
6297610000733,openfacts
6297693047236,openfacts
6297800467841,openfacts
6297807409066,openfacts
6297807409080,openfacts
6297811169055,openfacts
6297856474176,openfacts
6297861210127,openfacts
6298009793229,openfacts
6298009793335,openfacts
6298040501234,openfacts
6298042161146,openfacts
6298042161269,openfacts
6298042332379,openfacts
6298042332386,openfacts
6298042337121,openfacts
6298042390911,openfacts
6298042510135,openfacts
6298042560604,openfacts
6298042723856,openfacts
6298042723863,openfacts
6298042774582,openfacts
6298042774902,openfacts
6298042780026,openfacts
6298042780057,openfacts
6298042780828,openfacts
6298042781047,openfacts
6298042782518,openfacts
6298043091107,openfacts
6298043142878,openfacts
6298043291736,openfacts
6298043550215,openfacts
6298043920124,openfacts
6298043959681,openfacts
6298043992541,openfacts
6298043992572,openfacts
6298044003291,openfacts
6298044003307,openfacts
6298044005004,openfacts
6298044006261,openfacts
6298044008753,openfacts
6298044013047,openfacts
6298044027303,openfacts
6298044032260,openfacts
6298044043792,openfacts
6298044055641,openfacts
6298044062519,openfacts
6298044072754,openfacts
6298044072969,openfacts
6298044074055,openfacts
6298044074086,openfacts
6298044074093,openfacts
6298044074109,openfacts
6298044076523,openfacts
6298044080759,openfacts
6298044080872,openfacts
6298044080902,openfacts
6298044080988,openfacts
6298044084498,openfacts
6298044087413,openfacts
6298044091038,openfacts
6298044091205,openfacts
6298044091229,openfacts
6298044091243,openfacts
6298044096293,openfacts
6298044096323,openfacts
6298044096330,openfacts
6298044096347,openfacts
6298044096354,openfacts
6298044104936,openfacts
6298044113877,openfacts
6298044113983,openfacts
6298044125757,openfacts
6298044125764,openfacts
6298044125795,openfacts
6298044126273,openfacts
6298044126297,openfacts
6298044126303,openfacts
6298044126372,openfacts
6298044126389,openfacts
6298044127027,openfacts
6298044127034,openfacts
6298044127164,openfacts
6298044132946,openfacts
6298044140507,openfacts
6298044140682,openfacts
6298044143799,openfacts
6298044143805,openfacts
6298044143812,openfacts
6298044143829,openfacts
6298044147537,webdatacommons
6298044150018,openfacts
6298044150025,openfacts
6298044151770,openfacts
6298044151787,openfacts
6298044151794,openfacts
6298044154009,openfacts
6298044154016,openfacts
6298044154023,openfacts
6298044154047,openfacts
6298044154054,openfacts
6298044154061,openfacts
6298044154078,openfacts
6298044154160,openfacts
6298044154238,openfacts
6298044156799,openfacts
6298044157369,openfacts
6298044157413,openfacts
6298044157505,openfacts
6298044167580,openfacts
6298044167597,openfacts
6298044167702,openfacts
6298044167719,openfacts
6298044172591,openfacts
6298044177251,openfacts
6298044177268,openfacts
6298044177275,openfacts
6298044177282,openfacts
6298044177381,openfacts
6298044177398,openfacts
6298044186802,openfacts
6298044186963,openfacts
6298044188257,openfacts
6298044200195,openfacts
6298044811704,openfacts
6298110002265,openfacts
6298141924505,openfacts
6298141926707,openfacts
6298141926714,openfacts
6298141926738,openfacts
6298141926851,openfacts
6298208551057,openfacts
6298212390161,openfacts
6298212391045,openfacts
6298212391335,openfacts
6298350160640,openfacts
6298444060443,openfacts
6298462904187,openfacts
6298462906280,openfacts
6298462913042,openfacts
6298462913066,openfacts
6298462914865,openfacts
6298462917705,openfacts
6298462918030,openfacts
6298462918351,openfacts
6298462918375,openfacts
6298462918511,openfacts
6298462918740,openfacts
6298462918757,openfacts
6298462918894,openfacts
6298462919297,openfacts
6298462919648,openfacts
6298463856423,openfacts
6298520924133,openfacts
6298575015527,openfacts
6298754220988,openfacts
6298758798520,openfacts
6298762236674,openfacts
6298762236902,openfacts
6298762238852,openfacts
6298762240169,openfacts
6298762240817,openfacts
6298762240923,openfacts
6298762241043,openfacts
6298785243529,openfacts
6298812818713,openfacts
6298834446406,openfacts
6298850002815,openfacts
6298857000852,openfacts
6298857001194,openfacts
6298888416110,openfacts
6298976600018,openfacts
6298976600025,openfacts
6298976600179,openfacts
6298976600186,openfacts
6298976600193,openfacts
6298976600766,openfacts
6299000099136,openfacts
6299122511523,openfacts
6299200000031,openfacts
6299200000048,openfacts
6299200000086,openfacts
6299200000093,openfacts
6299200000109,openfacts
6299200000185,openfacts
6299200000192,openfacts
6299200002684,openfacts
6299200002691,openfacts
6299200002707,openfacts
6299200002844,openfacts
6299200002875,openfacts
6299200002899,openfacts
6299200002912,openfacts
6299200003162,openfacts
6299200005678,openfacts
6299200005692,openfacts
6299200005708,openfacts
6299200006057,openfacts
6299200006071,openfacts
6299200007092,openfacts
6299200007108,openfacts
6299200007146,openfacts
6299200007221,openfacts
6299200010337,openfacts
6299200012324,openfacts
6299200014298,openfacts
6299200014489,openfacts
6299200014564,openfacts
6299200017671,openfacts
6299200023467,openfacts
6299200025119,openfacts
6299200025133,openfacts
6299200028837,openfacts
6299200031905,openfacts
6299200032742,openfacts
6299200032827,openfacts
6299200032858,openfacts
6299200032865,openfacts
6299200032926,openfacts
6299200032940,openfacts
6299200032957,openfacts
6299200032971,openfacts
6299200035811,openfacts
6299200036016,openfacts
6299200036047,openfacts
6299200036054,openfacts
6299200036085,openfacts
6299200036108,openfacts
6299200036139,openfacts
6299200036146,openfacts
6299200036153,openfacts
6299200036160,openfacts
6299200036481,openfacts
6299200036863,openfacts
6299200036955,openfacts
6299200037839,openfacts
6299200037884,openfacts
6299200038263,openfacts
6299200038270,openfacts
6299200039550,openfacts
6299200040426,openfacts
6299200040877,openfacts
6299200041102,openfacts
6299200041133,openfacts
6299200041157,openfacts
6299200042185,openfacts
6299200042857,openfacts
6299200044257,openfacts
6299200044455,openfacts
6299200044462,openfacts
6299200044479,openfacts
6299200044509,openfacts
6299200044516,openfacts
6299200044592,openfacts
6299200044745,openfacts
6299200044752,openfacts
6299200044769,openfacts
6299200044806,openfacts
6299200044851,openfacts
6299200044875,openfacts
6299200044882,openfacts
6299200045032,openfacts
6299200045049,openfacts
6299200045117,openfacts
6299200045124,openfacts
6299200045483,openfacts
6299200045513,openfacts
6299200045810,openfacts
6299200045889,openfacts
6299200045902,openfacts
6299200045957,openfacts
6299200045964,openfacts
6299200045971,openfacts
6299200045988,openfacts
6299200046688,openfacts
6299200046701,openfacts
6299200046718,openfacts
6299200046732,openfacts
6299200046749,openfacts
6299200046909,openfacts
6299200046916,openfacts
6299200047012,openfacts
6299200047036,openfacts
6299200047067,openfacts
6299200047111,openfacts
6299200047142,openfacts
6299200047159,openfacts
6299200047319,openfacts
6299200047678,openfacts
6299200047708,openfacts
6299200047715,openfacts
6299200047753,openfacts
6299200047777,openfacts
6299200047883,openfacts
6299200047890,openfacts
6299200047906,openfacts
6299200047913,openfacts
6299200047920,openfacts
6299200047999,openfacts
6299200048057,openfacts
6299200048064,openfacts
6299200048149,openfacts
6299200048187,openfacts
6299200048231,openfacts
6299200048330,openfacts
6299200048354,openfacts
6299200048361,openfacts
6299200048675,openfacts
6299200048774,openfacts
6299200049054,openfacts
6299200049078,openfacts
6299200049214,openfacts
6299200049276,openfacts
6299200049283,openfacts
6299200049313,openfacts
6299200049351,openfacts
6299200049474,openfacts
6299200050128,openfacts
6299200050135,openfacts
6299200050180,openfacts
6299200050272,openfacts
6299200050289,openfacts
6299200050302,openfacts
6299200050319,openfacts
6299200050333,openfacts
6299200050654,openfacts
6299200050661,openfacts
6299200050777,openfacts
6299200050784,openfacts
6299200050791,openfacts
6299200050814,openfacts
6299200050838,openfacts
6299200050906,openfacts
6299200050944,openfacts
6299200050975,openfacts
6299200051026,openfacts
6299200051057,openfacts
6299200051064,openfacts
6299200051095,openfacts
6299200051101,openfacts
6299200051118,openfacts
6299200051125,openfacts
6299200051200,openfacts
6299200051217,openfacts
6299200051224,openfacts
6299200051248,openfacts
6299200051255,openfacts
6299200051347,openfacts
6299200051408,openfacts
6299200051415,openfacts
6299200051439,openfacts
6299200051507,openfacts
6299200051514,openfacts
6299200051521,openfacts
6299200051538,openfacts
6299200051545,openfacts
6299200051552,openfacts
6299200051569,openfacts
6299200051576,openfacts
6299200051620,openfacts
6299200051729,openfacts
6299200051743,openfacts
6299200051873,openfacts
6299200052108,openfacts
6299200052207,openfacts
6299200052283,openfacts
6299200052313,openfacts
6299200052320,openfacts
6299200052535,openfacts
6299200052580,openfacts
6299200052627,openfacts
6299200052634,openfacts
6299200052818,openfacts
6299200052849,openfacts
6299200052900,openfacts
6299200053013,openfacts
6299200053129,openfacts
6299200053143,openfacts
6299200053150,openfacts
6299200053426,openfacts
6299200053471,openfacts
6299200053662,openfacts
6299200053914,openfacts
6299200053921,openfacts
6299200053938,openfacts
6299200053945,openfacts
6299200053952,openfacts
6299200054140,openfacts
6299200054171,openfacts
6299200054188,openfacts
6299200054638,openfacts
6299200054669,openfacts
6299200054676,openfacts
6299200054706,openfacts
6299200054737,openfacts
6299200054881,openfacts
6299200054959,openfacts
6299200054980,openfacts
6299200055048,openfacts
6299200055055,openfacts
6299200055062,openfacts
6299200055383,openfacts
6299200055390,openfacts
6299200055406,openfacts
6299200055420,openfacts
6299200055482,openfacts
6299200055512,openfacts
6299200055529,openfacts
6299200055727,openfacts
6299200055758,openfacts
6299200055772,openfacts
6299200055789,openfacts
6299200055888,openfacts
6299200055901,openfacts
6299200055918,openfacts
6299200055987,openfacts
6299200055994,openfacts
6299200056045,openfacts
6299200056069,openfacts
6299200056243,openfacts
6299200056250,openfacts
6299200056267,openfacts
6299200056311,openfacts
6299200056502,openfacts
6299200056519,openfacts
6299200056588,openfacts
6299200056656,openfacts
6299200056663,openfacts
6299200056670,openfacts
6299200056717,openfacts
6299200056731,openfacts
6299200056748,openfacts
6299200056762,openfacts
6299200056793,openfacts
6299200056816,openfacts
6299200056861,openfacts
6299200056892,openfacts
6299200056908,openfacts
6299200056915,openfacts
6299200056922,openfacts
6299200056939,openfacts
6299200057011,openfacts
6299200057158,openfacts
6299200057813,openfacts
6299200057820,openfacts
6299200057912,openfacts
6299200058001,openfacts
6299200059060,openfacts
6299200059107,openfacts
6299200059114,openfacts
6299200059268,openfacts
6299200059367,openfacts
6299200059374,openfacts
6299200059398,openfacts
6299200059534,openfacts
6299200059619,openfacts
6299200059701,openfacts
6299200059862,openfacts
6299200059886,openfacts
6299200059916,openfacts
6299200059930,openfacts
6299200060127,openfacts
6299200060738,openfacts
6299200061469,openfacts
6299200061650,openfacts
6299200062282,openfacts
6299200062732,openfacts
6299200062749,openfacts
6299200062992,openfacts
6299200063487,openfacts
6299200063845,openfacts
6299373084104,openfacts
6299512815477,openfacts
6299860790563,openfacts
6299871202611,openfacts
6299890116074,openfacts
6299999960875,openfacts
