ean13,source
4080042717841,openfacts
4080049099049,openfacts
4080066357382,openfacts
4080136811226,openfacts
4080212646698,openfacts
4080300000180,openfacts
4080300000517,openfacts
4080300000838,openfacts
4080300001910,openfacts
4080300001996,openfacts
4080463003639,openfacts
4080470666636,openfacts
4080700010123,openfacts
4080700010420,openfacts
4080700010727,openfacts
4080700010826,openfacts
4080700010956,openfacts
4080700011236,openfacts
4080700011359,openfacts
4080700011854,openfacts
4080700012035,openfacts
4080700012851,openfacts
4080700013025,openfacts
4080700013452,openfacts
4080700013728,openfacts
4080700013827,openfacts
4080700014145,openfacts
4080700014947,openfacts
4080700019126,openfacts
4080700019232,openfacts
4080700019744,openfacts
4080700028555,openfacts
4080700045040,openfacts
4080700045095,openfacts
4080700062030,openfacts
4080700062337,openfacts
4080700063020,openfacts
4080700063228,openfacts
4080700063426,openfacts
4080700063525,openfacts
4080700068032,openfacts
4080700068049,openfacts
4080700068056,openfacts
4080700070639,openfacts
4080700075245,openfacts
4080700078512,openfacts
4080943391621,openfacts
4080985905800,openfacts
4081188141545,openfacts
4081188151360,openfacts
4081234701853,openfacts
4081258234481,openfacts
4081261733070,openfacts
4081287903822,openfacts
4081288176478,openfacts
4081344036838,openfacts
4081418102711,openfacts
4081500653824,openfacts
4081500653909,openfacts
4081500654043,openfacts
4081579621908,openfacts
4081580095569,openfacts
4081800118016,openfacts
4081800118054,openfacts
4081800118078,openfacts
4081800118153,openfacts
4081800118290,openfacts
4081800118313,openfacts
4081800118351,openfacts
4081800118368,openfacts
4081800118375,openfacts
4081800118382,openfacts
4081800118399,openfacts
4081800118597,openfacts
4081800118603,openfacts
4081800118627,openfacts
4081800118641,openfacts
4081800118665,openfacts
4081800118726,openfacts
4081800118771,openfacts
4081800118788,openfacts
4081800118870,openfacts
4081800118900,openfacts
4081800118931,openfacts
4081800118948,openfacts
4081800118986,openfacts
4081800118993,openfacts
4081800119006,openfacts
4081800119013,openfacts
4081800119020,openfacts
4081800119051,openfacts
4081800119099,openfacts
4081800119105,openfacts
4081800119112,openfacts
4081800119129,openfacts
4081800119136,openfacts
4081800119174,openfacts
4081800119181,openfacts
4081800119198,openfacts
4081800119242,openfacts
4081800119266,openfacts
4081800119273,openfacts
4081800119280,openfacts
4081800119297,openfacts
4081800119303,openfacts
4081800119310,openfacts
4081800119341,openfacts
4081800119358,openfacts
4081800119365,openfacts
4081800119419,openfacts
4081800119426,openfacts
4081800119464,openfacts
4081800119471,openfacts
4081800119501,openfacts
4081800119518,openfacts
4081800119532,openfacts
4081800119587,openfacts
4081800119594,openfacts
4081800119747,openfacts
4081800119778,openfacts
4081800119808,openfacts
4081800119860,openfacts
4081800119877,openfacts
4081800119884,openfacts
4081800119891,openfacts
4081800119907,openfacts
4081800119914,openfacts
4081800119976,openfacts
4081800120019,openfacts
4081800120026,openfacts
4081800120033,openfacts
4081800120040,openfacts
4081800120057,openfacts
4081800120064,openfacts
4081800120071,openfacts
4081800120095,openfacts
4081800120149,openfacts
4081800120170,openfacts
4081800120194,openfacts
4081800120620,openfacts
4081800120736,openfacts
4081800488003,openfacts
4081801120216,openfacts
4081802120222,openfacts
4081803120238,openfacts
4081806350311,openfacts
4081811120312,openfacts
4082002001991,openfacts
4082042001999,openfacts
4082062001993,openfacts
4082100002227,openfacts
4082100002258,openfacts
4082100003453,openfacts
4082100003552,openfacts
4082100004238,openfacts
4082100004467,openfacts
4082100005006,openfacts
4082100005044,openfacts
4082100005815,openfacts
4082100006102,openfacts
4082100006140,openfacts
4082100006164,openfacts
4082100006508,openfacts
4082100006522,openfacts
4082100007154,openfacts
4082100007710,openfacts
4082100007727,openfacts
4082100009097,openfacts
4082100010758,openfacts
4082100010901,openfacts
4082100011007,openfacts
4082100011021,openfacts
4082100053304,openfacts
4082176953768,openfacts
4082226642406,openfacts
4082349678948,openfacts
4082400053110,openfacts
4082400053417,openfacts
4082400054384,openfacts
4082400237015,openfacts
4082492841770,openfacts
4082600875529,openfacts
4082700325269,openfacts
4082700990597,openfacts
4082912083629,openfacts
4083089005568,openfacts
4083089469278,openfacts
4083177677202,openfacts
4083575720111,openfacts
4083700301871,openfacts
4083700301956,openfacts
4083700303011,openfacts
4083700303547,openfacts
4083700304087,openfacts
4083900000031,openfacts
4083900000093,openfacts
4083900000116,openfacts
4083900010030,openfacts
4083900010115,openfacts
4083900010146,openfacts
4083900010153,openfacts
4083900010177,openfacts
4083900010184,openfacts
4083900010191,openfacts
4083900012416,openfacts
4083900012423,openfacts
4083900012577,openfacts
4083900013093,openfacts
4083900013314,openfacts
4083900013345,openfacts
4083900013369,openfacts
4083900013376,openfacts
4083900013383,openfacts
4083900013437,openfacts
4083900013444,openfacts
4083900013468,openfacts
4083900013482,openfacts
4083900014779,openfacts
4083900014786,openfacts
4083900014793,openfacts
4083900014809,openfacts
4083900016650,openfacts
4083900029988,openfacts
4083900029995,openfacts
4083900030120,openfacts
4083900030311,openfacts
4083900042376,openfacts
4083900042390,openfacts
4083900042406,openfacts
4083900042505,openfacts
4083900042529,openfacts
4083900043816,openfacts
4083900043823,openfacts
4083900047159,openfacts
4083900047319,openfacts
4083900047524,openfacts
4083900047791,openfacts
4083900047845,openfacts
4083900047890,openfacts
4083900073196,openfacts
4083900073448,openfacts
4083900073882,openfacts
4083900073899,openfacts
4083900073912,openfacts
4083900078375,openfacts
4083900081566,openfacts
4083900143042,openfacts
4083900273923,openfacts
4084032643066,openfacts
4084200499600,openfacts
4084200653309,openfacts
4084200771904,openfacts
4084200772901,openfacts
4084200857103,openfacts
4084276457870,openfacts
4084287888748,openfacts
4084297077927,openfacts
4084400041630,openfacts
4084400041654,openfacts
4084400055163,openfacts
4084400081643,openfacts
4084400081667,openfacts
4084400081681,openfacts
4084400083630,openfacts
4084400092274,openfacts
4084482578048,openfacts
4084487883666,openfacts
4084500015012,openfacts
4084500015135,openfacts
4084500015722,openfacts
4084500015876,openfacts
4084500019195,openfacts
4084500047570,openfacts
4084500047693,openfacts
4084500051003,openfacts
4084500065567,openfacts
4084500074651,openfacts
4084500074682,openfacts
4084500084971,openfacts
4084500085022,openfacts
4084500085145,openfacts
4084500085435,openfacts
4084500087378,openfacts
4084500087460,openfacts
4084500104891,openfacts
4084500106659,openfacts
4084500124165,openfacts
4084500128880,openfacts
4084500129030,openfacts
4084500137370,openfacts
4084500140547,openfacts
4084500190665,openfacts
4084500190818,openfacts
4084500190863,openfacts
4084500191310,openfacts
4084500191617,openfacts
4084500205550,openfacts
4084500205888,openfacts
4084500208872,openfacts
4084500212978,openfacts
4084500223134,openfacts
4084500270145,openfacts
4084500272040,openfacts
4084500273511,openfacts
4084500284838,openfacts
4084500288119,openfacts
4084500289277,openfacts
4084500289321,openfacts
4084500290600,openfacts
4084500302082,openfacts
4084500305991,openfacts
4084500306028,openfacts
4084500307360,openfacts
4084500357112,openfacts
4084500380622,openfacts
4084500396159,openfacts
4084500407633,openfacts
4084500422780,openfacts
4084500477445,openfacts
4084500488465,openfacts
4084500490543,openfacts
4084500490581,openfacts
4084500495838,openfacts
4084500495869,openfacts
4084500495890,openfacts
4084500495920,openfacts
4084500495951,openfacts
4084500495982,openfacts
4084500506541,openfacts
4084500507388,openfacts
4084500507418,openfacts
4084500607095,openfacts
4084500610699,openfacts
4084500617391,openfacts
4084500617421,openfacts
4084500618114,openfacts
4084500621671,openfacts
4084500621701,openfacts
4084500635944,openfacts
4084500654860,openfacts
4084500660083,openfacts
4084500700543,openfacts
4084500700925,openfacts
4084500709683,openfacts
4084500739253,openfacts
4084500740303,openfacts
4084500743724,openfacts
4084500743946,openfacts
4084500789869,openfacts
4084500789913,openfacts
4084500790124,openfacts
4084500795648,openfacts
4084500795976,openfacts
4084500801776,openfacts
4084500805163,openfacts
4084500807426,openfacts
4084500807518,openfacts
4084500807549,openfacts
4084500807600,openfacts
4084500807686,openfacts
4084500821446,openfacts
4084500821507,openfacts
4084500822856,openfacts
4084500828001,openfacts
4084500838970,openfacts
4084500839038,openfacts
4084500846579,openfacts
4084500847002,openfacts
4084500856462,openfacts
4084500856653,openfacts
4084500860605,openfacts
4084500870628,openfacts
4084500870772,openfacts
4084500875982,openfacts
4084500876019,openfacts
4084500895065,openfacts
4084500896192,openfacts
4084500900509,openfacts
4084500900530,openfacts
4084500906617,openfacts
4084500908147,openfacts
4084500908291,openfacts
4084500908345,openfacts
4084500909793,openfacts
4084500910119,openfacts
4084500911161,openfacts
4084500919990,openfacts
4084500920088,openfacts
4084500922075,openfacts
4084500923973,openfacts
4084500924055,openfacts
4084500927971,openfacts
4084500930797,openfacts
4084500940383,openfacts
4084500943827,openfacts
4084500944046,openfacts
4084500959576,openfacts
4084500961159,openfacts
4084500966475,openfacts
4084500978911,openfacts
4084500979208,openfacts
4084500980075,openfacts
4084500981539,openfacts
4084500981577,openfacts
4084500981614,openfacts
4084500981898,openfacts
4084500991385,openfacts
4084500991446,openfacts
4084500991507,openfacts
4084500991569,openfacts
4084566514627,openfacts
4084584133220,openfacts
4084700672008,openfacts
4084700672039,openfacts
4084700672312,openfacts
4084700672374,openfacts
4084700672404,openfacts
4084700672800,openfacts
4084700672817,openfacts
4084700673012,openfacts
4084700673029,openfacts
4084700673036,openfacts
4084700673043,openfacts
4084700673067,openfacts
4084700673081,openfacts
4084700673111,openfacts
4084700673210,openfacts
4084700673357,openfacts
4084700673364,openfacts
4084700673371,openfacts
4084700673401,openfacts
4084700673807,openfacts
4084900840009,openfacts
4084964444434,openfacts
4085100001337,openfacts
4085200400429,openfacts
4085200400436,openfacts
4085200400504,openfacts
4085200400566,openfacts
4085200400603,openfacts
4085200400610,openfacts
4085200400702,openfacts
4085200400726,openfacts
4085200400733,openfacts
4085200400801,openfacts
4085200400900,openfacts
4085200401228,openfacts
4085200401303,openfacts
4085200402621,openfacts
4085200402812,openfacts
4085200406193,openfacts
4085200600812,openfacts
4085200601437,openfacts
4085200601628,openfacts
4085490408112,openfacts
4085800005130,openfacts
4085800005857,openfacts
4085800005888,openfacts
4085800005918,openfacts
4085800006021,openfacts
4085800010936,openfacts
4085800010943,openfacts
4085800011629,openfacts
4085800012749,openfacts
4085800012855,openfacts
4085800015146,openfacts
4085800015153,openfacts
4085900001124,openfacts
4085900001155,openfacts
4085900001179,openfacts
4085900001193,openfacts
4085900001216,openfacts
4085900001223,openfacts
4085900003708,openfacts
4085900003722,openfacts
4085900004507,openfacts
4085900004514,openfacts
4085900004705,openfacts
4085900004729,openfacts
4085900004736,openfacts
4085900005504,openfacts
4085900007201,openfacts
4085900007232,openfacts
4085900009014,openfacts
4085900009311,openfacts
4085900009410,openfacts
4085900009441,openfacts
4085900019211,openfacts
4085900019617,openfacts
4085900071226,openfacts
4085900401016,openfacts
4085968413136,openfacts
4086000005920,openfacts
4086000006996,openfacts
4086000007009,openfacts
4086000007023,openfacts
4086000007085,openfacts
4086000007818,openfacts
4086000011648,openfacts
4086000012546,openfacts
4086000013499,openfacts
4086000013543,openfacts
4086000015417,openfacts
4086000015844,openfacts
4086000015851,openfacts
4086000015875,openfacts
4086000015912,openfacts
4086000016018,openfacts
4086000016025,openfacts
4086000016049,openfacts
4086000016056,openfacts
4086000016070,openfacts
4086000016094,openfacts
4086000016193,openfacts
4086000016599,openfacts
4086000016636,openfacts
4086000016650,openfacts
4086000016674,openfacts
4086000016742,openfacts
4086000016759,openfacts
4086000016766,openfacts
4086000016773,openfacts
4086000016780,openfacts
4086000016841,openfacts
4086000016889,openfacts
4086000016896,openfacts
4086000017466,openfacts
4086000017671,openfacts
4086000017794,openfacts
4086000017862,openfacts
4086077044624,openfacts
4086100443561,openfacts
4086101000305,openfacts
4086414566147,openfacts
4086489035548,openfacts
4086489129605,openfacts
4086667040005,openfacts
4086768729755,openfacts
4086900100763,openfacts
4086900101371,openfacts
4086900101630,openfacts
4086900101784,openfacts
4086900102408,openfacts
4086900102491,openfacts
4086900105041,openfacts
4086900105324,openfacts
4086900105423,openfacts
4086900105676,openfacts
4086900105751,openfacts
4086900106147,openfacts
4086900106208,openfacts
4086900106437,openfacts
4086900106826,openfacts
4086900111387,openfacts
4086900186019,openfacts
4086900195011,openfacts
4086900195066,openfacts
4086900195141,openfacts
4086900215702,openfacts
4086900717046,openfacts
4086900742611,openfacts
4086900743045,openfacts
4086900745568,openfacts
4086900745575,openfacts
4086900755406,openfacts
4086900756007,openfacts
4087086488058,openfacts
4087184622347,openfacts
4087205514316,openfacts
4087344019154,openfacts
4087344035185,openfacts
4087344041728,openfacts
4087344050232,openfacts
4087344108063,openfacts
4087344123912,openfacts
4087344132327,openfacts
4087344149370,openfacts
4087344160023,openfacts
4087344178790,openfacts
4087344237008,openfacts
4087344247519,openfacts
4087344248592,openfacts
4087344260280,openfacts
4087344265643,openfacts
4087344268538,openfacts
4087344268569,openfacts
4087344272627,openfacts
4087344273969,openfacts
4087344274720,openfacts
4087344283364,openfacts
4087344353708,openfacts
4087344354965,openfacts
4087344361147,openfacts
4087344375717,openfacts
4087344392530,openfacts
4087344438597,openfacts
4087344446332,openfacts
4087344492629,openfacts
4087344522562,openfacts
4087344532370,openfacts
4087344562322,openfacts
4087344564791,openfacts
4087344565361,openfacts
4087344566412,openfacts
4087344574264,openfacts
4087464624641,openfacts
4087500678461,openfacts
4087600030077,openfacts
4087600232297,openfacts
4087600360426,openfacts
4088100170713,openfacts
4088100706004,openfacts
4088428044444,openfacts
4088500006780,openfacts
4088500086782,openfacts
4088500086799,openfacts
4088500086805,openfacts
4088500086812,openfacts
4088500086829,openfacts
4088500086836,openfacts
4088500123456,openfacts
4088500145878,openfacts
4088500322781,openfacts
4088500343472,openfacts
4088500350784,openfacts
4088500434170,openfacts
4088500458770,openfacts
4088500529272,openfacts
4088500550016,openfacts
4088500550344,openfacts
4088500558579,openfacts
4088500568080,openfacts
4088500597950,openfacts
4088500608137,openfacts
4088500613223,openfacts
4088500613261,openfacts
4088500614770,openfacts
4088500615692,openfacts
4088500615722,openfacts
4088500615746,openfacts
4088500616248,openfacts
4088500616255,openfacts
4088500616262,openfacts
4088500616279,openfacts
4088500616286,openfacts
4088500617252,openfacts
4088500619324,openfacts
4088500619744,openfacts
4088500619768,openfacts
4088500619775,openfacts
4088500619782,openfacts
4088500620146,openfacts
4088500620153,openfacts
4088500620160,openfacts
4088500621341,openfacts
4088500621358,openfacts
4088500621365,openfacts
4088500621860,openfacts
4088500621877,openfacts
4088500621884,openfacts
4088500622218,openfacts
4088500622225,openfacts
4088500622232,openfacts
4088500622249,openfacts
4088500631098,openfacts
4088500635560,openfacts
4088500635621,openfacts
4088500638998,openfacts
4088500640328,openfacts
4088500642872,openfacts
4088500642896,openfacts
4088500644791,openfacts
4088500645736,openfacts
4088500645972,openfacts
4088500648768,openfacts
4088500649598,openfacts
4088500649628,openfacts
4088500650204,openfacts
4088500651294,openfacts
4088500653861,openfacts
4088500655148,openfacts
4088500655605,openfacts
4088500656961,openfacts
4088500657050,openfacts
4088500657067,openfacts
4088500657081,openfacts
4088500657814,openfacts
4088500657821,openfacts
4088500657982,openfacts
4088500658026,openfacts
4088500658194,openfacts
4088500659566,openfacts
4088500659696,openfacts
4088500661293,openfacts
4088500661361,openfacts
4088500661385,openfacts
4088500663150,openfacts
4088500664645,openfacts
4088500664706,openfacts
4088500664713,openfacts
4088500664720,openfacts
4088500664737,openfacts
4088500665925,openfacts
4088500665956,openfacts
4088500665963,openfacts
4088500667424,openfacts
4088500667448,openfacts
4088500667769,openfacts
4088500668926,openfacts
4088500670769,openfacts
4088500674088,openfacts
4088500675238,openfacts
4088500675276,openfacts
4088500677324,openfacts
4088500677355,openfacts
4088500677430,openfacts
4088500677461,openfacts
4088500682236,openfacts
4088500682243,openfacts
4088500682861,openfacts
4088500684797,openfacts
4088500684834,openfacts
4088500686388,openfacts
4088500688641,openfacts
4088500688696,openfacts
4088500689457,openfacts
4088500693980,openfacts
4088500695557,openfacts
4088500696165,openfacts
4088500697537,openfacts
4088500697667,openfacts
4088500698268,openfacts
4088500698749,openfacts
4088500699470,openfacts
4088500699753,openfacts
4088500700282,openfacts
4088500701357,openfacts
4088500703207,openfacts
4088500703351,openfacts
4088500703467,openfacts
4088500703474,openfacts
4088500704853,openfacts
4088500705331,openfacts
4088500705539,openfacts
4088500705676,openfacts
4088500706307,openfacts
4088500706321,openfacts
4088500708608,openfacts
4088500708615,openfacts
4088500708622,openfacts
4088500709032,openfacts
4088500711530,openfacts
4088500714593,openfacts
4088500715439,openfacts
4088500715613,openfacts
4088500718072,openfacts
4088500718621,openfacts
4088500718638,openfacts
4088500718645,openfacts
4088500718652,openfacts
4088500719765,openfacts
4088500721089,openfacts
4088500721140,openfacts
4088500721157,openfacts
4088500721799,openfacts
4088500721812,openfacts
4088500730166,openfacts
4088500730173,openfacts
4088500732412,openfacts
4088500732764,openfacts
4088500734669,openfacts
4088500734676,openfacts
4088500736151,openfacts
4088500736274,openfacts
4088500737745,openfacts
4088500738889,openfacts
4088500738896,openfacts
4088500743159,openfacts
4088500743814,openfacts
4088500743821,openfacts
4088500743869,openfacts
4088500743876,openfacts
4088500743883,openfacts
4088500744040,openfacts
4088500744248,openfacts
4088500744262,openfacts
4088500744279,openfacts
4088500746075,openfacts
4088500748130,openfacts
4088500749687,openfacts
4088500749700,openfacts
4088500749717,openfacts
4088500754988,openfacts
4088500755251,openfacts
4088500755268,openfacts
4088500757682,openfacts
4088500762143,openfacts
4088500762181,openfacts
4088500762211,openfacts
4088500762228,openfacts
4088500762457,openfacts
4088500762464,openfacts
4088500762488,openfacts
4088500762495,openfacts
4088500762501,openfacts
4088500762525,openfacts
4088500762532,openfacts
4088500762549,openfacts
4088500762556,openfacts
4088500763171,openfacts
4088500763188,openfacts
4088500763478,openfacts
4088500763485,openfacts
4088500763898,openfacts
4088500763904,openfacts
4088500763911,openfacts
4088500764383,openfacts
4088500764390,openfacts
4088500764406,openfacts
4088500764413,openfacts
4088500765069,openfacts
4088500766394,openfacts
4088500766400,openfacts
4088500767919,openfacts
4088500770605,openfacts
4088500770773,openfacts
4088500770919,openfacts
4088500775228,openfacts
4088500775242,openfacts
4088500776577,openfacts
4088500776607,openfacts
4088500777598,openfacts
4088500778083,openfacts
4088500779110,openfacts
4088500783223,openfacts
4088500783230,openfacts
4088500783247,openfacts
4088500783254,openfacts
4088500783261,openfacts
4088500783803,openfacts
4088500784503,openfacts
4088500784848,openfacts
4088500785043,openfacts
4088500785418,openfacts
4088600000060,openfacts
4088600000114,openfacts
4088600000268,openfacts
4088600000275,openfacts
4088600000398,openfacts
4088600000497,openfacts
4088600000534,openfacts
4088600000541,openfacts
4088600001135,openfacts
4088600001159,openfacts
4088600001289,openfacts
4088600001487,openfacts
4088600001494,openfacts
4088600001562,openfacts
4088600001579,openfacts
4088600001586,openfacts
4088600001593,openfacts
4088600001609,openfacts
4088600001616,openfacts
4088600001623,openfacts
4088600001630,openfacts
4088600001647,openfacts
4088600001692,openfacts
4088600001739,openfacts
4088600001746,openfacts
4088600001807,openfacts
4088600001821,openfacts
4088600001883,openfacts
4088600002101,openfacts
4088600002248,openfacts
4088600002255,openfacts
4088600002279,openfacts
4088600002286,openfacts
4088600002545,openfacts
4088600002569,openfacts
4088600002576,openfacts
4088600002712,openfacts
4088600003009,openfacts
4088600003016,openfacts
4088600003245,openfacts
4088600003252,openfacts
4088600003269,openfacts
4088600003276,openfacts
4088600003283,openfacts
4088600003306,openfacts
4088600003351,openfacts
4088600003412,openfacts
4088600003429,openfacts
4088600003535,openfacts
4088600003559,openfacts
4088600003610,openfacts
4088600003665,openfacts
4088600003719,openfacts
4088600003740,openfacts
4088600003757,openfacts
4088600003788,openfacts
4088600003795,openfacts
4088600003801,openfacts
4088600003818,openfacts
4088600003825,openfacts
4088600003832,openfacts
4088600003849,openfacts
4088600003856,openfacts
4088600003863,openfacts
4088600003870,openfacts
4088600003887,openfacts
4088600003894,openfacts
4088600003900,openfacts
4088600003917,openfacts
4088600003924,openfacts
4088600003931,openfacts
4088600003948,openfacts
4088600003955,openfacts
4088600003979,openfacts
4088600003986,openfacts
4088600003993,openfacts
4088600004006,openfacts
4088600004020,openfacts
4088600004044,openfacts
4088600004051,openfacts
4088600004099,openfacts
4088600004143,openfacts
4088600004150,openfacts
4088600004167,openfacts
4088600004174,openfacts
4088600004662,openfacts
4088600004686,openfacts
4088600004693,openfacts
4088600004709,openfacts
4088600004778,openfacts
4088600004785,openfacts
4088600004792,openfacts
4088600004808,openfacts
4088600004860,openfacts
4088600004877,openfacts
4088600005027,openfacts
4088600005034,openfacts
4088600005195,openfacts
4088600005201,openfacts
4088600005324,openfacts
4088600005331,openfacts
4088600005355,openfacts
4088600005379,openfacts
4088600005522,openfacts
4088600005546,openfacts
4088600005676,openfacts
4088600005706,openfacts
4088600005713,openfacts
4088600005737,openfacts
4088600005850,openfacts
4088600005874,openfacts
4088600005935,openfacts
4088600005942,openfacts
4088600005973,openfacts
4088600006031,openfacts
4088600006178,openfacts
4088600006185,openfacts
4088600006666,openfacts
4088600006673,openfacts
4088600006697,openfacts
4088600006956,openfacts
4088600006963,openfacts
4088600006970,openfacts
4088600006994,openfacts
4088600007007,openfacts
4088600007014,openfacts
4088600007090,openfacts
4088600007106,openfacts
4088600007137,openfacts
4088600007175,openfacts
4088600007182,openfacts
4088600007199,openfacts
4088600007229,openfacts
4088600007236,openfacts
4088600007267,openfacts
4088600007274,openfacts
4088600007281,openfacts
4088600007298,openfacts
4088600007304,openfacts
4088600007342,openfacts
4088600007359,openfacts
4088600007366,openfacts
4088600007373,openfacts
4088600007397,openfacts
4088600007403,openfacts
4088600007410,openfacts
4088600007557,openfacts
4088600007861,openfacts
4088600007878,openfacts
4088600007885,openfacts
4088600007892,openfacts
4088600008103,openfacts
4088600008110,openfacts
4088600008127,openfacts
4088600008134,openfacts
4088600008165,openfacts
4088600008479,openfacts
4088600008608,openfacts
4088600008776,openfacts
4088600008783,openfacts
4088600008790,openfacts
4088600008806,openfacts
4088600008813,openfacts
4088600009049,openfacts
4088600009056,openfacts
4088600009117,openfacts
4088600009445,openfacts
4088600009469,openfacts
4088600009575,openfacts
4088600009766,openfacts
4088600009773,openfacts
4088600009780,openfacts
4088600009797,openfacts
4088600009803,openfacts
4088600010083,openfacts
4088600010212,openfacts
4088600010403,openfacts
4088600010441,openfacts
4088600010458,openfacts
4088600010465,openfacts
4088600010472,openfacts
4088600010489,openfacts
4088600010748,openfacts
4088600010755,openfacts
4088600010816,openfacts
4088600010830,openfacts
4088600011301,openfacts
4088600011318,openfacts
4088600011325,openfacts
4088600011332,openfacts
4088600011370,openfacts
4088600011530,openfacts
4088600011653,openfacts
4088600011660,openfacts
4088600011684,openfacts
4088600011691,openfacts
4088600011783,openfacts
4088600011806,openfacts
4088600011820,openfacts
4088600011837,openfacts
4088600011844,openfacts
4088600011868,openfacts
4088600011882,openfacts
4088600011899,openfacts
4088600011929,openfacts
4088600012025,openfacts
4088600012049,openfacts
4088600012056,openfacts
4088600012063,openfacts
4088600012070,openfacts
4088600012100,openfacts
4088600012117,openfacts
4088600012124,openfacts
4088600012131,openfacts
4088600012148,openfacts
4088600012155,openfacts
4088600012254,openfacts
4088600012353,openfacts
4088600012360,openfacts
4088600012377,openfacts
4088600012391,openfacts
4088600012414,openfacts
4088600012476,openfacts
4088600012483,openfacts
4088600012490,openfacts
4088600012544,openfacts
4088600012704,openfacts
4088600012711,openfacts
4088600012773,openfacts
4088600012780,openfacts
4088600012803,openfacts
4088600012834,openfacts
4088600012872,openfacts
4088600012926,openfacts
4088600012933,openfacts
4088600012957,openfacts
4088600013114,openfacts
4088600013275,openfacts
4088600013312,openfacts
4088600013459,openfacts
4088600013572,openfacts
4088600013619,openfacts
4088600013725,openfacts
4088600013732,openfacts
4088600013749,openfacts
4088600013756,openfacts
4088600013763,openfacts
4088600013770,openfacts
4088600013831,openfacts
4088600014142,openfacts
4088600014654,openfacts
4088600014661,openfacts
4088600014692,openfacts
4088600014722,openfacts
4088600014791,openfacts
4088600014807,openfacts
4088600014838,openfacts
4088600014845,openfacts
4088600014920,openfacts
4088600014975,openfacts
4088600014982,openfacts
4088600014999,openfacts
4088600015002,openfacts
4088600015057,openfacts
4088600015316,openfacts
4088600015651,openfacts
4088600015668,openfacts
4088600015804,openfacts
4088600015811,openfacts
4088600015873,openfacts
4088600016283,openfacts
4088600016368,openfacts
4088600016399,openfacts
4088600016405,openfacts
4088600016429,openfacts
4088600016580,openfacts
4088600016610,openfacts
4088600017242,openfacts
4088600017259,openfacts
4088600017280,openfacts
4088600017396,openfacts
4088600017402,openfacts
4088600017419,openfacts
4088600017532,openfacts
4088600017723,openfacts
4088600017730,openfacts
4088600017747,openfacts
4088600017754,openfacts
4088600017761,openfacts
4088600017891,openfacts
4088600017907,openfacts
4088600018065,openfacts
4088600018072,openfacts
4088600018089,openfacts
4088600018287,openfacts
4088600018294,openfacts
4088600018362,openfacts
4088600018379,openfacts
4088600018386,openfacts
4088600018416,openfacts
4088600018706,openfacts
4088600018799,openfacts
4088600019147,openfacts
4088600019154,openfacts
4088600019161,openfacts
4088600019338,openfacts
4088600019345,openfacts
4088600019390,openfacts
4088600019437,openfacts
4088600019499,openfacts
4088600019505,openfacts
4088600019512,openfacts
4088600019529,openfacts
4088600019543,openfacts
4088600019550,openfacts
4088600019604,openfacts
4088600019635,openfacts
4088600019765,openfacts
4088600019772,openfacts
4088600019789,openfacts
4088600019840,openfacts
4088600019956,openfacts
4088600019963,openfacts
4088600020174,openfacts
4088600020181,openfacts
4088600020198,openfacts
4088600020204,openfacts
4088600020211,openfacts
4088600020228,openfacts
4088600020235,openfacts
4088600020259,openfacts
4088600020266,openfacts
4088600020273,openfacts
4088600020280,openfacts
4088600020297,openfacts
4088600020341,openfacts
4088600020495,openfacts
4088600020501,openfacts
4088600020518,openfacts
4088600020525,openfacts
4088600020532,openfacts
4088600020549,openfacts
4088600020662,openfacts
4088600020846,openfacts
4088600020860,openfacts
4088600021096,openfacts
4088600021102,openfacts
4088600021133,openfacts
4088600021157,openfacts
4088600021164,openfacts
4088600021577,openfacts
4088600021713,openfacts
4088600021720,openfacts
4088600021737,openfacts
4088600021744,openfacts
4088600021799,openfacts
4088600021812,openfacts
4088600021850,openfacts
4088600021867,openfacts
4088600021898,openfacts
4088600021966,openfacts
4088600022000,openfacts
4088600022239,openfacts
4088600022437,openfacts
4088600022444,openfacts
4088600022499,openfacts
4088600022529,openfacts
4088600023007,openfacts
4088600023014,openfacts
4088600023021,openfacts
4088600023069,openfacts
4088600023076,openfacts
4088600023083,openfacts
4088600023212,openfacts
4088600023281,openfacts
4088600023328,openfacts
4088600023434,openfacts
4088600023458,openfacts
4088600023465,openfacts
4088600023472,openfacts
4088600023489,openfacts
4088600023502,openfacts
4088600023519,openfacts
4088600023526,openfacts
4088600023533,openfacts
4088600023540,openfacts
4088600023588,openfacts
4088600023618,openfacts
4088600023625,openfacts
4088600023663,openfacts
4088600023670,openfacts
4088600023700,openfacts
4088600023793,openfacts
4088600023861,openfacts
4088600023915,openfacts
4088600023939,openfacts
4088600024042,openfacts
4088600024073,openfacts
4088600024417,openfacts
4088600024615,openfacts
4088600024950,openfacts
4088600025056,openfacts
4088600025384,openfacts
4088600025513,openfacts
4088600025582,openfacts
4088600025643,openfacts
4088600025667,openfacts
4088600025728,openfacts
4088600025766,openfacts
4088600025773,openfacts
4088600025810,openfacts
4088600025827,openfacts
4088600025872,openfacts
4088600025902,openfacts
4088600025933,openfacts
4088600025940,openfacts
4088600025957,openfacts
4088600025964,openfacts
4088600025995,openfacts
4088600026008,openfacts
4088600026046,openfacts
4088600026220,openfacts
4088600026251,openfacts
4088600026282,openfacts
4088600026381,openfacts
4088600026398,openfacts
4088600026497,openfacts
4088600027029,openfacts
4088600027050,openfacts
4088600027067,openfacts
4088600027081,openfacts
4088600027128,openfacts
4088600027173,openfacts
4088600027197,openfacts
4088600027371,openfacts
4088600027395,openfacts
4088600027425,openfacts
4088600027449,openfacts
4088600027456,openfacts
4088600027487,openfacts
4088600027524,openfacts
4088600027531,openfacts
4088600027555,openfacts
4088600027562,openfacts
4088600027623,openfacts
4088600027890,openfacts
4088600027906,openfacts
4088600027968,openfacts
4088600027975,openfacts
4088600028095,openfacts
4088600028101,openfacts
4088600028125,openfacts
4088600028170,openfacts
4088600028217,openfacts
4088600028231,openfacts
4088600028361,openfacts
4088600028378,openfacts
4088600028385,openfacts
4088600028392,openfacts
4088600028521,openfacts
4088600028538,openfacts
4088600028545,openfacts
4088600028880,openfacts
4088600028897,openfacts
4088600028903,openfacts
4088600028910,openfacts
4088600028927,openfacts
4088600028941,openfacts
4088600028965,openfacts
4088600028972,openfacts
4088600028996,openfacts
4088600029009,openfacts
4088600029023,openfacts
4088600029030,openfacts
4088600029061,openfacts
4088600029085,openfacts
4088600029092,openfacts
4088600029108,openfacts
4088600029177,openfacts
4088600029252,openfacts
4088600029269,openfacts
4088600029337,openfacts
4088600029344,openfacts
4088600029382,openfacts
4088600029467,openfacts
4088600029504,openfacts
4088600029795,openfacts
4088600029801,openfacts
4088600029856,openfacts
4088600029870,openfacts
4088600029894,openfacts
4088600029917,openfacts
4088600029924,openfacts
4088600030012,openfacts
4088600030029,openfacts
4088600030036,openfacts
4088600030258,openfacts
4088600030265,openfacts
4088600030272,openfacts
4088600030326,openfacts
4088600030333,openfacts
4088600030340,openfacts
4088600030418,openfacts
4088600030456,openfacts
4088600030463,openfacts
4088600030470,openfacts
4088600030487,openfacts
4088600030579,openfacts
4088600030685,openfacts
4088600030692,openfacts
4088600030708,openfacts
4088600030722,openfacts
4088600030999,openfacts
4088600031071,openfacts
4088600031118,openfacts
4088600031149,openfacts
4088600031286,openfacts
4088600031354,openfacts
4088600031361,openfacts
4088600031378,openfacts
4088600031422,openfacts
4088600031552,openfacts
4088600031576,openfacts
4088600031583,openfacts
4088600031620,openfacts
4088600031637,openfacts
4088600031644,openfacts
4088600031668,openfacts
4088600031774,openfacts
4088600031781,openfacts
4088600031842,openfacts
4088600031972,openfacts
4088600032153,openfacts
4088600032207,openfacts
4088600032214,openfacts
4088600032245,openfacts
4088600032252,openfacts
4088600032269,openfacts
4088600032276,openfacts
4088600032283,openfacts
4088600032337,openfacts
4088600032344,openfacts
4088600032795,openfacts
4088600032801,openfacts
4088600032818,openfacts
4088600032832,openfacts
4088600032863,openfacts
4088600032887,openfacts
4088600032894,openfacts
4088600032900,openfacts
4088600032924,openfacts
4088600032948,openfacts
4088600033099,openfacts
4088600033105,openfacts
4088600033129,openfacts
4088600033167,openfacts
4088600033174,openfacts
4088600033181,openfacts
4088600033211,openfacts
4088600033297,openfacts
4088600033310,openfacts
4088600033327,openfacts
4088600033334,openfacts
4088600033341,openfacts
4088600033389,openfacts
4088600033396,openfacts
4088600033402,openfacts
4088600033631,openfacts
4088600033662,openfacts
4088600033778,openfacts
4088600033808,openfacts
4088600033815,openfacts
4088600033860,openfacts
4088600034362,openfacts
4088600034782,openfacts
4088600034812,openfacts
4088600035079,openfacts
4088600035086,openfacts
4088600035123,openfacts
4088600035130,openfacts
4088600035154,openfacts
4088600035161,openfacts
4088600035185,openfacts
4088600035192,openfacts
4088600035208,openfacts
4088600035277,openfacts
4088600035345,openfacts
4088600035369,openfacts
4088600035413,openfacts
4088600035444,openfacts
4088600035574,openfacts
4088600035604,openfacts
4088600035734,openfacts
4088600035758,openfacts
4088600035765,openfacts
4088600035826,openfacts
4088600035833,openfacts
4088600035840,openfacts
4088600035864,openfacts
4088600035895,openfacts
4088600035932,openfacts
4088600035963,openfacts
4088600036007,openfacts
4088600036045,openfacts
4088600036052,openfacts
4088600036137,openfacts
4088600036243,openfacts
4088600036311,openfacts
4088600036793,openfacts
4088600037226,openfacts
4088600037271,openfacts
4088600037288,openfacts
4088600037295,openfacts
4088600037301,openfacts
4088600037400,openfacts
4088600037493,openfacts
4088600037745,openfacts
4088600037936,openfacts
4088600037943,openfacts
4088600037967,openfacts
4088600038025,openfacts
4088600038032,openfacts
4088600038063,openfacts
4088600038162,openfacts
4088600038179,openfacts
4088600038186,openfacts
4088600038193,openfacts
4088600038209,openfacts
4088600038216,openfacts
4088600038315,openfacts
4088600038322,openfacts
4088600038360,openfacts
4088600038377,openfacts
4088600038384,openfacts
4088600038438,openfacts
4088600038445,openfacts
4088600038520,openfacts
4088600038568,openfacts
4088600038674,openfacts
4088600038698,openfacts
4088600038704,openfacts
4088600038711,openfacts
4088600038766,openfacts
4088600038810,openfacts
4088600038827,openfacts
4088600038834,openfacts
4088600038889,openfacts
4088600038933,openfacts
4088600038957,openfacts
4088600038964,openfacts
4088600039015,openfacts
4088600039039,openfacts
4088600039046,openfacts
4088600039077,openfacts
4088600039107,openfacts
4088600039138,openfacts
4088600039145,openfacts
4088600039183,openfacts
4088600039190,openfacts
4088600039206,openfacts
4088600039213,openfacts
4088600039299,openfacts
4088600039459,openfacts
4088600039473,openfacts
4088600039497,openfacts
4088600039633,openfacts
4088600039640,openfacts
4088600039916,openfacts
4088600039985,openfacts
4088600040004,openfacts
4088600040066,openfacts
4088600040073,openfacts
4088600040141,openfacts
4088600040219,openfacts
4088600040257,openfacts
4088600040288,openfacts
4088600040295,openfacts
4088600040318,openfacts
4088600040325,openfacts
4088600040356,openfacts
4088600040363,openfacts
4088600040509,openfacts
4088600040516,openfacts
4088600040592,openfacts
4088600040615,openfacts
4088600040646,openfacts
4088600040684,openfacts
4088600040691,openfacts
4088600040707,openfacts
4088600040752,openfacts
4088600040769,openfacts
4088600040776,openfacts
4088600040790,openfacts
4088600040882,openfacts
4088600040899,openfacts
4088600040905,openfacts
4088600040929,openfacts
4088600041063,openfacts
4088600041070,openfacts
4088600041087,openfacts
4088600041094,openfacts
4088600041100,openfacts
4088600041117,openfacts
4088600041124,openfacts
4088600041193,openfacts
4088600041223,openfacts
4088600041230,openfacts
4088600041247,openfacts
4088600041254,openfacts
4088600041278,openfacts
4088600041292,openfacts
4088600041377,openfacts
4088600041445,openfacts
4088600041476,openfacts
4088600041483,openfacts
4088600041506,openfacts
4088600041520,openfacts
4088600041575,openfacts
4088600041582,openfacts
4088600041599,openfacts
4088600041605,openfacts
4088600041612,openfacts
4088600041629,openfacts
4088600041636,openfacts
4088600041728,openfacts
4088600041773,openfacts
4088600041797,openfacts
4088600041858,openfacts
4088600041933,openfacts
4088600041940,openfacts
4088600041995,openfacts
4088600042022,openfacts
4088600042039,openfacts
4088600042060,openfacts
4088600042077,openfacts
4088600042145,openfacts
4088600042183,openfacts
4088600042190,openfacts
4088600042268,openfacts
4088600042398,openfacts
4088600042411,openfacts
4088600042428,openfacts
4088600042435,openfacts
4088600042466,openfacts
4088600042473,openfacts
4088600042503,openfacts
4088600042572,openfacts
4088600042817,openfacts
4088600042824,openfacts
4088600042848,openfacts
4088600042855,openfacts
4088600042961,openfacts
4088600042978,openfacts
4088600043159,openfacts
4088600043166,openfacts
4088600043272,openfacts
4088600043333,openfacts
4088600043340,openfacts
4088600043357,openfacts
4088600043364,openfacts
4088600043388,openfacts
4088600043630,openfacts
4088600043647,openfacts
4088600043661,openfacts
4088600043791,openfacts
4088600044170,openfacts
4088600044231,openfacts
4088600044248,openfacts
4088600044316,openfacts
4088600044323,openfacts
4088600044347,openfacts
4088600044354,openfacts
4088600044408,openfacts
4088600044460,openfacts
4088600044477,openfacts
4088600044569,openfacts
4088600044668,openfacts
4088600044729,openfacts
4088600044736,openfacts
4088600044743,openfacts
4088600044750,openfacts
4088600044835,openfacts
4088600044897,openfacts
4088600044903,openfacts
4088600044927,openfacts
4088600044934,openfacts
4088600044996,openfacts
4088600045009,openfacts
4088600045016,openfacts
4088600045047,openfacts
4088600045146,openfacts
4088600045306,openfacts
4088600045313,openfacts
4088600045368,openfacts
4088600045375,openfacts
4088600045382,openfacts
4088600045603,openfacts
4088600045610,openfacts
4088600045627,openfacts
4088600045634,openfacts
4088600045641,openfacts
4088600045665,openfacts
4088600045689,openfacts
4088600045764,openfacts
4088600045849,openfacts
4088600045856,openfacts
4088600045887,openfacts
4088600045894,openfacts
4088600045917,openfacts
4088600045931,openfacts
4088600045993,openfacts
4088600046006,openfacts
4088600046020,openfacts
4088600046037,openfacts
4088600046082,openfacts
4088600046129,openfacts
4088600046198,openfacts
4088600046204,openfacts
4088600046297,openfacts
4088600046372,openfacts
4088600046419,openfacts
4088600046433,openfacts
4088600046440,openfacts
4088600046457,openfacts
4088600046495,openfacts
4088600046501,openfacts
4088600046518,openfacts
4088600046532,openfacts
4088600046549,openfacts
4088600046556,openfacts
4088600046563,openfacts
4088600046570,openfacts
4088600046587,openfacts
4088600046594,openfacts
4088600046600,openfacts
4088600046624,openfacts
4088600046631,openfacts
4088600046648,openfacts
4088600046662,openfacts
4088600046679,openfacts
4088600046709,openfacts
4088600046785,openfacts
4088600046853,openfacts
4088600046860,openfacts
4088600046884,openfacts
4088600046891,openfacts
4088600047072,openfacts
4088600047089,openfacts
4088600047096,openfacts
4088600047102,openfacts
4088600047119,openfacts
4088600047126,openfacts
4088600047133,openfacts
4088600047140,openfacts
4088600047157,openfacts
4088600047164,openfacts
4088600047171,openfacts
4088600047188,openfacts
4088600047195,openfacts
4088600047249,openfacts
4088600047324,openfacts
4088600047331,openfacts
4088600047348,openfacts
4088600047546,openfacts
4088600047553,openfacts
4088600048154,openfacts
4088600048178,openfacts
4088600048185,openfacts
4088600048192,openfacts
4088600048253,openfacts
4088600048260,openfacts
4088600048277,openfacts
4088600048284,openfacts
4088600048291,openfacts
4088600048307,openfacts
4088600048345,openfacts
4088600048352,openfacts
4088600048369,openfacts
4088600048376,openfacts
4088600048413,openfacts
4088600048420,openfacts
4088600048437,openfacts
4088600048444,openfacts
4088600048451,openfacts
4088600048468,openfacts
4088600048475,openfacts
4088600048482,openfacts
4088600048505,openfacts
4088600048512,openfacts
4088600048529,openfacts
4088600048536,openfacts
4088600048543,openfacts
4088600048659,openfacts
4088600048697,openfacts
4088600048703,openfacts
4088600048710,openfacts
4088600048772,openfacts
4088600049106,openfacts
4088600049113,openfacts
4088600049496,openfacts
4088600049649,openfacts
4088600049656,openfacts
4088600049762,openfacts
4088600049830,openfacts
4088600049861,openfacts
4088600050058,openfacts
4088600050096,openfacts
4088600050126,openfacts
4088600050188,openfacts
4088600050393,openfacts
4088600050515,openfacts
4088600050522,openfacts
4088600050577,openfacts
4088600050584,openfacts
4088600050621,openfacts
4088600050713,openfacts
4088600050720,openfacts
4088600050737,openfacts
4088600050744,openfacts
4088600050751,openfacts
4088600050768,openfacts
4088600050782,openfacts
4088600050799,openfacts
4088600050805,openfacts
4088600050812,openfacts
4088600050829,openfacts
4088600050836,openfacts
4088600050843,openfacts
4088600050850,openfacts
4088600050898,openfacts
4088600050904,openfacts
4088600051598,openfacts
4088600051604,openfacts
4088600051611,openfacts
4088600051819,openfacts
4088600051857,openfacts
4088600052595,openfacts
4088600052694,openfacts
4088600052717,openfacts
4088600052724,openfacts
4088600052731,openfacts
4088600052755,openfacts
4088600052762,openfacts
4088600052830,openfacts
4088600052854,openfacts
4088600052922,openfacts
4088600053073,openfacts
4088600053172,openfacts
4088600053202,openfacts
4088600053240,openfacts
4088600053257,openfacts
4088600053264,openfacts
4088600053417,openfacts
4088600053424,openfacts
4088600053431,openfacts
4088600053448,openfacts
4088600053455,openfacts
4088600053493,openfacts
4088600053509,openfacts
4088600053516,openfacts
4088600053523,openfacts
4088600053547,openfacts
4088600053554,openfacts
4088600053561,openfacts
4088600053608,openfacts
4088600053653,openfacts
4088600053677,openfacts
4088600053684,openfacts
4088600053707,openfacts
4088600053714,openfacts
4088600053721,openfacts
4088600053820,openfacts
4088600053837,openfacts
4088600053844,openfacts
4088600053936,openfacts
4088600053943,openfacts
4088600053974,openfacts
4088600053981,openfacts
4088600053998,openfacts
4088600054056,openfacts
4088600054124,openfacts
4088600054193,openfacts
4088600054209,openfacts
4088600054216,openfacts
4088600054223,openfacts
4088600054230,openfacts
4088600054292,openfacts
4088600054308,openfacts
4088600054315,openfacts
4088600054322,openfacts
4088600054339,openfacts
4088600054407,openfacts
4088600054414,openfacts
4088600054421,openfacts
4088600054438,openfacts
4088600054445,openfacts
4088600054452,openfacts
4088600054469,openfacts
4088600054476,openfacts
4088600054483,openfacts
4088600054490,openfacts
4088600054506,openfacts
4088600054513,openfacts
4088600054520,openfacts
4088600054537,openfacts
4088600054544,openfacts
4088600054551,openfacts
4088600054568,openfacts
4088600054599,openfacts
4088600054605,openfacts
4088600054612,openfacts
4088600054957,openfacts
4088600055015,openfacts
4088600055022,openfacts
4088600055329,openfacts
4088600055343,openfacts
4088600055428,openfacts
4088600055510,openfacts
4088600055619,openfacts
4088600055626,openfacts
4088600055664,openfacts
4088600055701,openfacts
4088600055732,openfacts
4088600055947,openfacts
4088600055985,openfacts
4088600056135,openfacts
4088600056395,openfacts
4088600056425,openfacts
4088600056678,openfacts
4088600057040,openfacts
4088600057057,openfacts
4088600057149,openfacts
4088600057163,openfacts
4088600057170,openfacts
4088600057217,openfacts
4088600057248,openfacts
4088600057446,openfacts
4088600057460,openfacts
4088600057569,openfacts
4088600057583,openfacts
4088600057675,openfacts
4088600057712,openfacts
4088600057774,openfacts
4088600057811,openfacts
4088600057910,openfacts
4088600058061,openfacts
4088600058276,openfacts
4088600058283,openfacts
4088600058306,openfacts
4088600058313,openfacts
4088600058320,openfacts
4088600058337,openfacts
4088600058511,openfacts
4088600058573,openfacts
4088600058641,openfacts
4088600058795,openfacts
4088600058818,openfacts
4088600058825,openfacts
4088600058849,openfacts
4088600058856,openfacts
4088600058863,openfacts
4088600058870,openfacts
4088600058924,openfacts
4088600059020,openfacts
4088600059068,openfacts
4088600059433,openfacts
4088600059457,openfacts
4088600059501,openfacts
4088600059518,openfacts
4088600059662,openfacts
4088600059679,openfacts
4088600059686,openfacts
4088600059709,openfacts
4088600059716,openfacts
4088600059754,openfacts
4088600059778,openfacts
4088600059792,openfacts
4088600060002,openfacts
4088600060064,openfacts
4088600060071,openfacts
4088600060088,openfacts
4088600060095,openfacts
4088600060811,openfacts
4088600060873,openfacts
4088600060880,openfacts
4088600060934,openfacts
4088600060941,openfacts
4088600060958,openfacts
4088600060972,openfacts
4088600061009,openfacts
4088600061054,openfacts
4088600061092,openfacts
4088600061108,openfacts
4088600061276,openfacts
4088600061344,openfacts
4088600061405,openfacts
4088600061627,openfacts
4088600061658,openfacts
4088600061733,openfacts
4088600061795,openfacts
4088600061993,openfacts
4088600062112,openfacts
4088600062129,openfacts
4088600062136,openfacts
4088600062167,openfacts
4088600062181,openfacts
4088600062211,openfacts
4088600062235,openfacts
4088600062549,openfacts
4088600062600,openfacts
4088600062624,openfacts
4088600062655,openfacts
4088600062778,openfacts
4088600062785,openfacts
4088600062815,openfacts
4088600062921,openfacts
4088600063096,openfacts
4088600063102,openfacts
4088600063119,openfacts
4088600063195,openfacts
4088600063379,openfacts
4088600063522,openfacts
4088600063539,openfacts
4088600063546,openfacts
4088600063553,openfacts
4088600063560,openfacts
4088600063577,openfacts
4088600063614,openfacts
4088600063669,openfacts
4088600063713,openfacts
4088600063836,openfacts
4088600063942,openfacts
4088600063966,openfacts
4088600064017,openfacts
4088600064024,openfacts
4088600064048,openfacts
4088600064055,openfacts
4088600064062,openfacts
4088600064154,openfacts
4088600064253,openfacts
4088600064307,openfacts
4088600064314,openfacts
4088600064321,openfacts
4088600064376,openfacts
4088600064383,openfacts
4088600064390,openfacts
4088600064406,openfacts
4088600064529,openfacts
4088600064536,openfacts
4088600064772,openfacts
4088600064826,openfacts
4088600064963,openfacts
4088600064987,openfacts
4088600064994,openfacts
4088600065021,openfacts
4088600065465,openfacts
4088600065489,openfacts
4088600065670,openfacts
4088600065908,openfacts
4088600065991,openfacts
4088600066004,openfacts
4088600066011,openfacts
4088600066073,openfacts
4088600066134,openfacts
4088600066691,openfacts
4088600066790,openfacts
4088600066813,openfacts
4088600066837,openfacts
4088600066844,openfacts
4088600066899,openfacts
4088600067025,openfacts
4088600067032,openfacts
4088600067223,openfacts
4088600067230,openfacts
4088600067247,openfacts
4088600067254,openfacts
4088600067261,openfacts
4088600067278,openfacts
4088600067285,openfacts
4088600067292,openfacts
4088600067308,openfacts
4088600067339,openfacts
4088600067353,openfacts
4088600067414,openfacts
4088600067537,openfacts
4088600067551,openfacts
4088600067568,openfacts
4088600067575,openfacts
4088600067582,openfacts
4088600067599,openfacts
4088600067605,openfacts
4088600067612,openfacts
4088600067629,openfacts
4088600067780,openfacts
4088600067957,openfacts
4088600067964,openfacts
4088600067971,openfacts
4088600068091,openfacts
4088600068275,openfacts
4088600068343,openfacts
4088600068350,openfacts
4088600068367,openfacts
4088600068374,openfacts
4088600068381,openfacts
4088600068398,openfacts
4088600068497,openfacts
4088600068602,openfacts
4088600068657,openfacts
4088600068688,openfacts
4088600068817,openfacts
4088600068824,openfacts
4088600068848,openfacts
4088600068855,openfacts
4088600068862,openfacts
4088600068923,openfacts
4088600068930,openfacts
4088600068961,openfacts
4088600069272,openfacts
4088600069289,openfacts
4088600069296,openfacts
4088600069302,openfacts
4088600069319,openfacts
4088600069616,openfacts
4088600069869,openfacts
4088600069876,openfacts
4088600069920,openfacts
4088600069937,openfacts
4088600069999,openfacts
4088600070094,openfacts
4088600070131,openfacts
4088600070155,openfacts
4088600070162,openfacts
4088600070230,openfacts
4088600070254,openfacts
4088600070261,openfacts
4088600070407,openfacts
4088600070995,openfacts
4088600071084,openfacts
4088600071091,openfacts
4088600071114,openfacts
4088600071121,openfacts
4088600071381,openfacts
4088600071398,openfacts
4088600071411,openfacts
4088600071428,openfacts
4088600071442,openfacts
4088600071695,openfacts
4088600071701,openfacts
4088600071718,openfacts
4088600071725,openfacts
4088600071848,openfacts
4088600071893,openfacts
4088600071909,openfacts
4088600071978,openfacts
4088600071985,openfacts
4088600072029,openfacts
4088600072425,openfacts
4088600072456,openfacts
4088600072463,openfacts
4088600072487,openfacts
4088600072494,openfacts
4088600072500,openfacts
4088600072517,openfacts
4088600072531,openfacts
4088600072562,openfacts
4088600072753,openfacts
4088600072760,openfacts
4088600072852,openfacts
4088600073064,openfacts
4088600073187,openfacts
4088600073231,openfacts
4088600073422,openfacts
4088600073576,openfacts
4088600073583,openfacts
4088600073729,openfacts
4088600073750,openfacts
4088600073767,openfacts
4088600073774,openfacts
4088600073798,openfacts
4088600073804,openfacts
4088600073828,openfacts
4088600073842,openfacts
4088600073859,openfacts
4088600073958,openfacts
4088600074009,openfacts
4088600074016,openfacts
4088600074047,openfacts
4088600074054,openfacts
4088600074061,openfacts
4088600074078,openfacts
4088600074085,openfacts
4088600074092,openfacts
4088600074108,openfacts
4088600074115,openfacts
4088600074122,openfacts
4088600074139,openfacts
4088600074146,openfacts
4088600074153,openfacts
4088600074184,openfacts
4088600074207,openfacts
4088600074221,openfacts
4088600074269,openfacts
4088600074276,openfacts
4088600074450,openfacts
4088600074573,openfacts
4088600074740,openfacts
4088600074764,openfacts
4088600074771,openfacts
4088600074856,openfacts
4088600074894,openfacts
4088600074917,openfacts
4088600074924,openfacts
4088600074948,openfacts
4088600074955,openfacts
4088600074979,openfacts
4088600074986,openfacts
4088600074993,openfacts
4088600075006,openfacts
4088600075013,openfacts
4088600075068,openfacts
4088600075075,openfacts
4088600075266,openfacts
4088600075525,openfacts
4088600075587,openfacts
4088600075600,openfacts
4088600075617,openfacts
4088600075624,openfacts
4088600075631,openfacts
4088600075648,openfacts
4088600075655,openfacts
4088600075730,openfacts
4088600075754,openfacts
4088600075785,openfacts
4088600075914,openfacts
4088600075969,openfacts
4088600075976,openfacts
4088600075983,openfacts
4088600076003,openfacts
4088600076065,openfacts
4088600076072,openfacts
4088600076089,openfacts
4088600076492,openfacts
4088600076607,openfacts
4088600076614,openfacts
4088600076737,openfacts
4088600076751,openfacts
4088600076775,openfacts
4088600076782,openfacts
4088600076799,openfacts
4088600076812,openfacts
4088600076829,openfacts
4088600076836,openfacts
4088600077093,openfacts
4088600077130,openfacts
4088600077215,openfacts
4088600077222,openfacts
4088600077246,openfacts
4088600077260,openfacts
4088600077277,openfacts
4088600077420,openfacts
4088600077444,openfacts
4088600077581,openfacts
4088600077604,openfacts
4088600077611,openfacts
4088600077628,openfacts
4088600077642,openfacts
4088600077710,openfacts
4088600077727,openfacts
4088600077956,openfacts
4088600077994,openfacts
4088600078007,openfacts
4088600078144,openfacts
4088600078151,openfacts
4088600078243,openfacts
4088600078298,openfacts
4088600078304,openfacts
4088600078311,openfacts
4088600078793,openfacts
4088600078809,openfacts
4088600078816,openfacts
4088600078830,openfacts
4088600078854,openfacts
4088600078861,openfacts
4088600078878,openfacts
4088600078885,openfacts
4088600078892,openfacts
4088600078922,openfacts
4088600079141,openfacts
4088600079158,openfacts
4088600079165,openfacts
4088600079219,openfacts
4088600079226,openfacts
4088600079233,openfacts
4088600079240,openfacts
4088600079257,openfacts
4088600079264,openfacts
4088600079271,openfacts
4088600079288,openfacts
4088600079295,openfacts
4088600079301,openfacts
4088600079318,openfacts
4088600079325,openfacts
4088600079332,openfacts
4088600079394,openfacts
4088600079400,openfacts
4088600079721,openfacts
4088600079813,openfacts
4088600079899,openfacts
4088600080253,openfacts
4088600080260,openfacts
4088600080277,openfacts
4088600080376,openfacts
4088600080383,openfacts
4088600080390,openfacts
4088600080406,openfacts
4088600080420,openfacts
4088600080437,openfacts
4088600080444,openfacts
4088600080536,openfacts
4088600080659,openfacts
4088600080772,openfacts
4088600081083,openfacts
4088600081090,openfacts
4088600081182,openfacts
4088600081212,openfacts
4088600081243,openfacts
4088600081250,openfacts
4088600081366,openfacts
4088600081380,openfacts
4088600081465,openfacts
4088600081472,openfacts
4088600081687,openfacts
4088600081731,openfacts
4088600081748,openfacts
4088600081755,openfacts
4088600081861,openfacts
4088600081878,openfacts
4088600081885,openfacts
4088600081892,openfacts
4088600081908,openfacts
4088600081922,openfacts
4088600082004,openfacts
4088600082011,openfacts
4088600082028,openfacts
4088600082035,openfacts
4088600082318,openfacts
4088600082547,openfacts
4088600082615,openfacts
4088600082646,openfacts
4088600082660,openfacts
4088600082721,openfacts
4088600082776,openfacts
4088600082820,openfacts
4088600082929,openfacts
4088600082936,openfacts
4088600082943,openfacts
4088600083049,openfacts
4088600083957,openfacts
4088600083971,openfacts
4088600083995,openfacts
4088600084060,openfacts
4088600084084,openfacts
4088600084091,openfacts
4088600084107,openfacts
4088600084121,openfacts
4088600084138,openfacts
4088600084152,openfacts
4088600084176,openfacts
4088600084206,openfacts
4088600084213,openfacts
4088600084220,openfacts
4088600084237,openfacts
4088600084244,openfacts
4088600084251,openfacts
4088600084268,openfacts
4088600084275,openfacts
4088600084329,openfacts
4088600084381,openfacts
4088600084398,openfacts
4088600084435,openfacts
4088600084442,openfacts
4088600084459,openfacts
4088600084466,openfacts
4088600084763,openfacts
4088600084770,openfacts
4088600084787,openfacts
4088600085074,openfacts
4088600085081,openfacts
4088600085098,openfacts
4088600085203,openfacts
4088600085210,openfacts
4088600085227,openfacts
4088600085333,openfacts
4088600085340,openfacts
4088600085494,openfacts
4088600085890,openfacts
4088600085982,openfacts
4088600085999,openfacts
4088600086002,openfacts
4088600086019,openfacts
4088600086057,openfacts
4088600086156,openfacts
4088600086170,openfacts
4088600086200,openfacts
4088600086217,openfacts
4088600086224,openfacts
4088600086231,openfacts
4088600086293,openfacts
4088600086309,openfacts
4088600086323,openfacts
4088600086330,openfacts
4088600086347,openfacts
4088600086361,openfacts
4088600086385,openfacts
4088600086392,openfacts
4088600086415,openfacts
4088600086422,openfacts
4088600086576,openfacts
4088600086712,openfacts
4088600086743,openfacts
4088600086811,openfacts
4088600086873,openfacts
4088600087139,openfacts
4088600087306,openfacts
4088600087320,openfacts
4088600087344,openfacts
4088600087351,openfacts
4088600087368,openfacts
4088600087375,openfacts
4088600087382,openfacts
4088600087412,openfacts
4088600087429,openfacts
4088600087443,openfacts
4088600087573,openfacts
4088600087610,openfacts
4088600087627,openfacts
4088600087634,openfacts
4088600087658,openfacts
4088600087665,openfacts
4088600087672,openfacts
4088600087702,openfacts
4088600087733,openfacts
4088600087795,openfacts
4088600087863,openfacts
4088600088723,openfacts
4088600088747,openfacts
4088600088754,openfacts
4088600088907,openfacts
4088600089096,openfacts
4088600089188,openfacts
4088600089195,openfacts
4088600089201,openfacts
4088600089621,openfacts
4088600090528,openfacts
4088600090535,openfacts
4088600090542,openfacts
4088600090559,openfacts
4088600090566,openfacts
4088600090573,openfacts
4088600090658,openfacts
4088600090825,openfacts
4088600090832,openfacts
4088600090849,openfacts
4088600090917,openfacts
4088600090924,openfacts
4088600090931,openfacts
4088600090948,openfacts
4088600090955,openfacts
4088600091501,openfacts
4088600091532,openfacts
4088600091617,openfacts
4088600091709,openfacts
4088600091716,openfacts
4088600091723,openfacts
4088600091730,openfacts
4088600091754,openfacts
4088600091884,openfacts
4088600091907,openfacts
4088600091914,openfacts
4088600092225,openfacts
4088600092232,openfacts
4088600092249,openfacts
4088600092256,openfacts
4088600092263,openfacts
4088600092270,openfacts
4088600092287,openfacts
4088600094021,openfacts
4088600094038,openfacts
4088600094045,openfacts
4088600094052,openfacts
4088600094069,openfacts
4088600094793,openfacts
4088600094809,openfacts
4088600094878,openfacts
4088600094977,openfacts
4088600095042,openfacts
4088600095066,openfacts
4088600095288,openfacts
4088600095363,openfacts
4088600095462,openfacts
4088600095479,openfacts
4088600095578,openfacts
4088600095585,openfacts
4088600095769,openfacts
4088600095950,openfacts
4088600095974,openfacts
4088600096001,openfacts
4088600096018,openfacts
4088600096148,openfacts
4088600096155,openfacts
4088600096179,openfacts
4088600096186,openfacts
4088600096384,openfacts
4088600096391,openfacts
4088600096414,openfacts
4088600096674,openfacts
4088600096681,openfacts
4088600096841,openfacts
4088600097374,openfacts
4088600097619,openfacts
4088600097886,openfacts
4088600098685,openfacts
4088600098753,openfacts
4088600098760,openfacts
4088600098777,openfacts
4088600098937,openfacts
4088600098951,openfacts
4088600099071,openfacts
4088600099095,openfacts
4088600099101,openfacts
4088600099118,openfacts
4088600099149,openfacts
4088600099408,openfacts
4088600099415,openfacts
4088600099521,openfacts
4088600099569,openfacts
4088600099576,openfacts
4088600099590,openfacts
4088600099606,openfacts
4088600099637,openfacts
4088600099811,openfacts
4088600099859,openfacts
4088600099927,openfacts
4088600099934,openfacts
4088600099958,openfacts
4088600099965,openfacts
4088600100104,openfacts
4088600100173,openfacts
4088600100180,openfacts
4088600100197,openfacts
4088600100203,openfacts
4088600100241,openfacts
4088600100258,openfacts
4088600100432,openfacts
4088600100449,openfacts
4088600100456,openfacts
4088600100463,openfacts
4088600100692,openfacts
4088600100876,openfacts
4088600101002,openfacts
4088600101019,openfacts
4088600101033,openfacts
4088600101040,openfacts
4088600101118,openfacts
4088600101125,openfacts
4088600101149,openfacts
4088600101156,openfacts
4088600101163,openfacts
4088600101187,openfacts
4088600101200,openfacts
4088600101217,openfacts
4088600101224,openfacts
4088600101231,openfacts
4088600101248,openfacts
4088600101255,openfacts
4088600101286,openfacts
4088600101309,openfacts
4088600101316,openfacts
4088600101484,openfacts
4088600101491,openfacts
4088600101507,openfacts
4088600101552,openfacts
4088600101569,openfacts
4088600101590,openfacts
4088600101613,openfacts
4088600101644,openfacts
4088600101668,openfacts
4088600101675,openfacts
4088600101682,openfacts
4088600101699,openfacts
4088600101705,openfacts
4088600101712,openfacts
4088600101774,openfacts
4088600101781,openfacts
4088600101798,openfacts
4088600101866,openfacts
4088600101873,openfacts
4088600101880,openfacts
4088600102016,openfacts
4088600102269,openfacts
4088600102276,openfacts
4088600102306,openfacts
4088600102351,openfacts
4088600102474,openfacts
4088600103570,openfacts
4088600103617,openfacts
4088600103679,openfacts
4088600103686,openfacts
4088600103716,openfacts
4088600103723,openfacts
4088600103730,openfacts
4088600103747,openfacts
4088600103761,openfacts
4088600103778,openfacts
4088600103785,openfacts
4088600103792,openfacts
4088600103808,openfacts
4088600104157,openfacts
4088600104171,openfacts
4088600104256,openfacts
4088600104263,openfacts
4088600104300,openfacts
4088600104645,openfacts
4088600104720,openfacts
4088600104751,openfacts
4088600104768,openfacts
4088600104812,openfacts
4088600104829,openfacts
4088600105130,openfacts
4088600105147,openfacts
4088600105185,openfacts
4088600105215,openfacts
4088600105307,openfacts
4088600105369,openfacts
4088600105383,openfacts
4088600105475,openfacts
4088600105642,openfacts
4088600105758,openfacts
4088600105826,openfacts
4088600105871,openfacts
4088600105901,openfacts
4088600106052,openfacts
4088600106069,openfacts
4088600106076,openfacts
4088600106083,openfacts
4088600106229,openfacts
4088600106588,openfacts
4088600106755,openfacts
4088600106847,openfacts
4088600107004,openfacts
4088600107011,openfacts
4088600107028,openfacts
4088600107035,openfacts
4088600107059,openfacts
4088600107073,openfacts
4088600107196,openfacts
4088600107226,openfacts
4088600107233,openfacts
4088600107363,openfacts
4088600107615,openfacts
4088600107622,openfacts
4088600107646,openfacts
4088600107653,openfacts
4088600107660,openfacts
4088600107677,openfacts
4088600107691,openfacts
4088600107714,openfacts
4088600107721,openfacts
4088600107745,openfacts
4088600107752,openfacts
4088600107769,openfacts
4088600107776,openfacts
4088600107783,openfacts
4088600107806,openfacts
4088600107813,openfacts
4088600107820,openfacts
4088600107837,openfacts
4088600107844,openfacts
4088600107851,openfacts
4088600107868,openfacts
4088600107899,openfacts
4088600107936,openfacts
4088600107943,openfacts
4088600107950,openfacts
4088600107967,openfacts
4088600107974,openfacts
4088600107981,openfacts
4088600107998,openfacts
4088600108001,openfacts
4088600108049,openfacts
4088600108056,openfacts
4088600108063,openfacts
4088600108087,openfacts
4088600108094,openfacts
4088600108230,openfacts
4088600108278,openfacts
4088600108285,openfacts
4088600108292,openfacts
4088600108308,openfacts
4088600108421,openfacts
4088600108445,openfacts
4088600108452,openfacts
4088600108476,openfacts
4088600108483,openfacts
4088600108568,openfacts
4088600108582,openfacts
4088600108599,openfacts
4088600108612,openfacts
4088600108629,openfacts
4088600108636,openfacts
4088600108643,openfacts
4088600108667,openfacts
4088600108674,openfacts
4088600108681,openfacts
4088600108704,openfacts
4088600108841,openfacts
4088600108896,openfacts
4088600109046,openfacts
4088600109053,openfacts
4088600109121,openfacts
4088600109138,openfacts
4088600109176,openfacts
4088600109183,openfacts
4088600109299,openfacts
4088600109411,openfacts
4088600109442,openfacts
4088600109466,openfacts
4088600109473,openfacts
4088600109480,openfacts
4088600109572,openfacts
4088600109589,openfacts
4088600109596,openfacts
4088600109602,openfacts
4088600109619,openfacts
4088600109671,openfacts
4088600109688,openfacts
4088600109701,openfacts
4088600109787,openfacts
4088600109886,openfacts
4088600110103,openfacts
4088600110400,openfacts
4088600110417,openfacts
4088600110431,openfacts
4088600110455,openfacts
4088600110462,openfacts
4088600110479,openfacts
4088600110622,openfacts
4088600111131,openfacts
4088600111193,openfacts
4088600111209,openfacts
4088600111247,openfacts
4088600111667,openfacts
4088600111827,openfacts
4088600111834,openfacts
4088600111841,openfacts
4088600112374,openfacts
4088600112381,openfacts
4088600112442,openfacts
4088600112473,openfacts
4088600112497,openfacts
4088600112510,openfacts
4088600112527,openfacts
4088600112770,openfacts
4088600112800,openfacts
4088600112817,openfacts
4088600112824,openfacts
4088600112831,openfacts
4088600113036,openfacts
4088600113104,openfacts
4088600113258,openfacts
4088600113371,openfacts
4088600113418,openfacts
4088600113425,openfacts
4088600113463,openfacts
4088600113470,openfacts
4088600113487,openfacts
4088600113494,openfacts
4088600113500,openfacts
4088600113593,openfacts
4088600113630,openfacts
4088600113654,openfacts
4088600113685,openfacts
4088600113708,openfacts
4088600113715,openfacts
4088600113722,openfacts
4088600113999,openfacts
4088600114170,openfacts
4088600114187,openfacts
4088600114286,openfacts
4088600114293,openfacts
4088600114422,openfacts
4088600114460,openfacts
4088600114972,openfacts
4088600114989,openfacts
4088600114996,openfacts
4088600115009,openfacts
4088600115283,openfacts
4088600115382,openfacts
4088600115399,openfacts
4088600115467,openfacts
4088600115610,openfacts
4088600115634,openfacts
4088600115665,openfacts
4088600116075,openfacts
4088600116204,openfacts
4088600116303,openfacts
4088600116709,openfacts
4088600116716,openfacts
4088600116839,openfacts
4088600116983,openfacts
4088600117331,openfacts
4088600117591,openfacts
4088600117638,openfacts
4088600117935,openfacts
4088600117980,openfacts
4088600118031,openfacts
4088600118048,openfacts
4088600118055,openfacts
4088600118123,openfacts
4088600118130,openfacts
4088600118581,openfacts
4088600118628,openfacts
4088600118635,openfacts
4088600118659,openfacts
4088600118666,openfacts
4088600118673,openfacts
4088600118864,openfacts
4088600118871,openfacts
4088600118888,openfacts
4088600119014,openfacts
4088600119038,openfacts
4088600119045,openfacts
4088600119052,openfacts
4088600119069,openfacts
4088600119175,openfacts
4088600119199,openfacts
4088600119403,openfacts
4088600119410,openfacts
4088600119489,openfacts
4088600119700,openfacts
4088600119953,openfacts
4088600119960,openfacts
4088600119977,openfacts
4088600119984,openfacts
4088600120119,openfacts
4088600120560,openfacts
4088600120928,openfacts
4088600120935,openfacts
4088600120942,openfacts
4088600120959,openfacts
4088600121062,openfacts
4088600121079,openfacts
4088600121987,openfacts
4088600122021,openfacts
4088600122410,openfacts
4088600122748,openfacts
4088600122984,openfacts
4088600123080,openfacts
4088600123097,openfacts
4088600123103,openfacts
4088600123196,openfacts
4088600123295,openfacts
4088600123363,openfacts
4088600123370,openfacts
4088600123394,openfacts
4088600123615,openfacts
4088600123622,openfacts
4088600123745,openfacts
4088600123752,openfacts
4088600123837,openfacts
4088600123875,openfacts
4088600123912,openfacts
4088600123929,openfacts
4088600123967,openfacts
4088600124025,openfacts
4088600124049,openfacts
4088600124056,openfacts
4088600124063,openfacts
4088600124070,openfacts
4088600124254,openfacts
4088600124308,openfacts
4088600124322,openfacts
4088600124346,openfacts
4088600124377,openfacts
4088600124704,openfacts
4088600124711,openfacts
4088600124766,openfacts
4088600124773,openfacts
4088600124827,openfacts
4088600124834,openfacts
4088600124865,openfacts
4088600124919,openfacts
4088600124926,openfacts
4088600124933,openfacts
4088600124940,openfacts
4088600124957,openfacts
4088600124964,openfacts
4088600124971,openfacts
4088600124988,openfacts
4088600124995,openfacts
4088600125008,openfacts
4088600125015,openfacts
4088600125022,openfacts
4088600125039,openfacts
4088600125046,openfacts
4088600125060,openfacts
4088600125077,openfacts
4088600125084,openfacts
4088600125091,openfacts
4088600125121,openfacts
4088600125213,openfacts
4088600125275,openfacts
4088600125619,openfacts
4088600125930,openfacts
4088600125947,openfacts
4088600126043,openfacts
4088600126074,openfacts
4088600126081,openfacts
4088600126098,openfacts
4088600126159,openfacts
4088600126166,openfacts
4088600126432,openfacts
4088600126449,openfacts
4088600126531,openfacts
4088600126562,openfacts
4088600126661,openfacts
4088600126852,openfacts
4088600126869,openfacts
4088600127088,openfacts
4088600127187,openfacts
4088600127217,openfacts
4088600127224,openfacts
4088600127286,openfacts
4088600127484,openfacts
4088600127491,openfacts
4088600127514,openfacts
4088600127552,openfacts
4088600127569,openfacts
4088600127590,openfacts
4088600127620,openfacts
4088600127637,openfacts
4088600127644,openfacts
4088600127736,openfacts
4088600128047,openfacts
4088600128429,openfacts
4088600128436,openfacts
4088600128443,openfacts
4088600128467,openfacts
4088600128481,openfacts
4088600128498,openfacts
4088600128634,openfacts
4088600128696,openfacts
4088600128917,openfacts
4088600128924,openfacts
4088600128948,openfacts
4088600128955,openfacts
4088600129402,openfacts
4088600129419,openfacts
4088600129426,openfacts
4088600129433,openfacts
4088600129716,openfacts
4088600129723,openfacts
4088600129891,openfacts
4088600129907,openfacts
4088600129914,openfacts
4088600130576,openfacts
4088600130583,openfacts
4088600130590,openfacts
4088600130620,openfacts
4088600131085,openfacts
4088600131474,openfacts
4088600131481,openfacts
4088600131528,openfacts
4088600131535,openfacts
4088600131634,openfacts
4088600131641,openfacts
4088600131665,openfacts
4088600131689,openfacts
4088600131702,openfacts
4088600131726,openfacts
4088600131894,openfacts
4088600131900,openfacts
4088600131955,openfacts
4088600132037,openfacts
4088600132068,openfacts
4088600132112,openfacts
4088600132174,openfacts
4088600132242,openfacts
4088600132280,openfacts
4088600132297,openfacts
4088600132303,openfacts
4088600132310,openfacts
4088600132327,openfacts
4088600132334,openfacts
4088600132341,openfacts
4088600132358,openfacts
4088600132365,openfacts
4088600132372,openfacts
4088600132464,openfacts
4088600132471,openfacts
4088600132556,openfacts
4088600132648,openfacts
4088600132655,openfacts
4088600132693,openfacts
4088600132709,openfacts
4088600132716,openfacts
4088600132938,openfacts
4088600132952,openfacts
4088600132969,openfacts
4088600133065,openfacts
4088600133263,openfacts
4088600133270,openfacts
4088600133331,openfacts
4088600133546,openfacts
4088600133553,openfacts
4088600133560,openfacts
4088600133591,openfacts
4088600133959,openfacts
4088600133980,openfacts
4088600133997,openfacts
4088600134055,openfacts
4088600134086,openfacts
4088600134123,openfacts
4088600134215,openfacts
4088600134222,openfacts
4088600134291,openfacts
4088600134383,openfacts
4088600134475,openfacts
4088600134741,openfacts
4088600134772,openfacts
4088600134789,openfacts
4088600134857,openfacts
4088600134864,openfacts
4088600134871,openfacts
4088600134895,openfacts
4088600135021,openfacts
4088600135038,openfacts
4088600135052,openfacts
4088600135069,openfacts
4088600135090,openfacts
4088600135144,openfacts
4088600135175,openfacts
4088600135199,openfacts
4088600135205,openfacts
4088600135212,openfacts
4088600135229,openfacts
4088600135274,openfacts
4088600135281,openfacts
4088600135304,openfacts
4088600135311,openfacts
4088600135335,openfacts
4088600135342,openfacts
4088600135366,openfacts
4088600135373,openfacts
4088600135397,openfacts
4088600135403,openfacts
4088600135427,openfacts
4088600135441,openfacts
4088600135465,openfacts
4088600135762,openfacts
4088600136059,openfacts
4088600136066,openfacts
4088600136141,openfacts
4088600136158,openfacts
4088600136264,openfacts
4088600136271,openfacts
4088600136288,openfacts
4088600136295,openfacts
4088600136301,openfacts
4088600136318,openfacts
4088600136332,openfacts
4088600136356,openfacts
4088600136370,openfacts
4088600136394,openfacts
4088600136424,openfacts
4088600136431,openfacts
4088600136868,openfacts
4088600137001,openfacts
4088600137032,openfacts
4088600137117,openfacts
4088600137124,openfacts
4088600137155,openfacts
4088600137230,openfacts
4088600137254,openfacts
4088600137261,openfacts
4088600137636,openfacts
4088600137643,openfacts
4088600137667,openfacts
4088600137674,openfacts
4088600137681,openfacts
4088600137711,openfacts
4088600137728,openfacts
4088600138220,openfacts
4088600138244,openfacts
4088600138374,openfacts
4088600138398,openfacts
4088600138404,openfacts
4088600138428,openfacts
4088600138435,openfacts
4088600138442,openfacts
4088600138459,openfacts
4088600138466,openfacts
4088600138473,openfacts
4088600138480,openfacts
4088600138619,openfacts
4088600138633,openfacts
4088600138640,openfacts
4088600138701,openfacts
4088600138725,openfacts
4088600138831,openfacts
4088600138886,openfacts
4088600139050,openfacts
4088600139326,openfacts
4088600139654,openfacts
4088600139739,openfacts
4088600139852,openfacts
4088600140025,openfacts
4088600140049,openfacts
4088600140056,openfacts
4088600140254,openfacts
4088600140261,openfacts
4088600140391,openfacts
4088600140421,openfacts
4088600140438,openfacts
4088600140476,openfacts
4088600140582,openfacts
4088600140612,openfacts
4088600140629,openfacts
4088600140650,openfacts
4088600140667,openfacts
4088600140841,openfacts
4088600140858,openfacts
4088600140865,openfacts
4088600140872,openfacts
4088600140889,openfacts
4088600140896,openfacts
4088600140902,openfacts
4088600140919,openfacts
4088600140926,openfacts
4088600140933,openfacts
4088600140964,openfacts
4088600141046,openfacts
4088600141053,openfacts
4088600141084,openfacts
4088600141091,openfacts
4088600141275,openfacts
4088600141596,openfacts
4088600141770,openfacts
4088600141824,openfacts
4088600141909,openfacts
4088600141916,openfacts
4088600141961,openfacts
4088600141985,openfacts
4088600141992,openfacts
4088600142005,openfacts
4088600142012,openfacts
4088600142029,openfacts
4088600142234,openfacts
4088600142241,openfacts
4088600142272,openfacts
4088600142401,openfacts
4088600142456,openfacts
4088600142463,openfacts
4088600142531,openfacts
4088600143316,openfacts
4088600143583,openfacts
4088600143590,openfacts
4088600143705,openfacts
4088600143828,openfacts
4088600143958,openfacts
4088600144030,openfacts
4088600144108,openfacts
4088600144207,openfacts
4088600144252,openfacts
4088600144269,openfacts
4088600144276,openfacts
4088600144887,openfacts
4088600144948,openfacts
4088600144955,openfacts
4088600144962,openfacts
4088600145013,openfacts
4088600145051,openfacts
4088600145068,openfacts
4088600145075,openfacts
4088600145082,openfacts
4088600145099,openfacts
4088600145105,openfacts
4088600145112,openfacts
4088600145129,openfacts
4088600145136,openfacts
4088600145143,openfacts
4088600145471,openfacts
4088600145488,openfacts
4088600145495,openfacts
4088600145525,openfacts
4088600146195,openfacts
4088600146201,openfacts
4088600146218,openfacts
4088600146225,openfacts
4088600146232,openfacts
4088600146317,openfacts
4088600146348,openfacts
4088600146362,openfacts
4088600146430,openfacts
4088600146447,openfacts
4088600146454,openfacts
4088600146522,openfacts
4088600146539,openfacts
4088600146560,openfacts
4088600146607,openfacts
4088600146614,openfacts
4088600146652,openfacts
4088600146669,openfacts
4088600146683,openfacts
4088600147017,openfacts
4088600147086,openfacts
4088600147116,openfacts
4088600147123,openfacts
4088600147130,openfacts
4088600147161,openfacts
4088600147246,openfacts
4088600147345,openfacts
4088600147482,openfacts
4088600147598,openfacts
4088600147604,openfacts
4088600147734,openfacts
4088600147772,openfacts
4088600148083,openfacts
4088600148106,openfacts
4088600148120,openfacts
4088600148144,openfacts
4088600148151,openfacts
4088600148168,openfacts
4088600148175,openfacts
4088600148199,openfacts
4088600148267,openfacts
4088600148274,openfacts
4088600148304,openfacts
4088600148311,openfacts
4088600148458,openfacts
4088600148571,openfacts
4088600148588,openfacts
4088600148618,openfacts
4088600148625,openfacts
4088600148632,openfacts
4088600148649,openfacts
4088600148656,openfacts
4088600148663,openfacts
4088600148670,openfacts
4088600148687,openfacts
4088600148694,openfacts
4088600148717,openfacts
4088600148793,openfacts
4088600148809,openfacts
4088600148854,openfacts
4088600149097,openfacts
4088600149103,openfacts
4088600149134,openfacts
4088600149172,openfacts
4088600149370,openfacts
4088600149684,openfacts
4088600149691,openfacts
4088600149707,openfacts
4088600150796,openfacts
4088600150802,openfacts
4088600151298,openfacts
4088600151304,openfacts
4088600151625,openfacts
4088600152554,openfacts
4088600153735,openfacts
4088600153742,openfacts
4088600153773,openfacts
4088600153964,openfacts
4088600154053,openfacts
4088600154367,openfacts
4088600154374,openfacts
4088600154725,openfacts
4088600154732,openfacts
4088600154756,openfacts
4088600155005,openfacts
4088600155012,openfacts
4088600155654,openfacts
4088600155661,openfacts
4088600155678,openfacts
4088600155708,openfacts
4088600155791,openfacts
4088600155807,openfacts
4088600155814,openfacts
4088600155838,openfacts
4088600155845,openfacts
4088600155869,openfacts
4088600155890,openfacts
4088600155906,openfacts
4088600155913,openfacts
4088600155920,openfacts
4088600156309,openfacts
4088600156576,openfacts
4088600156996,openfacts
4088600157009,openfacts
4088600157016,openfacts
4088600157023,openfacts
4088600157054,openfacts
4088600157078,openfacts
4088600157092,openfacts
4088600157108,openfacts
4088600157115,openfacts
4088600157191,openfacts
4088600157207,openfacts
4088600157221,openfacts
4088600157238,openfacts
4088600157245,openfacts
4088600157276,openfacts
4088600157290,openfacts
4088600157306,openfacts
4088600157313,openfacts
4088600157344,openfacts
4088600157351,openfacts
4088600157436,openfacts
4088600157443,openfacts
4088600157474,openfacts
4088600157498,openfacts
4088600157658,openfacts
4088600157665,openfacts
4088600157672,openfacts
4088600157702,openfacts
4088600157726,openfacts
4088600157740,openfacts
4088600157887,openfacts
4088600157924,openfacts
4088600157931,openfacts
4088600157948,openfacts
4088600157955,openfacts
4088600157962,openfacts
4088600158051,openfacts
4088600158068,openfacts
4088600158112,openfacts
4088600158129,openfacts
4088600158297,openfacts
4088600158303,openfacts
4088600158358,openfacts
4088600158495,openfacts
4088600158501,openfacts
4088600158518,openfacts
4088600158570,openfacts
4088600158587,openfacts
4088600158617,openfacts
4088600158624,openfacts
4088600158662,openfacts
4088600158679,openfacts
4088600158686,openfacts
4088600158785,openfacts
4088600158792,openfacts
4088600158808,openfacts
4088600159225,openfacts
4088600159935,openfacts
4088600159966,openfacts
4088600159997,openfacts
4088600160009,openfacts
4088600160023,openfacts
4088600160092,openfacts
4088600160207,openfacts
4088600160214,openfacts
4088600160238,openfacts
4088600160245,openfacts
4088600160252,openfacts
4088600160290,openfacts
4088600160306,openfacts
4088600160399,openfacts
4088600160641,openfacts
4088600160665,openfacts
4088600160672,openfacts
4088600161013,openfacts
4088600161105,openfacts
4088600161112,openfacts
4088600161143,openfacts
4088600161150,openfacts
4088600161167,openfacts
4088600161624,openfacts
4088600161679,openfacts
4088600161686,openfacts
4088600161730,openfacts
4088600161808,openfacts
4088600161846,openfacts
4088600161853,openfacts
4088600161891,openfacts
4088600161907,openfacts
4088600161914,openfacts
4088600162379,openfacts
4088600162522,openfacts
4088600162638,openfacts
4088600162843,openfacts
4088600162850,openfacts
4088600162997,openfacts
4088600163079,openfacts
4088600163086,openfacts
4088600163093,openfacts
4088600163109,openfacts
4088600163123,openfacts
4088600163154,openfacts
4088600163246,openfacts
4088600163260,openfacts
4088600163284,openfacts
4088600163338,openfacts
4088600163390,openfacts
4088600163543,openfacts
4088600163550,openfacts
4088600163697,openfacts
4088600163703,openfacts
4088600164182,openfacts
4088600164809,openfacts
4088600164816,openfacts
4088600164830,openfacts
4088600165004,openfacts
4088600165011,openfacts
4088600165066,openfacts
4088600165387,openfacts
4088600165417,openfacts
4088600165455,openfacts
4088600165479,openfacts
4088600165486,openfacts
4088600165523,openfacts
4088600165530,openfacts
4088600165578,openfacts
4088600165677,openfacts
4088600165684,openfacts
4088600165691,openfacts
4088600165707,openfacts
4088600165745,openfacts
4088600165752,openfacts
4088600165783,openfacts
4088600165868,openfacts
4088600165875,openfacts
4088600165936,openfacts
4088600165943,openfacts
4088600165974,openfacts
4088600166018,openfacts
4088600166025,openfacts
4088600166032,openfacts
4088600166100,openfacts
4088600166186,openfacts
4088600166209,openfacts
4088600166223,openfacts
4088600166391,openfacts
4088600166407,openfacts
4088600166872,openfacts
4088600167077,openfacts
4088600167107,openfacts
4088600167114,openfacts
4088600167138,openfacts
4088600167145,openfacts
4088600167152,openfacts
4088600167169,openfacts
4088600167176,openfacts
4088600167183,openfacts
4088600167756,openfacts
4088600167824,openfacts
4088600168708,openfacts
4088600168760,openfacts
4088600168777,openfacts
4088600168784,openfacts
4088600168883,openfacts
4088600168944,openfacts
4088600168951,openfacts
4088600169064,openfacts
4088600169088,openfacts
4088600169842,openfacts
4088600169859,openfacts
4088600169866,openfacts
4088600169873,openfacts
4088600169910,openfacts
4088600169927,openfacts
4088600169934,openfacts
4088600169941,openfacts
4088600169958,openfacts
4088600170282,openfacts
4088600170336,openfacts
4088600170459,openfacts
4088600170473,openfacts
4088600170503,openfacts
4088600170527,openfacts
4088600170534,openfacts
4088600170596,openfacts
4088600170602,openfacts
4088600170619,openfacts
4088600170633,openfacts
4088600170640,openfacts
4088600170664,openfacts
4088600171456,openfacts
4088600172101,openfacts
4088600172156,openfacts
4088600172163,openfacts
4088600172187,openfacts
4088600172194,openfacts
4088600172309,openfacts
4088600172316,openfacts
4088600172422,openfacts
4088600172521,openfacts
4088600172552,openfacts
4088600172576,openfacts
4088600172590,openfacts
4088600172941,openfacts
4088600172958,openfacts
4088600172989,openfacts
4088600172996,openfacts
4088600173108,openfacts
4088600173115,openfacts
4088600173139,openfacts
4088600173979,openfacts
4088600174297,openfacts
4088600174303,openfacts
4088600174785,openfacts
4088600175546,openfacts
4088600175843,openfacts
4088600175867,openfacts
4088600175881,openfacts
4088600175898,openfacts
4088600175911,openfacts
4088600175928,openfacts
4088600176017,openfacts
4088600176024,openfacts
4088600176338,openfacts
4088600176345,openfacts
4088600176369,openfacts
4088600176413,openfacts
4088600176468,openfacts
4088600176475,openfacts
4088600176482,openfacts
4088600176499,openfacts
4088600176512,openfacts
4088600176529,openfacts
4088600176536,openfacts
4088600176543,openfacts
4088600176550,openfacts
4088600177182,openfacts
4088600177199,openfacts
4088600177236,openfacts
4088600177243,openfacts
4088600177250,openfacts
4088600177298,openfacts
4088600177304,openfacts
4088600177342,openfacts
4088600177540,openfacts
4088600178288,openfacts
4088600178653,openfacts
4088600178790,openfacts
4088600178806,openfacts
4088600178813,openfacts
4088600178899,openfacts
4088600179063,openfacts
4088600179070,openfacts
4088600179087,openfacts
4088600179094,openfacts
4088600179117,openfacts
4088600179124,openfacts
4088600179131,openfacts
4088600179148,openfacts
4088600179261,openfacts
4088600179278,openfacts
4088600179346,openfacts
4088600179452,openfacts
4088600179483,openfacts
4088600179490,openfacts
4088600179599,openfacts
4088600179612,openfacts
4088600179698,openfacts
4088600179704,openfacts
4088600179711,openfacts
4088600179773,openfacts
4088600179896,openfacts
4088600180007,openfacts
4088600180298,openfacts
4088600180335,openfacts
4088600180359,openfacts
4088600180366,openfacts
4088600180434,openfacts
4088600180458,openfacts
4088600180465,openfacts
4088600180724,openfacts
4088600180762,openfacts
4088600180809,openfacts
4088600180816,openfacts
4088600180922,openfacts
4088600180939,openfacts
4088600182315,openfacts
4088600182766,openfacts
4088600183169,openfacts
4088600183282,openfacts
4088600183299,openfacts
4088600183305,openfacts
4088600183312,openfacts
4088600183343,openfacts
4088600183350,openfacts
4088600183480,openfacts
4088600183534,openfacts
4088600183541,openfacts
4088600183558,openfacts
4088600183688,openfacts
4088600183701,openfacts
4088600183817,openfacts
4088600184081,openfacts
4088600184098,openfacts
4088600184104,openfacts
4088600184111,openfacts
4088600184128,openfacts
4088600184135,openfacts
4088600184142,openfacts
4088600184159,openfacts
4088600184197,openfacts
4088600184234,openfacts
4088600184241,openfacts
4088600184258,openfacts
4088600184265,openfacts
4088600184272,openfacts
4088600184562,openfacts
4088600184616,openfacts
4088600184654,openfacts
4088600184739,openfacts
4088600184746,openfacts
4088600184838,openfacts
4088600184845,openfacts
4088600184876,openfacts
4088600184890,openfacts
4088600184937,openfacts
4088600184951,openfacts
4088600184968,openfacts
4088600184975,openfacts
4088600184999,openfacts
4088600185071,openfacts
4088600185118,openfacts
4088600185125,openfacts
4088600185132,openfacts
4088600186283,openfacts
4088600186320,openfacts
4088600186337,openfacts
4088600186344,openfacts
4088600186368,openfacts
4088600186580,openfacts
4088600186733,openfacts
4088600186856,openfacts
4088600186863,openfacts
4088600186948,openfacts
4088600186955,openfacts
4088600186979,openfacts
4088600187044,openfacts
4088600187051,openfacts
4088600187075,openfacts
4088600187112,openfacts
4088600187129,openfacts
4088600187136,openfacts
4088600187150,openfacts
4088600187167,openfacts
4088600187174,openfacts
4088600187181,openfacts
4088600187198,openfacts
4088600187204,openfacts
4088600187211,openfacts
4088600187235,openfacts
4088600187259,openfacts
4088600187273,openfacts
4088600187297,openfacts
4088600187303,openfacts
4088600187341,openfacts
4088600187402,openfacts
4088600187419,openfacts
4088600187457,openfacts
4088600187471,openfacts
4088600187518,openfacts
4088600187563,openfacts
4088600187570,openfacts
4088600187587,openfacts
4088600187594,openfacts
4088600187600,openfacts
4088600187648,openfacts
4088600187655,openfacts
4088600187686,openfacts
4088600187693,openfacts
4088600187808,openfacts
4088600188362,openfacts
4088600188423,openfacts
4088600188492,openfacts
4088600188508,openfacts
4088600188522,openfacts
4088600188591,openfacts
4088600188607,openfacts
4088600188638,openfacts
4088600188645,openfacts
4088600188669,openfacts
4088600188690,openfacts
4088600188720,openfacts
4088600188744,openfacts
4088600188751,openfacts
4088600188850,openfacts
4088600188867,openfacts
4088600189345,openfacts
4088600189352,openfacts
4088600189451,openfacts
4088600189932,openfacts
4088600189956,openfacts
4088600189963,openfacts
4088600189970,openfacts
4088600189987,openfacts
4088600190051,openfacts
4088600190068,openfacts
4088600190075,openfacts
4088600190105,openfacts
4088600190112,openfacts
4088600190129,openfacts
4088600190136,openfacts
4088600190235,openfacts
4088600190242,openfacts
4088600190259,openfacts
4088600190501,openfacts
4088600190518,openfacts
4088600190709,openfacts
4088600190716,openfacts
4088600190723,openfacts
4088600190730,openfacts
4088600190884,openfacts
4088600191065,openfacts
4088600191089,openfacts
4088600191119,openfacts
4088600191126,openfacts
4088600191133,openfacts
4088600191157,openfacts
4088600191164,openfacts
4088600191225,openfacts
4088600191430,openfacts
4088600191478,openfacts
4088600191508,openfacts
4088600191539,openfacts
4088600191768,openfacts
4088600191867,openfacts
4088600191904,openfacts
4088600191928,openfacts
4088600191942,openfacts
4088600192079,openfacts
4088600192307,openfacts
4088600192390,openfacts
4088600192468,openfacts
4088600192475,openfacts
4088600192567,openfacts
4088600192574,openfacts
4088600192581,openfacts
4088600192604,openfacts
4088600192611,openfacts
4088600192642,openfacts
4088600192659,openfacts
4088600192697,openfacts
4088600192710,openfacts
4088600192802,openfacts
4088600192819,openfacts
4088600192826,openfacts
4088600192864,openfacts
4088600192871,openfacts
4088600192895,openfacts
4088600192956,openfacts
4088600192963,openfacts
4088600192970,openfacts
4088600192987,openfacts
4088600193014,openfacts
4088600193021,openfacts
4088600193052,openfacts
4088600193069,openfacts
4088600193106,openfacts
4088600193120,openfacts
4088600193250,openfacts
4088600193267,openfacts
4088600193274,openfacts
4088600193373,openfacts
4088600193687,openfacts
4088600193885,openfacts
4088600194097,openfacts
4088600194318,openfacts
4088600194585,openfacts
4088600194592,openfacts
4088600195063,openfacts
4088600195155,openfacts
4088600195162,openfacts
4088600195179,openfacts
4088600195186,openfacts
4088600195193,openfacts
4088600195636,openfacts
4088600195643,openfacts
4088600196268,openfacts
4088600196329,openfacts
4088600196824,openfacts
4088600197333,openfacts
4088600197357,openfacts
4088600197807,openfacts
4088600197906,openfacts
4088600197920,openfacts
4088600197944,openfacts
4088600198156,openfacts
4088600198248,openfacts
4088600198262,openfacts
4088600198392,openfacts
4088600198644,openfacts
4088600198668,openfacts
4088600198736,openfacts
4088600198972,openfacts
4088600198989,openfacts
4088600199016,openfacts
4088600199238,openfacts
4088600199245,openfacts
4088600199252,openfacts
4088600199771,openfacts
4088600199818,openfacts
4088600199962,openfacts
4088600199979,openfacts
4088600199986,openfacts
4088600200460,openfacts
4088600200477,openfacts
4088600200538,openfacts
4088600200545,openfacts
4088600201009,openfacts
4088600201061,openfacts
4088600201481,openfacts
4088600201658,openfacts
4088600201696,openfacts
4088600201702,openfacts
4088600201719,openfacts
4088600201733,openfacts
4088600201740,openfacts
4088600201757,openfacts
4088600201801,openfacts
4088600201825,openfacts
4088600201832,openfacts
4088600201849,openfacts
4088600201856,openfacts
4088600202310,openfacts
4088600202433,openfacts
4088600202440,openfacts
4088600202457,openfacts
4088600202594,openfacts
4088600202648,openfacts
4088600202662,openfacts
4088600202686,openfacts
4088600202693,openfacts
4088600202716,openfacts
4088600202723,openfacts
4088600202778,openfacts
4088600202884,openfacts
4088600202990,openfacts
4088600203058,openfacts
4088600203119,openfacts
4088600203331,openfacts
4088600203348,openfacts
4088600203423,openfacts
4088600203461,openfacts
4088600203676,openfacts
4088600203683,openfacts
4088600203690,openfacts
4088600203898,openfacts
4088600204109,openfacts
4088600204130,openfacts
4088600204147,openfacts
4088600204154,openfacts
4088600204185,openfacts
4088600204321,openfacts
4088600204338,openfacts
4088600204345,openfacts
4088600204376,openfacts
4088600204499,openfacts
4088600204536,openfacts
4088600204543,openfacts
4088600204598,openfacts
4088600204772,openfacts
4088600204994,openfacts
4088600205113,openfacts
4088600205120,openfacts
4088600205137,openfacts
4088600205335,openfacts
4088600205427,openfacts
4088600205472,openfacts
4088600205489,openfacts
4088600205496,openfacts
4088600205557,openfacts
4088600205687,openfacts
4088600205724,openfacts
4088600205892,openfacts
4088600205908,openfacts
4088600206349,openfacts
4088600206400,openfacts
4088600206417,openfacts
4088600206448,openfacts
4088600206455,openfacts
4088600206462,openfacts
4088600206479,openfacts
4088600206486,openfacts
4088600206547,openfacts
4088600206592,openfacts
4088600206608,openfacts
4088600206615,openfacts
4088600206714,openfacts
4088600206721,openfacts
4088600206844,openfacts
4088600206868,openfacts
4088600206875,openfacts
4088600206899,openfacts
4088600206905,openfacts
4088600206912,openfacts
4088600206943,openfacts
4088600206967,openfacts
4088600206974,openfacts
4088600206981,openfacts
4088600206998,openfacts
4088600207018,openfacts
4088600207025,openfacts
4088600207032,openfacts
4088600207230,openfacts
4088600207728,openfacts
4088600207735,openfacts
4088600207759,openfacts
4088600207773,openfacts
4088600207780,openfacts
4088600207797,openfacts
4088600207803,openfacts
4088600208534,openfacts
4088600208541,openfacts
4088600208749,openfacts
4088600208756,openfacts
4088600208763,openfacts
4088600208770,openfacts
4088600208787,openfacts
4088600208794,openfacts
4088600208800,openfacts
4088600209029,openfacts
4088600209487,openfacts
4088600209524,openfacts
4088600209623,openfacts
4088600209647,openfacts
4088600209708,openfacts
4088600209821,openfacts
4088600209838,openfacts
4088600209906,openfacts
4088600209944,openfacts
4088600209951,openfacts
4088600210056,openfacts
4088600210094,openfacts
4088600210100,openfacts
4088600210131,openfacts
4088600210155,openfacts
4088600210162,openfacts
4088600210179,openfacts
4088600210438,openfacts
4088600210674,openfacts
4088600210698,openfacts
4088600210704,openfacts
4088600210742,openfacts
4088600210940,openfacts
4088600210957,openfacts
4088600211008,openfacts
4088600211015,openfacts
4088600211152,openfacts
4088600212388,openfacts
4088600212456,openfacts
4088600212487,openfacts
4088600212494,openfacts
4088600212500,openfacts
4088600212517,openfacts
4088600212531,openfacts
4088600212548,openfacts
4088600212555,openfacts
4088600212593,openfacts
4088600212609,openfacts
4088600212616,openfacts
4088600212654,openfacts
4088600212685,openfacts
4088600212692,openfacts
4088600212708,openfacts
4088600212715,openfacts
4088600212722,openfacts
4088600212746,openfacts
4088600212753,openfacts
4088600213019,openfacts
4088600213095,openfacts
4088600213170,openfacts
4088600213187,openfacts
4088600213217,openfacts
4088600213262,openfacts
4088600213286,openfacts
4088600213293,openfacts
4088600213309,openfacts
4088600213439,openfacts
4088600213446,openfacts
4088600213460,openfacts
4088600213477,openfacts
4088600213484,openfacts
4088600213552,openfacts
4088600213866,openfacts
4088600213927,openfacts
4088600213934,openfacts
4088600214030,openfacts
4088600214078,openfacts
4088600214085,openfacts
4088600214115,openfacts
4088600214122,openfacts
4088600214153,openfacts
4088600214160,openfacts
4088600214177,openfacts
4088600214214,openfacts
4088600214221,openfacts
4088600214238,openfacts
4088600214276,openfacts
4088600214283,openfacts
4088600214290,openfacts
4088600214344,openfacts
4088600214351,openfacts
4088600214368,openfacts
4088600214375,openfacts
4088600214382,openfacts
4088600214399,openfacts
4088600214405,openfacts
4088600214535,openfacts
4088600214559,openfacts
4088600214566,openfacts
4088600214641,openfacts
4088600214672,openfacts
4088600214689,openfacts
4088600214757,openfacts
4088600214979,openfacts
4088600215082,openfacts
4088600215099,openfacts
4088600215273,openfacts
4088600215280,openfacts
4088600215297,openfacts
4088600215532,openfacts
4088600215549,openfacts
4088600215686,openfacts
4088600215976,openfacts
4088600216133,openfacts
4088600216140,openfacts
4088600216157,openfacts
4088600216164,openfacts
4088600216171,openfacts
4088600216188,openfacts
4088600216218,openfacts
4088600216225,openfacts
4088600216232,openfacts
4088600216539,openfacts
4088600216546,openfacts
4088600216553,openfacts
4088600216560,openfacts
4088600216577,openfacts
4088600216584,openfacts
4088600216591,openfacts
4088600216607,openfacts
4088600216614,openfacts
4088600216638,openfacts
4088600216645,openfacts
4088600217024,openfacts
4088600217031,openfacts
4088600217062,openfacts
4088600217079,openfacts
4088600217178,openfacts
4088600217185,openfacts
4088600217390,openfacts
4088600217567,openfacts
4088600217673,openfacts
4088600217680,openfacts
4088600217703,openfacts
4088600217734,openfacts
4088600217871,openfacts
4088600217888,openfacts
4088600217895,openfacts
4088600217918,openfacts
4088600217925,openfacts
4088600217956,openfacts
4088600217994,openfacts
4088600218045,openfacts
4088600218144,openfacts
4088600218151,openfacts
4088600218175,openfacts
4088600218182,openfacts
4088600218229,openfacts
4088600218236,openfacts
4088600218267,openfacts
4088600218274,openfacts
4088600218298,openfacts
4088600218311,openfacts
4088600218328,openfacts
4088600218335,openfacts
4088600219844,openfacts
4088600219905,openfacts
4088600219912,openfacts
4088600219936,openfacts
4088600219950,openfacts
4088600219967,openfacts
4088600219974,openfacts
4088600219981,openfacts
4088600219998,openfacts
4088600220260,openfacts
4088600220284,openfacts
4088600220314,openfacts
4088600220321,openfacts
4088600220345,openfacts
4088600220529,openfacts
4088600221182,openfacts
4088600221229,openfacts
4088600221243,openfacts
4088600221250,openfacts
4088600221267,openfacts
4088600221397,openfacts
4088600222578,openfacts
4088600222585,openfacts
4088600222608,openfacts
4088600222615,openfacts
4088600222639,openfacts
4088600222646,openfacts
4088600222653,openfacts
4088600222660,openfacts
4088600222677,openfacts
4088600222684,openfacts
4088600222691,openfacts
4088600222707,openfacts
4088600222714,openfacts
4088600222721,openfacts
4088600222752,openfacts
4088600222769,openfacts
4088600222776,openfacts
4088600222875,openfacts
4088600222882,openfacts
4088600223094,openfacts
4088600223148,openfacts
4088600223155,openfacts
4088600223216,openfacts
4088600223377,openfacts
4088600223612,openfacts
4088600223643,openfacts
4088600223650,openfacts
4088600223667,openfacts
4088600223674,openfacts
4088600223803,openfacts
4088600223810,openfacts
4088600223940,openfacts
4088600224138,openfacts
4088600224282,openfacts
4088600224299,openfacts
4088600224596,openfacts
4088600224879,openfacts
4088600224886,openfacts
4088600225272,openfacts
4088600225289,openfacts
4088600225302,openfacts
4088600225319,openfacts
4088600225425,openfacts
4088600225456,openfacts
4088600225470,openfacts
4088600225548,openfacts
4088600225609,openfacts
4088600225630,openfacts
4088600225654,openfacts
4088600225692,openfacts
4088600225883,openfacts
4088600225906,openfacts
4088600225913,openfacts
4088600225951,openfacts
4088600225999,openfacts
4088600226132,openfacts
4088600226156,openfacts
4088600226163,openfacts
4088600226378,openfacts
4088600226385,openfacts
4088600226392,openfacts
4088600226408,openfacts
4088600226415,openfacts
4088600226439,openfacts
4088600226446,openfacts
4088600226453,openfacts
4088600226460,openfacts
4088600226651,openfacts
4088600226736,openfacts
4088600226743,openfacts
4088600226798,openfacts
4088600226873,openfacts
4088600226880,openfacts
4088600226910,openfacts
4088600226927,openfacts
4088600226934,openfacts
4088600226972,openfacts
4088600227009,openfacts
4088600227016,openfacts
4088600227108,openfacts
4088600227122,openfacts
4088600227153,openfacts
4088600227214,openfacts
4088600227351,openfacts
4088600227368,openfacts
4088600227375,openfacts
4088600227382,openfacts
4088600227399,openfacts
4088600227405,openfacts
4088600227412,openfacts
4088600227429,openfacts
4088600227528,openfacts
4088600227542,openfacts
4088600227559,openfacts
4088600227702,openfacts
4088600227931,openfacts
4088600227986,openfacts
4088600227993,openfacts
4088600228143,openfacts
4088600228150,openfacts
4088600228167,openfacts
4088600228365,openfacts
4088600228471,openfacts
4088600228624,openfacts
4088600228631,openfacts
4088600229119,openfacts
4088600229126,openfacts
4088600229157,openfacts
4088600229195,openfacts
4088600229218,openfacts
4088600229232,openfacts
4088600229553,openfacts
4088600229669,openfacts
4088600229683,openfacts
4088600229829,openfacts
4088600229911,openfacts
4088600229928,openfacts
4088600229935,openfacts
4088600230030,openfacts
4088600230153,openfacts
4088600230177,openfacts
4088600230900,openfacts
4088600230917,openfacts
4088600230955,openfacts
4088600230962,openfacts
4088600230986,openfacts
4088600231006,openfacts
4088600231020,openfacts
4088600231044,openfacts
4088600231051,openfacts
4088600231075,openfacts
4088600231150,openfacts
4088600231242,openfacts
4088600231266,openfacts
4088600231280,openfacts
4088600231372,openfacts
4088600231495,openfacts
4088600231525,openfacts
4088600231631,openfacts
4088600231648,openfacts
4088600231686,openfacts
4088600231907,openfacts
4088600231914,openfacts
4088600231921,openfacts
4088600231945,openfacts
4088600231976,openfacts
4088600231983,openfacts
4088600232256,openfacts
4088600232317,openfacts
4088600232324,openfacts
4088600232331,openfacts
4088600232379,openfacts
4088600232386,openfacts
4088600232409,openfacts
4088600232416,openfacts
4088600232430,openfacts
4088600232584,openfacts
4088600232973,openfacts
4088600233130,openfacts
4088600233277,openfacts
4088600233307,openfacts
4088600233352,openfacts
4088600233383,openfacts
4088600233758,openfacts
4088600233765,openfacts
4088600233826,openfacts
4088600234045,openfacts
4088600234205,openfacts
4088600234267,openfacts
4088600234281,openfacts
4088600234298,openfacts
4088600234304,openfacts
4088600234311,openfacts
4088600234502,openfacts
4088600234519,openfacts
4088600234533,openfacts
4088600234557,openfacts
4088600234632,openfacts
4088600234649,openfacts
4088600234656,openfacts
4088600234663,openfacts
4088600236377,openfacts
4088600236391,openfacts
4088600236445,openfacts
4088600236469,openfacts
4088600236483,openfacts
4088600236506,openfacts
4088600236803,openfacts
4088600236810,openfacts
4088600236834,openfacts
4088600236841,openfacts
4088600236858,openfacts
4088600236865,openfacts
4088600236872,openfacts
4088600236919,openfacts
4088600237008,openfacts
4088600237947,openfacts
4088600238128,openfacts
4088600238142,openfacts
4088600238333,openfacts
4088600238340,openfacts
4088600238357,openfacts
4088600238364,openfacts
4088600238449,openfacts
4088600238456,openfacts
4088600238463,openfacts
4088600238470,openfacts
4088600238487,openfacts
4088600238524,openfacts
4088600238531,openfacts
4088600238555,openfacts
4088600238562,openfacts
4088600238579,openfacts
4088600238609,openfacts
4088600238661,openfacts
4088600238753,openfacts
4088600238852,openfacts
4088600239026,openfacts
4088600239385,openfacts
4088600239408,openfacts
4088600239736,openfacts
4088600240206,openfacts
4088600240282,openfacts
4088600240299,openfacts
4088600240305,openfacts
4088600240312,openfacts
4088600240725,openfacts
4088600241272,openfacts
4088600241296,openfacts
4088600241302,openfacts
4088600241319,openfacts
4088600241340,openfacts
4088600241357,openfacts
4088600241371,openfacts
4088600241388,openfacts
4088600241395,openfacts
4088600241401,openfacts
4088600241418,openfacts
4088600241425,openfacts
4088600241920,openfacts
4088600242026,openfacts
4088600242033,openfacts
4088600242040,openfacts
4088600242057,openfacts
4088600242064,openfacts
4088600242644,openfacts
4088600242910,openfacts
4088600243030,openfacts
4088600243047,openfacts
4088600243054,openfacts
4088600243061,openfacts
4088600243603,openfacts
4088600243610,openfacts
4088600243627,openfacts
4088600243641,openfacts
4088600243726,openfacts
4088600243887,openfacts
4088600243894,openfacts
4088600243900,openfacts
4088600243948,openfacts
4088600243955,openfacts
4088600243962,openfacts
4088600244044,openfacts
4088600244051,openfacts
4088600244068,openfacts
4088600244075,openfacts
4088600244167,openfacts
4088600244174,openfacts
4088600244341,openfacts
4088600244495,openfacts
4088600244549,openfacts
4088600244556,openfacts
4088600244600,openfacts
4088600244617,openfacts
4088600244624,openfacts
4088600245256,openfacts
4088600245263,openfacts
4088600245270,openfacts
4088600245287,openfacts
4088600245584,openfacts
4088600245607,openfacts
4088600245683,openfacts
4088600245690,openfacts
4088600245904,openfacts
4088600245911,openfacts
4088600245928,openfacts
4088600245935,openfacts
4088600245942,openfacts
4088600245966,openfacts
4088600245980,openfacts
4088600246024,openfacts
4088600246062,openfacts
4088600246079,openfacts
4088600246093,openfacts
4088600246291,openfacts
4088600246307,openfacts
4088600247274,openfacts
4088600247281,openfacts
4088600247298,openfacts
4088600247304,openfacts
4088600247328,openfacts
4088600247335,openfacts
4088600247359,openfacts
4088600247366,openfacts
4088600247380,openfacts
4088600247403,openfacts
4088600247410,openfacts
4088600247427,openfacts
4088600247458,openfacts
4088600247465,openfacts
4088600247472,openfacts
4088600247496,openfacts
4088600247519,openfacts
4088600247564,openfacts
4088600247571,openfacts
4088600247601,openfacts
4088600247618,openfacts
4088600247649,openfacts
4088600247656,openfacts
4088600247663,openfacts
4088600247670,openfacts
4088600247687,openfacts
4088600247885,openfacts
4088600247977,openfacts
4088600248028,openfacts
4088600248387,openfacts
4088600248424,openfacts
4088600248431,openfacts
4088600248448,openfacts
4088600248493,openfacts
4088600248523,openfacts
4088600248530,openfacts
4088600248547,openfacts
4088600248561,openfacts
4088600248585,openfacts
4088600248592,openfacts
4088600248608,openfacts
4088600248639,openfacts
4088600248646,openfacts
4088600248707,openfacts
4088600248752,openfacts
4088600248769,openfacts
4088600248776,openfacts
4088600248783,openfacts
4088600248851,openfacts
4088600248868,openfacts
4088600248899,openfacts
4088600248905,openfacts
4088600248943,openfacts
4088600248950,openfacts
4088600248967,openfacts
4088600248974,openfacts
4088600248998,openfacts
4088600249001,openfacts
4088600249032,openfacts
4088600249049,openfacts
4088600249155,openfacts
4088600249162,openfacts
4088600249186,openfacts
4088600249209,openfacts
4088600249216,openfacts
4088600249223,openfacts
4088600249292,openfacts
4088600249407,openfacts
4088600249414,openfacts
4088600249421,openfacts
4088600249506,openfacts
4088600249513,openfacts
4088600249841,openfacts
4088600250212,openfacts
4088600250656,openfacts
4088600250663,openfacts
4088600250809,openfacts
4088600250816,openfacts
4088600250830,openfacts
4088600251035,openfacts
4088600251097,openfacts
4088600251431,openfacts
4088600251448,openfacts
4088600251479,openfacts
4088600251608,openfacts
4088600251615,openfacts
4088600251653,openfacts
4088600251660,openfacts
4088600251677,openfacts
4088600251684,openfacts
4088600251691,openfacts
4088600251707,openfacts
4088600251714,openfacts
4088600251790,openfacts
4088600251806,openfacts
4088600251813,openfacts
4088600251820,openfacts
4088600251851,openfacts
4088600252186,openfacts
4088600252209,openfacts
4088600252223,openfacts
4088600252292,openfacts
4088600252308,openfacts
4088600252315,openfacts
4088600252339,openfacts
4088600252377,openfacts
4088600252384,openfacts
4088600252414,openfacts
4088600252506,openfacts
4088600252650,openfacts
4088600252667,openfacts
4088600252674,openfacts
4088600252681,openfacts
4088600252698,openfacts
4088600253305,openfacts
4088600253329,openfacts
4088600253336,openfacts
4088600253909,openfacts
4088600253916,openfacts
4088600253961,openfacts
4088600253978,openfacts
4088600254074,openfacts
4088600254166,openfacts
4088600254173,openfacts
4088600254371,openfacts
4088600254937,openfacts
4088600255040,openfacts
4088600255057,openfacts
4088600255071,openfacts
4088600255095,openfacts
4088600255101,openfacts
4088600255118,openfacts
4088600255149,openfacts
4088600255194,openfacts
4088600255439,openfacts
4088600255446,openfacts
4088600255453,openfacts
4088600255590,openfacts
4088600255613,openfacts
4088600255620,openfacts
4088600255637,openfacts
4088600255682,openfacts
4088600255743,openfacts
4088600255842,openfacts
4088600255859,openfacts
4088600255866,openfacts
4088600255897,openfacts
4088600255910,openfacts
4088600256009,openfacts
4088600256207,openfacts
4088600256221,openfacts
4088600256238,openfacts
4088600256245,openfacts
4088600256252,openfacts
4088600256290,openfacts
4088600256306,openfacts
4088600256313,openfacts
4088600256320,openfacts
4088600256337,openfacts
4088600256351,openfacts
4088600256368,openfacts
4088600256375,openfacts
4088600256382,openfacts
4088600256399,openfacts
4088600256436,openfacts
4088600256481,openfacts
4088600256863,openfacts
4088600256870,openfacts
4088600256894,openfacts
4088600256993,openfacts
4088600257143,openfacts
4088600257266,openfacts
4088600257402,openfacts
4088600257419,openfacts
4088600257426,openfacts
4088600257617,openfacts
4088600257655,openfacts
4088600257686,openfacts
4088600257693,openfacts
4088600257730,openfacts
4088600257747,openfacts
4088600257754,openfacts
4088600257877,openfacts
4088600258232,openfacts
4088600258393,openfacts
4088600258591,openfacts
4088600258706,openfacts
4088600258744,openfacts
4088600258751,openfacts
4088600258775,openfacts
4088600258898,openfacts
4088600259147,openfacts
4088600259178,openfacts
4088600259185,openfacts
4088600259239,openfacts
4088600259246,openfacts
4088600259376,openfacts
4088600259390,openfacts
4088600259444,openfacts
4088600259482,openfacts
4088600259604,openfacts
4088600259611,openfacts
4088600259765,openfacts
4088600259826,openfacts
4088600259833,openfacts
4088600259857,openfacts
4088600259864,openfacts
4088600259888,openfacts
4088600259963,openfacts
4088600259970,openfacts
4088600259987,openfacts
4088600260129,openfacts
4088600260143,openfacts
4088600260150,openfacts
4088600260280,openfacts
4088600260334,openfacts
4088600260365,openfacts
4088600260372,openfacts
4088600260419,openfacts
4088600260426,openfacts
4088600260457,openfacts
4088600260556,openfacts
4088600260587,openfacts
4088600260648,openfacts
4088600260662,openfacts
4088600260679,openfacts
4088600260686,openfacts
4088600260792,openfacts
4088600260815,openfacts
4088600260884,openfacts
4088600261171,openfacts
4088600261195,openfacts
4088600261201,openfacts
4088600261263,openfacts
4088600261287,openfacts
4088600261362,openfacts
4088600261393,openfacts
4088600261430,openfacts
4088600261638,openfacts
4088600261645,openfacts
4088600262024,openfacts
4088600262048,openfacts
4088600262086,openfacts
4088600262161,openfacts
4088600262185,openfacts
4088600262406,openfacts
4088600262413,openfacts
4088600262420,openfacts
4088600262437,openfacts
4088600262444,openfacts
4088600262451,openfacts
4088600262468,openfacts
4088600262499,openfacts
4088600262505,openfacts
4088600262512,openfacts
4088600262529,openfacts
4088600262536,openfacts
4088600262680,openfacts
4088600262789,openfacts
4088600262802,openfacts
4088600262819,openfacts
4088600262826,openfacts
4088600262864,openfacts
4088600263069,openfacts
4088600263328,openfacts
4088600263441,openfacts
4088600263458,openfacts
4088600263465,openfacts
4088600263670,openfacts
4088600263687,openfacts
4088600263700,openfacts
4088600263878,openfacts
4088600263892,openfacts
4088600264073,openfacts
4088600264080,openfacts
4088600264097,openfacts
4088600264288,openfacts
4088600264295,openfacts
4088600264301,openfacts
4088600264325,openfacts
4088600264332,openfacts
4088600264349,openfacts
4088600264363,openfacts
4088600264455,openfacts
4088600264479,openfacts
4088600264509,openfacts
4088600264516,openfacts
4088600264523,openfacts
4088600264646,openfacts
4088600264653,openfacts
4088600264806,openfacts
4088600264844,openfacts
4088600264851,openfacts
4088600264868,openfacts
4088600264882,openfacts
4088600264899,openfacts
4088600264967,openfacts
4088600264974,openfacts
4088600264981,openfacts
4088600265124,openfacts
4088600265148,openfacts
4088600265155,openfacts
4088600265162,openfacts
4088600265179,openfacts
4088600265186,openfacts
4088600265193,openfacts
4088600265247,openfacts
4088600265254,openfacts
4088600265346,openfacts
4088600265353,openfacts
4088600265360,openfacts
4088600265377,openfacts
4088600265384,openfacts
4088600265391,openfacts
4088600265407,openfacts
4088600265414,openfacts
4088600265421,openfacts
4088600265438,openfacts
4088600265445,openfacts
4088600265452,openfacts
4088600265469,openfacts
4088600265476,openfacts
4088600265582,openfacts
4088600265599,openfacts
4088600265605,openfacts
4088600265612,openfacts
4088600265629,openfacts
4088600265636,openfacts
4088600265643,openfacts
4088600265742,openfacts
4088600265766,openfacts
4088600265834,openfacts
4088600265858,openfacts
4088600265872,openfacts
4088600265902,openfacts
4088600265926,openfacts
4088600265933,openfacts
4088600265940,openfacts
4088600265957,openfacts
4088600266008,openfacts
4088600266152,openfacts
4088600266329,openfacts
4088600266459,openfacts
4088600266565,openfacts
4088600266756,openfacts
4088600266763,openfacts
4088600266770,openfacts
4088600266787,openfacts
4088600266794,openfacts
4088600266886,openfacts
4088600267234,openfacts
4088600267241,openfacts
4088600267258,openfacts
4088600267371,openfacts
4088600267388,openfacts
4088600267395,openfacts
4088600267425,openfacts
4088600267685,openfacts
4088600267739,openfacts
4088600267920,openfacts
4088600268040,openfacts
4088600268071,openfacts
4088600268125,openfacts
4088600268149,openfacts
4088600268187,openfacts
4088600268200,openfacts
4088600268286,openfacts
4088600268293,openfacts
4088600268309,openfacts
4088600268323,openfacts
4088600268347,openfacts
4088600268446,openfacts
4088600268460,openfacts
4088600268477,openfacts
4088600268521,openfacts
4088600268538,openfacts
4088600268545,openfacts
4088600268552,openfacts
4088600268569,openfacts
4088600268576,openfacts
4088600268583,openfacts
4088600268590,openfacts
4088600268606,openfacts
4088600268743,openfacts
4088600268750,openfacts
4088600268767,openfacts
4088600268774,openfacts
4088600268781,openfacts
4088600268811,openfacts
4088600268859,openfacts
4088600268873,openfacts
4088600268880,openfacts
4088600268910,openfacts
4088600268941,openfacts
4088600268958,openfacts
4088600268965,openfacts
4088600268972,openfacts
4088600268989,openfacts
4088600268996,openfacts
4088600269009,openfacts
4088600269214,openfacts
4088600269221,openfacts
4088600269276,openfacts
4088600269306,openfacts
4088600269344,openfacts
4088600269351,openfacts
4088600269634,openfacts
4088600269658,openfacts
4088600269672,openfacts
4088600269689,openfacts
4088600269887,openfacts
4088600269894,openfacts
4088600269924,openfacts
4088600270227,openfacts
4088600270463,openfacts
4088600270500,openfacts
4088600271057,openfacts
4088600271712,openfacts
4088600271811,openfacts
4088600272191,openfacts
4088600272245,openfacts
4088600272382,openfacts
4088600272399,openfacts
4088600272474,openfacts
4088600272481,openfacts
4088600272566,openfacts
4088600272610,openfacts
4088600272627,openfacts
4088600272634,openfacts
4088600272641,openfacts
4088600272658,openfacts
4088600272665,openfacts
4088600272672,openfacts
4088600272689,openfacts
4088600272696,openfacts
4088600272771,openfacts
4088600272788,openfacts
4088600272832,openfacts
4088600272849,openfacts
4088600272962,openfacts
4088600272979,openfacts
4088600273198,openfacts
4088600273204,openfacts
4088600273211,openfacts
4088600273242,openfacts
4088600273259,openfacts
4088600273624,openfacts
4088600273693,openfacts
4088600273945,openfacts
4088600273952,openfacts
4088600273976,openfacts
4088600273990,openfacts
4088600274065,openfacts
4088600274072,openfacts
4088600274089,openfacts
4088600274096,openfacts
4088600274157,openfacts
4088600274201,openfacts
4088600274218,openfacts
4088600274225,openfacts
4088600274232,openfacts
4088600274270,openfacts
4088600274287,openfacts
4088600274294,openfacts
4088600274416,openfacts
4088600274492,openfacts
4088600274508,openfacts
4088600274515,openfacts
4088600274546,openfacts
4088600274553,openfacts
4088600274560,openfacts
4088600274577,openfacts
4088600274591,openfacts
4088600274645,openfacts
4088600274683,openfacts
4088600274706,openfacts
4088600274713,openfacts
4088600274720,openfacts
4088600274737,openfacts
4088600274898,openfacts
4088600275031,openfacts
4088600275130,openfacts
4088600275338,openfacts
4088600275499,openfacts
4088600275512,openfacts
4088600275529,openfacts
4088600275543,openfacts
4088600275550,openfacts
4088600275574,openfacts
4088600275581,openfacts
4088600275741,openfacts
4088600275840,openfacts
4088600275864,openfacts
4088600275871,openfacts
4088600275888,openfacts
4088600275895,openfacts
4088600275901,openfacts
4088600275994,openfacts
4088600276021,openfacts
4088600276038,openfacts
4088600276076,openfacts
4088600276229,openfacts
4088600276250,openfacts
4088600276267,openfacts
4088600276359,openfacts
4088600276540,openfacts
4088600276564,openfacts
4088600276571,openfacts
4088600276649,openfacts
4088600276656,openfacts
4088600276663,openfacts
4088600276670,openfacts
4088600276823,openfacts
4088600276847,openfacts
4088600276854,openfacts
4088600276922,openfacts
4088600276939,openfacts
4088600277103,openfacts
4088600277110,openfacts
4088600277127,openfacts
4088600277202,openfacts
4088600277219,openfacts
4088600277226,openfacts
4088600277233,openfacts
4088600277240,openfacts
4088600277288,openfacts
4088600277462,openfacts
4088600277738,openfacts
4088600277776,openfacts
4088600277806,openfacts
4088600277813,openfacts
4088600277844,openfacts
4088600277967,openfacts
4088600277974,openfacts
4088600277981,openfacts
4088600278001,openfacts
4088600278025,openfacts
4088600278032,openfacts
4088600278049,openfacts
4088600278056,openfacts
4088600278063,openfacts
4088600278087,openfacts
4088600278094,openfacts
4088600278124,openfacts
4088600278131,openfacts
4088600278148,openfacts
4088600278162,openfacts
4088600278179,openfacts
4088600278209,openfacts
4088600278346,openfacts
4088600278353,openfacts
4088600278360,openfacts
4088600278377,openfacts
4088600278414,openfacts
4088600278599,openfacts
4088600278612,openfacts
4088600278858,openfacts
4088600279022,openfacts
4088600279053,openfacts
4088600279060,openfacts
4088600279398,openfacts
4088600279428,openfacts
4088600279459,openfacts
4088600279596,openfacts
4088600279602,openfacts
4088600279664,openfacts
4088600279671,openfacts
4088600279688,openfacts
4088600280134,openfacts
4088600280141,openfacts
4088600280158,openfacts
4088600280165,openfacts
4088600280172,openfacts
4088600280189,openfacts
4088600280196,openfacts
4088600280202,openfacts
4088600280219,openfacts
4088600280233,openfacts
4088600280257,openfacts
4088600280271,openfacts
4088600280325,openfacts
4088600280332,openfacts
4088600280363,openfacts
4088600280370,openfacts
4088600280523,openfacts
4088600280578,openfacts
4088600280585,openfacts
4088600280660,openfacts
4088600280851,openfacts
4088600281384,openfacts
4088600281391,openfacts
4088600281407,openfacts
4088600281414,openfacts
4088600281421,openfacts
4088600281438,openfacts
4088600281490,openfacts
4088600281506,openfacts
4088600281537,openfacts
4088600281551,openfacts
4088600281681,openfacts
4088600281698,openfacts
4088600281735,openfacts
4088600281742,openfacts
4088600281988,openfacts
4088600282015,openfacts
4088600282022,openfacts
4088600282039,openfacts
4088600282046,openfacts
4088600282053,openfacts
4088600282077,openfacts
4088600282084,openfacts
4088600282091,openfacts
4088600282107,openfacts
4088600282121,openfacts
4088600282145,openfacts
4088600282152,openfacts
4088600282169,openfacts
4088600282176,openfacts
4088600282183,openfacts
4088600282268,openfacts
4088600282442,openfacts
4088600282480,openfacts
4088600282497,openfacts
4088600282503,openfacts
4088600282510,openfacts
4088600282527,openfacts
4088600282534,openfacts
4088600282596,openfacts
4088600282633,openfacts
4088600282725,openfacts
4088600282749,openfacts
4088600282787,openfacts
4088600282794,openfacts
4088600282800,openfacts
4088600282831,openfacts
4088600282848,openfacts
4088600282862,openfacts
4088600283111,openfacts
4088600283135,openfacts
4088600283159,openfacts
4088600283166,openfacts
4088600283227,openfacts
4088600283234,openfacts
4088600283333,openfacts
4088600283364,openfacts
4088600283418,openfacts
4088600283524,openfacts
4088600283715,openfacts
4088600283784,openfacts
4088600283791,openfacts
4088600283814,openfacts
4088600283821,openfacts
4088600284637,openfacts
4088600284736,openfacts
4088600284859,openfacts
4088600284866,openfacts
4088600284880,openfacts
4088600284897,openfacts
4088600284910,openfacts
4088600284934,openfacts
4088600284941,openfacts
4088600284958,openfacts
4088600284972,openfacts
4088600285092,openfacts
4088600285139,openfacts
4088600285146,openfacts
4088600285153,openfacts
4088600285160,openfacts
4088600285207,openfacts
4088600285436,openfacts
4088600285443,openfacts
4088600285450,openfacts
4088600285467,openfacts
4088600285474,openfacts
4088600285481,openfacts
4088600285498,openfacts
4088600285504,openfacts
4088600285511,openfacts
4088600285528,openfacts
4088600285573,openfacts
4088600285702,openfacts
4088600285764,openfacts
4088600285788,openfacts
4088600285825,openfacts
4088600285870,openfacts
4088600286112,openfacts
4088600286464,openfacts
4088600286495,openfacts
4088600286501,openfacts
4088600286655,openfacts
4088600286662,openfacts
4088600286808,openfacts
4088600286815,openfacts
4088600286822,openfacts
4088600286853,openfacts
4088600286976,openfacts
4088600286983,openfacts
4088600287010,openfacts
4088600287171,openfacts
4088600287188,openfacts
4088600287218,openfacts
4088600287249,openfacts
4088600287270,openfacts
4088600287287,openfacts
4088600287317,openfacts
4088600287331,openfacts
4088600287355,openfacts
4088600287362,openfacts
4088600287379,openfacts
4088600287386,openfacts
4088600287409,openfacts
4088600287416,openfacts
4088600287508,openfacts
4088600287782,openfacts
4088600287799,openfacts
4088600287805,openfacts
4088600288055,openfacts
4088600288161,openfacts
4088600288208,openfacts
4088600288222,openfacts
4088600288482,openfacts
4088600288826,openfacts
4088600288864,openfacts
4088600288949,openfacts
4088600288956,openfacts
4088600288963,openfacts
4088600288994,openfacts
4088600289007,openfacts
4088600289090,openfacts
4088600289137,openfacts
4088600289168,openfacts
4088600289175,openfacts
4088600289212,openfacts
4088600289243,openfacts
4088600289267,openfacts
4088600289274,openfacts
4088600289335,openfacts
4088600289441,openfacts
4088600289458,openfacts
4088600289892,openfacts
4088600289939,openfacts
4088600290003,openfacts
4088600290010,openfacts
4088600290027,openfacts
4088600290034,openfacts
4088600290041,openfacts
4088600290126,openfacts
4088600290133,openfacts
4088600290140,openfacts
4088600290157,openfacts
4088600290164,openfacts
4088600290195,openfacts
4088600290218,openfacts
4088600290225,openfacts
4088600290232,openfacts
4088600290263,openfacts
4088600290294,openfacts
4088600290300,openfacts
4088600290317,openfacts
4088600290324,openfacts
4088600290331,openfacts
4088600290348,openfacts
4088600290355,openfacts
4088600290379,openfacts
4088600290447,openfacts
4088600290485,openfacts
4088600290492,openfacts
4088600290508,openfacts
4088600290515,openfacts
4088600290775,openfacts
4088600290782,openfacts
4088600290799,openfacts
4088600290805,openfacts
4088600290928,openfacts
4088600290935,openfacts
4088600290942,openfacts
4088600290959,openfacts
4088600290966,openfacts
4088600290997,openfacts
4088600291000,openfacts
4088600291116,openfacts
4088600291123,openfacts
4088600291130,openfacts
4088600291147,openfacts
4088600291178,openfacts
4088600291192,openfacts
4088600291352,openfacts
4088600291383,openfacts
4088600291567,openfacts
4088600291581,openfacts
4088600291666,openfacts
4088600291697,openfacts
4088600291857,openfacts
4088600291864,openfacts
4088600291871,openfacts
4088600291888,openfacts
4088600292076,openfacts
4088600292137,openfacts
4088600292151,openfacts
4088600292205,openfacts
4088600292236,openfacts
4088600292434,openfacts
4088600292496,openfacts
4088600292519,openfacts
4088600292526,openfacts
4088600292533,openfacts
4088600292670,openfacts
4088600292687,openfacts
4088600292748,openfacts
4088600293134,openfacts
4088600293257,openfacts
4088600293271,openfacts
4088600293417,openfacts
4088600293424,openfacts
4088600293431,openfacts
4088600293608,openfacts
4088600293615,openfacts
4088600293981,openfacts
4088600293998,openfacts
4088600294001,openfacts
4088600294056,openfacts
4088600294063,openfacts
4088600294070,openfacts
4088600294087,openfacts
4088600294254,openfacts
4088600294261,openfacts
4088600294278,openfacts
4088600294285,openfacts
4088600294292,openfacts
4088600294308,openfacts
4088600294315,openfacts
4088600294520,openfacts
4088600294537,openfacts
4088600294582,openfacts
4088600294599,openfacts
4088600294605,openfacts
4088600294759,openfacts
4088600294834,openfacts
4088600294872,openfacts
4088600294889,openfacts
4088600294933,openfacts
4088600294964,openfacts
4088600294971,openfacts
4088600295107,openfacts
4088600295176,openfacts
4088600295183,openfacts
4088600295206,openfacts
4088600295213,openfacts
4088600295220,openfacts
4088600295282,openfacts
4088600295329,openfacts
4088600295336,openfacts
4088600295350,openfacts
4088600295411,openfacts
4088600295510,openfacts
4088600295527,openfacts
4088600295596,openfacts
4088600295640,openfacts
4088600295657,openfacts
4088600295664,openfacts
4088600295671,openfacts
4088600295749,openfacts
4088600295756,openfacts
4088600295763,openfacts
4088600295787,openfacts
4088600295817,openfacts
4088600295831,openfacts
4088600295961,openfacts
4088600296029,openfacts
4088600296371,openfacts
4088600296418,openfacts
4088600296425,openfacts
4088600296555,openfacts
4088600296715,openfacts
4088600296722,openfacts
4088600296814,openfacts
4088600297002,openfacts
4088600297040,openfacts
4088600297064,openfacts
4088600297071,openfacts
4088600297088,openfacts
4088600297293,openfacts
4088600297316,openfacts
4088600297323,openfacts
4088600297507,openfacts
4088600297552,openfacts
4088600297569,openfacts
4088600297576,openfacts
4088600297583,openfacts
4088600297590,openfacts
4088600297606,openfacts
4088600297774,openfacts
4088600298375,openfacts
4088600298498,openfacts
4088600298634,openfacts
4088600298641,openfacts
4088600298702,openfacts
4088600298733,openfacts
4088600298764,openfacts
4088600298771,openfacts
4088600298788,openfacts
4088600298795,openfacts
4088600298801,openfacts
4088600298818,openfacts
4088600298825,openfacts
4088600298832,openfacts
4088600298887,openfacts
4088600298894,openfacts
4088600298917,openfacts
4088600298924,openfacts
4088600299044,openfacts
4088600299198,openfacts
4088600299471,openfacts
4088600299693,openfacts
4088600299808,openfacts
4088600300030,openfacts
4088600300061,openfacts
4088600300078,openfacts
4088600300085,openfacts
4088600300092,openfacts
4088600300146,openfacts
4088600300160,openfacts
4088600300177,openfacts
4088600300184,openfacts
4088600300191,openfacts
4088600300207,openfacts
4088600300214,openfacts
4088600300221,openfacts
4088600300238,openfacts
4088600300245,openfacts
4088600300252,openfacts
4088600300269,openfacts
4088600300276,openfacts
4088600300283,openfacts
4088600300290,openfacts
4088600300429,openfacts
4088600300443,openfacts
4088600300658,openfacts
4088600300665,openfacts
4088600301136,openfacts
4088600301143,openfacts
4088600301181,openfacts
4088600301198,openfacts
4088600301464,openfacts
4088600301471,openfacts
4088600301488,openfacts
4088600301693,openfacts
4088600301709,openfacts
4088600301716,openfacts
4088600301723,openfacts
4088600301815,openfacts
4088600301822,openfacts
4088600301839,openfacts
4088600301846,openfacts
4088600301853,openfacts
4088600301860,openfacts
4088600302553,openfacts
4088600302560,openfacts
4088600302577,openfacts
4088600302584,openfacts
4088600302638,openfacts
4088600302669,openfacts
4088600302775,openfacts
4088600303079,openfacts
4088600303185,openfacts
4088600303277,openfacts
4088600303376,openfacts
4088600303390,openfacts
4088600304304,openfacts
4088600304625,openfacts
4088600304632,openfacts
4088600304649,openfacts
4088600304656,openfacts
4088600304663,openfacts
4088600304670,openfacts
4088600304687,openfacts
4088600304694,openfacts
4088600304700,openfacts
4088600304717,openfacts
4088600304724,openfacts
4088600304915,openfacts
4088600305387,openfacts
4088600305455,openfacts
4088600305462,openfacts
4088600305479,openfacts
4088600305493,openfacts
4088600305592,openfacts
4088600305615,openfacts
4088600305639,openfacts
4088600305646,openfacts
4088600306315,openfacts
4088600306582,openfacts
4088600306599,openfacts
4088600306605,openfacts
4088600306735,openfacts
4088600307695,openfacts
4088600307800,openfacts
4088600307824,openfacts
4088600307862,openfacts
4088600307916,openfacts
4088600308357,openfacts
4088600308364,openfacts
4088600308432,openfacts
4088600308524,openfacts
4088600308548,openfacts
4088600308593,openfacts
4088600308609,openfacts
4088600308616,openfacts
4088600308852,openfacts
4088600309057,openfacts
4088600309064,openfacts
4088600309088,openfacts
4088600309316,openfacts
4088600309606,openfacts
4088600309620,openfacts
4088600309637,openfacts
4088600309644,openfacts
4088600309651,openfacts
4088600309668,openfacts
4088600309781,openfacts
4088600309989,openfacts
4088600310008,openfacts
4088600310022,openfacts
4088600310213,openfacts
4088600310220,openfacts
4088600310251,openfacts
4088600310282,openfacts
4088600310350,openfacts
4088600310374,openfacts
4088600310381,openfacts
4088600310565,openfacts
4088600310572,openfacts
4088600310626,openfacts
4088600310695,openfacts
4088600310770,openfacts
4088600310787,openfacts
4088600311067,openfacts
4088600311074,openfacts
4088600311098,openfacts
4088600311104,openfacts
4088600311111,openfacts
4088600311128,openfacts
4088600311241,openfacts
4088600311357,openfacts
4088600311470,openfacts
4088600312514,openfacts
4088600312521,openfacts
4088600312538,openfacts
4088600312545,openfacts
4088600312620,openfacts
4088600312668,openfacts
4088600312729,openfacts
4088600312767,openfacts
4088600312828,openfacts
4088600312910,openfacts
4088600312927,openfacts
4088600312972,openfacts
4088600312996,openfacts
4088600313030,openfacts
4088600313061,openfacts
4088600313092,openfacts
4088600313146,openfacts
4088600313177,openfacts
4088600313252,openfacts
4088600313344,openfacts
4088600313382,openfacts
4088600313399,openfacts
4088600313405,openfacts
4088600313467,openfacts
4088600313610,openfacts
4088600313634,openfacts
4088600313641,openfacts
4088600313795,openfacts
4088600313917,openfacts
4088600313979,openfacts
4088600314167,openfacts
4088600314204,openfacts
4088600314389,openfacts
4088600314419,openfacts
4088600314488,openfacts
4088600314914,openfacts
4088600314945,openfacts
4088600315058,openfacts
4088600315089,openfacts
4088600315096,openfacts
4088600315423,openfacts
4088600315430,openfacts
4088600315478,openfacts
4088600315676,openfacts
4088600315713,openfacts
4088600315744,openfacts
4088600315751,openfacts
4088600315768,openfacts
4088600315775,openfacts
4088600315782,openfacts
4088600315799,openfacts
4088600315805,openfacts
4088600315812,openfacts
4088600315829,openfacts
4088600315966,openfacts
4088600316086,openfacts
4088600316321,openfacts
4088600316451,openfacts
4088600316468,openfacts
4088600316475,openfacts
4088600316482,openfacts
4088600316499,openfacts
4088600316505,openfacts
4088600316512,openfacts
4088600316529,openfacts
4088600316536,openfacts
4088600316543,openfacts
4088600316550,openfacts
4088600316703,openfacts
4088600316741,openfacts
4088600317083,openfacts
4088600317090,openfacts
4088600317298,openfacts
4088600317670,openfacts
4088600317717,openfacts
4088600317809,openfacts
4088600317816,openfacts
4088600317823,openfacts
4088600317861,openfacts
4088600317939,openfacts
4088600317946,openfacts
4088600317953,openfacts
4088600317960,openfacts
4088600317977,openfacts
4088600318011,openfacts
4088600318028,openfacts
4088600318042,openfacts
4088600318059,openfacts
4088600318196,openfacts
4088600318295,openfacts
4088600318363,openfacts
4088600318370,openfacts
4088600318509,openfacts
4088600318646,openfacts
4088600318691,openfacts
4088600318714,openfacts
4088600318738,openfacts
4088600318868,openfacts
4088600319070,openfacts
4088600319087,openfacts
4088600319100,openfacts
4088600319124,openfacts
4088600319179,openfacts
4088600319261,openfacts
4088600319278,openfacts
4088600319575,openfacts
4088600319650,openfacts
4088600319858,openfacts
4088600320144,openfacts
4088600320168,openfacts
4088600320182,openfacts
4088600320205,openfacts
4088600320274,openfacts
4088600320281,openfacts
4088600320298,openfacts
4088600320441,openfacts
4088600320458,openfacts
4088600320465,openfacts
4088600320588,openfacts
4088600320595,openfacts
4088600320601,openfacts
4088600320618,openfacts
4088600320656,openfacts
4088600320991,openfacts
4088600321127,openfacts
4088600321134,openfacts
4088600321141,openfacts
4088600321158,openfacts
4088600321196,openfacts
4088600321202,openfacts
4088600321219,openfacts
4088600321226,openfacts
4088600321233,openfacts
4088600321240,openfacts
4088600321370,openfacts
4088600321394,openfacts
4088600321417,openfacts
4088600321424,openfacts
4088600321479,openfacts
4088600321486,openfacts
4088600321530,openfacts
4088600321578,openfacts
4088600321592,openfacts
4088600321684,openfacts
4088600322025,openfacts
4088600322032,openfacts
4088600322049,openfacts
4088600322056,openfacts
4088600322063,openfacts
4088600322087,openfacts
4088600322094,openfacts
4088600322100,openfacts
4088600322124,openfacts
4088600322131,openfacts
4088600322148,openfacts
4088600322384,openfacts
4088600322452,openfacts
4088600322483,openfacts
4088600322490,openfacts
4088600323060,openfacts
4088600323152,openfacts
4088600323961,openfacts
4088600324067,openfacts
4088600324678,openfacts
4088600324722,openfacts
4088600324739,openfacts
4088600324876,openfacts
4088600324890,openfacts
4088600325040,openfacts
4088600325170,openfacts
4088600325217,openfacts
4088600325224,openfacts
4088600325231,openfacts
4088600325279,openfacts
4088600325293,openfacts
4088600325569,openfacts
4088600325576,openfacts
4088600325613,openfacts
4088600325637,openfacts
4088600325705,openfacts
4088600325712,openfacts
4088600325767,openfacts
4088600325774,openfacts
4088600325866,openfacts
4088600325880,openfacts
4088600325941,openfacts
4088600325958,openfacts
4088600326238,openfacts
4088600326252,openfacts
4088600326597,openfacts
4088600326610,openfacts
4088600326733,openfacts
4088600326740,openfacts
4088600326788,openfacts
4088600326900,openfacts
4088600326979,openfacts
4088600327013,openfacts
4088600327044,openfacts
4088600327051,openfacts
4088600327075,openfacts
4088600327167,openfacts
4088600327174,openfacts
4088600327228,openfacts
4088600327327,openfacts
4088600327334,openfacts
4088600327358,openfacts
4088600327372,openfacts
4088600327488,openfacts
4088600327587,openfacts
4088600327709,openfacts
4088600327754,openfacts
4088600327761,openfacts
4088600327778,openfacts
4088600327785,openfacts
4088600327815,openfacts
4088600327976,openfacts
4088600328058,openfacts
4088600328188,openfacts
4088600328386,openfacts
4088600328416,openfacts
4088600328423,openfacts
4088600328607,openfacts
4088600328614,openfacts
4088600328805,openfacts
4088600328836,openfacts
4088600328843,openfacts
4088600328904,openfacts
4088600328911,openfacts
4088600328973,openfacts
4088600329000,openfacts
4088600329024,openfacts
4088600329031,openfacts
4088600329055,openfacts
4088600329185,openfacts
4088600329413,openfacts
4088600329864,openfacts
4088600329871,openfacts
4088600329888,openfacts
4088600329901,openfacts
4088600329963,openfacts
4088600329987,openfacts
4088600330037,openfacts
4088600330068,openfacts
4088600330181,openfacts
4088600330563,openfacts
4088600330570,openfacts
4088600330631,openfacts
4088600330648,openfacts
4088600330686,openfacts
4088600330723,openfacts
4088600331065,openfacts
4088600331348,openfacts
4088600331584,openfacts
4088600331737,openfacts
4088600331805,openfacts
4088600331829,openfacts
4088600331980,openfacts
4088600331997,openfacts
4088600332000,openfacts
4088600332017,openfacts
4088600332024,openfacts
4088600332178,openfacts
4088600332192,openfacts
4088600332208,openfacts
4088600332758,openfacts
4088600332765,openfacts
4088600332772,openfacts
4088600333489,openfacts
4088600333571,openfacts
4088600333588,openfacts
4088600333595,openfacts
4088600333915,openfacts
4088600334103,openfacts
4088600334127,openfacts
4088600334233,openfacts
4088600334479,openfacts
4088600334493,openfacts
4088600334530,openfacts
4088600334608,openfacts
4088600334622,openfacts
4088600334646,openfacts
4088600334653,openfacts
4088600334707,openfacts
4088600334783,openfacts
4088600334790,openfacts
4088600334806,openfacts
4088600334813,openfacts
4088600334851,openfacts
4088600334868,openfacts
4088600335179,openfacts
4088600335193,openfacts
4088600335452,openfacts
4088600335520,openfacts
4088600335735,openfacts
4088600335742,openfacts
4088600335766,openfacts
4088600335773,openfacts
4088600335797,openfacts
4088600335896,openfacts
4088600335919,openfacts
4088600336091,openfacts
4088600336114,openfacts
4088600336183,openfacts
4088600336206,openfacts
4088600337159,openfacts
4088600337715,openfacts
4088600337821,openfacts
4088600337838,openfacts
4088600337920,openfacts
4088600337951,openfacts
4088600338002,openfacts
4088600338460,openfacts
4088600338491,openfacts
4088600338507,openfacts
4088600338576,openfacts
4088600338606,openfacts
4088600338613,openfacts
4088600338620,openfacts
4088600338637,openfacts
4088600338644,openfacts
4088600338743,openfacts
4088600338859,openfacts
4088600339146,openfacts
4088600339344,openfacts
4088600339351,openfacts
4088600339627,openfacts
4088600339634,openfacts
4088600339696,openfacts
4088600339702,openfacts
4088600339719,openfacts
4088600339795,openfacts
4088600340074,openfacts
4088600340081,openfacts
4088600340098,openfacts
4088600340104,openfacts
4088600340111,openfacts
4088600340142,openfacts
4088600340494,openfacts
4088600340500,openfacts
4088600340524,openfacts
4088600340630,openfacts
4088600340647,openfacts
4088600340708,openfacts
4088600340739,openfacts
4088600340746,openfacts
4088600340753,openfacts
4088600340814,openfacts
4088600341293,openfacts
4088600341613,openfacts
4088600341781,openfacts
4088600341828,openfacts
4088600341835,openfacts
4088600341842,openfacts
4088600341859,openfacts
4088600342061,openfacts
4088600342078,openfacts
4088600342085,openfacts
4088600342108,openfacts
4088600342207,openfacts
4088600342498,openfacts
4088600342511,openfacts
4088600342528,openfacts
4088600342559,openfacts
4088600342566,openfacts
4088600342733,openfacts
4088600342917,openfacts
4088600342924,openfacts
4088600342962,openfacts
4088600342979,openfacts
4088600342986,openfacts
4088600343167,openfacts
4088600343273,openfacts
4088600343280,openfacts
4088600343297,openfacts
4088600343334,openfacts
4088600343341,openfacts
4088600343365,openfacts
4088600343372,openfacts
4088600343389,openfacts
4088600343686,openfacts
4088600343723,openfacts
4088600343747,openfacts
4088600343877,openfacts
4088600343884,openfacts
4088600344027,openfacts
4088600344263,openfacts
4088600344270,openfacts
4088600344294,openfacts
4088600344300,openfacts
4088600344782,openfacts
4088600345000,openfacts
4088600345116,openfacts
4088600345291,openfacts
4088600345413,openfacts
4088600345536,openfacts
4088600345543,openfacts
4088600345550,openfacts
4088600345567,openfacts
4088600345574,openfacts
4088600346106,openfacts
4088600346113,openfacts
4088600346694,openfacts
4088600346700,openfacts
4088600346823,openfacts
4088600346854,openfacts
4088600346861,openfacts
4088600346922,openfacts
4088600346939,openfacts
4088600346946,openfacts
4088600346953,openfacts
4088600346960,openfacts
4088600347097,openfacts
4088600347271,openfacts
4088600347493,openfacts
4088600347851,openfacts
4088600348049,openfacts
4088600348056,openfacts
4088600348063,openfacts
4088600348155,openfacts
4088600348162,openfacts
4088600348254,openfacts
4088600348636,openfacts
4088600348643,openfacts
4088600348841,openfacts
4088600348858,openfacts
4088600348865,openfacts
4088600348902,openfacts
4088600349633,openfacts
4088600349763,openfacts
4088600350134,openfacts
4088600350295,openfacts
4088600350387,openfacts
4088600350394,openfacts
4088600350431,openfacts
4088600350516,openfacts
4088600350547,openfacts
4088600350592,openfacts
4088600350639,openfacts
4088600350714,openfacts
4088600350738,openfacts
4088600350790,openfacts
4088600350844,openfacts
4088600350868,openfacts
4088600350875,openfacts
4088600350882,openfacts
4088600350899,openfacts
4088600350929,openfacts
4088600351001,openfacts
4088600351391,openfacts
4088600351414,openfacts
4088600351438,openfacts
4088600351476,openfacts
4088600352152,openfacts
4088600352169,openfacts
4088600352176,openfacts
4088600352220,openfacts
4088600352244,openfacts
4088600352466,openfacts
4088600352572,openfacts
4088600352725,openfacts
4088600353203,openfacts
4088600353210,openfacts
4088600353227,openfacts
4088600353234,openfacts
4088600353241,openfacts
4088600353265,openfacts
4088600353272,openfacts
4088600353289,openfacts
4088600353333,openfacts
4088600353340,openfacts
4088600353425,openfacts
4088600353494,openfacts
4088600353708,openfacts
4088600353739,openfacts
4088600353869,openfacts
4088600354200,openfacts
4088600354217,openfacts
4088600354224,openfacts
4088600354231,openfacts
4088600354286,openfacts
4088600354293,openfacts
4088600354545,openfacts
4088600354552,openfacts
4088600354569,openfacts
4088600354576,openfacts
4088600354583,openfacts
4088600354590,openfacts
4088600354606,openfacts
4088600354828,openfacts
4088600354835,openfacts
4088600354842,openfacts
4088600354934,openfacts
4088600354941,openfacts
4088600354958,openfacts
4088600354965,openfacts
4088600354972,openfacts
4088600355290,openfacts
4088600355375,openfacts
4088600355498,openfacts
4088600355535,openfacts
4088600355658,openfacts
4088600355696,openfacts
4088600355733,openfacts
4088600355740,openfacts
4088600356518,openfacts
4088600356655,openfacts
4088600356808,openfacts
4088600356815,openfacts
4088600356853,openfacts
4088600356860,openfacts
4088600356877,openfacts
4088600356983,openfacts
4088600357256,openfacts
4088600357263,openfacts
4088600357584,openfacts
4088600357973,openfacts
4088600357997,openfacts
4088600358215,openfacts
4088600358260,openfacts
4088600358383,openfacts
4088600358390,openfacts
4088600358406,openfacts
4088600359427,openfacts
4088600359533,openfacts
4088600359557,openfacts
4088600360379,openfacts
4088600360492,openfacts
4088600360508,openfacts
4088600360515,openfacts
4088600360522,openfacts
4088600360539,openfacts
4088600360591,openfacts
4088600360607,openfacts
4088600360621,openfacts
4088600360638,openfacts
4088600360959,openfacts
4088600360966,openfacts
4088600361130,openfacts
4088600361147,openfacts
4088600361222,openfacts
4088600361291,openfacts
4088600361307,openfacts
4088600361352,openfacts
4088600361383,openfacts
4088600361420,openfacts
4088600361437,openfacts
4088600361543,openfacts
4088600361581,openfacts
4088600361949,openfacts
4088600361956,openfacts
4088600361963,openfacts
4088600361970,openfacts
4088600361987,openfacts
4088600362304,openfacts
4088600362342,openfacts
4088600362441,openfacts
4088600363417,openfacts
4088600363622,openfacts
4088600363639,openfacts
4088600363646,openfacts
4088600363752,openfacts
4088600363851,openfacts
4088600363868,openfacts
4088600364087,openfacts
4088600364636,openfacts
4088600364650,openfacts
4088600364667,openfacts
4088600364674,openfacts
4088600364704,openfacts
4088600365039,openfacts
4088600365046,openfacts
4088600365060,openfacts
4088600365077,openfacts
4088600365596,openfacts
4088600366067,openfacts
4088600366210,openfacts
4088600366227,openfacts
4088600366326,openfacts
4088600366333,openfacts
4088600366425,openfacts
4088600366456,openfacts
4088600366470,openfacts
4088600366555,openfacts
4088600366821,openfacts
4088600366999,openfacts
4088600367002,openfacts
4088600367033,openfacts
4088600367224,openfacts
4088600367231,openfacts
4088600367248,openfacts
4088600367316,openfacts
4088600367323,openfacts
4088600367330,openfacts
4088600367347,openfacts
4088600367354,openfacts
4088600367378,openfacts
4088600367606,openfacts
4088600367675,openfacts
4088600367699,openfacts
4088600367712,openfacts
4088600367750,openfacts
4088600367767,openfacts
4088600368405,openfacts
4088600369013,openfacts
4088600369020,openfacts
4088600369037,openfacts
4088600369044,openfacts
4088600369051,openfacts
4088600369082,openfacts
4088600369112,openfacts
4088600369167,openfacts
4088600369211,openfacts
4088600369228,openfacts
4088600369280,openfacts
4088600369297,openfacts
4088600369587,openfacts
4088600370026,openfacts
4088600370040,openfacts
4088600370071,openfacts
4088600370156,openfacts
4088600370163,openfacts
4088600370538,openfacts
4088600370552,openfacts
4088600370576,openfacts
4088600370842,openfacts
4088600370873,openfacts
4088600370880,openfacts
4088600370903,openfacts
4088600371054,openfacts
4088600371108,openfacts
4088600371238,openfacts
4088600371245,openfacts
4088600371375,openfacts
4088600371382,openfacts
4088600371399,openfacts
4088600371405,openfacts
4088600371542,openfacts
4088600371559,openfacts
4088600371603,openfacts
4088600371672,openfacts
4088600371689,openfacts
4088600371801,openfacts
4088600371818,openfacts
4088600372266,openfacts
4088600372679,openfacts
4088600372716,openfacts
4088600373102,openfacts
4088600373317,openfacts
4088600373324,openfacts
4088600373331,openfacts
4088600373393,openfacts
4088600373461,openfacts
4088600373690,openfacts
4088600373720,openfacts
4088600373812,openfacts
4088600373836,openfacts
4088600373843,openfacts
4088600373850,openfacts
4088600373898,openfacts
4088600373904,openfacts
4088600373911,openfacts
4088600373942,openfacts
4088600373966,openfacts
4088600373973,openfacts
4088600374000,openfacts
4088600374253,openfacts
4088600374338,openfacts
4088600374352,openfacts
4088600374369,openfacts
4088600374376,openfacts
4088600374383,openfacts
4088600374758,openfacts
4088600374802,openfacts
4088600375137,openfacts
4088600375182,openfacts
4088600375243,openfacts
4088600375373,openfacts
4088600375380,openfacts
4088600375618,openfacts
4088600375717,openfacts
4088600375724,openfacts
4088600376134,openfacts
4088600376158,openfacts
4088600376257,openfacts
4088600376707,openfacts
4088600376738,openfacts
4088600376745,openfacts
4088600376936,openfacts
4088600376950,openfacts
4088600376967,openfacts
4088600376974,openfacts
4088600377100,openfacts
4088600377117,openfacts
4088600377131,openfacts
4088600377896,openfacts
4088600377902,openfacts
4088600377919,openfacts
4088600378046,openfacts
4088600378091,openfacts
4088600378787,openfacts
4088600379326,openfacts
4088600379401,openfacts
4088600379418,openfacts
4088600379449,openfacts
4088600379456,openfacts
4088600379524,openfacts
4088600379531,openfacts
4088600379548,openfacts
4088600379555,openfacts
4088600379562,openfacts
4088600379593,openfacts
4088600379609,openfacts
4088600379784,openfacts
4088600379791,openfacts
4088600379838,openfacts
4088600380025,openfacts
4088600380506,openfacts
4088600380599,openfacts
4088600380711,openfacts
4088600380834,openfacts
4088600381220,openfacts
4088600381275,openfacts
4088600381282,openfacts
4088600381299,openfacts
4088600381756,openfacts
4088600381770,openfacts
4088600381800,openfacts
4088600381831,openfacts
4088600381848,openfacts
4088600381855,openfacts
4088600381862,openfacts
4088600381893,openfacts
4088600381909,openfacts
4088600381916,openfacts
4088600381923,openfacts
4088600381930,openfacts
4088600381961,openfacts
4088600381978,openfacts
4088600382043,openfacts
4088600382098,openfacts
4088600382128,openfacts
4088600382135,openfacts
4088600382166,openfacts
4088600382173,openfacts
4088600382180,openfacts
4088600382210,openfacts
4088600382227,openfacts
4088600382258,openfacts
4088600382265,openfacts
4088600382357,openfacts
4088600382432,openfacts
4088600382494,openfacts
4088600382500,openfacts
4088600382715,openfacts
4088600382784,openfacts
4088600382807,openfacts
4088600382838,openfacts
4088600382852,openfacts
4088600382869,openfacts
4088600383118,openfacts
4088600383514,openfacts
4088600383521,openfacts
4088600383538,openfacts
4088600383590,openfacts
4088600383606,openfacts
4088600383613,openfacts
4088600383620,openfacts
4088600383675,openfacts
4088600383682,openfacts
4088600383705,openfacts
4088600383712,openfacts
4088600383736,openfacts
4088600383743,openfacts
4088600383767,openfacts
4088600383774,openfacts
4088600383828,openfacts
4088600383835,openfacts
4088600383880,openfacts
4088600383910,openfacts
4088600383927,openfacts
4088600383941,openfacts
4088600384009,openfacts
4088600384078,openfacts
4088600384108,openfacts
4088600384139,openfacts
4088600384191,openfacts
4088600384207,openfacts
4088600384429,openfacts
4088600384887,openfacts
4088600385006,openfacts
4088600385013,openfacts
4088600385020,openfacts
4088600385037,openfacts
4088600385044,openfacts
4088600385358,openfacts
4088600385365,openfacts
4088600385372,openfacts
4088600385389,openfacts
4088600385396,openfacts
4088600385532,openfacts
4088600385549,openfacts
4088600386065,openfacts
4088600386072,openfacts
4088600386126,openfacts
4088600386133,openfacts
4088600386164,openfacts
4088600386195,openfacts
4088600386201,openfacts
4088600386324,openfacts
4088600386447,openfacts
4088600386454,openfacts
4088600387024,openfacts
4088600387031,openfacts
4088600387048,openfacts
4088600387055,openfacts
4088600387185,openfacts
4088600387222,openfacts
4088600387260,openfacts
4088600387321,openfacts
4088600387437,openfacts
4088600387444,openfacts
4088600387468,openfacts
4088600387741,openfacts
4088600387758,openfacts
4088600387765,openfacts
4088600387789,openfacts
4088600387796,openfacts
4088600387901,openfacts
4088600388465,openfacts
4088600388519,openfacts
4088600388526,openfacts
4088600388533,openfacts
4088600388687,openfacts
4088600388694,openfacts
4088600388724,openfacts
4088600388755,openfacts
4088600388762,openfacts
4088600388779,openfacts
4088600388786,openfacts
4088600388793,openfacts
4088600388809,openfacts
4088600388816,openfacts
4088600388823,openfacts
4088600388830,openfacts
4088600388977,openfacts
4088600389110,openfacts
4088600389127,openfacts
4088600389134,openfacts
4088600389141,openfacts
4088600389219,openfacts
4088600389295,openfacts
4088600389356,openfacts
4088600389363,openfacts
4088600389592,openfacts
4088600389615,openfacts
4088600389646,openfacts
4088600389653,openfacts
4088600389684,openfacts
4088600389738,openfacts
4088600389745,openfacts
4088600389752,openfacts
4088600389875,openfacts
4088600389967,openfacts
4088600389974,openfacts
4088600389998,openfacts
4088600390062,openfacts
4088600390345,openfacts
4088600390550,openfacts
4088600390826,openfacts
4088600391069,openfacts
4088600391076,openfacts
4088600391083,openfacts
4088600391236,openfacts
4088600391243,openfacts
4088600391373,openfacts
4088600391472,openfacts
4088600391717,openfacts
4088600391885,openfacts
4088600391939,openfacts
4088600391977,openfacts
4088600392240,openfacts
4088600392257,openfacts
4088600392363,openfacts
4088600392370,openfacts
4088600392387,openfacts
4088600392394,openfacts
4088600392417,openfacts
4088600392509,openfacts
4088600392516,openfacts
4088600392530,openfacts
4088600392592,openfacts
4088600392608,openfacts
4088600392639,openfacts
4088600392660,openfacts
4088600392684,openfacts
4088600392691,openfacts
4088600392707,openfacts
4088600392714,openfacts
4088600392769,openfacts
4088600392776,openfacts
4088600393070,openfacts
4088600393322,openfacts
4088600393490,openfacts
4088600393506,openfacts
4088600393513,openfacts
4088600393711,openfacts
4088600394015,openfacts
4088600394060,openfacts
4088600394183,openfacts
4088600394275,openfacts
4088600394336,openfacts
4088600394350,openfacts
4088600394503,openfacts
4088600394510,openfacts
4088600394626,openfacts
4088600394640,openfacts
4088600394718,openfacts
4088600394848,openfacts
4088600394909,openfacts
4088600394916,openfacts
4088600394930,openfacts
4088600395098,openfacts
4088600395104,openfacts
4088600395111,openfacts
4088600395517,openfacts
4088600395524,openfacts
4088600395531,openfacts
4088600395593,openfacts
4088600395739,openfacts
4088600395852,openfacts
4088600395951,openfacts
4088600395968,openfacts
4088600395975,openfacts
4088600395982,openfacts
4088600395999,openfacts
4088600396316,openfacts
4088600396408,openfacts
4088600396415,openfacts
4088600396484,openfacts
4088600396491,openfacts
4088600396545,openfacts
4088600396576,openfacts
4088600396590,openfacts
4088600396613,openfacts
4088600396651,openfacts
4088600396675,openfacts
4088600396682,openfacts
4088600396958,openfacts
4088600397078,openfacts
4088600397139,openfacts
4088600397146,openfacts
4088600397238,openfacts
4088600397245,openfacts
4088600397375,openfacts
4088600397436,openfacts
4088600397467,openfacts
4088600397887,openfacts
4088600398006,openfacts
4088600398013,openfacts
4088600398051,openfacts
4088600398068,openfacts
4088600398075,openfacts
4088600398174,openfacts
4088600398181,openfacts
4088600398198,openfacts
4088600398204,openfacts
4088600398228,openfacts
4088600398259,openfacts
4088600398273,openfacts
4088600398280,openfacts
4088600398297,openfacts
4088600398303,openfacts
4088600398310,openfacts
4088600398334,openfacts
4088600398341,openfacts
4088600398358,openfacts
4088600398365,openfacts
4088600398686,openfacts
4088600398693,openfacts
4088600398747,openfacts
4088600398754,openfacts
4088600398907,openfacts
4088600398914,openfacts
4088600399034,openfacts
4088600399041,openfacts
4088600399058,openfacts
4088600399201,openfacts
4088600399218,openfacts
4088600399287,openfacts
4088600399294,openfacts
4088600399300,openfacts
4088600399317,openfacts
4088600399416,openfacts
4088600399447,openfacts
4088600399508,openfacts
4088600399744,openfacts
4088600399911,openfacts
4088600399928,openfacts
4088600399935,openfacts
4088600399942,openfacts
4088600400150,openfacts
4088600400167,openfacts
4088600400273,openfacts
4088600400280,openfacts
4088600400303,openfacts
4088600400372,openfacts
4088600400389,openfacts
4088600400501,openfacts
4088600400877,openfacts
4088600401096,openfacts
4088600401270,openfacts
4088600401287,openfacts
4088600401706,openfacts
4088600401713,openfacts
4088600401720,openfacts
4088600401751,openfacts
4088600402345,openfacts
4088600402383,openfacts
4088600402390,openfacts
4088600402406,openfacts
4088600402413,openfacts
4088600402420,openfacts
4088600402437,openfacts
4088600402451,openfacts
4088600402468,openfacts
4088600402475,openfacts
4088600402833,openfacts
4088600402857,openfacts
4088600402864,openfacts
4088600402871,openfacts
4088600402888,openfacts
4088600402895,openfacts
4088600402901,openfacts
4088600402918,openfacts
4088600402925,openfacts
4088600402932,openfacts
4088600402949,openfacts
4088600402956,openfacts
4088600402970,openfacts
4088600403137,openfacts
4088600403144,openfacts
4088600403267,openfacts
4088600403472,openfacts
4088600403496,openfacts
4088600403571,openfacts
4088600403595,openfacts
4088600403793,openfacts
4088600403991,openfacts
4088600404004,openfacts
4088600404080,openfacts
4088600404196,openfacts
4088600404493,openfacts
4088600404509,openfacts
4088600404516,openfacts
4088600405278,openfacts
4088600405308,openfacts
4088600405995,openfacts
4088600406022,openfacts
4088600406039,openfacts
4088600406183,openfacts
4088600406329,openfacts
4088600406367,openfacts
4088600406435,openfacts
4088600406459,openfacts
4088600406640,openfacts
4088600406657,openfacts
4088600406664,openfacts
4088600406725,openfacts
4088600406732,openfacts
4088600406794,openfacts
4088600406817,openfacts
4088600406848,openfacts
4088600407210,openfacts
4088600407241,openfacts
4088600407319,openfacts
4088600407326,openfacts
4088600407401,openfacts
4088600407418,openfacts
4088600407425,openfacts
4088600407470,openfacts
4088600407494,openfacts
4088600407500,openfacts
4088600407609,openfacts
4088600407616,openfacts
4088600407623,openfacts
4088600407753,openfacts
4088600407777,openfacts
4088600407784,openfacts
4088600407791,openfacts
4088600407807,openfacts
4088600407814,openfacts
4088600407821,openfacts
4088600408217,openfacts
4088600408224,openfacts
4088600408378,openfacts
4088600408521,openfacts
4088600408545,openfacts
4088600408590,openfacts
4088600408606,openfacts
4088600408613,openfacts
4088600408620,openfacts
4088600408699,openfacts
4088600408705,openfacts
4088600409160,openfacts
4088600409184,openfacts
4088600409474,openfacts
4088600409511,openfacts
4088600409887,openfacts
4088600409900,openfacts
4088600409924,openfacts
4088600410074,openfacts
4088600410081,openfacts
4088600410098,openfacts
4088600410593,openfacts
4088600410661,openfacts
4088600410678,openfacts
4088600410791,openfacts
4088600410807,openfacts
4088600410906,openfacts
4088600411057,openfacts
4088600411064,openfacts
4088600411170,openfacts
4088600411286,openfacts
4088600411316,openfacts
4088600411415,openfacts
4088600411422,openfacts
4088600411439,openfacts
4088600412122,openfacts
4088600412139,openfacts
4088600412153,openfacts
4088600412177,openfacts
4088600412184,openfacts
4088600412207,openfacts
4088600412504,openfacts
4088600412528,openfacts
4088600412641,openfacts
4088600412702,openfacts
4088600413082,openfacts
4088600413341,openfacts
4088600413501,openfacts
4088600413518,openfacts
4088600413549,openfacts
4088600413556,openfacts
4088600413952,openfacts
4088600414461,openfacts
4088600414522,openfacts
4088600414645,openfacts
4088600414652,openfacts
4088600414904,openfacts
4088600414928,openfacts
4088600415017,openfacts
4088600415093,openfacts
4088600415673,openfacts
4088600415840,openfacts
4088600415857,openfacts
4088600415888,openfacts
4088600415895,openfacts
4088600415901,openfacts
4088600415918,openfacts
4088600415932,openfacts
4088600415987,openfacts
4088600415994,openfacts
4088600416007,openfacts
4088600416052,openfacts
4088600416151,openfacts
4088600416168,openfacts
4088600416434,openfacts
4088600416458,openfacts
4088600416502,openfacts
4088600416519,openfacts
4088600416526,openfacts
4088600416533,openfacts
4088600416717,openfacts
4088600416724,openfacts
4088600416731,openfacts
4088600416847,openfacts
4088600416854,openfacts
4088600416878,openfacts
4088600416908,openfacts
4088600417004,openfacts
4088600417172,openfacts
4088600417202,openfacts
4088600417462,openfacts
4088600417479,openfacts
4088600417622,openfacts
4088600417639,openfacts
4088600417646,openfacts
4088600417653,openfacts
4088600417660,openfacts
4088600417707,openfacts
4088600417714,openfacts
4088600418001,openfacts
4088600418018,openfacts
4088600418193,openfacts
4088600418292,openfacts
4088600418308,openfacts
4088600418315,openfacts
4088600418322,openfacts
4088600418551,openfacts
4088600418643,openfacts
4088600418650,openfacts
4088600418803,openfacts
4088600418841,openfacts
4088600418858,openfacts
4088600418865,openfacts
4088600418872,openfacts
4088600418926,openfacts
4088600418933,openfacts
4088600418940,openfacts
4088600418957,openfacts
4088600419459,openfacts
4088600419473,openfacts
4088600419718,openfacts
4088600419831,openfacts
4088600419848,openfacts
4088600419855,openfacts
4088600419862,openfacts
4088600419947,openfacts
4088600420028,openfacts
4088600420042,openfacts
4088600420073,openfacts
4088600420141,openfacts
4088600420295,openfacts
4088600420844,openfacts
4088600421087,openfacts
4088600421155,openfacts
4088600421162,openfacts
4088600421339,openfacts
4088600421445,openfacts
4088600421452,openfacts
4088600421469,openfacts
4088600421476,openfacts
4088600421513,openfacts
4088600421520,openfacts
4088600421599,openfacts
4088600421612,openfacts
4088600421742,openfacts
4088600421797,openfacts
4088600421803,openfacts
4088600421865,openfacts
4088600421896,openfacts
4088600421902,openfacts
4088600422091,openfacts
4088600422107,openfacts
4088600422206,openfacts
4088600422268,openfacts
4088600422299,openfacts
4088600422305,openfacts
4088600422329,openfacts
4088600422336,openfacts
4088600422343,openfacts
4088600422398,openfacts
4088600422459,openfacts
4088600422596,openfacts
4088600422619,openfacts
4088600422626,openfacts
4088600422633,openfacts
4088600422640,openfacts
4088600422732,openfacts
4088600422756,openfacts
4088600422855,openfacts
4088600422916,openfacts
4088600423159,openfacts
4088600423197,openfacts
4088600423319,openfacts
4088600423333,openfacts
4088600423340,openfacts
4088600423371,openfacts
4088600423395,openfacts
4088600423418,openfacts
4088600423425,openfacts
4088600423432,openfacts
4088600423784,openfacts
4088600423791,openfacts
4088600423807,openfacts
4088600424170,openfacts
4088600424187,openfacts
4088600425207,openfacts
4088600425283,openfacts
4088600425955,openfacts
4088600425962,openfacts
4088600425979,openfacts
4088600426105,openfacts
4088600426365,openfacts
4088600426402,openfacts
4088600426594,openfacts
4088600426600,openfacts
4088600426617,openfacts
4088600426624,openfacts
4088600426631,openfacts
4088600426648,openfacts
4088600426853,openfacts
4088600426877,openfacts
4088600426884,openfacts
4088600426891,openfacts
4088600426921,openfacts
4088600426983,openfacts
4088600426990,openfacts
4088600427003,openfacts
4088600427065,openfacts
4088600427102,openfacts
4088600427157,openfacts
4088600427188,openfacts
4088600427201,openfacts
4088600427218,openfacts
4088600427232,openfacts
4088600427249,openfacts
4088600427256,openfacts
4088600427287,openfacts
4088600427324,openfacts
4088600427331,openfacts
4088600427348,openfacts
4088600427423,openfacts
4088600427430,openfacts
4088600427898,openfacts
4088600427904,openfacts
4088600427911,openfacts
4088600427973,openfacts
4088600427980,openfacts
4088600427997,openfacts
4088600428000,openfacts
4088600428024,openfacts
4088600428154,openfacts
4088600428161,openfacts
4088600428208,openfacts
4088600428383,openfacts
4088600428536,openfacts
4088600428567,openfacts
4088600428666,openfacts
4088600428710,openfacts
4088600428727,openfacts
4088600428734,openfacts
4088600429298,openfacts
4088600429380,openfacts
4088600429878,openfacts
4088600430249,openfacts
4088600430256,openfacts
4088600430386,openfacts
4088600430485,openfacts
4088600430683,openfacts
4088600430690,openfacts
4088600430706,openfacts
4088600430737,openfacts
4088600430805,openfacts
4088600431048,openfacts
4088600431062,openfacts
4088600431086,openfacts
4088600431338,openfacts
4088600431406,openfacts
4088600431468,openfacts
4088600431482,openfacts
4088600431505,openfacts
4088600431796,openfacts
4088600431833,openfacts
4088600431840,openfacts
4088600432083,openfacts
4088600432199,openfacts
4088600432687,openfacts
4088600433134,openfacts
4088600433493,openfacts
4088600433998,openfacts
4088600434001,openfacts
4088600434018,openfacts
4088600434087,openfacts
4088600434094,openfacts
4088600434162,openfacts
4088600434186,openfacts
4088600434193,openfacts
4088600434230,openfacts
4088600434247,openfacts
4088600434391,openfacts
4088600434469,openfacts
4088600434544,openfacts
4088600434551,openfacts
4088600434568,openfacts
4088600434582,openfacts
4088600434735,openfacts
4088600434773,openfacts
4088600434803,openfacts
4088600434858,openfacts
4088600434964,openfacts
4088600434971,openfacts
4088600435008,openfacts
4088600435633,openfacts
4088600435763,openfacts
4088600435770,openfacts
4088600435787,openfacts
4088600435909,openfacts
4088600435916,openfacts
4088600436227,openfacts
4088600436296,openfacts
4088600436302,openfacts
4088600436319,openfacts
4088600436326,openfacts
4088600436593,openfacts
4088600436616,openfacts
4088600436739,openfacts
4088600436746,openfacts
4088600436760,openfacts
4088600436777,openfacts
4088600436791,openfacts
4088600436838,openfacts
4088600436845,openfacts
4088600436869,openfacts
4088600436876,openfacts
4088600436883,openfacts
4088600436920,openfacts
4088600437101,openfacts
4088600437118,openfacts
4088600437163,openfacts
4088600437170,openfacts
4088600437187,openfacts
4088600437194,openfacts
4088600437200,openfacts
4088600437224,openfacts
4088600437231,openfacts
4088600437248,openfacts
4088600437255,openfacts
4088600437279,openfacts
4088600437286,openfacts
4088600437514,openfacts
4088600437903,openfacts
4088600437965,openfacts
4088600437972,openfacts
4088600437989,openfacts
4088600437996,openfacts
4088600438016,openfacts
4088600438047,openfacts
4088600438054,openfacts
4088600438078,openfacts
4088600438085,openfacts
4088600438092,openfacts
4088600438108,openfacts
4088600438207,openfacts
4088600438238,openfacts
4088600438573,openfacts
4088600438580,openfacts
4088600438597,openfacts
4088600438603,openfacts
4088600438610,openfacts
4088600438771,openfacts
4088600438849,openfacts
4088600438856,openfacts
4088600439051,openfacts
4088600439068,openfacts
4088600439075,openfacts
4088600439082,openfacts
4088600439112,openfacts
4088600439129,openfacts
4088600439167,openfacts
4088600439198,openfacts
4088600439334,openfacts
4088600439341,openfacts
4088600439372,openfacts
4088600439389,openfacts
4088600439396,openfacts
4088600439464,openfacts
4088600439471,openfacts
4088600439501,openfacts
4088600439518,openfacts
4088600439556,openfacts
4088600439679,openfacts
4088600439822,openfacts
4088600439846,openfacts
4088600439891,openfacts
4088600439907,openfacts
4088600439914,openfacts
4088600440019,openfacts
4088600440026,openfacts
4088600440033,openfacts
4088600440200,openfacts
4088600440217,openfacts
4088600440316,openfacts
4088600440323,openfacts
4088600440507,openfacts
4088600440637,openfacts
4088600440651,openfacts
4088600440804,openfacts
4088600440873,openfacts
4088600440927,openfacts
4088600440941,openfacts
4088600440958,openfacts
4088600440965,openfacts
4088600441085,openfacts
4088600441092,openfacts
4088600441108,openfacts
4088600441399,openfacts
4088600441504,openfacts
4088600441566,openfacts
4088600441658,openfacts
4088600441672,openfacts
4088600441689,openfacts
4088600441818,openfacts
4088600441825,openfacts
4088600441924,openfacts
4088600441931,openfacts
4088600441948,openfacts
4088600441962,openfacts
4088600441986,openfacts
4088600441993,openfacts
4088600442037,openfacts
4088600442471,openfacts
4088600442723,openfacts
4088600442846,openfacts
4088600443225,openfacts
4088600443270,openfacts
4088600443287,openfacts
4088600443294,openfacts
4088600443560,openfacts
4088600443577,openfacts
4088600443874,openfacts
4088600443911,openfacts
4088600443973,openfacts
4088600443997,openfacts
4088600444093,openfacts
4088600444154,openfacts
4088600444161,openfacts
4088600444178,openfacts
4088600444185,openfacts
4088600444666,openfacts
4088600444703,openfacts
4088600444727,openfacts
4088600444765,openfacts
4088600444949,openfacts
4088600444956,openfacts
4088600445007,openfacts
4088600445205,openfacts
4088600445212,openfacts
4088600445250,openfacts
4088600445267,openfacts
4088600445397,openfacts
4088600445403,openfacts
4088600445434,openfacts
4088600445601,openfacts
4088600445670,openfacts
4088600445687,openfacts
4088600445786,openfacts
4088600445861,openfacts
4088600446158,openfacts
4088600446318,openfacts
4088600446332,openfacts
4088600446349,openfacts
4088600446356,openfacts
4088600446363,openfacts
4088600446387,openfacts
4088600446400,openfacts
4088600446462,openfacts
4088600446486,openfacts
4088600446653,openfacts
4088600446820,openfacts
4088600447117,openfacts
4088600447131,openfacts
4088600447209,openfacts
4088600447421,openfacts
4088600447780,openfacts
4088600447797,openfacts
4088600448480,openfacts
4088600448558,openfacts
4088600448800,openfacts
4088600448862,openfacts
4088600449104,openfacts
4088600449210,openfacts
4088600449227,openfacts
4088600449449,openfacts
4088600449456,openfacts
4088600449463,openfacts
4088600449470,openfacts
4088600449593,openfacts
4088600449609,openfacts
4088600449821,openfacts
4088600449890,openfacts
4088600449906,openfacts
4088600449913,openfacts
4088600449920,openfacts
4088600450018,openfacts
4088600450049,openfacts
4088600450087,openfacts
4088600450490,openfacts
4088600450636,openfacts
4088600451404,openfacts
4088600451435,openfacts
4088600451442,openfacts
4088600451459,openfacts
4088600451466,openfacts
4088600451473,openfacts
4088600451497,openfacts
4088600451510,openfacts
4088600451527,openfacts
4088600451558,openfacts
4088600451565,openfacts
4088600451640,openfacts
4088600451718,openfacts
4088600451725,openfacts
4088600451732,openfacts
4088600451749,openfacts
4088600451756,openfacts
4088600452074,openfacts
4088600452128,openfacts
4088600452487,openfacts
4088600452531,openfacts
4088600452548,openfacts
4088600452562,openfacts
4088600452692,openfacts
4088600453361,openfacts
4088600453477,openfacts
4088600453507,openfacts
4088600453514,openfacts
4088600453644,openfacts
4088600453668,openfacts
4088600453675,openfacts
4088600453828,openfacts
4088600454092,openfacts
4088600454436,openfacts
4088600454887,openfacts
4088600455259,openfacts
4088600455266,openfacts
4088600455273,openfacts
4088600455280,openfacts
4088600455297,openfacts
4088600455471,openfacts
4088600455532,openfacts
4088600455747,openfacts
4088600455792,openfacts
4088600456010,openfacts
4088600456027,openfacts
4088600456409,openfacts
4088600456423,openfacts
4088600456461,openfacts
4088600457048,openfacts
4088600457055,openfacts
4088600457062,openfacts
4088600457208,openfacts
4088600457215,openfacts
4088600457383,openfacts
4088600457420,openfacts
4088600457543,openfacts
4088600457581,openfacts
4088600457604,openfacts
4088600457628,openfacts
4088600457772,openfacts
4088600457840,openfacts
4088600457864,openfacts
4088600457871,openfacts
4088600457895,openfacts
4088600457925,openfacts
4088600457949,openfacts
4088600457956,openfacts
4088600457963,openfacts
4088600457970,openfacts
4088600457987,openfacts
4088600457994,openfacts
4088600458014,openfacts
4088600458090,openfacts
4088600458151,openfacts
4088600458328,openfacts
4088600458342,openfacts
4088600458618,openfacts
4088600458731,openfacts
4088600458922,openfacts
4088600458946,openfacts
4088600458977,openfacts
4088600459189,openfacts
4088600459462,openfacts
4088600460048,openfacts
4088600460253,openfacts
4088600460345,openfacts
4088600460352,openfacts
4088600460369,openfacts
4088600460703,openfacts
4088600460932,openfacts
4088600460949,openfacts
4088600460963,openfacts
4088600461205,openfacts
4088600461212,openfacts
4088600461229,openfacts
4088600461236,openfacts
4088600461243,openfacts
4088600461298,openfacts
4088600461304,openfacts
4088600461427,openfacts
4088600461434,openfacts
4088600461564,openfacts
4088600461861,openfacts
4088600462080,openfacts
4088600462387,openfacts
4088600462455,openfacts
4088600462486,openfacts
4088600462776,openfacts
4088600462783,openfacts
4088600462882,openfacts
4088600462899,openfacts
4088600462905,openfacts
4088600463155,openfacts
4088600463162,openfacts
4088600463179,openfacts
4088600463186,openfacts
4088600463285,openfacts
4088600463391,openfacts
4088600463407,openfacts
4088600463551,openfacts
4088600463568,openfacts
4088600463575,openfacts
4088600463582,openfacts
4088600463797,openfacts
4088600464084,openfacts
4088600464534,openfacts
4088600464541,openfacts
4088600464602,openfacts
4088600464619,openfacts
4088600464633,openfacts
4088600464756,openfacts
4088600464886,openfacts
4088600464909,openfacts
4088600464930,openfacts
4088600464954,openfacts
4088600465142,openfacts
4088600465258,openfacts
4088600465265,openfacts
4088600465364,openfacts
4088600465371,openfacts
4088600465449,openfacts
4088600465630,openfacts
4088600465647,openfacts
4088600465654,openfacts
4088600465715,openfacts
4088600465722,openfacts
4088600465739,openfacts
4088600465760,openfacts
4088600465777,openfacts
4088600466125,openfacts
4088600466132,openfacts
4088600466187,openfacts
4088600466194,openfacts
4088600466217,openfacts
4088600466231,openfacts
4088600466446,openfacts
4088600466453,openfacts
4088600466613,openfacts
4088600466620,openfacts
4088600466729,openfacts
4088600466842,openfacts
4088600466903,openfacts
4088600466910,openfacts
4088600467344,openfacts
4088600468204,openfacts
4088600468211,openfacts
4088600468426,openfacts
4088600468433,openfacts
4088600468518,openfacts
4088600469089,openfacts
4088600469737,openfacts
4088600469744,openfacts
4088600469980,openfacts
4088600470054,openfacts
4088600470153,openfacts
4088600470160,openfacts
4088600470283,openfacts
4088600470290,openfacts
4088600470306,openfacts
4088600470313,openfacts
4088600470320,openfacts
4088600470344,openfacts
4088600470351,openfacts
4088600470368,openfacts
4088600470399,openfacts
4088600470467,openfacts
4088600470535,openfacts
4088600470542,openfacts
4088600470559,openfacts
4088600470566,openfacts
4088600471136,openfacts
4088600471143,openfacts
4088600471266,openfacts
4088600471778,openfacts
4088600471785,openfacts
4088600472867,openfacts
4088600473093,openfacts
4088600473109,openfacts
4088600473253,openfacts
4088600473284,openfacts
4088600473291,openfacts
4088600473314,openfacts
4088600473321,openfacts
4088600473505,openfacts
4088600473512,openfacts
4088600473635,openfacts
4088600473642,openfacts
4088600473659,openfacts
4088600473666,openfacts
4088600473673,openfacts
4088600473918,openfacts
4088600474021,openfacts
4088600474076,openfacts
4088600474083,openfacts
4088600474106,openfacts
4088600474502,openfacts
4088600474533,openfacts
4088600474540,openfacts
4088600474670,openfacts
4088600474991,openfacts
4088600475004,openfacts
4088600475080,openfacts
4088600475097,openfacts
4088600475158,openfacts
4088600475165,openfacts
4088600475400,openfacts
4088600475516,openfacts
4088600475547,openfacts
4088600475844,openfacts
4088600475851,openfacts
4088600476049,openfacts
4088600476063,openfacts
4088600476070,openfacts
4088600476087,openfacts
4088600476117,openfacts
4088600476124,openfacts
4088600476131,openfacts
4088600476810,openfacts
4088600477725,openfacts
4088600477732,openfacts
4088600477862,openfacts
4088600478135,openfacts
4088600478159,openfacts
4088600478364,openfacts
4088600478371,openfacts
4088600478401,openfacts
4088600478418,openfacts
4088600478425,openfacts
4088600478449,openfacts
4088600478579,openfacts
4088600478586,openfacts
4088600478616,openfacts
4088600478623,openfacts
4088600478647,openfacts
4088600478760,openfacts
4088600478951,openfacts
4088600478975,openfacts
4088600479095,openfacts
4088600479187,openfacts
4088600479286,openfacts
4088600479293,openfacts
4088600479316,openfacts
4088600479477,openfacts
4088600479507,openfacts
4088600479583,openfacts
4088600479682,openfacts
4088600479903,openfacts
4088600479910,openfacts
4088600479927,openfacts
4088600479934,openfacts
4088600480145,openfacts
4088600480183,openfacts
4088600480213,openfacts
4088600480435,openfacts
4088600480442,openfacts
4088600480459,openfacts
4088600480466,openfacts
4088600480497,openfacts
4088600480824,openfacts
4088600480831,openfacts
4088600480909,openfacts
4088600480916,openfacts
4088600480923,openfacts
4088600480992,openfacts
4088600481043,openfacts
4088600481081,openfacts
4088600481098,openfacts
4088600481135,openfacts
4088600481951,openfacts
4088600482187,openfacts
4088600482194,openfacts
4088600482248,openfacts
4088600482262,openfacts
4088600482316,openfacts
4088600482453,openfacts
4088600483467,openfacts
4088600483474,openfacts
4088600483481,openfacts
4088600483542,openfacts
4088600483559,openfacts
4088600483672,openfacts
4088600483849,openfacts
4088600484402,openfacts
4088600484839,openfacts
4088600484846,openfacts
4088600485027,openfacts
4088600485126,openfacts
4088600485232,openfacts
4088600485645,openfacts
4088600485942,openfacts
4088600485959,openfacts
4088600485973,openfacts
4088600485980,openfacts
4088600486000,openfacts
4088600486048,openfacts
4088600486192,openfacts
4088600486208,openfacts
4088600486215,openfacts
4088600486253,openfacts
4088600486260,openfacts
4088600486277,openfacts
4088600486352,openfacts
4088600486550,openfacts
4088600486567,openfacts
4088600486659,openfacts
4088600486895,openfacts
4088600486901,openfacts
4088600487083,openfacts
4088600487175,openfacts
4088600487410,openfacts
4088600487427,openfacts
4088600487434,openfacts
4088600487441,openfacts
4088600487465,openfacts
4088600487472,openfacts
4088600488424,openfacts
4088600488431,openfacts
4088600488448,openfacts
4088600488486,openfacts
4088600488493,openfacts
4088600488516,openfacts
4088600488585,openfacts
4088600489032,openfacts
4088600489193,openfacts
4088600489209,openfacts
4088600489216,openfacts
4088600489377,openfacts
4088600489766,openfacts
4088600489872,openfacts
4088600490120,openfacts
4088600490144,openfacts
4088600490243,openfacts
4088600490250,openfacts
4088600490267,openfacts
4088600490281,openfacts
4088600490298,openfacts
4088600490328,openfacts
4088600490458,openfacts
4088600490465,openfacts
4088600490472,openfacts
4088600490489,openfacts
4088600490595,openfacts
4088600490847,openfacts
4088600490861,openfacts
4088600491684,openfacts
4088600491707,openfacts
4088600491875,openfacts
4088600492018,openfacts
4088600492162,openfacts
4088600492179,openfacts
4088600492322,openfacts
4088600492605,openfacts
4088600492612,openfacts
4088600492629,openfacts
4088600492636,openfacts
4088600492643,openfacts
4088600492650,openfacts
4088600492667,openfacts
4088600493145,openfacts
4088600493626,openfacts
4088600493893,openfacts
4088600494036,openfacts
4088600494043,openfacts
4088600494067,openfacts
4088600494166,openfacts
4088600494197,openfacts
4088600494210,openfacts
4088600494241,openfacts
4088600494258,openfacts
4088600494340,openfacts
4088600494500,openfacts
4088600494517,openfacts
4088600494524,openfacts
4088600494630,openfacts
4088600494647,openfacts
4088600494685,openfacts
4088600494692,openfacts
4088600494722,openfacts
4088600494784,openfacts
4088600494791,openfacts
4088600494869,openfacts
4088600495033,openfacts
4088600495040,openfacts
4088600495057,openfacts
4088600495217,openfacts
4088600495231,openfacts
4088600495248,openfacts
4088600495255,openfacts
4088600495262,openfacts
4088600495446,openfacts
4088600495453,openfacts
4088600495606,openfacts
4088600495897,openfacts
4088600496009,openfacts
4088600496030,openfacts
4088600496108,openfacts
4088600496184,openfacts
4088600496290,openfacts
4088600496382,openfacts
4088600496627,openfacts
4088600496658,openfacts
4088600496665,openfacts
4088600496672,openfacts
4088600496825,openfacts
4088600496832,openfacts
4088600496849,openfacts
4088600497488,openfacts
4088600498485,openfacts
4088600498492,openfacts
4088600498508,openfacts
4088600498744,openfacts
4088600498980,openfacts
4088600498997,openfacts
4088600499000,openfacts
4088600499178,openfacts
4088600499222,openfacts
4088600499246,openfacts
4088600499352,openfacts
4088600499376,openfacts
4088600499444,openfacts
4088600499659,openfacts
4088600499758,openfacts
4088600499772,openfacts
4088600500119,openfacts
4088600500126,openfacts
4088600500249,openfacts
4088600500263,openfacts
4088600500836,openfacts
4088600501635,openfacts
4088600501659,openfacts
4088600501857,openfacts
4088600501864,openfacts
4088600501871,openfacts
4088600501888,openfacts
4088600501895,openfacts
4088600501901,openfacts
4088600502168,openfacts
4088600502199,openfacts
4088600502205,openfacts
4088600502304,openfacts
4088600502311,openfacts
4088600502328,openfacts
4088600502335,openfacts
4088600502410,openfacts
4088600502847,openfacts
4088600502960,openfacts
4088600503073,openfacts
4088600503080,openfacts
4088600503097,openfacts
4088600503493,openfacts
4088600503585,openfacts
4088600503622,openfacts
4088600504247,openfacts
4088600504254,openfacts
4088600504292,openfacts
4088600504308,openfacts
4088600504315,openfacts
4088600504360,openfacts
4088600504421,openfacts
4088600504438,openfacts
4088600504469,openfacts
4088600504476,openfacts
4088600504520,openfacts
4088600504544,openfacts
4088600504551,openfacts
4088600504643,openfacts
4088600504650,openfacts
4088600504681,openfacts
4088600504841,openfacts
4088600505091,openfacts
4088600505114,openfacts
4088600505121,openfacts
4088600505305,openfacts
4088600505336,openfacts
4088600505343,openfacts
4088600505350,openfacts
4088600505411,openfacts
4088600505473,openfacts
4088600505510,openfacts
4088600505527,openfacts
4088600505541,openfacts
4088600505961,openfacts
4088600505978,openfacts
4088600505992,openfacts
4088600506005,openfacts
4088600506029,openfacts
4088600506265,openfacts
4088600506333,openfacts
4088600506340,openfacts
4088600507118,openfacts
4088600508504,openfacts
4088600508726,openfacts
4088600509389,openfacts
4088600509617,openfacts
4088600509891,openfacts
4088600509907,openfacts
4088600509983,openfacts
4088600509990,openfacts
4088600510002,openfacts
4088600510019,openfacts
4088600510026,openfacts
4088600510248,openfacts
4088600510699,openfacts
4088600510736,openfacts
4088600511344,openfacts
4088600511351,openfacts
4088600511368,openfacts
4088600511375,openfacts
4088600511467,openfacts
4088600511542,openfacts
4088600511801,openfacts
4088600511870,openfacts
4088600511900,openfacts
4088600511924,openfacts
4088600511962,openfacts
4088600512020,openfacts
4088600512037,openfacts
4088600512044,openfacts
4088600512051,openfacts
4088600512075,openfacts
4088600512228,openfacts
4088600512433,openfacts
4088600512457,openfacts
4088600513102,openfacts
4088600513119,openfacts
4088600513126,openfacts
4088600513133,openfacts
4088600513140,openfacts
4088600513157,openfacts
4088600513379,openfacts
4088600513492,openfacts
4088600513508,openfacts
4088600513515,openfacts
4088600513522,openfacts
4088600513768,openfacts
4088600513775,openfacts
4088600513782,openfacts
4088600514338,openfacts
4088600514352,openfacts
4088600514369,openfacts
4088600514444,openfacts
4088600514451,openfacts
4088600514925,openfacts
4088600515090,openfacts
4088600515106,openfacts
4088600515151,openfacts
4088600515601,openfacts
4088600516127,openfacts
4088600516295,openfacts
4088600516301,openfacts
4088600516318,openfacts
4088600516431,openfacts
4088600516462,openfacts
4088600516547,openfacts
4088600516554,openfacts
4088600516615,openfacts
4088600516622,openfacts
4088600516714,openfacts
4088600516721,openfacts
4088600516738,openfacts
4088600516745,openfacts
4088600516868,openfacts
4088600516899,openfacts
4088600516905,openfacts
4088600516929,openfacts
4088600517131,openfacts
4088600517148,openfacts
4088600517216,openfacts
4088600517278,openfacts
4088600517285,openfacts
4088600517452,openfacts
4088600517568,openfacts
4088600517599,openfacts
4088600517674,openfacts
4088600517681,openfacts
4088600517827,openfacts
4088600517841,openfacts
4088600517933,openfacts
4088600517995,openfacts
4088600518008,openfacts
4088600518022,openfacts
4088600518220,openfacts
4088600518237,openfacts
4088600518244,openfacts
4088600518299,openfacts
4088600518305,openfacts
4088600518336,openfacts
4088600518343,openfacts
4088600518350,openfacts
4088600518671,openfacts
4088600518800,openfacts
4088600518817,openfacts
4088600519081,openfacts
4088600519272,openfacts
4088600519289,openfacts
4088600520148,openfacts
4088600520254,openfacts
4088600520414,openfacts
4088600520421,openfacts
4088600520629,openfacts
4088600520674,openfacts
4088600520797,openfacts
4088600520810,openfacts
4088600520827,openfacts
4088600521237,openfacts
4088600521411,openfacts
4088600521503,openfacts
4088600522098,openfacts
4088600522197,openfacts
4088600522203,openfacts
4088600522210,openfacts
4088600522470,openfacts
4088600522500,openfacts
4088600522555,openfacts
4088600522562,openfacts
4088600522579,openfacts
4088600522586,openfacts
4088600522630,openfacts
4088600522692,openfacts
4088600522708,openfacts
4088600522715,openfacts
4088600522906,openfacts
4088600522913,openfacts
4088600522920,openfacts
4088600522999,openfacts
4088600523002,openfacts
4088600523040,openfacts
4088600523057,openfacts
4088600523064,openfacts
4088600523088,openfacts
4088600523118,openfacts
4088600523217,openfacts
4088600523439,openfacts
4088600523750,openfacts
4088600523859,openfacts
4088600523958,openfacts
4088600524092,openfacts
4088600524108,openfacts
4088600524139,openfacts
4088600524146,openfacts
4088600524221,openfacts
4088600524252,openfacts
4088600524269,openfacts
4088600524276,openfacts
4088600524313,openfacts
4088600524337,openfacts
4088600524344,openfacts
4088600524368,openfacts
4088600524375,openfacts
4088600524382,openfacts
4088600524412,openfacts
4088600524467,openfacts
4088600524474,openfacts
4088600524559,openfacts
4088600524566,openfacts
4088600524573,openfacts
4088600524580,openfacts
4088600524672,openfacts
4088600524702,openfacts
4088600524832,openfacts
4088600524900,openfacts
4088600524948,openfacts
4088600524979,openfacts
4088600524986,openfacts
4088600524993,openfacts
4088600525068,openfacts
4088600525105,openfacts
4088600525280,openfacts
4088600525372,openfacts
4088600525389,openfacts
4088600525525,openfacts
4088600525532,openfacts
4088600525549,openfacts
4088600525563,openfacts
4088600525570,openfacts
4088600525686,openfacts
4088600525822,openfacts
4088600525839,openfacts
4088600525846,openfacts
4088600525860,openfacts
4088600525891,openfacts
4088600525990,openfacts
4088600526003,openfacts
4088600526010,openfacts
4088600526027,openfacts
4088600526041,openfacts
4088600526065,openfacts
4088600526072,openfacts
4088600526089,openfacts
4088600526133,openfacts
4088600526362,openfacts
4088600526379,openfacts
4088600526386,openfacts
4088600526393,openfacts
4088600526508,openfacts
4088600526546,openfacts
4088600526560,openfacts
4088600526874,openfacts
4088600527130,openfacts
4088600527147,openfacts
4088600527161,openfacts
4088600527215,openfacts
4088600528014,openfacts
4088600528021,openfacts
4088600528038,openfacts
4088600528052,openfacts
4088600528076,openfacts
4088600528083,openfacts
4088600528113,openfacts
4088600528120,openfacts
4088600528137,openfacts
4088600528151,openfacts
4088600528168,openfacts
4088600528182,openfacts
4088600528199,openfacts
4088600528465,openfacts
4088600528649,openfacts
4088600528656,openfacts
4088600528700,openfacts
4088600528731,openfacts
4088600528885,openfacts
4088600528892,openfacts
4088600529059,openfacts
4088600529264,openfacts
4088600529288,openfacts
4088600529295,openfacts
4088600529318,openfacts
4088600529325,openfacts
4088600529561,openfacts
4088600529578,openfacts
4088600529585,openfacts
4088600529806,openfacts
4088600529813,openfacts
4088600529837,openfacts
4088600529844,openfacts
4088600529936,openfacts
4088600529981,openfacts
4088600530185,openfacts
4088600530444,openfacts
4088600530451,openfacts
4088600530475,openfacts
4088600530505,openfacts
4088600530512,openfacts
4088600530536,openfacts
4088600530543,openfacts
4088600530659,openfacts
4088600530703,openfacts
4088600530932,openfacts
4088600531021,openfacts
4088600531038,openfacts
4088600531090,openfacts
4088600531106,openfacts
4088600531120,openfacts
4088600531137,openfacts
4088600531144,openfacts
4088600531151,openfacts
4088600531182,openfacts
4088600531199,openfacts
4088600531212,openfacts
4088600531298,openfacts
4088600531342,openfacts
4088600531359,openfacts
4088600531366,openfacts
4088600531441,openfacts
4088600531465,openfacts
4088600531571,openfacts
4088600531625,openfacts
4088600531632,openfacts
4088600531649,openfacts
4088600531717,openfacts
4088600532035,openfacts
4088600532073,openfacts
4088600532370,openfacts
4088600532462,openfacts
4088600532615,openfacts
4088600532844,openfacts
4088600532868,openfacts
4088600533605,openfacts
4088600533612,openfacts
4088600534015,openfacts
4088600534169,openfacts
4088600534176,openfacts
4088600534183,openfacts
4088600534329,openfacts
4088600535067,openfacts
4088600535210,openfacts
4088600535241,openfacts
4088600535555,openfacts
4088600535753,openfacts
4088600536217,openfacts
4088600536279,openfacts
4088600536293,openfacts
4088600536347,openfacts
4088600536354,openfacts
4088600536873,openfacts
4088600536958,openfacts
4088600537009,openfacts
4088600537122,openfacts
4088600537139,openfacts
4088600537320,openfacts
4088600537399,openfacts
4088600537429,openfacts
4088600537436,openfacts
4088600537450,openfacts
4088600537467,openfacts
4088600537566,openfacts
4088600537573,openfacts
4088600537580,openfacts
4088600537597,openfacts
4088600537641,openfacts
4088600537658,openfacts
4088600537672,openfacts
4088600537788,openfacts
4088600537818,openfacts
4088600537825,openfacts
4088600538037,openfacts
4088600538587,openfacts
4088600538754,openfacts
4088600538761,openfacts
4088600539485,openfacts
4088600539737,openfacts
4088600539768,openfacts
4088600539881,openfacts
4088600539898,openfacts
4088600539997,openfacts
4088600540009,openfacts
4088600540139,openfacts
4088600540146,openfacts
4088600540184,openfacts
4088600540191,openfacts
4088600540207,openfacts
4088600540214,openfacts
4088600540238,openfacts
4088600540245,openfacts
4088600540269,openfacts
4088600540276,openfacts
4088600540375,openfacts
4088600540399,openfacts
4088600540405,openfacts
4088600540412,openfacts
4088600540481,openfacts
4088600540498,openfacts
4088600540504,openfacts
4088600540566,openfacts
4088600540573,openfacts
4088600540610,openfacts
4088600540719,openfacts
4088600540726,openfacts
4088600540771,openfacts
4088600540801,openfacts
4088600540818,openfacts
4088600540825,openfacts
4088600540832,openfacts
4088600540849,openfacts
4088600540856,openfacts
4088600540863,openfacts
4088600540870,openfacts
4088600540894,openfacts
4088600540993,openfacts
4088600541068,openfacts
4088600541075,openfacts
4088600541082,openfacts
4088600541099,openfacts
4088600541129,openfacts
4088600541136,openfacts
4088600541204,openfacts
4088600541211,openfacts
4088600541303,openfacts
4088600541358,openfacts
4088600541372,openfacts
4088600541426,openfacts
4088600541440,openfacts
4088600541471,openfacts
4088600541617,openfacts
4088600541686,openfacts
4088600541730,openfacts
4088600541747,openfacts
4088600541754,openfacts
4088600541778,openfacts
4088600541815,openfacts
4088600541860,openfacts
4088600541884,openfacts
4088600542003,openfacts
4088600542010,openfacts
4088600542072,openfacts
4088600542089,openfacts
4088600542133,openfacts
4088600542218,openfacts
4088600542225,openfacts
4088600542478,openfacts
4088600542515,openfacts
4088600542591,openfacts
4088600542607,openfacts
4088600542713,openfacts
4088600542720,openfacts
4088600542928,openfacts
4088600542997,openfacts
4088600543000,openfacts
4088600543109,openfacts
4088600543154,openfacts
4088600543178,openfacts
4088600543352,openfacts
4088600543390,openfacts
4088600543680,openfacts
4088600543819,openfacts
4088600543833,openfacts
4088600543840,openfacts
4088600543857,openfacts
4088600544151,openfacts
4088600544304,openfacts
4088600544311,openfacts
4088600544335,openfacts
4088600544342,openfacts
4088600544403,openfacts
4088600544410,openfacts
4088600544502,openfacts
4088600544571,openfacts
4088600544618,openfacts
4088600544861,openfacts
4088600544908,openfacts
4088600544915,openfacts
4088600544922,openfacts
4088600544960,openfacts
4088600544984,openfacts
4088600545158,openfacts
4088600545363,openfacts
4088600545516,openfacts
4088600545844,openfacts
4088600546360,openfacts
4088600546377,openfacts
4088600546384,openfacts
4088600546766,openfacts
4088600546773,openfacts
4088600546872,openfacts
4088600547008,openfacts
4088600547015,openfacts
4088600547039,openfacts
4088600547213,openfacts
4088600547305,openfacts
4088600547329,openfacts
4088600547336,openfacts
4088600547497,openfacts
4088600547503,openfacts
4088600547510,openfacts
4088600547527,openfacts
4088600547589,openfacts
4088600547619,openfacts
4088600547954,openfacts
4088600547961,openfacts
4088600547978,openfacts
4088600547985,openfacts
4088600548326,openfacts
4088600548333,openfacts
4088600548425,openfacts
4088600548456,openfacts
4088600548616,openfacts
4088600548722,openfacts
4088600548739,openfacts
4088600548753,openfacts
4088600548920,openfacts
4088600548937,openfacts
4088600548951,openfacts
4088600549057,openfacts
4088600549170,openfacts
4088600549477,openfacts
4088600549507,openfacts
4088600549514,openfacts
4088600549965,openfacts
4088600549972,openfacts
4088600550091,openfacts
4088600550374,openfacts
4088600550381,openfacts
4088600550435,openfacts
4088600550466,openfacts
4088600550510,openfacts
4088600550572,openfacts
4088600550589,openfacts
4088600550619,openfacts
4088600550626,openfacts
4088600550633,openfacts
4088600550640,openfacts
4088600550657,openfacts
4088600550664,openfacts
4088600550695,openfacts
4088600550725,openfacts
4088600550732,openfacts
4088600550749,openfacts
4088600550770,openfacts
4088600550787,openfacts
4088600550848,openfacts
4088600550862,openfacts
4088600550930,openfacts
4088600550954,openfacts
4088600551012,openfacts
4088600551029,openfacts
4088600551036,openfacts
4088600551043,openfacts
4088600551456,openfacts
4088600551463,openfacts
4088600551517,openfacts
4088600551586,openfacts
4088600551609,openfacts
4088600551616,openfacts
4088600551685,openfacts
4088600551692,openfacts
4088600551708,openfacts
4088600551715,openfacts
4088600551722,openfacts
4088600551739,openfacts
4088600551760,openfacts
4088600551777,openfacts
4088600551791,openfacts
4088600551807,openfacts
4088600551814,openfacts
4088600551838,openfacts
4088600551852,openfacts
4088600551869,openfacts
4088600551951,openfacts
4088600551968,openfacts
4088600551975,openfacts
4088600551999,openfacts
4088600552019,openfacts
4088600552057,openfacts
4088600552088,openfacts
4088600552132,openfacts
4088600552149,openfacts
4088600552156,openfacts
4088600552217,openfacts
4088600552224,openfacts
4088600552330,openfacts
4088600552347,openfacts
4088600552354,openfacts
4088600552378,openfacts
4088600552453,openfacts
4088600552491,openfacts
4088600552514,openfacts
4088600552521,openfacts
4088600552538,openfacts
4088600552668,openfacts
4088600552736,openfacts
4088600552750,openfacts
4088600552774,openfacts
4088600552903,openfacts
4088600552934,openfacts
4088600553153,openfacts
4088600553160,openfacts
4088600553184,openfacts
4088600553252,openfacts
4088600553269,openfacts
4088600553276,openfacts
4088600553351,openfacts
4088600553368,openfacts
4088600553399,openfacts
4088600553511,openfacts
4088600553689,openfacts
4088600553740,openfacts
4088600553771,openfacts
4088600553801,openfacts
4088600553825,openfacts
4088600553832,openfacts
4088600553955,openfacts
4088600553962,openfacts
4088600554112,openfacts
4088600554143,openfacts
4088600554150,openfacts
4088600554167,openfacts
4088600554174,openfacts
4088600554334,openfacts
4088600554419,openfacts
4088600554433,openfacts
4088600554471,openfacts
4088600554495,openfacts
4088600554525,openfacts
4088600554624,openfacts
4088600554631,openfacts
4088600554679,openfacts
4088600554709,openfacts
4088600554716,openfacts
4088600554792,openfacts
4088600554808,openfacts
4088600554891,openfacts
4088600554907,openfacts
4088600554914,openfacts
4088600554921,openfacts
4088600554945,openfacts
4088600554952,openfacts
4088600554969,openfacts
4088600554983,openfacts
4088600554990,openfacts
4088600555034,openfacts
4088600555041,openfacts
4088600555065,openfacts
4088600555072,openfacts
4088600555089,openfacts
4088600555096,openfacts
4088600555119,openfacts
4088600555126,openfacts
4088600555133,openfacts
4088600555225,openfacts
4088600555232,openfacts
4088600555249,openfacts
4088600555256,openfacts
4088600555355,openfacts
4088600555393,openfacts
4088600555577,openfacts
4088600555584,openfacts
4088600555591,openfacts
4088600555737,openfacts
4088600555744,openfacts
4088600555751,openfacts
4088600555768,openfacts
4088600555775,openfacts
4088600555782,openfacts
4088600555799,openfacts
4088600555805,openfacts
4088600555812,openfacts
4088600555829,openfacts
4088600555843,openfacts
4088600555881,openfacts
4088600555898,openfacts
4088600555904,openfacts
4088600555911,openfacts
4088600555928,openfacts
4088600555935,openfacts
4088600555980,openfacts
4088600555997,openfacts
4088600556000,openfacts
4088600556024,openfacts
4088600556031,openfacts
4088600556055,openfacts
4088600556079,openfacts
4088600556116,openfacts
4088600556161,openfacts
4088600556215,openfacts
4088600556284,openfacts
4088600556291,openfacts
4088600556314,openfacts
4088600556338,openfacts
4088600556345,openfacts
4088600556352,openfacts
4088600556369,openfacts
4088600556444,openfacts
4088600556451,openfacts
4088600556482,openfacts
4088600556499,openfacts
4088600556581,openfacts
4088600556598,openfacts
4088600556611,openfacts
4088600556635,openfacts
4088600556826,openfacts
4088600556833,openfacts
4088600556840,openfacts
4088600556871,openfacts
4088600556888,openfacts
4088600556895,openfacts
4088600556901,openfacts
4088600557014,openfacts
4088600557212,openfacts
4088600557250,openfacts
4088600557274,openfacts
4088600557311,openfacts
4088600557328,openfacts
4088600557335,openfacts
4088600557342,openfacts
4088600557366,openfacts
4088600557373,openfacts
4088600557380,openfacts
4088600557397,openfacts
4088600557403,openfacts
4088600557410,openfacts
4088600557427,openfacts
4088600557434,openfacts
4088600557458,openfacts
4088600557489,openfacts
4088600557496,openfacts
4088600557557,openfacts
4088600557564,openfacts
4088600557571,openfacts
4088600557588,openfacts
4088600557595,openfacts
4088600557618,openfacts
4088600557649,openfacts
4088600557656,openfacts
4088600557663,openfacts
4088600557717,openfacts
4088600557793,openfacts
4088600557892,openfacts
4088600557908,openfacts
4088600557946,openfacts
4088600557953,openfacts
4088600557960,openfacts
4088600558059,openfacts
4088600558066,openfacts
4088600558158,openfacts
4088600558240,openfacts
4088600558271,openfacts
4088600558288,openfacts
4088600558295,openfacts
4088600558301,openfacts
4088600558318,openfacts
4088600558332,openfacts
4088600558349,openfacts
4088600558394,openfacts
4088600558400,openfacts
4088600558448,openfacts
4088600558493,openfacts
4088600558578,openfacts
4088600558608,openfacts
4088600558646,openfacts
4088600558776,openfacts
4088600558783,openfacts
4088600558790,openfacts
4088600558813,openfacts
4088600558820,openfacts
4088600558875,openfacts
4088600558912,openfacts
4088600558936,openfacts
4088600559018,openfacts
4088600559056,openfacts
4088600559063,openfacts
4088600559193,openfacts
4088600559247,openfacts
4088600559315,openfacts
4088600559322,openfacts
4088600559339,openfacts
4088600559346,openfacts
4088600559353,openfacts
4088600559414,openfacts
4088600559421,openfacts
4088600559438,openfacts
4088600559445,openfacts
4088600559483,openfacts
4088600559544,openfacts
4088600559551,openfacts
4088600559568,openfacts
4088600559582,openfacts
4088600559605,openfacts
4088600559704,openfacts
4088600559735,openfacts
4088600559742,openfacts
4088600559759,openfacts
4088600559766,openfacts
4088600559780,openfacts
4088600559803,openfacts
4088600559810,openfacts
4088600559827,openfacts
4088600559834,openfacts
4088600559841,openfacts
4088600559858,openfacts
4088600559865,openfacts
4088600559902,openfacts
4088600559926,openfacts
4088600560007,openfacts
4088600560014,openfacts
4088600560038,openfacts
4088600560090,openfacts
4088600560106,openfacts
4088600560144,openfacts
4088600560151,openfacts
4088600560236,openfacts
4088600560250,openfacts
4088600560267,openfacts
4088600560281,openfacts
4088600560298,openfacts
4088600560304,openfacts
4088600560311,openfacts
4088600560328,openfacts
4088600560403,openfacts
4088600560410,openfacts
4088600560427,openfacts
4088600560434,openfacts
4088600560441,openfacts
4088600560496,openfacts
4088600560502,openfacts
4088600560533,openfacts
4088600560540,openfacts
4088600560557,openfacts
4088600560564,openfacts
4088600560571,openfacts
4088600560588,openfacts
4088600560601,openfacts
4088600560632,openfacts
4088600560649,openfacts
4088600560656,openfacts
4088600560687,openfacts
4088600560724,openfacts
4088600560779,openfacts
4088600560830,openfacts
4088600560847,openfacts
4088600560854,openfacts
4088600560878,openfacts
4088600560915,openfacts
4088600561028,openfacts
4088600561042,openfacts
4088600561059,openfacts
4088600561165,openfacts
4088600561172,openfacts
4088600561189,openfacts
4088600561196,openfacts
4088600561202,openfacts
4088600561226,openfacts
4088600561233,openfacts
4088600561240,openfacts
4088600561271,openfacts
4088600561288,openfacts
4088600561295,openfacts
4088600561301,openfacts
4088600561318,openfacts
4088600561325,openfacts
4088600561332,openfacts
4088600561349,openfacts
4088600561356,openfacts
4088600561424,openfacts
4088600561431,openfacts
4088600561455,openfacts
4088600561462,openfacts
4088600561479,openfacts
4088600561509,openfacts
4088600561547,openfacts
4088600561561,openfacts
4088600561592,openfacts
4088600561639,openfacts
4088600561738,openfacts
4088600561745,openfacts
4088600561752,openfacts
4088600561776,openfacts
4088600561981,openfacts
4088600562056,openfacts
4088600562094,openfacts
4088600562117,openfacts
4088600562230,openfacts
4088600562247,openfacts
4088600562278,openfacts
4088600562292,openfacts
4088600562315,openfacts
4088600562322,openfacts
4088600562377,openfacts
4088600562384,openfacts
4088600562438,openfacts
4088600562445,openfacts
4088600562483,openfacts
4088600562490,openfacts
4088600562506,openfacts
4088600562513,openfacts
4088600562520,openfacts
4088600562537,openfacts
4088600562728,openfacts
4088600562742,openfacts
4088600562759,openfacts
4088600562841,openfacts
4088600562865,openfacts
4088600562872,openfacts
4088600562889,openfacts
4088600563053,openfacts
4088600563060,openfacts
4088600563121,openfacts
4088600563367,openfacts
4088600563398,openfacts
4088600563633,openfacts
4088600563893,openfacts
4088600563961,openfacts
4088600563978,openfacts
4088600563985,openfacts
4088600563992,openfacts
4088600564012,openfacts
4088600564036,openfacts
4088600564043,openfacts
4088600564111,openfacts
4088600564128,openfacts
4088600564135,openfacts
4088600564258,openfacts
4088600564265,openfacts
4088600564272,openfacts
4088600564289,openfacts
4088600564302,openfacts
4088600564333,openfacts
4088600564340,openfacts
4088600564357,openfacts
4088600564388,openfacts
4088600564395,openfacts
4088600564401,openfacts
4088600564500,openfacts
4088600564524,openfacts
4088600564531,openfacts
4088600564623,openfacts
4088600564654,openfacts
4088600564661,openfacts
4088600564692,openfacts
4088600564722,openfacts
4088600564739,openfacts
4088600564746,openfacts
4088600564753,openfacts
4088600564791,openfacts
4088600564807,openfacts
4088600564814,openfacts
4088600564838,openfacts
4088600564852,openfacts
4088600564869,openfacts
4088600564876,openfacts
4088600564920,openfacts
4088600564937,openfacts
4088600564944,openfacts
4088600564951,openfacts
4088600564968,openfacts
4088600564975,openfacts
4088600565019,openfacts
4088600565033,openfacts
4088600565040,openfacts
4088600565071,openfacts
4088600565088,openfacts
4088600565132,openfacts
4088600565279,openfacts
4088600565354,openfacts
4088600565361,openfacts
4088600565460,openfacts
4088600565477,openfacts
4088600565484,openfacts
4088600565491,openfacts
4088600565507,openfacts
4088600565514,openfacts
4088600565552,openfacts
4088600565569,openfacts
4088600565576,openfacts
4088600565583,openfacts
4088600565620,openfacts
4088600565729,openfacts
4088600565736,openfacts
4088600565750,openfacts
4088600565767,openfacts
4088600565781,openfacts
4088600565835,openfacts
4088600565842,openfacts
4088600565859,openfacts
4088600565873,openfacts
4088600565880,openfacts
4088600565897,openfacts
4088600565903,openfacts
4088600565910,openfacts
4088600565934,openfacts
4088600565989,openfacts
4088600565996,openfacts
4088600566016,openfacts
4088600566030,openfacts
4088600566047,openfacts
4088600566139,openfacts
4088600566160,openfacts
4088600566191,openfacts
4088600566207,openfacts
4088600566214,openfacts
4088600566221,openfacts
4088600566276,openfacts
4088600566283,openfacts
4088600566290,openfacts
4088600566313,openfacts
4088600566320,openfacts
4088600566337,openfacts
4088600566344,openfacts
4088600566375,openfacts
4088600566412,openfacts
4088600566429,openfacts
4088600566436,openfacts
4088600566535,openfacts
4088600566542,openfacts
4088600566900,openfacts
4088600566979,openfacts
4088600566986,openfacts
4088600566993,openfacts
4088600567150,openfacts
4088600567235,openfacts
4088600567242,openfacts
4088600567259,openfacts
4088600567266,openfacts
4088600567273,openfacts
4088600567297,openfacts
4088600567303,openfacts
4088600567327,openfacts
4088600567334,openfacts
4088600567341,openfacts
4088600567556,openfacts
4088600567563,openfacts
4088600567617,openfacts
4088600567631,openfacts
4088600567648,openfacts
4088600567662,openfacts
4088600567679,openfacts
4088600567693,openfacts
4088600567709,openfacts
4088600567730,openfacts
4088600567754,openfacts
4088600567761,openfacts
4088600567778,openfacts
4088600567785,openfacts
4088600567792,openfacts
4088600567808,openfacts
4088600567815,openfacts
4088600567822,openfacts
4088600567839,openfacts
4088600567860,openfacts
4088600567877,openfacts
4088600567921,openfacts
4088600567938,openfacts
4088600568041,openfacts
4088600568058,openfacts
4088600568065,openfacts
4088600568072,openfacts
4088600568089,openfacts
4088600568096,openfacts
4088600568157,openfacts
4088600568164,openfacts
4088600568171,openfacts
4088600568195,openfacts
4088600568423,openfacts
4088600568447,openfacts
4088600568454,openfacts
4088600568539,openfacts
4088600568584,openfacts
4088600568607,openfacts
4088600568621,openfacts
4088600568638,openfacts
4088600568645,openfacts
4088600568669,openfacts
4088600568713,openfacts
4088600568768,openfacts
4088600568775,openfacts
4088600568874,openfacts
4088600569024,openfacts
4088600569031,openfacts
4088600569048,openfacts
4088600569055,openfacts
4088600569062,openfacts
4088600569093,openfacts
4088600569178,openfacts
4088600569239,openfacts
4088600569246,openfacts
4088600569253,openfacts
4088600569260,openfacts
4088600569338,openfacts
4088600569376,openfacts
4088600569383,openfacts
4088600569390,openfacts
4088600569406,openfacts
4088600569444,openfacts
4088600569451,openfacts
4088600569468,openfacts
4088600569475,openfacts
4088600569482,openfacts
4088600569499,openfacts
4088600569505,openfacts
4088600569512,openfacts
4088600569529,openfacts
4088600569574,openfacts
4088600569598,openfacts
4088600569673,openfacts
4088600569734,openfacts
4088600569741,openfacts
4088600569765,openfacts
4088600569772,openfacts
4088600569833,openfacts
4088600569840,openfacts
4088600569895,openfacts
4088600569963,openfacts
4088600569987,openfacts
4088600569994,openfacts
4088600570020,openfacts
4088600570068,openfacts
4088600570082,openfacts
4088600570167,openfacts
4088600570228,openfacts
4088600570235,openfacts
4088600570242,openfacts
4088600570341,openfacts
4088600570358,openfacts
4088600570471,openfacts
4088600570532,openfacts
4088600570549,openfacts
4088600570556,openfacts
4088600570570,openfacts
4088600570587,openfacts
4088600570594,openfacts
4088600570648,openfacts
4088600570655,openfacts
4088600570730,openfacts
4088600570747,openfacts
4088600570846,openfacts
4088600570884,openfacts
4088600570907,openfacts
4088600570921,openfacts
4088600570938,openfacts
4088600570969,openfacts
4088600570976,openfacts
4088600571003,openfacts
4088600571010,openfacts
4088600571034,openfacts
4088600571072,openfacts
4088600571089,openfacts
4088600571096,openfacts
4088600571102,openfacts
4088600571119,openfacts
4088600571133,openfacts
4088600571171,openfacts
4088600571188,openfacts
4088600571195,openfacts
4088600571201,openfacts
4088600571294,openfacts
4088600571331,openfacts
4088600571409,openfacts
4088600571416,openfacts
4088600571423,openfacts
4088600571430,openfacts
4088600571478,openfacts
4088600571485,openfacts
4088600571508,openfacts
4088600571539,openfacts
4088600571546,openfacts
4088600571584,openfacts
4088600571607,openfacts
4088600571614,openfacts
4088600571621,openfacts
4088600571638,openfacts
4088600571652,openfacts
4088600571683,openfacts
4088600571782,openfacts
4088600571799,openfacts
4088600571850,openfacts
4088600571881,openfacts
4088600571904,openfacts
4088600571911,openfacts
4088600571928,openfacts
4088600571935,openfacts
4088600571942,openfacts
4088600571959,openfacts
4088600572062,openfacts
4088600572079,openfacts
4088600572222,openfacts
4088600572239,openfacts
4088600572246,openfacts
4088600572376,openfacts
4088600572925,openfacts
4088600572932,openfacts
4088600572949,openfacts
4088600572956,openfacts
4088600572963,openfacts
4088600572987,openfacts
4088600572994,openfacts
4088600573007,openfacts
4088600573014,openfacts
4088600573038,openfacts
4088600573090,openfacts
4088600573106,openfacts
4088600573243,openfacts
4088600573250,openfacts
4088600573335,openfacts
4088600573342,openfacts
4088600573359,openfacts
4088600573410,openfacts
4088600573427,openfacts
4088600573458,openfacts
4088600573465,openfacts
4088600573472,openfacts
4088600573489,openfacts
4088600573564,openfacts
4088600573595,openfacts
4088600573649,openfacts
4088600573670,openfacts
4088600573687,openfacts
4088600573694,openfacts
4088600573700,openfacts
4088600573717,openfacts
4088600573816,openfacts
4088600573823,openfacts
4088600573830,openfacts
4088600574219,openfacts
4088600574226,openfacts
4088600574257,openfacts
4088600574264,openfacts
4088600574271,openfacts
4088600574349,openfacts
4088600574462,openfacts
4088600574479,openfacts
4088600574523,openfacts
4088600574530,openfacts
4088600574639,openfacts
4088600574776,openfacts
4088600574820,openfacts
4088600574882,openfacts
4088600574936,openfacts
4088600574943,openfacts
4088600574974,openfacts
4088600575001,openfacts
4088600575025,openfacts
4088600575032,openfacts
4088600575049,openfacts
4088600575063,openfacts
4088600575100,openfacts
4088600575117,openfacts
4088600575193,openfacts
4088600575209,openfacts
4088600575223,openfacts
4088600575230,openfacts
4088600575247,openfacts
4088600575254,openfacts
4088600575261,openfacts
4088600575278,openfacts
4088600575285,openfacts
4088600575292,openfacts
4088600575322,openfacts
4088600575353,openfacts
4088600575360,openfacts
4088600575377,openfacts
4088600575384,openfacts
4088600575438,openfacts
4088600575445,openfacts
4088600575469,openfacts
4088600575476,openfacts
4088600575483,openfacts
4088600575506,openfacts
4088600575599,openfacts
4088600575605,openfacts
4088600575612,openfacts
4088600575636,openfacts
4088600575803,openfacts
4088600575810,openfacts
4088600575827,openfacts
4088600575834,openfacts
4088600575858,openfacts
4088600575940,openfacts
4088600575988,openfacts
4088600575995,openfacts
4088600576015,openfacts
4088600576077,openfacts
4088600576121,openfacts
4088600576138,openfacts
4088600576152,openfacts
4088600576176,openfacts
4088600576206,openfacts
4088600576220,openfacts
4088600576237,openfacts
4088600576282,openfacts
4088600576299,openfacts
4088600576305,openfacts
4088600576336,openfacts
4088600576374,openfacts
4088600576398,openfacts
4088600576442,openfacts
4088600576473,openfacts
4088600576480,openfacts
4088600576497,openfacts
4088600576503,openfacts
4088600576558,openfacts
4088600576602,openfacts
4088600576688,openfacts
4088600576756,openfacts
4088600576763,openfacts
4088600576800,openfacts
4088600576817,openfacts
4088600576824,openfacts
4088600576923,openfacts
4088600576961,openfacts
4088600576978,openfacts
4088600576985,openfacts
4088600577067,openfacts
4088600577074,openfacts
4088600577098,openfacts
4088600577128,openfacts
4088600577166,openfacts
4088600577227,openfacts
4088600577302,openfacts
4088600577326,openfacts
4088600577333,openfacts
4088600577395,openfacts
4088600577418,openfacts
4088600577425,openfacts
4088600577449,openfacts
4088600577456,openfacts
4088600577463,openfacts
4088600577470,openfacts
4088600577487,openfacts
4088600577555,openfacts
4088600577562,openfacts
4088600577623,openfacts
4088600577678,openfacts
4088600577739,openfacts
4088600577746,openfacts
4088600577784,openfacts
4088600577821,openfacts
4088600577838,openfacts
4088600577845,openfacts
4088600577869,openfacts
4088600577890,openfacts
4088600577913,openfacts
4088600577920,openfacts
4088600577944,openfacts
4088600578019,openfacts
4088600578026,openfacts
4088600578118,openfacts
4088600578149,openfacts
4088600578170,openfacts
4088600578187,openfacts
4088600578200,openfacts
4088600578217,openfacts
4088600578293,openfacts
4088600578392,openfacts
4088600578408,openfacts
4088600578484,openfacts
4088600578514,openfacts
4088600578521,openfacts
4088600578538,openfacts
4088600578590,openfacts
4088600578637,openfacts
4088600578804,openfacts
4088600578866,openfacts
4088600579078,openfacts
4088600579238,openfacts
4088600579276,openfacts
4088600648958,openfacts
4088600715674,openfacts
4088600761862,openfacts
4088600822822,openfacts
4088600856858,openfacts
4088600871554,openfacts
4088600884899,openfacts
4088600926537,openfacts
4088603044788,openfacts
4088607663046,openfacts
4088639100014,openfacts
4088699123794,openfacts
4088700000007,openfacts
4088700000038,openfacts
4088700000052,openfacts
4088700000083,openfacts
4088700000106,openfacts
4088700000144,openfacts
4088700000182,openfacts
4088700000458,openfacts
4088700000465,openfacts
4088700000472,openfacts
4088700000717,openfacts
4088700001318,openfacts
4088700001325,openfacts
4088700001417,openfacts
4088700001660,openfacts
4088700001783,openfacts
4088700001813,openfacts
4088700002896,openfacts
4088700003411,openfacts
4088700004333,openfacts
4088700004340,openfacts
4088700004357,openfacts
4088700004364,openfacts
4088700004531,openfacts
4088700004647,openfacts
4088700004654,openfacts
4088700004784,openfacts
4088700004791,openfacts
4088700004821,openfacts
4088700004838,openfacts
4088700004869,openfacts
4088700004982,openfacts
4088700005002,openfacts
4088700005088,openfacts
4088700005101,openfacts
4088700005286,openfacts
4088700005293,openfacts
4088700005309,openfacts
4088700005316,openfacts
4088700005378,openfacts
4088700005439,openfacts
4088700005491,openfacts
4088700005507,openfacts
4088700005514,openfacts
4088700005538,openfacts
4088700005613,openfacts
4088700005668,openfacts
4088700005859,openfacts
4088700005941,openfacts
4088700006030,openfacts
4088700006047,openfacts
4088700006078,openfacts
4088700006214,openfacts
4088700006238,openfacts
4088700006382,openfacts
4088700006429,openfacts
4088700006504,openfacts
4088700006603,openfacts
4088700006610,openfacts
4088700006627,openfacts
4088700006641,openfacts
4088700006665,openfacts
4088700006689,openfacts
4088700006733,openfacts
4088700006757,openfacts
4088700006764,openfacts
4088700006924,openfacts
4088700006948,openfacts
4088700006962,openfacts
4088700006979,openfacts
4088700007037,openfacts
4088700007075,openfacts
4088700007112,openfacts
4088700007181,openfacts
4088700007440,openfacts
4088700007464,openfacts
4088700007594,openfacts
4088700007631,openfacts
4088700007648,openfacts
4088700007754,openfacts
4088700007778,openfacts
4088700007914,openfacts
4088700008188,openfacts
4088700008195,openfacts
4088700008249,openfacts
4088700008294,openfacts
4088700008300,openfacts
4088700008317,openfacts
4088700008379,openfacts
4088700009178,openfacts
4088700009185,openfacts
4088700009192,openfacts
4088700009208,openfacts
4088700009222,openfacts
4088700009314,openfacts
4088700009406,openfacts
4088700009468,openfacts
4088700009536,openfacts
4088700009642,openfacts
4088700009659,openfacts
4088700009666,openfacts
4088700009697,openfacts
4088700009949,openfacts
4088700009970,openfacts
4088700009987,openfacts
4088700009994,openfacts
4088700010303,openfacts
4088700010440,openfacts
4088700010587,openfacts
4088700010594,openfacts
4088700010617,openfacts
4088700010624,openfacts
4088700010655,openfacts
4088700010686,openfacts
4088700010754,openfacts
4088700011171,openfacts
4088700011553,openfacts
4088700011577,openfacts
4088700011584,openfacts
4088700011591,openfacts
4088700011638,openfacts
4088700011652,openfacts
4088700011676,openfacts
4088700011683,openfacts
4088700011775,openfacts
4088700011935,openfacts
4088700012062,openfacts
4088700012079,openfacts
4088700012086,openfacts
4088700012093,openfacts
4088700012109,openfacts
4088700012192,openfacts
4088700012253,openfacts
4088700012291,openfacts
4088700012321,openfacts
4088700012338,openfacts
4088700012345,openfacts
4088700012369,openfacts
4088700012376,openfacts
4088700012383,openfacts
4088700012635,openfacts
4088700012727,openfacts
4088700012970,openfacts
4088700012987,openfacts
4088700013076,openfacts
4088700013083,openfacts
4088700013472,openfacts
4088700013823,openfacts
4088700013939,openfacts
4088700014165,openfacts
4088700014493,openfacts
4088700014554,openfacts
4088700014660,openfacts
4088700014677,openfacts
4088700014707,openfacts
4088700014714,openfacts
4088700014776,openfacts
4088700014974,openfacts
4088700015001,openfacts
4088700015018,openfacts
4088700015094,openfacts
4088700015117,openfacts
4088700015131,openfacts
4088700015445,openfacts
4088700015599,openfacts
4088700015896,openfacts
4088700016022,openfacts
4088700016084,openfacts
4088700016091,openfacts
4088700016480,openfacts
4088700016497,openfacts
4088700016558,openfacts
4088700016589,openfacts
4088700016626,openfacts
4088700016794,openfacts
4088700016916,openfacts
4088700016930,openfacts
4088700017081,openfacts
4088700017159,openfacts
4088700017173,openfacts
4088700017302,openfacts
4088700017326,openfacts
4088700017333,openfacts
4088700017340,openfacts
4088700017432,openfacts
4088700017487,openfacts
4088700017654,openfacts
4088700017739,openfacts
4088700017944,openfacts
4088700018071,openfacts
4088700018088,openfacts
4088700018309,openfacts
4088700018330,openfacts
4088700018392,openfacts
4088700018545,openfacts
4088700018552,openfacts
4088700018576,openfacts
4088700018637,openfacts
4088700018682,openfacts
4088700018705,openfacts
4088700018972,openfacts
4088700018996,openfacts
4088700019047,openfacts
4088700019085,openfacts
4088700019108,openfacts
4088700019351,openfacts
4088700019498,openfacts
4088700019597,openfacts
4088700019603,openfacts
4088700019641,openfacts
4088700019719,openfacts
4088700019726,openfacts
4088700019757,openfacts
4088700019825,openfacts
4088700019986,openfacts
4088700019993,openfacts
4088700020005,openfacts
4088700020012,openfacts
4088700020067,openfacts
4088700020180,openfacts
4088700020302,openfacts
4088700020326,openfacts
4088700020340,openfacts
4088700020364,openfacts
4088700020388,openfacts
4088700020654,openfacts
4088700020944,openfacts
4088700021170,openfacts
4088700021309,openfacts
4088700021347,openfacts
4088700021361,openfacts
4088700021378,openfacts
4088700021385,openfacts
4088700021484,openfacts
4088700021552,openfacts
4088700021590,openfacts
4088700021682,openfacts
4088700021811,openfacts
4088700021842,openfacts
4088700021866,openfacts
4088700022191,openfacts
4088700022658,openfacts
4088700022672,openfacts
4088700022689,openfacts
4088700022733,openfacts
4088700022771,openfacts
4088700022788,openfacts
4088700023464,openfacts
4088700023488,openfacts
4088700023495,openfacts
4088700023532,openfacts
4088700023556,openfacts
4088700023570,openfacts
4088700023716,openfacts
4088700023723,openfacts
4088700023730,openfacts
4088700023754,openfacts
4088700023952,openfacts
4088700023976,openfacts
4088700024317,openfacts
4088700024522,openfacts
4088700024539,openfacts
4088700024621,openfacts
4088700024850,openfacts
4088700025710,openfacts
4088700025734,openfacts
4088700025963,openfacts
4088700026212,openfacts
4088700026250,openfacts
4088700026274,openfacts
4088700026298,openfacts
4088700026328,openfacts
4088700026441,openfacts
4088700026663,openfacts
4088700026700,openfacts
4088700026717,openfacts
4088700026755,openfacts
4088700026878,openfacts
4088700026885,openfacts
4088700027233,openfacts
4088700027271,openfacts
4088700027325,openfacts
4088700027585,openfacts
4088700028063,openfacts
4088700028087,openfacts
4088700028100,openfacts
4088700028254,openfacts
4088700028261,openfacts
4088700028285,openfacts
4088700028292,openfacts
4088700028315,openfacts
4088700028506,openfacts
4088700028698,openfacts
4088700028957,openfacts
4088700029053,openfacts
4088700029060,openfacts
4088700029213,openfacts
4088700029367,openfacts
4088700029374,openfacts
4088700029381,openfacts
4088700029404,openfacts
4088700029411,openfacts
4088700029459,openfacts
4088700029510,openfacts
4088700029527,openfacts
4088700029718,openfacts
4088700029787,openfacts
4088700029817,openfacts
4088700029824,openfacts
4088700029831,openfacts
4088700029886,openfacts
4088700029893,openfacts
4088700029909,openfacts
4088700030103,openfacts
4088700030127,openfacts
4088700030400,openfacts
4088700030417,openfacts
4088700030509,openfacts
4088700030752,openfacts
4088700030769,openfacts
4088700031780,openfacts
4088700031803,openfacts
4088700031810,openfacts
4088700031902,openfacts
4088700031919,openfacts
4088700032008,openfacts
4088700032138,openfacts
4088700032725,openfacts
4088700032732,openfacts
4088700032879,openfacts
4088700032886,openfacts
4088700033005,openfacts
4088700033173,openfacts
4088700033296,openfacts
4088700033302,openfacts
4088700033326,openfacts
4088700033524,openfacts
4088700033722,openfacts
4088700034064,openfacts
4088700034101,openfacts
4088700034118,openfacts
4088700034392,openfacts
4088700034415,openfacts
4088700034422,openfacts
4088700034545,openfacts
4088700034576,openfacts
4088700034705,openfacts
4088700034750,openfacts
4088700034941,openfacts
4088700034965,openfacts
4088700034972,openfacts
4088700035238,openfacts
4088700035610,openfacts
4088700035634,openfacts
4088700035658,openfacts
4088700035665,openfacts
4088700035849,openfacts
4088700035856,openfacts
4088700035863,openfacts
4088700035955,openfacts
4088700036198,openfacts
4088700036228,openfacts
4088700036778,openfacts
4088700036785,openfacts
4088700036792,openfacts
4088700037010,openfacts
4088700037140,openfacts
4088700037263,openfacts
4088700037270,openfacts
4088700037874,openfacts
4088700037881,openfacts
4088700037959,openfacts
4088700038024,openfacts
4088700038147,openfacts
4088700038178,openfacts
4088700038253,openfacts
4088700038260,openfacts
4088700038291,openfacts
4088700038475,openfacts
4088700038505,openfacts
4088700038611,openfacts
4088700038642,openfacts
4088700038758,openfacts
4088700038765,openfacts
4088700038772,openfacts
4088700038789,openfacts
4088700038826,openfacts
4088700038888,openfacts
4088700038956,openfacts
4088700038963,openfacts
4088700038987,openfacts
4088700038994,openfacts
4088700039175,openfacts
4088700039182,openfacts
4088700039199,openfacts
4088700039212,openfacts
4088700039274,openfacts
4088700039304,openfacts
4088700039533,openfacts
4088700039564,openfacts
4088700039731,openfacts
4088700039816,openfacts
4088700039892,openfacts
4088700040034,openfacts
4088700040058,openfacts
4088700040096,openfacts
4088700040119,openfacts
4088700040188,openfacts
4088700040416,openfacts
4088700040607,openfacts
4088700040768,openfacts
4088700040881,openfacts
4088700040959,openfacts
4088700040966,openfacts
4088700040980,openfacts
4088700040997,openfacts
4088700041482,openfacts
4088700041710,openfacts
4088700041727,openfacts
4088700041734,openfacts
4088700042038,openfacts
4088700042083,openfacts
4088700042175,openfacts
4088700042205,openfacts
4088700042274,openfacts
4088700042328,openfacts
4088700042342,openfacts
4088700042403,openfacts
4088700042410,openfacts
4088700042441,openfacts
4088700042694,openfacts
4088700042700,openfacts
4088700043165,openfacts
4088700043202,openfacts
4088700043288,openfacts
4088700043356,openfacts
4088700043585,openfacts
4088700043592,openfacts
4088700043622,openfacts
4088700043738,openfacts
4088700044148,openfacts
4088700044155,openfacts
4088700044179,openfacts
4088700044346,openfacts
4088700044407,openfacts
4088700044445,openfacts
4088700044483,openfacts
4088700044513,openfacts
4088700044537,openfacts
4088700044575,openfacts
4088700044797,openfacts
4088700045039,openfacts
4088700045053,openfacts
4088700045060,openfacts
4088700045077,openfacts
4088700045138,openfacts
4088700045145,openfacts
4088700045152,openfacts
4088700045251,openfacts
4088700045268,openfacts
4088700045275,openfacts
4088700045282,openfacts
4088700045312,openfacts
4088700045329,openfacts
4088700045336,openfacts
4088700045374,openfacts
4088700045381,openfacts
4088700045589,openfacts
4088700045633,openfacts
4088700045640,openfacts
4088700045657,openfacts
4088700045701,openfacts
4088700045718,openfacts
4088700045725,openfacts
4088700045763,openfacts
4088700045787,openfacts
4088700045855,openfacts
4088700046029,openfacts
4088700046104,openfacts
4088700046111,openfacts
4088700046135,openfacts
4088700046166,openfacts
4088700046432,openfacts
4088700046449,openfacts
4088700046470,openfacts
4088700046487,openfacts
4088700046500,openfacts
4088700046548,openfacts
4088700046906,openfacts
4088700046944,openfacts
4088700046951,openfacts
4088700046968,openfacts
4088700047163,openfacts
4088700047279,openfacts
4088700047750,openfacts
4088700047880,openfacts
4088700048313,openfacts
4088700048344,openfacts
4088700048412,openfacts
4088700048481,openfacts
4088700048498,openfacts
4088700048504,openfacts
4088700048535,openfacts
4088700048542,openfacts
4088700048559,openfacts
4088700048580,openfacts
4088700048597,openfacts
4088700048610,openfacts
4088700048627,openfacts
4088700048634,openfacts
4088700048641,openfacts
4088700048658,openfacts
4088700048665,openfacts
4088700048672,openfacts
4088700048696,openfacts
4088700048863,openfacts
4088700048924,openfacts
4088700048931,openfacts
4088700048948,openfacts
4088700049044,openfacts
4088700049112,openfacts
4088700049150,openfacts
4088700049167,openfacts
4088700049389,openfacts
4088700049396,openfacts
4088700049488,openfacts
4088700049501,openfacts
4088700049518,openfacts
4088700049709,openfacts
4088700049877,openfacts
4088700049914,openfacts
4088700049983,openfacts
4088700050002,openfacts
4088700050019,openfacts
4088700050026,openfacts
4088700050033,openfacts
4088700050088,openfacts
4088700050194,openfacts
4088700050200,openfacts
4088700050217,openfacts
4088700050279,openfacts
4088700050286,openfacts
4088700050293,openfacts
4088700050316,openfacts
4088700050323,openfacts
4088700050415,openfacts
4088700050439,openfacts
4088700050446,openfacts
4088700050453,openfacts
4088700050460,openfacts
4088700050477,openfacts
4088700050484,openfacts
4088700050507,openfacts
4088700050538,openfacts
4088700051252,openfacts
4088700051740,openfacts
4088700051757,openfacts
4088700051764,openfacts
4088700051771,openfacts
4088700051795,openfacts
4088700051856,openfacts
4088700051863,openfacts
4088700051870,openfacts
4088700051887,openfacts
4088700051894,openfacts
4088700051900,openfacts
4088700051917,openfacts
4088700051948,openfacts
4088700051986,openfacts
4088700051993,openfacts
4088700052006,openfacts
4088700052013,openfacts
4088700052020,openfacts
4088700052037,openfacts
4088700052136,openfacts
4088700052655,openfacts
4088700052693,openfacts
4088700052747,openfacts
4088700052754,openfacts
4088700052952,openfacts
4088700052969,openfacts
4088700052983,openfacts
4088700052990,openfacts
4088700053003,openfacts
4088700053010,openfacts
4088700053058,openfacts
4088700053065,openfacts
4088700053171,openfacts
4088700053188,openfacts
4088700053195,openfacts
4088700053218,openfacts
4088700053225,openfacts
4088700053232,openfacts
4088700053331,openfacts
4088700053362,openfacts
4088700053522,openfacts
4088700053560,openfacts
4088700053577,openfacts
4088700053645,openfacts
4088700053652,openfacts
4088700053669,openfacts
4088700053898,openfacts
4088700053904,openfacts
4088700053911,openfacts
4088700053928,openfacts
4088700053935,openfacts
4088700053942,openfacts
4088700053959,openfacts
4088700053966,openfacts
4088700054000,openfacts
4088700054024,openfacts
4088700054130,openfacts
4088700054147,openfacts
4088700054314,openfacts
4088700054352,openfacts
4088700054369,openfacts
4088700054376,openfacts
4088700054437,openfacts
4088700054604,openfacts
4088700054734,openfacts
4088700054765,openfacts
4088700054833,openfacts
4088700054901,openfacts
4088700054949,openfacts
4088700054956,openfacts
4088700054963,openfacts
4088700054970,openfacts
4088700055069,openfacts
4088700055236,openfacts
4088700055304,openfacts
4088700055342,openfacts
4088700055380,openfacts
4088700055489,openfacts
4088700055496,openfacts
4088700055502,openfacts
4088700055625,openfacts
4088700055649,openfacts
4088700055687,openfacts
4088700055694,openfacts
4088700055700,openfacts
4088700056059,openfacts
4088700056134,openfacts
4088700056257,openfacts
4088700056264,openfacts
4088700056271,openfacts
4088700056394,openfacts
4088700056424,openfacts
4088700056431,openfacts
4088700056479,openfacts
4088700056486,openfacts
4088700056585,openfacts
4088700056592,openfacts
4088700056677,openfacts
4088700056684,openfacts
4088700056943,openfacts
4088700056974,openfacts
4088700056981,openfacts
4088700056998,openfacts
4088700057001,openfacts
4088700057070,openfacts
4088700057087,openfacts
4088700057179,openfacts
4088700057193,openfacts
4088700057209,openfacts
4088700057216,openfacts
4088700057230,openfacts
4088700057247,openfacts
4088700057254,openfacts
4088700057261,openfacts
4088700057292,openfacts
4088700057315,openfacts
4088700057452,openfacts
4088700057483,openfacts
4088700057513,openfacts
4088700057629,openfacts
4088700057643,openfacts
4088700057933,openfacts
4088700057940,openfacts
4088700057957,openfacts
4088700057988,openfacts
4088700058190,openfacts
4088700058299,openfacts
4088700058305,openfacts
4088700058442,openfacts
4088700058459,openfacts
4088700058466,openfacts
4088700058480,openfacts
4088700058572,openfacts
4088700058688,openfacts
4088700058695,openfacts
4088700059036,openfacts
4088700059388,openfacts
4088700059395,openfacts
4088700059548,openfacts
4088700059593,openfacts
4088700059609,openfacts
4088700059739,openfacts
4088700059838,openfacts
4088700059883,openfacts
4088700059890,openfacts
4088700059906,openfacts
4088700059944,openfacts
4088700059951,openfacts
4088700060100,openfacts
4088700060216,openfacts
4088700060223,openfacts
4088700060230,openfacts
4088700060247,openfacts
4088700060254,openfacts
4088700060261,openfacts
4088700060377,openfacts
4088700060384,openfacts
4088700060476,openfacts
4088700060490,openfacts
4088700060728,openfacts
4088700060988,openfacts
4088700060995,openfacts
4088700061008,openfacts
4088700061046,openfacts
4088700061053,openfacts
4088700061060,openfacts
4088700061084,openfacts
4088700061091,openfacts
4088700061183,openfacts
4088700061640,openfacts
4088700061657,openfacts
4088700061664,openfacts
4088700061671,openfacts
4088700061695,openfacts
4088700061725,openfacts
4088700061732,openfacts
4088700061749,openfacts
4088700061756,openfacts
4088700061992,openfacts
4088700062012,openfacts
4088700062029,openfacts
4088700062036,openfacts
4088700062050,openfacts
4088700062067,openfacts
4088700062081,openfacts
4088700062111,openfacts
4088700062142,openfacts
4088700062197,openfacts
4088700062203,openfacts
4088700062357,openfacts
4088700062371,openfacts
4088700062418,openfacts
4088700062739,openfacts
4088700062753,openfacts
4088700062760,openfacts
4088700062777,openfacts
4088700062784,openfacts
4088700062791,openfacts
4088700062852,openfacts
4088700062906,openfacts
4088700062913,openfacts
4088700063125,openfacts
4088700063385,openfacts
4088700063460,openfacts
4088700063477,openfacts
4088700063484,openfacts
4088700063491,openfacts
4088700063507,openfacts
4088700063514,openfacts
4088700063521,openfacts
4088700063538,openfacts
4088700063545,openfacts
4088700063552,openfacts
4088700063569,openfacts
4088700063576,openfacts
4088700063583,openfacts
4088700063606,openfacts
4088700063620,openfacts
4088700063637,openfacts
4088700063644,openfacts
4088700063651,openfacts
4088700063682,openfacts
4088700063699,openfacts
4088700063705,openfacts
4088700063712,openfacts
4088700063729,openfacts
4088700063767,openfacts
4088700063804,openfacts
4088700063811,openfacts
4088700064252,openfacts
4088700064276,openfacts
4088700064320,openfacts
4088700064757,openfacts
4088700064955,openfacts
4088700064962,openfacts
4088700065020,openfacts
4088700065075,openfacts
4088700065099,openfacts
4088700065105,openfacts
4088700065174,openfacts
4088700065365,openfacts
4088700065372,openfacts
4088700065389,openfacts
4088700065570,openfacts
4088700065587,openfacts
4088700065594,openfacts
4088700065600,openfacts
4088700065617,openfacts
4088700065624,openfacts
4088700065631,openfacts
4088700065648,openfacts
4088700065655,openfacts
4088700065662,openfacts
4088700065679,openfacts
4088700065709,openfacts
4088700065716,openfacts
4088700065723,openfacts
4088700065754,openfacts
4088700065778,openfacts
4088700065808,openfacts
4088700065891,openfacts
4088700066089,openfacts
4088700066201,openfacts
4088700066317,openfacts
4088700066508,openfacts
4088700066546,openfacts
4088700066560,openfacts
4088700066577,openfacts
4088700066584,openfacts
4088700066591,openfacts
4088700066607,openfacts
4088700066669,openfacts
4088700066911,openfacts
4088700066980,openfacts
4088700066997,openfacts
4088700067086,openfacts
4088700067178,openfacts
4088700067185,openfacts
4088700067222,openfacts
4088700067239,openfacts
4088700067260,openfacts
4088700067277,openfacts
4088700067420,openfacts
4088700067482,openfacts
4088700067499,openfacts
4088700067505,openfacts
4088700067529,openfacts
4088700067536,openfacts
4088700067543,openfacts
4088700067574,openfacts
4088700067611,openfacts
4088700067680,openfacts
4088700067697,openfacts
4088700067703,openfacts
4088700067710,openfacts
4088700067772,openfacts
4088700067833,openfacts
4088700067840,openfacts
4088700067857,openfacts
4088700067864,openfacts
4088700067871,openfacts
4088700068090,openfacts
4088700068199,openfacts
4088700068441,openfacts
4088700068458,openfacts
4088700068533,openfacts
4088700068540,openfacts
4088700068724,openfacts
4088700068748,openfacts
4088700068755,openfacts
4088700068762,openfacts
4088700068779,openfacts
4088700068786,openfacts
4088700068793,openfacts
4088700068809,openfacts
4088700068816,openfacts
4088700068885,openfacts
4088700068939,openfacts
4088700068946,openfacts
4088700068953,openfacts
4088700068977,openfacts
4088700068991,openfacts
4088700069011,openfacts
4088700069028,openfacts
4088700069134,openfacts
4088700069141,openfacts
4088700069158,openfacts
4088700069196,openfacts
4088700069202,openfacts
4088700069271,openfacts
4088700069561,openfacts
4088700069615,openfacts
4088700069646,openfacts
4088700069660,openfacts
4088700069677,openfacts
4088700069707,openfacts
4088700069714,openfacts
4088700069721,openfacts
4088700069752,openfacts
4088700069950,openfacts
4088700070031,openfacts
4088700070048,openfacts
4088700070062,openfacts
4088700070079,openfacts
4088700070185,openfacts
4088700070208,openfacts
4088700070239,openfacts
4088700070246,openfacts
4088700070253,openfacts
4088700070284,openfacts
4088700070376,openfacts
4088700070413,openfacts
4088700070420,openfacts
4088700070635,openfacts
4088700070666,openfacts
4088700070673,openfacts
4088700070727,openfacts
4088700070734,openfacts
4088700070741,openfacts
4088700070758,openfacts
4088700070765,openfacts
4088700070772,openfacts
4088700070833,openfacts
4088700070994,openfacts
4088700071014,openfacts
4088700071564,openfacts
4088700071571,openfacts
4088700071588,openfacts
4088700071595,openfacts
4088700071618,openfacts
4088700071663,openfacts
4088700071748,openfacts
4088700071755,openfacts
4088700071762,openfacts
4088700071830,openfacts
4088700071847,openfacts
4088700071854,openfacts
4088700071861,openfacts
4088700071885,openfacts
4088700071977,openfacts
4088700071984,openfacts
4088700071991,openfacts
4088700072004,openfacts
4088700072011,openfacts
4088700072028,openfacts
4088700072042,openfacts
4088700072059,openfacts
4088700072318,openfacts
4088700072349,openfacts
4088700072370,openfacts
4088700072639,openfacts
4088700072646,openfacts
4088700072653,openfacts
4088700072660,openfacts
4088700072677,openfacts
4088700072684,openfacts
4088700072905,openfacts
4088700072974,openfacts
4088700072998,openfacts
4088700073001,openfacts
4088700073032,openfacts
4088700073209,openfacts
4088700073353,openfacts
4088700073377,openfacts
4088700073384,openfacts
4088700073728,openfacts
4088700073742,openfacts
4088700073759,openfacts
4088700073766,openfacts
4088700073780,openfacts
4088700073797,openfacts
4088700073810,openfacts
4088700073988,openfacts
4088700073995,openfacts
4088700074015,openfacts
4088700074145,openfacts
4088700074275,openfacts
4088700074336,openfacts
4088700074350,openfacts
4088700074367,openfacts
4088700074398,openfacts
4088700074435,openfacts
4088700074510,openfacts
4088700074527,openfacts
4088700074756,openfacts
4088700074763,openfacts
4088700074800,openfacts
4088700074817,openfacts
4088700074855,openfacts
4088700074909,openfacts
4088700074947,openfacts
4088700074978,openfacts
4088700075043,openfacts
4088700075050,openfacts
4088700075142,openfacts
4088700075227,openfacts
4088700075562,openfacts
4088700075579,openfacts
4088700075586,openfacts
4088700075647,openfacts
4088700076002,openfacts
4088700076026,openfacts
4088700076033,openfacts
4088700076064,openfacts
4088700076071,openfacts
4088700076088,openfacts
4088700076125,openfacts
4088700076149,openfacts
4088700076156,openfacts
4088700076286,openfacts
4088700076293,openfacts
4088700076361,openfacts
4088700076507,openfacts
4088700076538,openfacts
4088700076545,openfacts
4088700077221,openfacts
4088700077238,openfacts
4088700077252,openfacts
4088700077269,openfacts
4088700077276,openfacts
4088700077283,openfacts
4088700077535,openfacts
4088700077542,openfacts
4088700077559,openfacts
4088700077566,openfacts
4088700077610,openfacts
4088700077627,openfacts
4088700077641,openfacts
4088700077689,openfacts
4088700077726,openfacts
4088700077740,openfacts
4088700077825,openfacts
4088700077832,openfacts
4088700078204,openfacts
4088700078211,openfacts
4088700078235,openfacts
4088700078242,openfacts
4088700078259,openfacts
4088700078266,openfacts
4088700078273,openfacts
4088700078280,openfacts
4088700078297,openfacts
4088700078303,openfacts
4088700078334,openfacts
4088700078341,openfacts
4088700078358,openfacts
4088700078365,openfacts
4088700078457,openfacts
4088700078464,openfacts
4088700078471,openfacts
4088700078488,openfacts
4088700078495,openfacts
4088700078747,openfacts
4088700078792,openfacts
4088700078808,openfacts
4088700078846,openfacts
4088700079263,openfacts
4088700079317,openfacts
4088700079775,openfacts
4088700079812,openfacts
4088700079898,openfacts
4088700079980,openfacts
4088700079997,openfacts
4088700080122,openfacts
4088700080139,openfacts
4088700080184,openfacts
4088700080252,openfacts
4088700080313,openfacts
4088700080672,openfacts
4088700080689,openfacts
4088700080771,openfacts
4088700080948,openfacts
4088700081006,openfacts
4088700081013,openfacts
4088700081020,openfacts
4088700081372,openfacts
4088700081778,openfacts
4088700081785,openfacts
4088700081792,openfacts
4088700082331,openfacts
4088700082676,openfacts
4088700082744,openfacts
4088700082805,openfacts
4088700082812,openfacts
4088700082874,openfacts
4088700082904,openfacts
4088700083161,openfacts
4088700083192,openfacts
4088700083253,openfacts
4088700083338,openfacts
4088700083369,openfacts
4088700083536,openfacts
4088700083574,openfacts
4088700083604,openfacts
4088700083611,openfacts
4088700083772,openfacts
4088700083796,openfacts
4088700083802,openfacts
4088700083819,openfacts
4088700083826,openfacts
4088700084014,openfacts
4088700084090,openfacts
4088700084113,openfacts
4088700084120,openfacts
4088700084137,openfacts
4088700084144,openfacts
4088700084151,openfacts
4088700084205,openfacts
4088700084229,openfacts
4088700084236,openfacts
4088700084250,openfacts
4088700084298,openfacts
4088700084304,openfacts
4088700084311,openfacts
4088700084342,openfacts
4088700084366,openfacts
4088700084380,openfacts
4088700084397,openfacts
4088700084403,openfacts
4088700084410,openfacts
4088700084434,openfacts
4088700084441,openfacts
4088700084472,openfacts
4088700084489,openfacts
4088700084496,openfacts
4088700084502,openfacts
4088700084519,openfacts
4088700084526,openfacts
4088700084533,openfacts
4088700084632,openfacts
4088700084649,openfacts
4088700084663,openfacts
4088700085127,openfacts
4088700085325,openfacts
4088700085332,openfacts
4088700085417,openfacts
4088700085424,openfacts
4088700085561,openfacts
4088700085677,openfacts
4088700085691,openfacts
4088700085714,openfacts
4088700085721,openfacts
4088700085745,openfacts
4088700085806,openfacts
4088700085837,openfacts
4088700085899,openfacts
4088700085936,openfacts
4088700085950,openfacts
4088700086124,openfacts
4088700086131,openfacts
4088700086339,openfacts
4088700086360,openfacts
4088700086438,openfacts
4088700087008,openfacts
4088700087015,openfacts
4088700087022,openfacts
4088700087220,openfacts
4088700087237,openfacts
4088700087305,openfacts
4088700087312,openfacts
4088700087329,openfacts
4088700087336,openfacts
4088700087343,openfacts
4088700087350,openfacts
4088700087367,openfacts
4088700087374,openfacts
4088700087398,openfacts
4088700087404,openfacts
4088700087503,openfacts
4088700087510,openfacts
4088700087527,openfacts
4088700087572,openfacts
4088700087688,openfacts
4088700087961,openfacts
4088700087978,openfacts
4088700088012,openfacts
4088700088067,openfacts
4088700088258,openfacts
4088700088852,openfacts
4088700088890,openfacts
4088700089132,openfacts
4088700089149,openfacts
4088700089156,openfacts
4088700089255,openfacts
4088700089354,openfacts
4088700089378,openfacts
4088700089491,openfacts
4088700089507,openfacts
4088700089750,openfacts
4088700089781,openfacts
4088700089828,openfacts
4088700090015,openfacts
4088700090022,openfacts
4088700090039,openfacts
4088700090114,openfacts
4088700090121,openfacts
4088700090138,openfacts
4088700090152,openfacts
4088700090169,openfacts
4088700090404,openfacts
4088700090411,openfacts
4088700090428,openfacts
4088700090657,openfacts
4088700090763,openfacts
4088700090770,openfacts
4088700090824,openfacts
4088700090831,openfacts
4088700090879,openfacts
4088700090909,openfacts
4088700090916,openfacts
4088700091029,openfacts
4088700091036,openfacts
4088700091043,openfacts
4088700091050,openfacts
4088700091067,openfacts
4088700091074,openfacts
4088700091081,openfacts
4088700091098,openfacts
4088700091104,openfacts
4088700091135,openfacts
4088700091142,openfacts
4088700091159,openfacts
4088700091166,openfacts
4088700091173,openfacts
4088700091180,openfacts
4088700091197,openfacts
4088700091203,openfacts
4088700091210,openfacts
4088700091395,openfacts
4088700091456,openfacts
4088700091524,openfacts
4088700091531,openfacts
4088700091678,openfacts
4088700091685,openfacts
4088700091784,openfacts
4088700091906,openfacts
4088700091982,openfacts
4088700091999,openfacts
4088700092101,openfacts
4088700092125,openfacts
4088700092132,openfacts
4088700092255,openfacts
4088700092262,openfacts
4088700092316,openfacts
4088700092323,openfacts
4088700092354,openfacts
4088700092378,openfacts
4088700092460,openfacts
4088700092477,openfacts
4088700092484,openfacts
4088700092491,openfacts
4088700092507,openfacts
4088700092514,openfacts
4088700092552,openfacts
4088700092576,openfacts
4088700092583,openfacts
4088700092705,openfacts
4088700092750,openfacts
4088700092866,openfacts
4088700092873,openfacts
4088700092880,openfacts
4088700092972,openfacts
4088700093054,openfacts
4088700093092,openfacts
4088700093122,openfacts
4088700093153,openfacts
4088700093214,openfacts
4088700093245,openfacts
4088700093382,openfacts
4088700093771,openfacts
4088700093788,openfacts
4088700093795,openfacts
4088700093825,openfacts
4088700093900,openfacts
4088700093931,openfacts
4088700093955,openfacts
4088700094112,openfacts
4088700094129,openfacts
4088700094419,openfacts
4088700094570,openfacts
4088700094617,openfacts
4088700094709,openfacts
4088700094723,openfacts
4088700094730,openfacts
4088700094815,openfacts
4088700094822,openfacts
4088700094839,openfacts
4088700094860,openfacts
4088700094877,openfacts
4088700095171,openfacts
4088700095195,openfacts
4088700095218,openfacts
4088700095560,openfacts
4088700095768,openfacts
4088700095942,openfacts
4088700096499,openfacts
4088700096505,openfacts
4088700096529,openfacts
4088700096642,openfacts
4088700096680,openfacts
4088700096727,openfacts
4088700096734,openfacts
4088700096741,openfacts
4088700096758,openfacts
4088700096765,openfacts
4088700096789,openfacts
4088700097670,openfacts
4088700098080,openfacts
4088700098493,openfacts
4088700098639,openfacts
4088700098646,openfacts
4088700098653,openfacts
4088700098660,openfacts
4088700098868,openfacts
4088700098950,openfacts
4088700099537,openfacts
4088700099605,openfacts
4088700100172,openfacts
4088700100189,openfacts
4088700100233,openfacts
4088700100257,openfacts
4088700100264,openfacts
4088700100271,openfacts
4088700100295,openfacts
4088700100967,openfacts
4088700100998,openfacts
4088700101131,openfacts
4088700101148,openfacts
4088700101155,openfacts
4088700101278,openfacts
4088700101292,openfacts
4088700101322,openfacts
4088700101339,openfacts
4088700101346,openfacts
4088700101391,openfacts
4088700101407,openfacts
4088700101667,openfacts
4088700101704,openfacts
4088700101995,openfacts
4088700102008,openfacts
4088700102015,openfacts
4088700102022,openfacts
4088700102367,openfacts
4088700102374,openfacts
4088700102428,openfacts
4088700102497,openfacts
4088700102565,openfacts
4088700102602,openfacts
4088700102619,openfacts
4088700102848,openfacts
4088700102855,openfacts
4088700102916,openfacts
4088700102978,openfacts
4088700103265,openfacts
4088700103289,openfacts
4088700103357,openfacts
4088700103401,openfacts
4088700103418,openfacts
4088700103463,openfacts
4088700103470,openfacts
4088700103487,openfacts
4088700103555,openfacts
4088700103562,openfacts
4088700103708,openfacts
4088700104163,openfacts
4088700104170,openfacts
4088700104194,openfacts
4088700104385,openfacts
4088700104392,openfacts
4088700104408,openfacts
4088700104422,openfacts
4088700104637,openfacts
4088700104736,openfacts
4088700104798,openfacts
4088700104804,openfacts
4088700104866,openfacts
4088700105115,openfacts
4088700105122,openfacts
4088700105665,openfacts
4088700105672,openfacts
4088700105719,openfacts
4088700105726,openfacts
4088700105733,openfacts
4088700105955,openfacts
4088700106082,openfacts
4088700106105,openfacts
4088700106204,openfacts
4088700106211,openfacts
4088700106273,openfacts
4088700106372,openfacts
4088700106389,openfacts
4088700106396,openfacts
4088700106402,openfacts
4088700106440,openfacts
4088700106587,openfacts
4088700106600,openfacts
4088700106846,openfacts
4088700106884,openfacts
4088700106921,openfacts
4088700106976,openfacts
4088700107195,openfacts
4088700107232,openfacts
4088700107362,openfacts
4088700107812,openfacts
4088700107829,openfacts
4088700108048,openfacts
4088700109267,openfacts
4088700109274,openfacts
4088700109403,openfacts
4088700109465,openfacts
4088700109472,openfacts
4088700109533,openfacts
4088700109557,openfacts
4088700109564,openfacts
4088700109571,openfacts
4088700109588,openfacts
4088700109601,openfacts
4088700109618,openfacts
4088700109670,openfacts
4088700109687,openfacts
4088700109755,openfacts
4088700109861,openfacts
4088700109915,openfacts
4088700110386,openfacts
4088700110393,openfacts
4088700110423,openfacts
4088700110577,openfacts
4088700110683,openfacts
4088700110690,openfacts
4088700110706,openfacts
4088700110713,openfacts
4088700110720,openfacts
4088700110737,openfacts
4088700110799,openfacts
4088700110836,openfacts
4088700110843,openfacts
4088700110850,openfacts
4088700110867,openfacts
4088700110874,openfacts
4088700110911,openfacts
4088700110928,openfacts
4088700110935,openfacts
4088700110942,openfacts
4088700110959,openfacts
4088700111000,openfacts
4088700111253,openfacts
4088700111550,openfacts
4088700111819,openfacts
4088700111888,openfacts
4088700111895,openfacts
4088700111918,openfacts
4088700111925,openfacts
4088700111949,openfacts
4088700111956,openfacts
4088700111963,openfacts
4088700111970,openfacts
4088700111987,openfacts
4088700111994,openfacts
4088700112052,openfacts
4088700112151,openfacts
4088700112304,openfacts
4088700112731,openfacts
4088700112809,openfacts
4088700112878,openfacts
4088700112939,openfacts
4088700113097,openfacts
4088700113295,openfacts
4088700113325,openfacts
4088700113332,openfacts
4088700113349,openfacts
4088700113356,openfacts
4088700113363,openfacts
4088700113370,openfacts
4088700113387,openfacts
4088700113417,openfacts
4088700113431,openfacts
4088700113530,openfacts
4088700113820,openfacts
4088700113929,openfacts
4088700113936,openfacts
4088700113974,openfacts
4088700114056,openfacts
4088700114223,openfacts
4088700114247,openfacts
4088700114513,openfacts
4088700114537,openfacts
4088700114667,openfacts
4088700114698,openfacts
4088700114704,openfacts
4088700114728,openfacts
4088700114902,openfacts
4088700114919,openfacts
4088700114926,openfacts
4088700115060,openfacts
4088700115220,openfacts
4088700115244,openfacts
4088700115251,openfacts
4088700115268,openfacts
4088700115275,openfacts
4088700115350,openfacts
4088700115367,openfacts
4088700115374,openfacts
4088700115381,openfacts
4088700115442,openfacts
4088700115459,openfacts
4088700115503,openfacts
4088700115510,openfacts
4088700116142,openfacts
4088700116159,openfacts
4088700116166,openfacts
4088700116173,openfacts
4088700116258,openfacts
4088700116418,openfacts
4088700116425,openfacts
4088700116807,openfacts
4088700116883,openfacts
4088700117040,openfacts
4088700117392,openfacts
4088700117415,openfacts
4088700117521,openfacts
4088700118016,openfacts
4088700118108,openfacts
4088700118580,openfacts
4088700118597,openfacts
4088700118603,openfacts
4088700118610,openfacts
4088700118627,openfacts
4088700118634,openfacts
4088700118658,openfacts
4088700118665,openfacts
4088700118672,openfacts
4088700118719,openfacts
4088700119532,openfacts
4088700119549,openfacts
4088700119556,openfacts
4088700120019,openfacts
4088700120200,openfacts
4088700120248,openfacts
4088700120385,openfacts
4088700120392,openfacts
4088700120422,openfacts
4088700120521,openfacts
4088700120545,openfacts
4088700120606,openfacts
4088700120613,openfacts
4088700120910,openfacts
4088700120934,openfacts
4088700121382,openfacts
4088700121436,openfacts
4088700123232,openfacts
4088700123249,openfacts
4088700123256,openfacts
4088700123263,openfacts
4088700123355,openfacts
4088700123553,openfacts
4088700123621,openfacts
4088700123638,openfacts
4088700123645,openfacts
4088700124093,openfacts
4088700124284,openfacts
4088700124369,openfacts
4088700124376,openfacts
4088700124543,openfacts
4088700124802,openfacts
4088700124833,openfacts
4088700124963,openfacts
4088700124970,openfacts
4088700125274,openfacts
4088700125304,openfacts
4088700125311,openfacts
4088700125335,openfacts
4088700125359,openfacts
4088700125472,openfacts
4088700125533,openfacts
4088700125540,openfacts
4088700125557,openfacts
4088700125755,openfacts
4088700125922,openfacts
4088700126066,openfacts
4088700126424,openfacts
4088700126523,openfacts
4088700126547,openfacts
4088700126554,openfacts
4088700126608,openfacts
4088700126677,openfacts
4088700126721,openfacts
4088700126837,openfacts
4088700126844,openfacts
4088700126882,openfacts
4088700127155,openfacts
4088700127186,openfacts
4088700127193,openfacts
4088700127209,openfacts
4088700127230,openfacts
4088700127247,openfacts
4088700127261,openfacts
4088700127360,openfacts
4088700127582,openfacts
4088700127766,openfacts
4088700127841,openfacts
4088700128183,openfacts
4088700128206,openfacts
4088700128220,openfacts
4088700128237,openfacts
4088700128664,openfacts
4088700129074,openfacts
4088700129081,openfacts
4088700129142,openfacts
4088700129210,openfacts
4088700129227,openfacts
4088700129265,openfacts
4088700129364,openfacts
4088700129371,openfacts
4088700129395,openfacts
4088700129432,openfacts
4088700129449,openfacts
4088700129456,openfacts
4088700129555,openfacts
4088700129586,openfacts
4088700129593,openfacts
4088700129609,openfacts
4088700129975,openfacts
4088700129982,openfacts
4088700129999,openfacts
4088700130001,openfacts
4088700130018,openfacts
4088700131077,openfacts
4088700131084,openfacts
4088700131091,openfacts
4088700131152,openfacts
4088700131169,openfacts
4088700131176,openfacts
4088700131206,openfacts
4088700131213,openfacts
4088700131299,openfacts
4088700131312,openfacts
4088700131350,openfacts
4088700131404,openfacts
4088700131435,openfacts
4088700131756,openfacts
4088700132050,openfacts
4088700132111,openfacts
4088700132159,openfacts
4088700132197,openfacts
4088700132289,openfacts
4088700132296,openfacts
4088700132302,openfacts
4088700132517,openfacts
4088700132647,openfacts
4088700132685,openfacts
4088700132692,openfacts
4088700132777,openfacts
4088700132784,openfacts
4088700132791,openfacts
4088700132807,openfacts
4088700132951,openfacts
4088700132968,openfacts
4088700133088,openfacts
4088700133521,openfacts
4088700133538,openfacts
4088700133576,openfacts
4088700133590,openfacts
4088700133637,openfacts
4088700133644,openfacts
4088700133767,openfacts
4088700133774,openfacts
4088700133798,openfacts
4088700133835,openfacts
4088700133989,openfacts
4088700133996,openfacts
4088700134016,openfacts
4088700134023,openfacts
4088700134627,openfacts
4088700134672,openfacts
4088700134917,openfacts
4088700134924,openfacts
4088700134962,openfacts
4088700134979,openfacts
4088700134986,openfacts
4088700135013,openfacts
4088700135020,openfacts
4088700135198,openfacts
4088700135204,openfacts
4088700135211,openfacts
4088700135228,openfacts
4088700135259,openfacts
4088700135297,openfacts
4088700135327,openfacts
4088700135341,openfacts
4088700136188,openfacts
4088700136324,openfacts
4088700136355,openfacts
4088700136393,openfacts
4088700136409,openfacts
4088700136423,openfacts
4088700136492,openfacts
4088700136515,openfacts
4088700136522,openfacts
4088700136539,openfacts
4088700136546,openfacts
4088700136973,openfacts
4088700137079,openfacts
4088700137086,openfacts
4088700137116,openfacts
4088700137154,openfacts
4088700137215,openfacts
4088700137239,openfacts
4088700137246,openfacts
4088700137314,openfacts
4088700137321,openfacts
4088700137369,openfacts
4088700137420,openfacts
4088700137437,openfacts
4088700137444,openfacts
4088700137512,openfacts
4088700137703,openfacts
4088700137710,openfacts
4088700137727,openfacts
4088700137789,openfacts
4088700137796,openfacts
4088700137802,openfacts
4088700137819,openfacts
4088700137963,openfacts
4088700138007,openfacts
4088700138380,openfacts
4088700138397,openfacts
4088700139158,openfacts
4088700139653,openfacts
4088700139660,openfacts
4088700139677,openfacts
4088700139738,openfacts
4088700139769,openfacts
4088700139776,openfacts
4088700139981,openfacts
4088700140017,openfacts
4088700140024,openfacts
4088700140031,openfacts
4088700140734,openfacts
4088700140833,openfacts
4088700140857,openfacts
4088700141731,openfacts
4088700141786,openfacts
4088700141809,openfacts
4088700141854,openfacts
4088700141922,openfacts
4088700142271,openfacts
4088700142288,openfacts
4088700142493,openfacts
4088700142523,openfacts
4088700142660,openfacts
4088700142677,openfacts
4088700142684,openfacts
4088700142783,openfacts
4088700142790,openfacts
4088700142806,openfacts
4088700142813,openfacts
4088700142899,openfacts
4088700143155,openfacts
4088700143179,openfacts
4088700143261,openfacts
4088700143278,openfacts
4088700143322,openfacts
4088700143353,openfacts
4088700143490,openfacts
4088700143667,openfacts
4088700143674,openfacts
4088700143704,openfacts
4088700143711,openfacts
4088700143735,openfacts
4088700143742,openfacts
4088700143926,openfacts
4088700144107,openfacts
4088700144114,openfacts
4088700144121,openfacts
4088700144176,openfacts
4088700144466,openfacts
4088700145067,openfacts
4088700145159,openfacts
4088700145227,openfacts
4088700145951,openfacts
4088700145968,openfacts
4088700145999,openfacts
4088700146002,openfacts
4088700146064,openfacts
4088700146224,openfacts
4088700146248,openfacts
4088700146279,openfacts
4088700146286,openfacts
4088700146293,openfacts
4088700146477,openfacts
4088700146606,openfacts
4088700146859,openfacts
4088700146910,openfacts
4088700146927,openfacts
4088700147047,openfacts
4088700147122,openfacts
4088700147139,openfacts
4088700147344,openfacts
4088700148280,openfacts
4088700148303,openfacts
4088700148310,openfacts
4088700148419,openfacts
4088700148891,openfacts
4088700148907,openfacts
4088700149287,openfacts
4088700149614,openfacts
4088700149621,openfacts
4088700149959,openfacts
4088700149973,openfacts
4088700150511,openfacts
4088700150818,openfacts
4088700150979,openfacts
4088700151013,openfacts
4088700151020,openfacts
4088700151037,openfacts
4088700151228,openfacts
4088700151235,openfacts
4088700151242,openfacts
4088700151396,openfacts
4088700151549,openfacts
4088700151730,openfacts
4088700151747,openfacts
4088700151907,openfacts
4088700151921,openfacts
4088700152188,openfacts
4088700152232,openfacts
4088700152249,openfacts
4088700152270,openfacts
4088700152317,openfacts
4088700152416,openfacts
4088700152539,openfacts
4088700152584,openfacts
4088700152706,openfacts
4088700152737,openfacts
4088700152768,openfacts
4088700152775,openfacts
4088700152829,openfacts
4088700152911,openfacts
4088700152928,openfacts
4088700152966,openfacts
4088700152973,openfacts
4088700153062,openfacts
4088700153116,openfacts
4088700153307,openfacts
4088700153321,openfacts
4088700153383,openfacts
4088700153444,openfacts
4088700153468,openfacts
4088700153475,openfacts
4088700153512,openfacts
4088700153529,openfacts
4088700153536,openfacts
4088700153598,openfacts
4088700153604,openfacts
4088700153611,openfacts
4088700153628,openfacts
4088700153635,openfacts
4088700153642,openfacts
4088700153666,openfacts
4088700153673,openfacts
4088700153796,openfacts
4088700153819,openfacts
4088700153833,openfacts
4088700153871,openfacts
4088700153963,openfacts
4088700153970,openfacts
4088700153994,openfacts
4088700154014,openfacts
4088700154038,openfacts
4088700154052,openfacts
4088700154076,openfacts
4088700154083,openfacts
4088700154090,openfacts
4088700154106,openfacts
4088700154113,openfacts
4088700154137,openfacts
4088700154144,openfacts
4088700154151,openfacts
4088700154168,openfacts
4088700154175,openfacts
4088700154182,openfacts
4088700154212,openfacts
4088700154243,openfacts
4088700154250,openfacts
4088700154267,openfacts
4088700154434,openfacts
4088700154441,openfacts
4088700154489,openfacts
4088700154519,openfacts
4088700154526,openfacts
4088700154717,openfacts
4088700154748,openfacts
4088700154755,openfacts
4088700154779,openfacts
4088700154786,openfacts
4088700154816,openfacts
4088700154854,openfacts
4088700154878,openfacts
4088700154977,openfacts
4088700154984,openfacts
4088700154991,openfacts
4088700155028,openfacts
4088700155097,openfacts
4088700155875,openfacts
4088700155882,openfacts
4088700155905,openfacts
4088700155912,openfacts
4088700155929,openfacts
4088700156162,openfacts
4088700156179,openfacts
4088700156186,openfacts
4088700156193,openfacts
4088700156209,openfacts
4088700156216,openfacts
4088700156223,openfacts
4088700156230,openfacts
4088700156247,openfacts
4088700156254,openfacts
4088700156377,openfacts
4088700156391,openfacts
4088700156476,openfacts
4088700156490,openfacts
4088700156506,openfacts
4088700156537,openfacts
4088700156544,openfacts
4088700156551,openfacts
4088700156568,openfacts
4088700156582,openfacts
4088700156599,openfacts
4088700156605,openfacts
4088700156612,openfacts
4088700156629,openfacts
4088700156643,openfacts
4088700156650,openfacts
4088700156667,openfacts
4088700156674,openfacts
4088700156681,openfacts
4088700156698,openfacts
4088700156704,openfacts
4088700156711,openfacts
4088700156728,openfacts
4088700156735,openfacts
4088700156742,openfacts
4088700156759,openfacts
4088700156766,openfacts
4088700156773,openfacts
4088700156780,openfacts
4088700156919,openfacts
4088700156933,openfacts
4088700157008,openfacts
4088700157015,openfacts
4088700157022,openfacts
4088700157039,openfacts
4088700157046,openfacts
4088700157053,openfacts
4088700157060,openfacts
4088700157077,openfacts
4088700157084,openfacts
4088700157091,openfacts
4088700157107,openfacts
4088700157114,openfacts
4088700157121,openfacts
4088700157138,openfacts
4088700157145,openfacts
4088700157152,openfacts
4088700157169,openfacts
4088700157176,openfacts
4088700157183,openfacts
4088700157190,openfacts
4088700157206,openfacts
4088700157213,openfacts
4088700157268,openfacts
4088700157282,openfacts
4088700157305,openfacts
4088700157428,openfacts
4088700157435,openfacts
4088700157459,openfacts
4088700157503,openfacts
4088700157558,openfacts
4088700157626,openfacts
4088700157725,openfacts
4088700157749,openfacts
4088700157756,openfacts
4088700157770,openfacts
4088700157787,openfacts
4088700157794,openfacts
4088700157800,openfacts
4088700157817,openfacts
4088700157831,openfacts
4088700157848,openfacts
4088700157855,openfacts
4088700157886,openfacts
4088700157893,openfacts
4088700157947,openfacts
4088700157954,openfacts
4088700157985,openfacts
4088700157992,openfacts
4088700158029,openfacts
4088700158036,openfacts
4088700158074,openfacts
4088700158081,openfacts
4088700158104,openfacts
4088700158111,openfacts
4088700158128,openfacts
4088700158135,openfacts
4088700158142,openfacts
4088700158159,openfacts
4088700158180,openfacts
4088700158197,openfacts
4088700158227,openfacts
4088700158234,openfacts
4088700158241,openfacts
4088700158258,openfacts
4088700158326,openfacts
4088700158333,openfacts
4088700158340,openfacts
4088700158357,openfacts
4088700159149,openfacts
4088700159231,openfacts
4088700159255,openfacts
4088700159279,openfacts
4088700159286,openfacts
4088700159293,openfacts
4088700159309,openfacts
4088700159316,openfacts
4088700159354,openfacts
4088700159439,openfacts
4088700159484,openfacts
4088700159491,openfacts
4088700159620,openfacts
4088700159712,openfacts
4088700159736,openfacts
4088700159798,openfacts
4088700160039,openfacts
4088700160190,openfacts
4088700160206,openfacts
4088700160220,openfacts
4088700160237,openfacts
4088700160251,openfacts
4088700160275,openfacts
4088700160466,openfacts
4088700160473,openfacts
4088700160879,openfacts
4088700160893,openfacts
4088700160923,openfacts
4088700161159,openfacts
4088700161418,openfacts
4088700161425,openfacts
4088700161463,openfacts
4088700161470,openfacts
4088700162187,openfacts
4088700162224,openfacts
4088700162286,openfacts
4088700162330,openfacts
4088700162439,openfacts
4088700162644,openfacts
4088700163429,openfacts
4088700163436,openfacts
4088700163627,openfacts
4088700163733,openfacts
4088700163788,openfacts
4088700164204,openfacts
4088700164211,openfacts
4088700164655,openfacts
4088700164662,openfacts
4088700164952,openfacts
4088700164969,openfacts
4088700165058,openfacts
4088700165126,openfacts
4088700165133,openfacts
4088700165140,openfacts
4088700165157,openfacts
4088700165171,openfacts
4088700165461,openfacts
4088700165546,openfacts
4088700165553,openfacts
4088700165560,openfacts
4088700165577,openfacts
4088700165584,openfacts
4088700165591,openfacts
4088700165607,openfacts
4088700165638,openfacts
4088700165881,openfacts
4088700166338,openfacts
4088700166505,openfacts
4088700166581,openfacts
4088700166666,openfacts
4088700166758,openfacts
4088700166772,openfacts
4088700166789,openfacts
4088700166796,openfacts
4088700166802,openfacts
4088700166826,openfacts
4088700166833,openfacts
4088700166840,openfacts
4088700166857,openfacts
4088700166864,openfacts
4088700166871,openfacts
4088700166888,openfacts
4088700166895,openfacts
4088700166918,openfacts
4088700166925,openfacts
4088700166932,openfacts
4088700166949,openfacts
4088700167014,openfacts
4088700167113,openfacts
4088700167441,openfacts
4088700167465,openfacts
4088700167472,openfacts
4088700167816,openfacts
4088700167854,openfacts
4088700167861,openfacts
4088700167878,openfacts
4088700167885,openfacts
4088700167892,openfacts
4088700167915,openfacts
4088700167984,openfacts
4088700168073,openfacts
4088700168103,openfacts
4088700168127,openfacts
4088700168165,openfacts
4088700168318,openfacts
4088700168332,openfacts
4088700168349,openfacts
4088700168356,openfacts
4088700169032,openfacts
4088700169438,openfacts
4088700169476,openfacts
4088700169483,openfacts
4088700169490,openfacts
4088700169506,openfacts
4088700169544,openfacts
4088700169742,openfacts
4088700169759,openfacts
4088700169773,openfacts
4088700169872,openfacts
4088700170007,openfacts
4088700170038,openfacts
4088700170250,openfacts
4088700170267,openfacts
4088700170274,openfacts
4088700170342,openfacts
4088700170359,openfacts
4088700170366,openfacts
4088700171370,openfacts
4088700171417,openfacts
4088700172384,openfacts
4088700172421,openfacts
4088700172438,openfacts
4088700172445,openfacts
4088700172452,openfacts
4088700172469,openfacts
4088700172476,openfacts
4088700172483,openfacts
4088700172568,openfacts
4088700172575,openfacts
4088700172711,openfacts
4088700172810,openfacts
4088700173121,openfacts
4088700173268,openfacts
4088700174401,openfacts
4088700174647,openfacts
4088700175170,openfacts
4088700175187,openfacts
4088700175255,openfacts
4088700175378,openfacts
4088700175385,openfacts
4088700175392,openfacts
4088700175408,openfacts
4088700175415,openfacts
4088700175446,openfacts
4088700175453,openfacts
4088700175460,openfacts
4088700175545,openfacts
4088700175552,openfacts
4088700175576,openfacts
4088700175583,openfacts
4088700175743,openfacts
4088700175873,openfacts
4088700175903,openfacts
4088700175934,openfacts
4088700176016,openfacts
4088700176108,openfacts
4088700176115,openfacts
4088700176122,openfacts
4088700176139,openfacts
4088700176146,openfacts
4088700176160,openfacts
4088700176177,openfacts
4088700176207,openfacts
4088700176214,openfacts
4088700176221,openfacts
4088700176245,openfacts
4088700176252,openfacts
4088700176269,openfacts
4088700176276,openfacts
4088700176283,openfacts
4088700176290,openfacts
4088700176306,openfacts
4088700176313,openfacts
4088700176337,openfacts
4088700176344,openfacts
4088700176351,openfacts
4088700176375,openfacts
4088700176382,openfacts
4088700176399,openfacts
4088700176405,openfacts
4088700176412,openfacts
4088700176429,openfacts
4088700176436,openfacts
4088700176467,openfacts
4088700177440,openfacts
4088700177815,openfacts
4088700177983,openfacts
4088700178195,openfacts
4088700178201,openfacts
4088700178300,openfacts
4088700178331,openfacts
4088700178621,openfacts
4088700178638,openfacts
4088700178942,openfacts
4088700178959,openfacts
4088700179239,openfacts
4088700179314,openfacts
4088700179321,openfacts
4088700179352,openfacts
4088700179468,openfacts
4088700179543,openfacts
4088700179932,openfacts
4088700179956,openfacts
4088700179963,openfacts
4088700179970,openfacts
4088700179987,openfacts
4088700179994,openfacts
4088700180006,openfacts
4088700180099,openfacts
4088700180136,openfacts
4088700180143,openfacts
4088700180365,openfacts
4088700180389,openfacts
4088700180396,openfacts
4088700180501,openfacts
4088700180662,openfacts
4088700180679,openfacts
4088700180686,openfacts
4088700180723,openfacts
4088700180730,openfacts
4088700181195,openfacts
4088700181218,openfacts
4088700181393,openfacts
4088700181409,openfacts
4088700181416,openfacts
4088700181423,openfacts
4088700181430,openfacts
4088700181454,openfacts
4088700181478,openfacts
4088700182284,openfacts
4088700182994,openfacts
4088700183236,openfacts
4088700183762,openfacts
4088700183786,openfacts
4088700183823,openfacts
4088700184691,openfacts
4088700184707,openfacts
4088700184714,openfacts
4088700184721,openfacts
4088700184752,openfacts
4088700185094,openfacts
4088700185315,openfacts
4088700186367,openfacts
4088700186374,openfacts
4088700186923,openfacts
4088700186954,openfacts
4088700187135,openfacts
4088700187173,openfacts
4088700187180,openfacts
4088700187197,openfacts
4088700187623,openfacts
4088700187630,openfacts
4088700187647,openfacts
4088700188279,openfacts
4088700188354,openfacts
4088700189085,openfacts
4088700189221,openfacts
4088700189238,openfacts
4088700189245,openfacts
4088700189283,openfacts
4088700189313,openfacts
4088700189320,openfacts
4088700189535,openfacts
4088700190012,openfacts
4088700190029,openfacts
4088700190036,openfacts
4088700190128,openfacts
4088700190241,openfacts
4088700190302,openfacts
4088700190357,openfacts
4088700190371,openfacts
4088700190388,openfacts
4088700190562,openfacts
4088700190579,openfacts
4088700190616,openfacts
4088700190784,openfacts
4088700191019,openfacts
4088700191163,openfacts
4088700191170,openfacts
4088700191187,openfacts
4088700191194,openfacts
4088700191200,openfacts
4088700191217,openfacts
4088700191750,openfacts
4088700191767,openfacts
4088700191774,openfacts
4088700191873,openfacts
4088700192184,openfacts
4088700192191,openfacts
4088700192313,openfacts
4088700193495,openfacts
4088700193570,openfacts
4088700193716,openfacts
4088700193808,openfacts
4088700193815,openfacts
4088700193822,openfacts
4088700194164,openfacts
4088700194393,openfacts
4088700194409,openfacts
4088700194416,openfacts
4088700194423,openfacts
4088700194430,openfacts
4088700194508,openfacts
4088700194553,openfacts
4088700194584,openfacts
4088700194621,openfacts
4088700194638,openfacts
4088700195369,openfacts
4088700195611,openfacts
4088700195635,openfacts
4088700196359,openfacts
4088700196410,openfacts
4088700196540,openfacts
4088700197394,openfacts
4088700197400,openfacts
4088700197417,openfacts
4088700197424,openfacts
4088700197431,openfacts
4088700197462,openfacts
4088700197615,openfacts
4088700197622,openfacts
4088700197684,openfacts
4088700197929,openfacts
4088700197936,openfacts
4088700198032,openfacts
4088700198209,openfacts
4088700198360,openfacts
4088700198728,openfacts
4088700198735,openfacts
4088700198803,openfacts
4088700199749,openfacts
4088700199954,openfacts
4088700200001,openfacts
4088700200124,openfacts
4088700200131,openfacts
4088700200162,openfacts
4088700200216,openfacts
4088700200223,openfacts
4088700200278,openfacts
4088700200315,openfacts
4088700201183,openfacts
4088700201367,openfacts
4088700201787,openfacts
4088700201794,openfacts
4088700201800,openfacts
4088700201831,openfacts
4088700201862,openfacts
4088700201923,openfacts
4088700202029,openfacts
4088700202036,openfacts
4088700202081,openfacts
4088700202098,openfacts
4088700202104,openfacts
4088700202159,openfacts
4088700202371,openfacts
4088700203002,openfacts
4088700203019,openfacts
4088700203026,openfacts
4088700203033,openfacts
4088700203040,openfacts
4088700203255,openfacts
4088700203262,openfacts
4088700203279,openfacts
4088700203309,openfacts
4088700203316,openfacts
4088700203323,openfacts
4088700203330,openfacts
4088700203347,openfacts
4088700203354,openfacts
4088700203385,openfacts
4088700203392,openfacts
4088700203880,openfacts
4088700203996,openfacts
4088700204009,openfacts
4088700204016,openfacts
4088700204023,openfacts
4088700204030,openfacts
4088700204047,openfacts
4088700204054,openfacts
4088700204160,openfacts
4088700204429,openfacts
4088700204436,openfacts
4088700204443,openfacts
4088700204450,openfacts
4088700204481,openfacts
4088700204535,openfacts
4088700204610,openfacts
4088700204627,openfacts
4088700205068,openfacts
4088700205174,openfacts
4088700205648,openfacts
4088700205655,openfacts
4088700205778,openfacts
4088700205884,openfacts
4088700205990,openfacts
4088700206034,openfacts
4088700206119,openfacts
4088700206126,openfacts
4088700206140,openfacts
4088700206188,openfacts
4088700206577,openfacts
4088700206584,openfacts
4088700206881,openfacts
4088700206935,openfacts
4088700206966,openfacts
4088700207062,openfacts
4088700207086,openfacts
4088700207109,openfacts
4088700207116,openfacts
4088700207734,openfacts
4088700207765,openfacts
4088700207772,openfacts
4088700207963,openfacts
4088700207987,openfacts
4088700208397,openfacts
4088700210086,openfacts
4088700210109,openfacts
4088700210116,openfacts
4088700210123,openfacts
4088700210161,openfacts
4088700210208,openfacts
4088700210215,openfacts
4088700210246,openfacts
4088700210987,openfacts
4088700210994,openfacts
4088700211243,openfacts
4088700211892,openfacts
4088700211908,openfacts
4088700212080,openfacts
4088700212899,openfacts
4088700213100,openfacts
4088700213223,openfacts
4088700213230,openfacts
4088700213247,openfacts
4088700213285,openfacts
4088700213377,openfacts
4088700213483,openfacts
4088700213629,openfacts
4088700213803,openfacts
4088700214084,openfacts
4088700214091,openfacts
4088700214107,openfacts
4088700214312,openfacts
4088700214329,openfacts
4088700214404,openfacts
4088700214565,openfacts
4088700214886,openfacts
4088700214893,openfacts
4088700214992,openfacts
4088700215234,openfacts
4088700215241,openfacts
4088700215265,openfacts
4088700215371,openfacts
4088700215388,openfacts
4088700215395,openfacts
4088700215401,openfacts
4088700215418,openfacts
4088700215425,openfacts
4088700215432,openfacts
4088700215449,openfacts
4088700215456,openfacts
4088700215517,openfacts
4088700215524,openfacts
4088700215586,openfacts
4088700216859,openfacts
4088700217351,openfacts
4088700217368,openfacts
4088700217689,openfacts
4088700217696,openfacts
4088700217702,openfacts
4088700217849,openfacts
4088700218105,openfacts
4088700218266,openfacts
4088700218273,openfacts
4088700218280,openfacts
4088700218648,openfacts
4088700218839,openfacts
4088700218846,openfacts
4088700219119,openfacts
4088700219126,openfacts
4088700219478,openfacts
4088700219553,openfacts
4088700219737,openfacts
4088700219744,openfacts
4088700220122,openfacts
4088700220245,openfacts
4088700220269,openfacts
4088700220559,openfacts
4088700221501,openfacts
4088700221631,openfacts
4088700221686,openfacts
4088700221693,openfacts
4088700221716,openfacts
4088700221761,openfacts
4088700221907,openfacts
4088700222348,openfacts
4088700223611,openfacts
4088700223949,openfacts
4088700224182,openfacts
4088700224472,openfacts
4088700224526,openfacts
4088700224540,openfacts
4088700225448,openfacts
4088700225523,openfacts
4088700225530,openfacts
4088700225547,openfacts
4088700226056,openfacts
4088700226117,openfacts
4088700226230,openfacts
4088700226247,openfacts
4088700226421,openfacts
4088700226438,openfacts
4088700227831,openfacts
4088700228258,openfacts
4088700228357,openfacts
4088700228371,openfacts
4088700229477,openfacts
4088700230558,openfacts
4088700231326,openfacts
4088700231647,openfacts
4088700232040,openfacts
4088700232125,openfacts
4088700233115,openfacts
4088700233122,openfacts
4088700233160,openfacts
4088700233177,openfacts
4088700233184,openfacts
4088700233191,openfacts
4088700233269,openfacts
4088700233580,openfacts
4088700233696,openfacts
4088700234372,openfacts
4088700234709,openfacts
4088700235621,openfacts
4088700235836,openfacts
4088700235843,openfacts
4088700236352,openfacts
4088700236369,openfacts
4088700236598,openfacts
4088700236789,openfacts
4088700236826,openfacts
4088700236833,openfacts
4088700236840,openfacts
4088700236864,openfacts
4088700237007,openfacts
4088700237533,openfacts
4088700237601,openfacts
4088700237618,openfacts
4088700237625,openfacts
4088700237687,openfacts
4088700237755,openfacts
4088700237762,openfacts
4088700237779,openfacts
4088700237809,openfacts
4088700237816,openfacts
4088700238455,openfacts
4088700238462,openfacts
4088700238516,openfacts
4088700238523,openfacts
4088700239520,openfacts
4088700239537,openfacts
4088700239544,openfacts
4088700240465,openfacts
4088700240960,openfacts
4088700240984,openfacts
4088700241066,openfacts
4088700241622,openfacts
4088700241738,openfacts
4088700241745,openfacts
4088700242100,openfacts
4088700242230,openfacts
4088700243107,openfacts
4088700243114,openfacts
4088700246481,openfacts
4088700246801,openfacts
4088700247365,openfacts
4088700248126,openfacts
4088700248201,openfacts
4088700248584,openfacts
4088700249116,openfacts
4088700249161,openfacts
4088700249208,openfacts
4088700249901,openfacts
4088700250556,openfacts
4088700250631,openfacts
4088700250648,openfacts
4088700250952,openfacts
4088700250969,openfacts
4088700252024,openfacts
4088700252048,openfacts
4088700252079,openfacts
4088700252086,openfacts
4088700252161,openfacts
4088700252215,openfacts
4088700252222,openfacts
4088700252253,openfacts
4088700252260,openfacts
4088700252284,openfacts
4088700252291,openfacts
4088700252864,openfacts
4088700252888,openfacts
4088700252925,openfacts
4088700253052,openfacts
4088700253069,openfacts
4088700253137,openfacts
4088700254622,openfacts
4088700257463,openfacts
4088700257715,openfacts
4088700258279,openfacts
4088700258422,openfacts
4088700258705,openfacts
4088700258767,openfacts
4088700259375,openfacts
4088700259382,openfacts
4088700259429,openfacts
4088700259603,openfacts
4088700260401,openfacts
4088700261132,openfacts
4088700261668,openfacts
4088700261675,openfacts
4088700261750,openfacts
4088700262023,openfacts
4088700263464,openfacts
4088700263594,openfacts
4088700263754,openfacts
4088700263761,openfacts
4088700263792,openfacts
4088700264058,openfacts
4088700264072,openfacts
4088700264546,openfacts
4088700264553,openfacts
4088700264560,openfacts
4088700264584,openfacts
4088700264591,openfacts
4088700264775,openfacts
4088700264805,openfacts
4088700265444,openfacts
4088700265451,openfacts
4088700266366,openfacts
4088700266397,openfacts
4088700266403,openfacts
4088700266410,openfacts
4088700266427,openfacts
4088700266434,openfacts
4088700266489,openfacts
4088700266496,openfacts
4088700266502,openfacts
4088700266519,openfacts
4088700266649,openfacts
4088700266656,openfacts
4088700267165,openfacts
4088700267479,openfacts
4088700267486,openfacts
4088700267585,openfacts
4088700267608,openfacts
4088700267905,openfacts
4088700268568,openfacts
4088700268582,openfacts
4088700268599,openfacts
4088700268605,openfacts
4088700268629,openfacts
4088700268643,openfacts
4088700269077,openfacts
4088700270318,openfacts
4088700271063,openfacts
4088700271070,openfacts
4088700271650,openfacts
4088700271773,openfacts
4088700271872,openfacts
4088700273531,openfacts
4088700274545,openfacts
4088700275252,openfacts
4088700275603,openfacts
4088700275610,openfacts
4088700275634,openfacts
4088700275726,openfacts
4088700275733,openfacts
4088700275948,openfacts
4088700277171,openfacts
4088700279182,openfacts
4088700279304,openfacts
4088700279359,openfacts
4088700279397,openfacts
4088700279427,openfacts
4088700282779,openfacts
4088700284759,openfacts
4088700285138,openfacts
4088700285305,openfacts
4088700285695,openfacts
4088700285701,openfacts
4088700287408,openfacts
4088700287415,openfacts
4088700287422,openfacts
4088700289129,openfacts
4088700289136,openfacts
4088700289143,openfacts
4088700291641,openfacts
4088700293478,openfacts
4088700293485,openfacts
4088700294314,openfacts
4088700294727,openfacts
4088700294741,openfacts
4088700294758,openfacts
4088700295168,openfacts
4088700295427,openfacts
4088700296714,openfacts
4088700297094,openfacts
4088700298589,openfacts
4088700298596,openfacts
4088700299449,openfacts
4088700300169,openfacts
4088700300923,openfacts
4088700300930,openfacts
4088700300947,openfacts
4088700301197,openfacts
4088700305980,openfacts
4088700306840,openfacts
4088700308486,openfacts
4088700309186,openfacts
4088700312674,openfacts
4088700312681,openfacts
4088700312704,openfacts
4088700313503,openfacts
4088700315248,openfacts
4088700316504,openfacts
4088700318225,openfacts
4088700318362,openfacts
4088700318379,openfacts
4088700318911,openfacts
4088700318928,openfacts
4088700319871,openfacts
4088700321867,openfacts
4088700321980,openfacts
4088700322253,openfacts
4088700322536,openfacts
4088700323151,openfacts
4088700325476,openfacts
4088700330883,openfacts
4088700330890,openfacts
4088700331163,openfacts
4088700331187,openfacts
4088700331767,openfacts
4088700331774,openfacts
4088700332252,openfacts
4088700332641,openfacts
4088700332900,openfacts
4088700333013,openfacts
4088700333129,openfacts
4088700333136,openfacts
4088700333143,openfacts
4088700333150,openfacts
4088700334775,openfacts
4088700335857,openfacts
4088700337950,openfacts
4088700338117,openfacts
4088700338261,openfacts
4088700338308,openfacts
4088700338315,openfacts
4088700338322,openfacts
4088700339183,openfacts
4088700339404,openfacts
4088700339411,openfacts
4088700342404,openfacts
4088700342411,openfacts
4088700342442,openfacts
4088700343982,openfacts
4088700343999,openfacts
4088700344163,openfacts
4088700344729,openfacts
4088700344736,openfacts
4088700344828,openfacts
4088700344835,openfacts
4088700344842,openfacts
4088700344859,openfacts
4088700344873,openfacts
4088700345245,openfacts
4088700345252,openfacts
4088700345269,openfacts
4088700347706,openfacts
4088700348222,openfacts
4088700348369,openfacts
4088700350508,openfacts
4088700353882,openfacts
4088700353936,openfacts
4088700353967,openfacts
4088700353974,openfacts
4088700354186,openfacts
4088700354230,openfacts
4088700354254,openfacts
4088700354261,openfacts
4088700354278,openfacts
4088700354315,openfacts
4088700354346,openfacts
4088700354353,openfacts
4088700354360,openfacts
4088700354391,openfacts
4088700354407,openfacts
4088700354414,openfacts
4088700354506,openfacts
4088700354513,openfacts
4088700354520,openfacts
4088700354551,openfacts
4088700354568,openfacts
4088700354575,openfacts
4088700354599,openfacts
4088700354612,openfacts
4088700354629,openfacts
4088700354636,openfacts
4088700354643,openfacts
4088700354667,openfacts
4088700354698,openfacts
4088700354704,openfacts
4088700354742,openfacts
4088700354759,openfacts
4088700354766,openfacts
4088700354773,openfacts
4088700354780,openfacts
4088700354834,openfacts
4088700354865,openfacts
4088700354872,openfacts
4088700354889,openfacts
4088700354919,openfacts
4088700354933,openfacts
4088700354988,openfacts
4088700355039,openfacts
4088700355046,openfacts
4088700355053,openfacts
4088700355060,openfacts
4088700355077,openfacts
4088700355114,openfacts
4088700355213,openfacts
4088700355220,openfacts
4088700355237,openfacts
4088700355305,openfacts
4088700355336,openfacts
4088700355398,openfacts
4088700355404,openfacts
4088700355411,openfacts
4088700355442,openfacts
4088700355459,openfacts
4088700355503,openfacts
4088700355602,openfacts
4088700355619,openfacts
4088700355633,openfacts
4088700355763,openfacts
4088700355923,openfacts
4088700355930,openfacts
4088700355954,openfacts
4088700355978,openfacts
4088700356043,openfacts
4088700356050,openfacts
4088700356067,openfacts
4088700356074,openfacts
4088700356081,openfacts
4088700356098,openfacts
4088700356104,openfacts
4088700356111,openfacts
4088700356128,openfacts
4088700356135,openfacts
4088700356142,openfacts
4088700356166,openfacts
4088700356227,openfacts
4088700356272,openfacts
4088700356319,openfacts
4088700356333,openfacts
4088700356340,openfacts
4088700356357,openfacts
4088700356364,openfacts
4088700356388,openfacts
4088700356395,openfacts
4088700356401,openfacts
4088700356531,openfacts
4088700356548,openfacts
4088700356555,openfacts
4088700356579,openfacts
4088700356586,openfacts
4088700356593,openfacts
4088700356609,openfacts
4088700356616,openfacts
4088700356623,openfacts
4088700356630,openfacts
4088700356654,openfacts
4088700356678,openfacts
4088700356722,openfacts
4088700356739,openfacts
4088700356746,openfacts
4088700356760,openfacts
4088700356821,openfacts
4088700356838,openfacts
4088700356845,openfacts
4088700356852,openfacts
4088700356869,openfacts
4088700356876,openfacts
4088700356883,openfacts
4088700356937,openfacts
4088700356944,openfacts
4088700356951,openfacts
4088700356975,openfacts
4088700356982,openfacts
4088700356999,openfacts
4088700357002,openfacts
4088700357019,openfacts
4088700357040,openfacts
4088700357057,openfacts
4088700357064,openfacts
4088700357071,openfacts
4088700357088,openfacts
4088700357095,openfacts
4088700357125,openfacts
4088700357132,openfacts
4088700357149,openfacts
4088700357163,openfacts
4088700357217,openfacts
4088700500750,openfacts
4089063933100,openfacts
4089640695056,openfacts
4089915057725,openfacts
