ean13,source
0000000016872,usda
0000000018265,usda
0000000018319,usda
0000000018340,usda
0000000018753,usda
0000000033626,usda
0000000033640,usda
0000000034791,usda
0000000035071,usda
0000000038096,usda
0000000039093,usda
0000000039208,usda
0000000043595,usda
0000000045346,usda
0000000045483,usda
0000000924665,usda
0000003444009,usda
0000020039127,usda
0000020039707,usda
0000020042509,usda
0000020043070,usda
0000020043087,usda
0000020043124,usda
0000020043131,usda
0000020044015,usda
0000020044480,usda
0000020044503,usda
0000020045616,usda
0000020045791,usda
0000020045807,usda
0000020046231,usda
0000020046255,usda
0000020046262,usda
0000020046576,usda
0000020047108,usda
0000020047818,usda
0000020047825,usda
0000020048174,usda
0000020048358,usda
0000020048402,usda
0000020048556,usda
0000020049010,usda
0000020072353,usda
0000020153144,usda
0000020273866,usda
0000020431457,usda
0000020729783,usda
0000020730864,usda
0000020731687,usda
0000020733322,usda
0000020733643,usda
0000020733728,usda
0000020735159,usda
0000020738952,usda
0000020741402,usda
0000020742508,usda
0000020743864,usda
0000020744038,usda
0000020865603,usda
0000020866204,usda
0000020866938,usda
0000020867157,usda
0000020867966,usda
0000020988333,usda
0000050000272,usda
0000050074877,usda
0000050074983,usda
0000050075058,usda
0000050098781,usda
0000050098804,usda
0000050105038,usda
0000050105052,usda
0000050105083,usda
0000050105090,usda
0000050105137,usda
0000050201013,usda
0000050201105,usda
0000050201464,usda
0000050201600,usda
0000050201815,usda
0000050201969,usda
0000050224227,usda
0000050312351,usda
0000050312719,usda
0000050413201,usda
0000050414598,usda
0000050414611,usda
0000050511334,usda
0000050599219,usda
0000050658053,usda
0000050833917,usda
0000050985098,usda
0000076145520,usda
0000096032503,usda
0000096032534,usda
0000096033180,usda
0000096033197,usda
0000096033203,usda
0000096033210,usda
0000096049945,usda
0000096071472,usda
0000096090329,usda
0000096095232,usda
0000096095249,usda
0000096098936,usda
0000096103258,usda
0000096119341,usda
0000096120651,usda
0000096132449,usda
0000096132456,usda
0000096133262,usda
0000096139448,usda
0000100000160,openfacts
0000100000191,openfacts
0000100000252,openfacts
0000100000504,openfacts
0000100000511,openfacts
0000100000528,openfacts
0000100000573,openfacts
0000100000603,openfacts
0000100000610,openfacts
0000100000627,openfacts
0000100000634,openfacts
0000100000689,openfacts
0000100000696,openfacts
0000100000719,openfacts
0000100000726,openfacts
0000100000801,openfacts
0000100000887,openfacts
0000100000894,openfacts
0000100002157,openfacts
0000100006278,openfacts
0000100240061,openfacts
0000100283129,openfacts
0000100292688,openfacts
0000100561067,openfacts
0000100701005,openfacts
0000100894271,openfacts
0000101000053,openfacts
0000101019680,openfacts
0000101156170,openfacts
0000101209159,openfacts
0000101211046,openfacts
0000101403175,openfacts
0000101403199,openfacts
0000101906409,openfacts
0000102041987,openfacts
0000102049853,openfacts
0000102072165,openfacts
0000102200155,openfacts
0000102991701,openfacts
0000103010104,openfacts
0000103224075,openfacts
0000103753209,openfacts
0000103976394,openfacts
0000104026241,openfacts
0000104052486,openfacts
0000105000011,usda
0000105000042,usda
0000105000059,openfacts
0000105000066,openfacts
0000105000073,openfacts
0000105000196,usda
0000105000219,usda
0000105000318,usda
0000105000356,usda
0000105000363,openfacts
0000105000417,usda
0000105120597,openfacts
0000105200923,usda
0000105200961,usda
0000105753061,openfacts
0000105753078,openfacts
0000106006890,openfacts
0000106007576,openfacts
0000106008559,openfacts
0000107652270,openfacts
0000107797209,openfacts
0000109160254,openfacts
0000109161473,usda
0000109161497,openfacts
0000109161534,openfacts
0000109161756,usda
0000109161763,openfacts
0000109161787,usda
0000109161794,usda
0000109161800,openfacts
0000109161817,openfacts
0000109162425,usda
0000109162432,usda
0000109162470,openfacts
0000109162548,openfacts
0000109162562,openfacts
0000109162609,usda
0000109165808,openfacts
0000109166454,openfacts
0000109610001,openfacts
0000109614986,openfacts
0000109670166,openfacts
0000110000105,openfacts
0000110000303,openfacts
0000110000402,openfacts
0000110000600,openfacts
0000110001102,openfacts
0000110001805,openfacts
0000110002109,openfacts
0000110002901,openfacts
0000110003502,openfacts
0000110003601,openfacts
0000110003700,openfacts
0000110003809,openfacts
0000110003908,openfacts
0000110006305,openfacts
0000110006503,openfacts
0000110006701,openfacts
0000110006909,openfacts
0000110007005,openfacts
0000110007081,openfacts
0000110007104,openfacts
0000110007302,openfacts
0000110007500,openfacts
0000110007807,openfacts
0000110007906,openfacts
0000110008101,openfacts
0000110008200,openfacts
0000110009405,openfacts
0000110009504,openfacts
0000110010371,openfacts
0000110010708,openfacts
0000110011002,openfacts
0000110011101,openfacts
0000110011804,openfacts
0000110102809,openfacts
0000110124160,openfacts
0000110210900,openfacts
0000110213628,openfacts
0000110243007,openfacts
0000110417606,openfacts
0000110595656,openfacts
0000110737049,openfacts
0000111048403,usda
0000111103201,openfacts
0000111222049,openfacts
0000111301201,usda
0000111301263,usda
0000111396856,openfacts
0000111855247,openfacts
0000112252458,usda
0000112282486,openfacts
0000112302627,openfacts
0000112302641,openfacts
0000112302689,openfacts
0000112302696,openfacts
0000112302757,openfacts
0000112307271,openfacts
0000112407452,openfacts
0000112407469,openfacts
0000112407476,openfacts
0000112407544,openfacts
0000112407575,openfacts
0000113021824,openfacts
0000113022890,openfacts
0000114220004,openfacts
0000116043304,openfacts
0000116043502,openfacts
0000116043601,openfacts
0000116300018,openfacts
0000116329286,openfacts
0000119010099,openfacts
0000120150197,openfacts
0000120157653,openfacts
0000120497216,openfacts
0000120644412,openfacts
0000120810084,openfacts
0000121019028,openfacts
0000121055774,openfacts
0000122262843,openfacts
0000123123129,openfacts
0000123456784,openfacts
0000123457033,openfacts
0000123457934,openfacts
0000123589727,openfacts
0000124000009,openfacts
0000124024111,openfacts
0000124061451,openfacts
0000127534563,usda
0000127534587,usda
0000127601906,openfacts
0000128643325,openfacts
0000130008136,openfacts
0000130101240,openfacts
0000130480055,openfacts
0000130954358,openfacts
0000131019063,openfacts
0000131032475,openfacts
0000131038750,openfacts
0000131081954,openfacts
0000131327786,openfacts
0000131335927,openfacts
0000131904444,openfacts
0000132901343,openfacts
0000134010227,openfacts
0000134851998,openfacts
0000135019687,openfacts
0000136010485,openfacts
0000136593544,openfacts
0000137007224,openfacts
0000137008535,openfacts
0000138017055,openfacts
0000138276810,openfacts
0000139002104,openfacts
0000139312210,openfacts
0000140319598,openfacts
0000140323687,openfacts
0000140513132,openfacts
0000140636220,openfacts
0000141013129,openfacts
0000141016403,openfacts
0000142000210,openfacts
0000142516599,openfacts
0000143010362,openfacts
0000143015749,openfacts
0000144019029,openfacts
0000144482588,openfacts
0000145001016,openfacts
0000146013124,openfacts
0000146044999,openfacts
0000149018379,openfacts
0000149070001,openfacts
0000150300050,openfacts
0000150484118,openfacts
0000151009686,openfacts
0000151009709,openfacts
0000151012280,openfacts
0000151012297,openfacts
0000151012914,openfacts
0000153294967,openfacts
0000153336483,openfacts
0000154007696,openfacts
0000154325417,openfacts
0000155011159,openfacts
0000155014105,openfacts
0000155032734,openfacts
0000156025919,openfacts
0000157180402,openfacts
0000158011156,openfacts
0000159019687,openfacts
0000159457878,usda
0000159479269,usda
0000159487776,usda
0000163012735,openfacts
0000163207063,openfacts
0000166015740,openfacts
0000167012465,openfacts
0000167195922,openfacts
0000167324292,openfacts
0000167942007,openfacts
0000168013126,openfacts
0000168175589,usda
0000168178238,usda
0000170330815,openfacts
0000170780825,openfacts
0000171042724,openfacts
0000171812457,openfacts
0000178222600,openfacts
0000179025910,openfacts
0000180338504,openfacts
0000181009847,openfacts
0000181013127,openfacts
0000182006180,openfacts
0000183013125,openfacts
0000184670242,openfacts
0000186234244,openfacts
0000187402284,openfacts
0000189354987,openfacts
0000190014436,openfacts
0000191013124,openfacts
0000192017053,openfacts
0000192495165,openfacts
0000193675528,openfacts
0000195212035,openfacts
0000195237007,openfacts
0000197571406,openfacts
0000199000102,openfacts
0000200000008,openfacts
0000200000015,openfacts
0000200000282,openfacts
0000200000411,openfacts
0000200003146,openfacts
0000200010496,openfacts
0000200014012,openfacts
0000200024936,openfacts
0000200030012,openfacts
0000200054209,openfacts
0000200061115,openfacts
0000200204901,openfacts
0000200375991,openfacts
0000200418315,openfacts
0000201130001,openfacts
0000201521199,openfacts
0000201523018,openfacts
0000201900147,openfacts
0000201900154,openfacts
0000201900888,openfacts
0000201910320,openfacts
0000201912201,openfacts
0000202000051,openfacts
0000202000792,openfacts
0000202000990,openfacts
0000202015062,openfacts
0000202020318,openfacts
0000202200710,openfacts
0000202200772,openfacts
0000202877974,openfacts
0000203111312,openfacts
0000203260980,openfacts
0000204286484,openfacts
0000205010101,openfacts
0000205713590,openfacts
0000207025004,openfacts
0000207062276,openfacts
0000208007443,openfacts
0000208032018,openfacts
0000208066259,usda
0000209024937,openfacts
0000209773750,openfacts
0000210000104,openfacts
0000210000302,openfacts
0000210001002,openfacts
0000210001101,openfacts
0000210001804,openfacts
0000210002306,openfacts
0000210002405,openfacts
0000210003006,openfacts
0000210003105,openfacts
0000210003280,openfacts
0000210004508,openfacts
0000210310098,openfacts
0000210791743,openfacts
0000211756000,openfacts
0000214006492,openfacts
0000216001501,openfacts
0000216001518,openfacts
0000217019352,openfacts
0000220000200,openfacts
0000220627056,openfacts
0000221047792,openfacts
0000221053748,openfacts
0000222000116,openfacts
0000222221931,openfacts
0000223038798,openfacts
0000223480306,openfacts
0000224297798,openfacts
0000224344003,openfacts
0000224501413,openfacts
0000227883417,openfacts
0000228000080,openfacts
0000229759901,openfacts
0000231243139,openfacts
0000232478998,openfacts
0000234000326,openfacts
0000234022960,openfacts
0000234234233,openfacts
0000236555909,usda
0000236598784,usda
0000241013128,openfacts
0000241178179,openfacts
0000241256907,openfacts
0000243019029,openfacts
0000243701108,openfacts
0000244309525,openfacts
0000244934031,openfacts
0000247016406,openfacts
0000247019025,openfacts
0000249048214,openfacts
0000249316399,openfacts
0000250000003,openfacts
0000250507304,openfacts
0000250632969,openfacts
0000256019023,openfacts
0000256480403,openfacts
0000258406906,openfacts
0000260440264,openfacts
0000260465670,openfacts
0000260814065,openfacts
0000261120790,openfacts
0000262030487,openfacts
0000264437413,openfacts
0000265217182,openfacts
0000266037390,openfacts
0000267859403,openfacts
0000268000088,openfacts
0000269053397,openfacts
0000269053656,openfacts
0000269092754,openfacts
0000271248811,openfacts
0000272003532,openfacts
0000272005024,openfacts
0000276005600,openfacts
0000279891101,openfacts
0000281102059,openfacts
0000281621505,openfacts
0000281756504,usda
0000283026124,openfacts
0000283296022,openfacts
0000288001881,openfacts
0000289112401,openfacts
0000290010086,openfacts
0000290153097,openfacts
0000290211001,openfacts
0000290220089,openfacts
0000290520073,openfacts
0000295501152,openfacts
0000296077410,openfacts
0000298434464,openfacts
0000299928689,openfacts
0000300000625,openfacts
0000300000991,openfacts
0000300003756,openfacts
0000300015742,openfacts
0000300047699,openfacts
0000300119006,openfacts
0000300169001,openfacts
0000300208021,openfacts
0000300208045,openfacts
0000300300152,usda
0000300696330,openfacts
0000300920169,openfacts
0000301000013,openfacts
0000301030096,openfacts
0000302040575,openfacts
0000305013064,openfacts
0000307103930,openfacts
0000309074801,openfacts
0000309321479,openfacts
0000309444901,usda
0000309507996,usda
0000309508009,usda
0000309512075,usda
0000309514604,usda
0000310000004,openfacts
0000310000103,openfacts
0000310000202,openfacts
0000310000509,openfacts
0000310001100,openfacts
0000310001704,openfacts
0000310002503,openfacts
0000310002602,openfacts
0000310413620,openfacts
0000310769109,openfacts
0000313676213,openfacts
0000314511476,openfacts
0000316042640,openfacts
0000317020999,openfacts
0000320006041,openfacts
0000321089432,openfacts
0000321207461,openfacts
0000321237789,openfacts
0000322001082,openfacts
0000322247183,openfacts
0000322247411,openfacts
0000322609110,openfacts
0000322847000,openfacts
0000324361009,openfacts
0000324542262,openfacts
0000325039167,openfacts
0000325297000,openfacts
0000325456957,openfacts
0000325622017,openfacts
0000325798026,openfacts
0000326036134,openfacts
0000327019013,openfacts
0000327072001,openfacts
0000328720000,openfacts
0000329210166,openfacts
0000329279583,openfacts
0000330039381,openfacts
0000330060330,openfacts
0000331096529,openfacts
0000331728390,openfacts
0000332233343,openfacts
0000333033300,openfacts
0000333333127,usda
0000333333165,usda
0000333333356,usda
0000333554065,openfacts
0000333650323,openfacts
0000334005818,openfacts
0000334181277,openfacts
0000334260026,openfacts
0000334410001,openfacts
0000334747398,openfacts
0000335667404,openfacts
0000335685101,openfacts
0000335907951,openfacts
0000336230003,openfacts
0000337454330,openfacts
0000337616783,openfacts
0000338003353,openfacts
0000338004206,openfacts
0000338004404,openfacts
0000339696042,openfacts
0000340100095,openfacts
0000340476046,openfacts
0000340796663,openfacts
0000342482793,openfacts
0000342827211,openfacts
0000342973000,openfacts
0000344035966,openfacts
0000344747456,openfacts
0000344747753,openfacts
0000344749351,openfacts
0000344961500,openfacts
0000344961517,openfacts
0000345244633,openfacts
0000345324212,openfacts
0000346634952,openfacts
0000347075044,openfacts
0000347882000,openfacts
0000349600275,openfacts
0000350034007,openfacts
0000350119001,openfacts
0000352160933,openfacts
0000354053363,openfacts
0000354468013,openfacts
0000354602370,openfacts
0000355614006,openfacts
0000356470069,openfacts
0000359017636,openfacts
0000359833731,openfacts
0000360030303,openfacts
0000360053005,usda
0000360054002,usda
0000360055009,usda
0000360430080,openfacts
0000361040950,openfacts
0000364521210,openfacts
0000364532506,openfacts
0000364781706,openfacts
0000364786039,openfacts
0000364910052,openfacts
0000365502447,openfacts
0000366023033,openfacts
0000367011008,openfacts
0000367045591,openfacts
0000367681133,openfacts
0000368001121,openfacts
0000368001251,openfacts
0000368002371,openfacts
0000368003989,openfacts
0000370000754,openfacts
0000370002994,openfacts
0000370268222,openfacts
0000370525974,openfacts
0000373131516,openfacts
0000373679810,openfacts
0000375249608,openfacts
0000375460003,openfacts
0000376027557,openfacts
0000376495776,openfacts
0000376667647,openfacts
0000376810210,openfacts
0000376893589,openfacts
0000377001051,openfacts
0000377310269,openfacts
0000377446333,openfacts
0000379865996,openfacts
0000380102080,openfacts
0000380102202,openfacts
0000380102615,openfacts
0000380331367,openfacts
0000380351754,openfacts
0000380851407,openfacts
0000380901256,openfacts
0000381687951,openfacts
0000382266988,openfacts
0000385259420,openfacts
0000385528168,openfacts
0000386248676,openfacts
0000387400059,openfacts
0000388204465,openfacts
0000390000000,openfacts
0000390100212,openfacts
0000390100366,openfacts
0000390100618,openfacts
0000390101202,openfacts
0000390101615,openfacts
0000390101707,openfacts
0000390101752,openfacts
0000390101936,openfacts
0000390102537,openfacts
0000390102742,openfacts
0000390102780,openfacts
0000390102797,openfacts
0000390103237,openfacts
0000390204071,openfacts
0000390331371,openfacts
0000394545361,openfacts
0000400001294,openfacts
0000400005001,openfacts
0000400010098,openfacts
0000400012467,openfacts
0000400041375,openfacts
0000400061656,openfacts
0000400240518,openfacts
0000400283362,openfacts
0000400548010,openfacts
0000400864431,openfacts
0000401406807,openfacts
0000401452859,openfacts
0000402899813,openfacts
0000403000096,openfacts
0000403140075,openfacts
0000404004147,openfacts
0000404012968,openfacts
0000404021564,openfacts
0000404056306,openfacts
0000404073099,openfacts
0000404239303,openfacts
0000404415417,openfacts
0000404441515,openfacts
0000404544896,openfacts
0000404605696,openfacts
0000404662347,openfacts
0000404663122,openfacts
0000404667441,openfacts
0000405017511,openfacts
0000405852877,openfacts
0000406204262,openfacts
0000407996500,openfacts
0000408222189,openfacts
0000408361673,openfacts
0000408615301,openfacts
0000409728116,openfacts
0000410000102,openfacts
0000410000201,openfacts
0000410000409,openfacts
0000410001307,openfacts
0000410001406,openfacts
0000410001505,openfacts
0000410002403,openfacts
0000410003509,openfacts
0000410265273,openfacts
0000411104007,openfacts
0000412000001,openfacts
0000412271098,openfacts
0000412293410,openfacts
0000413320184,openfacts
0000413770163,openfacts
0000414519105,openfacts
0000417011002,usda
0000417012009,openfacts
0000417296003,openfacts
0000420240000,openfacts
0000420546959,openfacts
0000421015003,openfacts
0000421030174,openfacts
0000422020310,openfacts
0000422383828,openfacts
0000423500606,openfacts
0000424048008,openfacts
0000427650307,openfacts
0000430000335,openfacts
0000430340035,openfacts
0000433070274,usda
0000433657451,openfacts
0000433821494,usda
0000433821500,usda
0000433904326,openfacts
0000433904425,openfacts
0000433906023,usda
0000433906030,usda
0000437503044,openfacts
0000440000349,openfacts
0000440001001,openfacts
0000440001018,openfacts
0000440004910,openfacts
0000440311155,openfacts
0000440415488,openfacts
0000440999056,openfacts
0000441118593,openfacts
0000441518553,openfacts
0000441674440,openfacts
0000442001146,openfacts
0000442008800,openfacts
0000442811776,openfacts
0000443328327,openfacts
0000444035576,openfacts
0000444280921,openfacts
0000444401210,openfacts
0000444439336,openfacts
0000444458368,openfacts
0000444555333,openfacts
0000444585675,openfacts
0000444789332,openfacts
0000444893060,openfacts
0000445054064,openfacts
0000448972280,openfacts
0000450041950,openfacts
0000450193000,usda
0000450193024,usda
0000450193031,usda
0000450787001,openfacts
0000451040846,openfacts
0000451700016,usda
0000452507409,openfacts
0000454536209,openfacts
0000454595893,openfacts
0000454870006,openfacts
0000455918011,openfacts
0000456001071,openfacts
0000456045136,openfacts
0000456065448,openfacts
0000457457457,openfacts
0000460013428,openfacts
0000460013909,openfacts
0000460938714,openfacts
0000461490273,openfacts
0000465347108,openfacts
0000465370526,openfacts
0000465770050,openfacts
0000465804434,openfacts
0000467400009,openfacts
0000470025305,openfacts
0000470322800,openfacts
0000471782283,openfacts
0000474007970,openfacts
0000474009660,openfacts
0000474032378,openfacts
0000474046207,openfacts
0000474065963,openfacts
0000474071483,openfacts
0000474073036,openfacts
0000477414034,openfacts
0000477644455,openfacts
0000478321065,openfacts
0000481059085,openfacts
0000481237490,openfacts
0000483151503,openfacts
0000484000145,openfacts
0000484004990,openfacts
0000484005003,openfacts
0000485411476,openfacts
0000490347036,openfacts
0000490416701,openfacts
0000490607260,openfacts
0000491126685,openfacts
0000493086581,openfacts
0000493141402,openfacts
0000493181026,openfacts
0000494030040,openfacts
0000495344139,openfacts
0000498637320,openfacts
0000499384773,openfacts
0000500000050,openfacts
0000500000142,openfacts
0000500047758,openfacts
0000500088416,openfacts
0000500096862,openfacts
0000500104277,openfacts
0000500275755,openfacts
0000500391226,openfacts
0000500440481,openfacts
0000500543304,openfacts
0000501017057,openfacts
0000501023676,openfacts
0000501050603,openfacts
0000501100599,openfacts
0000501100902,openfacts
0000501100971,openfacts
0000501101589,openfacts
0000501102609,openfacts
0000501377465,openfacts
0000501501303,openfacts
0000502003110,openfacts
0000502003509,openfacts
0000502006746,openfacts
0000502008207,openfacts
0000502009846,openfacts
0000502715112,openfacts
0000503295330,openfacts
0000503500014,openfacts
0000504044531,openfacts
0000504104402,openfacts
0000504151710,openfacts
0000505013123,openfacts
0000505412773,openfacts
0000505557054,openfacts
0000505844475,openfacts
0000506105032,openfacts
0000506361346,openfacts
0000506606270,openfacts
0000508007389,openfacts
0000508028629,openfacts
0000508038734,openfacts
0000508302668,openfacts
0000508612996,openfacts
0000509005582,openfacts
0000509563693,openfacts
0000510009845,openfacts
0000510013125,openfacts
0000510016409,openfacts
0000510140234,openfacts
0000510990204,openfacts
0000512493833,openfacts
0000513070101,openfacts
0000515000076,openfacts
0000515467015,openfacts
0000515988534,openfacts
0000517811922,openfacts
0000518007331,openfacts
0000518200145,openfacts
0000518857615,openfacts
0000520002997,openfacts
0000522061596,openfacts
0000525009069,openfacts
0000525014438,openfacts
0000525357511,openfacts
0000526020711,openfacts
0000526693403,openfacts
0000526938306,openfacts
0000527000057,openfacts
0000527016553,openfacts
0000527551337,openfacts
0000528006560,openfacts
0000529015745,openfacts
0000530030645,openfacts
0000530280811,openfacts
0000530280835,openfacts
0000530646921,openfacts
0000533026171,openfacts
0000534040145,openfacts
0000535000575,openfacts
0000535010307,openfacts
0000535036031,openfacts
0000537984507,openfacts
0000538084763,openfacts
0000539003206,usda
0000539360033,openfacts
0000540111273,openfacts
0000540309304,openfacts
0000541528650,openfacts
0000543825863,openfacts
0000544021295,openfacts
0000544356045,openfacts
0000544444001,openfacts
0000544602340,openfacts
0000544922097,openfacts
0000545139135,openfacts
0000545161327,openfacts
0000545459967,openfacts
0000546294666,openfacts
0000547404828,openfacts
0000547693024,openfacts
0000550003865,openfacts
0000550011495,openfacts
0000550049634,openfacts
0000550550550,openfacts
0000550744621,openfacts
0000551019681,openfacts
0000554004509,openfacts
0000554033325,openfacts
0000554355755,openfacts
0000554650560,openfacts
0000555984046,openfacts
0000556464646,openfacts
0000557910210,openfacts
0000559005617,openfacts
0000559901162,openfacts
0000561300335,openfacts
0000563048532,openfacts
0000563600648,openfacts
0000567008648,openfacts
0000569021652,openfacts
0000570007102,openfacts
0000570053338,openfacts
0000570262051,openfacts
0000570965815,openfacts
0000573040670,openfacts
0000575008326,openfacts
0000579000098,openfacts
0000580019355,openfacts
0000580161313,openfacts
0000582463330,openfacts
0000583006239,openfacts
0000584019351,openfacts
0000585990093,openfacts
0000587366513,openfacts
0000590001777,openfacts
0000590008622,openfacts
0000590009964,openfacts
0000590011721,openfacts
0000590020006,openfacts
0000590322520,openfacts
0000590507101,openfacts
0000591841310,openfacts
0000592020004,openfacts
0000593344000,openfacts
0000594406400,openfacts
0000595027437,openfacts
0000595416477,openfacts
0000597600270,openfacts
0000598893190,openfacts
0000599266993,openfacts
0000600020002,openfacts
0000600036744,openfacts
0000600043438,openfacts
0000600302993,openfacts
0000601015748,openfacts
0000601041846,openfacts
0000601265969,openfacts
0000602013125,openfacts
0000602220004,openfacts
0000604001571,openfacts
0000604007221,openfacts
0000604068505,openfacts
0000605013450,openfacts
0000606009841,openfacts
0000607019023,openfacts
0000608459101,openfacts
0000609002696,openfacts
0000609020003,openfacts
0000609124107,usda
0000609133703,usda
0000609154005,usda
0000609159802,openfacts
0000609167005,usda
0000609168606,openfacts
0000609231508,usda
0000609234103,usda
0000609340767,usda
0000609346752,usda
0000609406104,usda
0000609407002,usda
0000609407101,usda
0000609441006,openfacts
0000609610006,usda
0000609611003,usda
0000609618064,usda
0000609620067,usda
0000609741342,openfacts
0000609900114,openfacts
0000609941001,usda
0000609941049,usda
0000609941759,usda
0000609941766,usda
0000609962037,usda
0000609962044,usda
0000609962082,usda
0000609965007,usda
0000609983001,usda
0000609983032,usda
0000609983803,usda
0000609983810,usda
0000609989010,usda
0000609989027,usda
0000610414808,openfacts
0000611339049,openfacts
0000611339056,openfacts
0000611339094,openfacts
0000611604208,openfacts
0000612007022,openfacts
0000615184812,openfacts
0000619013149,openfacts
0000620987811,openfacts
0000621030004,openfacts
0000626610744,openfacts
0000626742001,openfacts
0000626861733,openfacts
0000627026247,openfacts
0000628006569,openfacts
0000630000005,openfacts
0000630006564,openfacts
0000630047680,openfacts
0000630135615,openfacts
0000630135714,openfacts
0000630135745,usda
0000630135899,openfacts
0000630135936,usda
0000630138791,usda
0000630138982,usda
0000630843237,openfacts
0000631687335,openfacts
0000633003430,openfacts
0000634748095,openfacts
0000640000002,openfacts
0000640062505,openfacts
0000640093554,openfacts
0000640616975,openfacts
0000641002067,openfacts
0000643540581,openfacts
0000644000770,openfacts
0000644054667,openfacts
0000645000946,openfacts
0000645005750,openfacts
0000646938163,openfacts
0000647019021,openfacts
0000647023615,openfacts
0000650000009,openfacts
0000650010800,openfacts
0000650054569,openfacts
0000650685930,openfacts
0000650783681,openfacts
0000651000107,usda
0000651002125,usda
0000651003016,usda
0000651003214,usda
0000651011004,openfacts
0000651011011,usda
0000651041001,usda
0000651041018,usda
0000651041025,usda
0000651041032,usda
0000651100906,openfacts
0000651110363,openfacts
0000651111018,usda
0000651111070,usda
0000651111117,openfacts
0000651119076,openfacts
0000651172514,openfacts
0000651210179,openfacts
0000651213019,usda
0000651213026,usda
0000651313009,usda
0000651317007,openfacts
0000651319001,usda
0000651319018,usda
0000651319025,usda
0000651319032,usda
0000651466040,openfacts
0000651511009,usda
0000651511016,usda
0000651511023,usda
0000651511030,openfacts
0000651563206,openfacts
0000651700229,usda
0000651702506,usda
0000651741000,openfacts
0000651813004,openfacts
0000651813028,openfacts
0000651813103,openfacts
0000651881058,openfacts
0000651904498,openfacts
0000651961033,openfacts
0000651967042,openfacts
0000651967127,openfacts
0000652020005,openfacts
0000653007548,openfacts
0000653020004,openfacts
0000653334736,openfacts
0000653930006,openfacts
0000654036134,openfacts
0000654067206,openfacts
0000654098484,openfacts
0000654124527,openfacts
0000654132973,openfacts
0000654159826,openfacts
0000654248759,openfacts
0000654593316,openfacts
0000655066000,openfacts
0000659000406,openfacts
0000659001113,openfacts
0000659344005,openfacts
0000659416900,openfacts
0000660000006,openfacts
0000660438977,openfacts
0000660541004,openfacts
0000661004928,openfacts
0000664001436,openfacts
0000665408746,openfacts
0000665626362,openfacts
0000666012799,openfacts
0000666999991,openfacts
0000667009514,openfacts
0000670000003,openfacts
0000670002496,openfacts
0000670161483,openfacts
0000670162039,openfacts
0000670373473,openfacts
0000670529733,openfacts
0000671107886,openfacts
0000671115089,openfacts
0000672016408,openfacts
0000672446731,openfacts
0000673663335,openfacts
0000673665292,openfacts
0000674040722,openfacts
0000674497496,openfacts
0000674808025,openfacts
0000675000411,openfacts
0000675006567,openfacts
0000675008530,openfacts
0000675626963,openfacts
0000675666037,openfacts
0000676487273,openfacts
0000676887349,openfacts
0000679059439,openfacts
0000679344214,openfacts
0000679626563,openfacts
0000680000000,openfacts
0000680000017,openfacts
0000680000024,openfacts
0000680220170,openfacts
0000682009841,openfacts
0000682081892,openfacts
0000682335353,openfacts
0000683442920,openfacts
0000684800019,openfacts
0000684800071,openfacts
0000684800842,openfacts
0000684800934,openfacts
0000684801030,openfacts
0000685877812,openfacts
0000687252914,openfacts
0000687771279,openfacts
0000690000007,openfacts
0000690009406,openfacts
0000690440032,openfacts
0000690502006,openfacts
0000691652007,openfacts
0000693031428,openfacts
0000696031005,openfacts
0000696303201,openfacts
0000698309041,usda
0000698465815,usda
0000700000003,openfacts
0000700010002,openfacts
0000700030031,openfacts
0000700155710,openfacts
0000702900028,openfacts
0000702900035,openfacts
0000702900073,openfacts
0000703075442,openfacts
0000709760021,openfacts
0000709810238,openfacts
0000709950668,openfacts
0000710000000,openfacts
0000710000208,openfacts
0000715745470,openfacts
0000718046994,openfacts
0000719008861,openfacts
0000720000007,openfacts
0000720656334,openfacts
0000723023324,openfacts
0000724000058,openfacts
0000726813601,openfacts
0000729181042,openfacts
0000729437217,openfacts
0000729437224,openfacts
0000729437262,openfacts
0000730000004,openfacts
0000730012144,openfacts
0000731220036,openfacts
0000732074300,openfacts
0000732285287,wikidata
0000735100808,openfacts
0000735101065,openfacts
0000739000012,openfacts
0000740000001,openfacts
0000740060203,openfacts
0000742561968,openfacts
0000744132692,openfacts
0000744614037,openfacts
0000745748335,openfacts
0000746203680,openfacts
0000746264452,openfacts
0000750000008,openfacts
0000750003641,openfacts
0000750270333,openfacts
0000751704219,openfacts
0000752073451,openfacts
0000753564903,openfacts
0000754049300,openfacts
0000755001116,openfacts
0000760061761,openfacts
0000762221071,openfacts
0000763004765,openfacts
0000764001169,usda
0000764001770,usda
0000764001787,usda
0000764003033,usda
0000764003040,usda
0000764114944,usda
0000764708617,openfacts
0000764708655,openfacts
0000764708662,openfacts
0000764708686,usda
0000764708709,openfacts
0000764708716,usda
0000764716698,usda
0000764716704,usda
0000766710014,openfacts
0000766879568,openfacts
0000769000006,openfacts
0000770324146,openfacts
0000772040877,openfacts
0000772143714,openfacts
0000772194419,openfacts
0000776782933,openfacts
0000777489800,openfacts
0000777777075,openfacts
0000780016406,openfacts
0000783295556,openfacts
0000785003647,openfacts
0000787421227,openfacts
0000790001201,openfacts
0000790100027,usda
0000790100058,usda
0000790105008,usda
0000790105015,usda
0000790105039,usda
0000790105046,usda
0000790105251,usda
0000790105268,usda
0000790105275,usda
0000790105282,usda
0000790110002,usda
0000790110019,usda
0000790110026,usda
0000790110033,usda
0000790110040,usda
0000790110057,usda
0000790120032,usda
0000790200116,usda
0000790200123,usda
0000790200130,usda
0000790200185,openfacts
0000790200192,openfacts
0000790300007,usda
0000790310013,openfacts
0000790310020,openfacts
0000790310044,openfacts
0000790310068,usda
0000790310075,usda
0000790310082,usda
0000790320005,usda
0000790320036,usda
0000790320067,usda
0000790320111,usda
0000790320128,usda
0000790320135,usda
0000790350002,usda
0000790350019,usda
0000790350040,usda
0000790350125,usda
0000790350170,usda
0000790350187,usda
0000790350378,usda
0000790350385,usda
0000790400004,usda
0000790400028,usda
0000790400042,usda
0000790400066,usda
0000790400301,usda
0000790400325,usda
0000790400349,usda
0000790400363,openfacts
0000790410003,usda
0000790410010,openfacts
0000790410027,usda
0000790410034,usda
0000790410041,usda
0000790410058,usda
0000790410065,usda
0000790410553,usda
0000790420002,usda
0000790430018,usda
0000790430063,usda
0000790430070,usda
0000790440017,openfacts
0000790440024,usda
0000790440031,openfacts
0000790440055,usda
0000790500025,openfacts
0000790500117,usda
0000790500148,usda
0000790500186,usda
0000790500230,usda
0000790500247,usda
0000790500254,usda
0000790520603,usda
0000790520702,usda
0000790620105,usda
0000790620112,usda
0000790800019,usda
0000790800026,usda
0000790870012,usda
0000790870029,usda
0000790870036,usda
0000790870043,openfacts
0000790870067,openfacts
0000790870074,openfacts
0000790870210,openfacts
0000790870227,openfacts
0000790870234,openfacts
0000790870241,openfacts
0000790870432,openfacts
0000790870449,openfacts
0000790870517,openfacts
0000790870548,openfacts
0000790900115,usda
0000790900122,usda
0000790900139,openfacts
0000792009847,openfacts
0000793401206,openfacts
0000800000002,openfacts
0000800007001,openfacts
0000800025104,openfacts
0000800100047,openfacts
0000800100108,openfacts
0000800100122,openfacts
0000800100306,openfacts
0000800125125,openfacts
0000800135001,openfacts
0000800179319,openfacts
0000800200013,openfacts
0000800200020,openfacts
0000800200037,openfacts
0000800200044,openfacts
0000800200068,openfacts
0000800200099,openfacts
0000800200129,openfacts
0000800200198,openfacts
0000800200297,openfacts
0000800703637,openfacts
0000801100206,openfacts
0000803000061,openfacts
0000803108392,openfacts
0000804039091,openfacts
0000805274569,openfacts
0000805903384,openfacts
0000806029526,openfacts
0000807685455,openfacts
0000808080808,openfacts
0000808091804,openfacts
0000810000009,openfacts
0000812384466,openfacts
0000819009843,openfacts
0000822006563,openfacts
0000825000094,openfacts
0000827000160,openfacts
0000830000003,openfacts
0000832206373,openfacts
0000834687408,openfacts
0000835766119,openfacts
0000835766317,usda
0000835766331,usda
0000835766355,usda
0000835766553,usda
0000835766560,openfacts
0000835766577,usda
0000835766584,usda
0000835766607,usda
0000835766614,usda
0000839968168,openfacts
0000840000000,openfacts
0000840031318,openfacts
0000841016017,openfacts
0000844000709,openfacts
0000844100874,openfacts
0000844314301,openfacts
0000844690016,openfacts
0000850041086,openfacts
0000850390061,openfacts
0000850600108,usda
0000855020000,openfacts
0000855858528,openfacts
0000856003507,openfacts
0000856006508,openfacts
0000856036918,openfacts
0000859448046,openfacts
0000860048006,openfacts
0000861020179,openfacts
0000861020186,openfacts
0000861040672,usda
0000861468056,openfacts
0000862820518,openfacts
0000869379248,openfacts
0000869380688,openfacts
0000869380756,openfacts
0000870000001,openfacts
0000880000008,openfacts
0000880688787,openfacts
0000886100252,openfacts
0000888810098,openfacts
0000890000005,openfacts
0000890127023,openfacts
0000894242920,openfacts
0000895213547,openfacts
0000897094311,openfacts
0000898013021,openfacts
0000899020004,openfacts
0000899472001,openfacts
0000900059023,openfacts
0000900120129,openfacts
0000900873490,openfacts
0000900976061,openfacts
0000901000017,usda
0000901000024,openfacts
0000901000055,openfacts
0000901000079,openfacts
0000901000093,openfacts
0000901000291,openfacts
0000901002042,openfacts
0000901005005,usda
0000901528924,openfacts
0000901567893,openfacts
0000901589765,openfacts
0000901602686,openfacts
0000901652599,openfacts
0000901881036,openfacts
0000901881074,openfacts
0000901881135,openfacts
0000901881203,openfacts
0000901881227,openfacts
0000901881234,openfacts
0000901881241,openfacts
0000901881265,openfacts
0000901881326,openfacts
0000901881333,openfacts
0000901885003,openfacts
0000901887007,openfacts
0000901887106,openfacts
0000903556390,openfacts
0000904344187,openfacts
0000905020004,openfacts
0000906893133,openfacts
0000907006563,openfacts
0000907042042,openfacts
0000908258275,openfacts
0000909008534,openfacts
0000909109910,openfacts
0000912842873,openfacts
0000913175079,openfacts
0000914006754,openfacts
0000918000017,openfacts
0000920384402,openfacts
0000920915651,openfacts
0000920964451,openfacts
0000924424029,openfacts
0000924985490,openfacts
0000926550245,openfacts
0000927001791,openfacts
0000927002217,openfacts
0000927023540,openfacts
0000928598382,openfacts
0000928611210,openfacts
0000930614346,openfacts
0000932120005,openfacts
0000932832366,openfacts
0000933257014,openfacts
0000936013129,openfacts
0000937606337,openfacts
0000939333330,openfacts
0000939474026,openfacts
0000940042252,openfacts
0000940086331,openfacts
0000941573786,openfacts
0000941574004,openfacts
0000941845289,openfacts
0000942692875,openfacts
0000943020004,openfacts
0000943037224,openfacts
0000944430543,openfacts
0000944853441,openfacts
0000945088033,openfacts
0000945393953,openfacts
0000946001154,usda
0000946002120,usda
0000946002915,usda
0000946003127,usda
0000946004964,usda
0000946111020,usda
0000946111099,usda
0000946111105,usda
0000946111136,usda
0000946111204,usda
0000946111501,usda
0000946130007,usda
0000946400209,usda
0000946400247,usda
0000946500572,usda
0000946701306,usda
0000946701504,usda
0000946701573,usda
0000946706004,usda
0000946800504,usda
0000946801211,usda
0000946803116,usda
0000946804106,usda
0000946901539,usda
0000946901614,usda
0000946903632,usda
0000946906206,usda
0000946906466,usda
0000946908293,usda
0000946909016,usda
0000946909023,usda
0000946909078,usda
0000949390033,openfacts
0000949947435,openfacts
0000950004936,openfacts
0000950005520,openfacts
0000951505364,openfacts
0000954498762,openfacts
0000959320181,openfacts
0000960000867,openfacts
0000961012500,openfacts
0000962434363,openfacts
0000964234664,openfacts
0000964653663,openfacts
0000965855868,openfacts
0000967320340,openfacts
0000968101276,openfacts
0000968112005,openfacts
0000968112500,openfacts
0000970517607,openfacts
0000970517621,openfacts
0000970517645,openfacts
0000971476231,openfacts
0000973249574,openfacts
0000973997529,openfacts
0000974008217,openfacts
0000974300144,usda
0000975427055,openfacts
0000976017323,openfacts
0000976017347,openfacts
0000976045548,openfacts
0000977790904,openfacts
0000977827068,openfacts
0000978474803,openfacts
0000978582904,openfacts
0000978582928,openfacts
0000978607164,openfacts
0000978623508,openfacts
0000978623775,openfacts
0000979105010,openfacts
0000979237551,openfacts
0000979237575,openfacts
0000979237599,openfacts
0000979814035,openfacts
0000980000212,openfacts
0000980034316,openfacts
0000980108611,openfacts
0000980183267,openfacts
0000980250082,openfacts
0000980785683,openfacts
0000980814154,openfacts
0000981111610,openfacts
0000981450481,openfacts
0000981489566,openfacts
0000981592518,openfacts
0000982182824,openfacts
0000982483341,openfacts
0000982658039,openfacts
0000982737482,openfacts
0000983301033,openfacts
0000983304508,openfacts
0000983511647,openfacts
0000983789886,openfacts
0000983833411,openfacts
0000984155857,openfacts
0000984156618,openfacts
0000984600357,openfacts
0000984621161,openfacts
0000990000004,openfacts
0000990077372,openfacts
0000990285739,openfacts
0000992800947,openfacts
0000992934765,openfacts
0000993024472,openfacts
0000993195752,openfacts
0000995683073,openfacts
0000996284712,usda
0000996907895,openfacts
0000998700722,openfacts
0000998844013,openfacts
0000999010158,openfacts
0000999289103,openfacts
0000999943456,openfacts
0000999999019,openfacts
0001000000106,openfacts
0001000000410,openfacts
0001000001189,openfacts
0001000001271,openfacts
0001000001592,openfacts
0001000004005,openfacts
0001000005415,openfacts
0001000006672,openfacts
0001000008218,openfacts
0001000008706,openfacts
0001000014257,openfacts
0001000021415,openfacts
0001000039748,openfacts
0001000048238,openfacts
0001000093511,openfacts
0001000263310,openfacts
0001000306673,openfacts
0001000419595,openfacts
0001000427736,openfacts
0001000500439,openfacts
0001000515044,openfacts
0001000631270,openfacts
0001000643679,openfacts
0001000657164,openfacts
0001000662618,openfacts
0001000680636,openfacts
0001000720691,openfacts
0001000751510,openfacts
0001000786802,openfacts
0001000832424,openfacts
0001000849521,openfacts
0001000930304,openfacts
0001000931394,openfacts
0001000955482,openfacts
0001000956441,openfacts
0001000975169,openfacts
0001000975886,openfacts
0001000978788,openfacts
0001000989388,openfacts
0001000995006,openfacts
0001001017400,openfacts
0001001047131,openfacts
0001001057734,openfacts
0001001082378,openfacts
0001001086178,openfacts
0001001111580,openfacts
0001001188629,openfacts
0001001218326,openfacts
0001001270713,openfacts
0001001282358,openfacts
0001001310686,openfacts
0001001312475,openfacts
0001001351108,openfacts
0001001368373,openfacts
0001001409625,openfacts
0001001577218,openfacts
0001001629030,openfacts
0001001663652,openfacts
0001001674221,openfacts
0001001674245,openfacts
0001001693956,openfacts
0001001700340,openfacts
0001001791195,openfacts
0001001814771,openfacts
0001001874065,openfacts
0001001905387,openfacts
0001001937418,openfacts
0001001957706,openfacts
0001001999645,openfacts
0001002010646,openfacts
0001002016600,openfacts
0001002059263,openfacts
0001002105328,openfacts
0001002112784,openfacts
0001002125708,openfacts
0001002169696,openfacts
0001002176663,openfacts
0001002190034,openfacts
0001002198764,openfacts
0001002200047,openfacts
0001002372959,openfacts
0001002420124,openfacts
0001002458646,openfacts
0001002517886,openfacts
0001002523047,openfacts
0001002534692,openfacts
0001002557134,openfacts
0001002598809,openfacts
0001002610341,openfacts
0001002630165,openfacts
0001002641062,openfacts
0001002754755,openfacts
0001002760800,openfacts
0001002766505,openfacts
0001002827701,openfacts
0001002868537,openfacts
0001002901708,openfacts
0001002910298,openfacts
0001002952793,openfacts
0001002972234,openfacts
0001002987276,openfacts
0001002997282,openfacts
0001003028985,openfacts
0001003040123,openfacts
0001003040260,openfacts
0001003055462,openfacts
0001003159689,openfacts
0001003188139,openfacts
0001003212483,openfacts
0001003216719,openfacts
0001003237790,openfacts
0001003255091,openfacts
0001003259310,openfacts
0001003315771,openfacts
0001003339296,openfacts
0001003354541,openfacts
0001003439149,openfacts
0001003472665,openfacts
0001003478759,openfacts
0001003492380,openfacts
0001003546250,openfacts
0001003601515,openfacts
0001003755997,openfacts
0001003758691,openfacts
0001004043604,openfacts
0001004396830,openfacts
0001005002006,openfacts
0001005027368,openfacts
0001005320421,openfacts
0001005400031,openfacts
0001005684349,openfacts
0001005711274,openfacts
0001005768018,openfacts
0001005778987,openfacts
0001005846983,openfacts
0001005905390,openfacts
0001005945761,openfacts
0001005957238,openfacts
0001006030305,openfacts
0001006089259,openfacts
0001006139657,openfacts
0001006152946,openfacts
0001006208018,openfacts
0001006371088,openfacts
0001006530676,openfacts
0001006765948,openfacts
0001007000055,openfacts
0001007009188,openfacts
0001007407847,openfacts
0001007861823,openfacts
0001008704914,openfacts
0001010000004,openfacts
0001010009588,openfacts
0001010251178,openfacts
0001010251192,openfacts
0001011002007,openfacts
0001012001696,openfacts
0001012030122,openfacts
0001012160881,openfacts
0001013003484,openfacts
0001016000428,openfacts
0001017001004,openfacts
0001020528031,openfacts
0001021247153,openfacts
0001021247184,openfacts
0001022409048,openfacts
0001024258750,openfacts
0001026085439,openfacts
0001026463992,openfacts
0001031595022,openfacts
0001032300755,openfacts
0001032406051,openfacts
0001033115525,openfacts
0001035044489,openfacts
0001035233050,openfacts
0001035233067,openfacts
0001035255892,openfacts
0001036062031,openfacts
0001037440302,openfacts
0001037514355,openfacts
0001039046038,openfacts
0001040088508,openfacts
0001044000056,openfacts
0001044590083,openfacts
0001046011937,openfacts
0001046047356,openfacts
0001047546360,openfacts
0001050000002,openfacts
0001053930993,openfacts
0001054439594,openfacts
0001056739333,openfacts
0001058987923,openfacts
0001059013126,openfacts
0001060000009,openfacts
0001060066456,openfacts
0001061094694,openfacts
0001062008539,openfacts
0001063175995,openfacts
0001068005006,openfacts
0001069051606,openfacts
0001070000006,openfacts
0001070002284,openfacts
0001070072843,openfacts
0001071307166,openfacts
0001077972030,openfacts
0001082182813,openfacts
0001085012582,openfacts
0001086000007,openfacts
0001089051525,openfacts
0001090092333,openfacts
0001090324465,openfacts
0001091002621,openfacts
0001094009849,openfacts
0001097361203,openfacts
0001100000006,openfacts
0001100000013,openfacts
0001100000136,openfacts
0001100001911,openfacts
0001100006602,openfacts
0001100034001,openfacts
0001100040460,openfacts
0001100064008,openfacts
0001100064084,usda
0001100080008,openfacts
0001101056422,openfacts
0001106000000,openfacts
0001110000003,openfacts
0001110000010,openfacts
0001110016134,openfacts
0001110630255,openfacts
0001111005854,openfacts
0001111008497,openfacts
0001111011909,openfacts
0001111052230,openfacts
0001111061607,openfacts
0001111111111,openfacts
0001111111234,openfacts
0001111111241,openfacts
0001112394469,openfacts
0001112920095,openfacts
0001114782677,openfacts
0001115016429,openfacts
0001115018195,openfacts
0001115050737,openfacts
0001116103494,openfacts
0001118002450,openfacts
0001118574834,openfacts
0001118659234,openfacts
0001120000000,openfacts
0001120072151,openfacts
0001120076821,openfacts
0001120076876,openfacts
0001120313766,openfacts
0001121301489,openfacts
0001121301519,openfacts
0001121301588,openfacts
0001121301717,openfacts
0001121301755,openfacts
0001121301915,openfacts
0001121302486,openfacts
0001121302653,openfacts
0001121302684,openfacts
0001121302783,openfacts
0001121303056,openfacts
0001121304640,openfacts
0001121307498,openfacts
0001121308891,openfacts
0001121314694,openfacts
0001121316896,openfacts
0001121316902,openfacts
0001121325638,openfacts
0001121339710,openfacts
0001121389975,openfacts
0001121426052,openfacts
0001121426076,openfacts
0001121542868,openfacts
0001122697703,openfacts
0001124003380,openfacts
0001130000007,openfacts
0001130012161,openfacts
0001130650004,openfacts
0001131360537,openfacts
0001139001104,openfacts
0001140000004,openfacts
0001144686792,openfacts
0001150000001,openfacts
0001151801157,openfacts
0001153001746,openfacts
0001159402219,openfacts
0001160000008,openfacts
0001160157641,openfacts
0001161541203,openfacts
0001163479498,openfacts
0001164520793,openfacts
0001169091106,openfacts
0001171122447,openfacts
0001180000002,openfacts
0001181040304,openfacts
0001182000086,openfacts
0001182043106,openfacts
0001190000009,openfacts
0001190243703,openfacts
0001190283808,openfacts
0001195140106,openfacts
0001200000005,openfacts
0001200001217,openfacts
0001200001736,openfacts
0001200017195,openfacts
0001200018116,openfacts
0001202312076,openfacts
0001202312083,openfacts
0001202312090,openfacts
0001202312106,openfacts
0001202312144,openfacts
0001202312199,openfacts
0001202312229,openfacts
0001202312274,openfacts
0001202312328,openfacts
0001202483707,openfacts
0001203333018,openfacts
0001204204034,openfacts
0001205129961,openfacts
0001208653401,openfacts
0001210000002,openfacts
0001210078780,openfacts
0001210557742,openfacts
0001211927742,openfacts
0001220254891,openfacts
0001220442571,openfacts
0001222120170,openfacts
0001223844334,openfacts
0001228881792,openfacts
0001228962934,openfacts
0001228962958,openfacts
0001228971721,openfacts
0001228971776,openfacts
0001229562058,openfacts
0001229931342,openfacts
0001230005339,openfacts
0001230008200,openfacts
0001231000630,openfacts
0001232604875,openfacts
0001232648992,openfacts
0001234405739,openfacts
0001234405784,openfacts
0001234511140,openfacts
0001234520401,openfacts
0001234560025,openfacts
0001234570321,openfacts
0001234570383,openfacts
0001236437776,openfacts
0001238888422,usda
0001240004131,openfacts
0001241000224,openfacts
0001244107043,openfacts
0001244455663,openfacts
0001250009034,openfacts
0001250830706,openfacts
0001259781191,openfacts
0001260519493,openfacts
0001260637647,openfacts
0001261032182,openfacts
0001267592345,openfacts
0001269361376,openfacts
0001269458168,openfacts
0001273581944,openfacts
0001273581968,openfacts
0001276000060,openfacts
0001280000001,openfacts
0001281300315,openfacts
0001282008869,openfacts
0001284000069,openfacts
0001284000151,openfacts
0001286773213,openfacts
0001290136134,openfacts
0001300000578,openfacts
0001300118303,openfacts
0001310760523,openfacts
0001319003553,openfacts
0001324737276,openfacts
0001324990008,openfacts
0001324990046,openfacts
0001324990084,openfacts
0001325017322,openfacts
0001325531668,openfacts
0001326051516,openfacts
0001327612389,openfacts
0001330007219,openfacts
0001330030521,openfacts
0001330978984,openfacts
0001331301743,openfacts
0001332258008,openfacts
0001337320526,openfacts
0001340160010,openfacts
0001341601420,openfacts
0001344000008,openfacts
0001344066653,openfacts
0001349990014,openfacts
0001350000009,openfacts
0001353080046,openfacts
0001356200038,openfacts
0001356200052,openfacts
0001361678884,openfacts
0001364012869,openfacts
0001364211729,openfacts
0001364211736,openfacts
0001365015098,openfacts
0001366210447,openfacts
0001366210461,openfacts
0001370030000,openfacts
0001377032472,openfacts
0001379002022,openfacts
0001380029346,openfacts
0001390000007,openfacts
0001390006009,openfacts
0001393966140,openfacts
0001395838650,openfacts
0001395908650,openfacts
0001398375442,openfacts
0001398384642,openfacts
0001398526684,openfacts
0001399000015,openfacts
0001400321788,openfacts
0001400341434,openfacts
0001400456091,openfacts
0001400902512,openfacts
0001402000001,openfacts
0001402007642,openfacts
0001402895935,openfacts
0001403701389,openfacts
0001404136432,openfacts
0001404501216,openfacts
0001404586602,openfacts
0001404594683,openfacts
0001404603767,openfacts
0001405301143,openfacts
0001405437583,openfacts
0001407012528,openfacts
0001407030218,openfacts
0001407038375,openfacts
0001407123163,openfacts
0001407767602,openfacts
0001408673513,openfacts
0001410000000,openfacts
0001410007917,openfacts
0001411391084,openfacts
0001412675473,openfacts
0001419241435,openfacts
0001420000007,openfacts
0001420000441,openfacts
0001420911518,openfacts
0001420911556,openfacts
0001424435577,openfacts
0001425165992,openfacts
0001429010779,openfacts
0001430000004,openfacts
0001432094797,openfacts
0001432548795,openfacts
0001433156319,openfacts
0001434063593,openfacts
0001436675640,openfacts
0001438035305,openfacts
0001440074132,openfacts
0001444455340,openfacts
0001447355265,openfacts
0001447488307,openfacts
0001447908300,openfacts
0001447908355,openfacts
0001450001425,openfacts
0001450057415,openfacts
0001450860671,openfacts
0001452000006,openfacts
0001452056911,openfacts
0001454476892,openfacts
0001455802058,openfacts
0001456091086,openfacts
0001459019377,openfacts
0001459022728,openfacts
0001459184235,openfacts
0001459186246,openfacts
0001459290349,openfacts
0001459381184,openfacts
0001459473124,openfacts
0001459476378,openfacts
0001459557442,openfacts
0001459583380,openfacts
0001459700701,openfacts
0001459786576,openfacts
0001459814712,openfacts
0001459839555,openfacts
0001459894233,openfacts
0001459898804,openfacts
0001459916935,openfacts
0001459952339,openfacts
0001459979183,openfacts
0001459993851,openfacts
0001460011612,openfacts
0001460413607,openfacts
0001461705022,openfacts
0001464607002,openfacts
0001470000002,openfacts
0001472013406,openfacts
0001472028998,openfacts
0001472059008,openfacts
0001472298292,openfacts
0001480000009,openfacts
0001483057147,openfacts
0001487848192,openfacts
0001487848482,openfacts
0001489940481,openfacts
0001490464013,openfacts
0001490766018,openfacts
0001490870012,openfacts
0001491295012,openfacts
0001492085087,openfacts
0001493144073,openfacts
0001494041876,openfacts
0001494405623,openfacts
0001494467232,openfacts
0001494660800,openfacts
0001494747754,openfacts
0001494769671,openfacts
0001494779120,openfacts
0001494826459,openfacts
0001494964588,openfacts
0001494985453,openfacts
0001497341676,openfacts
0001497651355,openfacts
0001497767285,openfacts
0001499723852,openfacts
0001500000002,openfacts
0001500061416,openfacts
0001500152459,openfacts
0001500315915,openfacts
0001501410008,openfacts
0001503859416,openfacts
0001506480723,openfacts
0001506870623,openfacts
0001510061000,openfacts
0001510062304,openfacts
0001510062403,openfacts
0001512560006,openfacts
0001518244818,openfacts
0001519031271,openfacts
0001523693434,openfacts
0001523737084,openfacts
0001523737374,openfacts
0001524444103,openfacts
0001524444448,openfacts
0001525500808,openfacts
0001527777796,openfacts
0001527777802,openfacts
0001530001352,openfacts
0001532363625,openfacts
0001532894891,openfacts
0001532949676,openfacts
0001533486484,openfacts
0001533624084,openfacts
0001533624374,openfacts
0001535628806,openfacts
0001538024865,openfacts
0001540002059,openfacts
0001541610635,openfacts
0001541801514,usda
0001544002208,openfacts
0001549101623,openfacts
0001549109995,openfacts
0001549333871,openfacts
0001553300333,openfacts
0001554032608,openfacts
0001555140050,openfacts
0001555674418,openfacts
0001557461368,openfacts
0001557461382,openfacts
0001563351004,openfacts
0001570149083,openfacts
0001571003780,openfacts
0001572197884,openfacts
0001580619002,openfacts
0001580640006,openfacts
0001580650005,openfacts
0001580690001,openfacts
0001588518826,openfacts
0001590013401,openfacts
0001590107117,openfacts
0001600007604,openfacts
0001600007628,openfacts
0001600021556,openfacts
0001600080676,openfacts
0001600122536,openfacts
0001600431010,openfacts
0001602050516,openfacts
0001611444795,openfacts
0001612795964,openfacts
0001630000019,openfacts
0001630000026,openfacts
0001630000033,openfacts
0001630000040,openfacts
0001630000057,openfacts
0001630000064,openfacts
0001630000071,openfacts
0001630000088,openfacts
0001630000095,openfacts
0001630000101,openfacts
0001630000118,openfacts
0001630000125,openfacts
0001630000132,openfacts
0001630000149,openfacts
0001630000156,openfacts
0001630000163,openfacts
0001630000170,openfacts
0001630000187,openfacts
0001630000194,openfacts
0001630000200,openfacts
0001630000217,openfacts
0001630000224,openfacts
0001630000231,openfacts
0001630000248,openfacts
0001630000255,openfacts
0001630000262,openfacts
0001630000279,openfacts
0001630000286,openfacts
0001630000293,openfacts
0001630000309,openfacts
0001630000316,openfacts
0001630000323,openfacts
0001630000347,openfacts
0001630000354,openfacts
0001630000361,openfacts
0001630000378,openfacts
0001630000385,openfacts
0001630000408,openfacts
0001630000415,openfacts
0001630000422,openfacts
0001630000439,openfacts
0001630000446,openfacts
0001630000453,openfacts
0001630000460,openfacts
0001630000477,openfacts
0001630000484,openfacts
0001630000507,openfacts
0001630000514,openfacts
0001630000521,openfacts
0001630000538,openfacts
0001630000545,openfacts
0001630000552,openfacts
0001630000569,openfacts
0001630000576,openfacts
0001630000583,openfacts
0001630000590,openfacts
0001630000606,openfacts
0001630000613,openfacts
0001630000620,openfacts
0001630001023,openfacts
0001630001047,openfacts
0001630001061,openfacts
0001630001078,openfacts
0001630001085,openfacts
0001630001108,openfacts
0001630001115,openfacts
0001630005014,openfacts
0001630005021,openfacts
0001630005038,openfacts
0001630005045,openfacts
0001630005052,openfacts
0001630005069,openfacts
0001630005076,openfacts
0001630005083,openfacts
0001630005090,openfacts
0001630005106,openfacts
0001630005113,openfacts
0001630005120,openfacts
0001630005137,openfacts
0001630005144,openfacts
0001630005151,openfacts
0001630005168,openfacts
0001630005175,openfacts
0001630005182,openfacts
0001630005199,openfacts
0001630005205,openfacts
0001630005212,openfacts
0001630005229,openfacts
0001630005236,openfacts
0001630005243,openfacts
0001630005250,openfacts
0001630005267,openfacts
0001630005274,openfacts
0001630005281,openfacts
0001630005298,openfacts
0001630007575,openfacts
0001630007582,openfacts
0001630007711,openfacts
0001630007728,openfacts
0001630007735,openfacts
0001630007865,openfacts
0001631301238,openfacts
0001640035230,openfacts
0001641481203,openfacts
0001642925072,openfacts
0001650071150,openfacts
0001650814757,openfacts
0001652623357,openfacts
0001655079960,openfacts
0001657196061,openfacts
0001665005843,openfacts
0001665726571,openfacts
0001674001034,openfacts
0001674600480,openfacts
0001678530004,openfacts
0001680633335,openfacts
0001686000001,openfacts
0001686413511,usda
0001687000000,openfacts
0001690000004,openfacts
0001691000003,openfacts
0001692000002,openfacts
0001692524942,openfacts
0001699701223,openfacts
0001700000000,openfacts
0001701444445,openfacts
0001702000008,openfacts
0001704000006,openfacts
0001710000007,openfacts
0001720000004,openfacts
0001720003654,openfacts
0001730000001,openfacts
0001732024272,openfacts
0001732720723,openfacts
0001740000008,openfacts
0001744801229,openfacts
0001750000005,openfacts
0001753601001,openfacts
0001755029520,openfacts
0001757016092,usda
0001764004501,openfacts
0001764004839,openfacts
0001765706480,openfacts
0001765707029,openfacts
0001765707395,openfacts
0001765708538,openfacts
0001765708859,openfacts
0001766404392,openfacts
0001767104406,openfacts
0001767104918,openfacts
0001767105007,openfacts
0001767105892,openfacts
0001780000006,openfacts
0001809991414,openfacts
0001810300465,openfacts
0001818000091,openfacts
0001819000052,openfacts
0001819000090,openfacts
0001819430811,usda
0001820000058,openfacts
0001820000089,openfacts
0001820000096,openfacts
0001820025969,openfacts
0001821000071,openfacts
0001829001179,openfacts
0001829001537,openfacts
0001829001698,openfacts
0001829705169,openfacts
0001832005485,openfacts
0001840657041,openfacts
0001849265094,openfacts
0001850061661,openfacts
0001854582612,openfacts
0001860339873,openfacts
0001860999435,openfacts
0001895120026,openfacts
0001895659670,openfacts
0001897787449,openfacts
0001899033476,openfacts
0001901298657,openfacts
0001901600948,openfacts
0001902008170,openfacts
0001908000079,openfacts
0001909000054,openfacts
0001910000098,openfacts
0001910114672,openfacts
0001912000065,openfacts
0001912000096,openfacts
0001912204357,openfacts
0001912578274,openfacts
0001913000057,openfacts
0001914000087,openfacts
0001915113632,openfacts
0001916000085,openfacts
0001926220121,openfacts
0001932412237,openfacts
0001939502399,openfacts
0001940906858,openfacts
0001943101960,openfacts
0001951235541,openfacts
0001953008327,openfacts
0001954504491,openfacts
0001954504743,openfacts
0001954505207,openfacts
0001954505542,openfacts
0001954505825,openfacts
0001954506549,openfacts
0001954506914,openfacts
0001954507546,openfacts
0001959696832,openfacts
0001963393147,openfacts
0001970016282,openfacts
0001974000003,openfacts
0001978709742,openfacts
0001980008024,openfacts
0001980010003,openfacts
0001981000089,openfacts
0001981570599,openfacts
0001987480137,openfacts
0001997020163,openfacts
0002000000004,openfacts
0002000000011,openfacts
0002000000066,openfacts
0002000000097,openfacts
0002000000110,openfacts
0002000000158,openfacts
0002000000165,openfacts
0002000000219,openfacts
0002000000226,openfacts
0002000000233,openfacts
0002000000240,openfacts
0002000000264,openfacts
0002000000288,openfacts
0002000000301,openfacts
0002000000318,openfacts
0002000000325,openfacts
0002000000394,openfacts
0002000000400,openfacts
0002000000417,openfacts
0002000000431,openfacts
0002000000448,openfacts
0002000000486,openfacts
0002000000493,openfacts
0002000000509,openfacts
0002000000516,openfacts
0002000000523,openfacts
0002000000530,openfacts
0002000000578,openfacts
0002000000585,openfacts
0002000000592,openfacts
0002000000608,openfacts
0002000000677,openfacts
0002000000707,openfacts
0002000000714,openfacts
0002000000745,openfacts
0002000000776,openfacts
0002000000813,openfacts
0002000000851,openfacts
0002000000868,openfacts
0002000000899,openfacts
0002000000912,openfacts
0002000000936,openfacts
0002000000967,openfacts
0002000000981,openfacts
0002000001070,openfacts
0002000001131,openfacts
0002000001186,openfacts
0002000001193,openfacts
0002000001209,openfacts
0002000001216,openfacts
0002000001261,openfacts
0002000001292,openfacts
0002000001315,openfacts
0002000001353,openfacts
0002000001384,openfacts
0002000001421,openfacts
0002000001520,openfacts
0002000001537,openfacts
0002000001568,openfacts
0002000001575,openfacts
0002000001599,openfacts
0002000001650,openfacts
0002000001667,openfacts
0002000001681,openfacts
0002000001698,openfacts
0002000001711,openfacts
0002000001735,openfacts
0002000001780,openfacts
0002000001797,openfacts
0002000001803,openfacts
0002000001834,openfacts
0002000001865,openfacts
0002000001889,openfacts
0002000001896,openfacts
0002000001902,openfacts
0002000001988,openfacts
0002000002015,openfacts
0002000002022,openfacts
0002000002039,openfacts
0002000002046,openfacts
0002000002091,openfacts
0002000002114,openfacts
0002000002169,openfacts
0002000002268,openfacts
0002000002282,openfacts
0002000002299,openfacts
0002000002305,openfacts
0002000002329,openfacts
0002000002336,openfacts
0002000002374,openfacts
0002000002398,openfacts
0002000002404,openfacts
0002000002459,openfacts
0002000002466,openfacts
0002000002473,openfacts
0002000002497,openfacts
0002000002510,openfacts
0002000002527,openfacts
0002000002534,openfacts
0002000002541,openfacts
0002000002664,openfacts
0002000002688,openfacts
0002000002701,openfacts
0002000002770,openfacts
0002000002787,openfacts
0002000002800,openfacts
0002000002824,openfacts
0002000002886,openfacts
0002000002909,openfacts
0002000002916,openfacts
0002000002930,openfacts
0002000002992,openfacts
0002000003012,openfacts
0002000003074,openfacts
0002000003104,openfacts
0002000003173,openfacts
0002000003180,openfacts
0002000003197,openfacts
0002000003296,openfacts
0002000003319,openfacts
0002000003364,openfacts
0002000003388,openfacts
0002000003395,openfacts
0002000003456,openfacts
0002000003555,openfacts
0002000003661,openfacts
0002000003791,openfacts
0002000003821,openfacts
0002000003852,openfacts
0002000003920,openfacts
0002000003944,openfacts
0002000003951,openfacts
0002000003975,openfacts
0002000003982,openfacts
0002000004163,openfacts
0002000004279,openfacts
0002000004286,openfacts
0002000004309,openfacts
0002000004316,openfacts
0002000004347,openfacts
0002000004408,openfacts
0002000004439,openfacts
0002000004477,openfacts
0002000004521,openfacts
0002000004576,openfacts
0002000004620,openfacts
0002000004675,openfacts
0002000004712,openfacts
0002000004767,openfacts
0002000004828,openfacts
0002000004927,openfacts
0002000004965,openfacts
0002000004989,openfacts
0002000005023,openfacts
0002000005078,openfacts
0002000005139,openfacts
0002000005306,openfacts
0002000005429,openfacts
0002000005467,openfacts
0002000005597,openfacts
0002000005603,openfacts
0002000005641,openfacts
0002000005771,openfacts
0002000005788,openfacts
0002000005801,openfacts
0002000005924,openfacts
0002000006259,openfacts
0002000006266,openfacts
0002000006280,openfacts
0002000006471,openfacts
0002000006600,openfacts
0002000006617,openfacts
0002000006655,openfacts
0002000006662,openfacts
0002000006747,openfacts
0002000006754,openfacts
0002000007003,usda
0002000007010,openfacts
0002000007027,openfacts
0002000007089,openfacts
0002000007119,usda
0002000007201,usda
0002000007287,openfacts
0002000007324,openfacts
0002000007355,usda
0002000007515,openfacts
0002000007614,openfacts
0002000007676,openfacts
0002000007775,openfacts
0002000007799,openfacts
0002000007850,openfacts
0002000007898,openfacts
0002000007997,openfacts
0002000008055,openfacts
0002000008314,openfacts
0002000008338,openfacts
0002000008390,openfacts
0002000008536,openfacts
0002000008550,openfacts
0002000008598,openfacts
0002000008642,openfacts
0002000008758,openfacts
0002000008772,openfacts
0002000008802,openfacts
0002000008826,openfacts
0002000008833,openfacts
0002000008895,openfacts
0002000009090,openfacts
0002000009212,openfacts
0002000009267,openfacts
0002000009335,openfacts
0002000009403,openfacts
0002000009434,openfacts
0002000010256,openfacts
0002000010379,openfacts
0002000010522,openfacts
0002000010539,openfacts
0002000010652,openfacts
0002000010713,openfacts
0002000010744,openfacts
0002000010775,openfacts
0002000010959,openfacts
0002000011611,openfacts
0002000011628,openfacts
0002000011772,openfacts
0002000011918,openfacts
0002000012069,openfacts
0002000012113,openfacts
0002000012151,openfacts
0002000012267,openfacts
0002000012465,openfacts
0002000012489,openfacts
0002000012557,openfacts
0002000012618,openfacts
0002000012847,openfacts
0002000013042,openfacts
0002000013363,openfacts
0002000014100,openfacts
0002000014162,openfacts
0002000014391,openfacts
0002000014810,openfacts
0002000014988,openfacts
0002000015503,openfacts
0002000015886,openfacts
0002000016302,openfacts
0002000016609,openfacts
0002000016821,openfacts
0002000018269,openfacts
0002000018306,openfacts
0002000018429,openfacts
0002000018542,openfacts
0002000018887,openfacts
0002000019655,openfacts
0002000019693,openfacts
0002000019952,openfacts
0002000020262,openfacts
0002000020705,openfacts
0002000021184,openfacts
0002000021337,openfacts
0002000023621,openfacts
0002000026714,openfacts
0002000026998,openfacts
0002000029975,openfacts
0002000031114,openfacts
0002000037659,openfacts
0002000052355,openfacts
0002000052393,openfacts
0002000068349,openfacts
0002000074401,openfacts
0002000164164,openfacts
0002000271206,usda
0002000389826,openfacts
0002000406967,openfacts
0002000411183,openfacts
0002000483197,openfacts
0002000496937,openfacts
0002000503000,openfacts
0002000545062,openfacts
0002000569501,openfacts
0002000860004,openfacts
0002001019098,openfacts
0002002004956,openfacts
0002002012098,openfacts
0002002074287,openfacts
0002002929075,openfacts
0002004003292,openfacts
0002005012798,openfacts
0002005163162,openfacts
0002005453010,openfacts
0002009005994,openfacts
0002009013333,openfacts
0002010025219,openfacts
0002010112018,openfacts
0002011300230,usda
0002012167511,openfacts
0002013000008,openfacts
0002014005002,openfacts
0002015000006,openfacts
0002015005100,openfacts
0002015875543,openfacts
0002015950011,openfacts
0002015950073,openfacts
0002015950271,openfacts
0002017313074,openfacts
0002019611185,openfacts
0002019912046,openfacts
0002020000008,openfacts
0002024001018,openfacts
0002024050092,openfacts
0002028406062,openfacts
0002029231076,openfacts
0002030448494,openfacts
0002033001030,openfacts
0002035000604,openfacts
0002038200100,openfacts
0002040145277,openfacts
0002042002332,openfacts
0002042861915,openfacts
0002043520347,openfacts
0002044049533,openfacts
0002044057033,openfacts
0002044860008,openfacts
0002045700884,openfacts
0002050000009,openfacts
0002051450902,openfacts
0002052029527,openfacts
0002058388758,openfacts
0002060010234,openfacts
0002060522287,openfacts
0002063090462,openfacts
0002065263123,openfacts
0002068500348,openfacts
0002069000045,openfacts
0002072434196,openfacts
0002073516174,openfacts
0002073541886,usda
0002074310269,openfacts
0002076740323,openfacts
0002077004660,openfacts
0002078108824,openfacts
0002078109760,openfacts
0002084001416,openfacts
0002086211233,openfacts
0002087404092,openfacts
0002090076385,openfacts
0002095287427,openfacts
0002096000001,openfacts
0002097000000,openfacts
0002098866100,usda
0002100002038,openfacts
0002100004681,openfacts
0002100008009,openfacts
0002100014000,openfacts
0002100015007,openfacts
0002100016004,openfacts
0002100030192,openfacts
0002100063039,openfacts
0002100483028,openfacts
0002100610004,openfacts
0002100616006,openfacts
0002104053029,openfacts
0002105450001,openfacts
0002110000000,openfacts
0002110000055,openfacts
0002111015034,openfacts
0002113009260,openfacts
0002113618073,openfacts
0002114000495,openfacts
0002114000891,openfacts
0002114001478,openfacts
0002114001553,openfacts
0002114001645,openfacts
0002114001935,openfacts
0002114002406,openfacts
0002114002468,openfacts
0002114002574,openfacts
0002114002604,openfacts
0002114002611,openfacts
0002114002642,openfacts
0002114015178,openfacts
0002114015970,openfacts
0002114016007,openfacts
0002114016045,openfacts
0002114019558,openfacts
0002114021278,openfacts
0002114021841,openfacts
0002114021957,openfacts
0002114022343,openfacts
0002114026129,openfacts
0002114026297,openfacts
0002114026396,openfacts
0002114028178,openfacts
0002114029700,openfacts
0002114029724,openfacts
0002114029748,openfacts
0002114029755,openfacts
0002114032045,openfacts
0002114060833,openfacts
0002114061403,openfacts
0002114061410,openfacts
0002114061427,openfacts
0002114061434,openfacts
0002114061458,openfacts
0002114061472,openfacts
0002114061588,openfacts
0002114061700,openfacts
0002114061854,openfacts
0002114063636,openfacts
0002120103302,openfacts
0002120103319,openfacts
0002120103593,openfacts
0002120103609,openfacts
0002120205198,openfacts
0002120305065,openfacts
0002120401798,openfacts
0002122666621,usda
0002123761189,openfacts
0002124042003,openfacts
0002124810206,usda
0002125000064,openfacts
0002132005090,openfacts
0002133340060,openfacts
0002140121515,openfacts
0002140343030,openfacts
0002141084468,openfacts
0002144676585,openfacts
0002146015252,openfacts
0002146022106,openfacts
0002150018386,openfacts
0002160438075,openfacts
0002164000087,openfacts
0002165000055,openfacts
0002165000062,openfacts
0002165000079,openfacts
0002165000093,openfacts
0002166000061,openfacts
0002167000077,openfacts
0002167000091,openfacts
0002167444482,openfacts
0002168000083,openfacts
0002169806608,usda
0002170357625,openfacts
0002172314145,openfacts
0002180006643,openfacts
0002192000004,openfacts
0002192075002,openfacts
0002200001016,openfacts
0002200001207,openfacts
0002200001221,openfacts
0002200005144,openfacts
0002200079015,openfacts
0002200279774,openfacts
0002200448637,openfacts
0002202081665,openfacts
0002204312019,openfacts
0002210065886,openfacts
0002210249798,openfacts
0002210267969,openfacts
0002210576559,openfacts
0002211092508,openfacts
0002220222453,openfacts
0002220800675,openfacts
0002221480425,openfacts
0002222253875,openfacts
0002223000003,openfacts
0002224506450,openfacts
0002226000000,openfacts
0002231401410,openfacts
0002240000000,openfacts
0002240131711,openfacts
0002250000007,openfacts
0002255011183,openfacts
0002260000172,openfacts
0002261732577,openfacts
0002265572162,openfacts
0002271680004,openfacts
0002290000005,openfacts
0002300265967,openfacts
0002300290228,openfacts
0002303000855,openfacts
0002305006497,openfacts
0002307015374,openfacts
0002313060054,openfacts
0002313060061,openfacts
0002323609144,openfacts
0002326758115,openfacts
0002327000008,openfacts
0002330000002,openfacts
0002332695381,openfacts
0002334000008,openfacts
0002340004069,openfacts
0002344045488,openfacts
0002345702038,openfacts
0002346300325,openfacts
0002346500589,openfacts
0002350084624,openfacts
0002350802464,openfacts
0002354336651,openfacts
0002355000063,openfacts
0002355360969,openfacts
0002362162419,openfacts
0002362332355,openfacts
0002362705012,openfacts
0002362705036,openfacts
0002362708082,openfacts
0002362714007,openfacts
0002362714052,openfacts
0002362719019,openfacts
0002362719071,openfacts
0002362720015,openfacts
0002362730014,openfacts
0002362741690,openfacts
0002362753006,openfacts
0002362753020,openfacts
0002362753044,openfacts
0002362753082,openfacts
0002362753112,openfacts
0002362753181,openfacts
0002362753204,openfacts
0002362755062,openfacts
0002362755109,openfacts
0002362755123,openfacts
0002363245395,openfacts
0002366678374,openfacts
0002399062485,openfacts
0002399220601,openfacts
0002400016308,openfacts
0002400041973,openfacts
0002401023091,openfacts
0002405395187,openfacts
0002405652556,openfacts
0002407288722,openfacts
0002410000076,openfacts
0002410021309,openfacts
0002420258627,openfacts
0002429061181,openfacts
0002432543810,openfacts
0002434004760,openfacts
0002436010004,openfacts
0002440525303,openfacts
0002441010310,openfacts
0002444612986,openfacts
0002448023023,openfacts
0002452700019,openfacts
0002452909320,openfacts
0002454530898,openfacts
0002464417271,openfacts
0002472000007,openfacts
0002482538378,openfacts
0002496510056,openfacts
0002500486025,openfacts
0002500746112,openfacts
0002505042943,openfacts
0002506110016,openfacts
0002511151509,openfacts
0002513050343,openfacts
0002520019029,openfacts
0002540050057,openfacts
0002541510857,openfacts
0002544317101,openfacts
0002544812958,openfacts
0002545000002,openfacts
0002545000019,openfacts
0002545000033,openfacts
0002545000064,openfacts
0002545000095,openfacts
0002545000101,openfacts
0002545000118,openfacts
0002545000224,openfacts
0002545000248,openfacts
0002545000255,openfacts
0002545000309,openfacts
0002545000415,openfacts
0002545000507,openfacts
0002545000514,openfacts
0002545000774,openfacts
0002545000798,openfacts
0002545000804,openfacts
0002545000859,openfacts
0002545001115,openfacts
0002545100016,openfacts
0002545100023,openfacts
0002545100030,openfacts
0002545100047,openfacts
0002545100061,openfacts
0002545100078,openfacts
0002545100108,openfacts
0002545100115,openfacts
0002545100139,openfacts
0002545100153,openfacts
0002545100207,openfacts
0002545100856,openfacts
0002545100900,openfacts
0002545200013,openfacts
0002545200020,openfacts
0002545200044,openfacts
0002545200051,openfacts
0002545200068,openfacts
0002545200075,openfacts
0002545200082,openfacts
0002545200105,openfacts
0002545200112,openfacts
0002545200136,openfacts
0002545200150,openfacts
0002545200204,openfacts
0002545200341,openfacts
0002545200853,openfacts
0002545200907,openfacts
0002545300010,openfacts
0002545300027,openfacts
0002545300034,openfacts
0002545300041,openfacts
0002545300058,openfacts
0002545300065,openfacts
0002545300072,openfacts
0002545300089,openfacts
0002545300102,openfacts
0002545300119,openfacts
0002545300133,openfacts
0002545300157,openfacts
0002545300201,openfacts
0002545300348,openfacts
0002545300850,openfacts
0002545300904,openfacts
0002548070323,openfacts
0002555021721,openfacts
0002555510904,openfacts
0002566062096,openfacts
0002567012847,openfacts
0002573470198,openfacts
0002575464300,openfacts
0002596401384,openfacts
0002600083193,openfacts
0002601672587,openfacts
0002602003397,openfacts
0002602005582,openfacts
0002603434640,openfacts
0002605239557,openfacts
0002609555547,openfacts
0002612552700,openfacts
0002620046727,openfacts
0002624413020,openfacts
0002652009530,openfacts
0002652287891,openfacts
0002661122008,openfacts
0002662365725,openfacts
0002692010008,openfacts
0002693010007,openfacts
0002697807054,openfacts
0002697902155,openfacts
0002700049020,openfacts
0002704347542,openfacts
0002714937627,openfacts
0002725306795,openfacts
0002733103317,openfacts
0002742106507,openfacts
0002742356018,openfacts
0002760677409,openfacts
0002805047136,openfacts
0002806100007,openfacts
0002806140003,openfacts
0002806150002,openfacts
0002806300001,openfacts
0002806400008,openfacts
0002806500005,openfacts
0002806600002,openfacts
0002811029447,openfacts
0002840006211,openfacts
0002840009151,openfacts
0002850000001,openfacts
0002854510780,openfacts
0002859037565,usda
0002859038722,usda
0002859038746,openfacts
0002859038760,openfacts
0002859063557,usda
0002859067142,usda
0002867861756,openfacts
0002869051490,openfacts
0002881000094,openfacts
0002900001088,openfacts
0002902009693,openfacts
0002902009969,openfacts
0002902011023,openfacts
0002902011634,openfacts
0002902016011,openfacts
0002902016103,openfacts
0002902541100,openfacts
0002905891875,openfacts
0002907080475,openfacts
0002926200038,openfacts
0002929038614,openfacts
0002932001247,openfacts
0002939074008,openfacts
0002945461076,openfacts
0002949101244,openfacts
0002953685129,openfacts
0002964919084,openfacts
0002969970011,openfacts
0002970011581,openfacts
0002974192514,usda
0002975862690,openfacts
0002979034000,openfacts
0002983322995,openfacts
0002983372969,openfacts
0002983508023,openfacts
0002983542515,openfacts
0002986001002,openfacts
0002986002009,openfacts
0002990303918,openfacts
0002990624198,openfacts
0003000002487,openfacts
0003000013124,openfacts
0003000018303,openfacts
0003000107236,openfacts
0003000997301,openfacts
0003001500265,openfacts
0003003400099,openfacts
0003003400211,openfacts
0003003400273,openfacts
0003003400426,openfacts
0003003400556,openfacts
0003003400655,openfacts
0003003401331,openfacts
0003003401386,openfacts
0003003401447,openfacts
0003003401928,openfacts
0003003402192,openfacts
0003003402888,openfacts
0003003403113,openfacts
0003003403403,openfacts
0003003403625,openfacts
0003003403823,openfacts
0003003403953,openfacts
0003003404578,openfacts
0003003404585,openfacts
0003003404592,openfacts
0003003404653,openfacts
0003003405520,openfacts
0003003405889,openfacts
0003003405896,openfacts
0003003405926,openfacts
0003003405995,openfacts
0003003406114,openfacts
0003003406282,openfacts
0003003406800,openfacts
0003003407227,openfacts
0003003407241,openfacts
0003003407326,openfacts
0003003407371,openfacts
0003003407548,openfacts
0003003407562,openfacts
0003003407609,openfacts
0003003407616,openfacts
0003003407678,openfacts
0003003407685,openfacts
0003003407708,openfacts
0003003407715,openfacts
0003003407814,openfacts
0003003407913,openfacts
0003003407920,openfacts
0003003408217,openfacts
0003003408224,openfacts
0003003408453,openfacts
0003003408569,openfacts
0003003408620,openfacts
0003003408743,openfacts
0003003408828,openfacts
0003003408866,openfacts
0003003408910,openfacts
0003003409146,openfacts
0003003409214,openfacts
0003003409221,openfacts
0003003409337,openfacts
0003003409566,openfacts
0003003409580,openfacts
0003003410067,openfacts
0003003410258,openfacts
0003003410449,openfacts
0003003410548,openfacts
0003003410555,openfacts
0003003410562,openfacts
0003003410579,openfacts
0003003410586,openfacts
0003003430195,openfacts
0003003430256,openfacts
0003003430300,openfacts
0003003491059,openfacts
0003003491066,openfacts
0003003491073,openfacts
0003003491165,openfacts
0003003491196,openfacts
0003003491202,openfacts
0003003491219,openfacts
0003003491226,openfacts
0003003491233,openfacts
0003003491257,openfacts
0003003491400,openfacts
0003003491417,openfacts
0003003491424,openfacts
0003003491431,openfacts
0003003491448,openfacts
0003003491455,openfacts
0003003491479,openfacts
0003003491486,openfacts
0003003491509,openfacts
0003003491516,openfacts
0003003491530,openfacts
0003003491554,openfacts
0003003491639,openfacts
0003003491646,openfacts
0003003491653,openfacts
0003003491660,openfacts
0003003491677,openfacts
0003003491684,openfacts
0003003491691,openfacts
0003003491707,openfacts
0003003491714,openfacts
0003003491776,openfacts
0003003495477,openfacts
0003003499888,openfacts
0003004032145,openfacts
0003004066447,openfacts
0003004302095,openfacts
0003004322390,openfacts
0003004575451,openfacts
0003006010349,openfacts
0003006012749,usda
0003006013180,usda
0003006013371,usda
0003008811463,openfacts
0003009004635,openfacts
0003010430553,openfacts
0003012692614,openfacts
0003013343164,openfacts
0003019268393,openfacts
0003020704439,openfacts
0003022306310,openfacts
0003024006157,openfacts
0003026376951,openfacts
0003026400168,usda
0003028854006,openfacts
0003030077080,openfacts
0003031014589,openfacts
0003048115163,openfacts
0003054008152,openfacts
0003054766120,openfacts
0003059202845,openfacts
0003059504642,openfacts
0003060328589,openfacts
0003064004021,openfacts
0003064010060,openfacts
0003069461010,openfacts
0003069916121,openfacts
0003082112210,openfacts
0003089164175,openfacts
0003096080345,openfacts
0003100000000,openfacts
0003100005890,openfacts
0003100008006,openfacts
0003100111515,openfacts
0003103000496,openfacts
0003103830000,openfacts
0003106175351,openfacts
0003108031099,openfacts
0003110100066,openfacts
0003110770443,openfacts
0003117172301,openfacts
0003120101862,openfacts
0003124083584,openfacts
0003135022428,openfacts
0003140000008,openfacts
0003140065335,openfacts
0003148370257,openfacts
0003152320507,openfacts
0003155251204,openfacts
0003159862611,openfacts
0003160279507,usda
0003160441904,openfacts
0003163563658,openfacts
0003165634110,openfacts
0003169150463,openfacts
0003170203509,openfacts
0003174660032,openfacts
0003175681104,openfacts
0003200003086,openfacts
0003200971224,openfacts
0003210000006,openfacts
0003210608332,openfacts
0003212507343,openfacts
0003226219010,openfacts
0003228470006,openfacts
0003240000007,openfacts
0003244134166,openfacts
0003245414090,openfacts
0003247205375,openfacts
0003250008000,openfacts
0003250092207,openfacts
0003250391010,openfacts
0003250392055,openfacts
0003250392246,openfacts
0003250999223,openfacts
0003256220239,openfacts
0003256221106,openfacts
0003256222646,openfacts
0003256223377,openfacts
0003256935874,openfacts
0003259011247,openfacts
0003259731411,openfacts
0003260008410,openfacts
0003265266075,openfacts
0003266140060,openfacts
0003267460020,openfacts
0003270160450,openfacts
0003270160757,openfacts
0003270160863,openfacts
0003270190020,openfacts
0003270190181,openfacts
0003271000069,openfacts
0003273120017,openfacts
0003280000005,openfacts
0003285464246,openfacts
0003285661089,openfacts
0003288372487,openfacts
0003290143761,openfacts
0003300000008,openfacts
0003300017839,openfacts
0003300510392,openfacts
0003300604404,openfacts
0003300721071,openfacts
0003302009214,openfacts
0003302740025,openfacts
0003303547012,openfacts
0003303547029,openfacts
0003305419287,openfacts
0003305816000,openfacts
0003310106356,openfacts
0003310528806,openfacts
0003310536740,openfacts
0003310666430,openfacts
0003310698332,openfacts
0003310933006,openfacts
0003312007958,openfacts
0003312709371,openfacts
0003325046111,openfacts
0003329485121,openfacts
0003331652030,openfacts
0003334004836,openfacts
0003334321384,openfacts
0003336818561,openfacts
0003338500426,openfacts
0003339671545,openfacts
0003340087496,openfacts
0003340097334,openfacts
0003341076949,openfacts
0003344490056,openfacts
0003344490117,openfacts
0003344677808,openfacts
0003344857101,openfacts
0003344857507,openfacts
0003344919908,openfacts
0003350030208,openfacts
0003350364204,openfacts
0003351011602,openfacts
0003352826038,openfacts
0003353673303,openfacts
0003355760261,openfacts
0003356010945,openfacts
0003359003852,openfacts
0003359756703,openfacts
0003364699330,openfacts
0003366000363,openfacts
0003366500078,openfacts
0003367327186,openfacts
0003377601160,openfacts
0003378468892,openfacts
0003380668303,openfacts
0003383103405,openfacts
0003383553002,openfacts
0003383900585,openfacts
0003386000008,openfacts
0003387803448,openfacts
0003389000005,openfacts
0003394002070,openfacts
0003395472797,openfacts
0003396784431,openfacts
0003398980206,openfacts
0003400005200,openfacts
0003400044261,openfacts
0003400056004,usda
0003404005893,openfacts
0003405030603,openfacts
0003405090997,openfacts
0003406310872,openfacts
0003411000003,openfacts
0003413052826,openfacts
0003414315005,openfacts
0003416721620,openfacts
0003417320051,openfacts
0003418114727,openfacts
0003419307418,openfacts
0003419316212,openfacts
0003420002401,openfacts
0003428272950,openfacts
0003429787026,openfacts
0003430310008,openfacts
0003432016946,openfacts
0003435000065,openfacts
0003440003389,openfacts
0003440043286,openfacts
0003440443505,openfacts
0003442578755,openfacts
0003443000088,openfacts
0003445538015,openfacts
0003450015112,openfacts
0003450020215,openfacts
0003459886409,openfacts
0003459886430,openfacts
0003466156632,openfacts
0003469156561,openfacts
0003469156615,openfacts
0003470071136,openfacts
0003470927280,openfacts
0003473217647,openfacts
0003478820002,openfacts
0003483981002,openfacts
0003484100075,openfacts
0003484100129,openfacts
0003494004455,openfacts
0003496496456,openfacts
0003498018939,openfacts
0003498030450,openfacts
0003499023468,openfacts
0003499935143,openfacts
0003500007906,openfacts
0003500700104,openfacts
0003505090316,openfacts
0003506798600,openfacts
0003507450590,openfacts
0003520120388,openfacts
0003526686314,openfacts
0003529000407,openfacts
0003530764404,openfacts
0003535048370,openfacts
0003535048455,openfacts
0003540031046,openfacts
0003541946363,openfacts
0003547000380,openfacts
0003547638545,openfacts
0003549000500,openfacts
0003549206933,openfacts
0003551190312,openfacts
0003556463312,openfacts
0003559356871,openfacts
0003560029085,openfacts
0003560070339,openfacts
0003560070735,openfacts
0003564700119,openfacts
0003566444080,openfacts
0003567057777,openfacts
0003567439665,openfacts
0003577719634,openfacts
0003586000303,openfacts
0003588663841,openfacts
0003590001716,openfacts
0003591803128,openfacts
0003594844036,openfacts
0003595172091,openfacts
0003597240002,openfacts
0003599340403,openfacts
0003600086467,openfacts
0003600659104,openfacts
0003600698332,openfacts
0003601952211,openfacts
0003602998324,openfacts
0003610432476,openfacts
0003625001001,openfacts
0003644011371,openfacts
0003644012484,openfacts
0003644013320,openfacts
0003644013474,openfacts
0003644013498,openfacts
0003644013511,openfacts
0003644014181,openfacts
0003644014556,openfacts
0003644014792,openfacts
0003644014815,openfacts
0003644015058,openfacts
0003644015072,openfacts
0003644015195,openfacts
0003644016123,openfacts
0003644016314,openfacts
0003644016352,openfacts
0003644016468,openfacts
0003644017236,openfacts
0003644017250,openfacts
0003644017786,openfacts
0003644034356,openfacts
0003644379815,openfacts
0003648512225,openfacts
0003663200251,openfacts
0003663200282,openfacts
0003663201142,openfacts
0003663202019,openfacts
0003663202422,openfacts
0003663203641,openfacts
0003663203764,openfacts
0003663207748,openfacts
0003669085302,openfacts
0003673009882,openfacts
0003680048591,openfacts
0003700060305,openfacts
0003713600369,openfacts
0003722214250,openfacts
0003730000111,openfacts
0003731005719,openfacts
0003732300202,openfacts
0003737900100,openfacts
0003749800207,usda
0003750536850,openfacts
0003760020509,openfacts
0003769516270,openfacts
0003773960175,openfacts
0003777106616,openfacts
0003784345923,openfacts
0003790080306,openfacts
0003800003530,openfacts
0003800013928,openfacts
0003800080814,openfacts
0003800123078,openfacts
0003800246807,openfacts
0003800863509,openfacts
0003803006750,openfacts
0003832072627,openfacts
0003832072962,openfacts
0003832078070,openfacts
0003836497563,openfacts
0003838932727,openfacts
0003839068890,openfacts
0003844511602,openfacts
0003850046662,openfacts
0003850068763,openfacts
0003850639871,openfacts
0003879492532,openfacts
0003881502540,openfacts
0003882205983,openfacts
0003890000075,openfacts
0003891245116,openfacts
0003894800985,openfacts
0003899267042,openfacts
0003900006639,openfacts
0003900233905,openfacts
0003903000603,openfacts
0003918953109,openfacts
0003920389880,openfacts
0003921705801,openfacts
0003928830001,openfacts
0003939629182,openfacts
0003944430094,openfacts
0003944531395,openfacts
0003944532033,openfacts
0003944533009,openfacts
0003944533030,openfacts
0003944539421,openfacts
0003944540502,openfacts
0003944541226,openfacts
0003944542421,openfacts
0003944542803,openfacts
0003944544258,openfacts
0003944545101,openfacts
0003944545248,openfacts
0003944545309,openfacts
0003944545323,openfacts
0003944545347,openfacts
0003944545361,openfacts
0003944545422,openfacts
0003944545460,openfacts
0003944545521,openfacts
0003944545644,openfacts
0003944545682,openfacts
0003944546320,openfacts
0003944546344,openfacts
0003944546443,openfacts
0003944546504,openfacts
0003944552048,openfacts
0003944552505,openfacts
0003944562009,openfacts
0003944563228,openfacts
0003958059021,openfacts
0003989286915,openfacts
0003993976499,openfacts
0004000000022,openfacts
0004000001203,usda
0004000001210,usda
0004000001234,usda
0004000001241,usda
0004000001258,usda
0004000001265,usda
0004000001272,usda
0004000001289,usda
0004000001340,openfacts
0004000002194,openfacts
0004000011790,openfacts
0004000011806,openfacts
0004000011837,openfacts
0004000013251,openfacts
0004000030838,openfacts
0004000045474,openfacts
0004000127590,openfacts
0004000401621,openfacts
0004000461564,openfacts
0004000473673,openfacts
0004000548616,openfacts
0004000640150,openfacts
0004000800080,openfacts
0004000834832,openfacts
0004001327562,openfacts
0004002091257,openfacts
0004002508311,openfacts
0004002965169,openfacts
0004004331078,openfacts
0004004556938,openfacts
0004005007057,openfacts
0004005493454,openfacts
0004008004008,openfacts
0004014000056,openfacts
0004015406901,openfacts
0004016072297,openfacts
0004020004635,openfacts
0004020148025,openfacts
0004023228687,openfacts
0004031060590,openfacts
0004033034674,openfacts
0004034040063,openfacts
0004034070060,openfacts
0004034566006,openfacts
0004035032432,openfacts
0004035213947,openfacts
0004039661249,openfacts
0004040015147,openfacts
0004040500100,openfacts
0004040947493,openfacts
0004043006883,openfacts
0004043416422,openfacts
0004044365583,openfacts
0004044492005,openfacts
0004044644800,openfacts
0004045000575,openfacts
0004045357099,openfacts
0004049060766,openfacts
0004050140846,openfacts
0004050595998,openfacts
0004050600012,openfacts
0004050767944,openfacts
0004051081377,openfacts
0004054337853,openfacts
0004056015568,openfacts
0004056701164,openfacts
0004056706442,openfacts
0004062414041,openfacts
0004064021094,openfacts
0004064312000,openfacts
0004067833045,openfacts
0004078118056,openfacts
0004082201140,openfacts
0004085012149,openfacts
0004085670943,openfacts
0004089535194,openfacts
0004090126008,openfacts
0004094084007,openfacts
0004094636343,openfacts
0004100003480,openfacts
0004100009000,openfacts
0004100011003,openfacts
0004100086070,openfacts
0004100420553,openfacts
0004102002061,openfacts
0004104306969,openfacts
0004111107870,openfacts
0004111107962,openfacts
0004111108273,openfacts
0004111109188,openfacts
0004111109263,openfacts
0004111109324,openfacts
0004111109980,openfacts
0004111109997,openfacts
0004111110047,openfacts
0004111110085,openfacts
0004111110467,openfacts
0004111110474,openfacts
0004111110955,openfacts
0004111110962,openfacts
0004111623219,openfacts
0004112907790,openfacts
0004117437728,openfacts
0004118293309,openfacts
0004119360048,openfacts
0004122071276,openfacts
0004122305012,openfacts
0004122310016,openfacts
0004122545326,openfacts
0004122575170,openfacts
0004125003656,openfacts
0004125010210,openfacts
0004125036197,openfacts
0004125087786,openfacts
0004126821495,openfacts
0004131802007,openfacts
0004131802014,openfacts
0004131802021,openfacts
0004131802038,openfacts
0004131802052,openfacts
0004131802083,openfacts
0004131802090,openfacts
0004131802106,openfacts
0004131802120,openfacts
0004131802137,openfacts
0004131810002,openfacts
0004131819173,openfacts
0004131820018,openfacts
0004131827079,openfacts
0004131848012,usda
0004131857014,openfacts
0004131858004,openfacts
0004131858011,openfacts
0004131858042,openfacts
0004131858073,openfacts
0004131858080,openfacts
0004131858097,openfacts
0004131858110,openfacts
0004133112333,openfacts
0004133112456,openfacts
0004133500055,openfacts
0004138436441,openfacts
0004139006186,openfacts
0004140104437,openfacts
0004140410842,openfacts
0004140641406,openfacts
0004141506391,openfacts
0004141512590,openfacts
0004141513191,openfacts
0004141519391,openfacts
0004141522391,openfacts
0004141526191,openfacts
0004141532291,openfacts
0004141541491,openfacts
0004141553791,openfacts
0004142010095,openfacts
0004142206078,openfacts
0004142346804,openfacts
0004142624162,openfacts
0004143040947,openfacts
0004144030121,openfacts
0004144484931,openfacts
0004144542693,openfacts
0004146065558,openfacts
0004149402008,openfacts
0004149709589,openfacts
0004149712046,openfacts
0004149743590,openfacts
0004149812760,openfacts
0004150089779,usda
0004150592132,openfacts
0004150902719,openfacts
0004151534391,openfacts
0004152688604,openfacts
0004154931258,openfacts
0004156531562,openfacts
0004157145874,openfacts
0004161036755,openfacts
0004172562373,openfacts
0004173022968,openfacts
0004173033285,openfacts
0004173600180,openfacts
0004175196902,openfacts
0004175509450,openfacts
0004176470063,openfacts
0004183080484,openfacts
0004183081801,openfacts
0004195306305,openfacts
0004200107200,openfacts
0004200200154,openfacts
0004201000906,openfacts
0004204544001,openfacts
0004205661226,openfacts
0004205753013,openfacts
0004208062051,openfacts
0004212801653,openfacts
0004216101100,openfacts
0004220203753,openfacts
0004220206174,openfacts
0004225771646,openfacts
0004227201370,openfacts
0004228700001,openfacts
0004241039782,openfacts
0004242116246,openfacts
0004251140898,openfacts
0004251543514,openfacts
0004254445310,openfacts
0004255002024,openfacts
0004255655893,openfacts
0004256300976,openfacts
0004256360260,openfacts
0004257455538,openfacts
0004261960875,openfacts
0004272000089,openfacts
0004281700000,openfacts
0004300020119,openfacts
0004300095025,openfacts
0004302791161,openfacts
0004303404732,openfacts
0004308424377,openfacts
0004310502209,openfacts
0004312106092,openfacts
0004312967037,openfacts
0004313105032,openfacts
0004313105094,openfacts
0004313106091,openfacts
0004314001012,openfacts
0004314106090,openfacts
0004320980103,openfacts
0004321328812,openfacts
0004324316403,openfacts
0004325027414,openfacts
0004330039921,openfacts
0004331222902,openfacts
0004331686032,openfacts
0004332000370,openfacts
0004332423575,openfacts
0004332455217,openfacts
0004332613785,openfacts
0004335125889,openfacts
0004337003444,openfacts
0004338191225,openfacts
0004339250006,openfacts
0004339250150,openfacts
0004339374245,openfacts
0004340042454,openfacts
0004340340543,openfacts
0004344300802,openfacts
0004344342024,openfacts
0004344343144,openfacts
0004345002477,openfacts
0004345642017,openfacts
0004347007487,openfacts
0004352014364,openfacts
0004353267486,openfacts
0004354073925,openfacts
0004356482541,openfacts
0004357768590,openfacts
0004358501806,openfacts
0004360614044,openfacts
0004361108320,openfacts
0004364030581,openfacts
0004364067051,openfacts
0004364561320,openfacts
0004365570291,openfacts
0004370227678,openfacts
0004374300162,openfacts
0004375446616,openfacts
0004378650300,openfacts
0004380182332,openfacts
0004383262918,openfacts
0004385448587,openfacts
0004390517391,openfacts
0004400002114,openfacts
0004400005832,openfacts
0004400007133,openfacts
0004400013233,openfacts
0004400035723,openfacts
0004400154035,openfacts
0004400875077,openfacts
0004400908621,openfacts
0004400960353,openfacts
0004400964511,openfacts
0004402037435,openfacts
0004403070103,openfacts
0004403808089,openfacts
0004404067324,openfacts
0004404697323,openfacts
0004404698146,openfacts
0004404738019,openfacts
0004404739405,openfacts
0004404793032,openfacts
0004405141405,openfacts
0004405463323,openfacts
0004406309958,openfacts
0004406687858,openfacts
0004410216303,openfacts
0004410950276,openfacts
0004411056779,openfacts
0004411420068,openfacts
0004422870005,openfacts
0004424414078,openfacts
0004426001177,openfacts
0004430360048,openfacts
0004434008007,openfacts
0004435006255,openfacts
0004440403018,openfacts
0004442103565,openfacts
0004443806410,openfacts
0004444202327,openfacts
0004444401287,openfacts
0004444404660,openfacts
0004444444390,openfacts
0004444444444,openfacts
0004444610320,openfacts
0004444678924,openfacts
0004444846026,openfacts
0004444866666,openfacts
0004445000755,openfacts
0004446243335,openfacts
0004446744443,openfacts
0004447474400,openfacts
0004447477401,openfacts
0004447477661,openfacts
0004450020328,openfacts
0004450810233,openfacts
0004452580226,openfacts
0004452885659,openfacts
0004454406128,openfacts
0004454559978,openfacts
0004454566570,openfacts
0004455600303,openfacts
0004455765743,openfacts
0004456080005,openfacts
0004456603556,openfacts
0004460303497,openfacts
0004460317685,openfacts
0004460342601,openfacts
0004460439622,openfacts
0004460890836,openfacts
0004469478004,openfacts
0004469700822,openfacts
0004470006425,openfacts
0004471692016,openfacts
0004474030488,openfacts
0004475290744,openfacts
0004480209694,openfacts
0004480302401,openfacts
0004482238005,usda
0004487762208,openfacts
0004491187066,openfacts
0004498234053,openfacts
0004499509464,openfacts
0004499905853,openfacts
0004500004957,openfacts
0004500046865,openfacts
0004500312113,openfacts
0004502000094,openfacts
0004504311099,openfacts
0004504311112,openfacts
0004504311174,openfacts
0004504311181,openfacts
0004504311266,openfacts
0004504311433,openfacts
0004504311822,openfacts
0004504311945,openfacts
0004504311969,openfacts
0004504312676,openfacts
0004504312881,openfacts
0004504313178,openfacts
0004504313260,openfacts
0004504399400,openfacts
0004504399868,openfacts
0004504650693,openfacts
0004506453933,openfacts
0004517011313,openfacts
0004517909351,openfacts
0004526691520,openfacts
0004527017497,openfacts
0004528564570,openfacts
0004530445485,openfacts
0004531000942,openfacts
0004531740008,openfacts
0004532605511,openfacts
0004533016101,openfacts
0004535400090,openfacts
0004540511118,openfacts
0004544232675,openfacts
0004544784006,openfacts
0004544925676,openfacts
0004545060000,openfacts
0004545317555,openfacts
0004545317609,openfacts
0004545317722,openfacts
0004545620037,openfacts
0004545667094,openfacts
0004545667841,openfacts
0004545667858,openfacts
0004545667865,openfacts
0004545685654,openfacts
0004550128153,openfacts
0004553263004,openfacts
0004554644864,openfacts
0004557262720,openfacts
0004562700200,openfacts
0004566801408,openfacts
0004567037486,usda
0004573547528,openfacts
0004574200019,openfacts
0004574200026,openfacts
0004587030054,openfacts
0004590111412,usda
0004590403036,openfacts
0004590777564,openfacts
0004591030125,openfacts
0004594454775,openfacts
0004595404007,openfacts
0004600005922,openfacts
0004600024800,openfacts
0004600073341,openfacts
0004600342720,openfacts
0004600826091,openfacts
0004601160491,openfacts
0004602092975,openfacts
0004602611213,openfacts
0004603600896,openfacts
0004604021621,openfacts
0004604309880,openfacts
0004604313825,openfacts
0004604325088,openfacts
0004604336442,openfacts
0004611015644,openfacts
0004614504046,openfacts
0004614613960,openfacts
0004620000174,openfacts
0004634400281,openfacts
0004636505106,openfacts
0004638121700,openfacts
0004638414437,openfacts
0004642003801,openfacts
0004649316058,openfacts
0004650440650,openfacts
0004653505417,openfacts
0004655428301,openfacts
0004656700086,openfacts
0004656700093,openfacts
0004656700161,openfacts
0004656700178,openfacts
0004656700185,openfacts
0004656700352,openfacts
0004656700369,openfacts
0004656700420,openfacts
0004656700437,openfacts
0004656700444,openfacts
0004656700451,openfacts
0004656700475,openfacts
0004656700499,openfacts
0004656700512,openfacts
0004656700529,openfacts
0004656700543,openfacts
0004656700550,openfacts
0004656700581,openfacts
0004656700598,openfacts
0004656700604,openfacts
0004656700741,openfacts
0004656700758,openfacts
0004656700765,openfacts
0004656700772,openfacts
0004656700833,openfacts
0004656700888,openfacts
0004656700949,openfacts
0004656700956,openfacts
0004656700987,openfacts
0004656701045,openfacts
0004656701106,openfacts
0004656701182,openfacts
0004656701243,openfacts
0004656701267,openfacts
0004656701328,openfacts
0004656701410,openfacts
0004656701427,openfacts
0004656701496,openfacts
0004656701502,openfacts
0004656701564,openfacts
0004656701588,openfacts
0004656701779,openfacts
0004656701793,openfacts
0004656701847,openfacts
0004656701892,openfacts
0004656701922,openfacts
0004656702066,openfacts
0004656702110,openfacts
0004656702172,openfacts
0004656702226,openfacts
0004656702387,openfacts
0004656702431,openfacts
0004656702455,openfacts
0004656702493,openfacts
0004656702516,openfacts
0004656702547,openfacts
0004656702554,openfacts
0004656702639,openfacts
0004656702646,openfacts
0004656702653,openfacts
0004656702738,openfacts
0004656702875,openfacts
0004656703049,openfacts
0004656703063,openfacts
0004656703087,openfacts
0004656703131,openfacts
0004656703292,openfacts
0004656703346,openfacts
0004656703377,openfacts
0004656703766,openfacts
0004656703773,openfacts
0004656703780,openfacts
0004656703797,openfacts
0004656703834,openfacts
0004656703896,openfacts
0004656750326,openfacts
0004656750821,openfacts
0004656750906,openfacts
0004656771536,openfacts
0004656771901,openfacts
0004659678900,openfacts
0004666053684,openfacts
0004673846460,openfacts
0004673854441,openfacts
0004674486177,openfacts
0004674498507,openfacts
0004683615018,openfacts
0004690039395,openfacts
0004690064007,openfacts
0004690643301,openfacts
0004690995851,openfacts
0004695324717,openfacts
0004714013417,openfacts
0004714100308,openfacts
0004714332433,openfacts
0004714400125,openfacts
0004714410131,openfacts
0004714424206,openfacts
0004714440442,openfacts
0004715144059,openfacts
0004734000008,openfacts
0004740677409,openfacts
0004743009849,openfacts
0004744316069,openfacts
0004744600083,openfacts
0004744600137,openfacts
0004744600236,openfacts
0004749511780,openfacts
0004750995371,openfacts
0004754011473,openfacts
0004774700234,openfacts
0004800136730,openfacts
0004805006403,openfacts
0004810000694,openfacts
0004817656092,openfacts
0004818201017,openfacts
0004835501510,openfacts
0004836483433,openfacts
0004838904141,openfacts
0004846076519,openfacts
0004852047411,openfacts
0004854336018,openfacts
0004855004008,openfacts
0004877692528,openfacts
0004885852501,openfacts
0004893033336,openfacts
0004895103457,openfacts
0004900002898,openfacts
0004900004397,openfacts
0004900007909,openfacts
0004902280379,openfacts
0004906674235,openfacts
0004906775987,openfacts
0004914401007,openfacts
0004915010710,openfacts
0004915010727,openfacts
0004915103405,openfacts
0004915443983,openfacts
0004924329803,openfacts
0004930040396,openfacts
0004932000060,openfacts
0004932000473,openfacts
0004932590899,openfacts
0004933009635,openfacts
0004940003671,openfacts
0004948822069,openfacts
0004949122113,openfacts
0004949246611,openfacts
0004950000110,openfacts
0004955017915,openfacts
0004955171365,openfacts
0004955415698,openfacts
0004957374313,openfacts
0004957949610,openfacts
0004959019175,openfacts
0004964691007,openfacts
0004975008184,openfacts
0004976713896,openfacts
0004989008347,openfacts
0004989201113,openfacts
0004990000002,openfacts
0004990005564,openfacts
0004994103518,openfacts
0004996020202,openfacts
0004996750536,openfacts
0004998710019,openfacts
0004999008504,openfacts
0005000001576,openfacts
0005000005376,openfacts
0005000020201,openfacts
0005000030002,openfacts
0005000049639,openfacts
0005000060528,openfacts
0005000090495,openfacts
0005000253647,openfacts
0005000281213,openfacts
0005000303427,openfacts
0005000362059,openfacts
0005000393626,openfacts
0005000431564,openfacts
0005000432622,openfacts
0005000540518,openfacts
0005000603121,openfacts
0005000632114,openfacts
0005000743964,openfacts
0005002770272,openfacts
0005002918100,openfacts
0005002956287,openfacts
0005003256737,openfacts
0005003616807,openfacts
0005004044616,openfacts
0005004098817,openfacts
0005004212848,openfacts
0005004418103,openfacts
0005004436107,openfacts
0005005413695,openfacts
0005005717519,openfacts
0005006186000,openfacts
0005009927266,openfacts
0005010035554,openfacts
0005010620002,openfacts
0005012012980,openfacts
0005022010501,openfacts
0005031706747,openfacts
0005033114335,openfacts
0005038136004,openfacts
0005040010033,openfacts
0005040206405,openfacts
0005041475084,openfacts
0005044300000,openfacts
0005046980019,openfacts
0005047013129,openfacts
0005049512064,openfacts
0005050048156,openfacts
0005050215800,openfacts
0005050217019,openfacts
0005050286633,openfacts
0005050679756,openfacts
0005050805605,openfacts
0005053028209,openfacts
0005054012016,openfacts
0005055535538,openfacts
0005055555734,openfacts
0005056320560,openfacts
0005056723026,openfacts
0005059044579,openfacts
0005059314863,openfacts
0005062648795,openfacts
0005064037030,openfacts
0005065022363,openfacts
0005074560412,openfacts
0005075500172,openfacts
0005079100637,openfacts
0005083297194,openfacts
0005085801290,openfacts
0005086048809,openfacts
0005092904557,openfacts
0005096573506,openfacts
0005096769381,openfacts
0005097804715,openfacts
0005099042030,openfacts
0005099332346,openfacts
0005099909326,openfacts
0005100000011,openfacts
0005100000875,usda
0005100021894,openfacts
0005113635927,openfacts
0005114223604,openfacts
0005121001684,openfacts
0005130070121,openfacts
0005130158041,openfacts
0005130282852,openfacts
0005130283583,openfacts
0005139013006,openfacts
0005145798706,openfacts
0005150009002,openfacts
0005153105527,openfacts
0005156900389,openfacts
0005160103455,openfacts
0005165301573,openfacts
0005175004013,openfacts
0005200004780,openfacts
0005200105555,openfacts
0005200120060,openfacts
0005200148262,openfacts
0005201401540,openfacts
0005202140066,openfacts
0005214041399,openfacts
0005216437138,openfacts
0005216437657,usda
0005216437664,usda
0005216437688,usda
0005216437695,usda
0005216437701,usda
0005216437732,usda
0005216437763,usda
0005216438173,openfacts
0005216438296,openfacts
0005216438500,usda
0005216438517,usda
0005216438524,usda
0005216438548,openfacts
0005216438555,usda
0005216438579,usda
0005216438623,usda
0005216438647,usda
0005216452575,openfacts
0005224091483,openfacts
0005230142506,openfacts
0005241511445,openfacts
0005254078102,openfacts
0005254526412,openfacts
0005254615291,openfacts
0005254861315,openfacts
0005256339737,openfacts
0005256403117,openfacts
0005258000765,openfacts
0005260341948,openfacts
0005264000070,openfacts
0005266684711,openfacts
0005275304068,openfacts
0005288001510,openfacts
0005295446588,openfacts
0005300156082,openfacts
0005302328074,openfacts
0005302664646,openfacts
0005306585480,openfacts
0005309967030,openfacts
0005310010039,openfacts
0005312640890,openfacts
0005313363071,openfacts
0005315058265,openfacts
0005315058876,openfacts
0005316697012,openfacts
0005318743830,openfacts
0005319828710,openfacts
0005320696919,openfacts
0005329002315,openfacts
0005329002322,openfacts
0005329002339,openfacts
0005329002391,openfacts
0005329003107,openfacts
0005329003602,openfacts
0005329006337,openfacts
0005329700013,openfacts
0005330012310,openfacts
0005340003919,openfacts
0005340325004,openfacts
0005340386968,openfacts
0005342924687,openfacts
0005344003403,openfacts
0005344696469,openfacts
0005344829003,openfacts
0005348600264,openfacts
0005353530983,openfacts
0005355007100,openfacts
0005355011329,openfacts
0005356358690,openfacts
0005356661912,openfacts
0005357176545,openfacts
0005359900483,openfacts
0005361180002,openfacts
0005364027953,openfacts
0005365491067,openfacts
0005367200261,openfacts
0005370384750,openfacts
0005388187312,openfacts
0005390469246,openfacts
0005394004511,openfacts
0005395067287,openfacts
0005400256262,openfacts
0005400615281,openfacts
0005400754805,openfacts
0005400778375,openfacts
0005400784000,openfacts
0005400824638,openfacts
0005400974128,openfacts
0005401100625,openfacts
0005404460191,openfacts
0005404490105,openfacts
0005405043805,openfacts
0005406044450,openfacts
0005408267833,openfacts
0005409002181,openfacts
0005409037800,openfacts
0005411754818,openfacts
0005415604560,openfacts
0005420659814,openfacts
0005423015709,openfacts
0005426890617,openfacts
0005428073834,openfacts
0005434027289,openfacts
0005434050232,openfacts
0005434052779,openfacts
0005436168058,openfacts
0005440373332,openfacts
0005440378740,openfacts
0005442254622,openfacts
0005444044450,openfacts
0005444120932,openfacts
0005444222346,openfacts
0005444287833,openfacts
0005444487820,openfacts
0005444686902,openfacts
0005446024566,openfacts
0005446634840,openfacts
0005446800085,openfacts
0005450362111,openfacts
0005452001049,openfacts
0005456414616,openfacts
0005458333687,openfacts
0005460020230,openfacts
0005460461729,openfacts
0005462988330,openfacts
0005464001051,openfacts
0005464327526,openfacts
0005464633535,openfacts
0005471124866,openfacts
0005472910116,openfacts
0005487281270,openfacts
0005493004627,openfacts
0005494017046,openfacts
0005500002301,openfacts
0005500111034,openfacts
0005500500449,openfacts
0005501922011,openfacts
0005502502557,openfacts
0005515000774,openfacts
0005520304119,openfacts
0005521009389,openfacts
0005521015113,openfacts
0005525301007,openfacts
0005527084106,openfacts
0005532572261,openfacts
0005535306306,openfacts
0005537835804,openfacts
0005539498014,openfacts
0005540022901,openfacts
0005542040002,openfacts
0005543004607,openfacts
0005544000738,openfacts
0005544007980,openfacts
0005544118181,openfacts
0005544132477,openfacts
0005544267087,openfacts
0005544305918,openfacts
0005544667733,openfacts
0005544691028,openfacts
0005544729011,openfacts
0005545403309,openfacts
0005550326112,openfacts
0005550445233,openfacts
0005551300401,openfacts
0005554003583,openfacts
0005554503403,openfacts
0005554603431,openfacts
0005555000444,openfacts
0005555555555,openfacts
0005555783255,openfacts
0005557023014,openfacts
0005558113035,openfacts
0005558703694,openfacts
0005560001030,openfacts
0005560031341,openfacts
0005560102553,openfacts
0005560113153,openfacts
0005560303523,openfacts
0005561285477,openfacts
0005561994201,openfacts
0005568680770,openfacts
0005577107374,openfacts
0005577107749,openfacts
0005577614698,openfacts
0005590760945,openfacts
0005602869956,openfacts
0005603734307,openfacts
0005604060382,openfacts
0005605044886,openfacts
0005606224423,openfacts
0005607750068,openfacts
0005619239995,openfacts
0005625011158,openfacts
0005632444482,openfacts
0005640513033,openfacts
0005640940266,openfacts
0005640964088,openfacts
0005641957935,openfacts
0005642220540,openfacts
0005642552580,openfacts
0005642902729,openfacts
0005645055248,openfacts
0005645540874,openfacts
0005648934564,openfacts
0005649043722,openfacts
0005651478475,openfacts
0005665116592,openfacts
0005678500364,openfacts
0005679250220,openfacts
0005686420678,openfacts
0005700000299,openfacts
0005700051000,openfacts
0005725428399,openfacts
0005727989782,openfacts
0005733100874,openfacts
0005734631803,openfacts
0005734655656,openfacts
0005735000325,openfacts
0005739322782,openfacts
0005750153693,openfacts
0005761392531,openfacts
0005764622901,openfacts
0005770018224,openfacts
0005780083991,openfacts
0005794000465,openfacts
0005800008843,openfacts
0005800601242,openfacts
0005800698280,openfacts
0005801011651,openfacts
0005805012623,openfacts
0005805650047,openfacts
0005823581118,openfacts
0005842807244,openfacts
0005844005464,openfacts
0005873201196,openfacts
0005893146262,openfacts
0005893373262,openfacts
0005900124948,openfacts
0005909002209,openfacts
0005909244753,openfacts
0005909583340,openfacts
0005909723234,openfacts
0005933000011,openfacts
0005933738303,openfacts
0005937026918,openfacts
0005939593340,openfacts
0005944830430,openfacts
0005966528261,openfacts
0005966653642,openfacts
0005969083736,openfacts
0005972798962,openfacts
0005974991712,openfacts
0005978011065,openfacts
0005978044506,openfacts
0005990000832,openfacts
0005990023473,openfacts
0005990030853,openfacts
0005990040319,openfacts
0005990275582,openfacts
0006000006257,openfacts
0006000046048,openfacts
0006000047977,openfacts
0006000077356,openfacts
0006000133601,openfacts
0006000383822,openfacts
0006001354289,openfacts
0006001354500,openfacts
0006001541436,openfacts
0006003001167,openfacts
0006004000398,openfacts
0006004000640,openfacts
0006005099308,openfacts
0006006004707,openfacts
0006006006398,openfacts
0006007005369,openfacts
0006007010776,openfacts
0006009051500,openfacts
0006012233351,openfacts
0006014038107,openfacts
0006018546165,openfacts
0006020151005,openfacts
0006024044655,openfacts
0006031035004,openfacts
0006034014877,openfacts
0006038388141,openfacts
0006041147735,openfacts
0006041163124,openfacts
0006042000404,openfacts
0006043030998,openfacts
0006044904212,openfacts
0006046743895,openfacts
0006049006645,openfacts
0006051016243,openfacts
0006053100513,openfacts
0006060053925,openfacts
0006065424980,openfacts
0006071118354,openfacts
0006079148735,openfacts
0006081700112,openfacts
0006081709030,openfacts
0006084114039,openfacts
0006100008441,openfacts
0006118203630,openfacts
0006121229030,openfacts
0006121255046,openfacts
0006121277079,openfacts
0006124371095,openfacts
0006143010180,openfacts
0006144001194,openfacts
0006154700001,openfacts
0006156390729,openfacts
0006156512251,openfacts
0006158000008,openfacts
0006158006604,openfacts
0006161074003,openfacts
0006161913500,openfacts
0006161928733,openfacts
0006165040684,openfacts
0006167023135,usda
0006169000622,openfacts
0006169300012,openfacts
0006183086404,openfacts
0006187360821,openfacts
0006190525446,openfacts
0006190790004,openfacts
0006191530180,openfacts
0006193050464,openfacts
0006200003247,openfacts
0006220601706,openfacts
0006235654247,openfacts
0006244300005,openfacts
0006262048262,openfacts
0006262048620,openfacts
0006270040395,openfacts
0006281520282,openfacts
0006292228733,openfacts
0006304672301,openfacts
0006306340635,openfacts
0006306662973,openfacts
0006307421135,openfacts
0006308893757,openfacts
0006310042815,openfacts
0006312171070,openfacts
0006326340943,openfacts
0006344143731,openfacts
0006344149870,openfacts
0006345049070,openfacts
0006351702068,openfacts
0006364011058,openfacts
0006385544351,openfacts
0006394628868,openfacts
0006400090108,openfacts
0006400303857,openfacts
0006400488936,openfacts
0006401420805,openfacts
0006401436585,openfacts
0006401613221,openfacts
0006401686331,openfacts
0006401767986,openfacts
0006404053567,openfacts
0006404220563,openfacts
0006408024488,openfacts
0006409452822,openfacts
0006409673012,openfacts
0006409991444,openfacts
0006412000089,openfacts
0006420113733,openfacts
0006421437739,openfacts
0006423460193,usda
0006423461077,usda
0006423462951,usda
0006429099007,openfacts
0006440000303,openfacts
0006442000615,openfacts
0006444331038,openfacts
0006444539021,openfacts
0006444576446,openfacts
0006446001977,openfacts
0006446001984,usda
0006446002264,usda
0006446002660,usda
0006446002677,usda
0006446003520,usda
0006446004084,usda
0006450065590,openfacts
0006451060037,openfacts
0006457450375,openfacts
0006465203017,openfacts
0006465567034,openfacts
0006478107227,openfacts
0006481083167,openfacts
0006491074766,openfacts
0006491075374,openfacts
0006491326537,openfacts
0006499398277,openfacts
0006500000304,openfacts
0006500483077,openfacts
0006500597996,openfacts
0006501567899,openfacts
0006501842408,openfacts
0006504000096,openfacts
0006505088420,openfacts
0006505655233,openfacts
0006506974692,openfacts
0006517967300,openfacts
0006528072086,openfacts
0006540000005,openfacts
0006544320987,openfacts
0006546671575,openfacts
0006555004425,openfacts
0006556009832,openfacts
0006565580483,openfacts
0006580048333,openfacts
0006585031200,openfacts
0006595002900,openfacts
0006596000097,openfacts
0006597017414,openfacts
0006598687616,openfacts
0006599000087,openfacts
0006600002703,openfacts
0006601448326,openfacts
0006604031280,openfacts
0006610302480,openfacts
0006611489647,openfacts
0006612017016,openfacts
0006612572096,openfacts
0006614360851,openfacts
0006614390063,openfacts
0006614466997,openfacts
0006619047252,openfacts
0006619615161,openfacts
0006634407383,openfacts
0006638440171,openfacts
0006641025020,openfacts
0006644448000,openfacts
0006646268873,openfacts
0006650038288,openfacts
0006651500012,openfacts
0006663093489,openfacts
0006666666666,openfacts
0006669004953,openfacts
0006676131550,openfacts
0006699001540,openfacts
0006700000050,openfacts
0006707626826,openfacts
0006709030393,openfacts
0006729860024,openfacts
0006738777320,openfacts
0006740963193,openfacts
0006741002945,openfacts
0006741028907,openfacts
0006744142600,openfacts
0006750014557,openfacts
0006766103511,openfacts
0006766104273,openfacts
0006769009001,openfacts
0006769015323,openfacts
0006769091501,openfacts
0006790153216,openfacts
0006800097462,openfacts
0006800098469,openfacts
0006800448783,openfacts
0006800833480,openfacts
0006809581443,openfacts
0006810014992,openfacts
0006810089464,openfacts
0006811042000,openfacts
0006818483059,openfacts
0006833873163,openfacts
0006847660032,openfacts
0006850510034,openfacts
0006868002422,openfacts
0006871780393,openfacts
0006872100350,openfacts
0006876412558,openfacts
0006883212288,openfacts
0006894530005,usda
0006900014857,openfacts
0006902014305,openfacts
0006906502532,openfacts
0006909080556,openfacts
0006936600468,openfacts
0006947650308,openfacts
0006952002550,openfacts
0006952016731,openfacts
0006952016755,openfacts
0006952017042,openfacts
0006952017486,openfacts
0006952018124,openfacts
0006952117186,openfacts
0006956009999,openfacts
0006959310399,openfacts
0006970032140,openfacts
0006987051820,openfacts
0006993925740,openfacts
0006997754186,openfacts
0007000000955,openfacts
0007000002423,openfacts
0007000006827,openfacts
0007000019025,openfacts
0007000100013,openfacts
0007000111927,openfacts
0007000410075,openfacts
0007000525052,openfacts
0007001290829,openfacts
0007002567265,openfacts
0007005001452,openfacts
0007010975021,openfacts
0007011393305,openfacts
0007015748545,openfacts
0007018970127,openfacts
0007019614754,openfacts
0007020003202,openfacts
0007020052200,openfacts
0007020079009,openfacts
0007022110014,openfacts
0007025310909,openfacts
0007025322834,openfacts
0007025327020,openfacts
0007025329888,openfacts
0007025346526,openfacts
0007030336680,openfacts
0007039050099,openfacts
0007039399310,openfacts
0007050021955,openfacts
0007050115166,openfacts
0007050220242,openfacts
0007050430368,openfacts
0007053930858,openfacts
0007055038347,openfacts
0007055200201,openfacts
0007059004546,openfacts
0007062243116,openfacts
0007064048887,openfacts
0007067000509,openfacts
0007078400121,openfacts
0007078400350,openfacts
0007078400503,openfacts
0007078400800,openfacts
0007078401104,openfacts
0007078401302,openfacts
0007078401500,openfacts
0007078401616,openfacts
0007078401630,openfacts
0007078401838,openfacts
0007078402262,openfacts
0007078402354,openfacts
0007078402361,openfacts
0007078402378,openfacts
0007078402392,openfacts
0007078402446,openfacts
0007078402460,openfacts
0007078402620,openfacts
0007078403160,openfacts
0007078404020,openfacts
0007078404358,openfacts
0007078404372,openfacts
0007078404426,openfacts
0007078404440,openfacts
0007078404501,openfacts
0007078404945,openfacts
0007078404983,openfacts
0007078405379,openfacts
0007078405690,openfacts
0007078405911,openfacts
0007078406000,openfacts
0007078406109,openfacts
0007078407502,openfacts
0007078411240,openfacts
0007078411264,openfacts
0007078413008,openfacts
0007078413015,openfacts
0007078413022,openfacts
0007078413060,openfacts
0007078413084,openfacts
0007078415224,openfacts
0007078418850,openfacts
0007078421485,openfacts
0007078423656,openfacts
0007078423663,openfacts
0007078423915,openfacts
0007078423984,openfacts
0007078424554,openfacts
0007078425247,openfacts
0007078425865,openfacts
0007078425971,openfacts
0007078425988,openfacts
0007078425995,openfacts
0007078426428,openfacts
0007078426480,openfacts
0007078426602,openfacts
0007078427319,openfacts
0007078427364,openfacts
0007078429498,openfacts
0007078429597,openfacts
0007078429641,openfacts
0007078440295,openfacts
0007078442046,openfacts
0007078442060,openfacts
0007078442800,openfacts
0007078442824,openfacts
0007078442848,openfacts
0007078442893,openfacts
0007078442923,openfacts
0007078442930,openfacts
0007078443418,openfacts
0007078445863,openfacts
0007078447164,openfacts
0007078447461,openfacts
0007078447478,openfacts
0007078447904,openfacts
0007078450805,openfacts
0007078450829,openfacts
0007078450836,openfacts
0007078450911,openfacts
0007080079322,openfacts
0007080234745,openfacts
0007084909342,openfacts
0007086801118,openfacts
0007090031440,openfacts
0007090571403,openfacts
0007097111459,openfacts
0007100701868,openfacts
0007101001028,openfacts
0007101001219,openfacts
0007105008931,openfacts
0007108133128,openfacts
0007110000043,openfacts
0007113078346,openfacts
0007115000161,openfacts
0007116000108,openfacts
0007116800036,openfacts
0007124721637,openfacts
0007124935553,openfacts
0007132346839,openfacts
0007141451074,openfacts
0007146032209,openfacts
0007146430050,openfacts
0007156918975,openfacts
0007160053051,openfacts
0007172668618,openfacts
0007174031502,openfacts
0007187930021,openfacts
0007190413306,openfacts
0007195120346,openfacts
0007195136347,openfacts
0007200000021,openfacts
0007200008935,openfacts
0007200034484,openfacts
0007201591078,openfacts
0007203041113,openfacts
0007203600020,openfacts
0007203601058,openfacts
0007203602604,openfacts
0007203603052,openfacts
0007203603090,openfacts
0007203604189,openfacts
0007203604202,openfacts
0007203604219,openfacts
0007203605063,openfacts
0007203608019,openfacts
0007203609030,openfacts
0007203609993,openfacts
0007203611026,openfacts
0007203611040,openfacts
0007203611071,openfacts
0007203611088,openfacts
0007203614010,openfacts
0007203614119,openfacts
0007203615031,openfacts
0007203615055,openfacts
0007203619046,openfacts
0007203620028,openfacts
0007203620042,openfacts
0007203624019,openfacts
0007203628017,openfacts
0007203629045,openfacts
0007203629090,openfacts
0007203632014,openfacts
0007203632021,openfacts
0007203638030,openfacts
0007203641160,openfacts
0007203643010,openfacts
0007203651145,openfacts
0007203651152,openfacts
0007203654047,openfacts
0007203657031,openfacts
0007203660062,openfacts
0007203661021,openfacts
0007203663995,openfacts
0007203665654,openfacts
0007203666019,openfacts
0007203670443,openfacts
0007203670481,openfacts
0007203670641,openfacts
0007203670672,openfacts
0007203670863,openfacts
0007203670900,openfacts
0007203670917,openfacts
0007203670924,openfacts
0007203670948,openfacts
0007203671020,openfacts
0007203671037,openfacts
0007203671044,openfacts
0007203671143,openfacts
0007203671211,openfacts
0007203671235,openfacts
0007203671273,openfacts
0007203671297,openfacts
0007203671341,openfacts
0007203671372,openfacts
0007203671389,openfacts
0007203671396,openfacts
0007203671402,openfacts
0007203671419,openfacts
0007203671488,openfacts
0007203671495,openfacts
0007203671501,openfacts
0007203671549,openfacts
0007203671570,openfacts
0007203671624,openfacts
0007203671655,openfacts
0007203671662,openfacts
0007203671686,openfacts
0007203671693,openfacts
0007203671716,openfacts
0007203671723,openfacts
0007203671808,openfacts
0007203671822,openfacts
0007203671877,openfacts
0007203671914,openfacts
0007203671921,openfacts
0007203671952,openfacts
0007203672034,openfacts
0007203672096,openfacts
0007203672102,openfacts
0007203672133,openfacts
0007203672140,openfacts
0007203672157,openfacts
0007203672218,openfacts
0007203672225,openfacts
0007203672249,openfacts
0007203672256,openfacts
0007203672294,openfacts
0007203672300,openfacts
0007203672348,openfacts
0007203672362,openfacts
0007203672447,openfacts
0007203672454,openfacts
0007203672508,openfacts
0007203672560,openfacts
0007203672584,openfacts
0007203672591,openfacts
0007203672614,openfacts
0007203672621,openfacts
0007203672645,openfacts
0007203672652,openfacts
0007203672669,openfacts
0007203672683,openfacts
0007203672782,openfacts
0007203672881,openfacts
0007203672898,openfacts
0007203672935,openfacts
0007203672942,openfacts
0007203672959,openfacts
0007203672966,openfacts
0007203672980,openfacts
0007203673000,openfacts
0007203673017,openfacts
0007203673024,openfacts
0007203673048,openfacts
0007203673055,openfacts
0007203673062,openfacts
0007203673093,openfacts
0007203673123,openfacts
0007203673154,openfacts
0007203673192,openfacts
0007203676018,openfacts
0007203676025,openfacts
0007203676049,openfacts
0007203676056,openfacts
0007203676087,openfacts
0007203676179,openfacts
0007203676209,openfacts
0007203676254,openfacts
0007203676285,openfacts
0007203676292,openfacts
0007203676339,openfacts
0007203676360,openfacts
0007203676407,openfacts
0007203678098,openfacts
0007203678197,openfacts
0007203678265,openfacts
0007203688158,openfacts
0007203688165,openfacts
0007203688189,openfacts
0007203688493,openfacts
0007203695132,openfacts
0007203695231,openfacts
0007203695972,openfacts
0007203697723,openfacts
0007203697815,openfacts
0007203697846,openfacts
0007203698010,openfacts
0007203698126,openfacts
0007203698188,openfacts
0007203698195,openfacts
0007203698232,openfacts
0007203698300,openfacts
0007203698539,openfacts
0007203698591,openfacts
0007203698645,openfacts
0007203698690,openfacts
0007206070516,openfacts
0007206072701,openfacts
0007208004045,openfacts
0007212581167,openfacts
0007222008654,openfacts
0007232398608,openfacts
0007248900222,openfacts
0007250499004,openfacts
0007258700416,openfacts
0007259000010,openfacts
0007259700934,openfacts
0007266733901,openfacts
0007276201216,openfacts
0007282283411,openfacts
0007283075060,openfacts
0007288220083,openfacts
0007290001397,openfacts
0007293540374,usda
0007294505976,openfacts
0007300101789,openfacts
0007303046315,openfacts
0007303095788,openfacts
0007320415309,openfacts
0007332099900,openfacts
0007333412104,openfacts
0007334008405,openfacts
0007340700881,openfacts
0007340901417,openfacts
0007340910280,openfacts
0007341016332,openfacts
0007341095672,openfacts
0007341095702,openfacts
0007345000030,openfacts
0007364210212,openfacts
0007371000080,openfacts
0007371433079,openfacts
0007373100306,openfacts
0007373737373,openfacts
0007374003682,openfacts
0007376280210,openfacts
0007390003635,openfacts
0007390030709,openfacts
0007390032017,openfacts
0007400008704,openfacts
0007400108039,openfacts
0007400128051,openfacts
0007400612192,openfacts
0007402002311,openfacts
0007403004185,openfacts
0007403798411,openfacts
0007404128187,openfacts
0007405035026,openfacts
0007405571005,openfacts
0007405883108,openfacts
0007406993318,openfacts
0007410016225,openfacts
0007417000012,openfacts
0007423495116,openfacts
0007430039976,usda
0007432307653,openfacts
0007434475824,openfacts
0007440532023,openfacts
0007440549830,openfacts
0007444070330,openfacts
0007444070361,openfacts
0007444070392,openfacts
0007444070484,openfacts
0007444102116,openfacts
0007444132038,openfacts
0007444148008,openfacts
0007444148039,openfacts
0007444148343,openfacts
0007444148565,openfacts
0007444148909,openfacts
0007444168105,openfacts
0007444171099,openfacts
0007444203233,openfacts
0007444218893,openfacts
0007444263367,openfacts
0007447760122,openfacts
0007453900123,openfacts
0007469035185,openfacts
0007473431607,openfacts
0007486130351,usda
0007486130368,usda
0007486130382,usda
0007493032037,openfacts
0007494354985,openfacts
0007495178900,openfacts
0007495917516,openfacts
0007497660601,openfacts
0007500093020,openfacts
0007500183899,openfacts
0007500754143,openfacts
0007500904456,openfacts
0007502963345,openfacts
0007503036093,openfacts
0007504288200,openfacts
0007525004339,openfacts
0007533110565,openfacts
0007539105428,usda
0007540055002,openfacts
0007543001303,openfacts
0007544400839,openfacts
0007545006429,openfacts
0007546130086,openfacts
0007549403606,openfacts
0007551200248,openfacts
0007554620340,openfacts
0007560120230,openfacts
0007565303270,openfacts
0007567348583,openfacts
0007569006443,openfacts
0007569006535,openfacts
0007569006788,openfacts
0007569085653,openfacts
0007569120170,openfacts
0007576760048,usda
0007585003006,openfacts
0007592530458,openfacts
0007593041854,openfacts
0007595143136,openfacts
0007596103849,openfacts
0007597555401,openfacts
0007598004120,openfacts
0007602364769,openfacts
0007620164990,openfacts
0007631044083,openfacts
0007632080271,openfacts
0007643091730,openfacts
0007645001652,openfacts
0007650006024,openfacts
0007653300655,openfacts
0007654980658,openfacts
0007668976845,openfacts
0007680044904,openfacts
0007684000456,openfacts
0007684010134,openfacts
0007686921001,openfacts
0007700000095,openfacts
0007700026200,openfacts
0007700060778,openfacts
0007700807274,openfacts
0007710803389,openfacts
0007715997786,usda
0007726011907,openfacts
0007735223476,openfacts
0007742054612,openfacts
0007742249711,openfacts
0007744025771,openfacts
0007754513695,openfacts
0007755009562,openfacts
0007755010438,openfacts
0007756702226,openfacts
0007771694445,openfacts
0007771797764,openfacts
0007771967884,openfacts
0007772001884,openfacts
0007772001907,openfacts
0007772167771,openfacts
0007777620202,openfacts
0007777777777,openfacts
0007781502679,openfacts
0007781502686,openfacts
0007781502693,usda
0007789000900,openfacts
0007789009958,openfacts
0007789010022,openfacts
0007789010152,openfacts
0007789011234,openfacts
0007789013566,openfacts
0007789014501,openfacts
0007789015072,openfacts
0007789016437,openfacts
0007789017076,openfacts
0007789017175,openfacts
0007789017410,openfacts
0007789018158,openfacts
0007789019186,openfacts
0007789020441,openfacts
0007789021493,openfacts
0007789021981,openfacts
0007789022810,openfacts
0007789022834,openfacts
0007789023275,openfacts
0007789023701,openfacts
0007789024678,openfacts
0007789025019,openfacts
0007789025590,openfacts
0007789026214,openfacts
0007789026221,openfacts
0007789027495,openfacts
0007789027938,openfacts
0007789028614,openfacts
0007789029772,openfacts
0007789029895,openfacts
0007789030341,openfacts
0007789031850,openfacts
0007789032529,openfacts
0007789032710,openfacts
0007789032932,openfacts
0007789033229,openfacts
0007789034004,openfacts
0007789035216,openfacts
0007789036732,openfacts
0007789036794,openfacts
0007789037678,openfacts
0007789038934,openfacts
0007789039290,openfacts
0007789039412,openfacts
0007789039573,openfacts
0007789039764,openfacts
0007789040227,openfacts
0007789040555,openfacts
0007789040579,openfacts
0007789041200,openfacts
0007789041484,openfacts
0007789041576,openfacts
0007789042146,openfacts
0007789042238,openfacts
0007789043020,openfacts
0007789043525,openfacts
0007789043600,openfacts
0007789043624,openfacts
0007789043723,openfacts
0007789043785,openfacts
0007789043990,openfacts
0007789044034,openfacts
0007789044119,openfacts
0007789044126,openfacts
0007789044324,openfacts
0007789044447,openfacts
0007789044515,openfacts
0007789044591,openfacts
0007789044980,openfacts
0007789045048,openfacts
0007789045079,openfacts
0007789045178,openfacts
0007789045314,openfacts
0007789045376,openfacts
0007789045390,openfacts
0007789045406,openfacts
0007789045420,openfacts
0007789045611,openfacts
0007789045680,openfacts
0007789045819,openfacts
0007789045826,openfacts
0007789045833,openfacts
0007789045840,openfacts
0007789045895,openfacts
0007789045925,openfacts
0007789045949,openfacts
0007789045994,openfacts
0007789046069,openfacts
0007789046151,openfacts
0007789046267,openfacts
0007789046311,openfacts
0007789046335,openfacts
0007789046342,openfacts
0007789046359,openfacts
0007789046458,openfacts
0007789046533,openfacts
0007789046571,openfacts
0007789046687,openfacts
0007789046717,openfacts
0007789046724,openfacts
0007789046731,openfacts
0007789046885,openfacts
0007789046915,openfacts
0007789047172,openfacts
0007789047301,openfacts
0007789047387,openfacts
0007789047394,openfacts
0007789047585,openfacts
0007789047677,openfacts
0007789047707,openfacts
0007789047790,openfacts
0007789047875,openfacts
0007789048483,openfacts
0007789048575,openfacts
0007789048841,openfacts
0007789049312,openfacts
0007789049503,openfacts
0007789051629,openfacts
0007789051957,openfacts
0007789056570,openfacts
0007789064834,openfacts
0007789065459,openfacts
0007789067590,openfacts
0007789071528,openfacts
0007789080858,openfacts
0007789083576,openfacts
0007789087659,openfacts
0007789089936,openfacts
0007789094442,openfacts
0007793656612,openfacts
0007796028157,openfacts
0007801185639,openfacts
0007802000498,openfacts
0007813198412,openfacts
0007815002472,openfacts
0007815002489,usda
0007815002496,openfacts
0007832102704,openfacts
0007835210185,openfacts
0007840783162,openfacts
0007841112107,openfacts
0007844171323,openfacts
0007850036333,openfacts
0007852000073,openfacts
0007858528335,openfacts
0007869902469,openfacts
0007872230610,openfacts
0007874114888,openfacts
0007874210580,openfacts
0007874218807,openfacts
0007874219620,openfacts
0007874222361,openfacts
0007874223047,openfacts
0007874225461,openfacts
0007874226765,openfacts
0007874226901,openfacts
0007874235200,openfacts
0007874236184,openfacts
0007874298366,openfacts
0007876700058,openfacts
0007880032008,openfacts
0007889594163,openfacts
0007890361112,openfacts
0007890454104,openfacts
0007891601866,openfacts
0007905008520,openfacts
0007906280420,openfacts
0007914701955,openfacts
0007944111533,openfacts
0007944218980,openfacts
0007944311254,openfacts
0007944441524,openfacts
0007944567453,openfacts
0007944604653,openfacts
0007944611354,openfacts
0007964000534,openfacts
0007978200272,openfacts
0007981798995,openfacts
0007984410351,openfacts
0007989340820,openfacts
0007989340851,openfacts
0007989360071,openfacts
0008000001218,openfacts
0008000002437,openfacts
0008000045533,openfacts
0008000525493,openfacts
0008001000074,usda
0008001000630,usda
0008001000647,usda
0008001000654,usda
0008001000661,openfacts
0008001044023,openfacts
0008001110568,openfacts
0008001200016,usda
0008001206308,openfacts
0008002270186,openfacts
0008002575540,openfacts
0008003001857,usda
0008003018831,openfacts
0008003018916,usda
0008003018923,usda
0008003018930,usda
0008003019050,usda
0008003908002,openfacts
0008003908590,openfacts
0008004017123,openfacts
0008004035400,openfacts
0008004095022,openfacts
0008004672605,openfacts
0008004925008,openfacts
0008004925015,usda
0008004950000,usda
0008005111004,usda
0008005125193,usda
0008005158306,usda
0008005159655,openfacts
0008005159709,usda
0008005358027,openfacts
0008005358164,openfacts
0008005658134,usda
0008005758308,openfacts
0008005825017,openfacts
0008005835047,openfacts
0008005858558,usda
0008005858565,openfacts
0008005858930,usda
0008005887275,openfacts
0008005912007,usda
0008005913004,openfacts
0008005913653,usda
0008005914193,usda
0008005914865,usda
0008005915008,usda
0008005915190,usda
0008005925007,openfacts
0008005925045,openfacts
0008005927001,openfacts
0008005930018,openfacts
0008005930025,openfacts
0008005935006,openfacts
0008005957015,openfacts
0008005957169,openfacts
0008005957190,openfacts
0008005958012,openfacts
0008005958043,openfacts
0008005958562,openfacts
0008005958760,usda
0008005958807,openfacts
0008005958876,openfacts
0008005958937,usda
0008005959101,openfacts
0008005959194,openfacts
0008005974302,openfacts
0008005985179,openfacts
0008005987166,openfacts
0008005990111,openfacts
0008005990142,usda
0008005990173,openfacts
0008005996014,openfacts
0008006050098,openfacts
0008006714136,usda
0008006714402,usda
0008006758031,usda
0008006758130,usda
0008006759106,usda
0008006759304,usda
0008006795029,openfacts
0008006796019,openfacts
0008006915137,usda
0008006935401,usda
0008006956703,usda
0008006958011,usda
0008006958165,usda
0008006958554,usda
0008006958752,usda
0008006958936,usda
0008006974011,usda
0008006996013,usda
0008007842227,openfacts
0008007914139,openfacts
0008007915136,openfacts
0008007917123,openfacts
0008007917130,openfacts
0008007958928,openfacts
0008007995022,openfacts
0008008137971,openfacts
0008009912133,usda
0008009935316,usda
0008009950135,usda
0008009958223,usda
0008009995020,usda
0008010040337,openfacts
0008012820012,openfacts
0008013979610,openfacts
0008014801040,openfacts
0008016830048,openfacts
0008017310112,openfacts
0008017311102,openfacts
0008021200201,openfacts
0008030043615,openfacts
0008032404131,openfacts
0008034003356,openfacts
0008041000133,openfacts
0008044441032,openfacts
0008046382500,openfacts
0008050336421,openfacts
0008050540118,openfacts
0008055570004,openfacts
0008056992188,openfacts
0008059572097,openfacts
0008060040202,openfacts
0008060287546,openfacts
0008064008246,openfacts
0008064009021,usda
0008064067335,openfacts
0008068270359,openfacts
0008070241293,openfacts
0008075404082,openfacts
0008076910728,openfacts
0008077101101,usda
0008077101118,usda
0008077101132,openfacts
0008077102115,usda
0008077102122,usda
0008077102139,usda
0008077102146,usda
0008077102207,usda
0008077102214,usda
0008077102238,openfacts
0008077201108,usda
0008080033628,openfacts
0008080043269,openfacts
0008080087928,openfacts
0008080088383,openfacts
0008080089427,openfacts
0008080089823,openfacts
0008080089847,openfacts
0008080125958,openfacts
0008080147165,openfacts
0008080151445,openfacts
0008080164179,openfacts
0008080808080,openfacts
0008085650035,openfacts
0008091655000,openfacts
0008092002070,openfacts
0008107259949,usda
0008107359946,usda
0008107810003,openfacts
0008107829944,usda
0008112100274,openfacts
0008112100281,usda
0008112100298,usda
0008112498821,openfacts
0008113128130,openfacts
0008124511532,openfacts
0008125651046,openfacts
0008125959500,openfacts
0008127000019,usda
0008127000057,usda
0008127000101,usda
0008127000118,usda
0008127000309,usda
0008127000439,usda
0008127000453,usda
0008127000477,usda
0008127000491,usda
0008127000507,usda
0008127000514,usda
0008127397461,openfacts
0008130200802,openfacts
0008132505400,openfacts
0008141014641,openfacts
0008142646759,openfacts
0008144900606,openfacts
0008146215487,openfacts
0008146801666,openfacts
0008151315196,openfacts
0008152345567,openfacts
0008152585000,openfacts
0008155902903,usda
0008155902910,usda
0008155902927,usda
0008155902934,usda
0008155902972,usda
0008157007125,openfacts
0008157121814,openfacts
0008157230035,openfacts
0008157323010,openfacts
0008159762558,openfacts
0008161087526,openfacts
0008162025787,openfacts
0008165694690,openfacts
0008169500898,openfacts
0008170751449,usda
0008181528306,openfacts
0008182357028,openfacts
0008190470030,openfacts
0008192023913,openfacts
0008195603013,openfacts
0008200015015,openfacts
0008222017721,openfacts
0008226004000,openfacts
0008226502339,openfacts
0008229101003,usda
0008229101010,usda
0008229101034,usda
0008229101041,usda
0008229101119,usda
0008229101126,usda
0008229101133,usda
0008229101157,usda
0008229101171,usda
0008229101188,usda
0008229101225,usda
0008229101263,usda
0008229101270,usda
0008229101294,openfacts
0008229101317,usda
0008229101324,usda
0008229101348,usda
0008229101355,usda
0008229101386,usda
0008229101393,usda
0008229101409,usda
0008229101522,usda
0008229101553,usda
0008229101560,usda
0008229101607,usda
0008229101645,usda
0008229101652,usda
0008229105421,usda
0008229105506,usda
0008229105513,usda
0008229105537,openfacts
0008229105544,usda
0008229105605,usda
0008229106008,usda
0008229106015,usda
0008229106022,usda
0008229106084,usda
0008229106091,usda
0008229106107,usda
0008229107005,usda
0008229107012,usda
0008229108019,usda
0008229108033,usda
0008229108040,usda
0008229108057,usda
0008229108064,usda
0008229108071,usda
0008229108088,usda
0008229108118,openfacts
0008229109016,openfacts
0008229109023,openfacts
0008229109030,openfacts
0008229109047,openfacts
0008229109061,usda
0008236560862,openfacts
0008240000095,openfacts
0008241977068,openfacts
0008254206001,openfacts
0008259263375,openfacts
0008273000253,openfacts
0008274000061,usda
0008274000078,usda
0008274000085,openfacts
0008274000092,usda
0008274000139,usda
0008274000498,usda
0008274000511,usda
0008274000528,usda
0008274000535,usda
0008274000542,usda
0008274000641,openfacts
0008274000993,openfacts
0008274002010,usda
0008274003741,openfacts
0008274004489,usda
0008274004687,usda
0008274004809,openfacts
0008274004830,openfacts
0008274004854,openfacts
0008274004960,openfacts
0008274005738,openfacts
0008274005813,usda
0008274006544,usda
0008274006551,openfacts
0008274006605,usda
0008274006612,openfacts
0008274006650,usda
0008274006667,usda
0008274006674,openfacts
0008274006681,openfacts
0008274006759,openfacts
0008274066401,usda
0008274067507,openfacts
0008274111118,usda
0008274123456,usda
0008274130003,usda
0008274234152,usda
0008274333336,usda
0008274333381,openfacts
0008274444445,openfacts
0008274484847,openfacts
0008274654004,usda
0008274660005,usda
0008274661002,usda
0008274665000,usda
0008274666007,usda
0008274667004,usda
0008274668001,openfacts
0008274883336,openfacts
0008295612229,openfacts
0008295614353,openfacts
0008295615213,openfacts
0008295615268,usda
0008295615305,usda
0008295616241,openfacts
0008295616340,openfacts
0008295618030,openfacts
0008295618306,openfacts
0008295620347,openfacts
0008295630346,openfacts
0008295660084,usda
0008295660091,openfacts
0008295660107,usda
0008295660688,usda
0008295660695,openfacts
0008295660725,usda
0008295660770,usda
0008295660787,openfacts
0008295660794,openfacts
0008295660930,openfacts
0008295660954,openfacts
0008295661012,usda
0008295661036,usda
0008295661043,openfacts
0008295661050,usda
0008295661074,usda
0008295661081,usda
0008295661098,usda
0008295662859,openfacts
0008295663085,openfacts
0008295663146,usda
0008295663160,usda
0008295663177,usda
0008295663603,openfacts
0008295663764,usda
0008295663801,usda
0008295663832,usda
0008295663900,usda
0008295664433,openfacts
0008295664440,openfacts
0008295664457,openfacts
0008295664464,openfacts
0008295664471,openfacts
0008295664488,openfacts
0008295664495,openfacts
0008295664501,openfacts
0008295664518,openfacts
0008295664525,openfacts
0008295664532,openfacts
0008295664549,openfacts
0008295664556,openfacts
0008295664563,openfacts
0008295664570,openfacts
0008295664587,openfacts
0008295664754,usda
0008295664761,usda
0008295664853,usda
0008295665027,openfacts
0008295665102,usda
0008295665133,openfacts
0008295665140,openfacts
0008295665171,usda
0008295665195,openfacts
0008295665263,openfacts
0008295665287,usda
0008295665669,openfacts
0008295666178,openfacts
0008295666246,usda
0008295666413,openfacts
0008295666529,usda
0008295666567,openfacts
0008295666642,openfacts
0008295666666,openfacts
0008295666802,openfacts
0008295667922,openfacts
0008295816351,openfacts
0008299311395,openfacts
0008300898969,openfacts
0008305075112,openfacts
0008307227717,openfacts
0008309734008,openfacts
0008312230030,openfacts
0008315102020,openfacts
0008324019074,openfacts
0008327592345,openfacts
0008337369500,openfacts
0008340131316,openfacts
0008341012188,openfacts
0008344887349,openfacts
0008345004738,openfacts
0008345518389,openfacts
0008346018352,usda
0008346018376,openfacts
0008346026357,usda
0008346026364,usda
0008346026371,usda
0008346026388,usda
0008346026395,usda
0008346026524,usda
0008346048953,usda
0008346121410,usda
0008346121427,usda
0008346122202,usda
0008346122219,openfacts
0008346122264,usda
0008346381197,usda
0008346400010,openfacts
0008346400027,openfacts
0008346400034,openfacts
0008346400041,openfacts
0008346400065,openfacts
0008346400218,openfacts
0008346400225,openfacts
0008346400508,openfacts
0008346400539,openfacts
0008346401017,openfacts
0008346401024,openfacts
0008346404018,openfacts
0008346461042,openfacts
0008346461059,openfacts
0008346461301,openfacts
0008346461325,openfacts
0008346464043,openfacts
0008346464050,openfacts
0008346464074,openfacts
0008346464302,openfacts
0008346464326,openfacts
0008346480012,openfacts
0008346480029,openfacts
0008346480036,openfacts
0008346481002,openfacts
0008346481019,openfacts
0008346481101,openfacts
0008346481118,openfacts
0008346481149,openfacts
0008346481156,openfacts
0008346481163,openfacts
0008346500017,usda
0008346500024,usda
0008346500031,usda
0008346500055,usda
0008346500062,usda
0008346500079,usda
0008346500086,usda
0008346500093,usda
0008346500109,usda
0008346500116,openfacts
0008346500123,usda
0008346500130,openfacts
0008346500147,openfacts
0008346500307,openfacts
0008346500314,openfacts
0008346500321,openfacts
0008346500338,openfacts
0008346500505,usda
0008346500529,openfacts
0008346500611,openfacts
0008346500628,openfacts
0008346500765,usda
0008346500772,usda
0008346510016,usda
0008346600014,openfacts
0008346600021,openfacts
0008346600038,openfacts
0008346640010,usda
0008346640027,usda
0008346640096,usda
0008346642014,usda
0008346710089,usda
0008346720019,openfacts
0008346724017,openfacts
0008346740017,usda
0008346740024,usda
0008346740031,openfacts
0008346740055,usda
0008346740062,usda
0008346740079,usda
0008346740086,usda
0008346740093,usda
0008346740109,usda
0008346740123,usda
0008346740130,usda
0008346740147,usda
0008346740505,usda
0008346740529,usda
0008346740536,usda
0008346740611,usda
0008346740628,usda
0008346740635,usda
0008346750016,usda
0008346750023,usda
0008346750030,usda
0008346750214,usda
0008346750610,usda
0008346780013,usda
0008346780020,usda
0008346780051,usda
0008346780068,usda
0008346780075,usda
0008346780204,usda
0008346780211,usda
0008346780235,usda
0008346780242,usda
0008346780525,usda
0008346790012,usda
0008346790029,usda
0008346790074,usda
0008346790524,openfacts
0008346791019,usda
0008346791026,usda
0008346800018,usda
0008346800025,usda
0008346800032,usda
0008346800049,usda
0008346800056,usda
0008346800087,usda
0008346800094,usda
0008346802005,usda
0008346802012,usda
0008346802029,usda
0008346802036,usda
0008346802043,usda
0008346802500,usda
0008346802517,usda
0008346802524,usda
0008346802531,usda
0008346804016,usda
0008346804030,usda
0008346804092,usda
0008346804108,openfacts
0008346804115,usda
0008346804221,openfacts
0008346804238,usda
0008346804252,openfacts
0008346804269,usda
0008346804405,openfacts
0008346804412,openfacts
0008346861002,usda
0008346861033,usda
0008346861316,usda
0008346861330,openfacts
0008346861347,openfacts
0008346861514,usda
0008346861545,openfacts
0008346861552,usda
0008346874026,usda
0008346874064,usda
0008346874101,usda
0008346874507,openfacts
0008346874514,usda
0008346874521,usda
0008346874545,openfacts
0008346874552,usda
0008346874583,openfacts
0008346874590,usda
0008346874637,usda
0008346874668,openfacts
0008346874675,usda
0008346874705,openfacts
0008346874712,usda
0008346874743,openfacts
0008346874750,usda
0008346874804,usda
0008346874828,usda
0008346874835,usda
0008346874859,openfacts
0008346874866,usda
0008346874897,openfacts
0008346874903,usda
0008346874934,openfacts
0008346874941,usda
0008346874972,openfacts
0008346874989,usda
0008346875054,openfacts
0008346875061,usda
0008346875085,openfacts
0008346875092,usda
0008346875139,openfacts
0008346875146,usda
0008346875207,openfacts
0008346875214,usda
0008346875252,usda
0008346875603,openfacts
0008346875610,usda
0008346875665,openfacts
0008346875672,usda
0008346875696,openfacts
0008346875702,usda
0008346875726,openfacts
0008346875733,usda
0008346875757,openfacts
0008346875764,usda
0008346875832,usda
0008346875870,usda
0008346876105,usda
0008346876280,openfacts
0008346877225,openfacts
0008346877249,openfacts
0008346877300,openfacts
0008346952007,openfacts
0008346952014,openfacts
0008346952052,openfacts
0008346952069,usda
0008346954001,usda
0008346954056,openfacts
0008346954506,openfacts
0008346954513,openfacts
0008346954537,openfacts
0008346954544,openfacts
0008346956609,usda
0008346956616,usda
0008346956777,openfacts
0008346956784,openfacts
0008346956791,openfacts
0008346956869,openfacts
0008346956883,openfacts
0008346956890,usda
0008346956906,usda
0008346956913,openfacts
0008346956920,usda
0008346956937,usda
0008346957118,openfacts
0008346957279,openfacts
0008346957286,openfacts
0008346957293,openfacts
0008346957309,openfacts
0008346957316,openfacts
0008346957323,openfacts
0008346957422,openfacts
0008346957453,openfacts
0008346957477,openfacts
0008346957507,openfacts
0008346957538,openfacts
0008346957545,openfacts
0008346957569,openfacts
0008346957606,openfacts
0008347602444,openfacts
0008355015922,usda
0008359005332,openfacts
0008360200276,openfacts
0008360300556,openfacts
0008360301119,openfacts
0008360301225,usda
0008361003449,openfacts
0008361003579,openfacts
0008361255978,usda
0008361721299,openfacts
0008361860103,openfacts
0008361860110,openfacts
0008361860202,openfacts
0008361860226,openfacts
0008369774204,openfacts
0008371202566,openfacts
0008373151121,openfacts
0008378877002,openfacts
0008390080589,openfacts
0008395044579,openfacts
0008399364475,openfacts
0008399611456,openfacts
0008400000774,openfacts
0008400005922,openfacts
0008400007384,openfacts
0008400008817,openfacts
0008400009654,openfacts
0008400021281,openfacts
0008400048028,openfacts
0008400666260,openfacts
0008404000060,openfacts
0008404001241,openfacts
0008404720685,openfacts
0008404811727,openfacts
0008409141102,openfacts
0008410090352,openfacts
0008421352296,openfacts
0008421352357,openfacts
0008421365890,openfacts
0008421368525,openfacts
0008421369416,openfacts
0008421373918,openfacts
0008421405404,openfacts
0008421411887,openfacts
0008421421473,openfacts
0008421422098,openfacts
0008421424078,openfacts
0008421425037,openfacts
0008421902446,openfacts
0008428047690,openfacts
0008430100000,openfacts
0008440004015,openfacts
0008441341416,openfacts
0008441341430,openfacts
0008441341799,openfacts
0008441345001,openfacts
0008441345063,openfacts
0008441442038,openfacts
0008441442144,openfacts
0008441444704,openfacts
0008441444902,openfacts
0008441555257,openfacts
0008441556063,openfacts
0008441770308,openfacts
0008441780031,openfacts
0008441781175,openfacts
0008441882056,openfacts
0008443030028,openfacts
0008444545361,openfacts
0008444651048,openfacts
0008451300663,openfacts
0008453353537,usda
0008453353544,usda
0008453353551,usda
0008453353599,usda
0008459345567,usda
0008464000253,openfacts
0008464400596,openfacts
0008464400640,openfacts
0008477002633,openfacts
0008477110031,openfacts
0008481001042,openfacts
0008481012161,openfacts
0008493015006,openfacts
0008495670876,openfacts
0008497110004,openfacts
0008497123400,usda
0008497142227,openfacts
0008500000070,openfacts
0008500109278,openfacts
0008500205918,openfacts
0008500414662,openfacts
0008500420694,openfacts
0008500683921,openfacts
0008500683938,openfacts
0008501013239,openfacts
0008501997997,openfacts
0008501998000,openfacts
0008501998017,openfacts
0008503366036,openfacts
0008506021055,openfacts
0008506547562,openfacts
0008517092631,openfacts
0008523006257,openfacts
0008523352798,openfacts
0008523358462,openfacts
0008523368072,openfacts
0008523368089,openfacts
0008523911186,openfacts
0008523911810,openfacts
0008523993106,openfacts
0008526010008,openfacts
0008527249063,openfacts
0008532888097,openfacts
0008536870043,openfacts
0008540014600,openfacts
0008545020453,openfacts
0008545085001,openfacts
0008545720018,openfacts
0008546700200,openfacts
0008548602205,openfacts
0008550002215,openfacts
0008550003830,openfacts
0008550065197,openfacts
0008553566080,openfacts
0008555342521,openfacts
0008560443176,openfacts
0008563094269,openfacts
0008563095006,openfacts
0008563107105,openfacts
0008563110006,openfacts
0008563112512,openfacts
0008563888752,usda
0008563888783,usda
0008563888790,usda
0008563991070,openfacts
0008563991100,openfacts
0008563994569,openfacts
0008563994590,openfacts
0008563994606,openfacts
0008563994613,openfacts
0008563994620,openfacts
0008563994705,usda
0008563994811,openfacts
0008563994866,openfacts
0008563994873,usda
0008563994903,openfacts
0008563994934,openfacts
0008563995023,openfacts
0008563995085,openfacts
0008563995122,openfacts
0008563995139,openfacts
0008565155029,openfacts
0008569042011,openfacts
0008571436181,openfacts
0008577000041,usda
0008577000072,openfacts
0008577000133,openfacts
0008577000195,openfacts
0008577000218,usda
0008577000225,usda
0008577000249,usda
0008577000294,openfacts
0008577000317,usda
0008577000331,usda
0008577000355,openfacts
0008577000379,usda
0008577000485,usda
0008577000492,usda
0008577000553,openfacts
0008577000676,usda
0008577000713,usda
0008577000744,openfacts
0008577000768,openfacts
0008577000959,openfacts
0008577001123,openfacts
0008577001147,usda
0008577001161,usda
0008577001178,openfacts
0008577001208,openfacts
0008577001246,usda
0008577001253,usda
0008577001390,usda
0008577001420,usda
0008577001635,usda
0008577001673,openfacts
0008577001765,usda
0008577001772,usda
0008577002779,usda
0008577002786,usda
0008577002885,usda
0008577002892,usda
0008577002939,openfacts
0008577002960,openfacts
0008577004315,usda
0008577004414,openfacts
0008577004452,usda
0008577004476,openfacts
0008577004483,usda
0008577004513,openfacts
0008577004520,usda
0008577004537,usda
0008577004544,usda
0008577004551,openfacts
0008577004643,openfacts
0008577004650,openfacts
0008577004667,openfacts
0008577004698,usda
0008577004742,openfacts
0008577004810,usda
0008577004827,usda
0008577004834,usda
0008577004841,usda
0008577004858,usda
0008577004872,openfacts
0008577004919,openfacts
0008577004926,usda
0008577004940,openfacts
0008577004957,openfacts
0008577004964,openfacts
0008577004971,openfacts
0008577004988,openfacts
0008577005008,openfacts
0008577005015,openfacts
0008577005022,usda
0008577005084,openfacts
0008577005091,openfacts
0008577005114,openfacts
0008577005121,openfacts
0008577010613,usda
0008577022449,usda
0008577045677,usda
0008582000081,openfacts
0008582000258,openfacts
0008582000272,openfacts
0008582000319,openfacts
0008582000364,openfacts
0008582000586,openfacts
0008582001064,openfacts
0008582001194,openfacts
0008582001477,openfacts
0008582001484,openfacts
0008583100032,openfacts
0008583100087,openfacts
0008583100162,usda
0008583100186,usda
0008583100193,usda
0008583100209,usda
0008583100223,openfacts
0008583100230,usda
0008583100247,usda
0008583100254,usda
0008583100261,usda
0008583100278,usda
0008583100339,openfacts
0008583100391,openfacts
0008583200008,usda
0008583830014,openfacts
0008583830434,openfacts
0008583830472,usda
0008583830526,usda
0008583831639,openfacts
0008583831646,openfacts
0008583831660,openfacts
0008583831677,openfacts
0008583832087,openfacts
0008583832148,openfacts
0008583833039,openfacts
0008583833060,openfacts
0008583833077,openfacts
0008583833145,openfacts
0008583833176,openfacts
0008583833220,openfacts
0008583833251,openfacts
0008583833268,openfacts
0008583833275,openfacts
0008583834142,usda
0008590010850,openfacts
0008600007498,openfacts
0008600011235,openfacts
0008600012669,openfacts
0008600024310,openfacts
0008600030038,usda
0008615059994,usda
0008615140340,openfacts
0008619321424,openfacts
0008631530002,openfacts
0008632086973,openfacts
0008632205350,openfacts
0008637678555,openfacts
0008639890078,openfacts
0008642172000,openfacts
0008644617981,openfacts
0008653000583,openfacts
0008653047991,openfacts
0008659995937,openfacts
0008660000026,openfacts
0008660000057,openfacts
0008660007698,openfacts
0008660100108,openfacts
0008664298320,openfacts
0008670191165,openfacts
0008690793462,openfacts
0008695992976,openfacts
0008698011063,openfacts
0008707664914,openfacts
0008710493167,openfacts
0008725000015,usda
0008725000022,usda
0008725020082,usda
0008725020129,usda
0008725020136,usda
0008725020198,usda
0008725020211,usda
0008725020235,usda
0008725020297,usda
0008725021041,usda
0008725021072,usda
0008725021096,usda
0008725030012,usda
0008725030135,usda
0008725030159,usda
0008725030166,usda
0008725030180,usda
0008725030203,usda
0008725030210,usda
0008725031026,openfacts
0008725031033,usda
0008725031057,usda
0008725031064,usda
0008725031293,openfacts
0008725033648,usda
0008725033655,usda
0008725033693,usda
0008725050003,usda
0008725050102,usda
0008725050119,usda
0008725050126,usda
0008725050133,usda
0008725050614,usda
0008725052007,usda
0008725052465,usda
0008725056142,usda
0008725060002,usda
0008725060019,usda
0008725060026,usda
0008725060033,usda
0008725061177,usda
0008725061184,usda
0008725062044,usda
0008725062051,usda
0008725070018,openfacts
0008725070025,usda
0008725070032,usda
0008725070070,usda
0008725070087,usda
0008725070131,usda
0008725071619,openfacts
0008725071640,openfacts
0008725080000,usda
0008725220062,usda
0008725220079,usda
0008725221236,openfacts
0008725221564,usda
0008725221571,usda
0008725221618,openfacts
0008725222608,usda
0008725247007,usda
0008725247014,usda
0008725247021,usda
0008725247038,usda
0008725247045,openfacts
0008725247052,usda
0008725247069,openfacts
0008725247090,usda
0008725275024,usda
0008725284026,openfacts
0008725285030,openfacts
0008727000037,usda
0008740051627,openfacts
0008744410017,openfacts
0008744410109,openfacts
0008745109217,openfacts
0008747400831,openfacts
0008747999793,openfacts
0008749300382,openfacts
0008749315577,openfacts
0008764100813,openfacts
0008788300084,openfacts
0008790127303,openfacts
0008791270121,openfacts
0008795001332,openfacts
0008800258232,openfacts
0008806036001,openfacts
0008807499331,openfacts
0008813075666,openfacts
0008817212371,wikidata
0008818000427,openfacts
0008834181988,openfacts
0008840000341,openfacts
0008852060302,openfacts
0008853146487,openfacts
0008853146517,openfacts
0008853146562,openfacts
0008853146586,openfacts
0008853146623,openfacts
0008853146708,usda
0008853498272,usda
0008853498333,usda
0008857035855,openfacts
0008858359899,usda
0008860611220,openfacts
0008863616178,openfacts
0008880063412,openfacts
0008888167112,openfacts
0008888176206,openfacts
0008890034211,openfacts
0008892095074,openfacts
0008896001262,openfacts
0008897867485,openfacts
0008898009006,openfacts
0008898100017,openfacts
0008898100239,openfacts
0008900002452,openfacts
0008900132104,openfacts
0008905996176,openfacts
0008906965157,openfacts
0008912010094,openfacts
0008912010117,openfacts
0008912010131,openfacts
0008912010186,openfacts
0008914532792,openfacts
0008915827545,openfacts
0008919698332,openfacts
0008920932968,openfacts
0008925093831,openfacts
0008930005447,openfacts
0008940051984,openfacts
0008942230110,openfacts
0008944567900,openfacts
0008946007435,openfacts
0008949013303,openfacts
0008952002523,openfacts
0008954300023,openfacts
0008955120217,usda
0008955120248,usda
0008969018005,openfacts
0008982000032,usda
0008982000216,usda
0008982000513,usda
0008982000636,usda
0008982000797,usda
0008993238585,openfacts
0008996001667,openfacts
0008997112003,openfacts
0008998287564,openfacts
0009000000003,openfacts
0009000001208,openfacts
0009000063640,openfacts
0009000216756,openfacts
0009000374548,openfacts
0009000524011,openfacts
0009000551277,openfacts
0009000696466,openfacts
0009001459725,openfacts
0009001503961,openfacts
0009002030053,openfacts
0009002072237,openfacts
0009002986787,openfacts
0009010200202,openfacts
0009013000304,usda
0009016014254,openfacts
0009016014278,openfacts
0009016016630,openfacts
0009016708061,openfacts
0009019016941,openfacts
0009019881624,openfacts
0009019988019,openfacts
0009019988811,openfacts
0009020047200,openfacts
0009020047668,openfacts
0009027997300,openfacts
0009027997331,openfacts
0009028216400,openfacts
0009030007478,openfacts
0009033000209,openfacts
0009035491500,openfacts
0009035491579,openfacts
0009035563900,openfacts
0009035600056,openfacts
0009035600957,openfacts
0009035609578,openfacts
0009035695700,openfacts
0009040603394,openfacts
0009040840003,openfacts
0009043555959,openfacts
0009044656860,openfacts
0009047414481,openfacts
0009049330000,openfacts
0009050017693,openfacts
0009050126487,openfacts
0009052084105,openfacts
0009053357048,openfacts
0009053960903,openfacts
0009060349685,openfacts
0009060349708,usda
0009061035273,openfacts
0009069000211,usda
0009069000228,openfacts
0009069000419,openfacts
0009069000495,usda
0009069000501,openfacts
0009070000002,openfacts
0009073102048,usda
0009073102079,usda
0009073102130,usda
0009073102222,usda
0009073102314,usda
0009073102772,usda
0009073102963,usda
0009073910339,openfacts
0009075011577,openfacts
0009075900369,openfacts
0009079161056,openfacts
0009080012224,openfacts
0009080012231,openfacts
0009080017625,openfacts
0009080018875,openfacts
0009080024647,openfacts
0009080035032,openfacts
0009085652036,openfacts
0009090262886,openfacts
0009090485940,openfacts
0009090589693,openfacts
0009090642565,openfacts
0009090693932,openfacts
0009090834700,openfacts
0009090993650,openfacts
0009094674111,openfacts
0009095000032,openfacts
0009096370240,openfacts
0009107231867,openfacts
0009108098865,openfacts
0009120003007,openfacts
0009120003021,usda
0009120008408,usda
0009120008804,usda
0009125001619,openfacts
0009125003910,openfacts
0009125005136,openfacts
0009125005167,openfacts
0009138008681,openfacts
0009138019939,openfacts
0009138302321,usda
0009138303151,openfacts
0009138307067,openfacts
0009138371976,openfacts
0009138374007,openfacts
0009138374106,openfacts
0009138377688,usda
0009138378043,openfacts
0009138379019,openfacts
0009138402328,openfacts
0009138402335,openfacts
0009144006336,openfacts
0009158988031,openfacts
0009159702810,openfacts
0009162700254,openfacts
0009164000970,openfacts
0009166888040,usda
0009166888088,openfacts
0009166888149,openfacts
0009166888811,usda
0009166888828,usda
0009166888835,usda
0009176222568,usda
0009190047604,openfacts
0009191904883,openfacts
0009200893092,openfacts
0009202000009,openfacts
0009220054138,openfacts
0009223000002,openfacts
0009223400123,openfacts
0009237000111,openfacts
0009239692673,openfacts
0009244637744,openfacts
0009249480307,openfacts
0009249960366,openfacts
0009250554677,openfacts
0009252167417,openfacts
0009265016108,openfacts
0009281730002,openfacts
0009282509362,openfacts
0009282509713,openfacts
0009282509874,openfacts
0009282592135,openfacts
0009283316648,openfacts
0009285000071,openfacts
0009300000000,openfacts
0009300000079,usda
0009300000086,usda
0009300000109,usda
0009300000116,usda
0009300000161,usda
0009300000185,usda
0009300000208,usda
0009300000215,usda
0009300000222,usda
0009300000246,usda
0009300000253,openfacts
0009300000277,usda
0009300000307,usda
0009300000314,usda
0009300000321,usda
0009300000345,usda
0009300000352,usda
0009300000376,usda
0009300000383,usda
0009300000437,usda
0009300000444,usda
0009300000451,usda
0009300000468,usda
0009300000482,usda
0009300000550,usda
0009300000567,usda
0009300000635,usda
0009300000659,usda
0009300000673,usda
0009300000680,usda
0009300000697,usda
0009300000703,usda
0009300000710,usda
0009300000741,usda
0009300000758,usda
0009300000765,usda
0009300000772,usda
0009300000802,usda
0009300000826,usda
0009300000840,usda
0009300000857,usda
0009300000864,usda
0009300000888,usda
0009300000895,usda
0009300000901,usda
0009300000918,usda
0009300000925,usda
0009300000987,usda
0009300001007,usda
0009300001014,usda
0009300001021,usda
0009300001069,usda
0009300001083,usda
0009300001090,usda
0009300001120,usda
0009300001137,usda
0009300001304,usda
0009300001311,usda
0009300001328,usda
0009300001335,usda
0009300001366,usda
0009300001373,usda
0009300001380,usda
0009300001397,usda
0009300001410,usda
0009300001441,usda
0009300001458,usda
0009300001519,openfacts
0009300001588,usda
0009300001649,usda
0009300001663,usda
0009300001717,usda
0009300001755,openfacts
0009300001762,openfacts
0009300001809,usda
0009300001816,usda
0009300001823,usda
0009300001830,usda
0009300001885,openfacts
0009300001908,usda
0009300001977,usda
0009300001984,usda
0009300002073,usda
0009300002134,usda
0009300002189,usda
0009300002196,usda
0009300002202,usda
0009300002219,usda
0009300002233,usda
0009300002240,usda
0009300002288,usda
0009300002332,usda
0009300002509,openfacts
0009300002752,usda
0009300002769,usda
0009300002776,usda
0009300002806,openfacts
0009300002844,usda
0009300002868,usda
0009300002875,openfacts
0009300002899,usda
0009300002905,usda
0009300002929,usda
0009300002936,usda
0009300002950,openfacts
0009300002967,usda
0009300002974,usda
0009300002981,openfacts
0009300003032,openfacts
0009300003056,usda
0009300003063,usda
0009300003087,openfacts
0009300003100,openfacts
0009300003124,openfacts
0009300003131,openfacts
0009300003308,usda
0009300003346,usda
0009300003384,usda
0009300003476,usda
0009300003490,usda
0009300003506,usda
0009300003537,usda
0009300003544,usda
0009300003551,usda
0009300003629,usda
0009300003667,usda
0009300003803,usda
0009300003810,usda
0009300003841,usda
0009300003858,usda
0009300003902,usda
0009300003919,openfacts
0009300004046,openfacts
0009300004053,usda
0009300004060,usda
0009300004077,usda
0009300004084,usda
0009300004091,usda
0009300004114,usda
0009300004312,usda
0009300004329,openfacts
0009300004336,openfacts
0009300004404,openfacts
0009300004442,openfacts
0009300004466,openfacts
0009300004534,usda
0009300004541,usda
0009300004558,usda
0009300004565,usda
0009300004572,usda
0009300004589,openfacts
0009300004596,usda
0009300004602,openfacts
0009300004800,usda
0009300004817,usda
0009300005173,usda
0009300005210,usda
0009300005234,usda
0009300005296,usda
0009300005302,usda
0009300005319,usda
0009300005401,usda
0009300005425,usda
0009300005432,openfacts
0009300005449,openfacts
0009300005500,usda
0009300005517,usda
0009300005524,usda
0009300005531,usda
0009300005562,openfacts
0009300005579,openfacts
0009300005609,usda
0009300005616,usda
0009300005623,usda
0009300006071,usda
0009300006101,usda
0009300006347,usda
0009300006354,usda
0009300006408,usda
0009300006507,usda
0009300006514,usda
0009300006521,usda
0009300006538,usda
0009300006545,usda
0009300006552,usda
0009300006651,usda
0009300006804,usda
0009300006811,usda
0009300006828,usda
0009300006859,usda
0009300007139,usda
0009300007146,usda
0009300007290,usda
0009300007511,usda
0009300007528,openfacts
0009300007535,usda
0009300007542,usda
0009300007559,openfacts
0009300007566,usda
0009300007573,openfacts
0009300007580,usda
0009300007597,usda
0009300007603,usda
0009300007610,openfacts
0009300007627,openfacts
0009300007641,openfacts
0009300008013,usda
0009300008020,usda
0009300008129,usda
0009300008242,usda
0009300100120,usda
0009300100137,usda
0009300100243,openfacts
0009300113083,usda
0009300128063,usda
0009300128094,usda
0009300128148,usda
0009300128155,usda
0009300128209,usda
0009300128223,usda
0009300128247,usda
0009300128292,usda
0009300128308,usda
0009300128339,usda
0009300128353,usda
0009300128377,usda
0009300128414,usda
0009300128452,usda
0009300128506,usda
0009300128599,usda
0009300128896,openfacts
0009300184007,usda
0009300187077,usda
0009300187084,usda
0009300187091,usda
0009300530095,openfacts
0009302397030,openfacts
0009303010716,openfacts
0009304412175,openfacts
0009305000319,openfacts
0009305603107,openfacts
0009305605804,openfacts
0009305620845,openfacts
0009313502249,openfacts
0009319010014,usda
0009319010021,usda
0009319010038,openfacts
0009319010045,usda
0009326453330,openfacts
0009335111917,openfacts
0009336823048,openfacts
0009342765646,openfacts
0009343307807,openfacts
0009344600006,openfacts
0009346400673,openfacts
0009346406200,openfacts
0009349002447,usda
0009349002577,usda
0009349002645,openfacts
0009349003482,openfacts
0009349003550,usda
0009349003628,usda
0009349003697,openfacts
0009349004328,openfacts
0009349004885,openfacts
0009349004953,openfacts
0009349005097,openfacts
0009349005370,openfacts
0009349005516,usda
0009349005608,usda
0009349005622,usda
0009349005646,usda
0009349006001,usda
0009349006018,usda
0009349100006,usda
0009349100105,usda
0009349199031,openfacts
0009349199062,openfacts
0009349200102,usda
0009349200409,usda
0009349200508,usda
0009349300307,usda
0009352786464,openfacts
0009353735904,openfacts
0009354000063,openfacts
0009357805283,openfacts
0009363143256,openfacts
0009370055894,openfacts
0009370060157,openfacts
0009388538600,openfacts
0009390304613,openfacts
0009392457959,openfacts
0009396018293,openfacts
0009396851401,openfacts
0009399063320,openfacts
0009400001105,usda
0009400002638,openfacts
0009400003000,usda
0009400003857,usda
0009400009910,usda
0009422464070,openfacts
0009427000013,usda
0009427000020,usda
0009427000044,usda
0009427000051,usda
0009427000068,usda
0009427000075,usda
0009427000082,usda
0009427000167,usda
0009427000174,usda
0009427001102,openfacts
0009427119494,usda
0009427119586,usda
0009427119760,usda
0009427119944,usda
0009427402305,usda
0009434361008,openfacts
0009434620778,openfacts
0009435600991,openfacts
0009439002579,openfacts
0009439004429,openfacts
0009439004498,usda
0009439049383,openfacts
0009440001455,openfacts
0009440204139,openfacts
0009440846155,openfacts
0009441983828,openfacts
0009447227025,openfacts
0009449011301,openfacts
0009450021368,openfacts
0009450021658,openfacts
0009450032135,openfacts
0009450040253,usda
0009450042233,usda
0009450050443,usda
0009450052379,openfacts
0009450122171,openfacts
0009452230034,openfacts
0009461008297,openfacts
0009463500003,usda
0009467346164,openfacts
0009468122576,usda
0009469301642,openfacts
0009470001005,openfacts
0009470003306,openfacts
0009472444466,openfacts
0009482413322,openfacts
0009482506765,openfacts
0009485010009,usda
0009485800006,usda
0009491276185,openfacts
0009492246903,openfacts
0009494348582,openfacts
0009497000661,openfacts
0009497001057,openfacts
0009497002993,openfacts
0009497003006,openfacts
0009497003198,openfacts
0009497004089,openfacts
0009497007486,openfacts
0009499957864,openfacts
0009500004686,openfacts
0009500040325,openfacts
0009500096711,openfacts
0009502000709,openfacts
0009502002222,usda
0009502451235,usda
0009502512349,usda
0009502800002,usda
0009502970163,openfacts
0009505743030,openfacts
0009507010390,openfacts
0009509041255,openfacts
0009511000202,usda
0009511000219,usda
0009511000301,usda
0009513215024,openfacts
0009520013033,openfacts
0009525581001,openfacts
0009525812877,openfacts
0009526301004,openfacts
0009531108025,openfacts
0009531112855,openfacts
0009531113265,openfacts
0009531113777,openfacts
0009531113784,openfacts
0009531114354,openfacts
0009531114408,openfacts
0009531116983,openfacts
0009531117706,openfacts
0009531118376,openfacts
0009531118550,openfacts
0009531118642,openfacts
0009531118772,openfacts
0009531119335,openfacts
0009531119564,openfacts
0009531119755,openfacts
0009531123615,openfacts
0009531126951,openfacts
0009531135946,openfacts
0009535000035,openfacts
0009542004187,usda
0009542004194,usda
0009542004200,usda
0009542004859,usda
0009542005153,usda
0009542005184,usda
0009542005207,usda
0009542005443,usda
0009542005450,openfacts
0009542005474,usda
0009542005481,usda
0009542005948,openfacts
0009542005955,openfacts
0009542005979,openfacts
0009542006372,usda
0009542006624,usda
0009542006723,usda
0009542007102,usda
0009542007201,usda
0009542007393,usda
0009542007676,usda
0009542007683,usda
0009542007881,usda
0009542007959,usda
0009542007966,usda
0009542008352,usda
0009542008413,usda
0009542008420,usda
0009542008444,usda
0009542009069,usda
0009542009076,usda
0009542009175,usda
0009542009250,openfacts
0009542009588,usda
0009542009878,usda
0009542009984,openfacts
0009542011161,usda
0009542011178,usda
0009542011185,usda
0009542011208,usda
0009542011253,usda
0009542011321,usda
0009542011338,usda
0009542011345,usda
0009542011369,usda
0009542011376,usda
0009542011383,usda
0009542011390,usda
0009542011406,usda
0009542011642,usda
0009542011659,usda
0009542011680,usda
0009542011697,usda
0009542011703,usda
0009542011710,usda
0009542011734,usda
0009542011741,usda
0009542011758,usda
0009542011765,usda
0009542011789,usda
0009542011819,usda
0009542011949,usda
0009542011956,usda
0009542011963,usda
0009542012090,usda
0009542012113,usda
0009542012502,usda
0009542012557,usda
0009542012991,usda
0009542013004,usda
0009542013028,usda
0009542013042,usda
0009542013073,usda
0009542013271,usda
0009542013554,usda
0009542013561,openfacts
0009542013578,usda
0009542013592,usda
0009542013608,usda
0009542013899,usda
0009542013929,usda
0009542014476,usda
0009542014490,openfacts
0009542014506,usda
0009542014612,usda
0009542014742,openfacts
0009542014759,usda
0009542014827,usda
0009542014995,usda
0009542015008,usda
0009542015190,usda
0009542015206,usda
0009542015275,openfacts
0009542015312,usda
0009542015336,usda
0009542015343,usda
0009542015350,usda
0009542015374,usda
0009542015381,usda
0009542015398,usda
0009542015633,openfacts
0009542015640,usda
0009542015817,usda
0009542015824,usda
0009542015831,usda
0009542015848,usda
0009542015855,usda
0009542015916,usda
0009542015978,usda
0009542016029,usda
0009542016067,usda
0009542016128,usda
0009542016159,usda
0009542016166,usda
0009542016173,usda
0009542016180,usda
0009542016197,usda
0009542016432,usda
0009542016746,usda
0009542017033,usda
0009542017095,usda
0009542017187,usda
0009542017194,usda
0009542017200,usda
0009542017484,usda
0009542017521,usda
0009542017569,usda
0009542017606,usda
0009542017644,usda
0009542018054,usda
0009542018061,usda
0009542018078,usda
0009542018085,usda
0009542018276,usda
0009542018283,usda
0009542018306,usda
0009542018382,usda
0009542018399,usda
0009542018832,usda
0009542018931,usda
0009542019136,usda
0009542019235,usda
0009542019273,usda
0009542019297,usda
0009542019310,usda
0009542019334,usda
0009542019358,usda
0009542019372,usda
0009542019396,usda
0009542019655,usda
0009542019662,usda
0009542019679,usda
0009542019785,usda
0009542019792,usda
0009542019815,usda
0009542019839,usda
0009542019853,usda
0009542019860,usda
0009542019877,usda
0009542019914,usda
0009542019969,usda
0009542020002,usda
0009542020200,usda
0009542020316,usda
0009542020361,usda
0009542020729,usda
0009542020736,usda
0009542021054,usda
0009542021085,usda
0009542021429,usda
0009542021702,usda
0009542022570,usda
0009542022617,usda
0009542023119,usda
0009542023461,usda
0009542023782,usda
0009542023799,usda
0009542024031,openfacts
0009542025076,usda
0009542025434,usda
0009542025595,openfacts
0009542025717,usda
0009542025731,usda
0009542025762,usda
0009542025885,openfacts
0009542025908,usda
0009542025922,usda
0009542025939,usda
0009542025946,usda
0009542025953,usda
0009542025991,usda
0009542026226,usda
0009542026288,usda
0009542026493,usda
0009542026516,usda
0009542026523,usda
0009542026561,usda
0009542026653,usda
0009542026783,usda
0009542027094,usda
0009542027933,usda
0009542028794,usda
0009542028824,usda
0009542029319,usda
0009542029401,usda
0009542029425,usda
0009542029449,usda
0009542029555,usda
0009542030346,usda
0009542030391,usda
0009542030407,usda
0009542030599,usda
0009542030681,usda
0009542030889,usda
0009542030919,usda
0009542031497,usda
0009542031503,usda
0009542031695,usda
0009542031787,usda
0009542031893,usda
0009542031909,usda
0009542032050,usda
0009542032852,usda
0009542033323,usda
0009542033668,usda
0009542033736,usda
0009542033750,usda
0009542034368,openfacts
0009542034436,usda
0009542034443,openfacts
0009542034467,usda
0009542034580,usda
0009542034610,usda
0009542034870,usda
0009542035501,usda
0009542035716,usda
0009542035914,usda
0009542036355,usda
0009542036478,usda
0009542036485,usda
0009542036775,usda
0009542036942,openfacts
0009542036959,openfacts
0009542037291,usda
0009542037536,usda
0009542037574,usda
0009542037932,usda
0009542037949,usda
0009542038694,usda
0009542039141,usda
0009542039301,usda
0009542039332,usda
0009542039349,usda
0009542039356,usda
0009542039363,usda
0009542039448,usda
0009542039813,usda
0009542040307,openfacts
0009542040345,usda
0009542040734,usda
0009542040970,usda
0009542041175,usda
0009542041434,openfacts
0009542041496,usda
0009542041502,usda
0009542041519,usda
0009542041601,usda
0009542041632,usda
0009542041885,usda
0009542041892,usda
0009542041908,usda
0009542041922,usda
0009542042288,usda
0009542042523,usda
0009542042882,usda
0009542042905,usda
0009542042936,usda
0009542042943,usda
0009542042950,usda
0009542043414,usda
0009542043513,usda
0009542043520,usda
0009542043537,usda
0009542043551,usda
0009542043568,openfacts
0009542043599,usda
0009542043650,usda
0009542043667,usda
0009542043742,openfacts
0009542043766,usda
0009542043773,usda
0009542043841,usda
0009542044008,openfacts
0009542044114,usda
0009542044329,usda
0009542044428,usda
0009542044503,usda
0009542044510,usda
0009542044527,usda
0009542044633,usda
0009542044640,usda
0009542044664,openfacts
0009542044671,openfacts
0009542044688,openfacts
0009542044695,openfacts
0009542044725,usda
0009542044800,usda
0009542044824,usda
0009542044855,usda
0009542044879,openfacts
0009542044916,usda
0009542045159,usda
0009542045166,usda
0009542045371,openfacts
0009542045418,usda
0009542045425,usda
0009542045432,usda
0009542045456,usda
0009542045487,usda
0009542045500,usda
0009542045661,usda
0009542114312,openfacts
0009542235031,openfacts
0009542425012,usda
0009542425036,usda
0009542425043,usda
0009542425081,usda
0009542425098,usda
0009542425104,usda
0009542425111,openfacts
0009542425227,openfacts
0009542425234,openfacts
0009542425241,openfacts
0009542425258,openfacts
0009542425265,usda
0009542425272,usda
0009542425333,usda
0009542425449,usda
0009542425487,usda
0009542425685,usda
0009542425838,usda
0009542425845,usda
0009542425869,usda
0009542425944,usda
0009542425968,usda
0009542425999,usda
0009542426163,usda
0009542426170,openfacts
0009542426217,usda
0009542426224,usda
0009542426231,usda
0009542426286,usda
0009542426293,usda
0009542426309,usda
0009542426316,usda
0009542426484,usda
0009542426507,usda
0009542426880,usda
0009542426897,usda
0009542426996,usda
0009542427030,openfacts
0009542427085,openfacts
0009542427191,usda
0009542427313,usda
0009542427320,usda
0009542427498,openfacts
0009542427511,usda
0009542427740,openfacts
0009542427887,usda
0009542427894,usda
0009542427900,openfacts
0009542428129,openfacts
0009542428358,usda
0009542428365,usda
0009542428679,usda
0009542428686,usda
0009542428969,usda
0009542429065,usda
0009542429133,usda
0009542429140,usda
0009542429485,usda
0009542429492,usda
0009542430139,usda
0009542430153,usda
0009542430184,usda
0009542430276,usda
0009542430467,usda
0009542430474,usda
0009542431198,usda
0009542431211,usda
0009542431228,usda
0009542431297,openfacts
0009542431327,usda
0009542431334,usda
0009542431341,usda
0009542431358,openfacts
0009542431853,usda
0009542432072,usda
0009542432393,usda
0009542432935,usda
0009542433642,usda
0009542433734,usda
0009542433741,usda
0009542433758,openfacts
0009542433789,usda
0009542433796,openfacts
0009542433826,openfacts
0009542433949,usda
0009542434021,usda
0009542434151,usda
0009542434267,openfacts
0009542434588,usda
0009542434618,usda
0009542434724,openfacts
0009542434892,usda
0009542434908,usda
0009542434939,usda
0009542434946,usda
0009542434953,usda
0009542434960,usda
0009542434977,usda
0009542434991,usda
0009542435011,usda
0009542435035,usda
0009542435042,usda
0009542435059,openfacts
0009542435103,usda
0009542435110,usda
0009542435172,openfacts
0009542435233,usda
0009542435479,usda
0009542435516,usda
0009542435561,usda
0009542436025,usda
0009542436056,openfacts
0009542436070,usda
0009542436087,usda
0009542436100,usda
0009542436124,usda
0009542436148,usda
0009542436278,openfacts
0009542436292,openfacts
0009542436445,usda
0009542436483,openfacts
0009542436612,openfacts
0009542436919,usda
0009542437268,openfacts
0009542437299,openfacts
0009542437329,openfacts
0009542437343,usda
0009542437602,usda
0009542437619,openfacts
0009542437824,usda
0009542438005,openfacts
0009542438470,usda
0009542438487,usda
0009542438609,usda
0009542438685,usda
0009542438692,usda
0009542438784,usda
0009542438791,usda
0009542438876,usda
0009542438920,openfacts
0009542439002,usda
0009542439231,usda
0009542439644,openfacts
0009542439651,openfacts
0009542439668,usda
0009542439682,usda
0009542439699,openfacts
0009542439873,usda
0009542439972,openfacts
0009542439989,openfacts
0009542440176,openfacts
0009542440596,openfacts
0009542440763,openfacts
0009542440831,openfacts
0009542440923,openfacts
0009542441029,usda
0009542441036,usda
0009542441159,usda
0009542441166,usda
0009542441180,openfacts
0009542441333,usda
0009542441340,usda
0009542441425,usda
0009542441432,usda
0009542441449,usda
0009542441456,usda
0009542441487,usda
0009542441579,usda
0009542441654,usda
0009542442002,usda
0009542442019,usda
0009542442026,usda
0009542442316,usda
0009542442613,openfacts
0009542442729,openfacts
0009542442811,openfacts
0009542442828,openfacts
0009542442880,usda
0009542442903,usda
0009542442989,openfacts
0009542443030,usda
0009542443207,usda
0009542443788,openfacts
0009542443795,openfacts
0009542443832,openfacts
0009542443962,openfacts
0009542444600,openfacts
0009542444617,openfacts
0009542444624,openfacts
0009542444631,openfacts
0009542444679,openfacts
0009542444686,openfacts
0009542444693,openfacts
0009542444709,openfacts
0009542445119,usda
0009542445140,usda
0009542445157,usda
0009542445164,usda
0009542445171,usda
0009542445188,usda
0009542445492,openfacts
0009542445706,usda
0009542445867,openfacts
0009542445911,openfacts
0009542445928,openfacts
0009542445935,openfacts
0009542446956,openfacts
0009542447526,openfacts
0009542447656,openfacts
0009542447779,openfacts
0009542447939,openfacts
0009542449117,openfacts
0009542449131,openfacts
0009542449322,openfacts
0009542449520,openfacts
0009542449551,openfacts
0009542449612,openfacts
0009542449674,openfacts
0009542449681,openfacts
0009542449773,openfacts
0009542449780,openfacts
0009542449827,openfacts
0009542450113,openfacts
0009542450168,openfacts
0009542450182,openfacts
0009542450199,openfacts
0009542450595,openfacts
0009542450601,openfacts
0009542450885,openfacts
0009542450908,openfacts
0009542451233,openfacts
0009542451936,openfacts
0009542451950,openfacts
0009542452117,openfacts
0009542452254,openfacts
0009542452261,openfacts
0009542452797,openfacts
0009542452803,openfacts
0009542452834,openfacts
0009542453084,openfacts
0009542453152,openfacts
0009542453176,openfacts
0009542453213,openfacts
0009542453220,openfacts
0009542453237,openfacts
0009542453459,openfacts
0009542453466,openfacts
0009542453725,openfacts
0009542453800,openfacts
0009542454142,openfacts
0009542454159,openfacts
0009542454609,openfacts
0009542454623,openfacts
0009542454708,openfacts
0009542454876,openfacts
0009542455002,openfacts
0009542455040,openfacts
0009542455217,openfacts
0009542455224,openfacts
0009542455934,openfacts
0009542455941,openfacts
0009542455996,openfacts
0009542456061,openfacts
0009542456405,openfacts
0009542456979,openfacts
0009542456986,openfacts
0009542457006,openfacts
0009542457037,openfacts
0009542457204,openfacts
0009542457211,openfacts
0009542457297,openfacts
0009542457440,openfacts
0009542457471,openfacts
0009542457495,openfacts
0009542457518,openfacts
0009542457525,openfacts
0009542457945,openfacts
0009542458980,openfacts
0009542459185,openfacts
0009542459383,openfacts
0009542461867,openfacts
0009542461973,openfacts
0009542462055,openfacts
0009542462734,openfacts
0009542463052,openfacts
0009542463243,openfacts
0009542464219,openfacts
0009542464226,openfacts
0009542464288,openfacts
0009542464301,openfacts
0009542465971,openfacts
0009542466022,openfacts
0009542466183,openfacts
0009542466343,openfacts
0009544000071,openfacts
0009544705273,openfacts
0009550030109,openfacts
0009550030406,openfacts
0009550060199,openfacts
0009550111006,openfacts
0009550114410,openfacts
0009550140518,openfacts
0009550559877,openfacts
0009550982583,openfacts
0009552964143,openfacts
0009553033008,openfacts
0009553479660,openfacts
0009554015676,openfacts
0009569544833,openfacts
0009575974211,openfacts
0009581421396,openfacts
0009583698512,openfacts
0009595958932,openfacts
0009600607466,openfacts
0009603065386,openfacts
0009603065409,openfacts
0009603066017,openfacts
0009603066574,openfacts
0009607300018,openfacts
0009608013030,openfacts
0009608900071,openfacts
0009609200071,openfacts
0009614002448,openfacts
0009614002684,openfacts
0009619915958,openfacts
0009620014329,openfacts
0009621610025,openfacts
0009640378982,openfacts
0009642000089,openfacts
0009643828170,openfacts
0009644444416,openfacts
0009644446755,openfacts
0009661945101,openfacts
0009661948355,openfacts
0009661983325,openfacts
0009663380986,openfacts
0009663380993,openfacts
0009663391890,openfacts
0009670300458,openfacts
0009670437000,openfacts
0009680969300,openfacts
0009681125200,openfacts
0009700009375,openfacts
0009700541165,usda
0009700568063,openfacts
0009700568162,openfacts
0009700572060,openfacts
0009700576563,openfacts
0009700639565,usda
0009700664710,openfacts
0009723000076,openfacts
0009724030300,openfacts
0009731979111,openfacts
0009766853622,openfacts
0009770140350,openfacts
0009786333333,openfacts
0009786756453,openfacts
0009797676757,openfacts
0009800000012,openfacts
0009800000296,openfacts
0009800000425,openfacts
0009800000555,openfacts
0009800000609,openfacts
0009800000715,usda
0009800000753,openfacts
0009800000869,openfacts
0009800001002,openfacts
0009800001019,usda
0009800001026,openfacts
0009800001033,openfacts
0009800001040,usda
0009800001064,usda
0009800001071,usda
0009800001088,openfacts
0009800001132,usda
0009800001149,usda
0009800001156,usda
0009800001163,usda
0009800001194,openfacts
0009800001200,openfacts
0009800001385,usda
0009800001392,usda
0009800001453,usda
0009800001460,usda
0009800001552,usda
0009800001590,usda
0009800001644,openfacts
0009800001651,usda
0009800001668,usda
0009800001675,usda
0009800001750,openfacts
0009800001811,usda
0009800001835,usda
0009800001842,openfacts
0009800002658,usda
0009800002993,usda
0009800003464,openfacts
0009800003501,openfacts
0009800003518,openfacts
0009800003525,openfacts
0009800003600,usda
0009800003624,usda
0009800003631,usda
0009800003648,openfacts
0009800003761,usda
0009800003778,openfacts
0009800003785,usda
0009800004058,openfacts
0009800004102,openfacts
0009800004898,openfacts
0009800005000,usda
0009800005017,usda
0009800005024,usda
0009800005031,openfacts
0009800005048,usda
0009800005086,usda
0009800005406,usda
0009800005604,usda
0009800005826,usda
0009800005918,openfacts
0009800006007,usda
0009800006021,usda
0009800006038,usda
0009800006069,openfacts
0009800006076,usda
0009800006083,usda
0009800006090,usda
0009800006106,usda
0009800006113,usda
0009800006144,openfacts
0009800006151,usda
0009800006168,usda
0009800006267,usda
0009800006281,usda
0009800006304,usda
0009800006311,usda
0009800006335,usda
0009800006342,usda
0009800006359,usda
0009800007202,usda
0009800007219,openfacts
0009800007226,openfacts
0009800007233,usda
0009800007271,openfacts
0009800007318,usda
0009800007332,usda
0009800007370,usda
0009800007394,openfacts
0009800007400,usda
0009800007448,usda
0009800007455,openfacts
0009800007462,openfacts
0009800007486,openfacts
0009800007608,usda
0009800007615,usda
0009800007639,usda
0009800007677,usda
0009800007813,usda
0009800007837,usda
0009800007844,usda
0009800007875,usda
0009800008070,openfacts
0009800009022,openfacts
0009800010110,openfacts
0009800010219,openfacts
0009800010226,openfacts
0009800010264,openfacts
0009800010271,openfacts
0009800010318,openfacts
0009800010325,openfacts
0009800055111,usda
0009800056309,usda
0009800056316,usda
0009800056330,usda
0009800056354,usda
0009800056446,openfacts
0009800056453,usda
0009800056514,usda
0009800056583,usda
0009800056590,usda
0009800056736,usda
0009800056804,usda
0009800056811,usda
0009800057146,usda
0009800057153,usda
0009800057160,usda
0009800057184,usda
0009800057191,usda
0009800057252,usda
0009800057405,usda
0009800057603,usda
0009800057719,usda
0009800057733,usda
0009800057771,usda
0009800058334,openfacts
0009800100019,openfacts
0009800100026,openfacts
0009800100118,openfacts
0009800100125,openfacts
0009800101054,usda
0009800120086,usda
0009800120123,usda
0009800120161,openfacts
0009800120192,openfacts
0009800120215,openfacts
0009800120246,usda
0009800120260,usda
0009800120307,usda
0009800120314,usda
0009800120321,usda
0009800120338,usda
0009800120352,usda
0009800120369,usda
0009800120420,openfacts
0009800120475,usda
0009800120482,openfacts
0009800120499,usda
0009800120505,usda
0009800120604,usda
0009800120635,openfacts
0009800120659,usda
0009800120666,openfacts
0009800120697,openfacts
0009800120772,usda
0009800120796,usda
0009800120802,openfacts
0009800120840,openfacts
0009800120871,usda
0009800120949,usda
0009800120963,usda
0009800121007,openfacts
0009800121014,usda
0009800121021,usda
0009800121069,openfacts
0009800121137,openfacts
0009800121144,openfacts
0009800121335,openfacts
0009800122011,openfacts
0009800123018,usda
0009800124015,usda
0009800125005,openfacts
0009800125104,usda
0009800125111,usda
0009800125128,usda
0009800125135,usda
0009800125142,openfacts
0009800125203,openfacts
0009800125609,openfacts
0009800125616,openfacts
0009800125623,openfacts
0009800125630,openfacts
0009800125647,openfacts
0009800125791,openfacts
0009800125821,openfacts
0009800125838,openfacts
0009800125852,openfacts
0009800125975,openfacts
0009800126071,usda
0009800126132,usda
0009800127054,usda
0009800127313,openfacts
0009800127658,openfacts
0009800128013,usda
0009800128136,usda
0009800140084,usda
0009800142019,openfacts
0009800142088,openfacts
0009800145010,usda
0009800146130,usda
0009800190096,usda
0009800191246,openfacts
0009800200139,usda
0009800200238,usda
0009800200245,usda
0009800200252,usda
0009800200269,usda
0009800200276,usda
0009800200306,openfacts
0009800200313,usda
0009800200337,usda
0009800200344,usda
0009800200375,usda
0009800200382,usda
0009800200405,usda
0009800200412,usda
0009800200443,usda
0009800200450,usda
0009800200467,usda
0009800200498,usda
0009800200504,usda
0009800200511,usda
0009800200535,usda
0009800200559,openfacts
0009800200566,usda
0009800200573,openfacts
0009800200580,usda
0009800200603,usda
0009800200634,openfacts
0009800200696,openfacts
0009800200764,usda
0009800200986,openfacts
0009800203000,openfacts
0009800208166,openfacts
0009800210121,usda
0009800210138,openfacts
0009800210145,openfacts
0009800210244,usda
0009800210251,openfacts
0009800210268,usda
0009800210282,openfacts
0009800210299,usda
0009800210336,usda
0009800211517,usda
0009800211531,usda
0009800211609,openfacts
0009800300013,usda
0009800300020,usda
0009800300037,usda
0009800300051,openfacts
0009800300211,usda
0009800300228,usda
0009800300235,usda
0009800300310,usda
0009800300327,usda
0009800300334,usda
0009800301423,usda
0009800306060,usda
0009800306077,usda
0009800306084,usda
0009800512041,usda
0009800512201,openfacts
0009800512218,openfacts
0009800512225,openfacts
0009800512232,openfacts
0009800512607,usda
0009800513048,usda
0009800513055,openfacts
0009800513079,openfacts
0009800514014,openfacts
0009800514021,usda
0009800514038,openfacts
0009800514281,openfacts
0009800520046,usda
0009800520060,usda
0009800520091,usda
0009800520107,usda
0009800520114,usda
0009800520121,usda
0009800520138,usda
0009800520152,usda
0009800520169,openfacts
0009800520183,usda
0009800520190,usda
0009800520206,usda
0009800520251,openfacts
0009800520282,openfacts
0009800520305,usda
0009800520312,usda
0009800520329,openfacts
0009800520336,openfacts
0009800521258,openfacts
0009800521289,usda
0009800521975,usda
0009800522019,usda
0009800550012,openfacts
0009800550050,usda
0009800550067,usda
0009800550616,openfacts
0009800552016,openfacts
0009800552108,usda
0009800552122,usda
0009800552177,usda
0009800552276,openfacts
0009800554003,usda
0009800554027,usda
0009800554034,usda
0009800554041,usda
0009800556014,usda
0009800556021,usda
0009800556045,usda
0009800556052,usda
0009800556069,openfacts
0009800556076,openfacts
0009800556106,usda
0009800556120,openfacts
0009800556694,openfacts
0009800556724,openfacts
0009800558018,openfacts
0009800560028,openfacts
0009800560202,openfacts
0009800570034,usda
0009800570041,usda
0009800570065,usda
0009800570072,usda
0009800570096,openfacts
0009800570119,usda
0009800570126,usda
0009800570133,openfacts
0009800570157,openfacts
0009800570188,openfacts
0009800570201,usda
0009800570218,openfacts
0009800570225,openfacts
0009800570263,usda
0009800570287,usda
0009800570294,openfacts
0009800573042,openfacts
0009800573516,openfacts
0009800591220,openfacts
0009800600106,usda
0009800600236,usda
0009800630059,openfacts
0009800630066,usda
0009800630110,usda
0009800630127,usda
0009800630448,openfacts
0009800630455,openfacts
0009800630462,openfacts
0009800630516,openfacts
0009800630622,openfacts
0009800800018,openfacts
0009800800049,usda
0009800800056,usda
0009800800094,usda
0009800800100,usda
0009800800124,usda
0009800800155,usda
0009800800162,openfacts
0009800800179,openfacts
0009800800254,usda
0009800800278,usda
0009800800285,usda
0009800800308,openfacts
0009800800315,openfacts
0009800800339,usda
0009800801107,usda
0009800801275,usda
0009800802005,usda
0009800802203,usda
0009800820016,openfacts
0009800820023,usda
0009800820061,usda
0009800820078,usda
0009800820146,usda
0009800820184,usda
0009800830015,openfacts
0009800830022,usda
0009800830039,usda
0009800830046,openfacts
0009800830053,openfacts
0009800840038,openfacts
0009800843022,openfacts
0009800844012,openfacts
0009800844494,openfacts
0009800860036,openfacts
0009800870028,openfacts
0009800891610,openfacts
0009800892204,usda
0009800892259,openfacts
0009800892266,openfacts
0009800892303,openfacts
0009800895007,usda
0009800895250,usda
0009800895496,openfacts
0009800895946,openfacts
0009800936304,openfacts
0009801601430,openfacts
0009802802102,usda
0009803218148,openfacts
0009804010352,openfacts
0009807106793,openfacts
0009823060604,openfacts
0009827259431,openfacts
0009832943400,openfacts
0009844700442,openfacts
0009848730018,openfacts
0009851030006,openfacts
0009857107900,openfacts
0009863286583,openfacts
0009864340154,openfacts
0009864380563,openfacts
0009864421075,openfacts
0009869673943,openfacts
0009871032103,openfacts
0009872066626,openfacts
0009873478626,openfacts
0009883344188,openfacts
0009891180006,openfacts
0009891180020,openfacts
0009899902525,openfacts
0009904361002,openfacts
0009907069691,openfacts
0009907107874,openfacts
0009909080052,openfacts
0009924687250,openfacts
0009944487540,openfacts
0009944595733,openfacts
0009948245511,openfacts
0009948252014,openfacts
0009948522247,openfacts
0009952895207,openfacts
0009954474264,openfacts
0009954779093,openfacts
0009955014063,openfacts
0009980053907,openfacts
0009988018335,openfacts
0009991083283,openfacts
0009997000086,openfacts
0009999026268,openfacts
0009999087511,openfacts
0009999144450,openfacts
0009999248080,openfacts
0009999343266,openfacts
0009999385266,openfacts
0009999624242,openfacts
0009999645766,openfacts
0009999786018,openfacts
0009999999999,openfacts
