ean13,source
0660000049906,openfacts
0660000570967,openfacts
0660000577980,openfacts
0660001000135,openfacts
0660001011629,usda
0660001011636,openfacts
0660001014057,usda
0660001014118,usda
0660001015627,usda
0660001015634,usda
0660001109166,openfacts
0660002094492,openfacts
0660003499739,openfacts
0660005319608,openfacts
0660006332347,openfacts
0660006349994,openfacts
0660010585463,openfacts
0660013152433,openfacts
0660016534113,openfacts
0660020064002,openfacts
0660040712341,openfacts
0660042087270,openfacts
0660042087317,openfacts
0660042113801,openfacts
0660042113818,openfacts
0660042113825,openfacts
0660042113832,openfacts
0660042114006,openfacts
0660042114013,openfacts
0660042114020,openfacts
0660042114037,openfacts
0660042139238,openfacts
0660042139245,openfacts
0660042139252,openfacts
0660042139269,openfacts
0660042139276,openfacts
0660042139283,openfacts
0660042139290,openfacts
0660042139306,openfacts
0660042139313,openfacts
0660042139320,openfacts
0660042139337,openfacts
0660042139351,openfacts
0660042139399,openfacts
0660042139405,openfacts
0660042139412,openfacts
0660042139429,openfacts
0660042139436,openfacts
0660042139450,openfacts
0660042149565,openfacts
0660042149626,openfacts
0660042149695,openfacts
0660042149787,openfacts
0660042472267,openfacts
0660042745699,openfacts
0660042797940,openfacts
0660042798046,openfacts
0660042798053,openfacts
0660042902733,openfacts
0660042902740,openfacts
0660042902757,openfacts
0660042902764,openfacts
0660042902771,openfacts
0660042902788,openfacts
0660042902856,openfacts
0660042902863,openfacts
0660042907875,openfacts
0660042907882,openfacts
0660042929181,openfacts
0660042929198,openfacts
0660042929204,openfacts
0660042929235,openfacts
0660042929341,openfacts
0660042929532,openfacts
0660042929631,openfacts
0660042929754,openfacts
0660042929990,openfacts
0660042930118,openfacts
0660042956774,openfacts
0660042986689,openfacts
0660042986900,openfacts
0660042986979,openfacts
0660042986986,openfacts
0660046429489,openfacts
0660051501774,openfacts
0660061380604,usda
0660061380642,usda
0660061380666,usda
0660061380703,usda
0660062131311,openfacts
0660062131908,usda
0660062131915,usda
0660066500991,openfacts
0660070465491,openfacts
0660070921973,openfacts
0660071264833,openfacts
0660071427535,openfacts
0660076015645,usda
0660076986532,openfacts
0660079802662,openfacts
0660094010370,usda
0660094010400,usda
0660094100095,openfacts
0660095012281,openfacts
0660111203884,item_master
0660111203891,item_master
0660111203907,item_master
0660111203914,item_master
0660111518100,openfacts
0660111522848,openfacts
0660111655539,openfacts
0660111697676,openfacts
0660111924789,openfacts
0660117009473,openfacts
0660122993583,openfacts
0660130000303,openfacts
0660142000414,item_master
0660142000469,item_master
0660142000483,item_master
0660168006216,item_master
0660168006223,item_master
0660168006230,item_master
0660168006247,item_master
0660168006254,item_master
0660168006261,item_master
0660168006278,item_master
0660168009255,item_master
0660168009279,item_master
0660168009293,item_master
0660168010411,item_master
0660168010565,item_master
0660168011326,item_master
0660168011357,item_master
0660168011364,item_master
0660168011449,item_master
0660168011456,item_master
0660168012095,item_master
0660168012118,item_master
0660168012170,item_master
0660168012187,item_master
0660168012200,item_master
0660168012217,item_master
0660168012224,item_master
0660168012231,item_master
0660168101782,item_master
0660168101799,item_master
0660168101805,item_master
0660168101812,item_master
0660168101829,item_master
0660168101843,item_master
0660168101850,item_master
0660168101867,item_master
0660168101874,item_master
0660168101881,item_master
0660168101898,item_master
0660168101935,item_master
0660168101942,item_master
0660168143140,item_master
0660168143157,item_master
0660168143164,item_master
0660168143171,item_master
0660168143188,item_master
0660168143195,item_master
0660168143201,item_master
0660168143218,item_master
0660168143249,item_master
0660168174427,item_master
0660168179705,item_master
0660168184327,item_master
0660168184334,item_master
0660168404159,item_master
0660168514346,item_master
0660168514353,item_master
0660168521535,item_master
0660168522532,item_master
0660168524048,item_master
0660168524109,item_master
0660168539226,item_master
0660168568004,item_master
0660168568035,item_master
0660168568059,item_master
0660168568066,item_master
0660168568073,item_master
0660168568080,item_master
0660168581171,item_master
0660168581225,item_master
0660168582208,item_master
0660168582222,item_master
0660168582376,item_master
0660168582543,item_master
0660168582628,item_master
0660168582635,item_master
0660168582680,item_master
0660168582697,item_master
0660168582703,item_master
0660168582734,item_master
0660168582758,item_master
0660168582765,item_master
0660168582772,item_master
0660168582789,item_master
0660168582796,item_master
0660168582802,item_master
0660168582819,item_master
0660168582826,item_master
0660168582833,item_master
0660168582840,item_master
0660168582864,item_master
0660168582871,item_master
0660168582888,item_master
0660168582895,item_master
0660168582925,item_master
0660168582932,item_master
0660168582949,item_master
0660168582956,item_master
0660168592962,item_master
0660168770056,item_master
0660168770063,item_master
0660192964186,openfacts
0660195001673,openfacts
0660202044778,openfacts
0660202116536,openfacts
0660217817282,usda
0660217817305,usda
0660217817329,usda
0660217817343,usda
0660217817374,usda
0660217817831,usda
0660217817848,usda
0660217817879,openfacts
0660217819071,usda
0660217819088,usda
0660217819095,usda
0660217819347,usda
0660217819385,usda
0660217819453,usda
0660217819460,usda
0660217819477,usda
0660217819736,usda
0660217819842,usda
0660217819859,usda
0660217819866,openfacts
0660217819873,openfacts
0660217819880,openfacts
0660217819897,openfacts
0660217820480,openfacts
0660217820503,openfacts
0660217820510,openfacts
0660217820527,openfacts
0660217820534,openfacts
0660217820541,openfacts
0660217820558,openfacts
0660217820565,openfacts
0660217820589,openfacts
0660217820596,openfacts
0660217820602,openfacts
0660217820619,openfacts
0660217820626,openfacts
0660217820749,openfacts
0660217820756,openfacts
0660217820763,openfacts
0660217820770,openfacts
0660217820817,openfacts
0660217820824,openfacts
0660221069776,openfacts
0660242300520,openfacts
0660251139555,openfacts
0660251534336,openfacts
0660251545646,openfacts
0660251604404,openfacts
0660251614779,openfacts
0660251652870,openfacts
0660254470037,openfacts
0660260000013,openfacts
0660269012239,openfacts
0660275061504,usda
0660275062334,usda
0660275062341,usda
0660275063805,usda
0660275202617,usda
0660275202624,usda
0660276001127,openfacts
0660298010473,openfacts
0660300000010,openfacts
0660305027296,openfacts
0660306007808,openfacts
0660306022016,openfacts
0660308963553,openfacts
0660328734126,openfacts
0660335166248,usda
0660335196054,usda
0660343030753,openfacts
0660345075448,openfacts
0660345639305,openfacts
0660347819354,openfacts
0660355003325,openfacts
0660355203459,openfacts
0660355281259,openfacts
0660355283598,openfacts
0660355313387,openfacts
0660355315435,openfacts
0660355327162,openfacts
0660355441578,openfacts
0660355467875,openfacts
0660355477362,openfacts
0660357239388,openfacts
0660357252639,openfacts
0660357742819,openfacts
0660357760332,openfacts
0660360590018,openfacts
0660378028954,openfacts
0660400558305,openfacts
0660402356954,openfacts
0660403630480,openfacts
0660404569666,openfacts
0660406304005,openfacts
0660406348375,openfacts
0660412003558,openfacts
0660412004456,openfacts
0660412007587,openfacts
0660412442364,openfacts
0660422083465,openfacts
0660426304863,openfacts
0660426305860,openfacts
0660426331159,openfacts
0660437240808,openfacts
0660443002674,openfacts
0660445505036,openfacts
0660457021784,openfacts
0660457046756,openfacts
0660457101622,openfacts
0660457149990,openfacts
0660457275484,openfacts
0660457309356,openfacts
0660457325738,openfacts
0660457432795,openfacts
0660457475211,openfacts
0660457519267,openfacts
0660457540117,usda
0660457744416,openfacts
0660457808149,openfacts
0660457911887,openfacts
0660460732660,openfacts
0660464547604,openfacts
0660473068008,openfacts
0660491051877,openfacts
0660492343056,openfacts
0660503305660,openfacts
0660505400400,openfacts
0660506306114,openfacts
0660516667137,openfacts
0660521435493,openfacts
0660526982060,openfacts
0660536631293,openfacts
0660538218782,openfacts
0660540288292,openfacts
0660544171453,openfacts
0660545050160,openfacts
0660545102005,openfacts
0660550001126,usda
0660550001997,openfacts
0660550002048,openfacts
0660550002086,openfacts
0660550002147,openfacts
0660550003076,openfacts
0660550003083,openfacts
0660550003106,openfacts
0660550003113,openfacts
0660550003137,usda
0660550003144,openfacts
0660550003236,openfacts
0660550007142,openfacts
0660550007500,openfacts
0660550009078,openfacts
0660550009191,openfacts
0660550020295,openfacts
0660550020394,openfacts
0660550020493,openfacts
0660550020790,openfacts
0660550021292,openfacts
0660550021490,openfacts
0660550022275,openfacts
0660550022299,usda
0660550091820,usda
0660550122036,openfacts
0660550122043,openfacts
0660550122074,usda
0660550122081,usda
0660550122104,usda
0660550122128,openfacts
0660550122265,openfacts
0660550122272,openfacts
0660550122791,usda
0660550274148,openfacts
0660550277248,openfacts
0660550278146,openfacts
0660550314141,openfacts
0660550316145,openfacts
0660550323143,openfacts
0660553330032,openfacts
0660555054394,openfacts
0660564464399,openfacts
0660570014366,openfacts
0660574000907,openfacts
0660574000921,openfacts
0660588062007,openfacts
0660588552003,openfacts
0660590053840,openfacts
0660597371053,openfacts
0660606343972,openfacts
0660628123453,openfacts
0660628123484,openfacts
0660628123491,openfacts
0660628123507,openfacts
0660628123514,openfacts
0660628123521,openfacts
0660628123538,openfacts
0660628123545,openfacts
0660628123569,openfacts
0660628123576,openfacts
0660628123590,openfacts
0660628123606,openfacts
0660628123804,openfacts
0660628123811,openfacts
0660628123828,openfacts
0660628123835,openfacts
0660628123972,openfacts
0660628124023,openfacts
0660628124030,openfacts
0660628125006,openfacts
0660628126119,openfacts
0660628126126,openfacts
0660628126133,openfacts
0660628126157,openfacts
0660628126218,openfacts
0660629100163,usda
0660629100262,usda
0660629100361,usda
0660629100460,usda
0660629101313,openfacts
0660629101368,usda
0660629103461,usda
0660629103867,usda
0660629104567,usda
0660629105458,usda
0660644004866,openfacts
0660645000041,openfacts
0660645000201,usda
0660645000508,usda
0660645001802,openfacts
0660645002007,openfacts
0660645002021,usda
0660645002205,usda
0660645002304,openfacts
0660645003219,usda
0660645003233,usda
0660645010170,openfacts
0660645010248,usda
0660645010446,usda
0660645010521,usda
0660645022302,openfacts
0660645022500,usda
0660645053016,usda
0660645053030,openfacts
0660645053054,usda
0660645053184,usda
0660645053962,usda
0660645054068,usda
0660645054655,usda
0660645054693,usda
0660645054778,usda
0660645054877,usda
0660645054990,openfacts
0660645955556,openfacts
0660646000293,usda
0660646000309,usda
0660646000316,usda
0660646000347,openfacts
0660646000354,usda
0660646000361,usda
0660646000408,usda
0660646000415,usda
0660646000422,usda
0660646000439,usda
0660646000446,usda
0660646000453,openfacts
0660646000477,openfacts
0660646000484,usda
0660646000491,usda
0660646000538,openfacts
0660646000606,openfacts
0660646000798,usda
0660646000897,openfacts
0660646001115,usda
0660646001122,usda
0660646001139,usda
0660646001153,openfacts
0660646001221,usda
0660646001238,usda
0660646001245,usda
0660646001252,openfacts
0660646001269,usda
0660646001276,usda
0660646001283,usda
0660646001344,openfacts
0660646001351,openfacts
0660646001443,openfacts
0660646001450,openfacts
0660646001467,openfacts
0660646001474,openfacts
0660646001481,openfacts
0660646001498,openfacts
0660646001504,openfacts
0660646001559,openfacts
0660646001573,openfacts
0660646001580,openfacts
0660646001597,openfacts
0660646001603,openfacts
0660646001641,openfacts
0660646001658,openfacts
0660646001665,openfacts
0660646001696,openfacts
0660662088046,openfacts
0660663121155,openfacts
0660663121162,usda
0660663121186,usda
0660699000158,openfacts
0660726003008,usda
0660726003015,usda
0660726003022,usda
0660726003039,usda
0660726003060,usda
0660726003077,usda
0660726003084,usda
0660726003091,usda
0660726003503,usda
0660726003510,usda
0660726004005,usda
0660726004104,usda
0660726103500,openfacts
0660726200018,usda
0660726200063,openfacts
0660726220160,openfacts
0660726265048,openfacts
0660726265055,openfacts
0660726268209,usda
0660726268407,openfacts
0660726268469,openfacts
0660726403105,usda
0660726403501,usda
0660726404706,usda
0660726500019,usda
0660726500040,openfacts
0660726500163,usda
0660726500422,usda
0660726502327,openfacts
0660726503102,usda
0660726503164,usda
0660726503171,usda
0660726503201,usda
0660726503263,usda
0660726503270,usda
0660726503300,usda
0660726503362,usda
0660726503379,usda
0660726503409,usda
0660726503461,usda
0660726503478,usda
0660726503553,usda
0660726503584,usda
0660726503737,openfacts
0660726503904,usda
0660726504208,usda
0660726504260,usda
0660726504277,usda
0660726504505,usda
0660726504703,usda
0660726506103,usda
0660726506202,usda
0660726508206,usda
0660726516164,usda
0660726516294,usda
0660726525012,openfacts
0660726525029,usda
0660726525036,usda
0660726525067,usda
0660726525098,usda
0660726525104,usda
0660726525111,usda
0660726525128,usda
0660726525135,usda
0660726525142,usda
0660726525159,usda
0660726525166,usda
0660726525173,usda
0660726525180,usda
0660726525197,usda
0660726525302,usda
0660726525326,usda
0660726525333,usda
0660726525340,usda
0660726525357,usda
0660726525364,usda
0660726525395,usda
0660726525401,usda
0660726525418,usda
0660726525555,usda
0660726526057,usda
0660726526064,usda
0660726526071,usda
0660726526088,usda
0660726526255,usda
0660726526262,usda
0660726526279,usda
0660726526286,usda
0660726534106,openfacts
0660726534113,usda
0660726534205,openfacts
0660726534212,usda
0660726534700,openfacts
0660726563168,openfacts
0660726563267,openfacts
0660726563465,openfacts
0660726593202,usda
0660726595107,usda
0660726595206,usda
0660726752210,openfacts
0660726760703,usda
0660726760710,usda
0660726789001,openfacts
0660726789018,openfacts
0660726789100,openfacts
0660726791400,openfacts
0660726791417,openfacts
0660726803608,openfacts
0660726809235,openfacts
0660726810521,openfacts
0660726811009,openfacts
0660726811023,usda
0660726811047,usda
0660726811993,usda
0660726812020,usda
0660726812044,openfacts
0660726820018,usda
0660726834367,openfacts
0660726846261,usda
0660726846278,usda
0660726860793,usda
0660733000847,openfacts
0660742806065,openfacts
0660746543430,openfacts
0660751000010,usda
0660751000027,usda
0660751000393,usda
0660751000409,usda
0660751000485,usda
0660756001494,openfacts
0660756005850,openfacts
0660756007281,openfacts
0660756007304,openfacts
0660756008806,openfacts
0660756008912,openfacts
0660756008929,openfacts
0660756009735,openfacts
0660756009742,openfacts
0660756009759,openfacts
0660756010045,openfacts
0660756010106,openfacts
0660756010274,openfacts
0660756010632,openfacts
0660756010656,openfacts
0660756010663,openfacts
0660756010694,openfacts
0660756010816,openfacts
0660756011424,openfacts
0660756012087,openfacts
0660756012346,openfacts
0660756012445,openfacts
0660756012599,openfacts
0660756012605,openfacts
0660756012667,openfacts
0660756012674,openfacts
0660756012711,openfacts
0660756012780,openfacts
0660756012896,openfacts
0660756012926,openfacts
0660756013190,openfacts
0660756013374,openfacts
0660756013589,openfacts
0660756013633,openfacts
0660756013831,openfacts
0660756013862,openfacts
0660756014432,openfacts
0660756014517,openfacts
0660756015194,openfacts
0660756015972,openfacts
0660756015996,openfacts
0660756016047,openfacts
0660756016061,openfacts
0660756016160,openfacts
0660756016955,openfacts
0660756017006,openfacts
0660756017044,openfacts
0660756017273,openfacts
0660756017297,openfacts
0660756019475,openfacts
0660756040134,openfacts
0660756040172,openfacts
0660756040325,openfacts
0660756043067,openfacts
0660756051222,openfacts
0660756051383,openfacts
0660756055633,openfacts
0660769000088,openfacts
0660769330031,openfacts
0660786108286,openfacts
0660794000114,openfacts
0660794000183,openfacts
0660799030826,openfacts
0660803001576,openfacts
0660805000010,openfacts
0660805000102,openfacts
0660805000164,openfacts
0660805000171,openfacts
0660805000218,openfacts
0660805000225,openfacts
0660805000515,openfacts
0660805000812,openfacts
0660805000829,openfacts
0660805000874,openfacts
0660805000881,openfacts
0660805000898,openfacts
0660805000904,openfacts
0660805000911,openfacts
0660805000928,openfacts
0660805000942,openfacts
0660805000966,openfacts
0660805000973,openfacts
0660805000980,openfacts
0660805000997,openfacts
0660805001000,openfacts
0660805001024,openfacts
0660805001031,openfacts
0660805001048,openfacts
0660805001055,openfacts
0660806060334,openfacts
0660816164305,openfacts
0660845434516,openfacts
0660845743830,openfacts
0660845744080,openfacts
0660845744097,openfacts
0660845744325,openfacts
0660845744561,openfacts
0660845744585,openfacts
0660845744738,openfacts
0660845744981,openfacts
0660845744998,openfacts
0660845745162,openfacts
0660845745254,openfacts
0660845745407,openfacts
0660845747579,openfacts
0660845747814,openfacts
0660845748736,openfacts
0660845749801,openfacts
0660845750616,openfacts
0660845750661,openfacts
0660845750913,openfacts
0660845753778,openfacts
0660845917798,openfacts
0660845918085,openfacts
0660845918139,openfacts
0660845918429,openfacts
0660845919396,openfacts
0660846000253,openfacts
0660852020993,openfacts
0660861001129,usda
0660861001143,usda
0660861001150,usda
0660861001525,openfacts
0660861003024,openfacts
0660861003116,openfacts
0660861003260,openfacts
0660861003529,usda
0660861003628,openfacts
0660861221039,openfacts
0660861910452,openfacts
0660881391460,openfacts
0660886010229,openfacts
0660896006151,openfacts
0660896014668,openfacts
0660896016884,openfacts
0660896019328,openfacts
0660896019762,openfacts
0660896026180,openfacts
0660896026241,openfacts
0660896027156,openfacts
0660896028436,openfacts
0660896699551,openfacts
0660900721223,openfacts
0660900762042,openfacts
0660901066729,openfacts
0660902198900,openfacts
0660902199945,openfacts
0660902199969,openfacts
0660902518166,openfacts
0660902518173,openfacts
0660902518180,openfacts
0660902518227,openfacts
0660902518593,openfacts
0660902644193,openfacts
0660902644216,openfacts
0660902644247,openfacts
0660902644254,openfacts
0660902644261,openfacts
0660902644285,openfacts
0660902729395,openfacts
0660902945559,openfacts
0660902945948,openfacts
0660902945955,openfacts
0660906212008,openfacts
0660906334441,openfacts
0660909863016,openfacts
0660933000852,openfacts
0660933002658,openfacts
0660950997081,openfacts
0660957015610,openfacts
0660957016952,openfacts
0660965200145,openfacts
0660973111259,usda
0660973114243,usda
0660973119224,openfacts
0660973141423,usda
0660973161568,usda
0660973170492,usda
0660973170508,usda
0660973183539,usda
0660973183898,usda
0660973260131,usda
0660988247332,openfacts
0660989030445,openfacts
0660989030452,openfacts
0660989030469,openfacts
0660989030476,openfacts
0660989030483,openfacts
0660989030490,openfacts
0660989030506,openfacts
0660989030513,openfacts
0660989030520,openfacts
0660989030537,openfacts
0660989030544,openfacts
0660989030551,openfacts
0660989030568,openfacts
0660989030575,openfacts
0660989030582,openfacts
0660989030599,openfacts
0660989030605,openfacts
0660989030612,openfacts
0660989030629,openfacts
0660989030636,openfacts
0660989030643,openfacts
0660989030650,openfacts
0660989030667,openfacts
0660989030674,openfacts
0660989030681,openfacts
0660989030698,openfacts
0660989030704,openfacts
0660989030711,openfacts
0660989030728,openfacts
0660989030735,openfacts
0660989030742,openfacts
0660989030759,openfacts
0660989030766,openfacts
0660989030773,openfacts
0660989030780,openfacts
0660989030797,openfacts
0660989030803,openfacts
0660989030810,openfacts
0660989030827,openfacts
0660989030841,openfacts
0660989030858,openfacts
0660989030865,openfacts
0660989030872,openfacts
0660989030889,openfacts
0660989030896,openfacts
0660989069223,openfacts
0660989069230,openfacts
0660989069247,openfacts
0660989069261,openfacts
0660989069278,openfacts
0660989069292,openfacts
0660989069308,openfacts
0660989069322,openfacts
0660989069360,openfacts
0660989069377,openfacts
0660989069384,openfacts
0660989069391,openfacts
0660989069407,openfacts
0660989069414,openfacts
0660989069421,openfacts
0660989069445,openfacts
0660989069476,openfacts
0660989069520,openfacts
0660989069537,openfacts
0660989069551,openfacts
0660989069568,openfacts
0660989069575,openfacts
0660989069629,openfacts
0660989069636,openfacts
0660989069643,openfacts
0660989069667,openfacts
0660989069742,openfacts
0660989069797,openfacts
0660989069827,openfacts
0660989069834,openfacts
0660989069896,openfacts
0660989079994,openfacts
0660989080013,openfacts
0660989080020,openfacts
0660989357955,openfacts
0660989570286,openfacts
0660989750237,openfacts
0660989750329,openfacts
0660989750510,openfacts
0660989750718,openfacts
0660989751005,openfacts
0660989751012,openfacts
0660989751036,openfacts
0660989751067,openfacts
0660989751081,openfacts
0660989751098,openfacts
0660989751128,openfacts
0660989751142,openfacts
0660989751159,openfacts
0660989751166,openfacts
0660989751173,openfacts
0660989751210,openfacts
0660989751234,openfacts
0660989751241,openfacts
0660989751272,openfacts
0660989751371,openfacts
0660989751470,openfacts
0660989751524,openfacts
0660989751548,openfacts
0660989751579,openfacts
0660989751586,openfacts
0660989751609,openfacts
0660989751951,openfacts
0660989751982,openfacts
0660989751999,openfacts
0660989752019,openfacts
0660989767495,openfacts
0660989767518,openfacts
0660989767549,openfacts
0660989784881,openfacts
0660989784898,openfacts
0660989784911,openfacts
0660989784966,openfacts
0660989888923,openfacts
0660989888947,openfacts
0660989952617,openfacts
0660989964115,openfacts
0660989964276,openfacts
0660989995607,openfacts
0661005102108,openfacts
0661005103150,openfacts
0661012879994,openfacts
0661020731826,openfacts
0661020848654,openfacts
0661032034991,openfacts
0661037519998,openfacts
0661041000017,openfacts
0661042001143,usda
0661042002140,openfacts
0661042003147,openfacts
0661042004014,usda
0661042004144,openfacts
0661042006148,openfacts
0661042007145,usda
0661042411126,openfacts
0661042411256,usda
0661042511161,openfacts
0661042525120,usda
0661042535129,usda
0661042567120,openfacts
0661042678123,openfacts
0661042878141,openfacts
0661045007562,openfacts
0661048001123,openfacts
0661048002304,openfacts
0661056154712,openfacts
0661061000011,openfacts
0661061000202,openfacts
0661061000387,usda
0661061000394,usda
0661061100018,openfacts
0661061100025,openfacts
0661061100032,openfacts
0661061167318,openfacts
0661090000013,openfacts
0661090000037,openfacts
0661090298489,usda
0661090298502,usda
0661094185631,openfacts
0661094186164,openfacts
0661094233714,openfacts
0661094233912,openfacts
0661094236630,openfacts
0661094254757,openfacts
0661094257628,openfacts
0661094258724,openfacts
0661094258731,openfacts
0661094260857,openfacts
0661094266262,openfacts
0661094266279,openfacts
0661094266767,openfacts
0661094476388,openfacts
0661094525659,openfacts
0661094951199,openfacts
0661094951762,openfacts
0661098501703,openfacts
0661108597078,openfacts
0661115080648,openfacts
0661122058203,openfacts
0661122905989,openfacts
0661127013139,openfacts
0661132027190,openfacts
0661136000021,openfacts
0661136000588,openfacts
0661138422548,openfacts
0661138701421,openfacts
0661138701438,openfacts
0661138703838,openfacts
0661138703845,openfacts
0661141091021,openfacts
0661141091113,openfacts
0661141800111,openfacts
0661148265753,item_master
0661148283993,item_master
0661148290335,item_master
0661148295958,item_master
0661148326805,item_master
0661148334237,item_master
0661148351623,item_master
0661148392893,item_master
0661148395290,item_master
0661148434555,item_master
0661148452788,item_master
0661148458643,item_master
0661148482723,item_master
0661148493040,item_master
0661148494375,item_master
0661148498588,item_master
0661148501462,item_master
0661148528377,item_master
0661148532985,item_master
0661148538840,item_master
0661148569110,item_master
0661148569295,item_master
0661148570185,item_master
0661148570420,item_master
0661148570598,item_master
0661148571175,item_master
0661148574718,item_master
0661148574893,item_master
0661148576040,item_master
0661148591135,item_master
0661148594440,item_master
0661148603845,item_master
0661148607492,item_master
0661172000061,openfacts
0661172000092,openfacts
0661172000115,openfacts
0661172000122,openfacts
0661172000450,openfacts
0661172000627,openfacts
0661172000641,openfacts
0661172000719,openfacts
0661172000740,openfacts
0661172012309,openfacts
0661172018080,openfacts
0661172018097,openfacts
0661172018110,openfacts
0661172018158,openfacts
0661172018165,openfacts
0661172018189,openfacts
0661172020342,openfacts
0661172020397,openfacts
0661172020687,openfacts
0661172020694,openfacts
0661172022766,openfacts
0661172022803,openfacts
0661172022841,openfacts
0661172022889,openfacts
0661172022902,openfacts
0661172023121,openfacts
0661172023190,openfacts
0661172023237,openfacts
0661172023244,openfacts
0661172023268,openfacts
0661172023282,openfacts
0661172023299,openfacts
0661172023305,openfacts
0661172023312,openfacts
0661172023329,openfacts
0661172023350,openfacts
0661172023381,openfacts
0661172023398,openfacts
0661172023428,openfacts
0661172023442,openfacts
0661172023497,openfacts
0661172023534,openfacts
0661172023565,openfacts
0661172023572,openfacts
0661172023671,openfacts
0661172023688,openfacts
0661173218380,openfacts
0661176010042,openfacts
0661212933007,openfacts
0661216629081,openfacts
0661221362775,openfacts
0661222615610,openfacts
0661241491028,openfacts
0661248818057,openfacts
0661248871007,openfacts
0661250000457,openfacts
0661250690214,openfacts
0661253000010,openfacts
0661282425754,openfacts
0661314507793,openfacts
0661317868112,openfacts
0661317868129,openfacts
0661317956277,openfacts
0661317956406,openfacts
0661344968694,openfacts
0661389600023,usda
0661389600030,usda
0661389600092,usda
0661389600108,usda
0661389600139,usda
0661389600146,usda
0661389600177,usda
0661389600221,usda
0661389690192,usda
0661389690215,usda
0661389690482,openfacts
0661402001745,openfacts
0661402008058,openfacts
0661416110310,openfacts
0661416111010,openfacts
0661416135030,openfacts
0661416135054,openfacts
0661416150040,openfacts
0661416151115,openfacts
0661416151160,openfacts
0661416153010,openfacts
0661416154000,openfacts
0661416211000,openfacts
0661416211116,openfacts
0661416214070,openfacts
0661416283120,openfacts
0661416284110,openfacts
0661416305860,openfacts
0661430004800,openfacts
0661440000014,usda
0661440000021,openfacts
0661440000052,openfacts
0661440000090,openfacts
0661440000151,openfacts
0661440000205,openfacts
0661440000212,usda
0661440000427,openfacts
0661440000519,openfacts
0661440000663,openfacts
0661440000823,usda
0661440000885,openfacts
0661440000960,openfacts
0661440000991,openfacts
0661440001011,usda
0661440001073,openfacts
0661440001103,openfacts
0661440001110,usda
0661440001165,openfacts
0661440001301,openfacts
0661440001318,usda
0661440001400,openfacts
0661440001462,openfacts
0661440001479,usda
0661440001639,openfacts
0661444000010,usda
0661444000058,usda
0661444000065,usda
0661444000171,usda
0661444000263,openfacts
0661450060138,usda
0661450060145,usda
0661450060152,usda
0661450060169,usda
0661450060176,usda
0661450152314,usda
0661475000065,openfacts
0661475003387,openfacts
0661475003400,openfacts
0661475004452,usda
0661475004568,usda
0661475004575,usda
0661475004582,usda
0661475004605,usda
0661475004797,usda
0661475004858,usda
0661475004902,usda
0661475005008,openfacts
0661475005046,usda
0661475006807,openfacts
0661475008047,openfacts
0661475014048,openfacts
0661475020049,openfacts
0661475025143,openfacts
0661475033148,openfacts
0661475046049,openfacts
0661475051043,openfacts
0661475052040,openfacts
0661475053047,openfacts
0661475054044,openfacts
0661475055041,openfacts
0661475056048,openfacts
0661475071041,openfacts
0661475100345,openfacts
0661475101052,openfacts
0661475101106,openfacts
0661475102011,openfacts
0661475102165,openfacts
0661475105708,openfacts
0661475112010,openfacts
0661475112058,openfacts
0661475112102,openfacts
0661475112126,openfacts
0661475114410,usda
0661475114427,usda
0661475114434,usda
0661475114441,usda
0661475114458,usda
0661475115509,usda
0661475115516,usda
0661475115530,usda
0661475117039,openfacts
0661475117107,openfacts
0661475147005,openfacts
0661475161049,openfacts
0661475161445,openfacts
0661475165337,openfacts
0661475170041,usda
0661475200045,openfacts
0661475201042,openfacts
0661475202049,openfacts
0661475203046,openfacts
0661475204043,openfacts
0661475205040,openfacts
0661475208041,openfacts
0661475239045,openfacts
0661475242045,openfacts
0661475245046,openfacts
0661475280047,openfacts
0661475281044,openfacts
0661475300011,openfacts
0661475310010,openfacts
0661475313011,openfacts
0661475317040,openfacts
0661475324048,openfacts
0661475346040,openfacts
0661475357022,openfacts
0661475357428,openfacts
0661475358043,openfacts
0661475359040,openfacts
0661475492044,openfacts
0661475497049,openfacts
0661475505010,usda
0661475515040,openfacts
0661475521041,openfacts
0661475522048,openfacts
0661475523045,openfacts
0661475614033,openfacts
0661475822049,openfacts
0661475881046,openfacts
0661475882043,openfacts
0661475915031,openfacts
0661475916038,openfacts
0661475920042,openfacts
0661490015723,openfacts
0661493000238,openfacts
0661500013411,openfacts
0661501153383,openfacts
0661501241035,openfacts
0661501245118,openfacts
0661501245163,openfacts
0661501282717,openfacts
0661501398319,openfacts
0661506300119,openfacts
0661506300140,usda
0661506300218,openfacts
0661506300553,openfacts
0661506410139,openfacts
0661506500120,usda
0661506500229,openfacts
0661506500328,usda
0661506600219,usda
0661509000702,openfacts
0661511000059,openfacts
0661511000363,openfacts
0661511000387,openfacts
0661511000431,openfacts
0661511000486,openfacts
0661511000660,openfacts
0661511000769,openfacts
0661511001667,openfacts
0661511002145,openfacts
0661511002169,openfacts
0661511002503,openfacts
0661511002572,openfacts
0661511002893,openfacts
0661511003074,openfacts
0661511003111,openfacts
0661511003814,openfacts
0661524001043,usda
0661524001050,usda
0661524001067,usda
0661524001074,openfacts
0661524001098,openfacts
0661524005058,openfacts
0661524701141,openfacts
0661524701158,openfacts
0661525048023,openfacts
0661525118900,openfacts
0661529192036,openfacts
0661532078594,openfacts
0661537110800,openfacts
0661537218377,openfacts
0661537221131,openfacts
0661537224286,openfacts
0661537235503,openfacts
0661537316660,openfacts
0661537320971,openfacts
0661537366139,openfacts
0661537469625,openfacts
0661540000938,openfacts
0661549022856,openfacts
0661550604287,openfacts
0661558304943,openfacts
0661558304950,openfacts
0661558304967,openfacts
0661558304974,openfacts
0661558304981,openfacts
0661563001394,openfacts
0661563002001,openfacts
0661585339079,openfacts
0661585632842,item_master
0661594000045,openfacts
0661594000458,openfacts
0661594003633,openfacts
0661594003640,openfacts
0661594003688,openfacts
0661594003718,openfacts
0661594904015,openfacts
0661596424023,openfacts
0661596691616,openfacts
0661596797660,openfacts
0661596797684,openfacts
0661596797707,openfacts
0661596812721,openfacts
0661596812806,openfacts
0661596953837,usda
0661600005590,openfacts
0661600070314,openfacts
0661600071625,openfacts
0661600497616,openfacts
0661625013334,openfacts
0661625033455,openfacts
0661625033479,openfacts
0661625232308,openfacts
0661625282860,openfacts
0661625752660,openfacts
0661625752677,openfacts
0661625861607,openfacts
0661631477311,openfacts
0661631477373,openfacts
0661635004209,openfacts
0661635007477,openfacts
0661635170270,openfacts
0661636700049,openfacts
0661646829655,openfacts
0661646954005,openfacts
0661646992496,openfacts
0661646992502,openfacts
0661646992656,openfacts
0661647060200,openfacts
0661648000007,openfacts
0661655147832,openfacts
0661669453196,openfacts
0661676110143,openfacts
0661676110181,openfacts
0661676120012,openfacts
0661676120029,openfacts
0661676120036,openfacts
0661676120050,usda
0661676120401,openfacts
0661676124508,openfacts
0661676130035,openfacts
0661676150019,usda
0661676150026,openfacts
0661676150408,openfacts
0661676154505,openfacts
0661706050517,openfacts
0661706051149,openfacts
0661706051156,openfacts
0661706054362,openfacts
0661706055727,openfacts
0661706214896,item_master
0661706214902,item_master
0661706215015,item_master
0661706215022,item_master
0661706215176,item_master
0661706215183,item_master
0661706215718,item_master
0661706216173,item_master
0661706216180,item_master
0661706216197,item_master
0661706216203,item_master
0661706216210,item_master
0661706216227,item_master
0661706216715,item_master
0661706216722,item_master
0661706216739,item_master
0661706216746,item_master
0661706216753,item_master
0661706216876,item_master
0661706484367,openfacts
0661706646352,openfacts
0661706992565,openfacts
0661708605821,openfacts
0661708605845,openfacts
0661708605982,usda
0661708606040,usda
0661708620763,openfacts
0661732737505,item_master
0661732756001,item_master
0661732765539,item_master
0661732784134,item_master
0661732784509,item_master
0661787046652,openfacts
0661787047468,openfacts
0661787073689,openfacts
0661787073757,openfacts
0661787073887,openfacts
0661799036948,usda
0661799043519,usda
0661799043557,usda
0661799043564,usda
0661799059527,openfacts
0661799075800,openfacts
0661799075848,usda
0661799075879,usda
0661799075886,usda
0661799092708,usda
0661799092753,usda
0661799092760,usda
0661799114707,usda
0661799114714,usda
0661799114721,usda
0661799132909,usda
0661799132961,openfacts
0661799193108,usda
0661799193115,usda
0661799193153,openfacts
0661799221658,openfacts
0661799222525,usda
0661799222532,openfacts
0661799222556,usda
0661799222594,usda
0661799264310,openfacts
0661799264327,openfacts
0661799264365,openfacts
0661799264372,usda
0661799264396,usda
0661799269087,usda
0661799269094,usda
0661799318815,openfacts
0661799325691,usda
0661799336918,openfacts
0661799336925,openfacts
0661799341400,openfacts
0661799387064,openfacts
0661799394673,openfacts
0661799394727,openfacts
0661799394857,openfacts
0661799394871,openfacts
0661799394970,openfacts
0661799395243,openfacts
0661799395281,openfacts
0661799395304,openfacts
0661799395311,openfacts
0661799395335,openfacts
0661799395373,openfacts
0661799395397,openfacts
0661799395496,openfacts
0661799395823,openfacts
0661799396523,openfacts
0661799417747,openfacts
0661799421263,openfacts
0661799421270,usda
0661799431828,openfacts
0661799439503,usda
0661799439510,usda
0661799440448,openfacts
0661799440455,openfacts
0661799440486,openfacts
0661799440493,openfacts
0661799464123,openfacts
0661799477796,openfacts
0661799479455,usda
0661799551212,usda
0661799623605,openfacts
0661799641401,usda
0661799727914,usda
0661799727945,usda
0661799759311,usda
0661799823364,openfacts
0661799838481,openfacts
0661799838498,openfacts
0661799847100,openfacts
0661799847117,openfacts
0661799847124,openfacts
0661799847131,openfacts
0661799847223,usda
0661799847483,openfacts
0661799858809,item_master
0661799916820,openfacts
0661799955577,openfacts
0661799967112,openfacts
0661799967150,openfacts
0661799970525,usda
0661799999090,openfacts
0661800978892,openfacts
0661815000045,openfacts
0661815000151,openfacts
0661815000182,openfacts
0661815000199,openfacts
0661815000205,openfacts
0661815000212,openfacts
0661815000281,usda
0661815000304,openfacts
0661815000311,openfacts
0661815000632,openfacts
0661815000854,openfacts
0661815000861,openfacts
0661815000922,openfacts
0661815000946,openfacts
0661815001110,openfacts
0661815001189,openfacts
0661815001196,openfacts
0661815001219,openfacts
0661815001516,openfacts
0661815001547,openfacts
0661815001554,openfacts
0661815001578,openfacts
0661815001677,openfacts
0661815001684,openfacts
0661815001691,openfacts
0661815001714,openfacts
0661815001738,openfacts
0661815001745,openfacts
0661815001769,openfacts
0661815001776,openfacts
0661815001783,openfacts
0661815001882,openfacts
0661815002018,openfacts
0661815002025,openfacts
0661815002360,openfacts
0661815002490,openfacts
0661815002537,openfacts
0661815002568,openfacts
0661815002605,openfacts
0661815002636,openfacts
0661815002650,openfacts
0661815002735,openfacts
0661815002803,openfacts
0661815002827,openfacts
0661815002940,openfacts
0661815003145,openfacts
0661815003305,openfacts
0661815003497,openfacts
0661815003503,openfacts
0661815003510,openfacts
0661815003534,openfacts
0661815003695,openfacts
0661815003947,openfacts
0661815004067,openfacts
0661815004234,openfacts
0661815004388,openfacts
0661815004395,openfacts
0661815004401,openfacts
0661815004418,openfacts
0661815004425,openfacts
0661815004432,openfacts
0661815004456,openfacts
0661815004661,openfacts
0661815005040,openfacts
0661815005125,openfacts
0661815005279,openfacts
0661815005293,openfacts
0661815005309,openfacts
0661815005347,openfacts
0661815005422,openfacts
0661815005569,openfacts
0661815005583,openfacts
0661815005750,openfacts
0661815005972,openfacts
0661815006054,openfacts
0661815006061,openfacts
0661815006078,openfacts
0661815006191,openfacts
0661815006207,openfacts
0661815006313,openfacts
0661815006368,openfacts
0661815006375,openfacts
0661815006429,openfacts
0661815006511,openfacts
0661815006535,openfacts
0661815006788,openfacts
0661815006795,openfacts
0661815006863,openfacts
0661815006887,openfacts
0661815006931,openfacts
0661815006948,openfacts
0661815006955,openfacts
0661815006979,openfacts
0661815007136,openfacts
0661815007228,openfacts
0661815007242,openfacts
0661815007389,openfacts
0661815007709,openfacts
0661815007822,openfacts
0661815007990,openfacts
0661815008003,openfacts
0661815008058,openfacts
0661815008188,openfacts
0661815008829,openfacts
0661815008836,openfacts
0661815008850,openfacts
0661815008867,openfacts
0661815008874,openfacts
0661815008898,openfacts
0661815008904,openfacts
0661815008911,openfacts
0661815008942,openfacts
0661815008959,openfacts
0661815008966,openfacts
0661815008973,openfacts
0661815008980,openfacts
0661815009307,openfacts
0661815009338,openfacts
0661815009345,openfacts
0661815009369,openfacts
0661815009581,openfacts
0661815009697,openfacts
0661815009734,openfacts
0661815009758,openfacts
0661815009765,openfacts
0661815009772,openfacts
0661815009802,openfacts
0661815009819,openfacts
0661815009840,openfacts
0661815009871,openfacts
0661815009932,openfacts
0661815009949,openfacts
0661815009956,openfacts
0661815009963,openfacts
0661815010457,openfacts
0661815010471,openfacts
0661815010488,openfacts
0661815010495,openfacts
0661815010587,openfacts
0661815010594,openfacts
0661815010600,openfacts
0661815010655,openfacts
0661815010723,openfacts
0661815010730,openfacts
0661815010778,openfacts
0661815010822,openfacts
0661815011003,openfacts
0661815011010,openfacts
0661815011225,openfacts
0661815011348,openfacts
0661815011447,openfacts
0661815011515,openfacts
0661815011812,openfacts
0661815011850,openfacts
0661815011881,openfacts
0661815011928,openfacts
0661815012215,openfacts
0661815012222,openfacts
0661815012291,openfacts
0661815012406,openfacts
0661815012437,openfacts
0661815012468,openfacts
0661815012475,openfacts
0661815012482,openfacts
0661815012499,openfacts
0661815012505,openfacts
0661815012550,openfacts
0661815013182,openfacts
0661815014738,openfacts
0661815014769,openfacts
0661815014776,openfacts
0661815015001,openfacts
0661815015193,openfacts
0661815015209,openfacts
0661815015278,openfacts
0661815015285,openfacts
0661815015292,openfacts
0661815015308,openfacts
0661815015346,openfacts
0661815015353,openfacts
0661815015360,openfacts
0661815015377,openfacts
0661815015384,openfacts
0661815015391,openfacts
0661815015407,openfacts
0661815015520,openfacts
0661815015537,openfacts
0661815015544,openfacts
0661815015971,openfacts
0661815016022,openfacts
0661815016107,openfacts
0661815016114,openfacts
0661815016121,openfacts
0661815016138,openfacts
0661815016220,openfacts
0661815016237,openfacts
0661815016244,openfacts
0661815016268,openfacts
0661815016275,openfacts
0661815016282,openfacts
0661815016299,openfacts
0661815016435,openfacts
0661815016442,openfacts
0661815016473,openfacts
0661815016527,openfacts
0661815016701,openfacts
0661815016718,openfacts
0661815016725,openfacts
0661815016817,openfacts
0661815016824,openfacts
0661815017258,openfacts
0661815017265,openfacts
0661815017272,openfacts
0661815017296,openfacts
0661815017357,openfacts
0661815017364,openfacts
0661815017371,openfacts
0661815017418,openfacts
0661815017425,openfacts
0661815017432,openfacts
0661815017647,openfacts
0661815017692,openfacts
0661815017777,openfacts
0661815017883,openfacts
0661815017890,openfacts
0661815017913,openfacts
0661815018002,openfacts
0661815018019,openfacts
0661815018026,openfacts
0661815018033,openfacts
0661815018040,openfacts
0661815018095,openfacts
0661815018125,openfacts
0661815018132,openfacts
0661815018255,openfacts
0661815018507,openfacts
0661815018514,openfacts
0661815018538,openfacts
0661815018545,openfacts
0661815018552,openfacts
0661815018569,openfacts
0661815018576,openfacts
0661815018590,openfacts
0661815018606,openfacts
0661815018613,openfacts
0661815018705,openfacts
0661815018866,openfacts
0661815018897,openfacts
0661815018941,openfacts
0661815018965,openfacts
0661815018972,openfacts
0661815018989,openfacts
0661815018996,openfacts
0661815019009,openfacts
0661815019115,openfacts
0661815019139,openfacts
0661815019153,openfacts
0661815019160,openfacts
0661815019252,openfacts
0661815019269,openfacts
0661815019276,openfacts
0661815019399,openfacts
0661815019610,openfacts
0661815019627,openfacts
0661815019658,openfacts
0661815019733,openfacts
0661815019795,openfacts
0661815019955,openfacts
0661815019962,openfacts
0661815019986,openfacts
0661815020012,openfacts
0661815020029,openfacts
0661815020036,openfacts
0661815020043,openfacts
0661815020050,openfacts
0661815020067,openfacts
0661815020098,openfacts
0661815020180,openfacts
0661815020197,openfacts
0661815020203,openfacts
0661815020210,openfacts
0661815020227,openfacts
0661815020234,openfacts
0661815020289,openfacts
0661815020319,openfacts
0661815020326,openfacts
0661815020401,openfacts
0661815020456,openfacts
0661815020470,openfacts
0661815020487,openfacts
0661815020494,openfacts
0661815020500,openfacts
0661815020517,openfacts
0661815020524,openfacts
0661815020531,openfacts
0661815020609,openfacts
0661815020616,openfacts
0661815020630,openfacts
0661815020647,openfacts
0661815020654,openfacts
0661815020661,openfacts
0661815020678,openfacts
0661815020685,openfacts
0661815020715,openfacts
0661815020760,openfacts
0661815020913,openfacts
0661815021057,openfacts
0661815021125,openfacts
0661815021170,openfacts
0661815021200,openfacts
0661815021224,openfacts
0661815021231,openfacts
0661815021248,openfacts
0661815021255,openfacts
0661815021262,openfacts
0661815021347,openfacts
0661815021354,openfacts
0661815021385,openfacts
0661815021392,openfacts
0661815021439,openfacts
0661815021446,openfacts
0661815021521,openfacts
0661815021538,openfacts
0661815021545,openfacts
0661815021569,openfacts
0661815021576,openfacts
0661815021583,openfacts
0661815021606,openfacts
0661815021613,openfacts
0661815021699,openfacts
0661815021705,openfacts
0661815021743,openfacts
0661815021774,openfacts
0661815021798,openfacts
0661815021811,openfacts
0661815021828,openfacts
0661815021835,openfacts
0661815021842,openfacts
0661815021859,openfacts
0661815021866,openfacts
0661815021897,openfacts
0661815021903,openfacts
0661815021910,openfacts
0661815021927,openfacts
0661815021934,openfacts
0661815021941,openfacts
0661815021958,openfacts
0661815021965,openfacts
0661815021972,openfacts
0661815022009,openfacts
0661815022047,openfacts
0661815022054,openfacts
0661815022092,openfacts
0661815022153,openfacts
0661815022184,openfacts
0661815022221,openfacts
0661815022245,openfacts
0661815022252,openfacts
0661815022269,openfacts
0661815022276,openfacts
0661815022306,openfacts
0661815022313,openfacts
0661815022337,openfacts
0661815022344,openfacts
0661815022351,openfacts
0661815022368,openfacts
0661815022375,openfacts
0661815022399,openfacts
0661815022405,openfacts
0661815022412,openfacts
0661815022436,openfacts
0661815022443,openfacts
0661815022481,openfacts
0661815022498,openfacts
0661815022504,openfacts
0661815022528,openfacts
0661815022535,openfacts
0661815022542,openfacts
0661815022559,openfacts
0661815022580,openfacts
0661815022597,openfacts
0661815022627,openfacts
0661815022634,openfacts
0661815022641,openfacts
0661815022672,openfacts
0661815022689,openfacts
0661815022696,openfacts
0661815022702,openfacts
0661815022719,openfacts
0661815022726,openfacts
0661815022733,openfacts
0661815022740,openfacts
0661815022771,openfacts
0661815022788,openfacts
0661815022801,openfacts
0661815022818,openfacts
0661815022825,openfacts
0661815022832,openfacts
0661815022849,openfacts
0661815022856,openfacts
0661815022870,openfacts
0661815022979,openfacts
0661815022986,openfacts
0661815022993,openfacts
0661815023006,openfacts
0661815023044,openfacts
0661815023051,openfacts
0661815023082,openfacts
0661815023105,openfacts
0661815023129,openfacts
0661815023136,openfacts
0661815023143,openfacts
0661815023150,openfacts
0661815023266,openfacts
0661815023327,openfacts
0661815023372,openfacts
0661815023389,openfacts
0661815023396,openfacts
0661815023419,openfacts
0661815023426,openfacts
0661815023433,openfacts
0661815023440,openfacts
0661815023457,openfacts
0661815023464,openfacts
0661815023518,openfacts
0661815023846,openfacts
0661815023853,openfacts
0661815023884,openfacts
0661815023938,openfacts
0661815024010,openfacts
0661815024027,openfacts
0661815024409,openfacts
0661830007746,openfacts
0661886536948,openfacts
0661895000218,openfacts
0661910202207,openfacts
0661910202658,openfacts
0661910202726,openfacts
0661910202733,openfacts
0661910202764,openfacts
0661910202771,openfacts
0661910202788,openfacts
0661910202801,usda
0661910202931,openfacts
0661910202948,openfacts
0661910202962,openfacts
0661910205116,openfacts
0661910205130,openfacts
0661910205369,openfacts
0661910205468,openfacts
0661910206007,openfacts
0661910206021,openfacts
0661910206045,openfacts
0661910208018,openfacts
0661910208032,usda
0661910208049,openfacts
0661910208117,openfacts
0661910208162,usda
0661910208179,openfacts
0661910208186,openfacts
0661910208261,usda
0661910208469,openfacts
0661910208513,openfacts
0661910208551,openfacts
0661910212947,usda
0661910213104,usda
0661910213654,usda
0661910213753,openfacts
0661910213791,openfacts
0661910228221,openfacts
0661910300132,openfacts
0661910300156,openfacts
0661910300163,openfacts
0661910300200,openfacts
0661910300682,openfacts
0661910305007,openfacts
0661910308176,openfacts
0661910605060,openfacts
0661910606012,openfacts
0661910606159,openfacts
0661910606166,openfacts
0661910606258,openfacts
0661938901038,usda
0661938901250,openfacts
0661938901267,openfacts
0661938901984,openfacts
0661938902219,openfacts
0661944002002,openfacts
0661944009490,openfacts
0661944605005,openfacts
0661951723082,openfacts
0661951731018,openfacts
0661960731566,openfacts
0661969015735,openfacts
0661995550088,openfacts
0661999002507,openfacts
0661999005812,openfacts
0661999091228,openfacts
0662002926339,openfacts
0662002989136,openfacts
0662010100103,usda
0662010100202,usda
0662010100400,usda
0662010100509,usda
0662015190284,openfacts
0662022432001,openfacts
0662041007129,openfacts
0662041012611,openfacts
0662041015292,openfacts
0662041019542,openfacts
0662062000710,openfacts
0662092535527,openfacts
0662111620067,openfacts
0662118134413,usda
0662118524412,usda
0662152340740,openfacts
0662166000111,openfacts
0662166001002,openfacts
0662166001019,openfacts
0662166020058,openfacts
0662166020102,openfacts
0662166100101,openfacts
0662166200108,openfacts
0662166200306,openfacts
0662166211074,usda
0662166211081,usda
0662166221103,openfacts
0662166222209,openfacts
0662166223305,openfacts
0662166322206,openfacts
0662166550081,openfacts
0662166550166,openfacts
0662166550180,openfacts
0662166551002,openfacts
0662166551224,openfacts
0662166551323,openfacts
0662166551330,openfacts
0662166551354,openfacts
0662166551361,openfacts
0662166551446,item_master
0662166551552,openfacts
0662166551668,item_master
0662166551774,openfacts
0662166551880,item_master
0662166551996,openfacts
0662166552078,openfacts
0662166552085,openfacts
0662166552092,openfacts
0662166552108,openfacts
0662166552115,openfacts
0662166552122,openfacts
0662166553013,openfacts
0662166553020,openfacts
0662166553037,openfacts
0662166553075,openfacts
0662166557011,openfacts
0662166557028,openfacts
0662166557035,openfacts
0662166557042,openfacts
0662166557059,openfacts
0662166557141,openfacts
0662166557158,openfacts
0662166558315,openfacts
0662166558346,openfacts
0662166558353,openfacts
0662166558551,openfacts
0662166660063,openfacts
0662166660087,openfacts
0662166660100,openfacts
0662166660162,openfacts
0662166660186,openfacts
0662166661114,usda
0662166661237,usda
0662166661244,openfacts
0662166662111,usda
0662166663118,usda
0662166664115,usda
0662166665112,usda
0662166666119,openfacts
0662166666324,openfacts
0662166666447,usda
0662166666553,usda
0662166667017,openfacts
0662166667024,openfacts
0662166667031,openfacts
0662166668014,usda
0662166668021,usda
0662166668038,usda
0662166668069,usda
0662166668113,openfacts
0662166668137,openfacts
0662166669011,openfacts
0662166669028,usda
0662166669035,usda
0662166669110,openfacts
0662166669127,openfacts
0662166669134,openfacts
0662166669318,openfacts
0662166669349,openfacts
0662166669356,openfacts
0662166669417,openfacts
0662166669455,openfacts
0662166669554,openfacts
0662166770014,openfacts
0662169304315,openfacts
0662169324818,openfacts
0662173005062,openfacts
0662187020891,openfacts
0662187020914,openfacts
0662187571188,openfacts
0662187571195,openfacts
0662187769561,openfacts
0662187769578,usda
0662187769585,openfacts
0662187769592,openfacts
0662187769608,openfacts
0662187769615,openfacts
0662187770482,openfacts
0662187770925,openfacts
0662187771199,openfacts
0662187772981,openfacts
0662187773124,openfacts
0662225724347,openfacts
0662225724736,openfacts
0662225724743,openfacts
0662225890639,openfacts
0662225890677,openfacts
0662225916131,openfacts
0662225968147,item_master
0662225968192,item_master
0662225968208,item_master
0662225968215,item_master
0662225968239,item_master
0662225968246,item_master
0662225968253,item_master
0662225968260,item_master
0662225968277,item_master
0662241003327,openfacts
0662241009220,openfacts
0662242501808,openfacts
0662307735001,openfacts
0662312800237,openfacts
0662390797566,openfacts
0662411045881,openfacts
0662418504312,openfacts
0662418701742,openfacts
0662422080697,openfacts
0662422080918,openfacts
0662425011728,usda
0662425012114,openfacts
0662425012121,usda
0662425014149,openfacts
0662425018314,openfacts
0662425018321,openfacts
0662425021512,usda
0662425026821,usda
0662425030699,openfacts
0662425030705,usda
0662425030712,usda
0662425030736,usda
0662425030743,usda
0662425030750,usda
0662425030767,usda
0662425030774,usda
0662425031122,openfacts
0662425035823,usda
0662425035861,usda
0662425035922,usda
0662425035939,usda
0662425035946,usda
0662425035953,usda
0662425064861,openfacts
0662425071654,openfacts
0662425071685,usda
0662425071692,usda
0662425071722,usda
0662425071791,openfacts
0662425080793,openfacts
0662425080809,openfacts
0662425080816,usda
0662425080861,openfacts
0662425086511,openfacts
0662425086535,usda
0662425086542,openfacts
0662425086566,openfacts
0662425089109,usda
0662474000155,openfacts
0662476140606,openfacts
0662498001305,openfacts
0662535101951,openfacts
0662572019516,openfacts
0662572067012,openfacts
0662572067050,openfacts
0662572070012,openfacts
0662572070111,openfacts
0662572071118,openfacts
0662572106704,openfacts
0662572122735,openfacts
0662572122742,openfacts
0662572122865,openfacts
0662572124210,openfacts
0662572136831,openfacts
0662572221285,openfacts
0662572227218,openfacts
0662572228512,openfacts
0662572228529,openfacts
0662572228628,openfacts
0662572230522,openfacts
0662572231024,openfacts
0662572250414,openfacts
0662572302762,openfacts
0662572331700,openfacts
0662572331878,openfacts
0662572331960,openfacts
0662572332523,openfacts
0662572383679,openfacts
0662572390813,openfacts
0662572390820,openfacts
0662572395108,openfacts
0662572395764,openfacts
0662572395771,openfacts
0662572395894,openfacts
0662572421005,openfacts
0662572421012,openfacts
0662572451019,openfacts
0662572451149,openfacts
0662572451156,openfacts
0662572451163,openfacts
0662572451170,openfacts
0662572452405,openfacts
0662572452702,openfacts
0662572453273,openfacts
0662572471697,openfacts
0662572479570,openfacts
0662572505200,openfacts
0662572505217,openfacts
0662572505224,openfacts
0662572505231,openfacts
0662572517319,openfacts
0662572585196,openfacts
0662572586254,openfacts
0662572587305,openfacts
0662572587725,openfacts
0662572587756,openfacts
0662572608307,openfacts
0662572608604,openfacts
0662572609298,openfacts
0662572609809,openfacts
0662572609878,openfacts
0662572609977,openfacts
0662572609984,openfacts
0662572709622,openfacts
0662572709820,openfacts
0662572740625,openfacts
0662572840417,openfacts
0662572840424,openfacts
0662572851901,openfacts
0662572903501,openfacts
0662572953612,openfacts
0662572954121,openfacts
0662572955623,openfacts
0662572955920,openfacts
0662572955937,openfacts
0662572956729,openfacts
0662572956927,openfacts
0662572957016,openfacts
0662572957023,openfacts
0662572957115,openfacts
0662572957122,openfacts
0662572958020,openfacts
0662572958211,openfacts
0662572958815,openfacts
0662572958914,openfacts
0662578823568,usda
0662578823582,openfacts
0662578823599,openfacts
0662578823605,openfacts
0662578823643,openfacts
0662578823650,usda
0662578823681,usda
0662578823711,openfacts
0662578912729,usda
0662578980148,usda
0662593637249,openfacts
0662595137006,openfacts
0662602307279,openfacts
0662652859612,openfacts
0662696462618,openfacts
0662698597073,item_master
0662698597097,item_master
0662712050409,usda
0662712050416,usda
0662712226279,openfacts
0662802062039,openfacts
0662811441535,openfacts
0662825012042,openfacts
0662825081765,openfacts
0662825217881,openfacts
0662825221079,openfacts
0662825222168,openfacts
0662834501155,openfacts
0662834501711,openfacts
0662834502046,openfacts
0662834503593,openfacts
0662834509670,openfacts
0662858109610,openfacts
0662909341006,openfacts
0662940070040,openfacts
0662943101161,openfacts
0662969000110,openfacts
0662987846103,openfacts
0662987853934,openfacts
0662987853958,openfacts
0662987853965,openfacts
0662987853972,openfacts
0662987853989,openfacts
0662987853996,openfacts
0662987854009,openfacts
0662987854016,openfacts
0663010042905,openfacts
0663020058651,openfacts
0663027660413,openfacts
0663048007723,openfacts
0663074581631,openfacts
0663140493561,openfacts
0663146800738,openfacts
0663146800745,openfacts
0663146801094,openfacts
0663151947688,openfacts
0663151986762,openfacts
0663175030069,openfacts
0663175030076,openfacts
0663175030090,openfacts
0663175033534,openfacts
0663175035415,openfacts
0663175036689,openfacts
0663175050104,openfacts
0663175050111,openfacts
0663175050319,openfacts
0663175050647,openfacts
0663175050951,openfacts
0663175051712,openfacts
0663175051729,openfacts
0663175051774,openfacts
0663175051781,openfacts
0663175260015,openfacts
0663175698832,openfacts
0663175698849,openfacts
0663175698863,openfacts
0663175698894,openfacts
0663175698924,openfacts
0663175698931,openfacts
0663175698948,openfacts
0663185791516,item_master
0663185791547,item_master
0663185791554,item_master
0663185791578,item_master
0663185791585,item_master
0663185791592,item_master
0663185791608,item_master
0663185791684,item_master
0663185791714,item_master
0663185791721,item_master
0663185791738,item_master
0663185791844,item_master
0663185791851,item_master
0663185791905,item_master
0663198000094,usda
0663199133012,openfacts
0663199133197,openfacts
0663199133203,openfacts
0663199134194,openfacts
0663199134507,openfacts
0663199134774,openfacts
0663199151221,openfacts
0663199151559,openfacts
0663199160032,item_master
0663199160056,item_master
0663199160087,item_master
0663199160117,item_master
0663199160223,item_master
0663199162975,openfacts
0663199163279,openfacts
0663199163286,openfacts
0663199163316,openfacts
0663199163392,openfacts
0663199163408,openfacts
0663199163491,openfacts
0663199178402,openfacts
0663199178655,openfacts
0663199178808,openfacts
0663199179638,openfacts
0663199199179,openfacts
0663200005017,openfacts
0663200039401,openfacts
0663204210257,openfacts
0663204210516,openfacts
0663204241602,openfacts
0663204352902,openfacts
0663205257701,openfacts
0663209020585,usda
0663209020615,usda
0663209110750,usda
0663209113300,usda
0663209113430,usda
0663209113454,openfacts
0663209113461,openfacts
0663209114031,openfacts
0663209114048,openfacts
0663209114055,openfacts
0663209132004,usda
0663209132011,usda
0663209132028,usda
0663209140641,usda
0663209140658,usda
0663213000078,openfacts
0663221003498,openfacts
0663221031071,openfacts
0663221102313,openfacts
0663221102566,openfacts
0663221102719,openfacts
0663221102733,openfacts
0663221102740,openfacts
0663221102757,openfacts
0663221104102,openfacts
0663221104157,openfacts
0663221108988,openfacts
0663221124711,openfacts
0663221124964,openfacts
0663221129754,openfacts
0663221129761,openfacts
0663221130002,openfacts
0663221132204,openfacts
0663221136899,openfacts
0663221136936,openfacts
0663221137704,openfacts
0663221149998,openfacts
0663222255841,openfacts
0663234000903,openfacts
0663234001429,item_master
0663234007568,openfacts
0663234009012,openfacts
0663234009036,openfacts
0663234009067,openfacts
0663234009081,openfacts
0663234009098,openfacts
0663234009142,openfacts
0663234014214,item_master
0663234014665,item_master
0663234065193,item_master
0663234071538,item_master
0663234071545,item_master
0663234071576,item_master
0663234071583,item_master
0663234071637,item_master
0663234077004,item_master
0663234077011,item_master
0663234077028,item_master
0663234077035,item_master
0663234077042,item_master
0663234077066,item_master
0663234077097,item_master
0663234078650,openfacts
0663234096913,item_master
0663234096920,item_master
0663234097057,item_master
0663234097064,item_master
0663234097071,item_master
0663234097088,item_master
0663234097095,item_master
0663234097101,item_master
0663234097224,item_master
0663234097231,item_master
0663239201701,openfacts
0663239224328,openfacts
0663250179423,item_master
0663250179447,item_master
0663250179461,item_master
0663250179485,item_master
0663250179492,item_master
0663250179607,item_master
0663250179867,item_master
0663250179874,item_master
0663250179904,item_master
0663250180078,item_master
0663250180146,item_master
0663250180269,item_master
0663250222181,openfacts
0663250999977,openfacts
0663259003071,openfacts
0663293109579,item_master
0663296423559,openfacts
0663300012236,item_master
0663333918901,openfacts
0663333931474,openfacts
0663333943927,openfacts
0663350050530,item_master
0663350052367,item_master
0663350053630,item_master
0663350053647,item_master
0663350054590,item_master
0663350054606,item_master
0663350054644,openfacts
0663350054699,item_master
0663350054729,item_master
0663350054880,item_master
0663350054941,item_master
0663350055443,openfacts
0663350055559,item_master
0663350055573,item_master
0663350055856,item_master
0663350057027,item_master
0663350057317,item_master
0663350057324,item_master
0663350058215,item_master
0663350058291,item_master
0663350059472,openfacts
0663350059496,item_master
0663350061529,item_master
0663350062854,openfacts
0663350063424,item_master
0663350065558,openfacts
0663350065664,item_master
0663350065893,item_master
0663350096361,item_master
0663350096385,item_master
0663350421057,openfacts
0663353000051,usda
0663364000095,openfacts
0663368002101,openfacts
0663420179451,openfacts
0663447128173,openfacts
0663447178178,openfacts
0663447217174,openfacts
0663447217907,openfacts
0663447227302,openfacts
0663447227906,openfacts
0663447357177,openfacts
0663447608217,openfacts
0663447608224,openfacts
0663447608231,openfacts
0663447608248,openfacts
0663447608255,openfacts
0663447608262,openfacts
0663447608323,openfacts
0663447608330,openfacts
0663447608347,openfacts
0663447608354,openfacts
0663447608491,openfacts
0663447608507,openfacts
0663447608521,openfacts
0663447608651,openfacts
0663447608712,openfacts
0663447608842,openfacts
0663447608880,openfacts
0663447608934,openfacts
0663447609061,openfacts
0663447609207,openfacts
0663447609214,openfacts
0663447609290,openfacts
0663447609399,openfacts
0663447609429,openfacts
0663447717902,openfacts
0663448000386,openfacts
0663448000409,item_master
0663448000980,item_master
0663448001413,item_master
0663448001505,openfacts
0663448001727,openfacts
0663448001741,openfacts
0663448001765,openfacts
0663448002694,openfacts
0663452395102,item_master
0663480931228,openfacts
0663492140021,openfacts
0663492140038,openfacts
0663492140045,openfacts
0663492140069,openfacts
0663492140090,openfacts
0663492140106,openfacts
0663492140618,openfacts
0663492150136,openfacts
0663493004414,openfacts
0663496336239,openfacts
0663497174038,openfacts
0663497174069,usda
0663505000212,openfacts
0663505000328,openfacts
0663505002063,openfacts
0663505002148,openfacts
0663505991374,openfacts
0663550001165,usda
0663550001172,openfacts
0663550001189,openfacts
0663550001196,openfacts
0663550456781,openfacts
0663565000160,openfacts
0663567000038,openfacts
0663567000236,openfacts
0663567002476,openfacts
0663567007730,openfacts
0663567008744,openfacts
0663590620265,openfacts
0663593498656,usda
0663593498687,usda
0663593498694,usda
0663593498724,usda
0663593498731,usda
0663593498809,usda
0663593498861,usda
0663593498878,usda
0663593498885,usda
0663593498892,usda
0663593498946,usda
0663593498953,usda
0663603140575,openfacts
0663603140599,usda
0663603140605,usda
0663603140612,openfacts
0663603140902,openfacts
0663603151014,usda
0663603151113,usda
0663603400365,usda
0663603400372,usda
0663603400501,usda
0663608123450,openfacts
0663608123603,openfacts
0663608165917,openfacts
0663608254833,openfacts
0663635000168,openfacts
0663635000311,openfacts
0663635000328,openfacts
0663635000342,openfacts
0663635001226,openfacts
0663635002063,openfacts
0663646424311,openfacts
0663646448317,openfacts
0663646458316,openfacts
0663647865311,item_master
0663690024048,openfacts
0663701270402,usda
0663701270419,usda
0663701270426,usda
0663701270433,openfacts
0663701270457,usda
0663701270518,openfacts
0663701270648,openfacts
0663701274905,openfacts
0663701275377,openfacts
0663701276565,openfacts
0663701277036,openfacts
0663701279160,openfacts
0663701864168,openfacts
0663701864502,openfacts
0663701881622,openfacts
0663701886726,openfacts
0663701896091,openfacts
0663711672654,openfacts
0663736000647,openfacts
0663773000013,openfacts
0663773000051,openfacts
0663780022015,openfacts
0663780030515,openfacts
0663780042013,openfacts
0663780052012,openfacts
0663780062011,openfacts
0663780072010,openfacts
0663780100010,openfacts
0663780100027,openfacts
0663780100034,openfacts
0663780100041,openfacts
0663780100058,openfacts
0663780522010,openfacts
0663780532019,openfacts
0663780542018,openfacts
0663780552017,openfacts
0663780562016,openfacts
0663780572015,openfacts
0663783600012,usda
0663812200084,openfacts
0663836000028,openfacts
0663836000219,openfacts
0663836000264,openfacts
0663836000301,openfacts
0663836000394,openfacts
0663836000424,usda
0663836000684,usda
0663836000752,openfacts
0663836000806,usda
0663836000936,openfacts
0663836001087,usda
0663836001131,openfacts
0663836001162,usda
0663836001193,usda
0663836001278,openfacts
0663836001308,usda
0663836001520,openfacts
0663836010454,openfacts
0663836010478,usda
0663836010836,usda
0663836011215,openfacts
0663836011369,usda
0663836011383,usda
0663866015207,openfacts
0663869281210,openfacts
0663899249839,openfacts
0663899547294,openfacts
0663912125232,openfacts
0663925101032,openfacts
0663925101049,openfacts
0663925101056,openfacts
0663925101124,openfacts
0663925101131,openfacts
0663925101216,openfacts
0663925101339,openfacts
0663925101476,openfacts
0663925301012,openfacts
0663935100322,openfacts
0663936772207,openfacts
0663936772214,usda
0663936772221,openfacts
0663936772238,usda
0663936772245,openfacts
0663936772252,openfacts
0663936772269,openfacts
0663936772399,openfacts
0663936773099,usda
0663936773105,openfacts
0663936773129,usda
0663936773150,openfacts
0663936773174,openfacts
0663936773198,openfacts
0663936773228,openfacts
0663936773235,openfacts
0663936773259,openfacts
0663936773396,openfacts
0663936773617,openfacts
0663936773860,openfacts
0663936773884,openfacts
0663936773891,openfacts
0663936773907,openfacts
0663936773983,openfacts
0663936774041,openfacts
0663936774140,openfacts
0663936774157,openfacts
0663936774171,openfacts
0663936774195,openfacts
0663936774225,openfacts
0663936774249,openfacts
0663936774423,openfacts
0663936774850,openfacts
0663936774867,openfacts
0663936774874,openfacts
0663936774881,openfacts
0663936775253,openfacts
0663936775420,openfacts
0663936775451,openfacts
0663936775550,openfacts
0663936775567,openfacts
0663936775628,openfacts
0663936775635,openfacts
0663936775697,openfacts
0663936775727,openfacts
0663936775734,openfacts
0663936775765,openfacts
0663936775789,openfacts
0663936775796,openfacts
0663936775895,openfacts
0663936775949,openfacts
0663936776007,openfacts
0663936776014,openfacts
0663936776076,openfacts
0663936776175,openfacts
0663936776267,openfacts
0663936776274,openfacts
0663936776281,openfacts
0663936776427,openfacts
0663936776434,openfacts
0663936776441,openfacts
0663936776502,openfacts
0663936776748,openfacts
0663961039207,item_master
0663961039283,item_master
0663961039344,item_master
0663961039405,item_master
0663961041552,item_master
0663961041668,item_master
0663961041729,item_master
0663961044768,item_master
0663961044836,item_master
0663961044928,item_master
0663961044997,item_master
0663961045062,item_master
0663961046083,item_master
0663961046151,item_master
0663961047240,item_master
0663961048223,item_master
0663961048292,item_master
0663963002698,openfacts
0663963221044,openfacts
0663963233443,openfacts
0663992635577,openfacts
0663992831368,openfacts
0663992847390,item_master
0664000404130,openfacts
0664003080393,openfacts
0664003101081,openfacts
0664003301023,openfacts
0664003541054,openfacts
0664003541061,openfacts
0664005503562,openfacts
0664019726773,openfacts
0664023000128,openfacts
0664023000135,openfacts
0664023000234,openfacts
0664023009749,openfacts
0664023011070,openfacts
0664023012411,openfacts
0664028002127,openfacts
0664030000418,openfacts
0664043648218,openfacts
0664054001132,usda
0664054001149,usda
0664054001163,openfacts
0664054001170,usda
0664054001194,openfacts
0664054001200,usda
0664054001330,openfacts
0664054001453,openfacts
0664054002047,usda
0664054002078,usda
0664054005703,usda
0664054005727,usda
0664054005741,openfacts
0664054005765,usda
0664054007158,openfacts
0664054007165,openfacts
0664054007172,openfacts
0664056003509,usda
0664056003516,usda
0664056003530,usda
0664056040405,openfacts
0664056089206,openfacts
0664056485862,openfacts
0664056714016,openfacts
0664064148537,openfacts
0664075263168,openfacts
0664080330534,openfacts
0664085600847,openfacts
0664086101008,openfacts
0664086109103,openfacts
0664086402105,openfacts
0664086453008,openfacts
0664086812904,openfacts
0664090125175,openfacts
0664092993789,openfacts
0664109096120,openfacts
0664109096144,openfacts
0664109096151,openfacts
0664114100096,openfacts
0664114378785,openfacts
0664114422433,usda
0664114499923,openfacts
0664114606017,openfacts
0664114909019,usda
0664114909026,usda
0664114909040,usda
0664114950073,openfacts
0664114950318,openfacts
0664114952312,openfacts
0664114954071,openfacts
0664132095633,openfacts
0664137273463,openfacts
0664140018242,openfacts
0664146100033,openfacts
0664150060064,usda
0664150060071,openfacts
0664150060095,usda
0664150060101,usda
0664150060118,usda
0664150060125,usda
0664150060132,openfacts
0664150060149,openfacts
0664150060156,usda
0664150060163,usda
0664150070254,usda
0664150070261,usda
0664150070278,usda
0664150080208,usda
0664150080215,usda
0664150080222,usda
0664150080260,usda
0664150080277,openfacts
0664150080284,usda
0664150080291,usda
0664150080307,usda
0664150080314,usda
0664150080321,usda
0664150080376,usda
0664150080390,openfacts
0664150080406,openfacts
0664150080413,openfacts
0664150120188,openfacts
0664150120201,usda
0664150150215,openfacts
0664150150451,openfacts
0664150151052,openfacts
0664150151083,openfacts
0664150151090,usda
0664150151199,openfacts
0664150151281,usda
0664150151540,usda
0664150151601,openfacts
0664150151618,openfacts
0664150151663,openfacts
0664150151731,usda
0664150151823,usda
0664150151830,usda
0664150151854,usda
0664150151960,openfacts
0664150152035,usda
0664150152042,usda
0664150152103,usda
0664150152134,usda
0664150152196,usda
0664150152202,usda
0664150152219,usda
0664150152226,usda
0664150152301,usda
0664150152325,usda
0664150152400,usda
0664150152417,usda
0664150152424,usda
0664150152462,usda
0664150152547,openfacts
0664150160009,usda
0664150240039,openfacts
0664150250106,usda
0664150250113,usda
0664150250120,usda
0664150250137,usda
0664150250144,usda
0664150250151,usda
0664150250168,usda
0664150250175,usda
0664150250182,usda
0664150250199,usda
0664150250212,usda
0664150250229,usda
0664150250571,usda
0664150250588,usda
0664150250625,usda
0664150250632,usda
0664150250649,usda
0664150250656,usda
0664150250663,usda
0664150250670,usda
0664150250694,usda
0664150250700,usda
0664150250717,usda
0664150250731,usda
0664150250748,usda
0664150250755,usda
0664150250786,openfacts
0664150250816,openfacts
0664150260174,usda
0664150260181,usda
0664150260198,usda
0664150260204,usda
0664150260211,usda
0664150270005,usda
0664150270012,usda
0664150270029,usda
0664150270036,usda
0664150270050,usda
0664150270067,openfacts
0664150270074,usda
0664150270098,usda
0664150290010,usda
0664150290027,usda
0664150290065,openfacts
0664150290089,usda
0664150290096,usda
0664150290119,usda
0664150290126,usda
0664150290133,usda
0664150290232,usda
0664150290287,usda
0664150290294,usda
0664150290300,usda
0664150290317,usda
0664150290324,usda
0664150290393,usda
0664150290409,usda
0664150290416,usda
0664150290430,usda
0664150290447,usda
0664150290454,usda
0664150290461,openfacts
0664150290478,usda
0664150290485,usda
0664150290515,usda
0664150290539,usda
0664150290553,usda
0664150290638,usda
0664150290744,openfacts
0664150290799,openfacts
0664150290805,openfacts
0664150290812,openfacts
0664150290904,usda
0664150290935,usda
0664150290973,usda
0664150291017,usda
0664150291062,usda
0664150291116,usda
0664150291130,usda
0664150291154,usda
0664150291222,usda
0664150291253,usda
0664150291277,usda
0664150291291,usda
0664150291314,usda
0664150291321,usda
0664150291338,usda
0664150291352,usda
0664150291369,usda
0664150291376,usda
0664150291383,usda
0664150291390,openfacts
0664150291406,usda
0664150291413,usda
0664150291437,usda
0664150291444,usda
0664150291451,usda
0664150291475,openfacts
0664150291482,usda
0664150291505,usda
0664150291512,usda
0664150291734,usda
0664150291789,usda
0664150291802,usda
0664150291819,usda
0664150292137,usda
0664150292144,usda
0664150292151,usda
0664150292311,usda
0664150292328,usda
0664150292335,usda
0664150292366,usda
0664150292373,usda
0664150292380,usda
0664150292397,usda
0664150292465,usda
0664150292489,openfacts
0664150292496,usda
0664150292502,openfacts
0664150292533,usda
0664150292557,usda
0664150292564,usda
0664150292588,usda
0664150292595,usda
0664150292700,usda
0664150292717,usda
0664150292748,usda
0664150292755,usda
0664150292823,openfacts
0664150292953,openfacts
0664150292960,openfacts
0664150910383,usda
0664155000195,openfacts
0664155001352,openfacts
0664155001543,openfacts
0664158357951,openfacts
0664158358965,openfacts
0664158365901,openfacts
0664158365963,openfacts
0664158710053,openfacts
0664158710916,usda
0664158710954,openfacts
0664158711807,openfacts
0664158711869,openfacts
0664158713962,openfacts
0664158714969,openfacts
0664158720861,openfacts
0664158721868,openfacts
0664158721950,openfacts
0664158725866,openfacts
0664158727853,openfacts
0664158728850,openfacts
0664158731867,openfacts
0664158733816,openfacts
0664158739818,openfacts
0664158910811,openfacts
0664158912815,openfacts
0664158920803,openfacts
0664158960809,openfacts
0664164100008,openfacts
0664164100084,openfacts
0664164100091,openfacts
0664164100107,openfacts
0664164100114,openfacts
0664164100152,openfacts
0664164100169,openfacts
0664164100176,openfacts
0664164100251,openfacts
0664164100275,openfacts
0664164100299,openfacts
0664164100329,openfacts
0664164100343,openfacts
0664164100411,openfacts
0664164100442,openfacts
0664164100510,openfacts
0664164100527,openfacts
0664164100572,openfacts
0664164100619,openfacts
0664164100626,openfacts
0664164100633,openfacts
0664164100640,openfacts
0664164100657,openfacts
0664164100671,openfacts
0664164100718,openfacts
0664164100732,openfacts
0664164100770,openfacts
0664164100848,openfacts
0664164100855,openfacts
0664164100879,openfacts
0664164101005,openfacts
0664164101012,openfacts
0664164101418,usda
0664164101524,openfacts
0664164101531,usda
0664164101555,usda
0664164101562,usda
0664164101739,usda
0664164101838,usda
0664164101845,usda
0664164101852,usda
0664164101876,usda
0664164101883,usda
0664164101937,openfacts
0664164101968,usda
0664164101975,usda
0664164101982,openfacts
0664164102064,openfacts
0664164102088,openfacts
0664164102095,openfacts
0664164102118,openfacts
0664164102149,openfacts
0664164102712,openfacts
0664164102743,openfacts
0664164102880,usda
0664164102897,usda
0664164102903,usda
0664164102910,usda
0664164102958,openfacts
0664164104099,openfacts
0664164104105,openfacts
0664164104112,usda
0664164104174,usda
0664164104198,usda
0664164105065,openfacts
0664164105072,openfacts
0664164105133,openfacts
0664164105317,openfacts
0664164105348,openfacts
0664164105393,openfacts
0664164105669,openfacts
0664164105676,openfacts
0664164105713,openfacts
0664164105768,openfacts
0664164105782,openfacts
0664164105904,openfacts
0664164105973,openfacts
0664164106109,openfacts
0664164107885,openfacts
0664164108882,openfacts
0664164110083,openfacts
0664164111004,openfacts
0664164114098,openfacts
0664164130012,openfacts
0664164130036,openfacts
0664164130043,openfacts
0664164130050,openfacts
0664164130081,openfacts
0664164130111,usda
0664164130135,usda
0664164130142,usda
0664164130159,openfacts
0664164130166,openfacts
0664164130302,openfacts
0664164130319,openfacts
0664164130357,openfacts
0664164130449,openfacts
0664164130500,openfacts
0664164130517,openfacts
0664164130609,openfacts
0664164130616,openfacts
0664164131002,openfacts
0664164131019,openfacts
0664164131026,openfacts
0664164131040,openfacts
0664164131057,openfacts
0664164131507,openfacts
0664164131514,openfacts
0664164131538,openfacts
0664164131545,openfacts
0664164131552,openfacts
0664164131590,openfacts
0664164131606,openfacts
0664164132146,openfacts
0664164133006,openfacts
0664164154964,openfacts
0664164213012,openfacts
0664164271982,openfacts
0664166000085,openfacts
0664166000108,openfacts
0664166000115,openfacts
0664166000139,openfacts
0664166000146,openfacts
0664166000306,openfacts
0664166000474,openfacts
0664166000535,openfacts
0664166000559,openfacts
0664166000566,openfacts
0664166000597,openfacts
0664166000818,openfacts
0664166000825,openfacts
0664166000917,openfacts
0664166000993,openfacts
0664166001082,openfacts
0664166001129,openfacts
0664166001181,openfacts
0664166008005,openfacts
0664166008050,openfacts
0664166008876,openfacts
0664166009156,openfacts
0664166009170,openfacts
0664166009187,openfacts
0664166009309,openfacts
0664166009446,openfacts
0664166013009,openfacts
0664166013153,openfacts
0664166013306,openfacts
0664166030808,openfacts
0664166031331,openfacts
0664166032444,openfacts
0664166032635,openfacts
0664166042030,openfacts
0664166042351,openfacts
0664166042436,openfacts
0664166042900,openfacts
0664166043327,openfacts
0664166043372,openfacts
0664166043396,openfacts
0664166043501,openfacts
0664166043716,openfacts
0664166044034,openfacts
0664166044119,openfacts
0664166044126,openfacts
0664166044133,openfacts
0664166044478,openfacts
0664166044485,openfacts
0664166045864,openfacts
0664166046755,openfacts
0664166046779,openfacts
0664166046793,openfacts
0664166047059,openfacts
0664166047066,openfacts
0664166047332,openfacts
0664166047455,openfacts
0664166047462,openfacts
0664166047738,openfacts
0664166047745,openfacts
0664166047912,openfacts
0664166047974,openfacts
0664166047981,openfacts
0664166048803,openfacts
0664166048810,openfacts
0664166048896,openfacts
0664166048902,openfacts
0664166049978,openfacts
0664166050455,openfacts
0664166051186,openfacts
0664166051582,openfacts
0664166051919,openfacts
0664166052008,openfacts
0664166053142,openfacts
0664166053173,openfacts
0664166053227,openfacts
0664166101188,openfacts
0664168794098,openfacts
0664177000029,openfacts
0664177000036,openfacts
0664177000098,openfacts
0664177000203,openfacts
0664177000265,openfacts
0664177000272,openfacts
0664183000297,usda
0664183000617,openfacts
0664183003533,openfacts
0664183003755,openfacts
0664183004424,openfacts
0664183004431,usda
0664183005346,usda
0664183005353,usda
0664183005537,usda
0664183053767,openfacts
0664183054924,usda
0664183056430,openfacts
0664183056447,usda
0664183056454,usda
0664183056638,openfacts
0664183058847,openfacts
0664183061502,openfacts
0664183061830,openfacts
0664183061915,openfacts
0664183061939,usda
0664183063018,openfacts
0664183065654,openfacts
0664183066545,openfacts
0664183066941,openfacts
0664183067672,openfacts
0664183067757,openfacts
0664185008000,openfacts
0664186397448,openfacts
0664204190518,openfacts
0664204190556,openfacts
0664213431503,openfacts
0664213656180,openfacts
0664222056728,openfacts
0664238252510,openfacts
0664238252565,openfacts
0664253099589,openfacts
0664275117339,openfacts
0664310989174,openfacts
0664314473358,openfacts
0664315000034,usda
0664315000126,openfacts
0664315555121,usda
0664315555558,usda
0664315555589,openfacts
0664317000025,openfacts
0664317000032,openfacts
0664317000049,openfacts
0664317000056,openfacts
0664317000063,openfacts
0664317000124,openfacts
0664317000254,openfacts
0664317000537,openfacts
0664319100037,openfacts
0664319300000,openfacts
0664319500004,openfacts
0664319500066,openfacts
0664322105074,openfacts
0664326100211,openfacts
0664326101072,openfacts
0664339509131,openfacts
0664343039303,openfacts
0664352352875,usda
0664372600017,usda
0664372600024,usda
0664372600048,usda
0664372600055,usda
0664372600062,usda
0664372600079,usda
0664372600086,usda
0664372600215,usda
0664372600222,openfacts
0664381125518,usda
0664383032036,usda
0664383032104,usda
0664383196981,openfacts
0664383197353,openfacts
0664400917858,openfacts
0664400919302,openfacts
0664400949507,openfacts
0664417833332,openfacts
0664418000108,openfacts
0664419001623,openfacts
0664426140063,openfacts
0664440040608,openfacts
0664441500064,openfacts
0664444800253,openfacts
0664450053858,openfacts
0664451031107,openfacts
0664452096686,openfacts
0664452502750,openfacts
0664482054670,openfacts
0664482069339,openfacts
0664482079444,openfacts
0664509503211,openfacts
0664512054199,openfacts
0664512081089,openfacts
0664512086275,openfacts
0664512502928,openfacts
0664517022865,openfacts
0664529050320,openfacts
0664533287392,openfacts
0664541000013,usda
0664541000020,openfacts
0664541000037,usda
0664541000068,openfacts
0664541000082,usda
0664541000099,usda
0664543004859,openfacts
0664543081898,openfacts
0664543081935,openfacts
0664543081980,openfacts
0664554634007,openfacts
0664554634038,openfacts
0664554643979,openfacts
0664559100408,openfacts
0664563630540,openfacts
0664571454053,openfacts
0664590258083,openfacts
0664596530237,openfacts
0664602872856,openfacts
0664633769286,openfacts
0664636526428,usda
0664636526510,usda
0664636526718,usda
0664636526893,usda
0664636726040,usda
0664636726224,usda
0664636826306,usda
0664642120283,openfacts
0664642131128,openfacts
0664648031873,openfacts
0664648120058,openfacts
0664648120089,openfacts
0664648120119,openfacts
0664648120157,openfacts
0664648120256,openfacts
0664648120393,openfacts
0664648120447,openfacts
0664648120492,openfacts
0664648120539,openfacts
0664648121116,openfacts
0664648220017,openfacts
0664648220024,openfacts
0664648220048,openfacts
0664648220055,openfacts
0664648220062,openfacts
0664648220185,openfacts
0664648220208,openfacts
0664648220277,openfacts
0664648220697,openfacts
0664648220703,openfacts
0664648220710,openfacts
0664648220833,openfacts
0664648220840,openfacts
0664648220864,openfacts
0664648221007,openfacts
0664648221014,openfacts
0664648221069,openfacts
0664648221106,openfacts
0664648221625,openfacts
0664648221663,openfacts
0664648221694,openfacts
0664648221700,openfacts
0664648221717,openfacts
0664648221731,openfacts
0664648221793,openfacts
0664648320137,openfacts
0664648320199,openfacts
0664648320427,openfacts
0664648320465,openfacts
0664648320809,openfacts
0664648420196,openfacts
0664648510286,openfacts
0664648510309,openfacts
0664648511016,openfacts
0664648511030,openfacts
0664648511108,openfacts
0664648511115,openfacts
0664648511139,openfacts
0664648512075,openfacts
0664648512181,openfacts
0664648512235,openfacts
0664648514017,openfacts
0664648620015,openfacts
0664648720043,openfacts
0664648720180,openfacts
0664648720661,openfacts
0664648729039,openfacts
0664648729190,openfacts
0664648729244,openfacts
0664648729251,openfacts
0664648729299,openfacts
0664648822471,openfacts
0664659164478,openfacts
0664667000300,openfacts
0664667000409,openfacts
0664667001383,openfacts
0664667001659,openfacts
0664667051531,openfacts
0664667052019,openfacts
0664667052026,openfacts
0664667067136,openfacts
0664667067389,openfacts
0664667070105,openfacts
0664667071522,openfacts
0664667086151,openfacts
0664667089770,openfacts
0664667089909,openfacts
0664667126031,usda
0664667126536,usda
0664667184833,usda
0664667185335,usda
0664694727836,openfacts
0664697017774,usda
0664697096809,openfacts
0664697096830,openfacts
0664697113438,openfacts
0664697115678,openfacts
0664697657451,openfacts
0664697657482,openfacts
0664697657505,openfacts
0664697657598,openfacts
0664697657604,openfacts
0664711331534,openfacts
0664728441448,openfacts
0664732001133,openfacts
0664732001614,openfacts
0664732001621,openfacts
0664732001744,openfacts
0664732001799,openfacts
0664732002215,openfacts
0664732002314,openfacts
0664732003182,openfacts
0664732003885,openfacts
0664732003922,openfacts
0664732003946,openfacts
0664732004028,openfacts
0664732004127,openfacts
0664732004233,openfacts
0664732005377,openfacts
0664732006640,openfacts
0664732006664,openfacts
0664732006886,openfacts
0664732007777,openfacts
0664732008514,openfacts
0664732009375,openfacts
0664732009412,openfacts
0664735600036,openfacts
0664756002109,openfacts
0664763544395,usda
0664763544609,usda
0664763544616,usda
0664775973046,openfacts
0664775973251,usda
0664775974265,openfacts
0664781509024,openfacts
0664781700001,openfacts
0664781800022,openfacts
0664781800091,openfacts
0664781801029,openfacts
0664781801050,openfacts
0664781801067,openfacts
0664789042004,openfacts
0664789051990,openfacts
0664789131951,openfacts
0664789234560,openfacts
0664789242817,openfacts
0664789242824,openfacts
0664789245689,openfacts
0664789435684,openfacts
0664789795627,openfacts
0664792354668,openfacts
0664804000378,openfacts
0664804000446,openfacts
0664804000590,openfacts
0664804000934,openfacts
0664804001351,openfacts
0664828000293,openfacts
0664828001337,openfacts
0664829233713,openfacts
0664850246256,openfacts
0664850300637,usda
0664850300682,usda
0664850300712,usda
0664850300729,usda
0664853201511,openfacts
0664853201825,openfacts
0664857101725,openfacts
0664857108441,openfacts
0664857113193,usda
0664857113209,usda
0664857113216,usda
0664857123079,openfacts
0664857123161,openfacts
0664857126803,usda
0664857126810,openfacts
0664857128654,usda
0664857135126,usda
0664857135393,usda
0664857135997,usda
0664857136178,usda
0664857137489,usda
0664857137502,usda
0664857137892,usda
0664857138042,openfacts
0664857140168,usda
0664857141547,openfacts
0664857143954,openfacts
0664857144975,usda
0664857550004,openfacts
0664857993016,openfacts
0664890111200,openfacts
0664898157590,openfacts
0664898270138,openfacts
0664905874113,openfacts
0664918671020,openfacts
0664918671075,openfacts
0664918671082,openfacts
0664918671136,openfacts
0664918706180,openfacts
0664918706197,openfacts
0664918706203,openfacts
0664918706258,openfacts
0664918761554,openfacts
0664918888220,item_master
0664918888343,item_master
0664918888350,item_master
0664918888367,item_master
0664918888374,item_master
0664918888381,item_master
0664918888398,item_master
0664918888404,item_master
0664918888411,item_master
0664918888428,item_master
0664918888497,item_master
0664918888503,item_master
0664918891909,openfacts
0664918892029,openfacts
0664918892111,openfacts
0664918892135,openfacts
0664918892265,openfacts
0664918892555,openfacts
0664930650751,openfacts
0664933386435,openfacts
0664934789860,openfacts
0664945201870,openfacts
0664945201887,openfacts
0664950286039,openfacts
0664962011179,openfacts
0664962012015,openfacts
0664965389763,openfacts
0664979564385,openfacts
0664980330535,openfacts
0664985010074,openfacts
0664987000011,openfacts
0664989605160,openfacts
0664989605207,openfacts
0664989605405,openfacts
0664989605412,openfacts
0664989605474,openfacts
0664989605511,openfacts
0664989605559,openfacts
0664989606136,openfacts
0664989606167,openfacts
0664989606181,openfacts
0664989606198,openfacts
0664989606204,openfacts
0664989606266,openfacts
0664989606280,openfacts
0664989606372,openfacts
0664989606549,openfacts
0664989606747,openfacts
0664989606877,openfacts
0664989606884,openfacts
0664989607928,openfacts
0664989607966,openfacts
0664989607980,openfacts
0664989608017,openfacts
0664989608024,openfacts
0664989608086,openfacts
0664989608161,openfacts
0664989608178,openfacts
0664989608185,openfacts
0664989608192,openfacts
0664989608239,openfacts
0664989608338,openfacts
0664989608642,openfacts
0664989608758,openfacts
0664989608772,openfacts
0664989608819,openfacts
0664989608888,openfacts
0664989608918,openfacts
0664989609090,openfacts
0664989609106,openfacts
0664989609113,openfacts
0664989609120,openfacts
0664989609144,openfacts
0664989609625,openfacts
0664989609656,openfacts
0664989609663,openfacts
0664989609670,openfacts
0664989609687,openfacts
0664989609717,openfacts
0664989609724,openfacts
0664989609755,openfacts
0664989609762,openfacts
0664989609779,openfacts
0664989609793,openfacts
0664989609809,openfacts
0664989609816,openfacts
0664989609830,openfacts
0664989609847,openfacts
0664989609854,openfacts
0664989609861,openfacts
0664989609885,openfacts
0664989609892,openfacts
0664989609908,openfacts
0664989609922,openfacts
0664989609939,openfacts
0664989609946,openfacts
0664989609953,openfacts
0664989609960,openfacts
0664989609977,openfacts
0664989609991,openfacts
0664989610072,openfacts
0664989616296,openfacts
0664989616319,openfacts
0664989616340,openfacts
0664989616524,openfacts
0664989616531,openfacts
0664989616548,openfacts
0664989616579,openfacts
0664989616586,openfacts
0664989616609,openfacts
0664989616654,openfacts
0664989616722,openfacts
0664989616746,openfacts
0664989616784,openfacts
0664989616791,openfacts
0664989616807,openfacts
0664989616821,openfacts
0664989616838,openfacts
0664989616937,openfacts
0664989616944,openfacts
0664989616968,openfacts
0664989616982,openfacts
0664989617002,openfacts
0664989617088,openfacts
0664989617095,openfacts
0664989617149,openfacts
0664989617187,openfacts
0664989617200,openfacts
0664989617231,openfacts
0664989617323,openfacts
0664989617330,openfacts
0664989617347,openfacts
0664989617354,openfacts
0664989617385,openfacts
0664989617415,openfacts
0664989617422,openfacts
0664989617460,openfacts
0664989617484,openfacts
0664989629999,openfacts
0664989630230,openfacts
0664989630247,openfacts
0664989630261,openfacts
0664989630292,openfacts
0664989630308,openfacts
0664989630322,openfacts
0664989630339,openfacts
0664989630346,openfacts
0664989630360,openfacts
0664989630384,openfacts
0664989631299,openfacts
0664989631305,openfacts
0664989631312,openfacts
0664989631329,openfacts
0664989631336,openfacts
0664989631343,openfacts
0664989631350,openfacts
0664989631367,openfacts
0664989631374,openfacts
0664989631381,openfacts
0664989631398,openfacts
0664989631404,openfacts
0664989631411,openfacts
0664989631428,openfacts
0664989631435,openfacts
0664989631480,openfacts
0664989631497,openfacts
0664989631510,openfacts
0664989631527,openfacts
0664989631558,openfacts
0664989631565,openfacts
0664989631572,openfacts
0664989631596,openfacts
0664989631602,openfacts
0664989631619,openfacts
0664989631640,openfacts
0664989631657,openfacts
0664989631688,openfacts
0664989631718,openfacts
0664989631763,openfacts
0664989631794,openfacts
0664989631800,openfacts
0664989631879,openfacts
0664989631886,openfacts
0664989631893,openfacts
0664989631909,openfacts
0664989631916,openfacts
0664989631923,openfacts
0664989631930,openfacts
0664989631947,openfacts
0664989631954,openfacts
0664989631961,openfacts
0664989631978,openfacts
0664989632005,openfacts
0664989632012,openfacts
0664989632029,openfacts
0664989632067,openfacts
0664989632081,openfacts
0664989632159,openfacts
0664989632166,openfacts
0664989632234,openfacts
0664989632241,openfacts
0664989632265,openfacts
0664989635280,openfacts
0664989635297,openfacts
0664989635303,openfacts
0664989635433,openfacts
0664989635440,openfacts
0664989635464,openfacts
0664989635501,openfacts
0664989635518,openfacts
0664989635525,openfacts
0664989635532,openfacts
0664989635563,openfacts
0664989635570,openfacts
0664989635587,openfacts
0664989635631,openfacts
0664989635716,openfacts
0664989635747,openfacts
0664989635761,openfacts
0664990170510,openfacts
0664992011644,openfacts
0665000005921,openfacts
0665002008906,openfacts
0665005115571,openfacts
0665008156618,openfacts
0665010370286,openfacts
0665011003145,openfacts
0665014400002,openfacts
0665023060396,openfacts
0665026003406,openfacts
0665042063330,openfacts
0665055100985,openfacts
0665055500228,openfacts
0665055744141,openfacts
0665065306087,openfacts
0665072000022,openfacts
0665072000039,openfacts
0665072000107,openfacts
0665072000114,openfacts
0665072000121,openfacts
0665072000138,openfacts
0665072000329,openfacts
0665072000374,openfacts
0665072000510,openfacts
0665072000527,openfacts
0665072000534,openfacts
0665072000541,usda
0665072000572,openfacts
0665072000589,openfacts
0665072000718,usda
0665072000725,openfacts
0665072001661,usda
0665072001708,openfacts
0665072001777,openfacts
0665072003986,openfacts
0665072004358,openfacts
0665072004402,openfacts
0665072004419,openfacts
0665072004785,openfacts
0665072004792,openfacts
0665072004846,openfacts
0665072004921,openfacts
0665072004952,openfacts
0665072004990,openfacts
0665072005089,openfacts
0665072005768,openfacts
0665072005775,openfacts
0665072005911,usda
0665072006321,openfacts
0665072006352,openfacts
0665072006383,openfacts
0665072006390,openfacts
0665072006925,usda
0665072007151,openfacts
0665072007175,openfacts
0665072007953,usda
0665072007960,openfacts
0665072008509,openfacts
0665072008622,openfacts
0665072008639,usda
0665072008653,usda
0665072009889,usda
0665072010052,openfacts
0665072010069,openfacts
0665072010250,usda
0665072010267,openfacts
0665072010410,openfacts
0665072010427,openfacts
0665072010656,openfacts
0665072010663,openfacts
0665072010717,openfacts
0665072010731,openfacts
0665072010748,openfacts
0665072010755,openfacts
0665072010786,openfacts
0665072010854,usda
0665072010946,usda
0665072010991,openfacts
0665072011318,openfacts
0665072011332,openfacts
0665072011530,openfacts
0665072011578,usda
0665072011639,usda
0665072012094,openfacts
0665072012100,openfacts
0665072012117,usda
0665072020068,openfacts
0665072020143,openfacts
0665072020174,openfacts
0665072020211,usda
0665072630007,usda
0665072630014,openfacts
0665072630038,openfacts
0665072630069,openfacts
0665072630083,openfacts
0665072630090,openfacts
0665072630120,usda
0665072630137,openfacts
0665072630151,usda
0665072630229,openfacts
0665072630236,openfacts
0665072630243,openfacts
0665072630250,usda
0665072630274,openfacts
0665072630298,openfacts
0665072630311,openfacts
0665072630328,usda
0665072630335,usda
0665072640013,openfacts
0665072640075,openfacts
0665072640426,openfacts
0665072640501,usda
0665072640532,usda
0665072640570,openfacts
0665072640587,usda
0665072640662,openfacts
0665072640686,usda
0665072640860,openfacts
0665072640983,usda
0665072641188,openfacts
0665072641195,openfacts
0665072641423,usda
0665072641430,openfacts
0665072641454,usda
0665072641478,openfacts
0665072641485,openfacts
0665072641508,usda
0665072641515,usda
0665072641522,openfacts
0665072641584,openfacts
0665072641591,usda
0665072641638,openfacts
0665072641744,openfacts
0665072641751,usda
0665072641775,openfacts
0665072641850,openfacts
0665072641904,openfacts
0665072641966,usda
0665072642093,openfacts
0665072642352,usda
0665072642543,openfacts
0665072642666,openfacts
0665072642673,usda
0665072642741,openfacts
0665072642772,usda
0665072642802,usda
0665072643014,usda
0665072643038,usda
0665072643045,usda
0665072643052,usda
0665072643083,openfacts
0665072643168,openfacts
0665072643175,openfacts
0665072643182,openfacts
0665072643205,usda
0665072643281,openfacts
0665072643298,usda
0665072643311,openfacts
0665072643458,openfacts
0665072643625,openfacts
0665072643663,openfacts
0665072643687,openfacts
0665072643717,openfacts
0665072643977,usda
0665072643991,usda
0665072644004,usda
0665072644240,openfacts
0665072644417,openfacts
0665072644622,openfacts
0665072644639,openfacts
0665072645162,openfacts
0665079307414,openfacts
0665079364691,openfacts
0665081000044,openfacts
0665081000051,openfacts
0665081000082,openfacts
0665081000129,openfacts
0665081000402,openfacts
0665081000570,openfacts
0665081000587,openfacts
0665081000648,openfacts
0665081000655,openfacts
0665081000662,openfacts
0665081000679,openfacts
0665081000686,openfacts
0665081000709,openfacts
0665081000716,openfacts
0665081000723,openfacts
0665081000990,openfacts
0665081001041,openfacts
0665081001058,openfacts
0665081001089,openfacts
0665081001607,openfacts
0665081001690,openfacts
0665081001850,openfacts
0665081001867,openfacts
0665081001874,openfacts
0665081001881,openfacts
0665081001935,openfacts
0665081001942,openfacts
0665081001959,openfacts
0665081001997,openfacts
0665081002000,openfacts
0665081002017,openfacts
0665081002024,openfacts
0665081002048,openfacts
0665081002079,openfacts
0665081002086,openfacts
0665081002093,openfacts
0665081002123,openfacts
0665081002130,openfacts
0665081002147,openfacts
0665081002154,openfacts
0665081002185,openfacts
0665081002253,openfacts
0665081002345,openfacts
0665081002369,openfacts
0665081002376,openfacts
0665081002383,openfacts
0665081002581,openfacts
0665081002710,openfacts
0665081002727,openfacts
0665081002734,openfacts
0665081002741,openfacts
0665081002819,openfacts
0665081002864,openfacts
0665081002888,openfacts
0665081003175,openfacts
0665081003199,openfacts
0665081003229,openfacts
0665081003304,openfacts
0665081003366,openfacts
0665081003397,openfacts
0665081003410,openfacts
0665081004042,openfacts
0665081004059,openfacts
0665081004066,openfacts
0665081004370,openfacts
0665081004387,openfacts
0665081004394,openfacts
0665081004400,openfacts
0665081004509,openfacts
0665081004516,openfacts
0665081004523,openfacts
0665081004530,openfacts
0665081004547,openfacts
0665081004554,openfacts
0665081004561,openfacts
0665081004578,openfacts
0665081004622,openfacts
0665081004639,openfacts
0665081004646,openfacts
0665081004653,openfacts
0665081004769,openfacts
0665081004776,openfacts
0665081004790,openfacts
0665081004929,openfacts
0665081005148,openfacts
0665081005155,openfacts
0665081005391,openfacts
0665081005506,openfacts
0665081005605,openfacts
0665081005612,openfacts
0665081005636,openfacts
0665081005643,openfacts
0665081005759,openfacts
0665081005766,openfacts
0665081005780,openfacts
0665083776398,openfacts
0665083776404,openfacts
0665085000071,openfacts
0665085000101,openfacts
0665085000187,openfacts
0665085000347,openfacts
0665085000583,openfacts
0665085000590,openfacts
0665085000705,openfacts
0665085001320,openfacts
0665092010568,openfacts
0665098576051,openfacts
0665106040109,openfacts
0665106040536,openfacts
0665106043223,usda
0665106043230,usda
0665106043247,usda
0665106043254,usda
0665106043261,usda
0665106045081,usda
0665106047368,usda
0665121227592,openfacts
0665124561235,openfacts
0665129007431,openfacts
0665130001510,openfacts
0665138000386,openfacts
0665138000751,openfacts
0665138000881,openfacts
0665143002085,openfacts
0665169000195,openfacts
0665171130002,openfacts
0665179000598,openfacts
0665191046956,openfacts
0665203200307,openfacts
0665212015497,openfacts
0665212015527,openfacts
0665212018689,openfacts
0665212018818,openfacts
0665213167133,openfacts
0665230000048,openfacts
0665231021004,openfacts
0665231061000,openfacts
0665231120011,openfacts
0665231120042,openfacts
0665231120080,openfacts
0665231120165,openfacts
0665231120325,openfacts
0665231121285,openfacts
0665231130904,openfacts
0665231131604,openfacts
0665231140088,openfacts
0665231170160,openfacts
0665231842166,openfacts
0665231843163,openfacts
0665231861082,openfacts
0665231861167,openfacts
0665231861808,openfacts
0665231862041,openfacts
0665231862164,usda
0665231862805,openfacts
0665244003097,openfacts
0665244005091,openfacts
0665244011429,openfacts
0665244014000,openfacts
0665244014093,openfacts
0665244015113,openfacts
0665244017117,openfacts
0665244018190,openfacts
0665244020193,openfacts
0665244024092,openfacts
0665244026874,openfacts
0665244027048,openfacts
0665244028878,openfacts
0665244030871,openfacts
0665244036835,openfacts
0665244043833,openfacts
0665244046186,openfacts
0665244047817,openfacts
0665244051746,openfacts
0665244059742,openfacts
0665244074875,openfacts
0665244075971,openfacts
0665244080821,openfacts
0665244115820,openfacts
0665244204104,openfacts
0665244204111,openfacts
0665244204128,openfacts
0665244204135,openfacts
0665244204142,openfacts
0665244204159,openfacts
0665244204241,openfacts
0665244208744,openfacts
0665244221019,openfacts
0665244230059,openfacts
0665270406848,openfacts
0665288000090,usda
0665288000113,openfacts
0665288000144,openfacts
0665288000151,openfacts
0665288000168,openfacts
0665288000212,openfacts
0665288000229,usda
0665288000243,openfacts
0665288000250,usda
0665288000267,usda
0665288000274,openfacts
0665288000281,openfacts
0665288000304,openfacts
0665288020159,openfacts
0665288020272,openfacts
0665290001184,openfacts
0665290001429,openfacts
0665290001443,openfacts
0665290001825,openfacts
0665290002037,openfacts
0665290002129,openfacts
0665290003034,openfacts
0665290003126,openfacts
0665290050342,openfacts
0665290050380,openfacts
0665290050403,openfacts
0665290051349,openfacts
0665290051387,openfacts
0665290051400,openfacts
0665291001015,usda
0665291001152,usda
0665291001305,usda
0665291003019,usda
0665291006508,usda
0665291006539,usda
0665291007109,usda
0665291007208,usda
0665291007505,usda
0665291007802,usda
0665291008083,usda
0665291009554,usda
0665291009653,usda
0665292085052,openfacts
0665336834363,openfacts
0665346010696,openfacts
0665353352741,openfacts
0665353996396,openfacts
0665393100241,openfacts
0665393150123,openfacts
0665393214276,usda
0665393214443,usda
0665393217871,openfacts
0665393219783,openfacts
0665393221038,openfacts
0665393221694,openfacts
0665393221892,openfacts
0665393221984,openfacts
0665393221991,openfacts
0665393222035,openfacts
0665393222080,openfacts
0665393222097,openfacts
0665393222141,openfacts
0665393222318,openfacts
0665393222349,openfacts
0665393222356,openfacts
0665393222417,openfacts
0665393222776,openfacts
0665393222875,openfacts
0665393222981,openfacts
0665393223162,openfacts
0665393223513,openfacts
0665393224152,openfacts
0665393224244,openfacts
0665393224428,openfacts
0665393225791,openfacts
0665393225845,openfacts
0665393225852,openfacts
0665393225876,openfacts
0665393225920,openfacts
0665393225968,openfacts
0665393225975,openfacts
0665393225982,openfacts
0665393226002,openfacts
0665393226040,openfacts
0665393226057,openfacts
0665393226064,openfacts
0665393226132,openfacts
0665393226156,openfacts
0665393226170,openfacts
0665393226187,openfacts
0665393226262,openfacts
0665393226309,openfacts
0665393226316,openfacts
0665393226354,openfacts
0665393226378,openfacts
0665393226439,openfacts
0665393226446,openfacts
0665393226484,openfacts
0665393282312,openfacts
0665397422318,openfacts
0665415210705,openfacts
0665415322330,openfacts
0665415423891,openfacts
0665415494730,openfacts
0665415680218,openfacts
0665450069436,openfacts
0665453018004,openfacts
0665479062104,openfacts
0665479062203,usda
0665479062302,usda
0665479071403,usda
0665479071502,usda
0665479071601,usda
0665479071700,usda
0665479080108,openfacts
0665479080207,usda
0665479080306,usda
0665479080405,usda
0665479080504,openfacts
0665479080603,usda
0665490000086,openfacts
0665490000369,openfacts
0665499003019,openfacts
0665499005907,openfacts
0665499006195,openfacts
0665500006749,openfacts
0665503160509,openfacts
0665505073364,openfacts
0665506001175,openfacts
0665511000552,openfacts
0665528006691,item_master
0665533946593,openfacts
0665544463478,openfacts
0665544520102,openfacts
0665549003730,openfacts
0665549003969,openfacts
0665553111124,openfacts
0665553111131,openfacts
0665553111155,openfacts
0665553111162,openfacts
0665553111223,openfacts
0665553111230,openfacts
0665553111254,openfacts
0665553111322,openfacts
0665553111353,openfacts
0665553111360,openfacts
0665553111421,openfacts
0665553111452,openfacts
0665553111728,openfacts
0665553111759,openfacts
0665553111926,openfacts
0665553111957,openfacts
0665553112947,openfacts
0665553112961,openfacts
0665553113913,openfacts
0665553113968,openfacts
0665553116228,openfacts
0665553121123,openfacts
0665553121154,openfacts
0665553121161,openfacts
0665553121222,openfacts
0665553121253,openfacts
0665553121260,openfacts
0665553121321,openfacts
0665553121352,openfacts
0665553121369,openfacts
0665553121420,openfacts
0665553121727,openfacts
0665553121758,openfacts
0665553121826,openfacts
0665553121925,openfacts
0665553121956,openfacts
0665553123967,openfacts
0665553126227,openfacts
0665553200101,openfacts
0665553200194,openfacts
0665553200231,openfacts
0665553200248,openfacts
0665553200446,openfacts
0665553200453,openfacts
0665553200484,openfacts
0665553200736,openfacts
0665553200873,openfacts
0665553201337,openfacts
0665553201474,openfacts
0665553201511,openfacts
0665553201528,openfacts
0665553201597,openfacts
0665553201603,openfacts
0665553201696,openfacts
0665553201771,openfacts
0665553201795,openfacts
0665553201856,openfacts
0665553202006,openfacts
0665553202051,openfacts
0665553202082,openfacts
0665553202099,openfacts
0665553202105,openfacts
0665553202129,openfacts
0665553202136,openfacts
0665553202273,openfacts
0665553202396,openfacts
0665553202402,openfacts
0665553202549,openfacts
0665553202761,openfacts
0665553210001,openfacts
0665553210025,openfacts
0665553210087,openfacts
0665553210261,openfacts
0665553210315,openfacts
0665553210339,openfacts
0665553210346,openfacts
0665553210353,openfacts
0665553210360,openfacts
0665553210377,openfacts
0665553210407,openfacts
0665553210445,openfacts
0665553210452,openfacts
0665553210469,openfacts
0665553210476,openfacts
0665553210520,openfacts
0665553210551,openfacts
0665553210575,openfacts
0665553210582,openfacts
0665553210599,openfacts
0665553210629,openfacts
0665553210636,openfacts
0665553210667,openfacts
0665553210773,openfacts
0665553210841,openfacts
0665553210858,openfacts
0665553210865,openfacts
0665553211176,openfacts
0665553212838,openfacts
0665553212869,openfacts
0665553213736,openfacts
0665553214016,openfacts
0665553214825,openfacts
0665553214900,openfacts
0665553214948,openfacts
0665553215013,openfacts
0665553215037,openfacts
0665553215143,openfacts
0665553215204,openfacts
0665553215211,openfacts
0665553215983,openfacts
0665553216065,openfacts
0665553216072,openfacts
0665553216089,openfacts
0665553216188,openfacts
0665553216294,openfacts
0665553216300,openfacts
0665553216317,openfacts
0665553216324,openfacts
0665553216584,openfacts
0665553216805,openfacts
0665553216843,openfacts
0665553217239,openfacts
0665553217246,openfacts
0665553217291,openfacts
0665553217550,openfacts
0665553217864,openfacts
0665553217932,openfacts
0665553217970,openfacts
0665553218229,openfacts
0665553218298,openfacts
0665553218342,openfacts
0665553218359,openfacts
0665553218397,openfacts
0665553218472,openfacts
0665553218823,openfacts
0665553218885,openfacts
0665553218892,openfacts
0665553218960,openfacts
0665553218977,openfacts
0665553218991,openfacts
0665553219141,openfacts
0665553219196,openfacts
0665553219363,openfacts
0665553219387,openfacts
0665553219400,openfacts
0665553219417,openfacts
0665553219431,openfacts
0665553219622,openfacts
0665553219646,openfacts
0665553219776,openfacts
0665553219806,openfacts
0665553219875,openfacts
0665553219929,openfacts
0665553219967,openfacts
0665553222844,openfacts
0665553222875,openfacts
0665553223216,openfacts
0665553223643,openfacts
0665553223667,openfacts
0665553223674,openfacts
0665553223742,openfacts
0665553223773,openfacts
0665553223926,openfacts
0665553224862,openfacts
0665553224985,openfacts
0665553225067,openfacts
0665553225074,openfacts
0665553225081,openfacts
0665553225159,openfacts
0665553225166,openfacts
0665553225180,openfacts
0665553225197,openfacts
0665553225227,openfacts
0665553225234,openfacts
0665553225357,openfacts
0665553225968,openfacts
0665553226118,openfacts
0665553226149,openfacts
0665553226156,openfacts
0665553226194,openfacts
0665553226590,openfacts
0665553226828,openfacts
0665553226859,openfacts
0665553227269,openfacts
0665553228235,openfacts
0665553228242,openfacts
0665553228402,openfacts
0665553228457,openfacts
0665553228464,openfacts
0665553228471,openfacts
0665553228488,openfacts
0665553228532,openfacts
0665553228556,openfacts
0665553228563,openfacts
0665553228587,openfacts
0665553228600,openfacts
0665553228648,openfacts
0665553228655,openfacts
0665553228686,openfacts
0665553228716,openfacts
0665553228778,openfacts
0665553228877,openfacts
0665553229003,openfacts
0665553229010,openfacts
0665553229027,openfacts
0665553229119,openfacts
0665553229164,openfacts
0665553229263,openfacts
0665553229591,openfacts
0665553229607,openfacts
0665553229614,openfacts
0665553229669,openfacts
0665553229683,openfacts
0665553229690,openfacts
0665553229706,openfacts
0665553229713,openfacts
0665553229720,openfacts
0665553229737,openfacts
0665553229751,openfacts
0665553229775,openfacts
0665553229799,openfacts
0665553229867,openfacts
0665553229874,openfacts
0665553229881,openfacts
0665553229904,openfacts
0665553229928,openfacts
0665553229942,openfacts
0665553229959,openfacts
0665553229966,openfacts
0665553229980,openfacts
0665553229997,openfacts
0665553230139,openfacts
0665553235257,openfacts
0665553235271,openfacts
0665553238234,openfacts
0665553238401,openfacts
0665553238418,openfacts
0665553312118,openfacts
0665553673493,openfacts
0665556001354,item_master
0665556001750,item_master
0665556001781,item_master
0665556001996,item_master
0665556002597,item_master
0665556002603,item_master
0665556002610,item_master
0665556003600,item_master
0665556007615,item_master
0665556007622,item_master
0665556007639,item_master
0665556007646,item_master
0665556007691,item_master
0665556007707,item_master
0665556007714,item_master
0665556007738,item_master
0665556007745,item_master
0665556007752,item_master
0665556008131,item_master
0665556008148,item_master
0665556008155,item_master
0665556009404,item_master
0665556009428,item_master
0665556009435,item_master
0665556010639,item_master
0665556010646,item_master
0665556011650,item_master
0665556011667,item_master
0665556011674,item_master
0665556011698,item_master
0665556011704,item_master
0665556011711,item_master
0665556012749,item_master
0665556012756,item_master
0665556012763,item_master
0665556012862,item_master
0665556012879,item_master
0665556015344,item_master
0665556015351,item_master
0665556015368,item_master
0665556016136,item_master
0665556016143,item_master
0665556016150,item_master
0665556016174,item_master
0665556016181,item_master
0665556016198,item_master
0665556016822,item_master
0665556016839,item_master
0665556016846,item_master
0665556016860,item_master
0665556016877,item_master
0665556016884,item_master
0665556016990,item_master
0665556017003,item_master
0665556017010,item_master
0665556017027,item_master
0665556017034,item_master
0665556017041,item_master
0665556017058,item_master
0665556017072,item_master
0665556017089,item_master
0665556017096,item_master
0665556017119,item_master
0665556017126,item_master
0665556017133,item_master
0665556017140,item_master
0665556018062,item_master
0665556018093,item_master
0665556018161,item_master
0665556018178,item_master
0665556018185,item_master
0665556019427,item_master
0665556019434,item_master
0665556019441,item_master
0665556019540,item_master
0665556019588,item_master
0665556019601,item_master
0665556020331,item_master
0665556021352,item_master
0665556021369,item_master
0665556021390,item_master
0665556021406,item_master
0665556021413,item_master
0665556022311,item_master
0665556022328,item_master
0665556022335,item_master
0665556022793,item_master
0665556022809,item_master
0665556023172,item_master
0665556023189,item_master
0665556023349,item_master
0665556023356,item_master
0665556023363,item_master
0665556023424,item_master
0665556023431,item_master
0665556023448,item_master
0665556023523,item_master
0665556023530,item_master
0665556023547,item_master
0665556023776,item_master
0665556023783,item_master
0665556023790,item_master
0665556024100,item_master
0665556024124,item_master
0665556024544,item_master
0665556024551,item_master
0665556024568,item_master
0665556024582,item_master
0665556024599,item_master
0665556024605,item_master
0665556024629,item_master
0665556024636,item_master
0665556024643,item_master
0665556024667,item_master
0665556024674,item_master
0665556024681,item_master
0665556024827,item_master
0665556024834,item_master
0665556024841,item_master
0665556024865,item_master
0665556024872,item_master
0665556024940,item_master
0665556024957,item_master
0665556025015,item_master
0665556025022,item_master
0665556025039,item_master
0665556025510,item_master
0665556027125,item_master
0665556027132,item_master
0665556028214,item_master
0665556028221,item_master
0665556028238,item_master
0665556028252,item_master
0665556028269,item_master
0665556028276,item_master
0665556028290,item_master
0665556028306,item_master
0665556028313,item_master
0665556029075,item_master
0665556029082,item_master
0665556029099,item_master
0665556029518,item_master
0665556029525,item_master
0665556029532,item_master
0665556029594,item_master
0665556029600,item_master
0665556029617,item_master
0665556029693,item_master
0665556029709,item_master
0665556029716,item_master
0665556030491,item_master
0665556030507,item_master
0665556030514,item_master
0665556030576,item_master
0665556030583,item_master
0665556030590,item_master
0665556030699,item_master
0665556030705,item_master
0665556030712,item_master
0665556031740,item_master
0665556031757,item_master
0665556031764,item_master
0665556031771,item_master
0665556031788,item_master
0665556031795,item_master
0665556031801,item_master
0665556031818,item_master
0665556033140,item_master
0665556033157,item_master
0665556033164,item_master
0665556033188,item_master
0665556033195,item_master
0665556033201,item_master
0665556033225,item_master
0665556033232,item_master
0665556033249,item_master
0665556035083,item_master
0665556035120,item_master
0665556035168,item_master
0665556035175,item_master
0665556035182,item_master
0665556035199,item_master
0665556035205,item_master
0665556035212,item_master
0665556035229,item_master
0665556035236,item_master
0665556035243,item_master
0665556035250,item_master
0665556035267,item_master
0665556035274,item_master
0665556035281,item_master
0665556035786,item_master
0665556035793,item_master
0665556035809,item_master
0665556035908,item_master
0665556035915,item_master
0665556035922,item_master
0665556035946,item_master
0665556035953,item_master
0665556035960,item_master
0665556035984,item_master
0665556035991,item_master
0665556036004,item_master
0665556037759,item_master
0665556037766,item_master
0665556037773,item_master
0665556037834,item_master
0665556037841,item_master
0665556037858,item_master
0665556039036,item_master
0665556039043,item_master
0665556039050,item_master
0665556039159,item_master
0665556039166,item_master
0665556039173,item_master
0665556041237,item_master
0665556041244,item_master
0665556041251,item_master
0665561002278,openfacts
0665570249671,openfacts
0665570250141,openfacts
0665570250349,openfacts
0665570252282,openfacts
0665570252305,openfacts
0665570252312,openfacts
0665570405015,usda
0665570525034,openfacts
0665570530694,openfacts
0665570533589,openfacts
0665591000008,openfacts
0665591000046,openfacts
0665591000176,usda
0665591000183,openfacts
0665591000190,openfacts
0665591000206,openfacts
0665591000213,openfacts
0665591000220,openfacts
0665591000275,usda
0665591000282,openfacts
0665591000398,usda
0665591000633,openfacts
0665591000725,openfacts
0665591000831,openfacts
0665591000862,usda
0665591000893,usda
0665591000909,usda
0665591000916,openfacts
0665591000923,usda
0665591000947,openfacts
0665591000985,openfacts
0665591001227,openfacts
0665591001241,openfacts
0665591001487,openfacts
0665591001494,openfacts
0665591001524,openfacts
0665591001531,openfacts
0665591001630,openfacts
0665591002095,openfacts
0665591002118,openfacts
0665591002132,openfacts
0665591002170,openfacts
0665591002231,openfacts
0665591002309,openfacts
0665591002316,openfacts
0665591002378,openfacts
0665591002385,openfacts
0665591002415,openfacts
0665591002422,openfacts
0665591003191,openfacts
0665591893020,usda
0665591893037,usda
0665591893051,usda
0665591893068,usda
0665591893075,usda
0665591893082,usda
0665591893099,usda
0665591893105,usda
0665591893136,usda
0665591893143,usda
0665591893150,usda
0665591893167,usda
0665591893174,usda
0665593005667,openfacts
0665595606060,openfacts
0665596009013,usda
0665596009037,usda
0665596010019,usda
0665596010026,usda
0665596013010,usda
0665596013027,usda
0665596014000,usda
0665596099014,usda
0665596099229,openfacts
0665596099908,usda
0665596099922,usda
0665596099939,usda
0665596119637,usda
0665596130373,usda
0665596131417,openfacts
0665596131424,openfacts
0665596131431,openfacts
0665596141973,usda
0665596446245,usda
0665596446252,usda
0665596446276,usda
0665596448720,usda
0665596450860,openfacts
0665596453496,usda
0665596454639,usda
0665596455964,usda
0665596455971,usda
0665596455988,usda
0665596464331,usda
0665596464829,usda
0665596469763,openfacts
0665596469794,openfacts
0665596475092,usda
0665596475252,usda
0665596475269,usda
0665596477058,usda
0665596477065,usda
0665596477072,usda
0665596480546,usda
0665596486296,usda
0665596486319,usda
0665596486326,usda
0665596486333,usda
0665596486340,usda
0665596486357,usda
0665596486364,usda
0665596487071,usda
0665601002190,usda
0665601002206,usda
0665601002213,usda
0665601002220,usda
0665603750495,openfacts
0665603814753,openfacts
0665603814951,openfacts
0665603815330,openfacts
0665603830883,openfacts
0665603830906,openfacts
0665603830937,openfacts
0665603830951,openfacts
0665603831026,openfacts
0665603831033,openfacts
0665603831576,openfacts
0665603831750,openfacts
0665618000011,openfacts
0665619008016,openfacts
0665630000853,openfacts
0665633061035,openfacts
0665649015480,usda
0665649015503,usda
0665649620585,usda
0665649620691,usda
0665649620707,usda
0665649620714,usda
0665649620721,usda
0665649620820,usda
0665649620837,usda
0665654154273,openfacts
0665654154778,openfacts
0665688013454,openfacts
0665688013652,openfacts
0665702016447,openfacts
0665716156009,openfacts
0665716231003,openfacts
0665716252008,openfacts
0665716264001,openfacts
0665716918706,openfacts
0665719114242,openfacts
0665719116536,openfacts
0665719117632,openfacts
0665719120540,usda
0665719126641,usda
0665719126702,usda
0665726116024,openfacts
0665730000517,usda
0665730000524,usda
0665730000562,usda
0665752593134,openfacts
0665752593387,openfacts
0665752709597,openfacts
0665752721575,openfacts
0665752913628,openfacts
0665752926963,openfacts
0665758180406,openfacts
0665760112532,usda
0665760112631,openfacts
0665760112747,usda
0665760862093,openfacts
0665768337845,openfacts
0665768626475,openfacts
0665768737379,openfacts
0665782000015,openfacts
0665782000046,openfacts
0665782000107,openfacts
0665782000190,openfacts
0665782000312,openfacts
0665782001005,openfacts
0665782001456,openfacts
0665782010069,openfacts
0665782020006,openfacts
0665782020013,openfacts
0665782020020,openfacts
0665782020037,openfacts
0665782020839,openfacts
0665782021614,openfacts
0665782025254,openfacts
0665782025773,openfacts
0665782028118,openfacts
0665782060361,openfacts
0665782078045,openfacts
0665782100012,openfacts
0665782170176,openfacts
0665782271217,openfacts
0665782277370,openfacts
0665782277387,openfacts
0665782320083,openfacts
0665782320090,openfacts
0665782320113,openfacts
0665782320342,openfacts
0665782320953,openfacts
0665782326184,openfacts
0665782328638,openfacts
0665782335179,openfacts
0665782337388,openfacts
0665782338187,openfacts
0665782338736,openfacts
0665782339153,openfacts
0665782339207,openfacts
0665782339290,openfacts
0665782437705,openfacts
0665782437729,openfacts
0665782460604,openfacts
0665782460611,openfacts
0665782460673,openfacts
0665782460697,openfacts
0665782460727,openfacts
0665782463018,openfacts
0665782702070,openfacts
0665782772875,openfacts
0665782778600,openfacts
0665782778617,openfacts
0665782779492,openfacts
0665782779508,openfacts
0665782779638,openfacts
0665782779645,openfacts
0665782780078,openfacts
0665782780702,openfacts
0665785705016,openfacts
0665802002005,usda
0665818559395,openfacts
0665840007116,openfacts
0665850861968,openfacts
0665871052802,openfacts
0665871469488,openfacts
0665871621145,openfacts
0665871788510,openfacts
0665872110013,openfacts
0665872210041,usda
0665878241803,openfacts
0665878245221,openfacts
0665878267186,openfacts
0665878305529,openfacts
0665878305659,openfacts
0665878305680,openfacts
0665878305697,openfacts
0665878305703,openfacts
0665878305710,openfacts
0665878305727,openfacts
0665878305765,openfacts
0665878305963,openfacts
0665878306014,openfacts
0665878559311,openfacts
0665878559328,openfacts
0665878559335,openfacts
0665878559342,openfacts
0665878559366,openfacts
0665878559496,openfacts
0665878589622,openfacts
0665905390054,openfacts
0665913112228,openfacts
0665915210014,openfacts
0665918010017,openfacts
0665918010031,openfacts
0665918600058,openfacts
0665918600126,usda
0665918600157,openfacts
0665918610019,openfacts
0665918610026,usda
0665918610064,openfacts
0665918620025,openfacts
0665918620117,usda
0665918620148,usda
0665918630031,openfacts
0665918660045,openfacts
0665918800038,usda
0665918800052,usda
0665918801028,openfacts
0665918801295,openfacts
0665918961647,openfacts
0665918961685,openfacts
0665918962040,openfacts
0665918968813,openfacts
0665918970090,openfacts
0665918971134,usda
0665918971141,usda
0665918980037,openfacts
0665918980051,usda
0665921000418,openfacts
0665938040025,openfacts
0665947000003,openfacts
0665965557435,openfacts
0665968000112,usda
0665968000198,usda
0665968000235,openfacts
0665977556747,openfacts
0665979001061,openfacts
0665979001306,openfacts
0665983009015,openfacts
0665983009046,openfacts
0665984000110,openfacts
0665985784910,openfacts
0665990001521,openfacts
0665990003327,openfacts
0665995352635,openfacts
0666008314657,openfacts
0666013001108,openfacts
0666016018325,openfacts
0666016018332,item_master
0666016022018,item_master
0666016111002,usda
0666016300055,item_master
0666016300086,item_master
0666016300338,openfacts
0666016300369,item_master
0666016300420,openfacts
0666016300703,openfacts
0666016310702,usda
0666016310719,usda
0666016310733,usda
0666016311570,openfacts
0666016312553,usda
0666016313437,openfacts
0666016313468,openfacts
0666016313499,openfacts
0666016314366,openfacts
0666016314397,openfacts
0666016316032,openfacts
0666016316049,openfacts
0666016316094,openfacts
0666016316285,openfacts
0666016317336,openfacts
0666016400618,openfacts
0666016400625,openfacts
0666016400632,openfacts
0666016400649,openfacts
0666016400663,openfacts
0666016400687,openfacts
0666016400700,openfacts
0666016400724,openfacts
0666016401363,openfacts
0666016402278,openfacts
0666026014300,openfacts
0666027166114,openfacts
0666027179060,openfacts
0666027182107,openfacts
0666027182213,openfacts
0666030000078,openfacts
0666033078449,openfacts
0666042014988,openfacts
0666044260383,openfacts
0666050000027,openfacts
0666054657234,openfacts
0666058001057,usda
0666058001064,usda
0666058001088,usda
0666058001101,usda
0666058001149,openfacts
0666059965570,openfacts
0666060131001,openfacts
0666060131322,openfacts
0666060131353,openfacts
0666064137498,openfacts
0666071732167,openfacts
0666076492240,openfacts
0666093174983,openfacts
0666108325430,item_master
0666108325447,item_master
0666138445511,openfacts
0666138448062,openfacts
0666140100019,usda
0666140100361,usda
0666140101184,usda
0666140101207,usda
0666140101214,usda
0666140101283,usda
0666140101849,openfacts
0666140101955,usda
0666140102013,usda
0666140102501,usda
0666140102556,usda
0666140102563,usda
0666140102730,usda
0666151010093,openfacts
0666151010673,openfacts
0666151010734,openfacts
0666151011205,openfacts
0666151020818,openfacts
0666151030855,openfacts
0666151031081,openfacts
0666151061811,openfacts
0666151111790,openfacts
0666151520721,openfacts
0666151900370,openfacts
0666151903210,openfacts
0666161000091,openfacts
0666161000107,openfacts
0666161000190,openfacts
0666161000275,openfacts
0666161000282,openfacts
0666161000299,openfacts
0666161000305,openfacts
0666161000329,openfacts
0666186026441,openfacts
0666186106389,openfacts
0666186124680,openfacts
0666186782347,openfacts
0666191000269,openfacts
0666191000429,openfacts
0666191000436,openfacts
0666191000542,openfacts
0666191000658,openfacts
0666198704030,openfacts
0666206005081,openfacts
0666211050670,openfacts
0666222007984,openfacts
0666222008769,openfacts
0666222008806,openfacts
0666222008813,openfacts
0666222008820,openfacts
0666222009087,openfacts
0666222009629,openfacts
0666222009698,openfacts
0666222009704,openfacts
0666222009926,openfacts
0666222009940,openfacts
0666222009964,openfacts
0666222010076,openfacts
0666222010137,openfacts
0666222010151,openfacts
0666222010373,openfacts
0666222010502,openfacts
0666222011479,openfacts
0666222091686,usda
0666222091877,openfacts
0666222092065,openfacts
0666222092119,openfacts
0666222093581,openfacts
0666222093765,usda
0666222095943,openfacts
0666222096445,openfacts
0666222097732,openfacts
0666222732602,openfacts
0666222941004,openfacts
0666226000073,openfacts
0666227010101,openfacts
0666227015557,openfacts
0666227700019,usda
0666227700026,openfacts
0666227700033,usda
0666227700057,usda
0666227700088,usda
0666227700118,usda
0666227700132,usda
0666248001003,webdatacommons
0666248001102,item_master
0666248001119,item_master
0666248001157,item_master
0666248001188,openfacts
0666248080077,openfacts
0666248080084,openfacts
0666248080091,openfacts
0666248080107,openfacts
0666248080114,openfacts
0666248080121,openfacts
0666248080138,openfacts
0666248080145,openfacts
0666254001011,usda
0666254001073,usda
0666254001103,openfacts
0666254001134,usda
0666254001547,openfacts
0666254001554,usda
0666254001561,usda
0666254001738,openfacts
0666254003473,usda
0666254004074,usda
0666264002282,openfacts
0666288103125,openfacts
0666288105129,usda
0666288205126,usda
0666288500016,usda
0666288500092,usda
0666288500207,usda
0666320201680,openfacts
0666334075017,openfacts
0666352034065,openfacts
0666356300012,openfacts
0666359104266,openfacts
0666359554207,openfacts
0666359554405,openfacts
0666359555471,openfacts
0666359710153,openfacts
0666359710191,openfacts
0666359710603,openfacts
0666359711020,openfacts
0666359711457,openfacts
0666365004338,item_master
0666365005359,openfacts
0666365010124,item_master
0666365012814,item_master
0666366000032,openfacts
0666372818454,openfacts
0666383533100,openfacts
0666392848318,openfacts
0666400866013,openfacts
0666408754282,openfacts
0666412041217,usda
0666412041224,usda
0666412041231,usda
0666421970355,usda
0666443044966,openfacts
0666464001016,openfacts
0666493942700,openfacts
0666496162556,openfacts
0666505673943,openfacts
0666522041367,openfacts
0666522041381,openfacts
0666522051199,openfacts
0666522051298,usda
0666522900008,usda
0666522900015,usda
0666522900053,openfacts
0666522900084,usda
0666522900091,openfacts
0666522900138,openfacts
0666522900367,openfacts
0666522900435,openfacts
0666522900749,openfacts
0666530000141,openfacts
0666530000158,openfacts
0666530000165,openfacts
0666530000172,openfacts
0666530000226,openfacts
0666530000233,openfacts
0666530000264,openfacts
0666530000271,openfacts
0666530000288,openfacts
0666530000578,openfacts
0666530000592,openfacts
0666530000615,openfacts
0666530000783,openfacts
0666530000950,openfacts
0666530965259,openfacts
0666532223418,openfacts
0666534470100,openfacts
0666538000037,openfacts
0666538000044,openfacts
0666538000112,openfacts
0666538000365,openfacts
0666547081898,openfacts
0666559011654,openfacts
0666559020212,openfacts
0666559021165,openfacts
0666559021172,openfacts
0666559151176,openfacts
0666581400020,openfacts
0666594030108,openfacts
0666594090010,openfacts
0666594090034,openfacts
0666594090065,openfacts
0666594200204,openfacts
0666594200228,openfacts
0666594200945,openfacts
0666594201089,openfacts
0666594201096,openfacts
0666594201102,openfacts
0666594201119,openfacts
0666594201126,openfacts
0666594201140,openfacts
0666594202185,openfacts
0666594203328,openfacts
0666594204943,openfacts
0666594205209,openfacts
0666594209344,openfacts
0666596000277,openfacts
0666596000406,openfacts
0666603333336,openfacts
0666604004808,openfacts
0666604434957,openfacts
0666611033488,openfacts
0666613062714,openfacts
0666613480075,openfacts
0666613480310,openfacts
0666617000095,openfacts
0666618000292,usda
0666618000308,usda
0666618000315,usda
0666618000322,usda
0666618000346,usda
0666618000353,usda
0666618000360,usda
0666618000377,usda
0666618000384,usda
0666618000391,usda
0666618000407,usda
0666618000414,usda
0666618000421,usda
0666618000438,usda
0666618000605,openfacts
0666618000629,openfacts
0666618000872,openfacts
0666618000889,openfacts
0666618001770,openfacts
0666618001800,openfacts
0666618002258,openfacts
0666618002265,openfacts
0666618002579,openfacts
0666618002586,openfacts
0666618002593,openfacts
0666618002609,openfacts
0666618002654,openfacts
0666618002661,openfacts
0666618002678,openfacts
0666618002715,openfacts
0666618002722,openfacts
0666618002739,openfacts
0666618002746,openfacts
0666618002807,openfacts
0666618002814,openfacts
0666618002869,openfacts
0666618002876,openfacts
0666618002913,openfacts
0666618003736,openfacts
0666618003743,openfacts
0666618003750,openfacts
0666618003767,openfacts
0666618003873,openfacts
0666618003880,openfacts
0666618003897,openfacts
0666618003903,openfacts
0666618003910,openfacts
0666618003927,openfacts
0666618003934,openfacts
0666618003996,openfacts
0666618166882,openfacts
0666621955305,openfacts
0666628488059,usda
0666628488080,usda
0666641004663,openfacts
0666662300133,openfacts
0666663801455,openfacts
0666666444444,openfacts
0666674773109,openfacts
0666674808627,openfacts
0666699955580,openfacts
0666703555089,openfacts
0666706703043,openfacts
0666708000409,usda
0666713800346,openfacts
0666714473600,openfacts
0666714660093,openfacts
0666714660109,openfacts
0666714660116,openfacts
0666714683740,openfacts
0666714683757,openfacts
0666714694227,openfacts
0666720001071,openfacts
0666720001101,openfacts
0666720003952,openfacts
0666720005222,openfacts
0666734137155,openfacts
0666734169804,openfacts
0666734188805,openfacts
0666734200903,openfacts
0666746766701,openfacts
0666782505913,openfacts
0666785202239,usda
0666785203205,usda
0666785203212,usda
0666785203489,openfacts
0666785203496,usda
0666785203502,usda
0666785203519,usda
0666785692405,usda
0666785698728,usda
0666788966008,openfacts
0666798903673,openfacts
0666803902509,openfacts
0666813100827,openfacts
0666832640632,openfacts
0666839020789,openfacts
0666839059789,openfacts
0666857001005,openfacts
0666857103044,openfacts
0666872160435,openfacts
0666872361474,openfacts
0666872361948,openfacts
0666872800041,openfacts
0666872800058,openfacts
0666873000006,openfacts
0666873000013,openfacts
0666873110002,openfacts
0666873120001,openfacts
0666873123873,openfacts
0666873150008,openfacts
0666873160007,openfacts
0666873180005,openfacts
0666873190004,openfacts
0666873200000,openfacts
0666873280002,openfacts
0666873320005,openfacts
0666873390008,openfacts
0666873430001,openfacts
0666873520009,openfacts
0666873554004,openfacts
0666873660064,openfacts
0666873851004,openfacts
0666873881001,openfacts
0666873882008,openfacts
0666873883005,openfacts
0666873999973,openfacts
0666873999997,openfacts
0666874112272,openfacts
0666874114542,openfacts
0666874204540,openfacts
0666877000705,openfacts
0666877040213,openfacts
0666877090065,openfacts
0666877300089,openfacts
0666902408896,openfacts
0666933035979,openfacts
0666933181188,openfacts
0666933182369,openfacts
0666933799963,openfacts
0666933900420,openfacts
0666945829672,openfacts
0666945830494,openfacts
0666950994075,openfacts
0666950994433,usda
0666960000148,openfacts
0666962181548,openfacts
0666967003104,openfacts
0666967003302,openfacts
0666967004026,openfacts
0666969420121,openfacts
0666969420435,openfacts
0666969420442,openfacts
0666970101187,usda
0666970101347,usda
0667000369706,openfacts
0667008073254,openfacts
0667026001307,openfacts
0667040891083,openfacts
0667046005187,usda
0667046009000,openfacts
0667046009109,openfacts
0667046035788,usda
0667047143321,openfacts
0667056132965,openfacts
0667064000089,openfacts
0667064000577,openfacts
0667064000614,openfacts
0667064000676,openfacts
0667064000683,openfacts
0667064000799,openfacts
0667064000850,openfacts
0667064000867,openfacts
0667064000881,openfacts
0667064000935,openfacts
0667064000980,openfacts
0667064001086,openfacts
0667064004094,openfacts
0667064004223,openfacts
0667064004254,openfacts
0667064004322,openfacts
0667064004476,openfacts
0667064004728,openfacts
0667064004902,openfacts
0667064005633,openfacts
0667064005947,openfacts
0667064005978,openfacts
0667064006449,openfacts
0667064006470,openfacts
0667064007507,openfacts
0667064008511,openfacts
0667064008535,openfacts
0667064008580,openfacts
0667064008610,openfacts
0667064008849,openfacts
0667064010729,openfacts
0667064012013,openfacts
0667064012396,openfacts
0667064040078,openfacts
0667064050121,openfacts
0667064700002,openfacts
0667064700026,openfacts
0667066267275,openfacts
0667068826722,openfacts
0667080022270,openfacts
0667101120015,openfacts
0667101570629,openfacts
0667101674693,openfacts
0667103100008,openfacts
0667103150003,openfacts
0667105210507,openfacts
0667112713503,openfacts
0667141000308,openfacts
0667141000315,openfacts
0667141000322,openfacts
0667141000339,openfacts
0667141000353,openfacts
0667141000360,openfacts
0667141000377,openfacts
0667141000384,openfacts
0667141000391,openfacts
0667141000414,openfacts
0667141000421,openfacts
0667141000438,openfacts
0667141000445,openfacts
0667141000452,openfacts
0667141000476,openfacts
0667141000490,openfacts
0667141000537,openfacts
0667141000568,openfacts
0667141000575,openfacts
0667141000605,openfacts
0667141000698,openfacts
0667141000704,openfacts
0667141000742,openfacts
0667141000759,openfacts
0667141000766,openfacts
0667141000773,openfacts
0667141000780,openfacts
0667141000858,openfacts
0667141000964,openfacts
0667141440029,openfacts
0667141440043,openfacts
0667141443754,openfacts
0667141449466,openfacts
0667141509467,openfacts
0667141519466,openfacts
0667141751231,openfacts
0667146832461,openfacts
0667159401715,openfacts
0667160062400,openfacts
0667166050005,openfacts
0667178344895,openfacts
0667181000009,usda
0667190002674,openfacts
0667209006709,openfacts
0667211025712,openfacts
0667222033447,openfacts
0667222049196,openfacts
0667222066216,openfacts
0667222082179,openfacts
0667222083718,openfacts
0667222095155,openfacts
0667222101764,openfacts
0667222102167,openfacts
0667222156788,openfacts
0667222349418,openfacts
0667222410118,openfacts
0667222425778,openfacts
0667222440597,openfacts
0667222468485,openfacts
0667222500260,openfacts
0667222516421,openfacts
0667222543564,openfacts
0667222558865,openfacts
0667267156774,openfacts
0667270254788,openfacts
0667274007298,openfacts
0667277498062,openfacts
0667288035607,openfacts
0667295222618,openfacts
0667295222625,openfacts
0667295224612,openfacts
0667295226616,openfacts
0667295226623,openfacts
0667295228610,openfacts
0667295228634,openfacts
0667295232617,openfacts
0667295232624,openfacts
0667295234611,openfacts
0667295235618,openfacts
0667295235625,openfacts
0667295235632,usda
0667295238619,openfacts
0667295238626,openfacts
0667295238688,openfacts
0667298401546,openfacts
0667300616234,openfacts
0667311544601,openfacts
0667342800004,openfacts
0667342800028,openfacts
0667342800165,openfacts
0667342800370,openfacts
0667342800486,openfacts
0667342800493,openfacts
0667342800509,openfacts
0667342800578,openfacts
0667342800585,openfacts
0667342800608,openfacts
0667342800615,openfacts
0667342800622,openfacts
0667342800684,openfacts
0667342800783,openfacts
0667342892306,openfacts
0667369584802,openfacts
0667380799179,openfacts
0667380799216,openfacts
0667380799759,openfacts
0667380799766,openfacts
0667380799780,openfacts
0667390100002,openfacts
0667390101405,openfacts
0667390107117,openfacts
0667390200276,openfacts
0667390225118,openfacts
0667390300105,openfacts
0667390300273,openfacts
0667390300280,openfacts
0667390300341,openfacts
0667390350001,openfacts
0667390350124,openfacts
0667390500116,openfacts
0667390500130,openfacts
0667390500147,openfacts
0667390500208,openfacts
0667390500215,openfacts
0667390500246,openfacts
0667390500291,openfacts
0667390500321,openfacts
0667390500338,openfacts
0667390500345,openfacts
0667390500352,openfacts
0667390500444,openfacts
0667390500451,openfacts
0667390500741,openfacts
0667390500901,openfacts
0667390500932,openfacts
0667390501281,openfacts
0667390507719,openfacts
0667390507726,openfacts
0667390507771,openfacts
0667390747757,openfacts
0667390747764,openfacts
0667390747771,openfacts
0667390807017,openfacts
0667390807024,openfacts
0667390807031,openfacts
0667390807048,openfacts
0667390907014,openfacts
0667390907052,openfacts
0667398007587,openfacts
0667398007648,openfacts
0667398008812,openfacts
0667398008904,openfacts
0667398010761,openfacts
0667398011867,openfacts
0667398012161,openfacts
0667412221142,openfacts
0667423100269,openfacts
0667429220008,openfacts
0667429220046,openfacts
0667429220053,openfacts
0667429220084,openfacts
0667429220091,openfacts
0667429220107,openfacts
0667429220114,openfacts
0667429220121,openfacts
0667429220138,openfacts
0667429220145,openfacts
0667429220152,openfacts
0667429220169,openfacts
0667429220183,openfacts
0667429220220,openfacts
0667429220237,openfacts
0667429220282,openfacts
0667429220473,openfacts
0667429220626,openfacts
0667429220787,openfacts
0667429221142,usda
0667429221166,usda
0667429221173,usda
0667429223061,openfacts
0667429223085,openfacts
0667429223108,openfacts
0667429250302,openfacts
0667429250326,openfacts
0667429251323,openfacts
0667429321088,openfacts
0667429321101,openfacts
0667429322085,openfacts
0667429322108,openfacts
0667429323082,openfacts
0667443286646,openfacts
0667450000013,usda
0667450000020,usda
0667450000037,usda
0667450000044,usda
0667450000051,openfacts
0667450000075,usda
0667450000082,usda
0667450000099,usda
0667450000211,openfacts
0667450000228,openfacts
0667450000327,usda
0667450000372,usda
0667450000389,usda
0667450000556,usda
0667450000563,usda
0667450000570,usda
0667450000587,openfacts
0667450000594,usda
0667450000617,usda
0667450001119,usda
0667450001126,usda
0667450001133,openfacts
0667450001140,usda
0667450001164,usda
0667450001171,usda
0667450001188,usda
0667450001195,usda
0667450005001,openfacts
0667450075028,usda
0667452156480,openfacts
0667465407975,openfacts
0667486957817,openfacts
0667494010016,usda
0667494060004,openfacts
0667494131131,usda
0667494970709,usda
0667494970716,usda
0667494970723,usda
0667494970730,usda
0667500040624,openfacts
0667524032179,openfacts
0667525258585,openfacts
0667526533476,openfacts
0667526952291,openfacts
0667528021209,openfacts
0667528032014,openfacts
0667530053649,openfacts
0667532628975,openfacts
0667533381220,openfacts
0667533996929,openfacts
0667534375259,openfacts
0667534375266,openfacts
0667534781098,openfacts
0667534876619,openfacts
0667535180012,openfacts
0667535333333,openfacts
0667535863816,openfacts
0667536214730,openfacts
0667537742676,openfacts
0667537800000,openfacts
0667537860516,openfacts
0667537860530,openfacts
0667537860547,openfacts
0667537861117,openfacts
0667538086212,openfacts
0667538086298,openfacts
0667538086328,openfacts
0667538100000,openfacts
0667538582028,openfacts
0667538582097,openfacts
0667538781230,openfacts
0667539196019,openfacts
0667539353931,openfacts
0667539385222,openfacts
0667539385239,openfacts
0667540389196,openfacts
0667541284858,openfacts
0667542115571,openfacts
0667542532217,openfacts
0667542540984,openfacts
0667542792239,openfacts
0667543234172,openfacts
0667543796458,openfacts
0667544300050,openfacts
0667544688509,openfacts
0667544977566,openfacts
0667545033568,openfacts
0667545334306,openfacts
0667545376528,openfacts
0667545923159,openfacts
0667546017819,openfacts
0667546035394,openfacts
0667547234109,openfacts
0667547395183,openfacts
0667547935105,openfacts
0667547944787,openfacts
0667547945579,openfacts
0667548022934,openfacts
0667548032025,openfacts
0667548032223,openfacts
0667548032247,openfacts
0667548038928,openfacts
0667548084307,openfacts
0667548099141,openfacts
0667548099226,openfacts
0667548099233,openfacts
0667548099240,openfacts
0667548099257,openfacts
0667548142809,openfacts
0667548482509,openfacts
0667548994286,openfacts
0667549032857,openfacts
0667549315417,openfacts
0667549315554,openfacts
0667549315561,openfacts
0667549315578,openfacts
0667549315592,openfacts
0667550268375,openfacts
0667550427451,openfacts
0667550528561,openfacts
0667550528585,openfacts
0667550549023,openfacts
0667550634385,openfacts
0667550727711,openfacts
0667550814572,openfacts
0667550885459,openfacts
0667550993772,openfacts
0667551169091,openfacts
0667551177430,openfacts
0667551177843,openfacts
0667551200688,openfacts
0667551439095,openfacts
0667551665142,openfacts
0667551909215,openfacts
0667551909260,openfacts
0667552161223,openfacts
0667552212093,openfacts
0667552223587,openfacts
0667552233036,openfacts
0667552253393,openfacts
0667552281518,openfacts
0667552456435,openfacts
0667552822094,openfacts
0667552870439,openfacts
0667553072542,openfacts
0667553393432,openfacts
0667553485847,openfacts
0667553517722,openfacts
0667553517869,openfacts
0667553592149,openfacts
0667553658050,openfacts
0667553670274,openfacts
0667553694720,openfacts
0667553702227,openfacts
0667553705303,openfacts
0667553784582,openfacts
0667553789341,openfacts
0667553793911,openfacts
0667553794796,openfacts
0667553797223,openfacts
0667553797360,openfacts
0667553847003,openfacts
0667553848376,openfacts
0667553872388,openfacts
0667553889089,openfacts
0667553897497,openfacts
0667554087323,openfacts
0667554088566,openfacts
0667554123595,openfacts
0667554186804,openfacts
0667554197350,openfacts
0667554293458,openfacts
0667554448261,openfacts
0667554687240,openfacts
0667554738485,openfacts
0667554765740,openfacts
0667554906600,openfacts
0667554943384,openfacts
0667554943407,openfacts
0667554944053,openfacts
0667554980969,openfacts
0667554984011,openfacts
0667554986992,openfacts
0667555057103,openfacts
0667555059787,openfacts
0667555217088,openfacts
0667555404419,openfacts
0667555435338,openfacts
0667555453684,openfacts
0667555453905,openfacts
0667555500104,openfacts
0667555500111,openfacts
0667555503938,openfacts
0667555509459,openfacts
0667555509497,openfacts
0667555512725,openfacts
0667555513869,openfacts
0667555526814,openfacts
0667555536349,openfacts
0667555536394,openfacts
0667555536660,openfacts
0667555539425,openfacts
0667555578899,openfacts
0667555839136,openfacts
0667555839594,openfacts
0667555840576,openfacts
0667555840590,openfacts
0667555841313,openfacts
0667555958486,openfacts
0667555961134,openfacts
0667555962766,openfacts
0667555965101,openfacts
0667556029529,openfacts
0667556130249,openfacts
0667556218510,openfacts
0667556218527,openfacts
0667556256925,openfacts
0667556362718,openfacts
0667556463705,openfacts
0667556489606,openfacts
0667556605051,openfacts
0667556681697,openfacts
0667556681857,openfacts
0667556681864,openfacts
0667556709711,openfacts
0667556710038,openfacts
0667556717396,openfacts
0667556796483,openfacts
0667556796865,openfacts
0667556804423,openfacts
0667556975673,openfacts
0667557015033,openfacts
0667557015040,openfacts
0667557016528,openfacts
0667557016559,openfacts
0667557100593,openfacts
0667557112541,openfacts
0667557122793,openfacts
0667557380216,openfacts
0667557382906,openfacts
0667557453361,openfacts
0667557632186,openfacts
0667557641058,openfacts
0667557894645,openfacts
0667557896496,openfacts
0667557912097,openfacts
0667557912776,openfacts
0667557939551,openfacts
0667557965710,openfacts
0667557985145,openfacts
0667557985190,openfacts
0667558132159,openfacts
0667558204375,openfacts
0667558218365,openfacts
0667558218501,openfacts
0667558227053,openfacts
0667558396575,openfacts
0667558513187,openfacts
0667558516881,openfacts
0667558530665,openfacts
0667558549919,openfacts
0667558713297,openfacts
0667558786437,openfacts
0667559144106,openfacts
0667559249894,openfacts
0667559259541,openfacts
0667559269298,openfacts
0667559269328,openfacts
0667559287339,openfacts
0667559300953,openfacts
0667559302612,openfacts
0667559817314,openfacts
0667560060570,openfacts
0667563650013,openfacts
0667572000014,openfacts
0667574837298,openfacts
0667591007353,openfacts
0667596200216,openfacts
0667597126751,openfacts
0667601216904,usda
0667601219639,usda
0667619935583,openfacts
0667619991022,item_master
0667619991039,item_master
0667619991046,item_master
0667619991053,item_master
0667619991060,item_master
0667619991077,item_master
0667619991084,item_master
0667619991220,item_master
0667619991251,item_master
0667619991268,item_master
0667619991275,item_master
0667619991312,item_master
0667619991329,item_master
0667619991336,item_master
0667630019002,openfacts
0667630128001,usda
0667648000078,openfacts
0667648000085,openfacts
0667648002706,openfacts
0667648002904,openfacts
0667648002935,openfacts
0667648003109,openfacts
0667648003116,openfacts
0667648004021,openfacts
0667648004533,openfacts
0667649001210,usda
0667649013015,openfacts
0667651001208,usda
0667651001246,usda
0667651001369,usda
0667651001406,usda
0667651055775,usda
0667659313716,openfacts
0667659320615,openfacts
0667659325597,openfacts
0667659326211,openfacts
0667659326730,openfacts
0667659328451,openfacts
0667659332311,openfacts
0667659335695,openfacts
0667659339266,openfacts
0667659352418,openfacts
0667659358199,openfacts
0667659359417,openfacts
0667659361809,openfacts
0667659377381,openfacts
0667659386420,openfacts
0667659400935,openfacts
0667659410040,openfacts
0667659413713,openfacts
0667660000087,openfacts
0667660000124,openfacts
0667660000131,openfacts
0667660000476,openfacts
0667660001015,openfacts
0667660001039,openfacts
0667660001381,usda
0667660001404,openfacts
0667660001718,openfacts
0667660001725,openfacts
0667660001756,openfacts
0667660001787,openfacts
0667660002173,openfacts
0667660002463,openfacts
0667660002555,openfacts
0667660003064,openfacts
0667660003125,openfacts
0667660003132,openfacts
0667660003293,openfacts
0667660003309,usda
0667660003682,openfacts
0667660003736,usda
0667660004085,usda
0667660004108,openfacts
0667660004184,openfacts
0667660004733,openfacts
0667660005891,openfacts
0667660006386,openfacts
0667666226412,openfacts
0667666294169,openfacts
0667666336173,openfacts
0667666386444,openfacts
0667721000476,openfacts
0667721000629,openfacts
0667736000102,openfacts
0667736000119,openfacts
0667736000126,openfacts
0667736000829,openfacts
0667744995117,openfacts
0667744995162,openfacts
0667776101210,openfacts
0667789000364,openfacts
0667796002504,usda
0667796571055,openfacts
0667796571215,usda
0667796571239,openfacts
0667796571246,openfacts
0667800060759,openfacts
0667803000059,usda
0667803000455,openfacts
0667803000707,openfacts
0667803000752,item_master
0667803000806,openfacts
0667803000905,usda
0667803000950,usda
0667803001056,usda
0667803001506,openfacts
0667803001957,usda
0667803002077,openfacts
0667803002435,usda
0667803002657,openfacts
0667803002862,openfacts
0667803002961,openfacts
0667803002985,openfacts
0667819442775,openfacts
0667820011021,openfacts
0667820011038,openfacts
0667820112001,openfacts
0667820112025,openfacts
0667820113008,openfacts
0667820200272,openfacts
0667820300316,openfacts
0667828268199,openfacts
0667838010146,openfacts
0667842000171,openfacts
0667842000195,openfacts
0667842001987,openfacts
0667842001994,openfacts
0667842002724,openfacts
0667854102511,openfacts
0667854103310,openfacts
0667859020049,usda
0667859022029,openfacts
0667859026027,openfacts
0667859026034,usda
0667859026331,openfacts
0667859028069,openfacts
0667859040696,openfacts
0667859570056,openfacts
0667859950001,openfacts
0667859950209,openfacts
0667859951381,openfacts
0667862002049,usda
0667888003181,openfacts
0667888003785,openfacts
0667888003938,openfacts
0667888004447,openfacts
0667888004485,openfacts
0667888006052,openfacts
0667888007103,openfacts
0667888008773,openfacts
0667888009268,openfacts
0667888010325,openfacts
0667888013647,openfacts
0667888013838,openfacts
0667888014415,openfacts
0667888020607,openfacts
0667888021512,openfacts
0667888021529,openfacts
0667888021536,openfacts
0667888021543,openfacts
0667888021550,openfacts
0667888021574,openfacts
0667888021581,openfacts
0667888021598,openfacts
0667888029259,openfacts
0667888031016,openfacts
0667888031023,openfacts
0667888031030,openfacts
0667888032310,openfacts
0667888032440,openfacts
0667888033447,openfacts
0667888033829,openfacts
0667888035502,openfacts
0667888038992,openfacts
0667888039395,openfacts
0667888043071,openfacts
0667888049196,openfacts
0667888049233,openfacts
0667888049561,openfacts
0667888050482,openfacts
0667888050499,openfacts
0667888050512,openfacts
0667888054008,openfacts
0667888054053,openfacts
0667888054077,openfacts
0667888054121,openfacts
0667888055944,openfacts
0667888055968,openfacts
0667888056019,openfacts
0667888056033,openfacts
0667888056118,openfacts
0667888056217,openfacts
0667888056750,openfacts
0667888056767,openfacts
0667888057160,openfacts
0667888058594,openfacts
0667888059348,openfacts
0667888064243,openfacts
0667888066216,openfacts
0667888066896,openfacts
0667888066926,openfacts
0667888067343,openfacts
0667888067350,openfacts
0667888067800,openfacts
0667888067886,openfacts
0667888068265,openfacts
0667888068418,openfacts
0667888068449,openfacts
0667888068654,openfacts
0667888068883,openfacts
0667888070923,openfacts
0667888072033,openfacts
0667888073139,openfacts
0667888073689,openfacts
0667888073726,openfacts
0667888074525,openfacts
0667888075607,openfacts
0667888075690,openfacts
0667888076987,openfacts
0667888076994,openfacts
0667888077137,openfacts
0667888077151,openfacts
0667888077168,openfacts
0667888077465,openfacts
0667888077472,openfacts
0667888077489,openfacts
0667888077502,openfacts
0667888077519,openfacts
0667888077533,openfacts
0667888078356,openfacts
0667888078929,openfacts
0667888080014,openfacts
0667888080243,openfacts
0667888082049,openfacts
0667888082056,openfacts
0667888082179,openfacts
0667888082421,openfacts
0667888083848,openfacts
0667888085095,openfacts
0667888085521,openfacts
0667888085590,openfacts
0667888086733,openfacts
0667888087082,openfacts
0667888087556,openfacts
0667888087792,openfacts
0667888089352,openfacts
0667888089413,openfacts
0667888090648,openfacts
0667888091355,openfacts
0667888091522,openfacts
0667888091775,openfacts
0667888093472,openfacts
0667888093519,openfacts
0667888094608,openfacts
0667888095155,openfacts
0667888096008,openfacts
0667888096572,openfacts
0667888098309,openfacts
0667888101412,openfacts
0667888101740,openfacts
0667888101757,openfacts
0667888101764,openfacts
0667888101917,openfacts
0667888102167,openfacts
0667888102198,openfacts
0667888104574,openfacts
0667888105069,openfacts
0667888105793,openfacts
0667888106127,openfacts
0667888108176,openfacts
0667888108985,openfacts
0667888112340,openfacts
0667888112494,openfacts
0667888112708,openfacts
0667888113866,openfacts
0667888114498,openfacts
0667888118229,openfacts
0667888120215,openfacts
0667888123186,openfacts
0667888123834,openfacts
0667888123858,openfacts
0667888123865,openfacts
0667888125692,openfacts
0667888127061,openfacts
0667888128846,openfacts
0667888133062,openfacts
0667888133697,openfacts
0667888133703,openfacts
0667888134229,openfacts
0667888136018,openfacts
0667888136025,openfacts
0667888136384,openfacts
0667888138869,openfacts
0667888139187,openfacts
0667888139200,openfacts
0667888140688,openfacts
0667888144457,openfacts
0667888149391,openfacts
0667888149810,openfacts
0667888154418,openfacts
0667888154531,openfacts
0667888154890,openfacts
0667888156351,openfacts
0667888156771,openfacts
0667888156788,openfacts
0667888156856,openfacts
0667888157143,openfacts
0667888160648,openfacts
0667888168880,openfacts
0667888170685,openfacts
0667888171866,openfacts
0667888173457,openfacts
0667888174935,openfacts
0667888176502,openfacts
0667888176519,openfacts
0667888176571,openfacts
0667888176595,openfacts
0667888177257,openfacts
0667888179763,openfacts
0667888181407,openfacts
0667888181414,openfacts
0667888189618,openfacts
0667888189717,openfacts
0667888189724,openfacts
0667888189731,openfacts
0667888191536,openfacts
0667888191543,openfacts
0667888193257,openfacts
0667888193264,openfacts
0667888202263,openfacts
0667888205325,openfacts
0667888205455,openfacts
0667888212514,openfacts
0667888220564,openfacts
0667888220991,openfacts
0667888221639,openfacts
0667888223466,openfacts
0667888226412,openfacts
0667888229895,openfacts
0667888233250,openfacts
0667888233410,openfacts
0667888233649,openfacts
0667888233779,openfacts
0667888237296,openfacts
0667888237920,openfacts
0667888239573,openfacts
0667888240272,openfacts
0667888242337,openfacts
0667888246762,openfacts
0667888247318,openfacts
0667888247332,openfacts
0667888253517,openfacts
0667888253524,openfacts
0667888253548,openfacts
0667888253555,openfacts
0667888253562,openfacts
0667888253579,openfacts
0667888253685,openfacts
0667888253692,openfacts
0667888254675,openfacts
0667888255450,openfacts
0667888256976,openfacts
0667888257706,openfacts
0667888259380,openfacts
0667888259441,openfacts
0667888260140,openfacts
0667888260867,openfacts
0667888263028,openfacts
0667888263295,openfacts
0667888263516,openfacts
0667888264384,openfacts
0667888265190,openfacts
0667888265503,openfacts
0667888267125,openfacts
0667888268504,openfacts
0667888271719,openfacts
0667888271849,openfacts
0667888278947,openfacts
0667888278985,openfacts
0667888279104,openfacts
0667888279777,openfacts
0667888282487,openfacts
0667888284085,openfacts
0667888285891,openfacts
0667888286867,openfacts
0667888286898,openfacts
0667888287260,openfacts
0667888287277,openfacts
0667888288311,openfacts
0667888288342,openfacts
0667888290468,openfacts
0667888291342,openfacts
0667888291502,openfacts
0667888292141,openfacts
0667888292653,openfacts
0667888292769,openfacts
0667888294169,openfacts
0667888294633,openfacts
0667888295470,openfacts
0667888295906,openfacts
0667888297030,openfacts
0667888299539,openfacts
0667888299676,openfacts
0667888300334,openfacts
0667888302918,openfacts
0667888304851,openfacts
0667888304868,openfacts
0667888306732,openfacts
0667888306824,openfacts
0667888308453,openfacts
0667888308460,openfacts
0667888308491,openfacts
0667888310548,openfacts
0667888311132,openfacts
0667888315123,openfacts
0667888316779,openfacts
0667888317387,openfacts
0667888318537,openfacts
0667888318773,openfacts
0667888320127,openfacts
0667888321551,openfacts
0667888324187,openfacts
0667888326587,openfacts
0667888327577,openfacts
0667888328284,openfacts
0667888330584,openfacts
0667888332311,openfacts
0667888336173,openfacts
0667888339105,openfacts
0667888339631,openfacts
0667888340781,openfacts
0667888344895,openfacts
0667888348947,openfacts
0667888349395,openfacts
0667888349401,openfacts
0667888349418,openfacts
0667888352425,openfacts
0667888352432,openfacts
0667888358892,openfacts
0667888363643,openfacts
0667888366859,openfacts
0667888368310,openfacts
0667888369911,openfacts
0667888371754,openfacts
0667888374717,openfacts
0667888374755,openfacts
0667888375554,openfacts
0667888375745,openfacts
0667888375752,openfacts
0667888376179,openfacts
0667888377749,openfacts
0667888377909,openfacts
0667888379064,openfacts
0667888379071,openfacts
0667888379088,openfacts
0667888380381,openfacts
0667888380534,openfacts
0667888381128,openfacts
0667888384327,openfacts
0667888385638,openfacts
0667888386444,openfacts
0667888387724,openfacts
0667888389124,openfacts
0667888389834,openfacts
0667888390267,openfacts
0667888393251,openfacts
0667888397020,openfacts
0667888397235,openfacts
0667888397983,openfacts
0667888399284,openfacts
0667888399321,openfacts
0667888400980,openfacts
0667888401130,openfacts
0667888402700,openfacts
0667888404841,openfacts
0667888407408,openfacts
0667888407415,openfacts
0667888407651,openfacts
0667888409075,openfacts
0667888410071,openfacts
0667888410118,openfacts
0667888410958,openfacts
0667888411306,openfacts
0667888411733,openfacts
0667888412105,openfacts
0667888412365,openfacts
0667888412372,openfacts
0667888412464,openfacts
0667888412860,openfacts
0667888412914,openfacts
0667888413164,openfacts
0667888418749,openfacts
0667888419753,openfacts
0667888420056,openfacts
0667888420117,openfacts
0667888420377,openfacts
0667888420414,openfacts
0667888420490,openfacts
0667888420537,openfacts
0667888421251,openfacts
0667888421619,openfacts
0667888421633,openfacts
0667888422265,openfacts
0667888422562,openfacts
0667888423194,openfacts
0667888425754,openfacts
0667888425778,openfacts
0667888428236,openfacts
0667888428243,openfacts
0667888429912,openfacts
0667888430796,openfacts
0667888430819,openfacts
0667888431601,openfacts
0667888432141,openfacts
0667888432165,openfacts
0667888436125,openfacts
0667888436286,openfacts
0667888438235,openfacts
0667888438396,openfacts
0667888440566,openfacts
0667888440597,openfacts
0667888440603,openfacts
0667888441228,openfacts
0667888441709,openfacts
0667888441747,openfacts
0667888441754,openfacts
0667888441761,openfacts
0667888441808,openfacts
0667888442775,openfacts
0667888442980,openfacts
0667888443031,openfacts
0667888443048,openfacts
0667888443352,openfacts
0667888443369,openfacts
0667888443758,openfacts
0667888446001,openfacts
0667888446018,openfacts
0667888450527,openfacts
0667888451692,openfacts
0667888453566,openfacts
0667888454310,openfacts
0667888454723,openfacts
0667888455560,openfacts
0667888458417,openfacts
0667888458738,openfacts
0667888458813,openfacts
0667888459513,openfacts
0667888459643,openfacts
0667888459803,openfacts
0667888460113,openfacts
0667888460564,openfacts
0667888460694,openfacts
0667888461035,openfacts
0667888461042,openfacts
0667888461318,openfacts
0667888461325,openfacts
0667888461394,openfacts
0667888462414,openfacts
0667888462452,openfacts
0667888463176,openfacts
0667888465217,openfacts
0667888465729,openfacts
0667888466436,openfacts
0667888466443,openfacts
0667888466559,openfacts
0667888467488,openfacts
0667888467907,openfacts
0667888468485,openfacts
0667888468867,openfacts
0667888469765,openfacts
0667888469994,openfacts
0667888470396,openfacts
0667888471447,openfacts
0667888471485,openfacts
0667888472222,openfacts
0667888472956,openfacts
0667888473144,openfacts
0667888473151,openfacts
0667888473793,openfacts
0667888473816,openfacts
0667888473823,openfacts
0667888473946,openfacts
0667888476831,openfacts
0667888478187,openfacts
0667888478194,openfacts
0667888478200,openfacts
0667888478637,openfacts
0667888478965,openfacts
0667888479009,openfacts
0667888480005,openfacts
0667888480029,openfacts
0667888480562,openfacts
0667888482245,openfacts
0667888482917,openfacts
0667888482924,openfacts
0667888485499,openfacts
0667888485505,openfacts
0667888485512,openfacts
0667888485734,openfacts
0667888485741,openfacts
0667888485758,openfacts
0667888486373,openfacts
0667888486397,openfacts
0667888486403,openfacts
0667888486755,openfacts
0667888487448,openfacts
0667888487455,openfacts
0667888487622,openfacts
0667888487653,openfacts
0667888487936,openfacts
0667888488957,openfacts
0667888488964,openfacts
0667888489558,openfacts
0667888489909,openfacts
0667888490264,openfacts
0667888490493,openfacts
0667888490509,openfacts
0667888490776,openfacts
0667888490783,openfacts
0667888491414,openfacts
0667888491421,openfacts
0667888491490,openfacts
0667888492732,openfacts
0667888492862,openfacts
0667888493050,openfacts
0667888493098,openfacts
0667888493111,openfacts
0667888493142,openfacts
0667888493159,openfacts
0667888493210,openfacts
0667888494101,openfacts
0667888494118,openfacts
0667888494644,openfacts
0667888495191,openfacts
0667888495504,openfacts
0667888495610,openfacts
0667888496259,openfacts
0667888496327,openfacts
0667888497027,openfacts
0667888497034,openfacts
0667888497041,openfacts
0667888497058,openfacts
0667888497089,openfacts
0667888497096,openfacts
0667888497294,openfacts
0667888497317,openfacts
0667888497324,openfacts
0667888498062,openfacts
0667888498390,openfacts
0667888498468,openfacts
0667888498475,openfacts
0667888499243,openfacts
0667888499304,openfacts
0667888500253,openfacts
0667888500260,openfacts
0667888500550,openfacts
0667888501281,openfacts
0667888501298,openfacts
0667888501694,openfacts
0667888502271,openfacts
0667888502592,openfacts
0667888503612,openfacts
0667888503797,openfacts
0667888504206,openfacts
0667888504299,openfacts
0667888506330,openfacts
0667888506347,openfacts
0667888510672,openfacts
0667888515462,openfacts
0667888516421,openfacts
0667888517473,openfacts
0667888518883,openfacts
0667888519859,openfacts
0667888523818,openfacts
0667888524105,openfacts
0667888526277,openfacts
0667888526574,openfacts
0667888527472,openfacts
0667888527519,openfacts
0667888528974,openfacts
0667888529193,openfacts
0667888533480,openfacts
0667888533626,openfacts
0667888534586,openfacts
0667888536542,openfacts
0667888536948,openfacts
0667888541928,openfacts
0667888543564,openfacts
0667888543571,openfacts
0667888544882,openfacts
0667888545032,openfacts
0667888545902,openfacts
0667888547166,openfacts
0667888547302,openfacts
0667888547319,openfacts
0667888548125,openfacts
0667888548583,openfacts
0667888548590,openfacts
0667888548897,openfacts
0667888549665,openfacts
0667888550036,openfacts
0667888550081,openfacts
0667888550692,openfacts
0667888550753,openfacts
0667888553372,openfacts
0667888553686,openfacts
0667888553945,openfacts
0667888554720,openfacts
0667888554904,openfacts
0667888555550,openfacts
0667888556366,openfacts
0667888557202,openfacts
0667888558834,openfacts
0667888558865,openfacts
0667888558872,openfacts
0667888558889,openfacts
0667888559480,openfacts
0667888560288,openfacts
0667888562534,openfacts
0667888562541,openfacts
0667888562930,openfacts
0667888563319,openfacts
0667888564866,openfacts
0667888564927,openfacts
0667888564996,openfacts
0667888565788,openfacts
0667888565993,openfacts
0667888566266,openfacts
0667888566624,openfacts
0667888567447,openfacts
0667888569199,openfacts
0667888572489,openfacts
0667888572670,openfacts
0667888572960,openfacts
0667888575244,openfacts
0667888578689,openfacts
0667888578818,openfacts
0667888578825,openfacts
0667888579327,openfacts
0667888579341,openfacts
0667888579389,openfacts
0667888579396,openfacts
0667888579839,openfacts
0667888580415,openfacts
0667888582648,openfacts
0667888582686,openfacts
0667888584499,openfacts
0667888586691,openfacts
0667888588138,openfacts
0667888590582,openfacts
0667888590865,openfacts
0667888592753,openfacts
0667888592999,openfacts
0667888594528,openfacts
0667888596423,openfacts
0667888596430,openfacts
0667888596874,openfacts
0667888598700,openfacts
0667888599981,openfacts
0667888601004,openfacts
0667888601035,openfacts
0667888601059,openfacts
0667888602247,openfacts
0667888602995,openfacts
0667888604494,openfacts
0667888605606,openfacts
0667888611676,openfacts
0667888617289,openfacts
0667888624317,openfacts
0667888626540,openfacts
0667888626557,openfacts
0667888626809,openfacts
0667888626915,openfacts
0667888626953,openfacts
0667888627073,openfacts
0667888627141,openfacts
0667888627318,openfacts
0667888629169,openfacts
0667888630462,openfacts
0667888630660,openfacts
0667888630790,openfacts
0667888630806,openfacts
0667888632411,openfacts
0667888632480,openfacts
0667888633548,openfacts
0667888635689,openfacts
0667888638246,openfacts
0667888640355,openfacts
0667888643615,openfacts
0667888644544,openfacts
0667888648764,openfacts
0667925000074,openfacts
0667946850030,openfacts
0667946890005,openfacts
0667946891873,openfacts
0667964001018,openfacts
0667967681736,openfacts
0667974803626,openfacts
0667978010129,usda
0667978010136,usda
0667978010150,usda
0667978010167,usda
0667978010600,usda
0667978011898,usda
0667978012291,openfacts
0667978013366,openfacts
0667978013397,usda
0667978013403,usda
0667978013748,openfacts
0667978013779,usda
0667978014349,openfacts
0667978014431,openfacts
0667978014479,openfacts
0667978014608,openfacts
0667978014615,openfacts
0667978014639,usda
0667978015704,openfacts
0667978016404,openfacts
0667978016732,openfacts
0667978016770,openfacts
0667978027288,usda
0667978102374,usda
0667978102381,usda
0667978109250,openfacts
0667978117262,usda
0667978133033,usda
0667978135044,usda
0667978518298,usda
0667978541814,usda
0667978571941,openfacts
0667978572573,openfacts
0667978576274,usda
0667978594216,usda
0667978654194,usda
0667978654286,usda
0667978654484,usda
0667978718926,usda
0667978741931,usda
0667978745786,usda
0667978749203,usda
0667978749388,usda
0667978749739,usda
0667978754115,usda
0667978754894,openfacts
0667978757574,usda
0667978757710,usda
0667978757741,usda
0667978757826,usda
0667978757925,usda
0667978757994,usda
0667978759585,usda
0667978781012,openfacts
0667978951026,usda
0667978994603,usda
0667989313134,openfacts
0668005005064,openfacts
0668186530799,openfacts
0668211547143,openfacts
0668267075904,openfacts
0668313914706,openfacts
0668322000100,openfacts
0668328000005,openfacts
0668343418496,openfacts
0668344655456,openfacts
0668446000284,openfacts
0668446000352,openfacts
0668452489547,openfacts
0668493300443,openfacts
0668517859506,openfacts
0668544160606,openfacts
0668595056330,openfacts
0668649012695,openfacts
0668650090675,openfacts
0668829006285,openfacts
0668829059007,openfacts
0668829059519,openfacts
0668829084344,usda
0668860100034,openfacts
0668903010825,openfacts
0668924969447,openfacts
0669000075311,openfacts
0669002249956,usda
0669002721049,openfacts
0669007006035,openfacts
0669012074005,openfacts
0669013001161,openfacts
0669013001185,openfacts
0669014147936,openfacts
0669014314307,openfacts
0669014613011,openfacts
0669014648846,openfacts
0669014648860,openfacts
0669014648891,openfacts
0669014648907,openfacts
0669014648921,openfacts
0669014649096,openfacts
0669014649119,openfacts
0669014743763,openfacts
0669014864345,openfacts
0669014989758,openfacts
0669014989765,openfacts
0669014989772,openfacts
0669014989826,openfacts
0669014989857,openfacts
0669025002538,openfacts
0669025101132,openfacts
0669028101238,item_master
0669028101252,item_master
0669028110155,item_master
0669028111251,item_master
0669028111398,item_master
0669028111688,item_master
0669028111695,item_master
0669028111770,webdatacommons
0669028111787,item_master
0669028112029,item_master
0669028112036,item_master
0669028113804,item_master
0669028114146,item_master
0669028114177,item_master
0669028114184,item_master
0669028114191,item_master
0669028114207,item_master
0669028114306,item_master
0669028114405,item_master
0669028114627,item_master
0669029120023,openfacts
0669029120047,openfacts
0669029120061,openfacts
0669029120085,openfacts
0669029120108,usda
0669029120146,openfacts
0669029120160,openfacts
0669029120269,openfacts
0669029120320,openfacts
0669029120344,openfacts
0669029169015,openfacts
0669029338039,openfacts
0669029338053,openfacts
0669029338077,openfacts
0669029338152,usda
0669029338176,usda
0669029338190,openfacts
0669032213026,usda
0669035152001,openfacts
0669035152100,openfacts
0669035153701,openfacts
0669035153800,openfacts
0669035156900,openfacts
0669035202003,usda
0669035217281,usda
0669035230006,openfacts
0669035303083,usda
0669035800018,usda
0669035800025,usda
0669035800032,usda
0669035800056,usda
0669035800070,usda
0669035800094,usda
0669035800100,usda
0669035833108,usda
0669035833207,usda
0669035995202,usda
0669035999088,usda
0669038006516,openfacts
0669046003330,openfacts
0669066001972,openfacts
0669066990962,openfacts
0669114000131,usda
0669114852020,usda
0669114852044,usda
0669114852051,usda
0669114856042,usda
0669114856257,usda
0669114960725,usda
0669125504031,openfacts
0669125607442,openfacts
0669125941386,openfacts
0669125998533,openfacts
0669125998540,openfacts
0669125999097,openfacts
0669145313408,openfacts
0669145313507,openfacts
0669145313569,openfacts
0669145313576,openfacts
0669145313705,openfacts
0669145313729,openfacts
0669145313743,openfacts
0669145313767,openfacts
0669145399983,openfacts
0669145865303,openfacts
0669145865334,openfacts
0669145865341,openfacts
0669145865358,openfacts
0669145865365,openfacts
0669145865372,openfacts
0669145865389,openfacts
0669145865402,openfacts
0669145865426,openfacts
0669145865440,openfacts
0669145865457,openfacts
0669145865488,openfacts
0669145865501,openfacts
0669145866010,openfacts
0669145922310,openfacts
0669149105504,usda
0669149105528,usda
0669149105603,usda
0669168095640,openfacts
0669168098788,openfacts
0669168189233,openfacts
0669168195067,openfacts
0669168245700,openfacts
0669168347985,openfacts
0669169000131,usda
0669169000155,usda
0669169000179,usda
0669169000896,openfacts
0669169000902,openfacts
0669169000919,openfacts
0669169000933,openfacts
0669169000964,openfacts
0669169000971,openfacts
0669185140620,openfacts
0669185140866,openfacts
0669185140873,openfacts
0669185140880,openfacts
0669185157789,openfacts
0669185159028,openfacts
0669185159172,openfacts
0669185159301,openfacts
0669185159608,openfacts
0669185159974,openfacts
0669185159981,openfacts
0669185167351,openfacts
0669185167382,openfacts
0669185168235,openfacts
0669185234862,openfacts
0669185234923,openfacts
0669185235029,openfacts
0669185311709,openfacts
0669185312294,openfacts
0669185316926,openfacts
0669185317015,openfacts
0669185317022,openfacts
0669185317060,openfacts
0669185317107,openfacts
0669185317121,openfacts
0669185317152,openfacts
0669185317169,openfacts
0669185317176,openfacts
0669185318982,openfacts
0669185334852,openfacts
0669185406184,openfacts
0669185407334,openfacts
0669185409215,openfacts
0669185411126,openfacts
0669191140461,openfacts
0669191204569,openfacts
0669191235136,openfacts
0669191354035,openfacts
0669191377386,openfacts
0669191383516,openfacts
0669191503631,openfacts
0669191506663,openfacts
0669191518611,openfacts
0669191528627,openfacts
0669191529136,openfacts
0669191530743,openfacts
0669191579278,openfacts
0669191579292,openfacts
0669191672771,openfacts
0669191679411,openfacts
0669191693943,openfacts
0669191721486,openfacts
0669191805094,openfacts
0669191805407,openfacts
0669191811811,openfacts
0669191879552,openfacts
0669191899710,openfacts
0669191918282,openfacts
0669192010053,openfacts
0669203324148,openfacts
0669203324155,openfacts
0669203926335,openfacts
0669203926731,openfacts
0669212116789,openfacts
0669212174666,usda
0669212174697,usda
0669212174710,usda
0669212174727,usda
0669212175991,usda
0669212176004,usda
0669212176028,usda
0669212176066,usda
0669212176387,usda
0669212179845,usda
0669212180551,usda
0669212184887,usda
0669212185099,usda
0669212185310,usda
0669212186058,usda
0669212192059,openfacts
0669212265012,openfacts
0669212294388,openfacts
0669212295224,openfacts
0669221530620,openfacts
0669221531344,openfacts
0669238000178,openfacts
0669238013895,openfacts
0669238014540,openfacts
0669238014649,openfacts
0669239200713,openfacts
0669294030201,openfacts
0669294506232,openfacts
0669301275007,item_master
0669301275014,item_master
0669301275021,item_master
0669316060506,openfacts
0669316069134,openfacts
0669316073704,openfacts
0669316401699,openfacts
0669316434505,openfacts
0669334000324,openfacts
0669338000054,openfacts
0669338000061,openfacts
0669338000771,openfacts
0669338001365,openfacts
0669338001396,openfacts
0669338001402,openfacts
0669338001419,openfacts
0669338004830,openfacts
0669342110107,openfacts
0669342111104,openfacts
0669355356189,openfacts
0669356192472,openfacts
0669356192496,openfacts
0669356192540,openfacts
0669356192588,openfacts
0669356192601,openfacts
0669356443864,openfacts
0669356542185,openfacts
0669356542192,openfacts
0669356542208,openfacts
0669356542215,openfacts
0669356542222,openfacts
0669356548965,openfacts
0669356613007,openfacts
0669356613021,openfacts
0669356816859,openfacts
0669369052176,openfacts
0669369306682,openfacts
0669369700107,openfacts
0669369700114,openfacts
0669369700152,openfacts
0669369700428,openfacts
0669369700732,openfacts
0669377539577,usda
0669377599083,openfacts
0669377889078,usda
0669387001019,openfacts
0669387001033,openfacts
0669387001071,openfacts
0669387005017,openfacts
0669387005031,openfacts
0669387005048,openfacts
0669387005093,openfacts
0669387005123,openfacts
0669387005161,openfacts
0669387005246,openfacts
0669387005314,openfacts
0669387005383,usda
0669387005413,openfacts
0669387005420,openfacts
0669387005901,openfacts
0669387005918,openfacts
0669387006489,usda
0669387006502,openfacts
0669387006793,openfacts
0669387006809,openfacts
0669387006816,openfacts
0669387006847,openfacts
0669387006854,openfacts
0669387006878,openfacts
0669387006885,openfacts
0669387006892,openfacts
0669387006939,usda
0669387006946,openfacts
0669387006953,openfacts
0669387007004,openfacts
0669387007011,openfacts
0669387007028,openfacts
0669387007035,openfacts
0669387007042,openfacts
0669387007059,openfacts
0669387007073,openfacts
0669387007097,openfacts
0669387007110,openfacts
0669387007127,openfacts
0669387007134,openfacts
0669387007196,openfacts
0669387007202,openfacts
0669387007264,openfacts
0669387007271,openfacts
0669387007288,openfacts
0669387007295,openfacts
0669387007301,openfacts
0669387007318,openfacts
0669387007325,openfacts
0669387007332,openfacts
0669387007349,openfacts
0669387007356,openfacts
0669387007363,openfacts
0669387007370,openfacts
0669387007387,openfacts
0669387007394,openfacts
0669387007400,openfacts
0669387007417,openfacts
0669387007448,openfacts
0669387007462,openfacts
0669387007479,openfacts
0669387007486,openfacts
0669387007493,openfacts
0669387007509,openfacts
0669387007561,usda
0669390713046,openfacts
0669393329022,openfacts
0669393329053,openfacts
0669393331933,openfacts
0669393333395,openfacts
0669393333968,openfacts
0669393334651,openfacts
0669393334729,openfacts
0669393334736,openfacts
0669393334743,openfacts
0669393335412,openfacts
0669393336112,openfacts
0669393336143,openfacts
0669393834847,openfacts
0669393835318,openfacts
0669393937395,openfacts
0669393937609,openfacts
0669393937630,openfacts
0669393937654,openfacts
0669393937739,openfacts
0669393940579,openfacts
0669412060486,openfacts
0669416496632,openfacts
0669416631941,openfacts
0669416631958,openfacts
0669423019435,openfacts
0669423032953,openfacts
0669423057505,openfacts
0669423113904,openfacts
0669423140061,item_master
0669423140078,item_master
0669439821602,openfacts
0669439844281,openfacts
0669439847879,openfacts
0669444967630,openfacts
0669461451112,openfacts
0669461453215,openfacts
0669461453284,usda
0669461453291,usda
0669461453772,usda
0669461453949,usda
0669461454076,openfacts
0669466739932,openfacts
0669481531825,openfacts
0669486305216,usda
0669486553099,openfacts
0669503054745,openfacts
0669510922853,usda
0669543503364,openfacts
0669546130833,openfacts
0669553104117,openfacts
0669556010002,openfacts
0669556010019,openfacts
0669556010026,openfacts
0669556010033,openfacts
0669556010064,openfacts
0669556010088,openfacts
0669556010118,openfacts
0669556010125,openfacts
0669556010224,openfacts
0669556010316,openfacts
0669556010323,openfacts
0669556010330,openfacts
0669556010354,openfacts
0669556010415,openfacts
0669556010446,openfacts
0669556010453,openfacts
0669556010460,openfacts
0669556010514,openfacts
0669556010606,openfacts
0669556010682,openfacts
0669556010774,openfacts
0669556020018,usda
0669556020032,usda
0669556020049,usda
0669556020056,usda
0669556020063,usda
0669556020155,openfacts
0669556020179,usda
0669556020216,usda
0669556020223,openfacts
0669556020230,usda
0669556020261,usda
0669556020278,usda
0669556020285,usda
0669556020339,openfacts
0669556020360,openfacts
0669556020391,openfacts
0669556020407,openfacts
0669556023118,openfacts
0669556030024,openfacts
0669556030086,openfacts
0669556030208,openfacts
0669556030284,openfacts
0669556030307,openfacts
0669556030338,openfacts
0669556030598,openfacts
0669556030604,openfacts
0669556030628,openfacts
0669556030635,openfacts
0669556030642,openfacts
0669556030727,openfacts
0669556030802,openfacts
0669556030819,openfacts
0669556030826,openfacts
0669556030833,openfacts
0669556030840,openfacts
0669556030864,openfacts
0669556030895,openfacts
0669556030949,openfacts
0669556040115,openfacts
0669556040122,openfacts
0669556040139,openfacts
0669556040146,openfacts
0669556040153,openfacts
0669556040160,openfacts
0669556040177,openfacts
0669556040184,openfacts
0669556040191,usda
0669556040207,openfacts
0669556040214,openfacts
0669556040276,openfacts
0669556040283,openfacts
0669556040290,usda
0669556061011,openfacts
0669556061028,openfacts
0669556061110,usda
0669556061226,openfacts
0669556061240,usda
0669556061363,openfacts
0669556061370,openfacts
0669556061424,usda
0669556061561,usda
0669556062063,usda
0669556062100,openfacts
0669556062544,openfacts
0669556062896,usda
0669556062902,openfacts
0669556062919,usda
0669556062926,usda
0669556062933,usda
0669556062957,openfacts
0669556062964,usda
0669556062971,usda
0669556062995,usda
0669556063077,openfacts
0669556063084,usda
0669556063107,usda
0669556063268,usda
0669556063336,openfacts
0669556063350,openfacts
0669556063367,openfacts
0669556063497,openfacts
0669556063527,openfacts
0669556063541,usda
0669556063558,openfacts
0669556063565,openfacts
0669556063589,openfacts
0669556063596,openfacts
0669556063732,openfacts
0669556063749,openfacts
0669556063756,openfacts
0669556063763,openfacts
0669556063770,openfacts
0669556063787,openfacts
0669556063800,openfacts
0669556070068,usda
0669556070075,openfacts
0669556070082,openfacts
0669556070099,usda
0669556070105,openfacts
0669556070136,usda
0669556070143,openfacts
0669556070150,openfacts
0669556070167,openfacts
0669556070174,openfacts
0669556070235,openfacts
0669556070297,openfacts
0669556070334,openfacts
0669556070341,openfacts
0669556070358,openfacts
0669556070365,openfacts
0669556070396,openfacts
0669556070402,openfacts
0669556070419,openfacts
0669556070457,openfacts
0669556070464,openfacts
0669556070488,openfacts
0669556070501,openfacts
0669556070518,openfacts
0669556070730,openfacts
0669556070747,openfacts
0669556070853,openfacts
0669556071140,openfacts
0669556071157,openfacts
0669556071362,openfacts
0669556071447,openfacts
0669556071454,openfacts
0669556071461,openfacts
0669556071485,openfacts
0669556071515,openfacts
0669556071539,openfacts
0669556071546,openfacts
0669556071553,openfacts
0669556071744,openfacts
0669556071751,openfacts
0669556071768,openfacts
0669556071775,openfacts
0669556071799,openfacts
0669556071812,openfacts
0669556071829,openfacts
0669556074646,openfacts
0669556090462,openfacts
0669558500082,openfacts
0669568019482,item_master
0669568027593,openfacts
0669568050034,openfacts
0669568050065,openfacts
0669568050133,openfacts
0669568050171,item_master
0669568050201,openfacts
0669568050379,item_master
0669568050751,openfacts
0669568051062,openfacts
0669568051215,openfacts
0669568078250,item_master
0669568078281,item_master
0669568078373,item_master
0669568087757,item_master
0669568087788,item_master
0669568088136,item_master
0669568088471,item_master
0669568088570,item_master
0669568088662,item_master
0669568088693,item_master
0669568089058,item_master
0669568089065,item_master
0669568089072,item_master
0669568089089,item_master
0669568089102,item_master
0669568089119,item_master
0669568089201,item_master
0669568089324,item_master
0669568089348,item_master
0669568089379,item_master
0669568089393,item_master
0669568089409,item_master
0669568101781,openfacts
0669568102061,item_master
0669568102078,item_master
0669568102108,item_master
0669568102115,item_master
0669568102122,item_master
0669568102139,item_master
0669568102153,item_master
0669568102160,item_master
0669568102177,item_master
0669568102191,item_master
0669568102207,item_master
0669568102306,item_master
0669568102313,item_master
0669568102320,item_master
0669568102337,item_master
0669568102344,item_master
0669568102351,item_master
0669568102368,item_master
0669568102375,item_master
0669568102382,item_master
0669568102399,item_master
0669568102986,item_master
0669568103891,openfacts
0669568105123,item_master
0669568105130,item_master
0669568105697,openfacts
0669568112022,item_master
0669568112084,item_master
0669568112091,item_master
0669568112350,item_master
0669568112367,item_master
0669568112374,item_master
0669568112411,item_master
0669568112428,item_master
0669568112435,item_master
0669568112442,item_master
0669568112473,item_master
0669568112497,item_master
0669568112633,item_master
0669568112725,item_master
0669568112954,item_master
0669568124063,openfacts
0669568124162,openfacts
0669568124216,openfacts
0669568124254,openfacts
0669568124667,openfacts
0669568124681,openfacts
0669568124698,openfacts
0669568143750,openfacts
0669568143767,openfacts
0669568143774,openfacts
0669568143873,openfacts
0669568143897,openfacts
0669568143927,openfacts
0669568171593,openfacts
0669568171906,openfacts
0669568172712,openfacts
0669568174945,item_master
0669568174952,item_master
0669568174969,item_master
0669568174976,item_master
0669568174983,item_master
0669568174990,item_master
0669568175003,item_master
0669568175010,item_master
0669568194073,item_master
0669568194080,item_master
0669568194097,item_master
0669568194103,item_master
0669568194110,item_master
0669568194127,item_master
0669568194134,item_master
0669568194141,item_master
0669568194158,item_master
0669568194165,item_master
0669568194172,item_master
0669568194189,item_master
0669568194196,item_master
0669568194233,item_master
0669568194240,item_master
0669568194257,item_master
0669568194301,item_master
0669568194318,item_master
0669568194356,item_master
0669568194363,item_master
0669568194370,item_master
0669568194417,item_master
0669568194424,item_master
0669568194431,item_master
0669568194486,item_master
0669568194493,item_master
0669568194530,item_master
0669568194547,item_master
0669568196572,item_master
0669568196589,item_master
0669568196596,item_master
0669568196695,item_master
0669568196701,item_master
0669568196718,item_master
0669568196756,item_master
0669568196763,item_master
0669568196770,item_master
0669568196817,item_master
0669568196824,item_master
0669568196831,item_master
0669568196879,item_master
0669568196886,item_master
0669568196893,item_master
0669568196930,item_master
0669568196947,item_master
0669568196954,item_master
0669568196992,item_master
0669568197005,item_master
0669568197012,item_master
0669568197050,item_master
0669568197067,item_master
0669568197074,item_master
0669568197111,item_master
0669568197128,item_master
0669568197135,item_master
0669568197296,item_master
0669568197333,item_master
0669568197616,item_master
0669568197654,item_master
0669568197692,item_master
0669568197739,item_master
0669568197814,item_master
0669568197852,item_master
0669568197890,item_master
0669568197937,item_master
0669568197975,item_master
0669568198019,item_master
0669568198057,item_master
0669568198095,item_master
0669568198170,item_master
0669568198217,item_master
0669568198255,item_master
0669568214382,openfacts
0669568252087,item_master
0669568252094,item_master
0669568252100,item_master
0669568252698,item_master
0669568252704,item_master
0669568252896,item_master
0669568252902,item_master
0669568252919,item_master
0669568252926,item_master
0669568252933,item_master
0669568252940,item_master
0669568252957,item_master
0669568252964,item_master
0669568252971,item_master
0669568252988,item_master
0669568260389,item_master
0669568280202,item_master
0669568280219,item_master
0669568280226,item_master
0669568280233,item_master
0669568280240,item_master
0669568280257,item_master
0669568280264,item_master
0669568280271,item_master
0669568280288,item_master
0669568280295,item_master
0669568283302,item_master
0669568283319,item_master
0669568283326,item_master
0669568283333,item_master
0669568283340,item_master
0669568283357,item_master
0669568283364,item_master
0669568283371,item_master
0669568283388,item_master
0669568283395,item_master
0669568285610,item_master
0669568285627,item_master
0669568285634,item_master
0669568285641,item_master
0669568286617,item_master
0669568286624,item_master
0669568286631,item_master
0669568286648,item_master
0669568286655,item_master
0669568286662,item_master
0669568286679,item_master
0669568286686,item_master
0669568286693,item_master
0669568286709,item_master
0669568286716,item_master
0669568286723,item_master
0669568286730,item_master
0669568286747,item_master
0669568286754,item_master
0669568286761,item_master
0669568286778,item_master
0669568286785,item_master
0669568286792,item_master
0669568286808,item_master
0669568286815,item_master
0669568286822,item_master
0669568286839,item_master
0669568286846,item_master
0669568286853,item_master
0669568286860,item_master
0669568286877,item_master
0669568286884,item_master
0669568286891,item_master
0669568286907,item_master
0669568286914,item_master
0669568286921,item_master
0669568286938,item_master
0669568286945,item_master
0669568286952,item_master
0669568286969,item_master
0669568286976,item_master
0669568286983,item_master
0669568286990,item_master
0669568287003,item_master
0669568287577,item_master
0669568287584,item_master
0669576016923,openfacts
0669576017012,usda
0669576017029,openfacts
0669576017036,openfacts
0669576019214,openfacts
0669576019238,openfacts
0669576019269,openfacts
0669576019405,openfacts
0669576019450,openfacts
0669576020548,openfacts
0669576040393,openfacts
0669580003339,openfacts
0669595400055,openfacts
0669607006428,openfacts
0669613000021,openfacts
0669633105799,usda
0669633359383,usda
0669633359826,usda
0669633359840,usda
0669633359857,usda
0669633359864,usda
0669660000159,openfacts
0669660001521,openfacts
0669660001538,openfacts
0669660005086,openfacts
0669660005239,openfacts
0669660008889,openfacts
0669660008919,openfacts
0669660204144,openfacts
0669660481651,openfacts
0669660514052,openfacts
0669660801046,openfacts
0669660912056,openfacts
0669660940745,openfacts
0669671811713,usda
0669677002542,openfacts
0669694110114,openfacts
0669694110152,openfacts
0669694110411,openfacts
0669694130211,openfacts
0669694131218,openfacts
0669694131911,openfacts
0669709267093,openfacts
0669719099820,openfacts
0669731013552,usda
0669731013583,usda
0669731100214,usda
0669731100221,usda
0669731100238,usda
0669731100245,usda
0669731169112,usda
0669731210210,usda
0669731210319,openfacts
0669731210340,openfacts
0669731210418,openfacts
0669731210449,usda
0669731240019,usda
0669731320018,usda
0669731400017,openfacts
0669736005040,openfacts
0669746543334,openfacts
0669761077067,usda
0669765128185,openfacts
0669803251226,openfacts
0669803900001,openfacts
0669809100047,openfacts
0669809100061,openfacts
0669809100108,openfacts
0669809100207,openfacts
0669809100214,openfacts
0669809100306,openfacts
0669809100405,openfacts
0669809100535,openfacts
0669809100542,openfacts
0669809100559,openfacts
0669809100641,openfacts
0669809100658,openfacts
0669809100801,openfacts
0669809100849,openfacts
0669809101013,openfacts
0669809101037,openfacts
0669809101051,openfacts
0669809101068,openfacts
0669809101204,openfacts
0669809101228,openfacts
0669809101303,openfacts
0669809101433,openfacts
0669809101440,openfacts
0669809101471,openfacts
0669809101495,openfacts
0669809101549,openfacts
0669809101600,openfacts
0669809101655,openfacts
0669809101709,openfacts
0669809101723,openfacts
0669809101808,openfacts
0669809101914,openfacts
0669809102102,openfacts
0669809102607,openfacts
0669809102638,openfacts
0669809102706,openfacts
0669809102805,openfacts
0669809103000,openfacts
0669809103024,openfacts
0669809103109,openfacts
0669809103222,openfacts
0669809103406,openfacts
0669809111234,openfacts
0669809111531,openfacts
0669809200044,openfacts
0669809200068,openfacts
0669809200204,usda
0669809200211,usda
0669809200266,usda
0669809200303,openfacts
0669809200402,usda
0669809200419,usda
0669809200518,openfacts
0669809200525,openfacts
0669809200532,usda
0669809200549,usda
0669809200556,usda
0669809200600,usda
0669809200648,usda
0669809200709,openfacts
0669809200723,openfacts
0669809200808,usda
0669809200815,openfacts
0669809200846,usda
0669809200877,openfacts
0669809201072,openfacts
0669809201089,openfacts
0669809201201,openfacts
0669809201218,usda
0669809201225,usda
0669809201232,usda
0669809201256,usda
0669809201423,usda
0669809201430,usda
0669809201447,openfacts
0669809201454,usda
0669809201461,usda
0669809201478,usda
0669809201485,usda
0669809201546,openfacts
0669809201560,openfacts
0669809201607,usda
0669809201652,usda
0669809201706,usda
0669809201713,openfacts
0669809201805,usda
0669809201850,openfacts
0669809201904,openfacts
0669809201928,usda
0669809201942,openfacts
0669809201966,openfacts
0669809201980,openfacts
0669809202086,openfacts
0669809202093,usda
0669809202109,openfacts
0669809202123,openfacts
0669809202192,usda
0669809202284,openfacts
0669809202604,openfacts
0669809202628,openfacts
0669809202703,openfacts
0669809202802,openfacts
0669809202901,openfacts
0669809202987,openfacts
0669809203007,openfacts
0669809203106,openfacts
0669809203205,openfacts
0669809203236,openfacts
0669809203243,openfacts
0669809203274,openfacts
0669809203304,openfacts
0669809203403,openfacts
0669809203502,openfacts
0669809203908,openfacts
0669809203922,openfacts
0669809203946,openfacts
0669809204004,openfacts
0669809204103,openfacts
0669809222107,openfacts
0669809222169,openfacts
0669809222206,usda
0669809222404,usda
0669809222411,openfacts
0669809222435,openfacts
0669809222541,usda
0669809222565,openfacts
0669809222800,usda
0669818723718,openfacts
0669818776523,openfacts
0669818935074,openfacts
0669852128821,openfacts
0669854000118,openfacts
0669863002714,openfacts
0669864000207,openfacts
0669869062958,openfacts
0669876000158,usda
0669876000165,usda
0669876000172,usda
0669876000202,usda
0669876000219,openfacts
0669878010117,openfacts
0669878010131,openfacts
0669887364225,openfacts
0669887505239,usda
0669887508865,usda
0669887510691,openfacts
0669887510950,usda
0669887511285,openfacts
0669887512824,usda
0669887512831,usda
0669887512855,usda
0669887514811,openfacts
0669887514842,usda
0669887514873,usda
0669887514880,usda
0669887514897,usda
0669887515313,usda
0669887515320,usda
0669887516037,usda
0669887516617,openfacts
0669887516624,openfacts
0669887516631,openfacts
0669887516648,openfacts
0669887516655,openfacts
0669887516716,usda
0669887517126,openfacts
0669887517157,openfacts
0669887517164,openfacts
0669887517249,usda
0669887517331,openfacts
0669887517911,openfacts
0669887518017,openfacts
0669887518444,openfacts
0669887519212,openfacts
0669887519311,openfacts
0669887519328,openfacts
0669887519335,openfacts
0669887519342,openfacts
0669887519618,openfacts
0669887519625,openfacts
0669887519748,openfacts
0669887519755,openfacts
0669887519953,openfacts
0669887520034,openfacts
0669887520119,openfacts
0669887520126,openfacts
0669887520454,openfacts
0669887520539,openfacts
0669887520607,openfacts
0669887520805,openfacts
0669887530538,usda
0669887530545,usda
0669887530552,openfacts
0669887530569,openfacts
0669887530613,openfacts
0669887530644,openfacts
0669887530743,openfacts
0669887531009,usda
0669887531016,usda
0669887531313,usda
0669887531320,usda
0669887531337,usda
0669887531344,openfacts
0669887531351,usda
0669887531825,openfacts
0669887531849,openfacts
0669887532204,openfacts
0669887532211,openfacts
0669887532389,openfacts
0669896008738,openfacts
0669896008806,openfacts
0669896010052,openfacts
0669896010243,usda
0669896010267,openfacts
0669896010342,openfacts
0669896010489,openfacts
0669896010496,openfacts
0669896010526,openfacts
0669896010540,openfacts
0669896011127,openfacts
0669896011134,openfacts
0669896011240,openfacts
0669896011264,openfacts
0669896011356,openfacts
0669896011530,openfacts
0669896011608,openfacts
0669896011615,openfacts
0669896011622,openfacts
0669896011639,openfacts
0669896011943,openfacts
0669896012131,openfacts
0669896012186,openfacts
0669896012209,openfacts
0669896012261,openfacts
0669896012278,openfacts
0669896012322,openfacts
0669896012421,openfacts
0669896012490,openfacts
0669896012513,openfacts
0669896012780,openfacts
0669896012797,openfacts
0669896013084,openfacts
0669896013114,openfacts
0669896013121,openfacts
0669896013480,openfacts
0669896013800,openfacts
0669896013848,openfacts
0669896013893,openfacts
0669896013909,openfacts
0669896013992,openfacts
0669896014708,openfacts
0669908004055,openfacts
0669908004215,openfacts
0669909880184,usda
0669936799374,openfacts
0669936799398,openfacts
0669945015076,openfacts
0669945015182,openfacts
0669945015199,openfacts
0669945015298,openfacts
0669945015328,openfacts
0669945015342,openfacts
0669945015427,openfacts
0669945015564,openfacts
0669945015809,openfacts
0669945015847,openfacts
0669945016202,openfacts
0669945016301,openfacts
0669994100020,openfacts
0669994100051,openfacts
0669994100068,openfacts
0669994100136,openfacts
0669994100150,openfacts
0669994100167,openfacts
0669994100174,openfacts
0669994100259,openfacts
0669994100532,openfacts
0669994100549,openfacts
0669994100556,openfacts
0669994100587,openfacts
0669994100600,openfacts
0669994100617,openfacts
0669994100846,openfacts
0669994100877,openfacts
0669994102161,openfacts
0669994102192,openfacts
0669994108132,openfacts
0669994112054,usda
0669994114003,openfacts
0669994114034,openfacts
0669994114201,openfacts
0669994130522,openfacts
