ean13,source
0860000000406,openfacts
0860000000741,openfacts
0860000002905,openfacts
0860000003100,openfacts
0860000004435,openfacts
0860000004442,openfacts
0860000004459,openfacts
0860000004466,openfacts
0860000007009,openfacts
0860000007016,openfacts
0860000007023,openfacts
0860000007047,openfacts
0860000009317,openfacts
0860000011112,openfacts
0860000011143,openfacts
0860000013550,openfacts
0860000014700,openfacts
0860000022408,openfacts
0860000023900,openfacts
0860000023917,openfacts
0860000023924,openfacts
0860000023931,openfacts
0860000023948,openfacts
0860000024099,openfacts
0860000026000,openfacts
0860000026376,openfacts
0860000027687,openfacts
0860000029704,openfacts
0860000030601,openfacts
0860000033343,openfacts
0860000034036,openfacts
0860000034203,openfacts
0860000034234,openfacts
0860000034241,openfacts
0860000034265,openfacts
0860000052740,openfacts
0860000052757,openfacts
0860000052764,openfacts
0860000052771,openfacts
0860000052788,openfacts
0860000066907,openfacts
0860000066914,openfacts
0860000066952,openfacts
0860000066976,openfacts
0860000066990,openfacts
0860000069700,openfacts
0860000069731,openfacts
0860000071307,openfacts
0860000071376,openfacts
0860000073608,openfacts
0860000073615,openfacts
0860000073622,openfacts
0860000073677,openfacts
0860000077118,openfacts
0860000080637,openfacts
0860000080682,openfacts
0860000084628,openfacts
0860000084642,openfacts
0860000084659,openfacts
0860000085717,openfacts
0860000085724,openfacts
0860000085748,openfacts
0860000085755,openfacts
0860000086707,openfacts
0860000086721,openfacts
0860000088633,openfacts
0860000098304,openfacts
0860000100946,openfacts
0860000102407,openfacts
0860000106214,openfacts
0860000106221,openfacts
0860000106245,openfacts
0860000106252,openfacts
0860000106269,openfacts
0860000106290,openfacts
0860000108027,openfacts
0860000108034,openfacts
0860000108041,openfacts
0860000108058,openfacts
0860000110204,openfacts
0860000110235,openfacts
0860000110242,openfacts
0860000110259,openfacts
0860000110297,openfacts
0860000110426,openfacts
0860000114806,openfacts
0860000114813,openfacts
0860000114820,openfacts
0860000114868,openfacts
0860000114899,openfacts
0860000116312,openfacts
0860000120609,openfacts
0860000127417,openfacts
0860000127431,openfacts
0860000129619,openfacts
0860000131971,openfacts
0860000139281,openfacts
0860000139298,openfacts
0860000142502,openfacts
0860000147118,openfacts
0860000150422,openfacts
0860000150439,openfacts
0860000151498,openfacts
0860000153003,openfacts
0860000161602,openfacts
0860000161640,openfacts
0860000163019,openfacts
0860000163026,openfacts
0860000163040,openfacts
0860000163064,openfacts
0860000163071,openfacts
0860000163088,openfacts
0860000167048,openfacts
0860000167079,openfacts
0860000167093,openfacts
0860000167185,openfacts
0860000168311,openfacts
0860000169103,openfacts
0860000172936,openfacts
0860000180085,openfacts
0860000180337,openfacts
0860000180702,openfacts
0860000182010,openfacts
0860000182027,openfacts
0860000182034,openfacts
0860000182652,openfacts
0860000183147,openfacts
0860000183420,openfacts
0860000183444,openfacts
0860000183451,openfacts
0860000184212,openfacts
0860000186308,openfacts
0860000186315,openfacts
0860000186322,openfacts
0860000186339,openfacts
0860000186346,openfacts
0860000187114,openfacts
0860000187176,openfacts
0860000187183,openfacts
0860000187619,openfacts
0860000187626,openfacts
0860000187633,openfacts
0860000187640,openfacts
0860000187657,openfacts
0860000187688,openfacts
0860000187695,openfacts
0860000187725,openfacts
0860000187756,openfacts
0860000194617,openfacts
0860000194624,openfacts
0860000194631,openfacts
0860000195744,openfacts
0860000197625,openfacts
0860000197632,openfacts
0860000197649,openfacts
0860000197656,openfacts
0860000197670,openfacts
0860000197687,openfacts
0860000200929,openfacts
0860000203241,openfacts
0860000207706,openfacts
0860000208109,openfacts
0860000208116,openfacts
0860000213202,openfacts
0860000213257,openfacts
0860000213288,openfacts
0860000213295,openfacts
0860000213851,openfacts
0860000218801,openfacts
0860000218825,openfacts
0860000221801,openfacts
0860000221832,openfacts
0860000222303,openfacts
0860000222488,openfacts
0860000223201,openfacts
0860000223218,openfacts
0860000223225,openfacts
0860000223508,openfacts
0860000223522,openfacts
0860000223539,openfacts
0860000223553,openfacts
0860000223560,openfacts
0860000238052,openfacts
0860000238069,openfacts
0860000238700,openfacts
0860000238786,openfacts
0860000241229,openfacts
0860000241243,openfacts
0860000241410,openfacts
0860000241427,openfacts
0860000241618,openfacts
0860000243711,openfacts
0860000243766,openfacts
0860000243803,openfacts
0860000245821,openfacts
0860000245838,openfacts
0860000245852,openfacts
0860000249102,openfacts
0860000252584,openfacts
0860000257305,openfacts
0860000257909,openfacts
0860000257961,openfacts
0860000259323,openfacts
0860000259347,openfacts
0860000259354,openfacts
0860000259378,openfacts
0860000261906,openfacts
0860000261937,openfacts
0860000261944,openfacts
0860000262002,openfacts
0860000262026,openfacts
0860000262972,openfacts
0860000265713,openfacts
0860000265720,openfacts
0860000268707,openfacts
0860000268714,openfacts
0860000268721,openfacts
0860000268738,openfacts
0860000268745,openfacts
0860000268752,openfacts
0860000268769,openfacts
0860000270502,openfacts
0860000270540,openfacts
0860000270564,openfacts
0860000274425,openfacts
0860000274708,openfacts
0860000274715,openfacts
0860000280761,openfacts
0860000280778,openfacts
0860000298421,openfacts
0860000302104,openfacts
0860000302111,openfacts
0860000302142,openfacts
0860000302159,openfacts
0860000302197,openfacts
0860000304412,openfacts
0860000304450,openfacts
0860000304481,openfacts
0860000305709,openfacts
0860000305723,openfacts
0860000305730,openfacts
0860000305747,openfacts
0860000308106,openfacts
0860000308120,openfacts
0860000308137,openfacts
0860000309905,openfacts
0860000309929,openfacts
0860000309950,openfacts
0860000309967,openfacts
0860000311823,openfacts
0860000311847,openfacts
0860000313803,openfacts
0860000318839,openfacts
0860000318853,openfacts
0860000318877,openfacts
0860000320221,openfacts
0860000320313,openfacts
0860000321914,openfacts
0860000321921,openfacts
0860000322935,openfacts
0860000322959,openfacts
0860000322966,openfacts
0860000322997,openfacts
0860000323208,openfacts
0860000323260,openfacts
0860000323277,openfacts
0860000324120,openfacts
0860000325035,openfacts
0860000332934,openfacts
0860000332972,openfacts
0860000341707,openfacts
0860000341721,openfacts
0860000341745,openfacts
0860000341790,openfacts
0860000343107,openfacts
0860000347105,openfacts
0860000352901,openfacts
0860000352918,openfacts
0860000352925,openfacts
0860000352932,openfacts
0860000352949,openfacts
0860000352956,openfacts
0860000356558,openfacts
0860000356565,openfacts
0860000358507,openfacts
0860000358514,openfacts
0860000358538,openfacts
0860000358545,openfacts
0860000358552,openfacts
0860000358903,openfacts
0860000358972,openfacts
0860000361781,openfacts
0860000364416,openfacts
0860000365963,openfacts
0860000367929,openfacts
0860000367981,openfacts
0860000376310,openfacts
0860000376341,openfacts
0860000380324,openfacts
0860000380508,openfacts
0860000380539,openfacts
0860000381154,openfacts
0860000381161,openfacts
0860000381178,openfacts
0860000381185,openfacts
0860000381192,openfacts
0860000383240,openfacts
0860000383264,openfacts
0860000383295,openfacts
0860000384049,openfacts
0860000391559,openfacts
0860000403825,openfacts
0860000403849,openfacts
0860000403856,openfacts
0860000403863,openfacts
0860000403870,openfacts
0860000403887,openfacts
0860000403924,openfacts
0860000418508,openfacts
0860000422253,openfacts
0860000424400,openfacts
0860000432122,openfacts
0860000433686,openfacts
0860000433693,openfacts
0860000438681,openfacts
0860000443029,openfacts
0860000448239,openfacts
0860000449427,openfacts
0860000450317,openfacts
0860000450362,openfacts
0860000460200,openfacts
0860000460217,openfacts
0860000461412,openfacts
0860000463515,openfacts
0860000464024,openfacts
0860000464055,openfacts
0860000468022,openfacts
0860000468503,openfacts
0860000468510,openfacts
0860000468534,openfacts
0860000468558,openfacts
0860000470742,openfacts
0860000472012,openfacts
0860000472036,openfacts
0860000474306,openfacts
0860000475815,openfacts
0860000476102,openfacts
0860000483223,openfacts
0860000491204,openfacts
0860000491211,openfacts
0860000491228,openfacts
0860000491235,openfacts
0860000491266,openfacts
0860000491273,openfacts
0860000491280,openfacts
0860000494748,openfacts
0860000497404,openfacts
0860000497411,openfacts
0860000497428,openfacts
0860000497459,openfacts
0860000497473,openfacts
0860000497978,openfacts
0860000498012,openfacts
0860000498036,openfacts
0860000498043,openfacts
0860000498708,openfacts
0860000504416,openfacts
0860000505581,openfacts
0860000507912,openfacts
0860000510325,openfacts
0860000512305,openfacts
0860000512343,openfacts
0860000514101,openfacts
0860000514118,openfacts
0860000514125,openfacts
0860000520355,openfacts
0860000520362,openfacts
0860000522441,openfacts
0860000522748,openfacts
0860000530019,openfacts
0860000533911,openfacts
0860000533959,openfacts
0860000536127,openfacts
0860000537605,openfacts
0860000537612,openfacts
0860000537674,openfacts
0860000537681,openfacts
0860000537698,openfacts
0860000542609,openfacts
0860000542616,openfacts
0860000542630,openfacts
0860000542647,openfacts
0860000543859,openfacts
0860000556019,openfacts
0860000556606,openfacts
0860000556620,openfacts
0860000556637,openfacts
0860000556675,openfacts
0860000556682,openfacts
0860000557009,openfacts
0860000557023,openfacts
0860000557030,openfacts
0860000557047,openfacts
0860000557054,openfacts
0860000557085,openfacts
0860000557443,openfacts
0860000557504,openfacts
0860000557566,openfacts
0860000558501,openfacts
0860000558518,openfacts
0860000558525,openfacts
0860000561105,openfacts
0860000561112,openfacts
0860000561129,openfacts
0860000561143,openfacts
0860000561181,openfacts
0860000561198,openfacts
0860000573009,openfacts
0860000578400,openfacts
0860000578417,openfacts
0860000580618,openfacts
0860000580625,openfacts
0860000580649,openfacts
0860000585552,openfacts
0860000588263,openfacts
0860000588287,openfacts
0860000588294,openfacts
0860000589956,openfacts
0860000591867,openfacts
0860000594912,openfacts
0860000596510,openfacts
0860000596527,openfacts
0860000596565,openfacts
0860000597500,openfacts
0860000597531,openfacts
0860000597876,openfacts
0860000606905,openfacts
0860000606912,openfacts
0860000606929,openfacts
0860000606936,openfacts
0860000606943,openfacts
0860000606950,openfacts
0860000607117,openfacts
0860000619851,openfacts
0860000620642,openfacts
0860000620659,openfacts
0860000620666,openfacts
0860000620673,openfacts
0860000620802,openfacts
0860000622783,openfacts
0860000623308,openfacts
0860000623315,openfacts
0860000623322,openfacts
0860000623346,openfacts
0860000623353,openfacts
0860000630900,openfacts
0860000631808,openfacts
0860000631839,openfacts
0860000631846,openfacts
0860000631853,openfacts
0860000631877,openfacts
0860000633802,openfacts
0860000633819,openfacts
0860000636179,openfacts
0860000637572,openfacts
0860000638210,openfacts
0860000638227,openfacts
0860000638234,openfacts
0860000638265,openfacts
0860000648226,openfacts
0860000650205,openfacts
0860000650212,openfacts
0860000650236,openfacts
0860000650243,openfacts
0860000650250,openfacts
0860000650281,openfacts
0860000656825,openfacts
0860000656832,openfacts
0860000656863,openfacts
0860000656870,openfacts
0860000656887,openfacts
0860000660044,openfacts
0860000660051,openfacts
0860000663748,openfacts
0860000663779,openfacts
0860000665049,openfacts
0860000665070,openfacts
0860000665087,openfacts
0860000666701,openfacts
0860000668002,openfacts
0860000668019,openfacts
0860000668026,openfacts
0860000668033,openfacts
0860000668040,openfacts
0860000671101,openfacts
0860000671118,openfacts
0860000671125,openfacts
0860000671569,openfacts
0860000676724,openfacts
0860000686846,openfacts
0860000689045,openfacts
0860000689502,openfacts
0860000692021,openfacts
0860000692090,openfacts
0860000692205,openfacts
0860000692229,openfacts
0860000692236,openfacts
0860000692243,openfacts
0860000692250,openfacts
0860000693004,openfacts
0860000693011,openfacts
0860000693028,openfacts
0860000693301,openfacts
0860000693318,openfacts
0860000693325,openfacts
0860000693332,openfacts
0860000693349,openfacts
0860000693356,openfacts
0860000693363,openfacts
0860000693387,openfacts
0860000694810,openfacts
0860000694834,openfacts
0860000694841,openfacts
0860000699730,openfacts
0860000701464,openfacts
0860000701471,openfacts
0860000701488,openfacts
0860000702201,openfacts
0860000703710,openfacts
0860000705738,openfacts
0860000705769,openfacts
0860000705776,openfacts
0860000709613,openfacts
0860000709644,openfacts
0860000709651,openfacts
0860000709668,openfacts
0860000709682,openfacts
0860000718363,openfacts
0860000721257,openfacts
0860000721264,openfacts
0860000725200,openfacts
0860000725217,openfacts
0860000725231,openfacts
0860000725248,openfacts
0860000725262,openfacts
0860000725279,openfacts
0860000732703,openfacts
0860000732765,openfacts
0860000736817,openfacts
0860000736824,openfacts
0860000736831,openfacts
0860000739061,openfacts
0860000739085,openfacts
0860000739092,openfacts
0860000739115,openfacts
0860000739160,openfacts
0860000739412,openfacts
0860000740005,openfacts
0860000742412,openfacts
0860000742436,openfacts
0860000742887,openfacts
0860000742894,openfacts
0860000748414,openfacts
0860000748476,openfacts
0860000748711,openfacts
0860000749718,openfacts
0860000757690,openfacts
0860000761055,openfacts
0860000766623,openfacts
0860000766647,openfacts
0860000768009,openfacts
0860000771702,openfacts
0860000771719,openfacts
0860000771733,openfacts
0860000772518,openfacts
0860000774802,openfacts
0860000775519,openfacts
0860000777902,openfacts
0860000777919,openfacts
0860000777926,openfacts
0860000780308,openfacts
0860000780322,openfacts
0860000780339,openfacts
0860000780346,openfacts
0860000780360,openfacts
0860000780391,openfacts
0860000780636,openfacts
0860000780643,openfacts
0860000780698,openfacts
0860000780735,openfacts
0860000780780,openfacts
0860000782500,openfacts
0860000782517,openfacts
0860000782524,openfacts
0860000787017,openfacts
0860000787024,openfacts
0860000789608,openfacts
0860000789905,openfacts
0860000789912,openfacts
0860000789936,openfacts
0860000795920,openfacts
0860000799171,openfacts
0860000800303,openfacts
0860000800334,openfacts
0860000800396,openfacts
0860000803366,openfacts
0860000803373,openfacts
0860000803380,openfacts
0860000805605,openfacts
0860000806527,openfacts
0860000806589,openfacts
0860000806695,openfacts
0860000807609,openfacts
0860000807807,openfacts
0860000807814,openfacts
0860000807838,openfacts
0860000807845,openfacts
0860000807852,openfacts
0860000807869,openfacts
0860000807883,openfacts
0860000811118,openfacts
0860000812801,openfacts
0860000812832,openfacts
0860000813211,openfacts
0860000815505,openfacts
0860000815512,openfacts
0860000815529,openfacts
0860000817127,openfacts
0860000817547,openfacts
0860000821131,openfacts
0860000824514,openfacts
0860000824538,openfacts
0860000824545,openfacts
0860000824552,openfacts
0860000824576,openfacts
0860000825108,openfacts
0860000832205,openfacts
0860000833806,openfacts
0860000833882,openfacts
0860000836210,openfacts
0860000836227,openfacts
0860000836234,openfacts
0860000836241,openfacts
0860000836258,openfacts
0860000836296,openfacts
0860000837927,openfacts
0860000840538,openfacts
0860000840712,openfacts
0860000843188,openfacts
0860000847940,openfacts
0860000847964,openfacts
0860000855716,openfacts
0860000855860,openfacts
0860000855877,openfacts
0860000855884,openfacts
0860000855891,openfacts
0860000861724,openfacts
0860000871020,openfacts
0860000871051,openfacts
0860000871068,openfacts
0860000871204,openfacts
0860000875578,openfacts
0860000878142,openfacts
0860000878180,openfacts
0860000878197,openfacts
0860000880510,openfacts
0860000884648,openfacts
0860000888318,openfacts
0860000898287,openfacts
0860000899208,openfacts
0860000899222,openfacts
0860000899239,openfacts
0860000899246,openfacts
0860000899260,openfacts
0860000909365,openfacts
0860000909372,openfacts
0860000909389,openfacts
0860000911771,openfacts
0860000913546,openfacts
0860000927277,openfacts
0860000928038,openfacts
0860000928809,openfacts
0860000929301,openfacts
0860000934206,openfacts
0860000934220,openfacts
0860000937054,openfacts
0860000941037,openfacts
0860000941174,openfacts
0860000941181,openfacts
0860000941204,openfacts
0860000941211,openfacts
0860000941228,openfacts
0860000941235,openfacts
0860000941242,openfacts
0860000941259,openfacts
0860000941266,openfacts
0860000941273,openfacts
0860000941280,openfacts
0860000942508,openfacts
0860000946407,openfacts
0860000946414,openfacts
0860000946421,openfacts
0860000946438,openfacts
0860000946490,openfacts
0860000947923,openfacts
0860000947930,openfacts
0860000947947,openfacts
0860000949309,openfacts
0860000950534,openfacts
0860000954518,openfacts
0860000954525,openfacts
0860000954532,openfacts
0860000954556,openfacts
0860000954570,openfacts
0860000954594,openfacts
0860000955973,openfacts
0860000959612,openfacts
0860000962360,openfacts
0860000962384,openfacts
0860000962391,openfacts
0860000967594,openfacts
0860000967730,openfacts
0860000967792,openfacts
0860000970785,openfacts
0860000970792,openfacts
0860000978002,openfacts
0860000978026,openfacts
0860000978033,openfacts
0860000978095,openfacts
0860000996907,openfacts
0860001012002,openfacts
0860001013603,openfacts
0860001015928,openfacts
0860001016437,openfacts
0860001016505,openfacts
0860001017403,openfacts
0860001017410,openfacts
0860001017427,openfacts
0860001017441,openfacts
0860001017489,openfacts
0860001021202,openfacts
0860001021233,openfacts
0860001021257,openfacts
0860001022704,openfacts
0860001028218,openfacts
0860001029505,openfacts
0860001029543,openfacts
0860001033106,openfacts
0860001036923,openfacts
0860001040807,openfacts
0860001040814,openfacts
0860001043709,openfacts
0860001043723,openfacts
0860001043730,openfacts
0860001050035,openfacts
0860001053807,openfacts
0860001053876,openfacts
0860001057843,openfacts
0860001059809,openfacts
0860001059816,openfacts
0860001059823,openfacts
0860001059847,openfacts
0860001059854,openfacts
0860001059861,openfacts
0860001059878,openfacts
0860001059885,openfacts
0860001059892,openfacts
0860001060409,openfacts
0860001060416,openfacts
0860001060423,openfacts
0860001060430,openfacts
0860001060447,openfacts
0860001061000,openfacts
0860001062915,openfacts
0860001064414,openfacts
0860001064421,openfacts
0860001068146,openfacts
0860001073706,openfacts
0860001074703,openfacts
0860001074727,openfacts
0860001076875,openfacts
0860001081251,openfacts
0860001090543,openfacts
0860001090550,openfacts
0860001090574,openfacts
0860001090857,openfacts
0860001090864,openfacts
0860001093315,openfacts
0860001100211,openfacts
0860001102932,openfacts
0860001106466,openfacts
0860001106480,openfacts
0860001109801,openfacts
0860001109818,openfacts
0860001109825,openfacts
0860001109832,openfacts
0860001112900,openfacts
0860001113945,openfacts
0860001114812,openfacts
0860001118254,openfacts
0860001118278,openfacts
0860001118292,openfacts
0860001118407,openfacts
0860001118421,openfacts
0860001118445,openfacts
0860001118643,openfacts
0860001120806,openfacts
0860001126006,openfacts
0860001126013,openfacts
0860001126020,openfacts
0860001126044,openfacts
0860001134957,openfacts
0860001136609,openfacts
0860001136616,openfacts
0860001136708,openfacts
0860001136715,openfacts
0860001136722,openfacts
0860001139143,openfacts
0860001139167,openfacts
0860001139181,openfacts
0860001141306,openfacts
0860001141313,openfacts
0860001141399,openfacts
0860001150605,openfacts
0860001150629,openfacts
0860001154702,openfacts
0860001154719,openfacts
0860001154726,openfacts
0860001154740,openfacts
0860001165104,openfacts
0860001165111,openfacts
0860001165128,openfacts
0860001165135,openfacts
0860001165166,openfacts
0860001165180,openfacts
0860001166705,openfacts
0860001166712,openfacts
0860001166729,openfacts
0860001166743,openfacts
0860001166750,openfacts
0860001166774,openfacts
0860001166781,openfacts
0860001166798,openfacts
0860001172546,openfacts
0860001173833,openfacts
0860001177237,openfacts
0860001184402,openfacts
0860001184426,openfacts
0860001184464,openfacts
0860001184471,openfacts
0860001184495,openfacts
0860001188028,openfacts
0860001188554,openfacts
0860001189308,openfacts
0860001189315,openfacts
0860001189322,openfacts
0860001189339,openfacts
0860001190830,openfacts
0860001190854,openfacts
0860001190861,openfacts
0860001192063,openfacts
0860001192070,openfacts
0860001192506,openfacts
0860001192520,openfacts
0860001192544,openfacts
0860001192568,openfacts
0860001192582,openfacts
0860001192896,openfacts
0860001193831,openfacts
0860001194401,openfacts
0860001199024,openfacts
0860001199048,openfacts
0860001199055,openfacts
0860001199062,openfacts
0860001200188,openfacts
0860001200317,openfacts
0860001200324,openfacts
0860001200355,openfacts
0860001201017,openfacts
0860001201024,openfacts
0860001205237,openfacts
0860001216974,openfacts
0860001216981,openfacts
0860001219357,openfacts
0860001219364,openfacts
0860001219623,openfacts
0860001220612,openfacts
0860001220667,openfacts
0860001221695,openfacts
0860001221923,openfacts
0860001221930,openfacts
0860001221947,openfacts
0860001224702,openfacts
0860001224726,openfacts
0860001224733,openfacts
0860001224764,openfacts
0860001227406,openfacts
0860001228021,openfacts
0860001228052,openfacts
0860001228076,openfacts
0860001229219,openfacts
0860001229288,openfacts
0860001231700,openfacts
0860001231731,openfacts
0860001231762,openfacts
0860001232400,openfacts
0860001239904,openfacts
0860001239911,openfacts
0860001239928,openfacts
0860001239942,openfacts
0860001239959,openfacts
0860001239966,openfacts
0860001239973,openfacts
0860001239980,openfacts
0860001239997,openfacts
0860001251852,openfacts
0860001254518,openfacts
0860001254563,openfacts
0860001254570,openfacts
0860001254587,openfacts
0860001257359,openfacts
0860001257366,openfacts
0860001257380,openfacts
0860001259001,openfacts
0860001259537,openfacts
0860001259575,openfacts
0860001263800,openfacts
0860001263824,openfacts
0860001266702,openfacts
0860001266719,openfacts
0860001266726,openfacts
0860001266757,openfacts
0860001266771,openfacts
0860001266788,openfacts
0860001269710,openfacts
0860001269765,openfacts
0860001269772,openfacts
0860001271324,openfacts
0860001271331,openfacts
0860001275704,openfacts
0860001276244,openfacts
0860001276800,openfacts
0860001276831,openfacts
0860001277012,openfacts
0860001277067,openfacts
0860001278644,openfacts
0860001278651,openfacts
0860001285833,openfacts
0860001288704,openfacts
0860001288711,openfacts
0860001290622,openfacts
0860001298406,openfacts
0860001298444,openfacts
0860001306903,openfacts
0860001307924,openfacts
0860001312348,openfacts
0860001314892,openfacts
0860001318302,openfacts
0860001318616,openfacts
0860001323306,openfacts
0860001323313,openfacts
0860001323320,openfacts
0860001326000,openfacts
0860001326024,openfacts
0860001331691,openfacts
0860001335415,openfacts
0860001335446,openfacts
0860001335460,openfacts
0860001335811,openfacts
0860001336016,openfacts
0860001336078,openfacts
0860001336085,openfacts
0860001336900,openfacts
0860001337631,openfacts
0860001337686,openfacts
0860001338508,openfacts
0860001338515,openfacts
0860001338522,openfacts
0860001338546,openfacts
0860001338553,openfacts
0860001338591,openfacts
0860001346213,openfacts
0860001346268,openfacts
0860001348200,openfacts
0860001348804,openfacts
0860001348835,openfacts
0860001348859,openfacts
0860001352610,openfacts
0860001353037,openfacts
0860001353099,openfacts
0860001355901,openfacts
0860001357103,openfacts
0860001357110,openfacts
0860001359886,openfacts
0860001360806,openfacts
0860001360813,openfacts
0860001360837,openfacts
0860001360844,openfacts
0860001360851,openfacts
0860001361100,openfacts
0860001362008,openfacts
0860001363067,openfacts
0860001363975,openfacts
0860001364682,openfacts
0860001364712,openfacts
0860001364897,openfacts
0860001369014,openfacts
0860001374216,openfacts
0860001374285,openfacts
0860001378108,openfacts
0860001393439,openfacts
0860001393446,openfacts
0860001393903,openfacts
0860001393934,openfacts
0860001393965,openfacts
0860001393972,openfacts
0860001393989,openfacts
0860001393996,openfacts
0860001394122,openfacts
0860001394467,openfacts
0860001412505,openfacts
0860001412512,openfacts
0860001412550,openfacts
0860001414974,openfacts
0860001415902,openfacts
0860001415919,openfacts
0860001418910,openfacts
0860001418934,openfacts
0860001418941,openfacts
0860001418965,openfacts
0860001423006,openfacts
0860001437102,openfacts
0860001437119,openfacts
0860001437126,openfacts
0860001437133,openfacts
0860001437188,openfacts
0860001440621,openfacts
0860001441000,openfacts
0860001441017,openfacts
0860001441024,openfacts
0860001441031,openfacts
0860001441048,openfacts
0860001441055,openfacts
0860001441406,openfacts
0860001441413,openfacts
0860001441420,openfacts
0860001441475,openfacts
0860001441482,openfacts
0860001441499,openfacts
0860001448955,openfacts
0860001450033,openfacts
0860001457933,openfacts
0860001458282,openfacts
0860001463590,openfacts
0860001463903,openfacts
0860001464412,openfacts
0860001464443,openfacts
0860001464450,openfacts
0860001466058,openfacts
0860001466348,openfacts
0860001472110,openfacts
0860001483536,openfacts
0860001485868,openfacts
0860001485875,openfacts
0860001486308,openfacts
0860001486315,openfacts
0860001486322,openfacts
0860001486339,openfacts
0860001486353,openfacts
0860001486360,openfacts
0860001486377,openfacts
0860001488326,openfacts
0860001488371,openfacts
0860001488388,openfacts
0860001490305,openfacts
0860001492439,openfacts
0860001495904,openfacts
0860001495935,openfacts
0860001495942,openfacts
0860001499605,openfacts
0860001503463,openfacts
0860001507508,openfacts
0860001509908,openfacts
0860001511628,openfacts
0860001511642,openfacts
0860001512700,openfacts
0860001512731,openfacts
0860001513578,openfacts
0860001513585,openfacts
0860001516418,openfacts
0860001516425,openfacts
0860001516463,openfacts
0860001517507,openfacts
0860001517514,openfacts
0860001517521,openfacts
0860001517538,openfacts
0860001517545,openfacts
0860001517552,openfacts
0860001517569,openfacts
0860001517705,openfacts
0860001517712,openfacts
0860001517743,openfacts
0860001517750,openfacts
0860001525007,openfacts
0860001525014,openfacts
0860001525052,openfacts
0860001525076,openfacts
0860001530803,openfacts
0860001530902,openfacts
0860001532203,openfacts
0860001533620,openfacts
0860001533637,openfacts
0860001533651,openfacts
0860001533668,openfacts
0860001534108,openfacts
0860001534115,openfacts
0860001534139,openfacts
0860001535617,openfacts
0860001535648,openfacts
0860001535655,openfacts
0860001535679,openfacts
0860001535686,openfacts
0860001535693,openfacts
0860001538908,openfacts
0860001541908,openfacts
0860001541922,openfacts
0860001541939,openfacts
0860001541946,openfacts
0860001541953,openfacts
0860001541960,openfacts
0860001541977,openfacts
0860001541984,openfacts
0860001541991,openfacts
0860001543254,openfacts
0860001544640,openfacts
0860001545708,openfacts
0860001545715,openfacts
0860001545791,openfacts
0860001546132,openfacts
0860001553703,openfacts
0860001553727,openfacts
0860001553789,openfacts
0860001555608,openfacts
0860001557398,openfacts
0860001562903,openfacts
0860001562910,openfacts
0860001569032,openfacts
0860001569049,openfacts
0860001569063,openfacts
0860001569506,openfacts
0860001569568,openfacts
0860001570212,openfacts
0860001570229,openfacts
0860001570618,openfacts
0860001571301,openfacts
0860001573909,openfacts
0860001574906,openfacts
0860001574913,openfacts
0860001574920,openfacts
0860001575200,openfacts
0860001575224,openfacts
0860001575248,openfacts
0860001575262,openfacts
0860001579109,openfacts
0860001581300,openfacts
0860001581355,openfacts
0860001581416,openfacts
0860001581492,openfacts
0860001582222,openfacts
0860001584219,openfacts
0860001584271,openfacts
0860001588507,openfacts
0860001588514,openfacts
0860001588521,openfacts
0860001589511,openfacts
0860001589528,openfacts
0860001590418,openfacts
0860001590425,openfacts
0860001592641,openfacts
0860001593907,openfacts
0860001593921,openfacts
0860001593938,openfacts
0860001594003,openfacts
0860001596496,openfacts
0860001597233,openfacts
0860001604375,openfacts
0860001605600,openfacts
0860001613001,openfacts
0860001613117,openfacts
0860001613940,openfacts
0860001613971,openfacts
0860001616309,openfacts
0860001616330,openfacts
0860001616347,openfacts
0860001624106,openfacts
0860001624113,openfacts
0860001624120,openfacts
0860001624137,openfacts
0860001624151,openfacts
0860001627206,openfacts
0860001627213,openfacts
0860001627220,openfacts
0860001627237,openfacts
0860001627244,openfacts
0860001627268,openfacts
0860001627275,openfacts
0860001627282,openfacts
0860001627299,openfacts
0860001638288,openfacts
0860001642902,openfacts
0860001642919,openfacts
0860001643022,openfacts
0860001643077,openfacts
0860001643817,openfacts
0860001643886,openfacts
0860001645354,openfacts
0860001651508,openfacts
0860001653229,openfacts
0860001653281,openfacts
0860001658460,openfacts
0860001658934,openfacts
0860001671117,openfacts
0860001672909,openfacts
0860001676860,openfacts
0860001677874,openfacts
0860001679151,openfacts
0860001679175,openfacts
0860001680508,openfacts
0860001680515,openfacts
0860001688184,openfacts
0860001688191,openfacts
0860001690415,openfacts
0860001692105,openfacts
0860001692112,openfacts
0860001692129,openfacts
0860001692136,openfacts
0860001694123,openfacts
0860001694161,openfacts
0860001694178,openfacts
0860001694185,openfacts
0860001694192,openfacts
0860001697803,openfacts
0860001697810,openfacts
0860001697827,openfacts
0860001697834,openfacts
0860001704600,openfacts
0860001708219,openfacts
0860001709605,openfacts
0860001709674,openfacts
0860001709681,openfacts
0860001715705,openfacts
0860001715712,openfacts
0860001715729,openfacts
0860001717730,openfacts
0860001719611,openfacts
0860001720846,openfacts
0860001720853,openfacts
0860001720860,openfacts
0860001721508,openfacts
0860001721515,openfacts
0860001721591,openfacts
0860001727500,openfacts
0860001730012,openfacts
0860001730043,openfacts
0860001734737,openfacts
0860001743005,openfacts
0860001743012,openfacts
0860001743050,openfacts
0860001743067,openfacts
0860001745221,openfacts
0860001745245,openfacts
0860001747355,openfacts
0860001752243,openfacts
0860001752311,openfacts
0860001752328,openfacts
0860001758702,openfacts
0860001758719,openfacts
0860001758726,openfacts
0860001758733,openfacts
0860001758771,openfacts
0860001760019,openfacts
0860001761009,openfacts
0860001763546,openfacts
0860001763560,openfacts
0860001766264,openfacts
0860001768510,openfacts
0860001770919,openfacts
0860001770940,openfacts
0860001771930,openfacts
0860001779967,openfacts
0860001787900,openfacts
0860001787931,openfacts
0860001796704,openfacts
0860001796759,openfacts
0860001798609,openfacts
0860001798623,openfacts
0860001798630,openfacts
0860001798647,openfacts
0860001798654,openfacts
0860001798661,openfacts
0860001798692,openfacts
0860001800500,openfacts
0860001800517,openfacts
0860001800524,openfacts
0860001800531,openfacts
0860001800548,openfacts
0860001800555,openfacts
0860001800562,openfacts
0860001800586,openfacts
0860001800593,openfacts
0860001801200,openfacts
0860001803815,openfacts
0860001803822,openfacts
0860001806403,openfacts
0860001806410,openfacts
0860001806427,openfacts
0860001806434,openfacts
0860001806465,openfacts
0860001806496,openfacts
0860001806915,openfacts
0860001806922,openfacts
0860001806946,openfacts
0860001806960,openfacts
0860001808100,openfacts
0860001808124,openfacts
0860001814002,openfacts
0860001817607,openfacts
0860001817614,openfacts
0860001817638,openfacts
0860001817645,openfacts
0860001817690,openfacts
0860001817706,openfacts
0860001818543,openfacts
0860001818581,openfacts
0860001818598,openfacts
0860001818680,openfacts
0860001819403,openfacts
0860001819410,openfacts
0860001819427,openfacts
0860001819434,openfacts
0860001819458,openfacts
0860001819472,openfacts
0860001819489,openfacts
0860001820751,openfacts
0860001820768,openfacts
0860001823035,openfacts
0860001823059,openfacts
0860001824803,openfacts
0860001831306,openfacts
0860001835670,openfacts
0860001841015,openfacts
0860001841060,openfacts
0860001841077,openfacts
0860001841084,openfacts
0860001842616,openfacts
0860001843408,openfacts
0860001843415,openfacts
0860001844115,openfacts
0860001844122,openfacts
0860001844139,openfacts
0860001844146,openfacts
0860001848823,openfacts
0860001852905,openfacts
0860001852967,openfacts
0860001853001,openfacts
0860001853049,openfacts
0860001853063,openfacts
0860001853070,openfacts
0860001853087,openfacts
0860001856453,openfacts
0860001857115,openfacts
0860001860542,openfacts
0860001860559,openfacts
0860001867206,openfacts
0860001867213,openfacts
0860001867220,openfacts
0860001867244,openfacts
0860001867251,openfacts
0860001867282,openfacts
0860001877908,openfacts
0860001881004,openfacts
0860001883930,openfacts
0860001885712,openfacts
0860001885781,openfacts
0860001885910,openfacts
0860001890006,openfacts
0860001890013,openfacts
0860001890020,openfacts
0860001891065,openfacts
0860001891102,openfacts
0860001891157,openfacts
0860001893106,openfacts
0860001893113,openfacts
0860001893120,openfacts
0860001893182,openfacts
0860001893601,openfacts
0860001893618,openfacts
0860001896640,openfacts
0860001897401,openfacts
0860001897418,openfacts
0860001897432,openfacts
0860001899207,openfacts
0860001901030,openfacts
0860001901047,openfacts
0860001901092,openfacts
0860001902167,openfacts
0860001905533,openfacts
0860001906028,openfacts
0860001906127,openfacts
0860001906141,openfacts
0860001906165,openfacts
0860001906172,openfacts
0860001909203,openfacts
0860001909227,openfacts
0860001909234,openfacts
0860001909241,openfacts
0860001909258,openfacts
0860001915204,openfacts
0860001917901,openfacts
0860001917918,openfacts
0860001917932,openfacts
0860001917949,openfacts
0860001922806,openfacts
0860001922820,openfacts
0860001923094,openfacts
0860001923124,openfacts
0860001925609,openfacts
0860001925616,openfacts
0860001925647,openfacts
0860001925654,openfacts
0860001925661,openfacts
0860001926033,openfacts
0860001926125,openfacts
0860001927801,openfacts
0860001932386,openfacts
0860001933192,openfacts
0860001938616,openfacts
0860001938685,openfacts
0860001938937,openfacts
0860001943306,openfacts
0860001949803,openfacts
0860001949810,openfacts
0860001949827,openfacts
0860001949841,openfacts
0860001951462,openfacts
0860001951486,openfacts
0860001951493,openfacts
0860001951516,openfacts
0860001951592,openfacts
0860001959703,openfacts
0860001961249,openfacts
0860001963137,openfacts
0860001966602,openfacts
0860001970951,openfacts
0860001970975,openfacts
0860001970999,openfacts
0860001973389,openfacts
0860001974539,openfacts
0860001975260,openfacts
0860001975437,openfacts
0860001977035,openfacts
0860001977066,openfacts
0860001977073,openfacts
0860001977097,openfacts
0860001979213,openfacts
0860001980714,openfacts
0860001987607,openfacts
0860001988901,openfacts
0860001989229,openfacts
0860001989335,openfacts
0860001989342,openfacts
0860001989359,openfacts
0860001989366,openfacts
0860001989373,openfacts
0860001991406,openfacts
0860001992434,openfacts
0860001992489,openfacts
0860001992502,openfacts
0860001992519,openfacts
0860001992526,openfacts
0860001992830,openfacts
0860001992861,openfacts
0860001992885,openfacts
0860001992908,openfacts
0860001992915,openfacts
0860001992922,openfacts
0860001992939,openfacts
0860001992960,openfacts
0860001992977,openfacts
0860001994575,openfacts
0860001997361,openfacts
0860002001043,openfacts
0860002001050,openfacts
0860002001067,openfacts
0860002001074,openfacts
0860002001890,openfacts
0860002003221,openfacts
0860002004808,openfacts
0860002004815,openfacts
0860002004822,openfacts
0860002004839,openfacts
0860002004877,openfacts
0860002009445,openfacts
0860002015705,openfacts
0860002015750,openfacts
0860002024707,openfacts
0860002027302,openfacts
0860002028323,openfacts
0860002028330,openfacts
0860002032443,openfacts
0860002033655,openfacts
0860002034713,openfacts
0860002036205,openfacts
0860002036250,openfacts
0860002036274,openfacts
0860002036281,openfacts
0860002036908,openfacts
0860002036915,openfacts
0860002036922,openfacts
0860002037400,openfacts
0860002037462,openfacts
0860002050003,openfacts
0860002050133,openfacts
0860002050195,openfacts
0860002052304,openfacts
0860002052335,openfacts
0860002057910,openfacts
0860002059488,openfacts
0860002059495,openfacts
0860002060200,openfacts
0860002066738,openfacts
0860002066745,openfacts
0860002067322,openfacts
0860002067704,openfacts
0860002067728,openfacts
0860002067735,openfacts
0860002067780,openfacts
0860002069302,openfacts
0860002071701,openfacts
0860002071718,openfacts
0860002071725,openfacts
0860002071763,openfacts
0860002071770,openfacts
0860002088983,openfacts
0860002088990,openfacts
0860002094540,openfacts
0860002094557,openfacts
0860002095004,openfacts
0860002095707,openfacts
0860002095714,openfacts
0860002095721,openfacts
0860002095738,openfacts
0860002095745,openfacts
0860002095752,openfacts
0860002095790,openfacts
0860002101118,openfacts
0860002101149,openfacts
0860002106151,openfacts
0860002106168,openfacts
0860002106816,openfacts
0860002110424,openfacts
0860002110486,openfacts
0860002117201,openfacts
0860002117218,openfacts
0860002117225,openfacts
0860002117256,openfacts
0860002117263,openfacts
0860002117973,openfacts
0860002124612,openfacts
0860002127910,openfacts
0860002128153,openfacts
0860002133126,openfacts
0860002133782,openfacts
0860002140025,openfacts
0860002142425,openfacts
0860002142456,openfacts
0860002143125,openfacts
0860002146409,openfacts
0860002146416,openfacts
0860002146423,openfacts
0860002146478,openfacts
0860002146744,openfacts
0860002150208,openfacts
0860002150215,openfacts
0860002150222,openfacts
0860002150239,openfacts
0860002150246,openfacts
0860002150253,openfacts
0860002150260,openfacts
0860002150277,openfacts
0860002150284,openfacts
0860002150291,openfacts
0860002150970,openfacts
0860002151908,openfacts
0860002151915,openfacts
0860002151922,openfacts
0860002151946,openfacts
0860002151977,openfacts
0860002151984,openfacts
0860002152400,openfacts
0860002152424,openfacts
0860002152448,openfacts
0860002152493,openfacts
0860002153018,openfacts
0860002153063,openfacts
0860002153087,openfacts
0860002153728,openfacts
0860002155807,openfacts
0860002155845,openfacts
0860002156736,openfacts
0860002157405,openfacts
0860002159133,openfacts
0860002159157,openfacts
0860002159621,openfacts
0860002159638,openfacts
0860002162102,openfacts
0860002162140,openfacts
0860002162737,openfacts
0860002170824,openfacts
0860002170848,openfacts
0860002173306,openfacts
0860002173382,openfacts
0860002173399,openfacts
0860002174402,openfacts
0860002174457,openfacts
0860002174464,openfacts
0860002174488,openfacts
0860002174495,openfacts
0860002178820,openfacts
0860002182032,openfacts
0860002185101,openfacts
0860002185118,openfacts
0860002187396,openfacts
0860002197609,openfacts
0860002197616,openfacts
0860002197630,openfacts
0860002202211,openfacts
0860002202228,openfacts
0860002207100,openfacts
0860002209708,openfacts
0860002212937,openfacts
0860002225159,openfacts
0860002225166,openfacts
0860002227245,openfacts
0860002227252,openfacts
0860002227269,openfacts
0860002227290,openfacts
0860002228501,openfacts
0860002228938,openfacts
0860002231969,openfacts
0860002234540,openfacts
0860002234564,openfacts
0860002237640,openfacts
0860002240626,openfacts
0860002240671,openfacts
0860002250410,openfacts
0860002250496,openfacts
0860002251004,openfacts
0860002251011,openfacts
0860002257228,openfacts
0860002260907,openfacts
0860002260914,openfacts
0860002260921,openfacts
0860002260938,openfacts
0860002260945,openfacts
0860002261201,openfacts
0860002262208,openfacts
0860002262215,openfacts
0860002262222,openfacts
0860002262239,openfacts
0860002262253,openfacts
0860002262277,openfacts
0860002262567,openfacts
0860002268170,openfacts
0860002268194,openfacts
0860002270609,openfacts
0860002270623,openfacts
0860002274034,openfacts
0860002280103,openfacts
0860002281100,openfacts
0860002287232,openfacts
0860002292410,openfacts
0860002292427,openfacts
0860002292434,openfacts
0860002293400,openfacts
0860002293417,openfacts
0860002293424,openfacts
0860002293462,openfacts
0860002294803,openfacts
0860002296203,openfacts
0860002296210,openfacts
0860002296524,openfacts
0860002297309,openfacts
0860002300825,openfacts
0860002300849,openfacts
0860002302416,openfacts
0860002302423,openfacts
0860002303604,openfacts
0860002303611,openfacts
0860002303628,openfacts
0860002303642,openfacts
0860002303659,openfacts
0860002303666,openfacts
0860002304090,openfacts
0860002304229,openfacts
0860002304236,openfacts
0860002304243,openfacts
0860002304250,openfacts
0860002304885,openfacts
0860002304892,openfacts
0860002311616,openfacts
0860002311630,openfacts
0860002312323,openfacts
0860002313504,openfacts
0860002313511,openfacts
0860002313535,openfacts
0860002313542,openfacts
0860002313566,openfacts
0860002313573,openfacts
0860002318035,openfacts
0860002318288,openfacts
0860002318646,openfacts
0860002319216,openfacts
0860002319308,openfacts
0860002319315,openfacts
0860002319322,openfacts
0860002319339,openfacts
0860002321707,openfacts
0860002321714,openfacts
0860002322926,openfacts
0860002324203,openfacts
0860002324210,openfacts
0860002324708,openfacts
0860002324777,openfacts
0860002325040,openfacts
0860002325057,openfacts
0860002325071,openfacts
0860002327204,openfacts
0860002327211,openfacts
0860002329246,openfacts
0860002329284,openfacts
0860002329710,openfacts
0860002330303,openfacts
0860002330341,openfacts
0860002332406,openfacts
0860002332413,openfacts
0860002332420,openfacts
0860002332437,openfacts
0860002334349,openfacts
0860002334738,openfacts
0860002337005,openfacts
0860002337012,openfacts
0860002337791,openfacts
0860002339801,openfacts
0860002339849,openfacts
0860002339870,openfacts
0860002339887,openfacts
0860002341736,openfacts
0860002341743,openfacts
0860002341750,openfacts
0860002341767,openfacts
0860002341774,openfacts
0860002341781,openfacts
0860002342009,openfacts
0860002342054,openfacts
0860002343396,openfacts
0860002346908,openfacts
0860002346960,openfacts
0860002346991,openfacts
0860002348148,openfacts
0860002348155,openfacts
0860002348186,openfacts
0860002348193,openfacts
0860002349534,openfacts
0860002351636,openfacts
0860002351667,openfacts
0860002355023,openfacts
0860002357416,openfacts
0860002357430,openfacts
0860002357492,openfacts
0860002359304,openfacts
0860002359342,openfacts
0860002362212,openfacts
0860002362229,openfacts
0860002362236,openfacts
0860002364100,openfacts
0860002364117,openfacts
0860002364124,openfacts
0860002364179,openfacts
0860002370668,openfacts
0860002385709,openfacts
0860002385716,openfacts
0860002385723,openfacts
0860002387550,openfacts
0860002388304,openfacts
0860002389738,openfacts
0860002391618,openfacts
0860002393902,openfacts
0860002398914,openfacts
0860002398921,openfacts
0860002402413,openfacts
0860002402451,openfacts
0860002402475,openfacts
0860002403106,openfacts
0860002404400,openfacts
0860002406343,openfacts
0860002409733,openfacts
0860002410517,openfacts
0860002410807,openfacts
0860002410821,openfacts
0860002410838,openfacts
0860002410852,openfacts
0860002410913,openfacts
0860002415710,openfacts
0860002415734,openfacts
0860002416410,openfacts
0860002418629,openfacts
0860002421049,openfacts
0860002421094,openfacts
0860002424132,openfacts
0860002424149,openfacts
0860002428628,openfacts
0860002428642,openfacts
0860002430300,openfacts
0860002430317,openfacts
0860002430324,openfacts
0860002430362,openfacts
0860002431901,openfacts
0860002432526,openfacts
0860002432533,openfacts
0860002432557,openfacts
0860002434506,openfacts
0860002441825,openfacts
0860002441832,openfacts
0860002441849,openfacts
0860002441863,openfacts
0860002441887,openfacts
0860002441894,openfacts
0860002443140,openfacts
0860002443744,openfacts
0860002447315,openfacts
0860002448206,openfacts
0860002448213,openfacts
0860002448244,openfacts
0860002448251,openfacts
0860002454504,openfacts
0860002462202,openfacts
0860002464305,openfacts
0860002464312,openfacts
0860002466842,openfacts
0860002470207,openfacts
0860002471105,openfacts
0860002471198,openfacts
0860002476407,openfacts
0860002477503,openfacts
0860002477510,openfacts
0860002477527,openfacts
0860002477534,openfacts
0860002477572,openfacts
0860002477688,openfacts
0860002484303,openfacts
0860002491219,openfacts
0860002497112,openfacts
0860002497129,openfacts
0860002498300,openfacts
0860002498355,openfacts
0860002504001,openfacts
0860002504018,openfacts
0860002504025,openfacts
0860002504032,openfacts
0860002504049,openfacts
0860002504056,openfacts
0860002504728,openfacts
0860002506609,openfacts
0860002506630,openfacts
0860002507309,openfacts
0860002507408,openfacts
0860002507927,openfacts
0860002515403,openfacts
0860002515410,openfacts
0860002519005,openfacts
0860002519074,openfacts
0860002521022,openfacts
0860002521046,openfacts
0860002521107,openfacts
0860002521251,openfacts
0860002525839,openfacts
0860002526744,openfacts
0860002527703,openfacts
0860002528403,openfacts
0860002528601,openfacts
0860002528618,openfacts
0860002528625,openfacts
0860002528649,openfacts
0860002528656,openfacts
0860002528663,openfacts
0860002528687,openfacts
0860002529936,openfacts
0860002535128,openfacts
0860002535180,openfacts
0860002535685,openfacts
0860002541846,openfacts
0860002544656,openfacts
0860002548425,openfacts
0860002554839,openfacts
0860002554846,openfacts
0860002554853,openfacts
0860002554877,openfacts
0860002556079,openfacts
0860002564777,openfacts
0860002567006,openfacts
0860002567013,openfacts
0860002567020,openfacts
0860002567075,openfacts
0860002567082,openfacts
0860002568560,openfacts
0860002568577,openfacts
0860002576213,openfacts
0860002577616,openfacts
0860002582672,openfacts
0860002584300,openfacts
0860002586182,openfacts
0860002595115,openfacts
0860002598369,openfacts
0860002600017,openfacts
0860002600031,openfacts
0860002600048,openfacts
0860002600055,openfacts
0860002600086,openfacts
0860002600093,openfacts
0860002600659,openfacts
0860002601205,openfacts
0860002601212,openfacts
0860002601229,openfacts
0860002602714,openfacts
0860002606002,openfacts
0860002606019,openfacts
0860002606026,openfacts
0860002607351,openfacts
0860002611099,openfacts
0860002614816,openfacts
0860002614823,openfacts
0860002619002,openfacts
0860002619026,openfacts
0860002619064,openfacts
0860002619095,openfacts
0860002619415,openfacts
0860002619422,openfacts
0860002621814,openfacts
0860002621821,openfacts
0860002622309,openfacts
0860002622347,openfacts
0860002622361,openfacts
0860002624006,openfacts
0860002627106,openfacts
0860002631943,openfacts
0860002633503,openfacts
0860002635934,openfacts
0860002637020,openfacts
0860002637600,openfacts
0860002642864,openfacts
0860002642871,openfacts
0860002642895,openfacts
0860002644905,openfacts
0860002644936,openfacts
0860002644943,openfacts
0860002649955,openfacts
0860002649979,openfacts
0860002651965,openfacts
0860002674216,openfacts
0860002675800,openfacts
0860002676906,openfacts
0860002676920,openfacts
0860002676937,openfacts
0860002676944,openfacts
0860002676951,openfacts
0860002676982,openfacts
0860002676999,openfacts
0860002678313,openfacts
0860002678351,openfacts
0860002678368,openfacts
0860002678399,openfacts
0860002681030,openfacts
0860002684512,openfacts
0860002685144,openfacts
0860002686127,openfacts
0860002690506,openfacts
0860002691725,openfacts
0860002695747,openfacts
0860002697161,openfacts
0860002699806,openfacts
0860002700427,openfacts
0860002700458,openfacts
0860002700465,openfacts
0860002700472,openfacts
0860002720937,openfacts
0860002723723,openfacts
0860002724126,openfacts
0860002724133,openfacts
0860002724171,openfacts
0860002724188,openfacts
0860002725406,openfacts
0860002726427,openfacts
0860002726465,openfacts
0860002726502,openfacts
0860002727844,openfacts
0860002729404,openfacts
0860002729411,openfacts
0860002729428,openfacts
0860002729435,openfacts
0860002729442,openfacts
0860002729459,openfacts
0860002729466,openfacts
0860002730332,openfacts
0860002734729,openfacts
0860002738208,openfacts
0860002738215,openfacts
0860002738246,openfacts
0860002738277,openfacts
0860002738413,openfacts
0860002743608,openfacts
0860002743615,openfacts
0860002744728,openfacts
0860002746548,openfacts
0860002747286,openfacts
0860002748238,openfacts
0860002754512,openfacts
0860002754536,openfacts
0860002754543,openfacts
0860002761893,openfacts
0860002763002,openfacts
0860002763033,openfacts
0860002763040,openfacts
0860002763705,openfacts
0860002763743,openfacts
0860002764115,openfacts
0860002765013,openfacts
0860002765204,openfacts
0860002765228,openfacts
0860002765235,openfacts
0860002765273,openfacts
0860002766003,openfacts
0860002766010,openfacts
0860002766034,openfacts
0860002766058,openfacts
0860002769905,openfacts
0860002769936,openfacts
0860002770031,openfacts
0860002770048,openfacts
0860002770055,openfacts
0860002771038,openfacts
0860002772509,openfacts
0860002772516,openfacts
0860002772530,openfacts
0860002772547,openfacts
0860002772561,openfacts
0860002778105,openfacts
0860002778112,openfacts
0860002778136,openfacts
0860002779409,openfacts
0860002780009,openfacts
0860002780023,openfacts
0860002780030,openfacts
0860002780047,openfacts
0860002780078,openfacts
0860002791203,openfacts
0860002791227,openfacts
0860002791234,openfacts
0860002794341,openfacts
0860002801322,openfacts
0860002802718,openfacts
0860002802725,openfacts
0860002802732,openfacts
0860002802749,openfacts
0860002803951,openfacts
0860002804606,openfacts
0860002804644,openfacts
0860002804675,openfacts
0860002804682,openfacts
0860002805603,openfacts
0860002805610,openfacts
0860002805641,openfacts
0860002805658,openfacts
0860002805665,openfacts
0860002805672,openfacts
0860002805689,openfacts
0860002805696,openfacts
0860002806532,openfacts
0860002806594,openfacts
0860002813905,openfacts
0860002813929,openfacts
0860002813981,openfacts
0860002816333,openfacts
0860002821009,openfacts
0860002821016,openfacts
0860002821023,openfacts
0860002824246,openfacts
0860002824376,openfacts
0860002824611,openfacts
0860002825205,openfacts
0860002830322,openfacts
0860002832050,openfacts
0860002832807,openfacts
0860002832814,openfacts
0860002832821,openfacts
0860002834108,openfacts
0860002837406,openfacts
0860002837413,openfacts
0860002837420,openfacts
0860002837475,openfacts
0860002837482,openfacts
0860002847412,openfacts
0860002847436,openfacts
0860002850702,openfacts
0860002850719,openfacts
0860002850726,openfacts
0860002854021,openfacts
0860002854113,openfacts
0860002854120,openfacts
0860002854137,openfacts
0860002854144,openfacts
0860002854151,openfacts
0860002854168,openfacts
0860002854328,openfacts
0860002858326,openfacts
0860002858609,openfacts
0860002858616,openfacts
0860002858630,openfacts
0860002862507,openfacts
0860002862514,openfacts
0860002862521,openfacts
0860002862538,openfacts
0860002862545,openfacts
0860002862590,openfacts
0860002864907,openfacts
0860002867922,openfacts
0860002869704,openfacts
0860002869711,openfacts
0860002869735,openfacts
0860002873336,openfacts
0860002876337,openfacts
0860002880907,openfacts
0860002880914,openfacts
0860002880976,openfacts
0860002889405,openfacts
0860002889429,openfacts
0860002895543,openfacts
0860002895550,openfacts
0860002901411,openfacts
0860002901428,openfacts
0860002901442,openfacts
0860002901602,openfacts
0860002901633,openfacts
0860002901718,openfacts
0860002901794,openfacts
0860002902920,openfacts
0860002903965,openfacts
0860002906423,openfacts
0860002909424,openfacts
0860002910505,openfacts
0860002910512,openfacts
0860002910536,openfacts
0860002910543,openfacts
0860002910550,openfacts
0860002910567,openfacts
0860002910574,openfacts
0860002915432,openfacts
0860002915449,openfacts
0860002917917,openfacts
0860002917948,openfacts
0860002917955,openfacts
0860002917962,openfacts
0860002917979,openfacts
0860002925219,openfacts
0860002929002,openfacts
0860002929057,openfacts
0860002929156,openfacts
0860002931319,openfacts
0860002931340,openfacts
0860002931357,openfacts
0860002933528,openfacts
0860002934242,openfacts
0860002935409,openfacts
0860002937809,openfacts
0860002937816,openfacts
0860002948539,openfacts
0860002953939,openfacts
0860002953953,openfacts
0860002953960,openfacts
0860002953977,openfacts
0860002957364,openfacts
0860002957708,openfacts
0860002957784,openfacts
0860002958385,openfacts
0860002963402,openfacts
0860002963419,openfacts
0860002964300,openfacts
0860002964317,openfacts
0860002964379,openfacts
0860002964386,openfacts
0860002965031,openfacts
0860002965390,openfacts
0860002969701,openfacts
0860002969718,openfacts
0860002969725,openfacts
0860002969732,openfacts
0860002969749,openfacts
0860002969763,openfacts
0860002969770,openfacts
0860002972008,openfacts
0860002973500,openfacts
0860002975238,openfacts
0860002977225,openfacts
0860002977256,openfacts
0860002977263,openfacts
0860002980584,openfacts
0860002980904,openfacts
0860002980928,openfacts
0860002982816,openfacts
0860002986111,openfacts
0860002986579,openfacts
0860002987200,openfacts
0860002988207,openfacts
0860002988214,openfacts
0860002988221,openfacts
0860002988252,openfacts
0860002988269,openfacts
0860002988276,openfacts
0860002989112,openfacts
0860002992501,openfacts
0860002992556,openfacts
0860002992570,openfacts
0860002992587,openfacts
0860002992594,openfacts
0860002993171,openfacts
0860002995038,openfacts
0860002995052,openfacts
0860002999012,openfacts
0860002999029,openfacts
0860003000083,openfacts
0860003000106,openfacts
0860003000113,openfacts
0860003000601,openfacts
0860003001202,openfacts
0860003003305,openfacts
0860003004111,openfacts
0860003005477,openfacts
0860003010709,openfacts
0860003010716,openfacts
0860003010747,openfacts
0860003010754,openfacts
0860003017951,openfacts
0860003020302,openfacts
0860003020333,openfacts
0860003020340,openfacts
0860003020630,openfacts
0860003023402,openfacts
0860003027905,openfacts
0860003027912,openfacts
0860003027936,openfacts
0860003027950,openfacts
0860003027967,openfacts
0860003027981,openfacts
0860003028124,openfacts
0860003029305,openfacts
0860003032404,openfacts
0860003032602,openfacts
0860003032701,openfacts
0860003032725,openfacts
0860003034101,openfacts
0860003034125,openfacts
0860003034149,openfacts
0860003034163,openfacts
0860003034194,openfacts
0860003034668,openfacts
0860003041505,openfacts
0860003041512,openfacts
0860003041536,openfacts
0860003041598,openfacts
0860003042021,openfacts
0860003055007,openfacts
0860003055021,openfacts
0860003055069,openfacts
0860003055076,openfacts
0860003055083,openfacts
0860003064207,openfacts
0860003065402,openfacts
0860003065419,openfacts
0860003065433,openfacts
0860003067413,openfacts
0860003068106,openfacts
0860003068113,openfacts
0860003068120,openfacts
0860003068465,openfacts
0860003068519,openfacts
0860003076477,openfacts
0860003078310,openfacts
0860003078327,openfacts
0860003078334,openfacts
0860003078341,openfacts
0860003080450,openfacts
0860003088111,openfacts
0860003088128,openfacts
0860003088173,openfacts
0860003088180,openfacts
0860003088197,openfacts
0860003089101,openfacts
0860003095300,openfacts
0860003095614,openfacts
0860003098707,openfacts
0860003099711,openfacts
0860003099728,openfacts
0860003099735,openfacts
0860003099933,openfacts
0860003102206,openfacts
0860003102237,openfacts
0860003102244,openfacts
0860003102251,openfacts
0860003102282,openfacts
0860003110003,openfacts
0860003113615,openfacts
0860003113806,openfacts
0860003113813,openfacts
0860003113837,openfacts
0860003115435,openfacts
0860003117040,openfacts
0860003119051,openfacts
0860003119082,openfacts
0860003123911,openfacts
0860003126707,openfacts
0860003126714,openfacts
0860003127704,openfacts
0860003128039,openfacts
0860003128404,openfacts
0860003128411,openfacts
0860003128428,openfacts
0860003128435,openfacts
0860003130001,openfacts
0860003130025,openfacts
0860003131107,openfacts
0860003131114,openfacts
0860003131145,openfacts
0860003131190,openfacts
0860003133200,openfacts
0860003133217,openfacts
0860003133224,openfacts
0860003140116,openfacts
0860003141458,openfacts
0860003142806,openfacts
0860003142813,openfacts
0860003149317,openfacts
0860003151303,openfacts
0860003161104,openfacts
0860003161135,openfacts
0860003161241,openfacts
0860003166147,openfacts
0860003182208,openfacts
0860003184301,openfacts
0860003184325,openfacts
0860003185469,openfacts
0860003186688,openfacts
0860003190203,openfacts
0860003192825,openfacts
0860003192832,openfacts
0860003194539,openfacts
0860003195383,openfacts
0860003195390,openfacts
0860003198605,openfacts
0860003198919,openfacts
0860003198933,openfacts
0860003198940,openfacts
0860003204702,openfacts
0860003205280,openfacts
0860003208045,openfacts
0860003208069,openfacts
0860003210734,openfacts
0860003213414,openfacts
0860003222256,openfacts
0860003223307,openfacts
0860003223321,openfacts
0860003223345,openfacts
0860003223369,openfacts
0860003223376,openfacts
0860003223383,openfacts
0860003223390,openfacts
0860003234631,openfacts
0860003236604,openfacts
0860003236611,openfacts
0860003236642,openfacts
0860003236659,openfacts
0860003242438,openfacts
0860003242445,openfacts
0860003242476,openfacts
0860003242490,openfacts
0860003244111,openfacts
0860003244166,openfacts
0860003251027,openfacts
0860003251102,openfacts
0860003251522,openfacts
0860003251539,openfacts
0860003251591,openfacts
0860003256305,openfacts
0860003257227,openfacts
0860003257814,openfacts
0860003257869,openfacts
0860003263266,openfacts
0860003264706,openfacts
0860003264720,openfacts
0860003264751,openfacts
0860003264782,openfacts
0860003264799,openfacts
0860003267806,openfacts
0860003268100,openfacts
0860003268117,openfacts
0860003268124,openfacts
0860003268315,openfacts
0860003276327,openfacts
0860003285817,openfacts
0860003285824,openfacts
0860003285831,openfacts
0860003285848,openfacts
0860003285855,openfacts
0860003285862,openfacts
0860003288481,openfacts
0860003289723,openfacts
0860003296400,openfacts
0860003296905,openfacts
0860003296912,openfacts
0860003296929,openfacts
0860003296936,openfacts
0860003296943,openfacts
0860003297803,openfacts
0860003297827,openfacts
0860003297858,openfacts
0860003298602,openfacts
0860003298626,openfacts
0860003298640,openfacts
0860003298671,openfacts
0860003298688,openfacts
0860003298695,openfacts
0860003299708,openfacts
0860003300404,openfacts
0860003300411,openfacts
0860003300428,openfacts
0860003300466,openfacts
0860003301128,openfacts
0860003304105,openfacts
0860003304112,openfacts
0860003304129,openfacts
0860003304136,openfacts
0860003304143,openfacts
0860003304167,openfacts
0860003304181,openfacts
0860003304198,openfacts
0860003305805,openfacts
0860003305812,openfacts
0860003305829,openfacts
0860003305874,openfacts
0860003305881,openfacts
0860003305898,openfacts
0860003308073,openfacts
0860003308219,openfacts
0860003308240,openfacts
0860003308257,openfacts
0860003308837,openfacts
0860003308868,openfacts
0860003309612,openfacts
0860003309636,openfacts
0860003309650,openfacts
0860003309681,openfacts
0860003309698,openfacts
0860003309827,openfacts
0860003309834,openfacts
0860003309858,openfacts
0860003309872,openfacts
0860003309889,openfacts
0860003309896,openfacts
0860003310908,openfacts
0860003310946,openfacts
0860003310953,openfacts
0860003310991,openfacts
0860003311523,openfacts
0860003317709,openfacts
0860003320600,openfacts
0860003320617,openfacts
0860003320631,openfacts
0860003321072,openfacts
0860003322611,openfacts
0860003324707,openfacts
0860003324714,openfacts
0860003324721,openfacts
0860003324769,openfacts
0860003324776,openfacts
0860003325902,openfacts
0860003325940,openfacts
0860003326275,openfacts
0860003327302,openfacts
0860003327364,openfacts
0860003328378,openfacts
0860003331088,openfacts
0860003331545,openfacts
0860003331910,openfacts
0860003331927,openfacts
0860003331934,openfacts
0860003331958,openfacts
0860003335307,openfacts
0860003335987,openfacts
0860003340523,openfacts
0860003344071,openfacts
0860003354407,openfacts
0860003359006,openfacts
0860003359020,openfacts
0860003362006,openfacts
0860003362044,openfacts
0860003362051,openfacts
0860003362907,openfacts
0860003374160,openfacts
0860003374191,openfacts
0860003386248,openfacts
0860003386255,openfacts
0860003386262,openfacts
0860003386279,openfacts
0860003386309,openfacts
0860003386729,openfacts
0860003386743,openfacts
0860003389300,openfacts
0860003389515,openfacts
0860003389553,openfacts
0860003389560,openfacts
0860003389577,openfacts
0860003389591,openfacts
0860003391105,openfacts
0860003391112,openfacts
0860003391167,openfacts
0860003392638,openfacts
0860003392652,openfacts
0860003393208,openfacts
0860003395523,openfacts
0860003395714,openfacts
0860003395738,openfacts
0860003395769,openfacts
0860003395776,openfacts
0860003395783,openfacts
0860003395790,openfacts
0860003396209,openfacts
0860003396216,openfacts
0860003396223,openfacts
0860003397107,openfacts
0860003397114,openfacts
0860003397121,openfacts
0860003397138,openfacts
0860003397145,openfacts
0860003397404,openfacts
0860003401842,openfacts
0860003401859,openfacts
0860003402337,openfacts
0860003405543,openfacts
0860003405567,openfacts
0860003405598,openfacts
0860003411513,openfacts
0860003411582,openfacts
0860003411599,openfacts
0860003411919,openfacts
0860003411940,openfacts
0860003415504,openfacts
0860003421604,openfacts
0860003421611,openfacts
0860003421642,openfacts
0860003423103,openfacts
0860003423110,openfacts
0860003429723,openfacts
0860003429747,openfacts
0860003432808,openfacts
0860003432846,openfacts
0860003435601,openfacts
0860003435618,openfacts
0860003435625,openfacts
0860003435632,openfacts
0860003435670,openfacts
0860003435687,openfacts
0860003438558,openfacts
0860003438565,openfacts
0860003438589,openfacts
0860003439104,openfacts
0860003439128,openfacts
0860003439241,openfacts
0860003444009,openfacts
0860003444016,openfacts
0860003444023,openfacts
0860003444047,openfacts
0860003444719,openfacts
0860003444764,openfacts
0860003445655,openfacts
0860003448205,openfacts
0860003448274,openfacts
0860003448281,openfacts
0860003448298,openfacts
0860003448304,openfacts
0860003454381,openfacts
0860003454398,openfacts
0860003457122,openfacts
0860003460573,openfacts
0860003460580,openfacts
0860003460597,openfacts
0860003464106,openfacts
0860003464113,openfacts
0860003464120,openfacts
0860003464137,openfacts
0860003464175,openfacts
0860003465073,openfacts
0860003466414,openfacts
0860003468616,openfacts
0860003469606,openfacts
0860003469613,openfacts
0860003469620,openfacts
0860003469637,openfacts
0860003469644,openfacts
0860003469651,openfacts
0860003471104,openfacts
0860003471111,openfacts
0860003471135,openfacts
0860003475898,openfacts
0860003480304,openfacts
0860003480311,openfacts
0860003480328,openfacts
0860003480342,openfacts
0860003480359,openfacts
0860003480366,openfacts
0860003480373,openfacts
0860003480380,openfacts
0860003482513,openfacts
0860003491409,openfacts
0860003492604,openfacts
0860003497821,openfacts
0860003497838,openfacts
0860003497845,openfacts
0860003498507,openfacts
0860003498514,openfacts
0860003501306,openfacts
0860003503003,openfacts
0860003503010,openfacts
0860003503027,openfacts
0860003503034,openfacts
0860003503232,openfacts
0860003505274,openfacts
0860003511701,openfacts
0860003511770,openfacts
0860003511794,openfacts
0860003522271,openfacts
0860003524060,openfacts
0860003527306,openfacts
0860003530528,openfacts
0860003541326,openfacts
0860003544105,openfacts
0860003544112,openfacts
0860003544792,openfacts
0860003546802,openfacts
0860003550540,openfacts
0860003553503,openfacts
0860003557938,openfacts
0860003557945,openfacts
0860003559031,openfacts
0860003559048,openfacts
0860003559055,openfacts
0860003559062,openfacts
0860003559086,openfacts
0860003560105,openfacts
0860003560112,openfacts
0860003560402,openfacts
0860003560433,openfacts
0860003567104,openfacts
0860003567128,openfacts
0860003572818,openfacts
0860003572849,openfacts
0860003574522,openfacts
0860003575819,openfacts
0860003575888,openfacts
0860003578803,openfacts
0860003578810,openfacts
0860003578841,openfacts
0860003582404,openfacts
0860003582411,openfacts
0860003582442,openfacts
0860003582466,openfacts
0860003583142,openfacts
0860003583159,openfacts
0860003583739,openfacts
0860003583746,openfacts
0860003583791,openfacts
0860003584101,openfacts
0860003584118,openfacts
0860003584125,openfacts
0860003584507,openfacts
0860003584552,openfacts
0860003584583,openfacts
0860003584590,openfacts
0860003584934,openfacts
0860003585054,openfacts
0860003587515,openfacts
0860003590904,openfacts
0860003590911,openfacts
0860003590942,openfacts
0860003590966,openfacts
0860003590973,openfacts
0860003594308,openfacts
0860003594353,openfacts
0860003598917,openfacts
0860003598931,openfacts
0860003600733,openfacts
0860003600740,openfacts
0860003601259,openfacts
0860003604007,openfacts
0860003604014,openfacts
0860003604021,openfacts
0860003604038,openfacts
0860003604076,openfacts
0860003604083,openfacts
0860003605523,openfacts
0860003610299,openfacts
0860003611470,openfacts
0860003612200,openfacts
0860003614594,openfacts
0860003619308,openfacts
0860003619315,openfacts
0860003619346,openfacts
0860003619360,openfacts
0860003623404,openfacts
0860003623428,openfacts
0860003623497,openfacts
0860003624173,openfacts
0860003627303,openfacts
0860003627310,openfacts
0860003634837,openfacts
0860003637203,openfacts
0860003637241,openfacts
0860003637258,openfacts
0860003649602,openfacts
0860003649718,openfacts
0860003656907,openfacts
0860003658703,openfacts
0860003658833,openfacts
0860003665114,openfacts
0860003666234,openfacts
0860003666722,openfacts
0860003671207,openfacts
0860003671214,openfacts
0860003673072,openfacts
0860003676349,openfacts
0860003676363,openfacts
0860003676394,openfacts
0860003679005,openfacts
0860003679708,openfacts
0860003679715,openfacts
0860003679791,openfacts
0860003679920,openfacts
0860003680117,openfacts
0860003680124,openfacts
0860003680186,openfacts
0860003685600,openfacts
0860003688410,openfacts
0860003696200,openfacts
0860003698327,openfacts
0860003698501,openfacts
0860003698587,openfacts
0860003700051,openfacts
0860003701508,openfacts
0860003702819,openfacts
0860003703519,openfacts
0860003705001,openfacts
0860003705926,openfacts
0860003706701,openfacts
0860003706770,openfacts
0860003709511,openfacts
0860003709528,openfacts
0860003714539,openfacts
0860003714546,openfacts
0860003714553,openfacts
0860003714560,openfacts
0860003714577,openfacts
0860003714584,openfacts
0860003721322,openfacts
0860003721377,openfacts
0860003743133,openfacts
0860003743959,openfacts
0860003750810,openfacts
0860003750902,openfacts
0860003751343,openfacts
0860003751442,openfacts
0860003751923,openfacts
0860003751930,openfacts
0860003754320,openfacts
0860003756508,openfacts
0860003756591,openfacts
0860003761946,openfacts
0860003770160,openfacts
0860003770177,openfacts
0860003772676,openfacts
0860003774809,openfacts
0860003774816,openfacts
0860003774823,openfacts
0860003779309,openfacts
0860003779316,openfacts
0860003781012,openfacts
0860003782309,openfacts
0860003789506,openfacts
0860003789513,openfacts
0860003789551,openfacts
0860003789599,openfacts
0860003791707,openfacts
0860003791721,openfacts
0860003791769,openfacts
0860003795460,openfacts
0860003796313,openfacts
0860003796337,openfacts
0860003796344,openfacts
0860003796368,openfacts
0860003796375,openfacts
0860003796399,openfacts
0860003800614,openfacts
0860003802649,openfacts
0860003802656,openfacts
0860003802663,openfacts
0860003803646,openfacts
0860003810705,openfacts
0860003821817,openfacts
0860003821831,openfacts
0860003827352,openfacts
0860003834718,openfacts
0860003836040,openfacts
0860003838204,openfacts
0860003838211,openfacts
0860003839300,openfacts
0860003841006,openfacts
0860003843307,openfacts
0860003854716,openfacts
0860003854747,openfacts
0860003856703,openfacts
0860003856758,openfacts
0860003856765,openfacts
0860003856789,openfacts
0860003857045,openfacts
0860003862117,openfacts
0860003862124,openfacts
0860003865651,openfacts
0860003865682,openfacts
0860003865743,openfacts
0860003866320,openfacts
0860003866658,openfacts
0860003866948,openfacts
0860003873311,openfacts
0860003873397,openfacts
0860003874219,openfacts
0860003876220,openfacts
0860003877869,openfacts
0860003883907,openfacts
0860003883921,openfacts
0860003884058,openfacts
0860003887714,openfacts
0860003887721,openfacts
0860003887738,openfacts
0860003895511,openfacts
0860003899106,openfacts
0860003899137,openfacts
0860003906026,openfacts
0860003913000,openfacts
0860003913123,openfacts
0860003913369,openfacts
0860003913376,openfacts
0860003913383,openfacts
0860003915394,openfacts
0860003916605,openfacts
0860003921913,openfacts
0860003923214,openfacts
0860003925706,openfacts
0860003925720,openfacts
0860003925782,openfacts
0860003927854,openfacts
0860003927908,openfacts
0860003933336,openfacts
0860003938041,openfacts
0860003938058,openfacts
0860003938065,openfacts
0860003943724,openfacts
0860003946305,openfacts
0860003946312,openfacts
0860003946329,openfacts
0860003946336,openfacts
0860003946343,openfacts
0860003955918,openfacts
0860003955925,openfacts
0860003955932,openfacts
0860003955949,openfacts
0860003962404,openfacts
0860003963500,openfacts
0860003963517,openfacts
0860003963524,openfacts
0860003963531,openfacts
0860003966907,openfacts
0860003966914,openfacts
0860003966921,openfacts
0860003966945,openfacts
0860003966983,openfacts
0860003966990,openfacts
0860003968369,openfacts
0860003973806,openfacts
0860003976104,openfacts
0860003976111,openfacts
0860003976128,openfacts
0860003976159,openfacts
0860003976166,openfacts
0860003976180,openfacts
0860003976920,openfacts
0860003980279,openfacts
0860003981016,openfacts
0860003981023,openfacts
0860003981030,openfacts
0860003981047,openfacts
0860003981054,openfacts
0860003981061,openfacts
0860003984703,openfacts
0860003984710,openfacts
0860003984727,openfacts
0860003984734,openfacts
0860003984741,openfacts
0860003986479,openfacts
0860003992715,openfacts
0860003995365,openfacts
0860003997505,openfacts
0860003997550,openfacts
0860004004417,openfacts
0860004004424,openfacts
0860004004431,openfacts
0860004004462,openfacts
0860004005506,openfacts
0860004005513,openfacts
0860004005537,openfacts
0860004007081,openfacts
0860004007098,openfacts
0860004008613,openfacts
0860004012207,openfacts
0860004012221,openfacts
0860004012238,openfacts
0860004012245,openfacts
0860004012269,openfacts
0860004012917,openfacts
0860004019701,openfacts
0860004023609,openfacts
0860004024408,openfacts
0860004024422,openfacts
0860004024491,openfacts
0860004030508,openfacts
0860004041634,openfacts
0860004041658,openfacts
0860004044703,openfacts
0860004044710,openfacts
0860004044727,openfacts
0860004044734,openfacts
0860004044741,openfacts
0860004044758,openfacts
0860004044765,openfacts
0860004049906,openfacts
0860004049937,openfacts
0860004051206,openfacts
0860004051213,openfacts
0860004051220,openfacts
0860004051237,openfacts
0860004051244,openfacts
0860004051251,openfacts
0860004051282,openfacts
0860004058120,openfacts
0860004060734,openfacts
0860004060765,openfacts
0860004065500,openfacts
0860004065517,openfacts
0860004065555,openfacts
0860004065562,openfacts
0860004065579,openfacts
0860004065586,openfacts
0860004065593,openfacts
0860004068907,openfacts
0860004068921,openfacts
0860004074212,openfacts
0860004081500,openfacts
0860004081531,openfacts
0860004081548,openfacts
0860004081555,openfacts
0860004081562,openfacts
0860004081579,openfacts
0860004081586,openfacts
0860004087724,openfacts
0860004087984,openfacts
0860004093213,openfacts
0860004093282,openfacts
0860004100409,openfacts
0860004100416,openfacts
0860004100454,openfacts
0860004117506,openfacts
0860004117513,openfacts
0860004117520,openfacts
0860004117568,openfacts
0860004117575,openfacts
0860004117582,openfacts
0860004117599,openfacts
0860004126607,openfacts
0860004126621,openfacts
0860004126638,openfacts
0860004126652,openfacts
0860004129318,openfacts
0860004129608,openfacts
0860004129615,openfacts
0860004129622,openfacts
0860004129639,openfacts
0860004129646,openfacts
0860004129653,openfacts
0860004129660,openfacts
0860004129684,openfacts
0860004129707,openfacts
0860004129714,openfacts
0860004129806,openfacts
0860004129813,openfacts
0860004129820,openfacts
0860004129837,openfacts
0860004132523,openfacts
0860004141211,openfacts
0860004147626,openfacts
0860004150329,openfacts
0860004152002,openfacts
0860004152019,openfacts
0860004152026,openfacts
0860004154204,openfacts
0860004154211,openfacts
0860004156406,openfacts
0860004156413,openfacts
0860004156420,openfacts
0860004156505,openfacts
0860004156512,openfacts
0860004161035,openfacts
0860004161066,openfacts
0860004161073,openfacts
0860004165101,openfacts
0860004165125,openfacts
0860004165408,openfacts
0860004167600,openfacts
0860004167617,openfacts
0860004167648,openfacts
0860004172420,openfacts
0860004172475,openfacts
0860004172499,openfacts
0860004172529,openfacts
0860004177012,openfacts
0860004191599,openfacts
0860004195429,openfacts
0860004195504,openfacts
0860004199113,openfacts
0860004200567,openfacts
0860004204060,openfacts
0860004204800,openfacts
0860004204817,openfacts
0860004204831,openfacts
0860004204848,openfacts
0860004204879,openfacts
0860004206606,openfacts
0860004208341,openfacts
0860004211303,openfacts
0860004211341,openfacts
0860004211358,openfacts
0860004211365,openfacts
0860004211372,openfacts
0860004211389,openfacts
0860004212607,openfacts
0860004212621,openfacts
0860004212638,openfacts
0860004212652,openfacts
0860004212676,openfacts
0860004212683,openfacts
0860004212690,openfacts
0860004213185,openfacts
0860004213307,openfacts
0860004213321,openfacts
0860004213369,openfacts
0860004213383,openfacts
0860004213390,openfacts
0860004213840,openfacts
0860004214656,openfacts
0860004216735,openfacts
0860004216742,openfacts
0860004217930,openfacts
0860004223931,openfacts
0860004223993,openfacts
0860004225355,openfacts
0860004226024,openfacts
0860004226031,openfacts
0860004226086,openfacts
0860004228707,openfacts
0860004239505,openfacts
0860004239529,openfacts
0860004244202,openfacts
0860004244219,openfacts
0860004244226,openfacts
0860004244233,openfacts
0860004244257,openfacts
0860004244271,openfacts
0860004244813,openfacts
0860004244820,openfacts
0860004244837,openfacts
0860004244844,openfacts
0860004246145,openfacts
0860004246176,openfacts
0860004246343,openfacts
0860004246411,openfacts
0860004246428,openfacts
0860004246435,openfacts
0860004246480,openfacts
0860004246497,openfacts
0860004250913,openfacts
0860004254928,openfacts
0860004255109,openfacts
0860004257103,openfacts
0860004257141,openfacts
0860004268536,openfacts
0860004268543,openfacts
0860004269106,openfacts
0860004269113,openfacts
0860004269120,openfacts
0860004269168,openfacts
0860004270409,openfacts
0860004270430,openfacts
0860004270447,openfacts
0860004270461,openfacts
0860004271710,openfacts
0860004271727,openfacts
0860004271734,openfacts
0860004271741,openfacts
0860004271789,openfacts
0860004273516,openfacts
0860004292708,openfacts
0860004293033,openfacts
0860004294160,openfacts
0860004304302,openfacts
0860004306528,openfacts
0860004306535,openfacts
0860004309109,openfacts
0860004309529,openfacts
0860004312314,openfacts
0860004312321,openfacts
0860004312352,openfacts
0860004312819,openfacts
0860004312826,openfacts
0860004312833,openfacts
0860004312840,openfacts
0860004312857,openfacts
0860004312864,openfacts
0860004316350,openfacts
0860004316381,openfacts
0860004324515,openfacts
0860004324560,openfacts
0860004324584,openfacts
0860004326700,openfacts
0860004326717,openfacts
0860004326731,openfacts
0860004326755,openfacts
0860004326786,openfacts
0860004331506,openfacts
0860004331513,openfacts
0860004331537,openfacts
0860004331544,openfacts
0860004331551,openfacts
0860004331575,openfacts
0860004331599,openfacts
0860004336761,openfacts
0860004340058,openfacts
0860004340065,openfacts
0860004340072,openfacts
0860004340089,openfacts
0860004340096,openfacts
0860004345770,openfacts
0860004349204,openfacts
0860004349228,openfacts
0860004351900,openfacts
0860004351924,openfacts
0860004354048,openfacts
0860004354055,openfacts
0860004354086,openfacts
0860004356417,openfacts
0860004356455,openfacts
0860004356486,openfacts
0860004358046,openfacts
0860004358084,openfacts
0860004358091,openfacts
0860004360100,openfacts
0860004362609,openfacts
0860004363422,openfacts
0860004363743,openfacts
0860004367314,openfacts
0860004367321,openfacts
0860004367338,openfacts
0860004367352,openfacts
0860004367369,openfacts
0860004367376,openfacts
0860004367383,openfacts
0860004373117,openfacts
0860004373124,openfacts
0860004373131,openfacts
0860004373179,openfacts
0860004378150,openfacts
0860004378518,openfacts
0860004381006,openfacts
0860004385288,openfacts
0860004385400,openfacts
0860004385424,openfacts
0860004385431,openfacts
0860004387701,openfacts
0860004394501,openfacts
0860004395300,openfacts
0860004395324,openfacts
0860004395539,openfacts
0860004405801,openfacts
0860004405863,openfacts
0860004405870,openfacts
0860004407102,openfacts
0860004410614,openfacts
0860004410621,openfacts
0860004410638,openfacts
0860004410645,openfacts
0860004410652,openfacts
0860004423935,openfacts
0860004423942,openfacts
0860004423959,openfacts
0860004423966,openfacts
0860004424727,openfacts
0860004425304,openfacts
0860004426141,openfacts
0860004427056,openfacts
0860004427407,openfacts
0860004427414,openfacts
0860004427438,openfacts
0860004428404,openfacts
0860004428442,openfacts
0860004429050,openfacts
0860004430629,openfacts
0860004439707,openfacts
0860004440314,openfacts
0860004440383,openfacts
0860004444817,openfacts
0860004444824,openfacts
0860004444848,openfacts
0860004446705,openfacts
0860004446712,openfacts
0860004447504,openfacts
0860004451075,openfacts
0860004452614,openfacts
0860004458302,openfacts
0860004458395,openfacts
0860004463900,openfacts
0860004463917,openfacts
0860004463924,openfacts
0860004465720,openfacts
0860004467946,openfacts
0860004467953,openfacts
0860004467960,openfacts
0860004472285,openfacts
0860004472292,openfacts
0860004472605,openfacts
0860004472742,openfacts
0860004480815,openfacts
0860004480839,openfacts
0860004480853,openfacts
0860004480877,openfacts
0860004481959,openfacts
0860004481980,openfacts
0860004483601,openfacts
0860004483649,openfacts
0860004487210,openfacts
0860004487227,openfacts
0860004495741,openfacts
0860004499206,openfacts
0860004499213,openfacts
0860004499220,openfacts
0860004499237,openfacts
0860004499268,openfacts
0860004499275,openfacts
0860004499282,openfacts
0860004507147,openfacts
0860004507154,openfacts
0860004507307,openfacts
0860004507338,openfacts
0860004507390,openfacts
0860004511212,openfacts
0860004511526,openfacts
0860004515203,openfacts
0860004515227,openfacts
0860004515241,openfacts
0860004515265,openfacts
0860004515623,openfacts
0860004527107,openfacts
0860004527213,openfacts
0860004527237,openfacts
0860004529637,openfacts
0860004535157,openfacts
0860004535164,openfacts
0860004535171,openfacts
0860004535188,openfacts
0860004535195,openfacts
0860004537625,openfacts
0860004549444,openfacts
0860004549451,openfacts
0860004549475,openfacts
0860004550709,openfacts
0860004555308,openfacts
0860004555506,openfacts
0860004555520,openfacts
0860004555551,openfacts
0860004555575,openfacts
0860004558828,openfacts
0860004558835,openfacts
0860004564102,openfacts
0860004564126,openfacts
0860004564140,openfacts
0860004567721,openfacts
0860004570417,openfacts
0860004571117,openfacts
0860004571124,openfacts
0860004574606,openfacts
0860004574613,openfacts
0860004574620,openfacts
0860004574637,openfacts
0860004574644,openfacts
0860004574675,openfacts
0860004580263,openfacts
0860004587163,openfacts
0860004591108,openfacts
0860004591115,openfacts
0860004594000,openfacts
0860004594017,openfacts
0860004594024,openfacts
0860004594055,openfacts
0860004599203,openfacts
0860004602217,openfacts
0860004604068,openfacts
0860004612902,openfacts
0860004612919,openfacts
0860004612926,openfacts
0860004612940,openfacts
0860004612957,openfacts
0860004612995,openfacts
0860004616108,openfacts
0860004617808,openfacts
0860004617822,openfacts
0860004617839,openfacts
0860004618621,openfacts
0860004618638,openfacts
0860004618645,openfacts
0860004618966,openfacts
0860004622802,openfacts
0860004622819,openfacts
0860004625162,openfacts
0860004630661,openfacts
0860004646822,openfacts
0860004646839,openfacts
0860004646853,openfacts
0860004646860,openfacts
0860004646884,openfacts
0860004646891,openfacts
0860004651703,openfacts
0860004651727,openfacts
0860004651734,openfacts
0860004651772,openfacts
0860004663300,openfacts
0860004665700,openfacts
0860004665762,openfacts
0860004671305,openfacts
0860004671312,openfacts
0860004671329,openfacts
0860004674870,openfacts
0860004681403,openfacts
0860004683117,openfacts
0860004687306,openfacts
0860004687320,openfacts
0860004687351,openfacts
0860004687368,openfacts
0860004687801,openfacts
0860004687832,openfacts
0860004691587,openfacts
0860004693369,openfacts
0860004695400,openfacts
0860004700074,openfacts
0860004700098,openfacts
0860004700906,openfacts
0860004700913,openfacts
0860004700920,openfacts
0860004700937,openfacts
0860004702092,openfacts
0860004710721,openfacts
0860004710738,openfacts
0860004712503,openfacts
0860004712510,openfacts
0860004712527,openfacts
0860004712541,openfacts
0860004712558,openfacts
0860004712565,openfacts
0860004712572,openfacts
0860004712589,openfacts
0860004712596,openfacts
0860004714705,openfacts
0860004722311,openfacts
0860004722335,openfacts
0860004722397,openfacts
0860004726203,openfacts
0860004726272,openfacts
0860004729938,openfacts
0860004738305,openfacts
0860004740124,openfacts
0860004747321,openfacts
0860004747345,openfacts
0860004748656,openfacts
0860004748663,openfacts
0860004754107,openfacts
0860004759270,openfacts
0860004760559,openfacts
0860004760801,openfacts
0860004760825,openfacts
0860004760832,openfacts
0860004762706,openfacts
0860004762713,openfacts
0860004763819,openfacts
0860004763826,openfacts
0860004763895,openfacts
0860004764304,openfacts
0860004770527,openfacts
0860004770534,openfacts
0860004770589,openfacts
0860004777694,openfacts
0860004795803,openfacts
0860004795834,openfacts
0860004797418,openfacts
0860004804925,openfacts
0860004804963,openfacts
0860004808107,openfacts
0860004808190,openfacts
0860004814177,openfacts
0860004822615,openfacts
0860004822622,openfacts
0860004822691,openfacts
0860004829805,openfacts
0860004830429,openfacts
0860004830436,openfacts
0860004830467,openfacts
0860004837404,openfacts
0860004837411,openfacts
0860004837428,openfacts
0860004837473,openfacts
0860004837480,openfacts
0860004840473,openfacts
0860004845638,openfacts
0860004848004,openfacts
0860004848011,openfacts
0860004848028,openfacts
0860004848035,openfacts
0860004848042,openfacts
0860004848059,openfacts
0860004848066,openfacts
0860004848073,openfacts
0860004848080,openfacts
0860004848097,openfacts
0860004856009,openfacts
0860004856016,openfacts
0860004856030,openfacts
0860004856078,openfacts
0860004857006,openfacts
0860004857037,openfacts
0860004857044,openfacts
0860004857068,openfacts
0860004858805,openfacts
0860004864806,openfacts
0860004864813,openfacts
0860004864820,openfacts
0860004864837,openfacts
0860004864844,openfacts
0860004864851,openfacts
0860004864868,openfacts
0860004864882,openfacts
0860004864899,openfacts
0860004874300,openfacts
0860004874324,openfacts
0860004874331,openfacts
0860004877813,openfacts
0860004877820,openfacts
0860004878605,openfacts
0860004887300,openfacts
0860004890317,openfacts
0860004893905,openfacts
0860004893912,openfacts
0860004893929,openfacts
0860004894100,openfacts
0860004902508,openfacts
0860004902515,openfacts
0860004902546,openfacts
0860004902553,openfacts
0860004902607,openfacts
0860004902614,openfacts
0860004902621,openfacts
0860004902737,openfacts
0860004906704,openfacts
0860004906711,openfacts
0860004907138,openfacts
0860004909132,openfacts
0860004909200,openfacts
0860004909262,openfacts
0860004910350,openfacts
0860004911104,openfacts
0860004911111,openfacts
0860004911128,openfacts
0860004911180,openfacts
0860004911197,openfacts
0860004928300,openfacts
0860004928324,openfacts
0860004928348,openfacts
0860004928379,openfacts
0860004928386,openfacts
0860004933083,openfacts
0860004937401,openfacts
0860004937708,openfacts
0860004939801,openfacts
0860004939818,openfacts
0860004939849,openfacts
0860004939856,openfacts
0860004940326,openfacts
0860004940357,openfacts
0860004940388,openfacts
0860004940395,openfacts
0860004940715,openfacts
0860004944416,openfacts
0860004944423,openfacts
0860004946519,openfacts
0860004946526,openfacts
0860004946533,openfacts
0860004946571,openfacts
0860004946588,openfacts
0860004950905,openfacts
0860004951605,openfacts
0860004951612,openfacts
0860004951667,openfacts
0860004951681,openfacts
0860004951995,openfacts
0860004957508,openfacts
0860004957539,openfacts
0860004960300,openfacts
0860004960348,openfacts
0860004960386,openfacts
0860004962359,openfacts
0860004970903,openfacts
0860004970996,openfacts
0860004976639,openfacts
0860004976776,openfacts
0860004986133,openfacts
0860004989202,openfacts
0860004989233,openfacts
0860004989257,openfacts
0860004989271,openfacts
0860004990314,openfacts
0860004990321,openfacts
0860004990338,openfacts
0860004990345,openfacts
0860004990352,openfacts
0860004990369,openfacts
0860004990376,openfacts
0860004993995,openfacts
0860005003105,openfacts
0860005018420,openfacts
0860005018437,openfacts
0860005018451,openfacts
0860005019403,openfacts
0860005019434,openfacts
0860005021574,openfacts
0860005023424,openfacts
0860005027002,openfacts
0860005029501,openfacts
0860005029525,openfacts
0860005036202,openfacts
0860005036219,openfacts
0860005036240,openfacts
0860005036257,openfacts
0860005036295,openfacts
0860005036349,openfacts
0860005036356,openfacts
0860005036387,openfacts
0860005040711,openfacts
0860005040742,openfacts
0860005043613,openfacts
0860005045563,openfacts
0860005047840,openfacts
0860005047864,openfacts
0860005049257,openfacts
0860005052165,openfacts
0860005057610,openfacts
0860005059102,openfacts
0860005062027,openfacts
0860005062034,openfacts
0860005090839,openfacts
0860005091607,openfacts
0860005091614,openfacts
0860005091621,openfacts
0860005091638,openfacts
0860005091669,openfacts
0860005100736,openfacts
0860005104857,openfacts
0860005106813,openfacts
0860005107582,openfacts
0860005108954,openfacts
0860005108961,openfacts
0860005108978,openfacts
0860005108985,openfacts
0860005108992,openfacts
0860005109906,openfacts
0860005109920,openfacts
0860005109937,openfacts
0860005109968,openfacts
0860005110001,openfacts
0860005110933,openfacts
0860005114719,openfacts
0860005117710,openfacts
0860005117734,openfacts
0860005117741,openfacts
0860005122004,openfacts
0860005127207,openfacts
0860005127214,openfacts
0860005127351,openfacts
0860005127368,openfacts
0860005130009,openfacts
0860005134908,openfacts
0860005134984,openfacts
0860005137206,openfacts
0860005137282,openfacts
0860005138838,openfacts
0860005139705,openfacts
0860005139798,openfacts
0860005141906,openfacts
0860005141913,openfacts
0860005141920,openfacts
0860005141944,openfacts
0860005141999,openfacts
0860005142040,openfacts
0860005146215,openfacts
0860005148202,openfacts
0860005165704,openfacts
0860005172115,openfacts
0860005173402,openfacts
0860005173501,openfacts
0860005173914,openfacts
0860005174102,openfacts
0860005174133,openfacts
0860005175710,openfacts
0860005188987,openfacts
0860005201402,openfacts
0860005201761,openfacts
0860005201785,openfacts
0860005201792,openfacts
0860005203192,openfacts
0860005203314,openfacts
0860005208401,openfacts
0860005208418,openfacts
0860005208425,openfacts
0860005208432,openfacts
0860005208487,openfacts
0860005211418,openfacts
0860005211449,openfacts
0860005211487,openfacts
0860005211937,openfacts
0860005211944,openfacts
0860005211968,openfacts
0860005212507,openfacts
0860005212576,openfacts
0860005213412,openfacts
0860005216604,openfacts
0860005216642,openfacts
0860005221141,openfacts
0860005222117,openfacts
0860005222124,openfacts
0860005222148,openfacts
0860005222155,openfacts
0860005245604,openfacts
0860005246809,openfacts
0860005249800,openfacts
0860005257560,openfacts
0860005257584,openfacts
0860005265916,openfacts
0860005267460,openfacts
0860005269716,openfacts
0860005273003,openfacts
0860005275601,openfacts
0860005278329,openfacts
0860005281909,openfacts
0860005281916,openfacts
0860005281930,openfacts
0860005281947,openfacts
0860005281978,openfacts
0860005283002,openfacts
0860005287017,openfacts
0860005287116,openfacts
0860005291199,openfacts
0860005291823,openfacts
0860005294718,openfacts
0860005294763,openfacts
0860005294770,openfacts
0860005294787,openfacts
0860005294794,openfacts
0860005296712,openfacts
0860005296729,openfacts
0860005299232,openfacts
0860005299294,openfacts
0860005305636,openfacts
0860005305643,openfacts
0860005305674,openfacts
0860005305926,openfacts
0860005305971,openfacts
0860005305988,openfacts
0860005307661,openfacts
0860005309900,openfacts
0860005309917,openfacts
0860005309931,openfacts
0860005309948,openfacts
0860005309962,openfacts
0860005309979,openfacts
0860005309986,openfacts
0860005311644,openfacts
0860005312641,openfacts
0860005323906,openfacts
0860005323913,openfacts
0860005323920,openfacts
0860005323937,openfacts
0860005323944,openfacts
0860005323951,openfacts
0860005323968,openfacts
0860005323975,openfacts
0860005323982,openfacts
0860005323999,openfacts
0860005328550,openfacts
0860005328574,openfacts
0860005329229,openfacts
0860005329243,openfacts
0860005329267,openfacts
0860005329403,openfacts
0860005330805,openfacts
0860005330812,openfacts
0860005330829,openfacts
0860005330836,openfacts
0860005330867,openfacts
0860005330874,openfacts
0860005330928,openfacts
0860005332243,openfacts
0860005332250,openfacts
0860005332267,openfacts
0860005332274,openfacts
0860005332298,openfacts
0860005332304,openfacts
0860005332403,openfacts
0860005333608,openfacts
0860005333639,openfacts
0860005336760,openfacts
0860005338009,openfacts
0860005338016,openfacts
0860005338054,openfacts
0860005338092,openfacts
0860005339204,openfacts
0860005345915,openfacts
0860005345946,openfacts
0860005349104,openfacts
0860005349302,openfacts
0860005351503,openfacts
0860005351619,openfacts
0860005351640,openfacts
0860005351718,openfacts
0860005351763,openfacts
0860005354801,openfacts
0860005354825,openfacts
0860005354849,openfacts
0860005354856,openfacts
0860005356232,openfacts
0860005356607,openfacts
0860005356614,openfacts
0860005358557,openfacts
0860005359233,openfacts
0860005359240,openfacts
0860005362141,openfacts
0860005362660,openfacts
0860005365951,openfacts
0860005375547,openfacts
0860005376346,openfacts
0860005381739,openfacts
0860005384303,openfacts
0860005384310,openfacts
0860005384327,openfacts
0860005384334,openfacts
0860005389308,openfacts
0860005389322,openfacts
0860005389346,openfacts
0860005389360,openfacts
0860005389377,openfacts
0860005393206,openfacts
0860005400607,openfacts
0860005420506,openfacts
0860005423101,openfacts
0860005423118,openfacts
0860005423125,openfacts
0860005423132,openfacts
0860005423156,openfacts
0860005423163,openfacts
0860005424016,openfacts
0860005424047,openfacts
0860005426805,openfacts
0860005426812,openfacts
0860005426829,openfacts
0860005439010,openfacts
0860005439072,openfacts
0860005451302,openfacts
0860005451340,openfacts
0860005451388,openfacts
0860005451395,openfacts
0860005458028,openfacts
0860005458547,openfacts
0860005458561,openfacts
0860005458608,openfacts
0860005462407,openfacts
0860005462438,openfacts
0860005462445,openfacts
0860005466214,openfacts
0860005468607,openfacts
0860005468614,openfacts
0860005468621,openfacts
0860005468645,openfacts
0860005468805,openfacts
0860005469109,openfacts
0860005469901,openfacts
0860005473762,openfacts
0860005478705,openfacts
0860005478736,openfacts
0860005479702,openfacts
0860005479719,openfacts
0860005479726,openfacts
0860005479733,openfacts
0860005483709,openfacts
0860005483983,openfacts
0860005494200,openfacts
0860005494224,openfacts
0860005495337,openfacts
0860005495382,openfacts
0860005496419,openfacts
0860005496457,openfacts
0860005496464,openfacts
0860005499991,openfacts
0860005500819,openfacts
0860005501540,openfacts
0860005502806,openfacts
0860005502837,openfacts
0860005502844,openfacts
0860005505722,openfacts
0860005505746,openfacts
0860005505753,openfacts
0860005506521,openfacts
0860005506538,openfacts
0860005506545,openfacts
0860005507900,openfacts
0860005513239,openfacts
0860005513246,openfacts
0860005516803,openfacts
0860005522699,openfacts
0860005523344,openfacts
0860005523375,openfacts
0860005525065,openfacts
0860005527236,openfacts
0860005532308,openfacts
0860005532315,openfacts
0860005536504,openfacts
0860005536511,openfacts
0860005536580,openfacts
0860005537808,openfacts
0860005537815,openfacts
0860005537822,openfacts
0860005537839,openfacts
0860005537853,openfacts
0860005537860,openfacts
0860005539352,openfacts
0860005539383,openfacts
0860005540600,openfacts
0860005540631,openfacts
0860005541164,openfacts
0860005547227,openfacts
0860005550012,openfacts
0860005552016,openfacts
0860005552023,openfacts
0860005552122,openfacts
0860005552566,openfacts
0860005552955,openfacts
0860005554416,openfacts
0860005554423,openfacts
0860005554447,openfacts
0860005554461,openfacts
0860005556939,openfacts
0860005557202,openfacts
0860005565634,openfacts
0860005567218,openfacts
0860005567232,openfacts
0860005567249,openfacts
0860005567256,openfacts
0860005568536,openfacts
0860005569816,openfacts
0860005572403,openfacts
0860005574957,openfacts
0860005580309,openfacts
0860005580378,openfacts
0860005580385,openfacts
0860005590803,openfacts
0860005590810,openfacts
0860005590834,openfacts
0860005590872,openfacts
0860005590896,openfacts
0860005591145,openfacts
0860005593996,openfacts
0860005601714,openfacts
0860005601769,openfacts
0860005606504,openfacts
0860005606580,openfacts
0860005610785,openfacts
0860005610914,openfacts
0860005613403,openfacts
0860005613915,openfacts
0860005615810,openfacts
0860005615841,openfacts
0860005615858,openfacts
0860005615872,openfacts
0860005615889,openfacts
0860005620609,openfacts
0860005620616,openfacts
0860005623457,openfacts
0860005623587,openfacts
0860005631209,openfacts
0860005632503,openfacts
0860005641154,openfacts
0860005641161,openfacts
0860005641192,openfacts
0860005645602,openfacts
0860005645619,openfacts
0860005645626,openfacts
0860005647132,openfacts
0860005651054,openfacts
0860005652358,openfacts
0860005653508,openfacts
0860005658602,openfacts
0860005660605,openfacts
0860005665235,openfacts
0860005665259,openfacts
0860005665266,openfacts
0860005665273,openfacts
0860005665280,openfacts
0860005667703,openfacts
0860005667727,openfacts
0860005667758,openfacts
0860005668427,openfacts
0860005668465,openfacts
0860005668601,openfacts
0860005668663,openfacts
0860005668670,openfacts
0860005674831,openfacts
0860005674848,openfacts
0860005674855,openfacts
0860005674862,openfacts
0860005674879,openfacts
0860005678006,openfacts
0860005678013,openfacts
0860005678501,openfacts
0860005678518,openfacts
0860005678525,openfacts
0860005678532,openfacts
0860005678549,openfacts
0860005678556,openfacts
0860005680108,openfacts
0860005692705,openfacts
0860005692712,openfacts
0860005692729,openfacts
0860005692750,openfacts
0860005695201,openfacts
0860005695218,openfacts
0860005695232,openfacts
0860005695249,openfacts
0860005695256,openfacts
0860005695294,openfacts
0860005699827,openfacts
0860005699865,openfacts
0860005705610,openfacts
0860005705672,openfacts
0860005705689,openfacts
0860005710904,openfacts
0860005710911,openfacts
0860005710928,openfacts
0860005710935,openfacts
0860005718801,openfacts
0860005723126,openfacts
0860005732654,openfacts
0860005732685,openfacts
0860005735006,openfacts
0860005735013,openfacts
0860005735082,openfacts
0860005735099,openfacts
0860005735365,openfacts
0860005741557,openfacts
0860005744015,openfacts
0860005750740,openfacts
0860005751105,openfacts
0860005751129,openfacts
0860005751136,openfacts
0860005751556,openfacts
0860005751594,openfacts
0860005751846,openfacts
0860005761616,openfacts
0860005761685,openfacts
0860005764990,openfacts
0860005767205,openfacts
0860005767236,openfacts
0860005767243,openfacts
0860005767250,openfacts
0860005777709,openfacts
0860005786602,openfacts
0860005786619,openfacts
0860005786626,openfacts
0860005788026,openfacts
0860005793105,openfacts
0860005793112,openfacts
0860005793136,openfacts
0860005793143,openfacts
0860005793303,openfacts
0860005793907,openfacts
0860005796915,openfacts
0860005796939,openfacts
0860005796960,openfacts
0860005796977,openfacts
0860005800599,openfacts
0860005802616,openfacts
0860005804412,openfacts
0860005804481,openfacts
0860005812509,openfacts
0860005817405,openfacts
0860005817436,openfacts
0860005817443,openfacts
0860005817467,openfacts
0860005817481,openfacts
0860005818600,openfacts
0860005839407,openfacts
0860005839414,openfacts
0860005840724,openfacts
0860005844401,openfacts
0860005851942,openfacts
0860005851966,openfacts
0860005854394,openfacts
0860005860012,openfacts
0860005861538,openfacts
0860005861569,openfacts
0860005861583,openfacts
0860005862450,openfacts
0860005867301,openfacts
0860005869664,openfacts
0860005876402,openfacts
0860005876419,openfacts
0860005876440,openfacts
0860005876464,openfacts
0860005876471,openfacts
0860005878444,openfacts
0860005878499,openfacts
0860005882014,openfacts
0860005885237,openfacts
0860005888405,openfacts
0860005888429,openfacts
0860005892822,openfacts
0860005892846,openfacts
0860005892877,openfacts
0860005894314,openfacts
0860005900008,openfacts
0860005900039,openfacts
0860005909902,openfacts
0860005909919,openfacts
0860005909940,openfacts
0860005910502,openfacts
0860005910526,openfacts
0860005910748,openfacts
0860005910908,openfacts
0860005910922,openfacts
0860005910939,openfacts
0860005910946,openfacts
0860005910953,openfacts
0860005910991,openfacts
0860005912223,openfacts
0860005921911,openfacts
0860005921997,openfacts
0860005924394,openfacts
0860005930418,openfacts
0860005930432,openfacts
0860005931507,openfacts
0860005932504,openfacts
0860005933013,openfacts
0860005933051,openfacts
0860005934522,openfacts
0860005934539,openfacts
0860005938124,openfacts
0860005938148,openfacts
0860005938155,openfacts
0860005938162,openfacts
0860005938179,openfacts
0860005943302,openfacts
0860005943326,openfacts
0860005950706,openfacts
0860005957408,openfacts
0860005957415,openfacts
0860005957422,openfacts
0860005962969,openfacts
0860005963904,openfacts
0860005965915,openfacts
0860005965922,openfacts
0860005965946,openfacts
0860005965960,openfacts
0860005965977,openfacts
0860005965991,openfacts
0860005969708,openfacts
0860005971602,openfacts
0860005971619,openfacts
0860005971657,openfacts
0860005971664,openfacts
0860005971671,openfacts
0860005971688,openfacts
0860005984404,openfacts
0860005984411,openfacts
0860005984428,openfacts
0860005984435,openfacts
0860005984442,openfacts
0860005985500,openfacts
0860005985517,openfacts
0860005985555,openfacts
0860005985784,openfacts
0860005986507,openfacts
0860005986514,openfacts
0860005986521,openfacts
0860005986538,openfacts
0860005986583,openfacts
0860005986590,openfacts
0860005988105,openfacts
0860005988112,openfacts
0860005988402,openfacts
0860005988419,openfacts
0860005990689,openfacts
0860005991907,openfacts
0860005994120,openfacts
0860005994304,openfacts
0860005995325,openfacts
0860005996636,openfacts
0860005996643,openfacts
0860005996650,openfacts
0860005996674,openfacts
0860005997138,openfacts
0860005997145,openfacts
0860005997169,openfacts
0860005999613,openfacts
0860006000301,openfacts
0860006000318,openfacts
0860006000332,openfacts
0860006000349,openfacts
0860006000356,openfacts
0860006000387,openfacts
0860006003005,openfacts
0860006005511,openfacts
0860006005528,openfacts
0860006005542,openfacts
0860006005559,openfacts
0860006009908,openfacts
0860006009946,openfacts
0860006010713,openfacts
0860006016302,openfacts
0860006016326,openfacts
0860006017408,openfacts
0860006017415,openfacts
0860006017453,openfacts
0860006022693,openfacts
0860006024901,openfacts
0860006027438,openfacts
0860006027643,openfacts
0860006027667,openfacts
0860006027681,openfacts
0860006033552,openfacts
0860006035501,openfacts
0860006036010,openfacts
0860006036201,openfacts
0860006036218,openfacts
0860006036225,openfacts
0860006036232,openfacts
0860006036249,openfacts
0860006036263,openfacts
0860006038533,openfacts
0860006040888,openfacts
0860006042189,openfacts
0860006050818,openfacts
0860006050856,openfacts
0860006051679,openfacts
0860006052621,openfacts
0860006053321,openfacts
0860006053802,openfacts
0860006053819,openfacts
0860006053840,openfacts
0860006054182,openfacts
0860006058302,openfacts
0860006058340,openfacts
0860006073466,openfacts
0860006073664,openfacts
0860006078522,openfacts
0860006080402,openfacts
0860006080419,openfacts
0860006080426,openfacts
0860006080457,openfacts
0860006080464,openfacts
0860006080488,openfacts
0860006080495,openfacts
0860006094300,openfacts
0860006094324,openfacts
0860006094348,openfacts
0860006094362,openfacts
0860006097110,openfacts
0860006097158,openfacts
0860006097165,openfacts
0860006102333,openfacts
0860006103903,openfacts
0860006103910,openfacts
0860006103927,openfacts
0860006103965,openfacts
0860006103989,openfacts
0860006103996,openfacts
0860006106928,openfacts
0860006109707,openfacts
0860006114916,openfacts
0860006114930,openfacts
0860006115050,openfacts
0860006115074,openfacts
0860006115098,openfacts
0860006116200,openfacts
0860006116217,openfacts
0860006117962,openfacts
0860006117986,openfacts
0860006121037,openfacts
0860006122546,openfacts
0860006124304,openfacts
0860006126100,openfacts
0860006126940,openfacts
0860006128425,openfacts
0860006128432,openfacts
0860006128449,openfacts
0860006128456,openfacts
0860006128463,openfacts
0860006128487,openfacts
0860006137229,openfacts
0860006143466,openfacts
0860006145125,openfacts
0860006148300,openfacts
0860006157227,openfacts
0860006157401,openfacts
0860006157418,openfacts
0860006168506,openfacts
0860006168537,openfacts
0860006168544,openfacts
0860006175023,openfacts
0860006175047,openfacts
0860006175061,openfacts
0860006175085,openfacts
0860006175238,openfacts
0860006175627,openfacts
0860006180690,openfacts
0860006188603,openfacts
0860006191078,openfacts
0860006193621,openfacts
0860006195908,openfacts
0860006195946,openfacts
0860006195960,openfacts
0860006195977,openfacts
0860006200428,openfacts
0860006200459,openfacts
0860006200466,openfacts
0860006201203,openfacts
0860006201210,openfacts
0860006201258,openfacts
0860006205201,openfacts
0860006205218,openfacts
0860006205225,openfacts
0860006205232,openfacts
0860006205249,openfacts
0860006205300,openfacts
0860006205348,openfacts
0860006205911,openfacts
0860006208707,openfacts
0860006208714,openfacts
0860006208721,openfacts
0860006208738,openfacts
0860006208745,openfacts
0860006208776,openfacts
0860006212452,openfacts
0860006212469,openfacts
0860006214302,openfacts
0860006216603,openfacts
0860006216634,openfacts
0860006216931,openfacts
0860006217167,openfacts
0860006221102,openfacts
0860006221119,openfacts
0860006222819,openfacts
0860006224608,openfacts
0860006226794,openfacts
0860006228422,openfacts
0860006229238,openfacts
0860006229269,openfacts
0860006229603,openfacts
0860006229610,openfacts
0860006229627,openfacts
0860006229634,openfacts
0860006229641,openfacts
0860006229665,openfacts
0860006229672,openfacts
0860006229689,openfacts
0860006229696,openfacts
0860006230470,openfacts
0860006238117,openfacts
0860006240202,openfacts
0860006243470,openfacts
0860006247980,openfacts
0860006247997,openfacts
0860006249007,openfacts
0860006249014,openfacts
0860006249021,openfacts
0860006253301,openfacts
0860006253318,openfacts
0860006257880,openfacts
0860006257897,openfacts
0860006258719,openfacts
0860006258733,openfacts
0860006266004,openfacts
0860006266011,openfacts
0860006266028,openfacts
0860006267704,openfacts
0860006267711,openfacts
0860006268008,openfacts
0860006268015,openfacts
0860006268039,openfacts
0860006268046,openfacts
0860006268749,openfacts
0860006271909,openfacts
0860006271923,openfacts
0860006274115,openfacts
0860006274139,openfacts
0860006274146,openfacts
0860006274160,openfacts
0860006274177,openfacts
0860006274184,openfacts
0860006274191,openfacts
0860006277918,openfacts
0860006277932,openfacts
0860006277956,openfacts
0860006277970,openfacts
0860006277987,openfacts
0860006277994,openfacts
0860006278670,openfacts
0860006287825,openfacts
0860006293505,openfacts
0860006299712,openfacts
0860006299743,openfacts
0860006300203,openfacts
0860006300210,openfacts
0860006300241,openfacts
0860006301910,openfacts
0860006301927,openfacts
0860006301934,openfacts
0860006301941,openfacts
0860006302504,openfacts
0860006302559,openfacts
0860006302566,openfacts
0860006312923,openfacts
0860006313258,openfacts
0860006314934,openfacts
0860006314989,openfacts
0860006317027,openfacts
0860006319595,openfacts
0860006331825,openfacts
0860006331856,openfacts
0860006331863,openfacts
0860006331894,openfacts
0860006331924,openfacts
0860006334246,openfacts
0860006338565,openfacts
0860006338589,openfacts
0860006338602,openfacts
0860006338626,openfacts
0860006340308,openfacts
0860006340384,openfacts
0860006342340,openfacts
0860006342579,openfacts
0860006342593,openfacts
0860006345853,openfacts
0860006346805,openfacts
0860006351700,openfacts
0860006351717,openfacts
0860006351724,openfacts
0860006351731,openfacts
0860006354923,openfacts
0860006354930,openfacts
0860006354985,openfacts
0860006354992,openfacts
0860006359201,openfacts
0860006359256,openfacts
0860006359508,openfacts
0860006359546,openfacts
0860006359560,openfacts
0860006360122,openfacts
0860006360153,openfacts
0860006362188,openfacts
0860006365691,openfacts
0860006365738,openfacts
0860006368104,openfacts
0860006368111,openfacts
0860006368128,openfacts
0860006376161,openfacts
0860006376178,openfacts
0860006376185,openfacts
0860006376710,openfacts
0860006380410,openfacts
0860006380434,openfacts
0860006380496,openfacts
0860006382025,openfacts
0860006388430,openfacts
0860006389109,openfacts
0860006389123,openfacts
0860006389130,openfacts
0860006389147,openfacts
0860006389154,openfacts
0860006389161,openfacts
0860006389505,openfacts
0860006389581,openfacts
0860006390402,openfacts
0860006391607,openfacts
0860006391614,openfacts
0860006391638,openfacts
0860006393441,openfacts
0860006400620,openfacts
0860006401412,openfacts
0860006401429,openfacts
0860006401436,openfacts
0860006401924,openfacts
0860006405830,openfacts
0860006408121,openfacts
0860006410407,openfacts
0860006411312,openfacts
0860006411411,openfacts
0860006411800,openfacts
0860006411824,openfacts
0860006411831,openfacts
0860006411848,openfacts
0860006412005,openfacts
0860006415204,openfacts
0860006417857,openfacts
0860006417864,openfacts
0860006421014,openfacts
0860006423568,openfacts
0860006429195,openfacts
0860006432140,openfacts
0860006433505,openfacts
0860006438005,openfacts
0860006442705,openfacts
0860006443634,openfacts
0860006443672,openfacts
0860006444105,openfacts
0860006444129,openfacts
0860006444143,openfacts
0860006444150,openfacts
0860006444181,openfacts
0860006452117,openfacts
0860006454579,openfacts
0860006454593,openfacts
0860006463427,openfacts
0860006467203,openfacts
0860006469535,openfacts
0860006473808,openfacts
0860006476113,openfacts
0860006483500,openfacts
0860006483524,openfacts
0860006483548,openfacts
0860006483555,openfacts
0860006490850,openfacts
0860006490874,openfacts
0860006494612,openfacts
0860006496500,openfacts
0860006498320,openfacts
0860006498337,openfacts
0860006498344,openfacts
0860006500504,openfacts
0860006503444,openfacts
0860006505615,openfacts
0860006505639,openfacts
0860006505646,openfacts
0860006506803,openfacts
0860006506810,openfacts
0860006506827,openfacts
0860006506834,openfacts
0860006506841,openfacts
0860006506858,openfacts
0860006506865,openfacts
0860006511869,openfacts
0860006516857,openfacts
0860006520014,openfacts
0860006521004,openfacts
0860006521011,openfacts
0860006524371,openfacts
0860006526139,openfacts
0860006529222,openfacts
0860006530716,openfacts
0860006533052,openfacts
0860006533069,openfacts
0860006540302,openfacts
0860006540630,openfacts
0860006540647,openfacts
0860006540654,openfacts
0860006540661,openfacts
0860006544133,openfacts
0860006545703,openfacts
0860006545710,openfacts
0860006545734,openfacts
0860006545758,openfacts
0860006545765,openfacts
0860006549008,openfacts
0860006552701,openfacts
0860006553821,openfacts
0860006554361,openfacts
0860006556860,openfacts
0860006557669,openfacts
0860006559601,openfacts
0860006559632,openfacts
0860006559656,openfacts
0860006559663,openfacts
0860006560102,openfacts
0860006560119,openfacts
0860006560126,openfacts
0860006560409,openfacts
0860006560416,openfacts
0860006560423,openfacts
0860006561505,openfacts
0860006561567,openfacts
0860006564131,openfacts
0860006564162,openfacts
0860006564193,openfacts
0860006565008,openfacts
0860006565015,openfacts
0860006565954,openfacts
0860006567156,openfacts
0860006567163,openfacts
0860006567170,openfacts
0860006567194,openfacts
0860006570903,openfacts
0860006571412,openfacts
0860006573775,openfacts
0860006578015,openfacts
0860006584139,openfacts
0860006584146,openfacts
0860006585655,openfacts
0860006606701,openfacts
0860006606718,openfacts
0860006606725,openfacts
0860006606732,openfacts
0860006608149,openfacts
0860006612009,openfacts
0860006619947,openfacts
0860006627706,openfacts
0860006627751,openfacts
0860006634407,openfacts
0860006634421,openfacts
0860006634544,openfacts
0860006634551,openfacts
0860006637446,openfacts
0860006637453,openfacts
0860006637460,openfacts
0860006641023,openfacts
0860006641603,openfacts
0860006642204,openfacts
0860006642228,openfacts
0860006642303,openfacts
0860006644338,openfacts
0860006644352,openfacts
0860006644659,openfacts
0860006644673,openfacts
0860006644697,openfacts
0860006647704,openfacts
0860006657543,openfacts
0860006668228,openfacts
0860006670047,openfacts
0860006670061,openfacts
0860006676834,openfacts
0860006677657,openfacts
0860006683221,openfacts
0860006683276,openfacts
0860006687410,openfacts
0860006688523,openfacts
0860006688530,openfacts
0860006688585,openfacts
0860006692704,openfacts
0860006692711,openfacts
0860006699703,openfacts
0860006710439,openfacts
0860006710446,openfacts
0860006710453,openfacts
0860006710460,openfacts
0860006710477,openfacts
0860006710484,openfacts
0860006710491,openfacts
0860006723101,openfacts
0860006723132,openfacts
0860006723163,openfacts
0860006723187,openfacts
0860006727307,openfacts
0860006727406,openfacts
0860006727901,openfacts
0860006727918,openfacts
0860006732134,openfacts
0860006736040,openfacts
0860006736057,openfacts
0860006736088,openfacts
0860006739201,openfacts
0860006745608,openfacts
0860006745615,openfacts
0860006745622,openfacts
0860006745639,openfacts
0860006745660,openfacts
0860006745677,openfacts
0860006745684,openfacts
0860006745691,openfacts
0860006747121,openfacts
0860006747138,openfacts
0860006747145,openfacts
0860006747152,openfacts
0860006747176,openfacts
0860006747183,openfacts
0860006747213,openfacts
0860006747299,openfacts
0860006747336,openfacts
0860006758950,openfacts
0860006758974,openfacts
0860006760601,openfacts
0860006760687,openfacts
0860006760694,openfacts
0860006764500,openfacts
0860006764517,openfacts
0860006764524,openfacts
0860006764562,openfacts
0860006764579,openfacts
0860006770235,openfacts
0860006770402,openfacts
0860006770433,openfacts
0860006771546,openfacts
0860006771553,openfacts
0860006771560,openfacts
0860006771584,openfacts
0860006774103,openfacts
0860006774554,openfacts
0860006774578,openfacts
0860006774585,openfacts
0860006774592,openfacts
0860006783235,openfacts
0860006783600,openfacts
0860006783679,openfacts
0860006783686,openfacts
0860006783693,openfacts
0860006790202,openfacts
0860006790240,openfacts
0860006790257,openfacts
0860006790264,openfacts
0860006790271,openfacts
0860006790608,openfacts
0860006790639,openfacts
0860006790660,openfacts
0860006794507,openfacts
0860006795856,openfacts
0860006796754,openfacts
0860006797409,openfacts
0860006798017,openfacts
0860006798031,openfacts
0860006798055,openfacts
0860006798062,openfacts
0860006798093,openfacts
0860006798109,openfacts
0860006798116,openfacts
0860006804343,openfacts
0860006806804,openfacts
0860006807801,openfacts
0860006807818,openfacts
0860006807825,openfacts
0860006807832,openfacts
0860006807856,openfacts
0860006807900,openfacts
0860006807917,openfacts
0860006808204,openfacts
0860006808211,openfacts
0860006808228,openfacts
0860006808303,openfacts
0860006809607,openfacts
0860006809621,openfacts
0860006809805,openfacts
0860006809812,openfacts
0860006809836,openfacts
0860006809843,openfacts
0860006809850,openfacts
0860006809874,openfacts
0860006810306,openfacts
0860006810320,openfacts
0860006810368,openfacts
0860006810375,openfacts
0860006810962,openfacts
0860006813529,openfacts
0860006813543,openfacts
0860006813581,openfacts
0860006813598,openfacts
0860006816247,openfacts
0860006819514,openfacts
0860006819545,openfacts
0860006819552,openfacts
0860006819576,openfacts
0860006819583,openfacts
0860006823801,openfacts
0860006823825,openfacts
0860006825812,openfacts
0860006829292,openfacts
0860006830601,openfacts
0860006830670,openfacts
0860006830724,openfacts
0860006830731,openfacts
0860006831516,openfacts
0860006835019,openfacts
0860006835026,openfacts
0860006835620,openfacts
0860006835668,openfacts
0860006835682,openfacts
0860006842154,openfacts
0860006842161,openfacts
0860006847982,openfacts
0860006850111,openfacts
0860006850128,openfacts
0860006850135,openfacts
0860006851101,openfacts
0860006851118,openfacts
0860006851125,openfacts
0860006851132,openfacts
0860006854355,openfacts
0860006861001,openfacts
0860006861124,openfacts
0860006862039,openfacts
0860006862046,openfacts
0860006862848,openfacts
0860006870409,openfacts
0860006870423,openfacts
0860006870447,openfacts
0860006870454,openfacts
0860006870461,openfacts
0860006873202,openfacts
0860006873226,openfacts
0860006874520,openfacts
0860006874629,openfacts
0860006875664,openfacts
0860006880156,openfacts
0860006880514,openfacts
0860006881801,openfacts
0860006881825,openfacts
0860006881832,openfacts
0860006882822,openfacts
0860006882891,openfacts
0860006889104,openfacts
0860006902704,openfacts
0860006905101,openfacts
0860006905118,openfacts
0860006905125,openfacts
0860006905422,openfacts
0860006905811,openfacts
0860006905927,openfacts
0860006905958,openfacts
0860006905989,openfacts
0860006906405,openfacts
0860006906436,openfacts
0860006908409,openfacts
0860006908416,openfacts
0860006908423,openfacts
0860006917807,openfacts
0860006918507,openfacts
0860006919702,openfacts
0860006919719,openfacts
0860006919740,openfacts
0860006919788,openfacts
0860006936327,openfacts
0860006936341,openfacts
0860006940102,openfacts
0860006942083,openfacts
0860006942816,openfacts
0860006942823,openfacts
0860006942847,openfacts
0860006944124,openfacts
0860006947354,openfacts
0860006947385,openfacts
0860006947392,openfacts
0860006949433,openfacts
0860006949440,openfacts
0860006949488,openfacts
0860006950682,openfacts
0860006953300,openfacts
0860006953324,openfacts
0860006953331,openfacts
0860006953348,openfacts
0860006953478,openfacts
0860006953492,openfacts
0860006954383,openfacts
0860006955120,openfacts
0860006957193,openfacts
0860006958107,openfacts
0860006958114,openfacts
0860006962760,openfacts
0860006966409,openfacts
0860006966447,openfacts
0860006966454,openfacts
0860006966461,openfacts
0860006966478,openfacts
0860006966485,openfacts
0860006966492,openfacts
0860006971588,openfacts
0860006972004,openfacts
0860006972028,openfacts
0860006973766,openfacts
0860006975852,openfacts
0860006975876,openfacts
0860006975890,openfacts
0860006979263,openfacts
0860006983529,openfacts
0860006983536,openfacts
0860006983901,openfacts
0860006983925,openfacts
0860006983932,openfacts
0860006983949,openfacts
0860006984915,openfacts
0860006987916,openfacts
0860006987930,openfacts
0860007000102,openfacts
0860007000119,openfacts
0860007000133,openfacts
0860007000140,openfacts
0860007000164,openfacts
0860007009709,openfacts
0860007012815,openfacts
0860007014307,openfacts
0860007014314,openfacts
0860007014321,openfacts
0860007014345,openfacts
0860007014352,openfacts
0860007014369,openfacts
0860007014376,openfacts
0860007014383,openfacts
0860007015175,openfacts
0860007019319,openfacts
0860007019326,openfacts
0860007019333,openfacts
0860007029608,openfacts
0860007029622,openfacts
0860007029639,openfacts
0860007029653,openfacts
0860007029691,openfacts
0860007031328,openfacts
0860007033018,openfacts
0860007037122,openfacts
0860007037139,openfacts
0860007038341,openfacts
0860007039201,openfacts
0860007039232,openfacts
0860007040900,openfacts
0860007040924,openfacts
0860007045226,openfacts
0860007045295,openfacts
0860007052729,openfacts
0860007053719,openfacts
0860007053726,openfacts
0860007053757,openfacts
0860007055416,openfacts
0860007058141,openfacts
0860007061592,openfacts
0860007063411,openfacts
0860007063428,openfacts
0860007063442,openfacts
0860007063459,openfacts
0860007063466,openfacts
0860007067754,openfacts
0860007067761,openfacts
0860007069628,openfacts
0860007070662,openfacts
0860007071027,openfacts
0860007071041,openfacts
0860007071065,openfacts
0860007071072,openfacts
0860007071096,openfacts
0860007073045,openfacts
0860007076626,openfacts
0860007077531,openfacts
0860007077579,openfacts
0860007087004,openfacts
0860007087028,openfacts
0860007089602,openfacts
0860007089626,openfacts
0860007089633,openfacts
0860007089640,openfacts
0860007106866,openfacts
0860007111006,openfacts
0860007111013,openfacts
0860007111020,openfacts
0860007111396,openfacts
0860007116100,openfacts
0860007116117,openfacts
0860007121708,openfacts
0860007129605,openfacts
0860007129612,openfacts
0860007129629,openfacts
0860007129636,openfacts
0860007129650,openfacts
0860007129667,openfacts
0860007132209,openfacts
0860007132223,openfacts
0860007132285,openfacts
0860007133206,openfacts
0860007141003,openfacts
0860007157448,openfacts
0860007157905,openfacts
0860007157912,openfacts
0860007157943,openfacts
0860007157998,openfacts
0860007158957,openfacts
0860007158988,openfacts
0860007160318,openfacts
0860007160622,openfacts
0860007160806,openfacts
0860007160813,openfacts
0860007168208,openfacts
0860007168222,openfacts
0860007168246,openfacts
0860007168901,openfacts
0860007169908,openfacts
0860007179907,openfacts
0860007179914,openfacts
0860007179938,openfacts
0860007179976,openfacts
0860007183737,openfacts
0860007186042,openfacts
0860007186059,openfacts
0860007186707,openfacts
0860007186714,openfacts
0860007188152,openfacts
0860007188701,openfacts
0860007199202,openfacts
0860007199226,openfacts
0860007205118,openfacts
0860007205545,openfacts
0860007205552,openfacts
0860007205569,openfacts
0860007205880,openfacts
0860007212406,openfacts
0860007212413,openfacts
0860007218064,openfacts
0860007219948,openfacts
0860007219955,openfacts
0860007219962,openfacts
0860007219979,openfacts
0860007219993,openfacts
0860007223938,openfacts
0860007225444,openfacts
0860007226236,openfacts
0860007226304,openfacts
0860007242939,openfacts
0860007244568,openfacts
0860007244704,openfacts
0860007244711,openfacts
0860007247200,openfacts
0860007247217,openfacts
0860007247224,openfacts
0860007248115,openfacts
0860007254802,openfacts
0860007261206,openfacts
0860007261213,openfacts
0860007261220,openfacts
0860007261237,openfacts
0860007261817,openfacts
0860007262210,openfacts
0860007262234,openfacts
0860007262258,openfacts
0860007262807,openfacts
0860007262814,openfacts
0860007262876,openfacts
0860007263804,openfacts
0860007263835,openfacts
0860007268854,openfacts
0860007268892,openfacts
0860007271427,openfacts
0860007272851,openfacts
0860007279423,openfacts
0860007279478,openfacts
0860007279607,openfacts
0860007279621,openfacts
0860007279645,openfacts
0860007279669,openfacts
0860007280207,openfacts
0860007286179,openfacts
0860007286209,openfacts
0860007286216,openfacts
0860007286247,openfacts
0860007286254,openfacts
0860007286261,openfacts
0860007286278,openfacts
0860007286285,openfacts
0860007286292,openfacts
0860007286902,openfacts
0860007286919,openfacts
0860007286926,openfacts
0860007286933,openfacts
0860007286957,openfacts
0860007286971,openfacts
0860007286988,openfacts
0860007286995,openfacts
0860007290039,openfacts
0860007290046,openfacts
0860007290077,openfacts
0860007292248,openfacts
0860007295003,openfacts
0860007295010,openfacts
0860007295034,openfacts
0860007295041,openfacts
0860007295065,openfacts
0860007296802,openfacts
0860007302916,openfacts
0860007302923,openfacts
0860007302985,openfacts
0860007306464,openfacts
0860007308031,openfacts
0860007308611,openfacts
0860007308871,openfacts
0860007308888,openfacts
0860007312182,openfacts
0860007312199,openfacts
0860007312335,openfacts
0860007314209,openfacts
0860007314223,openfacts
0860007314261,openfacts
0860007314285,openfacts
0860007316326,openfacts
0860007316333,openfacts
0860007316357,openfacts
0860007316364,openfacts
0860007316371,openfacts
0860007318153,openfacts
0860007320767,openfacts
0860007321504,openfacts
0860007321542,openfacts
0860007322037,openfacts
0860007323300,openfacts
0860007323317,openfacts
0860007327032,openfacts
0860007332500,openfacts
0860007332517,openfacts
0860007332524,openfacts
0860007332807,openfacts
0860007332814,openfacts
0860007332845,openfacts
0860007332852,openfacts
0860007332869,openfacts
0860007332876,openfacts
0860007332883,openfacts
0860007332890,openfacts
0860007333507,openfacts
0860007333514,openfacts
0860007333521,openfacts
0860007334108,openfacts
0860007342745,openfacts
0860007344527,openfacts
0860007344534,openfacts
0860007344558,openfacts
0860007347511,openfacts
0860007347528,openfacts
0860007351112,openfacts
0860007357503,openfacts
0860007357510,openfacts
0860007357565,openfacts
0860007357572,openfacts
0860007357596,openfacts
0860007357732,openfacts
0860007360701,openfacts
0860007364914,openfacts
0860007367342,openfacts
0860007368363,openfacts
0860007369445,openfacts
0860007372513,openfacts
0860007373220,openfacts
0860007373237,openfacts
0860007378607,openfacts
0860007378676,openfacts
0860007383762,openfacts
0860007383779,openfacts
0860007385742,openfacts
0860007388514,openfacts
0860007388521,openfacts
0860007388538,openfacts
0860007388545,openfacts
0860007388552,openfacts
0860007388583,openfacts
0860007390302,openfacts
0860007390326,openfacts
0860007390333,openfacts
0860007398803,openfacts
0860007400629,openfacts
0860007401947,openfacts
0860007401954,openfacts
0860007401978,openfacts
0860007401985,openfacts
0860007403682,openfacts
0860007406201,openfacts
0860007406218,openfacts
0860007406225,openfacts
0860007411601,openfacts
0860007411618,openfacts
0860007411625,openfacts
0860007411656,openfacts
0860007412462,openfacts
0860007412479,openfacts
0860007413902,openfacts
0860007423703,openfacts
0860007423710,openfacts
0860007423758,openfacts
0860007423772,openfacts
0860007430923,openfacts
0860007433702,openfacts
0860007433719,openfacts
0860007433788,openfacts
0860007434235,openfacts
0860007435102,openfacts
0860007436369,openfacts
0860007436550,openfacts
0860007436574,openfacts
0860007436581,openfacts
0860007439513,openfacts
0860007443077,openfacts
0860007443084,openfacts
0860007443503,openfacts
0860007447808,openfacts
0860007448607,openfacts
0860007448911,openfacts
0860007448928,openfacts
0860007448935,openfacts
0860007448942,openfacts
0860007448959,openfacts
0860007448973,openfacts
0860007449208,openfacts
0860007449215,openfacts
0860007449222,openfacts
0860007449277,openfacts
0860007453205,openfacts
0860007453212,openfacts
0860007453229,openfacts
0860007453281,openfacts
0860007453410,openfacts
0860007453434,openfacts
0860007456237,openfacts
0860007458521,openfacts
0860007458576,openfacts
0860007458613,openfacts
0860007458620,openfacts
0860007458637,openfacts
0860007458651,openfacts
0860007460500,openfacts
0860007461712,openfacts
0860007463129,openfacts
0860007463136,openfacts
0860007463150,openfacts
0860007463198,openfacts
0860007463303,openfacts
0860007463310,openfacts
0860007463327,openfacts
0860007463334,openfacts
0860007474804,openfacts
0860007475306,openfacts
0860007475313,openfacts
0860007475320,openfacts
0860007476228,openfacts
0860007477201,openfacts
0860007477218,openfacts
0860007477263,openfacts
0860007479229,openfacts
0860007479236,openfacts
0860007479243,openfacts
0860007479250,openfacts
0860007487224,openfacts
0860007487231,openfacts
0860007487255,openfacts
0860007487279,openfacts
0860007487309,openfacts
0860007487316,openfacts
0860007487347,openfacts
0860007489143,openfacts
0860007489174,openfacts
0860007489181,openfacts
0860007491900,openfacts
0860007491917,openfacts
0860007491955,openfacts
0860007494901,openfacts
0860007494932,openfacts
0860007494956,openfacts
0860007496004,openfacts
0860007498923,openfacts
0860007499005,openfacts
0860007499036,openfacts
0860007499920,openfacts
0860007499951,openfacts
0860007502101,openfacts
0860007502637,openfacts
0860007502651,openfacts
0860007502668,openfacts
0860007506772,openfacts
0860007506802,openfacts
0860007506819,openfacts
0860007506826,openfacts
0860007506833,openfacts
0860007506840,openfacts
0860007506857,openfacts
0860007508196,openfacts
0860007519536,openfacts
0860007520204,openfacts
0860007520266,openfacts
0860007520280,openfacts
0860007520433,openfacts
0860007525421,openfacts
0860007525452,openfacts
0860007525803,openfacts
0860007531637,openfacts
0860007532054,openfacts
0860007536496,openfacts
0860007537738,openfacts
0860007540301,openfacts
0860007540363,openfacts
0860007540370,openfacts
0860007549557,openfacts
0860007550928,openfacts
0860007551703,openfacts
0860007551710,openfacts
0860007551727,openfacts
0860007551741,openfacts
0860007552021,openfacts
0860007559167,openfacts
0860007559174,openfacts
0860007559181,openfacts
0860007559198,openfacts
0860007560101,openfacts
0860007560446,openfacts
0860007566639,openfacts
0860007566653,openfacts
0860007566660,openfacts
0860007566684,openfacts
0860007568572,openfacts
0860007570209,openfacts
0860007570216,openfacts
0860007570261,openfacts
0860007570278,openfacts
0860007570308,openfacts
0860007576560,openfacts
0860007582523,openfacts
0860007582639,openfacts
0860007584107,openfacts
0860007584121,openfacts
0860007584145,openfacts
0860007586408,openfacts
0860007586453,openfacts
0860007586477,openfacts
0860007591709,openfacts
0860007591716,openfacts
0860007591723,openfacts
0860007592515,openfacts
0860007596001,openfacts
0860007596056,openfacts
0860007596063,openfacts
0860007605222,openfacts
0860007605505,openfacts
0860007605512,openfacts
0860007605529,openfacts
0860007605536,openfacts
0860007605543,openfacts
0860007605550,openfacts
0860007605567,openfacts
0860007605574,openfacts
0860007610431,openfacts
0860007615146,openfacts
0860007625374,openfacts
0860007631351,openfacts
0860007634505,openfacts
0860007634512,openfacts
0860007634901,openfacts
0860007634918,openfacts
0860007634932,openfacts
0860007634949,openfacts
0860007634956,openfacts
0860007635137,openfacts
0860007636035,openfacts
0860007636042,openfacts
0860007636059,openfacts
0860007636677,openfacts
0860007637322,openfacts
0860007637537,openfacts
0860007643910,openfacts
0860007643927,openfacts
0860007643934,openfacts
0860007647031,openfacts
0860007649806,openfacts
0860007659102,openfacts
0860007659300,openfacts
0860007659324,openfacts
0860007659331,openfacts
0860007663130,openfacts
0860007663307,openfacts
0860007663321,openfacts
0860007663352,openfacts
0860007663703,openfacts
0860007663710,openfacts
0860007663727,openfacts
0860007663734,openfacts
0860007663918,openfacts
0860007663970,openfacts
0860007669507,openfacts
0860007669514,openfacts
0860007669545,openfacts
0860007669576,openfacts
0860007669583,openfacts
0860007670268,openfacts
0860007670275,openfacts
0860007671425,openfacts
0860007671432,openfacts
0860007671456,openfacts
0860007681042,openfacts
0860007681325,openfacts
0860007690303,openfacts
0860007692000,openfacts
0860007693205,openfacts
0860007700552,openfacts
0860007700576,openfacts
0860007703805,openfacts
0860007703812,openfacts
0860007703836,openfacts
0860007703850,openfacts
0860007708602,openfacts
0860007714405,openfacts
0860007716294,openfacts
0860007717932,openfacts
0860007725005,openfacts
0860007726637,openfacts
0860007733512,openfacts
0860007733536,openfacts
0860007734502,openfacts
0860007734519,openfacts
0860007734526,openfacts
0860007736032,openfacts
0860007738807,openfacts
0860007738814,openfacts
0860007738821,openfacts
0860007743115,openfacts
0860007744129,openfacts
0860007744136,openfacts
0860007744181,openfacts
0860007744716,openfacts
0860007748417,openfacts
0860007748424,openfacts
0860007748455,openfacts
0860007748462,openfacts
0860007748479,openfacts
0860007751042,openfacts
0860007753244,openfacts
0860007758997,openfacts
0860007766664,openfacts
0860007766688,openfacts
0860007768972,openfacts
0860007770111,openfacts
0860007779756,openfacts
0860007779763,openfacts
0860007779770,openfacts
0860007780431,openfacts
0860007780448,openfacts
0860007780455,openfacts
0860007780462,openfacts
0860007787904,openfacts
0860007787911,openfacts
0860007787928,openfacts
0860007787935,openfacts
0860007793103,openfacts
0860007800627,openfacts
0860007800689,openfacts
0860007805042,openfacts
0860007805066,openfacts
0860007814501,openfacts
0860007814518,openfacts
0860007814983,openfacts
0860007819407,openfacts
0860007819841,openfacts
0860007821899,openfacts
0860007829307,openfacts
0860007829314,openfacts
0860007830808,openfacts
0860007830815,openfacts
0860007830822,openfacts
0860007830839,openfacts
0860007830846,openfacts
0860007830853,openfacts
0860007830860,openfacts
0860007830877,openfacts
0860007836060,openfacts
0860007836084,openfacts
0860007836107,openfacts
0860007836862,openfacts
0860007839405,openfacts
0860007839412,openfacts
0860007839429,openfacts
0860007843044,openfacts
0860007843051,openfacts
0860007843068,openfacts
0860007843075,openfacts
0860007844515,openfacts
0860007844546,openfacts
0860007844706,openfacts
0860007845307,openfacts
0860007845321,openfacts
0860007853104,openfacts
0860007853302,openfacts
0860007853319,openfacts
0860007853326,openfacts
0860007854705,openfacts
0860007854736,openfacts
0860007857720,openfacts
0860007857737,openfacts
0860007863271,openfacts
0860007864407,openfacts
0860007864575,openfacts
0860007866630,openfacts
0860007866654,openfacts
0860007868412,openfacts
0860007870606,openfacts
0860007870613,openfacts
0860007870729,openfacts
0860007871924,openfacts
0860007874130,openfacts
0860007879302,openfacts
0860007879319,openfacts
0860007879340,openfacts
0860007879357,openfacts
0860007883903,openfacts
0860007883934,openfacts
0860007883941,openfacts
0860007891236,openfacts
0860007892172,openfacts
0860007892813,openfacts
0860007900402,openfacts
0860007911507,openfacts
0860007911521,openfacts
0860007911583,openfacts
0860007911606,openfacts
0860007911613,openfacts
0860007914706,openfacts
0860007914720,openfacts
0860007923029,openfacts
0860007927577,openfacts
0860007928772,openfacts
0860007929953,openfacts
0860007929984,openfacts
0860007933776,openfacts
0860007934902,openfacts
0860007935428,openfacts
0860007935459,openfacts
0860007935480,openfacts
0860007935497,openfacts
0860007943805,openfacts
0860007945595,openfacts
0860007945724,openfacts
0860007945731,openfacts
0860007948510,openfacts
0860007948527,openfacts
0860007948534,openfacts
0860007948589,openfacts
0860007950100,openfacts
0860007950117,openfacts
0860007950124,openfacts
0860007950131,openfacts
0860007950155,openfacts
0860007950193,openfacts
0860007953118,openfacts
0860007953132,openfacts
0860007953606,openfacts
0860007954016,openfacts
0860007954429,openfacts
0860007954450,openfacts
0860007956300,openfacts
0860007965340,openfacts
0860007970207,openfacts
0860007970214,openfacts
0860007973642,openfacts
0860007979101,openfacts
0860007982323,openfacts
0860007982361,openfacts
0860007983962,openfacts
0860007985706,openfacts
0860007985843,openfacts
0860007986567,openfacts
0860007986734,openfacts
0860007986758,openfacts
0860007986765,openfacts
0860007988806,openfacts
0860007988813,openfacts
0860007988837,openfacts
0860007988868,openfacts
0860007988875,openfacts
0860007989308,openfacts
0860007989322,openfacts
0860007990205,openfacts
0860007990212,openfacts
0860007991530,openfacts
0860007993909,openfacts
0860007994111,openfacts
0860007994197,openfacts
0860007996214,openfacts
0860007996320,openfacts
0860007998812,openfacts
0860008001603,openfacts
0860008006202,openfacts
0860008006226,openfacts
0860008006233,openfacts
0860008009401,openfacts
0860008014306,openfacts
0860008018618,openfacts
0860008020208,openfacts
0860008023407,openfacts
0860008027108,openfacts
0860008032607,openfacts
0860008032614,openfacts
0860008032652,openfacts
0860008032669,openfacts
0860008037220,openfacts
0860008037251,openfacts
0860008037268,openfacts
0860008048820,openfacts
0860008052728,openfacts
0860008052759,openfacts
0860008053817,openfacts
0860008060303,openfacts
0860008060334,openfacts
0860008065506,openfacts
0860008065537,openfacts
0860008065544,openfacts
0860008065551,openfacts
0860008065599,openfacts
0860008067128,openfacts
0860008076908,openfacts
0860008076915,openfacts
0860008076946,openfacts
0860008076953,openfacts
0860008084903,openfacts
0860008084927,openfacts
0860008097606,openfacts
0860008097620,openfacts
0860008097675,openfacts
0860008097682,openfacts
0860008097699,openfacts
0860008098689,openfacts
0860008102621,openfacts
0860008102638,openfacts
0860008102645,openfacts
0860008102652,openfacts
0860008107312,openfacts
0860008108838,openfacts
0860008108845,openfacts
0860008110336,openfacts
0860008116017,openfacts
0860008116024,openfacts
0860008118820,openfacts
0860008121608,openfacts
0860008121615,openfacts
0860008121622,openfacts
0860008122162,openfacts
0860008122186,openfacts
0860008124814,openfacts
0860008128409,openfacts
0860008128447,openfacts
0860008129437,openfacts
0860008135292,openfacts
0860008139108,openfacts
0860008139887,openfacts
0860008141118,openfacts
0860008141163,openfacts
0860008141170,openfacts
0860008141187,openfacts
0860008141231,openfacts
0860008143907,openfacts
0860008143921,openfacts
0860008144430,openfacts
0860008145307,openfacts
0860008152701,openfacts
0860008152725,openfacts
0860008157904,openfacts
0860008157911,openfacts
0860008157928,openfacts
0860008157935,openfacts
0860008157942,openfacts
0860008157966,openfacts
0860008157980,openfacts
0860008157997,openfacts
0860008165435,openfacts
0860008165817,openfacts
0860008166807,openfacts
0860008168504,openfacts
0860008168542,openfacts
0860008168634,openfacts
0860008176004,openfacts
0860008176035,openfacts
0860008176042,openfacts
0860008178701,openfacts
0860008179258,openfacts
0860008180209,openfacts
0860008180216,openfacts
0860008180223,openfacts
0860008180230,openfacts
0860008180827,openfacts
0860008180841,openfacts
0860008187451,openfacts
0860008187468,openfacts
0860008190147,openfacts
0860008190185,openfacts
0860008191809,openfacts
0860008191823,openfacts
0860008196750,openfacts
0860008199409,openfacts
0860008199416,openfacts
0860008199423,openfacts
0860008199461,openfacts
0860008199478,openfacts
0860008200228,openfacts
0860008200235,openfacts
0860008200266,openfacts
0860008200297,openfacts
0860008201003,openfacts
0860008201027,openfacts
0860008201041,openfacts
0860008203908,openfacts
0860008204400,openfacts
0860008205629,openfacts
0860008207623,openfacts
0860008208026,openfacts
0860008209979,openfacts
0860008209986,openfacts
0860008209993,openfacts
0860008210715,openfacts
0860008210791,openfacts
0860008211019,openfacts
0860008211026,openfacts
0860008216717,openfacts
0860008216915,openfacts
0860008217417,openfacts
0860008217424,openfacts
0860008219800,openfacts
0860008219817,openfacts
0860008219824,openfacts
0860008220905,openfacts
0860008220912,openfacts
0860008220929,openfacts
0860008221834,openfacts
0860008222329,openfacts
0860008222336,openfacts
0860008222343,openfacts
0860008222374,openfacts
0860008222701,openfacts
0860008222718,openfacts
0860008222725,openfacts
0860008222732,openfacts
0860008222749,openfacts
0860008222763,openfacts
0860008224200,openfacts
0860008225313,openfacts
0860008225320,openfacts
0860008226815,openfacts
0860008230799,openfacts
0860008236401,openfacts
0860008243218,openfacts
0860008244314,openfacts
0860008244321,openfacts
0860008244338,openfacts
0860008247018,openfacts
0860008249234,openfacts
0860008249258,openfacts
0860008249289,openfacts
0860008249296,openfacts
0860008249654,openfacts
0860008250100,openfacts
0860008250902,openfacts
0860008251800,openfacts
0860008251817,openfacts
0860008251848,openfacts
0860008251855,openfacts
0860008251893,openfacts
0860008252463,openfacts
0860008256157,openfacts
0860008258335,openfacts
0860008258359,openfacts
0860008261267,openfacts
0860008261274,openfacts
0860008266200,openfacts
0860008266217,openfacts
0860008266231,openfacts
0860008266262,openfacts
0860008266279,openfacts
0860008266286,openfacts
0860008266293,openfacts
0860008272201,openfacts
0860008272218,openfacts
0860008272225,openfacts
0860008272478,openfacts
0860008272485,openfacts
0860008273147,openfacts
0860008281913,openfacts
0860008281999,openfacts
0860008282125,openfacts
0860008283313,openfacts
0860008283641,openfacts
0860008286307,openfacts
0860008286314,openfacts
0860008286321,openfacts
0860008286338,openfacts
0860008286376,openfacts
0860008286383,openfacts
0860008286390,openfacts
0860008289117,openfacts
0860008289124,openfacts
0860008289193,openfacts
0860008292001,openfacts
0860008300737,openfacts
0860008300744,openfacts
0860008302250,openfacts
0860008302298,openfacts
0860008307903,openfacts
0860008307910,openfacts
0860008307965,openfacts
0860008307972,openfacts
0860008308801,openfacts
0860008308894,openfacts
0860008310606,openfacts
0860008312709,openfacts
0860008313775,openfacts
0860008314208,openfacts
0860008314406,openfacts
0860008315847,openfacts
0860008321138,openfacts
0860008321572,openfacts
0860008321923,openfacts
0860008322210,openfacts
0860008322258,openfacts
0860008322272,openfacts
0860008328007,openfacts
0860008328021,openfacts
0860008328045,openfacts
0860008328205,openfacts
0860008333308,openfacts
0860008333339,openfacts
0860008334589,openfacts
0860008334596,openfacts
0860008347701,openfacts
0860008350800,openfacts
0860008350817,openfacts
0860008350879,openfacts
0860008350886,openfacts
0860008354204,openfacts
0860008354211,openfacts
0860008354228,openfacts
0860008355508,openfacts
0860008355560,openfacts
0860008355744,openfacts
0860008356604,openfacts
0860008357922,openfacts
0860008361202,openfacts
0860008361707,openfacts
0860008361769,openfacts
0860008361806,openfacts
0860008361813,openfacts
0860008361844,openfacts
0860008361851,openfacts
0860008361868,openfacts
0860008361875,openfacts
0860008363367,openfacts
0860008372017,openfacts
0860008375780,openfacts
0860008378125,openfacts
0860008379900,openfacts
0860008379931,openfacts
0860008379986,openfacts
0860008382474,openfacts
0860008383303,openfacts
0860008385703,openfacts
0860008385734,openfacts
0860008385758,openfacts
0860008385765,openfacts
0860008385772,openfacts
0860008385796,openfacts
0860008386588,openfacts
0860008387837,openfacts
0860008390615,openfacts
0860008390622,openfacts
0860008390660,openfacts
0860008390677,openfacts
0860008390684,openfacts
0860008390691,openfacts
0860008391605,openfacts
0860008403049,openfacts
0860008405661,openfacts
0860008406514,openfacts
0860008410801,openfacts
0860008410818,openfacts
0860008410849,openfacts
0860008412126,openfacts
0860008414328,openfacts
0860008414342,openfacts
0860008414366,openfacts
0860008414373,openfacts
0860008419644,openfacts
0860008419835,openfacts
0860008421838,openfacts
0860008427113,openfacts
0860008427151,openfacts
0860008427182,openfacts
0860008427717,openfacts
0860008427731,openfacts
0860008427755,openfacts
0860008427762,openfacts
0860008430502,openfacts
0860008433077,openfacts
0860008436528,openfacts
0860008437501,openfacts
0860008437709,openfacts
0860008441423,openfacts
0860008442581,openfacts
0860008443205,openfacts
0860008443229,openfacts
0860008444400,openfacts
0860008444981,openfacts
0860008445001,openfacts
0860008451705,openfacts
0860008452627,openfacts
0860008452665,openfacts
0860008452870,openfacts
0860008460202,openfacts
0860008460219,openfacts
0860008460240,openfacts
0860008460905,openfacts
0860008472151,openfacts
0860008472632,openfacts
0860008473325,openfacts
0860008473349,openfacts
0860008473394,openfacts
0860008473547,openfacts
0860008477224,openfacts
0860008477231,openfacts
0860008477316,openfacts
0860008477323,openfacts
0860008477347,openfacts
0860008477378,openfacts
0860008477385,openfacts
0860008477392,openfacts
0860008477637,openfacts
0860008477644,openfacts
0860008477651,openfacts
0860008477668,openfacts
0860008477675,openfacts
0860008477804,openfacts
0860008481108,openfacts
0860008481153,openfacts
0860008481184,openfacts
0860008482105,openfacts
0860008482129,openfacts
0860008482136,openfacts
0860008482167,openfacts
0860008482174,openfacts
0860008489005,openfacts
0860008489081,openfacts
0860008491800,openfacts
0860008491817,openfacts
0860008491831,openfacts
0860008491848,openfacts
0860008498601,openfacts
0860008501813,openfacts
0860008501844,openfacts
0860008501851,openfacts
0860008504906,openfacts
0860008504982,openfacts
0860008510211,openfacts
0860008511911,openfacts
0860008511935,openfacts
0860008512208,openfacts
0860008513229,openfacts
0860008513236,openfacts
0860008513250,openfacts
0860008513298,openfacts
0860008515803,openfacts
0860008515810,openfacts
0860008515841,openfacts
0860008517661,openfacts
0860008521316,openfacts
0860008522610,openfacts
0860008524102,openfacts
0860008528506,openfacts
0860008528513,openfacts
0860008528537,openfacts
0860008528599,openfacts
0860008529213,openfacts
0860008529220,openfacts
0860008529237,openfacts
0860008529282,openfacts
0860008529732,openfacts
0860008532640,openfacts
0860008534705,openfacts
0860008534712,openfacts
0860008534729,openfacts
0860008535733,openfacts
0860008537300,openfacts
0860008538512,openfacts
0860008539045,openfacts
0860008539304,openfacts
0860008539311,openfacts
0860008539342,openfacts
0860008549402,openfacts
0860008549419,openfacts
0860008549426,openfacts
0860008551429,openfacts
0860008554901,openfacts
0860008554932,openfacts
0860008560506,openfacts
0860008560520,openfacts
0860008563569,openfacts
0860008567420,openfacts
0860008567437,openfacts
0860008572509,openfacts
0860008572523,openfacts
0860008572561,openfacts
0860008574138,openfacts
0860008574145,openfacts
0860008574152,openfacts
0860008575005,openfacts
0860008578136,openfacts
0860008583642,openfacts
0860008584717,openfacts
0860008584731,openfacts
0860008588500,openfacts
0860008588517,openfacts
0860008588562,openfacts
0860008588845,openfacts
0860008591012,openfacts
0860008591067,openfacts
0860008602602,openfacts
0860008604200,openfacts
0860008604217,openfacts
0860008605214,openfacts
0860008605221,openfacts
0860008606433,openfacts
0860008607911,openfacts
0860008610522,openfacts
0860008610546,openfacts
0860008610591,openfacts
0860008611802,openfacts
0860008615206,openfacts
0860008615329,openfacts
0860008618849,openfacts
0860008621283,openfacts
0860008621290,openfacts
0860008624369,openfacts
0860008626769,openfacts
0860008633613,openfacts
0860008634108,openfacts
0860008634115,openfacts
0860008634122,openfacts
0860008634139,openfacts
0860008634467,openfacts
0860008636508,openfacts
0860008636515,openfacts
0860008636522,openfacts
0860008643506,openfacts
0860008647009,openfacts
0860008647047,openfacts
0860008650511,openfacts
0860008651013,openfacts
0860008652676,openfacts
0860008653420,openfacts
0860008658722,openfacts
0860008660817,openfacts
0860008669513,openfacts
0860008669537,openfacts
0860008672322,openfacts
0860008672513,openfacts
0860008672612,openfacts
0860008676207,openfacts
0860008676214,openfacts
0860008676221,openfacts
0860008676269,openfacts
0860008677143,openfacts
0860008678218,openfacts
0860008678720,openfacts
0860008680907,openfacts
0860008680914,openfacts
0860008680921,openfacts
0860008680938,openfacts
0860008680945,openfacts
0860008680976,openfacts
0860008680990,openfacts
0860008681805,openfacts
0860008681812,openfacts
0860008681843,openfacts
0860008681874,openfacts
0860008681881,openfacts
0860008681898,openfacts
0860008682802,openfacts
0860008690210,openfacts
0860008690234,openfacts
0860008690241,openfacts
0860008690807,openfacts
0860008690814,openfacts
0860008690821,openfacts
0860008695345,openfacts
0860008699282,openfacts
0860008699299,openfacts
0860008700919,openfacts
0860008700926,openfacts
0860008700940,openfacts
0860008705808,openfacts
0860008705822,openfacts
0860008705846,openfacts
0860008706621,openfacts
0860008706775,openfacts
0860008707703,openfacts
0860008711724,openfacts
0860008712127,openfacts
0860008718518,openfacts
0860008724472,openfacts
0860008724717,openfacts
0860008724724,openfacts
0860008724731,openfacts
0860008724748,openfacts
0860008724762,openfacts
0860008724779,openfacts
0860008724786,openfacts
0860008724809,openfacts
0860008739322,openfacts
0860008743503,openfacts
0860008743510,openfacts
0860008743527,openfacts
0860008743558,openfacts
0860008744906,openfacts
0860008746900,openfacts
0860008746917,openfacts
0860008746924,openfacts
0860008746931,openfacts
0860008746955,openfacts
0860008750846,openfacts
0860008752529,openfacts
0860008752543,openfacts
0860008753434,openfacts
0860008753809,openfacts
0860008753816,openfacts
0860008755803,openfacts
0860008757401,openfacts
0860008758491,openfacts
0860008762405,openfacts
0860008762412,openfacts
0860008762429,openfacts
0860008762443,openfacts
0860008762450,openfacts
0860008775306,openfacts
0860008775313,openfacts
0860008778802,openfacts
0860008779717,openfacts
0860008784551,openfacts
0860008786241,openfacts
0860008787200,openfacts
0860008787507,openfacts
0860008787514,openfacts
0860008787521,openfacts
0860008787538,openfacts
0860008787545,openfacts
0860008792006,openfacts
0860008795809,openfacts
0860008795847,openfacts
0860008801135,openfacts
0860008804907,openfacts
0860008805508,openfacts
0860008805522,openfacts
0860008805539,openfacts
0860008805584,openfacts
0860008806413,openfacts
0860008806420,openfacts
0860008806437,openfacts
0860008806451,openfacts
0860008806468,openfacts
0860008806482,openfacts
0860008810120,openfacts
0860008817433,openfacts
0860008817440,openfacts
0860008817488,openfacts
0860008821409,openfacts
0860008821508,openfacts
0860008828804,openfacts
0860008828835,openfacts
0860008828842,openfacts
0860008828859,openfacts
0860008828873,openfacts
0860008829221,openfacts
0860008830012,openfacts
0860008830203,openfacts
0860008830272,openfacts
0860008836403,openfacts
0860008836410,openfacts
0860008836427,openfacts
0860008836434,openfacts
0860008836465,openfacts
0860008837509,openfacts
0860008837530,openfacts
0860008837561,openfacts
0860008837578,openfacts
0860008839749,openfacts
0860008844910,openfacts
0860008844989,openfacts
0860008844996,openfacts
0860008847300,openfacts
0860008862709,openfacts
0860008862785,openfacts
0860008871107,openfacts
0860008871121,openfacts
0860008872845,openfacts
0860008872852,openfacts
0860008872869,openfacts
0860008873408,openfacts
0860008873415,openfacts
0860008873439,openfacts
0860008873446,openfacts
0860008873453,openfacts
0860008873491,openfacts
0860008874504,openfacts
0860008874542,openfacts
0860008874818,openfacts
0860008874825,openfacts
0860008876218,openfacts
0860008876256,openfacts
0860008876263,openfacts
0860008876416,openfacts
0860008878687,openfacts
0860008882738,openfacts
0860008887009,openfacts
0860008888501,openfacts
0860008888549,openfacts
0860008890917,openfacts
0860008894830,openfacts
0860008900234,openfacts
0860008900296,openfacts
0860008902078,openfacts
0860008902085,openfacts
0860008903471,openfacts
0860008905406,openfacts
0860008905413,openfacts
0860008905420,openfacts
0860008905437,openfacts
0860008905444,openfacts
0860008905468,openfacts
0860008905482,openfacts
0860008916440,openfacts
0860008920706,openfacts
0860008920713,openfacts
0860008920720,openfacts
0860008920768,openfacts
0860008922625,openfacts
0860008922656,openfacts
0860008922663,openfacts
0860008922670,openfacts
0860008923806,openfacts
0860008923813,openfacts
0860008923820,openfacts
0860008923844,openfacts
0860008923851,openfacts
0860008925121,openfacts
0860008926203,openfacts
0860008934802,openfacts
0860008943408,openfacts
0860008943842,openfacts
0860008945709,openfacts
0860008945716,openfacts
0860008946003,openfacts
0860008963529,openfacts
0860008967114,openfacts
0860008974648,openfacts
0860008983190,openfacts
0860008988720,openfacts
0860008991287,openfacts
0860009002364,openfacts
0860009003422,openfacts
0860009003606,openfacts
0860009003613,openfacts
0860009003651,openfacts
0860009003668,openfacts
0860009003682,openfacts
0860009004603,openfacts
0860009004689,openfacts
0860009004696,openfacts
0860009008359,openfacts
0860009016514,openfacts
0860009016521,openfacts
0860009016538,openfacts
0860009016545,openfacts
0860009016552,openfacts
0860009017009,openfacts
0860009026384,openfacts
0860009027466,openfacts
0860009028906,openfacts
0860009031609,openfacts
0860009031647,openfacts
0860009031685,openfacts
0860009031708,openfacts
0860009031715,openfacts
0860009033283,openfacts
0860009036017,openfacts
0860009037182,openfacts
0860009041974,openfacts
0860009046191,openfacts
0860009047303,openfacts
0860009047358,openfacts
0860009047365,openfacts
0860009050907,openfacts
0860009050921,openfacts
0860009051232,openfacts
0860009058408,openfacts
0860009058415,openfacts
0860009058422,openfacts
0860009058439,openfacts
0860009058453,openfacts
0860009058484,openfacts
0860009058491,openfacts
0860009062214,openfacts
0860009062238,openfacts
0860009068551,openfacts
0860009078406,openfacts
0860009080744,openfacts
0860009081406,openfacts
0860009081413,openfacts
0860009081499,openfacts
0860009082410,openfacts
0860009082441,openfacts
0860009082472,openfacts
0860009082823,openfacts
0860009082847,openfacts
0860009082854,openfacts
0860009082861,openfacts
0860009082878,openfacts
0860009082885,openfacts
0860009084803,openfacts
0860009084810,openfacts
0860009084827,openfacts
0860009089365,openfacts
0860009089518,openfacts
0860009089525,openfacts
0860009090507,openfacts
0860009090811,openfacts
0860009092600,openfacts
0860009093539,openfacts
0860009101234,openfacts
0860009101722,openfacts
0860009105812,openfacts
0860009115668,openfacts
0860009115958,openfacts
0860009116016,openfacts
0860009116023,openfacts
0860009117907,openfacts
0860009117921,openfacts
0860009118812,openfacts
0860009118942,openfacts
0860009118959,openfacts
0860009118966,openfacts
0860009118973,openfacts
0860009126381,openfacts
0860009131859,openfacts
0860009131866,openfacts
0860009133402,openfacts
0860009133419,openfacts
0860009133471,openfacts
0860009139923,openfacts
0860009145498,openfacts
0860009146709,openfacts
0860009146730,openfacts
0860009146778,openfacts
0860009146785,openfacts
0860009146792,openfacts
0860009148314,openfacts
0860009156005,openfacts
0860009162402,openfacts
0860009162419,openfacts
0860009162426,openfacts
0860009162488,openfacts
0860009171466,openfacts
0860009171480,openfacts
0860009179233,openfacts
0860009179264,openfacts
0860009179271,openfacts
0860009179288,openfacts
0860009183537,openfacts
0860009184107,openfacts
0860009184138,openfacts
0860009185128,openfacts
0860009186088,openfacts
0860009186811,openfacts
0860009186859,openfacts
0860009186873,openfacts
0860009193000,openfacts
0860009193017,openfacts
0860009193024,openfacts
0860009193031,openfacts
0860009196209,openfacts
0860009199101,openfacts
0860009199118,openfacts
0860009199125,openfacts
0860009207103,openfacts
0860009207127,openfacts
0860009208612,openfacts
0860009208704,openfacts
0860009209848,openfacts
0860009209862,openfacts
0860009210806,openfacts
0860009210820,openfacts
0860009221222,openfacts
0860009221253,openfacts
0860009229600,openfacts
0860009229617,openfacts
0860009229655,openfacts
0860009238404,openfacts
0860009245648,openfacts
0860009250444,openfacts
0860009252721,openfacts
0860009253209,openfacts
0860009253247,openfacts
0860009254428,openfacts
0860009258617,openfacts
0860009260221,openfacts
0860009261310,openfacts
0860009261341,openfacts
0860009262966,openfacts
0860009262973,openfacts
0860009263109,openfacts
0860009263116,openfacts
0860009263123,openfacts
0860009264021,openfacts
0860009264038,openfacts
0860009265035,openfacts
0860009270336,openfacts
0860009271401,openfacts
0860009275461,openfacts
0860009283206,openfacts
0860009283213,openfacts
0860009283237,openfacts
0860009283251,openfacts
0860009283268,openfacts
0860009283299,openfacts
0860009291911,openfacts
0860009291966,openfacts
0860009292406,openfacts
0860009292413,openfacts
0860009292420,openfacts
0860009292437,openfacts
0860009299511,openfacts
0860009308138,openfacts
0860009308169,openfacts
0860009309913,openfacts
0860009309951,openfacts
0860009309968,openfacts
0860009309975,openfacts
0860009309982,openfacts
0860009310346,openfacts
0860009318311,openfacts
0860009318335,openfacts
0860009318359,openfacts
0860009318366,openfacts
0860009319615,openfacts
0860009319646,openfacts
0860009323650,openfacts
0860009326408,openfacts
0860009326415,openfacts
0860009326422,openfacts
0860009326446,openfacts
0860009326491,openfacts
0860009330634,openfacts
0860009336902,openfacts
0860009339880,openfacts
0860009339897,openfacts
0860009339903,openfacts
0860009339910,openfacts
0860009341685,openfacts
0860009343221,openfacts
0860009343238,openfacts
0860009343252,openfacts
0860009343269,openfacts
0860009345706,openfacts
0860009345782,openfacts
0860009350021,openfacts
0860009350069,openfacts
0860009350946,openfacts
0860009351059,openfacts
0860009351073,openfacts
0860009351639,openfacts
0860009351653,openfacts
0860009353848,openfacts
0860009353855,openfacts
0860009354906,openfacts
0860009354913,openfacts
0860009358119,openfacts
0860009358126,openfacts
0860009373211,openfacts
0860009373228,openfacts
0860009375208,openfacts
0860009379855,openfacts
0860009385658,openfacts
0860009385689,openfacts
0860009385696,openfacts
0860009395404,openfacts
0860009403963,openfacts
0860009407961,openfacts
0860009412521,openfacts
0860009412538,openfacts
0860009412569,openfacts
0860009412576,openfacts
0860009414907,openfacts
0860009420281,openfacts
0860009422230,openfacts
0860009423428,openfacts
0860009428232,openfacts
0860009428270,openfacts
0860009428287,openfacts
0860009428294,openfacts
0860009428805,openfacts
0860009428812,openfacts
0860009428867,openfacts
0860009428874,openfacts
0860009431225,openfacts
0860009431249,openfacts
0860009431256,openfacts
0860009431270,openfacts
0860009431294,openfacts
0860009439337,openfacts
0860009440258,openfacts
0860009448957,openfacts
0860009454606,openfacts
0860009454637,openfacts
0860009454651,openfacts
0860009454699,openfacts
0860009461437,openfacts
0860009461901,openfacts
0860009461925,openfacts
0860009461932,openfacts
0860009461949,openfacts
0860009461956,openfacts
0860009461963,openfacts
0860009461994,openfacts
0860009476363,openfacts
0860009479593,openfacts
0860009483941,openfacts
0860009489325,openfacts
0860009489332,openfacts
0860009496453,openfacts
0860009497900,openfacts
0860009501706,openfacts
0860009501713,openfacts
0860009501720,openfacts
0860009501737,openfacts
0860009501744,openfacts
0860009501751,openfacts
0860009501768,openfacts
0860009501775,openfacts
0860009501782,openfacts
0860009501799,openfacts
0860009503311,openfacts
0860009503335,openfacts
0860009503342,openfacts
0860009503359,openfacts
0860009504486,openfacts
0860009518919,openfacts
0860009521377,openfacts
0860009521407,openfacts
0860009521421,openfacts
0860009521452,openfacts
0860009522831,openfacts
0860009524019,openfacts
0860009524026,openfacts
0860009527072,openfacts
0860009527126,openfacts
0860009527164,openfacts
0860009527171,openfacts
0860009527188,openfacts
0860009532205,openfacts
0860009532212,openfacts
0860009532229,openfacts
0860009532236,openfacts
0860009532267,openfacts
0860009539242,openfacts
0860009539259,openfacts
0860009565593,openfacts
0860009568310,openfacts
0860009568433,openfacts
0860009571358,openfacts
0860009575707,openfacts
0860009575714,openfacts
0860009590335,openfacts
0860009590342,openfacts
0860009591158,openfacts
0860009598904,openfacts
0860009598911,openfacts
0860009598928,openfacts
0860009598935,openfacts
0860009598942,openfacts
0860009598980,openfacts
0860009612303,openfacts
0860009612457,openfacts
0860009620209,openfacts
0860009621732,openfacts
0860009621763,openfacts
0860009622296,openfacts
0860009627420,openfacts
0860009632318,openfacts
0860009635036,openfacts
0860009635074,openfacts
0860009635081,openfacts
0860009635098,openfacts
0860009635302,openfacts
0860009643116,openfacts
0860009643505,openfacts
0860009643536,openfacts
0860009643567,openfacts
0860009643611,openfacts
0860009643864,openfacts
0860009643871,openfacts
0860009646568,openfacts
0860009646575,openfacts
0860009646902,openfacts
0860009646933,openfacts
0860009649507,openfacts
0860009649514,openfacts
0860009649521,openfacts
0860009649538,openfacts
0860009649545,openfacts
0860009649552,openfacts
0860009652118,openfacts
0860009652125,openfacts
0860009652149,openfacts
0860009652156,openfacts
0860009652194,openfacts
0860009657014,openfacts
0860009657038,openfacts
0860009659063,openfacts
0860009659308,openfacts
0860009659315,openfacts
0860009659322,openfacts
0860009659346,openfacts
0860009661004,openfacts
0860009662612,openfacts
0860009662629,openfacts
0860009662636,openfacts
0860009662643,openfacts
0860009667617,openfacts
0860009675605,openfacts
0860009675612,openfacts
0860009675629,openfacts
0860009675636,openfacts
0860009675643,openfacts
0860009675728,openfacts
0860009675735,openfacts
0860009675742,openfacts
0860009675766,openfacts
0860009675773,openfacts
0860009675780,openfacts
0860009676442,openfacts
0860009676459,openfacts
0860009676466,openfacts
0860009676473,openfacts
0860009676572,openfacts
0860009685482,openfacts
0860009686816,openfacts
0860009686915,openfacts
0860009686922,openfacts
0860009686939,openfacts
0860009686953,openfacts
0860009692053,openfacts
0860009694408,openfacts
0860009694873,openfacts
0860009700017,openfacts
0860009705777,openfacts
0860009706804,openfacts
0860009706828,openfacts
0860009707702,openfacts
0860009713956,openfacts
0860009713963,openfacts
0860009713970,openfacts
0860009713994,openfacts
0860009719569,openfacts
0860009719576,openfacts
0860009723108,openfacts
0860009727045,openfacts
0860009731516,openfacts
0860009731554,openfacts
0860009734043,openfacts
0860009734074,openfacts
0860009736962,openfacts
0860009740136,openfacts
0860009741607,openfacts
0860009741928,openfacts
0860009752801,openfacts
0860009752818,openfacts
0860009752825,openfacts
0860009752832,openfacts
0860009752849,openfacts
0860009752856,openfacts
0860009752863,openfacts
0860009752870,openfacts
0860009756519,openfacts
0860009756588,openfacts
0860009757219,openfacts
0860009763715,openfacts
0860009765726,openfacts
0860009765733,openfacts
0860009776500,openfacts
0860009776562,openfacts
0860009776579,openfacts
0860009776593,openfacts
0860009780101,openfacts
0860009780118,openfacts
0860009782006,openfacts
0860009782051,openfacts
0860009782068,openfacts
0860009784215,openfacts
0860009784222,openfacts
0860009789517,openfacts
0860009789524,openfacts
0860009789531,openfacts
0860009789555,openfacts
0860009789562,openfacts
0860009789579,openfacts
0860009791107,openfacts
0860009791404,openfacts
0860009791411,openfacts
0860009791435,openfacts
0860009795112,openfacts
0860009795129,openfacts
0860009795747,openfacts
0860009796003,openfacts
0860009807235,openfacts
0860009807266,openfacts
0860009807280,openfacts
0860009808614,openfacts
0860009811874,openfacts
0860009812307,openfacts
0860009814424,openfacts
0860009816817,openfacts
0860009816824,openfacts
0860009816831,openfacts
0860009816855,openfacts
0860009816862,openfacts
0860009819405,openfacts
0860009819412,openfacts
0860009819511,openfacts
0860009819535,openfacts
0860009819559,openfacts
0860009822726,openfacts
0860009822733,openfacts
0860009822740,openfacts
0860009822764,openfacts
0860009827479,openfacts
0860009830387,openfacts
0860009835412,openfacts
0860009835450,openfacts
0860009837508,openfacts
0860009837515,openfacts
0860009841291,openfacts
0860009842427,openfacts
0860009845527,openfacts
0860009845534,openfacts
0860009845541,openfacts
0860009845589,openfacts
0860009850026,openfacts
0860009850064,openfacts
0860009850088,openfacts
0860009850149,openfacts
0860009850156,openfacts
0860009850163,openfacts
0860009850170,openfacts
0860009850828,openfacts
0860009851313,openfacts
0860009853201,openfacts
0860009853218,openfacts
0860009853225,openfacts
0860009853294,openfacts
0860009854314,openfacts
0860009854321,openfacts
0860009856202,openfacts
0860009856288,openfacts
0860009856998,openfacts
0860009865600,openfacts
0860009865617,openfacts
0860009865631,openfacts
0860009867604,openfacts
0860009867611,openfacts
0860009867628,openfacts
0860009867642,openfacts
0860009867659,openfacts
0860009867666,openfacts
0860009867673,openfacts
0860009867697,openfacts
0860009868618,openfacts
0860009868625,openfacts
0860009868632,openfacts
0860009868656,openfacts
0860009869158,openfacts
0860009871670,openfacts
0860009871915,openfacts
0860009871922,openfacts
0860009874411,openfacts
0860009875609,openfacts
0860009879102,openfacts
0860009879133,openfacts
0860009879140,openfacts
0860009882171,openfacts
0860009882188,openfacts
0860009882195,openfacts
0860009883208,openfacts
0860009883246,openfacts
0860009885516,openfacts
0860009885523,openfacts
0860009885615,openfacts
0860009885813,openfacts
0860009885820,openfacts
0860009885837,openfacts
0860009885851,openfacts
0860009890305,openfacts
0860009891487,openfacts
0860009891906,openfacts
0860009891913,openfacts
0860009891920,openfacts
0860009891937,openfacts
0860009891944,openfacts
0860009891982,openfacts
0860009891999,openfacts
0860009893306,openfacts
0860009894006,openfacts
0860009895232,openfacts
0860009898257,openfacts
0860009899315,openfacts
0860009899322,openfacts
0860009899339,openfacts
0860009906303,openfacts
0860009906327,openfacts
0860009906341,openfacts
0860009906365,openfacts
0860009910300,openfacts
0860009910324,openfacts
0860009910393,openfacts
0860009912700,openfacts
0860009912724,openfacts
0860009921412,openfacts
0860009934801,openfacts
0860009934849,openfacts
0860009935051,openfacts
0860009935068,openfacts
0860009935082,openfacts
0860009935099,openfacts
0860009944084,openfacts
0860009948648,openfacts
0860009949003,openfacts
0860009949010,openfacts
0860009949027,openfacts
0860009949034,openfacts
0860009951433,openfacts
0860009951457,openfacts
0860009951464,openfacts
0860009953727,openfacts
0860009953796,openfacts
0860009955400,openfacts
0860009955424,openfacts
0860009955448,openfacts
0860009959941,openfacts
0860009961418,openfacts
0860009961463,openfacts
0860009966901,openfacts
0860009966949,openfacts
0860009973503,openfacts
0860009973527,openfacts
0860009973534,openfacts
0860009973558,openfacts
0860009979314,openfacts
0860009979321,openfacts
0860009990531,openfacts
0860009993624,openfacts
0860009993648,openfacts
0860009993655,openfacts
0860009994607,openfacts
0860009996403,openfacts
0860009996410,openfacts
0860009996427,openfacts
0860009996441,openfacts
0860009996458,openfacts
0860009996465,openfacts
0860009996472,openfacts
0860009996489,openfacts
0860009996496,openfacts
0860010000625,openfacts
0860010000649,openfacts
0860010009451,openfacts
0860010009475,openfacts
0860010009499,openfacts
0860010012789,openfacts
0860010013601,openfacts
0860010013618,openfacts
0860010013625,openfacts
0860010013632,openfacts
0860010013694,openfacts
0860010013991,openfacts
0860010015476,openfacts
0860010015490,openfacts
0860010018200,openfacts
0860010018224,openfacts
0860010018248,openfacts
0860010020128,openfacts
0860010020173,openfacts
0860010025802,openfacts
0860010025819,openfacts
0860010026915,openfacts
0860010026939,openfacts
0860010028100,openfacts
0860010028186,openfacts
0860010028605,openfacts
0860010028612,openfacts
0860010028629,openfacts
0860010028636,openfacts
0860010028643,openfacts
0860010028650,openfacts
0860010028674,openfacts
0860010032268,openfacts
0860010033203,openfacts
0860010033913,openfacts
0860010036938,openfacts
0860010036952,openfacts
0860010042601,openfacts
0860010043004,openfacts
0860010043011,openfacts
0860010043028,openfacts
0860010043042,openfacts
0860010043059,openfacts
0860010043066,openfacts
0860010043080,openfacts
0860010043202,openfacts
0860010044650,openfacts
0860010044667,openfacts
0860010045343,openfacts
0860010045350,openfacts
0860010045640,openfacts
0860010045664,openfacts
0860010045671,openfacts
0860010048443,openfacts
0860010048450,openfacts
0860010048467,openfacts
0860010053850,openfacts
0860010060209,openfacts
0860010066010,openfacts
0860010068601,openfacts
0860010068618,openfacts
0860010068625,openfacts
0860010068632,openfacts
0860010068649,openfacts
0860010071502,openfacts
0860010074503,openfacts
0860010074527,openfacts
0860010074558,openfacts
0860010074572,openfacts
0860010080627,openfacts
0860010080665,openfacts
0860010089538,openfacts
0860010089576,openfacts
0860010094709,openfacts
0860010096208,openfacts
0860010100066,openfacts
0860010103937,openfacts
0860010105306,openfacts
0860010105313,openfacts
0860010105320,openfacts
0860010116043,openfacts
0860010117224,openfacts
0860010117606,openfacts
0860010117903,openfacts
0860010119105,openfacts
0860010119129,openfacts
0860010119761,openfacts
0860010126769,openfacts
0860010133507,openfacts
0860010133545,openfacts
0860010133552,openfacts
0860010133569,openfacts
0860010133576,openfacts
0860010133583,openfacts
0860010133590,openfacts
0860010133811,openfacts
0860010133828,openfacts
0860010133835,openfacts
0860010133859,openfacts
0860010133866,openfacts
0860010133873,openfacts
0860010141731,openfacts
0860010141748,openfacts
0860010141793,openfacts
0860010144633,openfacts
0860010145807,openfacts
0860010145814,openfacts
0860010145821,openfacts
0860010147306,openfacts
0860010147313,openfacts
0860010147320,openfacts
0860010147337,openfacts
0860010148112,openfacts
0860010156766,openfacts
0860010156773,openfacts
0860010163184,openfacts
0860010165454,openfacts
0860010165904,openfacts
0860010165911,openfacts
0860010165942,openfacts
0860010165966,openfacts
0860010168936,openfacts
0860010168943,openfacts
0860010168950,openfacts
0860010168967,openfacts
0860010168981,openfacts
0860010168998,openfacts
0860010171110,openfacts
0860010171127,openfacts
0860010171134,openfacts
0860010175408,openfacts
0860010175705,openfacts
0860010175729,openfacts
0860010185810,openfacts
0860010185827,openfacts
0860010186503,openfacts
0860010186589,openfacts
0860010190029,openfacts
0860010190074,openfacts
0860010198902,openfacts
0860010199503,openfacts
0860010199527,openfacts
0860010199602,openfacts
0860010199619,openfacts
0860010199626,openfacts
0860010199640,openfacts
0860010199664,openfacts
0860010199688,openfacts
0860010199695,openfacts
0860010199800,openfacts
0860010199817,openfacts
0860010199824,openfacts
0860010199862,openfacts
0860010199879,openfacts
0860010199886,openfacts
0860010199893,openfacts
0860010200155,openfacts
0860010202500,openfacts
0860010202517,openfacts
0860010202524,openfacts
0860010204764,openfacts
0860010212608,openfacts
0860010214022,openfacts
0860010214084,openfacts
0860010216200,openfacts
0860010217610,openfacts
0860010217627,openfacts
0860010219607,openfacts
0860010220863,openfacts
0860010220870,openfacts
0860010220887,openfacts
0860010221112,openfacts
0860010221129,openfacts
0860010221136,openfacts
0860010221143,openfacts
0860010221150,openfacts
0860010227602,openfacts
0860010228746,openfacts
0860010235102,openfacts
0860010235119,openfacts
0860010235126,openfacts
0860010238301,openfacts
0860010238325,openfacts
0860010240519,openfacts
0860010240526,openfacts
0860010240533,openfacts
0860010243442,openfacts
0860010250518,openfacts
0860010250525,openfacts
0860010254905,openfacts
0860010263525,openfacts
0860010264904,openfacts
0860010264911,openfacts
0860010264928,openfacts
0860010264966,openfacts
0860010265536,openfacts
0860010266441,openfacts
0860010273296,openfacts
0860010275450,openfacts
0860010276532,openfacts
0860010285114,openfacts
0860010285121,openfacts
0860010290774,openfacts
0860010297131,openfacts
0860010297155,openfacts
0860010297179,openfacts
0860010302620,openfacts
0860010302644,openfacts
0860010305546,openfacts
0860010309308,openfacts
0860010309315,openfacts
0860010309322,openfacts
0860010309339,openfacts
0860010309346,openfacts
0860010309353,openfacts
0860010310304,openfacts
0860010314005,openfacts
0860010314012,openfacts
0860010318508,openfacts
0860010318515,openfacts
0860010318522,openfacts
0860010318539,openfacts
0860010318546,openfacts
0860010318553,openfacts
0860010318560,openfacts
0860010318577,openfacts
0860010318584,openfacts
0860010318591,openfacts
0860010322307,openfacts
0860010322314,openfacts
0860010322321,openfacts
0860010322338,openfacts
0860010322345,openfacts
0860010322352,openfacts
0860010324479,openfacts
0860010327319,openfacts
0860010327371,openfacts
0860010332122,openfacts
0860010332139,openfacts
0860010332146,openfacts
0860010332153,openfacts
0860010332702,openfacts
0860010332726,openfacts
0860010335468,openfacts
0860010335499,openfacts
0860010339602,openfacts
0860010341117,openfacts
0860010341124,openfacts
0860010351642,openfacts
0860010358405,openfacts
0860010358412,openfacts
0860010358429,openfacts
0860010360712,openfacts
0860010360736,openfacts
0860010360774,openfacts
0860010368800,openfacts
0860010368817,openfacts
0860010368831,openfacts
0860010368855,openfacts
0860010368879,openfacts
0860010368886,openfacts
0860010368893,openfacts
0860010371602,openfacts
0860010372111,openfacts
0860010374405,openfacts
0860010374412,openfacts
0860010374436,openfacts
0860010374450,openfacts
0860010374467,openfacts
0860010374474,openfacts
0860010374504,openfacts
0860010374511,openfacts
0860010376201,openfacts
0860010377260,openfacts
0860010377703,openfacts
0860010377727,openfacts
0860010380215,openfacts
0860010384107,openfacts
0860010384121,openfacts
0860010384169,openfacts
0860010390917,openfacts
0860010397503,openfacts
0860010397572,openfacts
0860010397589,openfacts
0860010409336,openfacts
0860010409343,openfacts
0860010409350,openfacts
0860010409367,openfacts
0860010409398,openfacts
0860010412404,openfacts
0860010412749,openfacts
0860010412756,openfacts
0860010412763,openfacts
0860010412787,openfacts
0860010415719,openfacts
0860010415986,openfacts
0860010416204,openfacts
0860010421000,openfacts
0860010421031,openfacts
0860010421048,openfacts
0860010421055,openfacts
0860010422991,openfacts
0860010424018,openfacts
0860010424032,openfacts
0860010434017,openfacts
0860010439814,openfacts
0860010442302,openfacts
0860010442326,openfacts
0860010442357,openfacts
0860010442623,openfacts
0860010450208,openfacts
0860010450215,openfacts
0860010450239,openfacts
0860010450253,openfacts
0860010450291,openfacts
0860010463000,openfacts
0860010463031,openfacts
0860010463062,openfacts
0860010463079,openfacts
0860010468609,openfacts
0860010468616,openfacts
0860010468623,openfacts
0860010468678,openfacts
0860010468692,openfacts
0860010472507,openfacts
0860010474907,openfacts
0860010474938,openfacts
0860010474976,openfacts
0860010475522,openfacts
0860010475539,openfacts
0860010475768,openfacts
0860010476116,openfacts
0860010476130,openfacts
0860010481417,openfacts
0860010481707,openfacts
0860010483329,openfacts
0860010483374,openfacts
0860010492420,openfacts
0860010500316,openfacts
0860010507001,openfacts
0860010510124,openfacts
0860010510131,openfacts
0860010510162,openfacts
0860010511817,openfacts
0860010517017,openfacts
0860010554814,openfacts
0860010554852,openfacts
0860010557211,openfacts
0860010557235,openfacts
0860010557259,openfacts
0860010557266,openfacts
0860010562017,openfacts
0860010562086,openfacts
0860010568347,openfacts
0860010575185,openfacts
0860010584804,openfacts
0860010584811,openfacts
0860010584828,openfacts
0860010584835,openfacts
0860010584897,openfacts
0860010585405,openfacts
0860010585412,openfacts
0860010585429,openfacts
0860010585436,openfacts
0860010585443,openfacts
0860010585450,openfacts
0860010585467,openfacts
0860010585474,openfacts
0860010585900,openfacts
0860010587003,openfacts
0860010587010,openfacts
0860010587027,openfacts
0860010587072,openfacts
0860010587409,openfacts
0860010587416,openfacts
0860010587423,openfacts
0860010587430,openfacts
0860010587447,openfacts
0860010587454,openfacts
0860010587461,openfacts
0860010587485,openfacts
0860010587515,openfacts
0860010587522,openfacts
0860010587546,openfacts
0860010591208,openfacts
0860010591215,openfacts
0860010591222,openfacts
0860010591246,openfacts
0860010595107,openfacts
0860010604809,openfacts
0860010604816,openfacts
0860010604823,openfacts
0860010604830,openfacts
0860010614204,openfacts
0860010614228,openfacts
0860010614235,openfacts
0860010614266,openfacts
0860010629109,openfacts
0860010629840,openfacts
0860010641248,openfacts
0860010643785,openfacts
0860010647431,openfacts
0860010652091,openfacts
0860010656617,openfacts
0860010656624,openfacts
0860010656631,openfacts
0860010656648,openfacts
0860010656686,openfacts
0860010658802,openfacts
0860010661420,openfacts
0860010667835,openfacts
0860010667866,openfacts
0860010667897,openfacts
0860010668306,openfacts
0860010668320,openfacts
0860010669792,openfacts
0860010671221,openfacts
0860010672211,openfacts
0860010672259,openfacts
0860010675809,openfacts
0860010681985,openfacts
0860010682005,openfacts
0860010682029,openfacts
0860010682043,openfacts
0860010682081,openfacts
0860010688304,openfacts
0860010688311,openfacts
0860010688328,openfacts
0860010691168,openfacts
0860010695838,openfacts
0860010697931,openfacts
0860010697993,openfacts
0860010701218,openfacts
0860010701232,openfacts
0860010702109,openfacts
0860010702116,openfacts
0860010702123,openfacts
0860010702130,openfacts
0860010702147,openfacts
0860010702154,openfacts
0860010702161,openfacts
0860010702185,openfacts
0860010704004,openfacts
0860010704011,openfacts
0860010704073,openfacts
0860010711118,openfacts
0860010711149,openfacts
0860010711217,openfacts
0860010711507,openfacts
0860010713303,openfacts
0860010713310,openfacts
0860010714522,openfacts
0860010719169,openfacts
0860010723647,openfacts
0860010724804,openfacts
0860010728307,openfacts
0860010729489,openfacts
0860010742235,openfacts
0860010749012,openfacts
0860010749029,openfacts
0860010749036,openfacts
0860010749043,openfacts
0860010749050,openfacts
0860010749067,openfacts
0860010749609,openfacts
0860010749647,openfacts
0860010749654,openfacts
0860010749661,openfacts
0860010750230,openfacts
0860010750407,openfacts
0860010750438,openfacts
0860010751909,openfacts
0860010753118,openfacts
0860010753613,openfacts
0860010753644,openfacts
0860010758007,openfacts
0860010758014,openfacts
0860010759738,openfacts
0860010764312,openfacts
0860010773000,openfacts
0860010773024,openfacts
0860010773031,openfacts
0860010773048,openfacts
0860010778371,openfacts
0860010778388,openfacts
0860010778821,openfacts
0860010778838,openfacts
0860010782705,openfacts
0860010782736,openfacts
0860010782750,openfacts
0860010786314,openfacts
0860010786321,openfacts
0860010786376,openfacts
0860010791165,openfacts
0860010793855,openfacts
0860010801208,openfacts
0860010801215,openfacts
0860010801307,openfacts
0860010805329,openfacts
0860010806104,openfacts
0860010808726,openfacts
0860010810804,openfacts
0860010813003,openfacts
0860010813010,openfacts
0860010817469,openfacts
0860010817483,openfacts
0860010820100,openfacts
0860010820124,openfacts
0860010820919,openfacts
0860010823279,openfacts
0860010830703,openfacts
0860010837504,openfacts
0860010837511,openfacts
0860010837528,openfacts
0860010837535,openfacts
0860010840108,openfacts
0860010840139,openfacts
0860010847541,openfacts
0860010847701,openfacts
0860010847718,openfacts
0860010847749,openfacts
0860010850107,openfacts
0860010850138,openfacts
0860010854341,openfacts
0860010854556,openfacts
0860010860229,openfacts
0860010865453,openfacts
0860010865842,openfacts
0860010868706,openfacts
0860010868713,openfacts
0860010878606,openfacts
0860010878620,openfacts
0860010878668,openfacts
0860010878965,openfacts
0860010878989,openfacts
0860010880203,openfacts
0860010881019,openfacts
0860010881033,openfacts
0860010882504,openfacts
0860010882528,openfacts
0860010882542,openfacts
0860010882559,openfacts
0860010882580,openfacts
0860010889701,openfacts
0860010899830,openfacts
0860010899847,openfacts
0860010899878,openfacts
0860010901205,openfacts
0860010904329,openfacts
0860010908105,openfacts
0860010908112,openfacts
0860010908129,openfacts
0860010908167,openfacts
0860010908181,openfacts
0860010908198,openfacts
0860010913512,openfacts
0860010913529,openfacts
0860010916476,openfacts
0860010922408,openfacts
0860010922415,openfacts
0860010922422,openfacts
0860010922439,openfacts
0860010924006,openfacts
0860010924037,openfacts
0860010924044,openfacts
0860010924075,openfacts
0860010930267,openfacts
0860010931004,openfacts
0860010931103,openfacts
0860010931301,openfacts
0860010938669,openfacts
0860010942819,openfacts
0860010942826,openfacts
0860010956212,openfacts
0860010956854,openfacts
0860010956861,openfacts
0860010956878,openfacts
0860010956885,openfacts
0860010956892,openfacts
0860010957509,openfacts
0860010962213,openfacts
0860010962220,openfacts
0860010962237,openfacts
0860010962244,openfacts
0860010964729,openfacts
0860010967102,openfacts
0860010969601,openfacts
0860010969625,openfacts
0860010977934,openfacts
0860010977958,openfacts
0860010977972,openfacts
0860010977996,openfacts
0860010979112,openfacts
0860010981726,openfacts
0860010982402,openfacts
0860010984420,openfacts
0860010986271,openfacts
0860010986714,openfacts
0860010997307,openfacts
0860010997338,openfacts
0860011000075,openfacts
0860011000457,openfacts
0860011000464,openfacts
0860011007814,openfacts
0860011007821,openfacts
0860011007883,openfacts
0860011009436,openfacts
0860011013990,openfacts
0860011014003,openfacts
0860011014041,openfacts
0860011018810,openfacts
0860011018827,openfacts
0860011025931,openfacts
0860011027416,openfacts
0860011029106,openfacts
0860011035237,openfacts
0860011035244,openfacts
0860011035275,openfacts
0860011035282,openfacts
0860011035411,openfacts
0860011036517,openfacts
0860011036906,openfacts
0860011036913,openfacts
0860011036920,openfacts
0860011036937,openfacts
0860011043898,openfacts
0860011044307,openfacts
0860011045502,openfacts
0860011045540,openfacts
0860011045571,openfacts
0860011045922,openfacts
0860011047766,openfacts
0860011058601,openfacts
0860011059486,openfacts
0860011065708,openfacts
0860011065715,openfacts
0860011065722,openfacts
0860011065739,openfacts
0860011065746,openfacts
0860011067733,openfacts
0860011069300,openfacts
0860011069317,openfacts
0860011069331,openfacts
0860011069348,openfacts
0860011069393,openfacts
0860011070313,openfacts
0860011071839,openfacts
0860011074403,openfacts
0860011082507,openfacts
0860011087106,openfacts
0860011087113,openfacts
0860011087120,openfacts
0860011087175,openfacts
0860011096603,openfacts
0860011096610,openfacts
0860011096627,openfacts
0860011096634,openfacts
0860011099000,openfacts
0860011099017,openfacts
0860011099048,openfacts
0860011100911,openfacts
0860011100973,openfacts
0860011100980,openfacts
0860011101505,openfacts
0860011102229,openfacts
0860011102274,openfacts
0860011102823,openfacts
0860011102830,openfacts
0860011102847,openfacts
0860011103813,openfacts
0860011106647,openfacts
0860011106654,openfacts
0860011106661,openfacts
0860011106692,openfacts
0860011110323,openfacts
0860011118411,openfacts
0860011128731,openfacts
0860011130536,openfacts
0860011130543,openfacts
0860011130550,openfacts
0860011130567,openfacts
0860011134138,openfacts
0860011134145,openfacts
0860011138334,openfacts
0860011138341,openfacts
0860011138365,openfacts
0860011139805,openfacts
0860011139812,openfacts
0860011139836,openfacts
0860011139843,openfacts
0860011139867,openfacts
0860011139874,openfacts
0860011141310,openfacts
0860011157625,openfacts
0860011157632,openfacts
0860011157656,openfacts
0860011159223,openfacts
0860011159254,openfacts
0860011160717,openfacts
0860011161202,openfacts
0860011165415,openfacts
0860011166702,openfacts
0860011166719,openfacts
0860011168782,openfacts
0860011168805,openfacts
0860011168850,openfacts
0860011168874,openfacts
0860011170860,openfacts
0860011173533,openfacts
0860011173540,openfacts
0860011173557,openfacts
0860011173588,openfacts
0860011173595,openfacts
0860011175001,openfacts
0860011175018,openfacts
0860011175032,openfacts
0860011175056,openfacts
0860011175063,openfacts
0860011175070,openfacts
0860011175087,openfacts
0860011180012,openfacts
0860011180036,openfacts
0860011180050,openfacts
0860011180067,openfacts
0860011181606,openfacts
0860011181644,openfacts
0860011181682,openfacts
0860011183754,openfacts
0860011195559,openfacts
0860011205500,openfacts
0860011205517,openfacts
0860011205524,openfacts
0860011205531,openfacts
0860011207108,openfacts
0860011207115,openfacts
0860011207122,openfacts
0860011207146,openfacts
0860011207153,openfacts
0860011213956,openfacts
0860011218012,openfacts
0860011218081,openfacts
0860011221906,openfacts
0860011225805,openfacts
0860011225812,openfacts
0860011225836,openfacts
0860011225843,openfacts
0860011228813,openfacts
0860011228820,openfacts
0860011234524,openfacts
0860011235743,openfacts
0860011236108,openfacts
0860011236122,openfacts
0860011240334,openfacts
0860011241805,openfacts
0860011241812,openfacts
0860011241829,openfacts
0860011241836,openfacts
0860011241843,openfacts
0860011241850,openfacts
0860011242420,openfacts
0860011242437,openfacts
0860011242451,openfacts
0860011242468,openfacts
0860011242475,openfacts
0860011242482,openfacts
0860011242499,openfacts
0860011243106,openfacts
0860011243113,openfacts
0860011243151,openfacts
0860011243168,openfacts
0860011243618,openfacts
0860011247104,openfacts
0860011247128,openfacts
0860011250333,openfacts
0860011260417,openfacts
0860011269007,openfacts
0860011269403,openfacts
0860011269410,openfacts
0860011274001,openfacts
0860011275626,openfacts
0860011276760,openfacts
0860011277958,openfacts
0860011281504,openfacts
0860011282105,openfacts
0860011290506,openfacts
0860011290513,openfacts
0860011290575,openfacts
0860011290582,openfacts
0860011290919,openfacts
0860011290926,openfacts
0860011300403,openfacts
0860011300434,openfacts
0860011300441,openfacts
0860011304647,openfacts
0860011305606,openfacts
0860011305637,openfacts
0860011305651,openfacts
0860011305668,openfacts
0860011305682,openfacts
0860011305699,openfacts
0860011305811,openfacts
0860011306801,openfacts
0860011312000,openfacts
0860011312017,openfacts
0860011312031,openfacts
0860011312062,openfacts
0860011318804,openfacts
0860011318880,openfacts
0860011319009,openfacts
0860011321903,openfacts
0860011321910,openfacts
0860011347446,openfacts
0860011348399,openfacts
0860011352013,openfacts
0860011352044,openfacts
0860011352242,openfacts
0860011354109,openfacts
0860011354178,openfacts
0860011354192,openfacts
0860011366508,openfacts
0860011371861,openfacts
0860011374145,openfacts
0860011374305,openfacts
0860011374312,openfacts
0860011374329,openfacts
0860011374336,openfacts
0860011374343,openfacts
0860011374350,openfacts
0860011374701,openfacts
0860011377801,openfacts
0860011384021,openfacts
0860011384618,openfacts
0860011395355,openfacts
0860011399520,openfacts
0860011403418,openfacts
0860011404101,openfacts
0860011404118,openfacts
0860011404125,openfacts
0860011404156,openfacts
0860011404163,openfacts
0860011413202,openfacts
0860011413219,openfacts
0860011413233,openfacts
0860011413240,openfacts
0860011413257,openfacts
0860011413806,openfacts
0860011414865,openfacts
0860011417606,openfacts
0860011417613,openfacts
0860011417620,openfacts
0860011417644,openfacts
0860011417675,openfacts
0860011417682,openfacts
0860011423027,openfacts
0860011423058,openfacts
0860011424222,openfacts
0860011424604,openfacts
0860011424628,openfacts
0860011424642,openfacts
0860011424666,openfacts
0860011424697,openfacts
0860011427506,openfacts
0860011434900,openfacts
0860011434924,openfacts
0860011434955,openfacts
0860011434962,openfacts
0860011434979,openfacts
0860011434986,openfacts
0860011434993,openfacts
0860011438106,openfacts
0860011438113,openfacts
0860011438120,openfacts
0860011439134,openfacts
0860011443001,openfacts
0860011443018,openfacts
0860011446453,openfacts
0860011449027,openfacts
0860011449058,openfacts
0860011449065,openfacts
0860011449072,openfacts
0860011449089,openfacts
0860011449201,openfacts
0860011449218,openfacts
0860011449225,openfacts
0860011449232,openfacts
0860011453031,openfacts
0860011453048,openfacts
0860011461104,openfacts
0860011466727,openfacts
0860011466734,openfacts
0860011477419,openfacts
0860011479901,openfacts
0860011480600,openfacts
0860011480617,openfacts
0860011480624,openfacts
0860011480631,openfacts
0860011480648,openfacts
0860011488705,openfacts
0860011489801,openfacts
0860011489825,openfacts
0860011499916,openfacts
0860011499923,openfacts
0860011499947,openfacts
0860011499954,openfacts
0860011499961,openfacts
0860011499978,openfacts
0860011499992,openfacts
0860011504306,openfacts
0860011504320,openfacts
0860011504368,openfacts
0860011504399,openfacts
0860011505600,openfacts
0860011508625,openfacts
0860011508649,openfacts
0860011519577,openfacts
0860011527114,openfacts
0860011533801,openfacts
0860011533818,openfacts
0860011539612,openfacts
0860011539629,openfacts
0860011539643,openfacts
0860011547518,openfacts
0860011547556,openfacts
0860011547570,openfacts
0860011548508,openfacts
0860011549123,openfacts
0860011549130,openfacts
0860011551287,openfacts
0860011553045,openfacts
0860011553069,openfacts
0860011553076,openfacts
0860011554622,openfacts
0860011557968,openfacts
0860011558309,openfacts
0860011558316,openfacts
0860011558361,openfacts
0860011558507,openfacts
0860011561798,openfacts
0860011561804,openfacts
0860011561828,openfacts
0860011561835,openfacts
0860011561842,openfacts
0860011561873,openfacts
0860011561910,openfacts
0860011561989,openfacts
0860011566601,openfacts
0860011566618,openfacts
0860011566625,openfacts
0860011566649,openfacts
0860011567622,openfacts
0860011567646,openfacts
0860011568544,openfacts
0860011581161,openfacts
0860011583417,openfacts
0860011583431,openfacts
0860011584001,openfacts
0860011584018,openfacts
0860011590323,openfacts
0860011591917,openfacts
0860011591948,openfacts
0860011595830,openfacts
0860011595878,openfacts
0860011601203,openfacts
0860011601227,openfacts
0860011601234,openfacts
0860011605010,openfacts
0860011605201,openfacts
0860011605218,openfacts
0860011605232,openfacts
0860011605249,openfacts
0860011605263,openfacts
0860011605270,openfacts
0860011613329,openfacts
0860011622017,openfacts
0860011622093,openfacts
0860011626046,openfacts
0860011626053,openfacts
0860011626060,openfacts
0860011626084,openfacts
0860011626091,openfacts
0860011628033,openfacts
0860011629030,openfacts
0860011635420,openfacts
0860011635499,openfacts
0860011638629,openfacts
0860011651307,openfacts
0860011653103,openfacts
0860011653127,openfacts
0860011653141,openfacts
0860011653158,openfacts
0860011657538,openfacts
0860011659310,openfacts
0860011660712,openfacts
0860011662181,openfacts
0860011665250,openfacts
0860011669470,openfacts
0860011674108,openfacts
0860011674115,openfacts
0860011682042,openfacts
0860011685005,openfacts
0860011685012,openfacts
0860011685807,openfacts
0860011687825,openfacts
0860011688501,openfacts
0860011688518,openfacts
0860011688525,openfacts
0860011688532,openfacts
0860011688549,openfacts
0860011688556,openfacts
0860011688563,openfacts
0860011688570,openfacts
0860011688587,openfacts
0860011691303,openfacts
0860011691310,openfacts
0860011691327,openfacts
0860011691334,openfacts
0860011691341,openfacts
0860011692812,openfacts
0860011693031,openfacts
0860011693055,openfacts
0860011695967,openfacts
0860011695974,openfacts
0860011700104,openfacts
0860011700111,openfacts
0860011700128,openfacts
0860011700142,openfacts
0860011700159,openfacts
0860011702726,openfacts
0860011702740,openfacts
0860011703815,openfacts
0860011708803,openfacts
0860011708810,openfacts
0860011708834,openfacts
0860011713524,openfacts
0860011713586,openfacts
0860011714620,openfacts
0860011714644,openfacts
0860011715108,openfacts
0860011715115,openfacts
0860011717904,openfacts
0860011717942,openfacts
0860011718604,openfacts
0860011720133,openfacts
0860011720140,openfacts
0860011720157,openfacts
0860011723103,openfacts
0860011723110,openfacts
0860011728504,openfacts
0860011728801,openfacts
0860011728818,openfacts
0860011733973,openfacts
0860011736714,openfacts
0860011736738,openfacts
0860011738800,openfacts
0860011738824,openfacts
0860011743316,openfacts
0860011743811,openfacts
0860011746409,openfacts
0860011746423,openfacts
0860011750802,openfacts
0860011750819,openfacts
0860011750833,openfacts
0860011751830,openfacts
0860011756309,openfacts
0860011760016,openfacts
0860011761723,openfacts
0860011766612,openfacts
0860011773306,openfacts
0860011773344,openfacts
0860011774723,openfacts
0860011774839,openfacts
0860011774860,openfacts
0860011778103,openfacts
0860011778127,openfacts
0860011780946,openfacts
0860011784425,openfacts
0860011784456,openfacts
0860011785316,openfacts
0860011788201,openfacts
0860011794523,openfacts
0860011806523,openfacts
0860011808237,openfacts
0860011808244,openfacts
0860011809524,openfacts
0860011812708,openfacts
0860011812715,openfacts
0860011812722,openfacts
0860011812739,openfacts
0860011812760,openfacts
0860011815709,openfacts
0860011816041,openfacts
0860011822301,openfacts
0860011835943,openfacts
0860011835950,openfacts
0860011838609,openfacts
0860011838678,openfacts
0860011850618,openfacts
0860011850632,openfacts
0860011850656,openfacts
0860011850663,openfacts
0860011850670,openfacts
0860011850694,openfacts
0860011858096,openfacts
0860011858386,openfacts
0860011864615,openfacts
0860011865223,openfacts
0860011866800,openfacts
0860011866817,openfacts
0860011866848,openfacts
0860011866862,openfacts
0860011873808,openfacts
0860011875055,openfacts
0860011877301,openfacts
0860011878230,openfacts
0860011878247,openfacts
0860011878254,openfacts
0860011878902,openfacts
0860011878919,openfacts
0860011880936,openfacts
0860011881803,openfacts
0860011888536,openfacts
0860011888567,openfacts
0860011888574,openfacts
0860011893516,openfacts
0860011900399,openfacts
0860011904991,openfacts
0860011906704,openfacts
0860011906711,openfacts
0860011906728,openfacts
0860011907008,openfacts
0860011911203,openfacts
0860011911210,openfacts
0860011912408,openfacts
0860011912422,openfacts
0860011913306,openfacts
0860011919605,openfacts
0860011919612,openfacts
0860011919629,openfacts
0860011919636,openfacts
0860011919643,openfacts
0860011919674,openfacts
0860011927563,openfacts
0860011927808,openfacts
0860011927815,openfacts
0860011927846,openfacts
0860011930730,openfacts
0860011930747,openfacts
0860011937203,openfacts
0860011938002,openfacts
0860011938019,openfacts
0860011938033,openfacts
0860011940012,openfacts
0860011942917,openfacts
0860011942924,openfacts
0860011942931,openfacts
0860011942955,openfacts
0860011948513,openfacts
0860011958710,openfacts
0860011960409,openfacts
0860011960805,openfacts
0860011960812,openfacts
0860011963707,openfacts
0860011963714,openfacts
0860011963752,openfacts
0860011967606,openfacts
0860011967613,openfacts
0860011967620,openfacts
0860011967637,openfacts
0860011967699,openfacts
0860011969709,openfacts
0860011969853,openfacts
0860011969884,openfacts
0860011971320,openfacts
0860011972914,openfacts
0860011972938,openfacts
0860011972945,openfacts
0860011972990,openfacts
0860011975601,openfacts
0860011975618,openfacts
0860011975625,openfacts
0860011975632,openfacts
0860011975649,openfacts
0860011975670,openfacts
0860011988342,openfacts
0860011988359,openfacts
0860011988373,openfacts
0860011989301,openfacts
0860011989356,openfacts
0860011989387,openfacts
0860011995319,openfacts
0860011997108,openfacts
0860011997115,openfacts
0860011997122,openfacts
0860011997139,openfacts
0860011997160,openfacts
0860011997177,openfacts
0860011999300,openfacts
0860011999317,openfacts
0860011999324,openfacts
0860011999331,openfacts
0860011999348,openfacts
0860011999379,openfacts
0860012002009,openfacts
0860012002016,openfacts
0860012002344,openfacts
0860012002351,openfacts
0860012005123,openfacts
0860012005178,openfacts
0860012009725,openfacts
0860012013906,openfacts
0860012013920,openfacts
0860012013937,openfacts
0860012013944,openfacts
0860012013968,openfacts
0860012014408,openfacts
0860012017102,openfacts
0860012017119,openfacts
0860012027804,openfacts
0860012028726,openfacts
0860012029402,openfacts
0860012029471,openfacts
0860012031603,openfacts
0860012031610,openfacts
0860012031627,openfacts
0860012031634,openfacts
0860012031665,openfacts
0860012031696,openfacts
0860012034604,openfacts
0860012034628,openfacts
0860012034635,openfacts
0860012034642,openfacts
0860012034659,openfacts
0860012036509,openfacts
0860012038909,openfacts
0860012039401,openfacts
0860012044023,openfacts
0860012044061,openfacts
0860012044078,openfacts
0860012044085,openfacts
0860012044092,openfacts
0860012044405,openfacts
0860012044412,openfacts
0860012044986,openfacts
0860012045112,openfacts
0860012051625,openfacts
0860012053384,openfacts
0860012053391,openfacts
0860012054404,openfacts
0860012054411,openfacts
0860012055401,openfacts
0860012055418,openfacts
0860012055449,openfacts
0860012057627,openfacts
0860012057641,openfacts
0860012060313,openfacts
0860012062102,openfacts
0860012062164,openfacts
0860012062171,openfacts
0860012063574,openfacts
0860012063581,openfacts
0860012065004,openfacts
0860012065301,openfacts
0860012070022,openfacts
0860012073443,openfacts
0860012073474,openfacts
0860012076505,openfacts
0860012076536,openfacts
0860012076543,openfacts
0860012076581,openfacts
0860012084401,openfacts
0860012084418,openfacts
0860012084432,openfacts
0860012084463,openfacts
0860012088010,openfacts
0860012090600,openfacts
0860012096503,openfacts
0860012098804,openfacts
0860012100606,openfacts
0860012100613,openfacts
0860012100620,openfacts
0860012100637,openfacts
0860012100644,openfacts
0860012101856,openfacts
0860012101863,openfacts
0860012113828,openfacts
0860012113897,openfacts
0860012114030,openfacts
0860012114047,openfacts
0860012118601,openfacts
0860012118618,openfacts
0860012118625,openfacts
0860012118632,openfacts
0860012118915,openfacts
0860012119004,openfacts
0860012127337,openfacts
0860012127375,openfacts
0860012130115,openfacts
0860012130153,openfacts
0860012132409,openfacts
0860012132416,openfacts
0860012143405,openfacts
0860012143450,openfacts
0860012143481,openfacts
0860012156757,openfacts
0860012159284,openfacts
0860012159925,openfacts
0860012161508,openfacts
0860012161515,openfacts
0860012161539,openfacts
0860012161546,openfacts
0860012161553,openfacts
0860012161560,openfacts
0860012161577,openfacts
0860012161591,openfacts
0860012161720,openfacts
0860012161737,openfacts
0860012161775,openfacts
0860012167562,openfacts
0860012168200,openfacts
0860012168224,openfacts
0860012168248,openfacts
0860012168262,openfacts
0860012168279,openfacts
0860012170708,openfacts
0860012172719,openfacts
0860012172740,openfacts
0860012172771,openfacts
0860012175116,openfacts
0860012181803,openfacts
0860012181827,openfacts
0860012182015,openfacts
0860012182022,openfacts
0860012184408,openfacts
0860012184415,openfacts
0860012184422,openfacts
0860012185665,openfacts
0860012193004,openfacts
0860012198313,openfacts
0860012198405,openfacts
0860012198412,openfacts
0860012204137,openfacts
0860012204144,openfacts
0860012204151,openfacts
0860012204168,openfacts
0860012204915,openfacts
0860012206667,openfacts
0860012206674,openfacts
0860012209729,openfacts
0860012211104,openfacts
0860012211111,openfacts
0860012211135,openfacts
0860012218981,openfacts
0860012221912,openfacts
0860012222100,openfacts
0860012223800,openfacts
0860012226009,openfacts
0860012226016,openfacts
0860012226023,openfacts
0860012226030,openfacts
0860012226054,openfacts
0860012226061,openfacts
0860012226085,openfacts
0860012226092,openfacts
0860012233649,openfacts
0860012238057,openfacts
0860012244300,openfacts
0860012244317,openfacts
0860012244324,openfacts
0860012244362,openfacts
0860012247639,openfacts
0860012247653,openfacts
0860012249329,openfacts
0860012252411,openfacts
0860012257843,openfacts
0860012258970,openfacts
0860012262656,openfacts
0860012271535,openfacts
0860012271580,openfacts
0860012271597,openfacts
0860012275922,openfacts
0860012277704,openfacts
0860012277735,openfacts
0860012277759,openfacts
0860012277773,openfacts
0860012277797,openfacts
0860012278206,openfacts
0860012278213,openfacts
0860012278220,openfacts
0860012278237,openfacts
0860012278244,openfacts
0860012278251,openfacts
0860012278268,openfacts
0860012278275,openfacts
0860012278282,openfacts
0860012278299,openfacts
0860012282500,openfacts
0860012282517,openfacts
0860012282524,openfacts
0860012282555,openfacts
0860012282562,openfacts
0860012282586,openfacts
0860012293902,openfacts
0860012294497,openfacts
0860012300402,openfacts
0860012300419,openfacts
0860012300488,openfacts
0860012301607,openfacts
0860012302413,openfacts
0860012311903,openfacts
0860012311941,openfacts
0860012314799,openfacts
0860012315635,openfacts
0860012315642,openfacts
0860012315680,openfacts
0860012318612,openfacts
0860012318629,openfacts
0860012318636,openfacts
0860012318667,openfacts
0860012320042,openfacts
0860012320639,openfacts
0860012320660,openfacts
0860012320967,openfacts
0860012330508,openfacts
0860012331086,openfacts
0860012333301,openfacts
0860012335602,openfacts
0860012335619,openfacts
0860012335626,openfacts
0860012335633,openfacts
0860012335640,openfacts
0860012335688,openfacts
0860012336708,openfacts
0860012337705,openfacts
0860012337712,openfacts
0860012337750,openfacts
0860012337767,openfacts
0860012338504,openfacts
0860012340262,openfacts
0860012344208,openfacts
0860012356348,openfacts
0860012356355,openfacts
0860012356737,openfacts
0860012356744,openfacts
0860012356751,openfacts
0860012360543,openfacts
0860012360550,openfacts
0860012360574,openfacts
0860012369003,openfacts
0860012369010,openfacts
0860012376025,openfacts
0860012378302,openfacts
0860012378319,openfacts
0860012378326,openfacts
0860012378333,openfacts
0860012378555,openfacts
0860012384624,openfacts
0860012388806,openfacts
0860012388813,openfacts
0860012388820,openfacts
0860012388851,openfacts
0860012388882,openfacts
0860012389223,openfacts
0860012389230,openfacts
0860012389247,openfacts
0860012389254,openfacts
0860012389261,openfacts
0860012391448,openfacts
0860012391479,openfacts
0860012391608,openfacts
0860012392209,openfacts
0860012392230,openfacts
0860012392315,openfacts
0860012400942,openfacts
0860012401826,openfacts
0860012401833,openfacts
0860012404056,openfacts
0860012413065,openfacts
0860012414550,openfacts
0860012414567,openfacts
0860012414574,openfacts
0860012414598,openfacts
0860012416707,openfacts
0860012416714,openfacts
0860012418329,openfacts
0860012420858,openfacts
0860012429066,openfacts
0860012431922,openfacts
0860012431939,openfacts
0860012435746,openfacts
0860012443673,openfacts
0860012443680,openfacts
0860012448326,openfacts
0860012450008,openfacts
0860012453948,openfacts
0860012453979,openfacts
0860012458509,openfacts
0860012458516,openfacts
0860012458523,openfacts
0860012458547,openfacts
0860012458554,openfacts
0860012461844,openfacts
0860012474318,openfacts
0860012474363,openfacts
0860012479214,openfacts
0860012482313,openfacts
0860012482320,openfacts
0860012482337,openfacts
0860012483211,openfacts
0860012483228,openfacts
0860012483235,openfacts
0860012483242,openfacts
0860012484218,openfacts
0860012484225,openfacts
0860012485963,openfacts
0860012493135,openfacts
0860012493159,openfacts
0860012502509,openfacts
0860012502516,openfacts
0860012502523,openfacts
0860012502530,openfacts
0860012502547,openfacts
0860012502554,openfacts
0860012513109,openfacts
0860012513130,openfacts
0860012513147,openfacts
0860012513154,openfacts
0860012513178,openfacts
0860012516407,openfacts
0860012516414,openfacts
0860012516421,openfacts
0860012516438,openfacts
0860012523917,openfacts
0860012523931,openfacts
0860012525324,openfacts
0860012528745,openfacts
0860012528912,openfacts
0860012528950,openfacts
0860012530526,openfacts
0860012535125,openfacts
0860012540945,openfacts
0860012540952,openfacts
0860012540976,openfacts
0860012547906,openfacts
0860012547913,openfacts
0860012547937,openfacts
0860012551910,openfacts
0860012559510,openfacts
0860012570447,openfacts
0860012573806,openfacts
0860012574414,openfacts
0860012574483,openfacts
0860012579709,openfacts
0860012581559,openfacts
0860012603510,openfacts
0860012603596,openfacts
0860012607723,openfacts
0860012607730,openfacts
0860012607747,openfacts
0860012607761,openfacts
0860012607792,openfacts
0860012608232,openfacts
0860012608287,openfacts
0860012610419,openfacts
0860012610532,openfacts
0860012610549,openfacts
0860012610563,openfacts
0860012610570,openfacts
0860012610587,openfacts
0860012610594,openfacts
0860012615544,openfacts
0860012623006,openfacts
0860012623013,openfacts
0860012623020,openfacts
0860012623037,openfacts
0860012623099,openfacts
0860012630042,openfacts
0860012633623,openfacts
0860012633807,openfacts
0860012633814,openfacts
0860012633883,openfacts
0860012635702,openfacts
0860012637706,openfacts
0860012637744,openfacts
0860012637768,openfacts
0860012637782,openfacts
0860012637805,openfacts
0860012637812,openfacts
0860012642526,openfacts
0860012646203,openfacts
0860012648870,openfacts
0860012648887,openfacts
0860012658510,openfacts
0860012658800,openfacts
0860012658862,openfacts
0860012660100,openfacts
0860012660117,openfacts
0860012660131,openfacts
0860012660162,openfacts
0860012661541,openfacts
0860012663125,openfacts
0860012664207,openfacts
0860012664245,openfacts
0860012671847,openfacts
0860012675913,openfacts
0860012676194,openfacts
0860012678334,openfacts
0860012679799,openfacts
0860012680238,openfacts
0860012680276,openfacts
0860012681693,openfacts
0860012682089,openfacts
0860012687411,openfacts
0860012690015,openfacts
0860012690022,openfacts
0860012690114,openfacts
0860012692002,openfacts
0860012695201,openfacts
0860012697366,openfacts
0860012698936,openfacts
0860012698950,openfacts
0860012701506,openfacts
0860012701513,openfacts
0860012701575,openfacts
0860012701599,openfacts
0860012704705,openfacts
0860012704729,openfacts
0860012704774,openfacts
0860012705108,openfacts
0860012705115,openfacts
0860012705122,openfacts
0860012705139,openfacts
0860012705412,openfacts
0860012710461,openfacts
0860012710485,openfacts
0860012711116,openfacts
0860012711314,openfacts
0860012711413,openfacts
0860012711871,openfacts
0860012717866,openfacts
0860012717873,openfacts
0860012717880,openfacts
0860012718504,openfacts
0860012718511,openfacts
0860012718535,openfacts
0860012720040,openfacts
0860012720071,openfacts
0860012720507,openfacts
0860012720521,openfacts
0860012720552,openfacts
0860012720576,openfacts
0860012720583,openfacts
0860012722501,openfacts
0860012722518,openfacts
0860012722525,openfacts
0860012722532,openfacts
0860012722587,openfacts
0860012723034,openfacts
0860012728022,openfacts
0860012732203,openfacts
0860012732210,openfacts
0860012732227,openfacts
0860012732234,openfacts
0860012733408,openfacts
0860012733415,openfacts
0860012733422,openfacts
0860012733439,openfacts
0860012733484,openfacts
0860012736102,openfacts
0860012738717,openfacts
0860012739271,openfacts
0860012741854,openfacts
0860012746118,openfacts
0860012750917,openfacts
0860012751501,openfacts
0860012751570,openfacts
0860012754359,openfacts
0860012756735,openfacts
0860012777952,openfacts
0860012778201,openfacts
0860012778645,openfacts
0860012781003,openfacts
0860012781034,openfacts
0860012784325,openfacts
0860012784332,openfacts
0860012785742,openfacts
0860012785797,openfacts
0860012786527,openfacts
0860012789405,openfacts
0860012793006,openfacts
0860012793150,openfacts
0860012794775,openfacts
0860012799909,openfacts
0860012806829,openfacts
0860012811816,openfacts
0860012818709,openfacts
0860012822720,openfacts
0860012822737,openfacts
0860012822744,openfacts
0860012822768,openfacts
0860012822775,openfacts
0860012822799,openfacts
0860012832903,openfacts
0860012833078,openfacts
0860012836406,openfacts
0860012841240,openfacts
0860012842100,openfacts
0860012842186,openfacts
0860012846504,openfacts
0860012860845,openfacts
0860012862283,openfacts
0860012867707,openfacts
0860012876020,openfacts
0860012876037,openfacts
0860012876044,openfacts
0860012876051,openfacts
0860012876075,openfacts
0860012877676,openfacts
0860012880010,openfacts
0860012880041,openfacts
0860012880058,openfacts
0860012896509,openfacts
0860012902170,openfacts
0860012902446,openfacts
0860012904327,openfacts
0860012904341,openfacts
0860012906208,openfacts
0860012909704,openfacts
0860012909711,openfacts
0860012909728,openfacts
0860012909735,openfacts
0860012909933,openfacts
0860012913930,openfacts
0860012916719,openfacts
0860012916726,openfacts
0860012921737,openfacts
0860012921744,openfacts
0860012921751,openfacts
0860012922604,openfacts
0860012922611,openfacts
0860012922635,openfacts
0860012922642,openfacts
0860012922673,openfacts
0860012924844,openfacts
0860012929047,openfacts
0860012929078,openfacts
0860012930821,openfacts
0860012932511,openfacts
0860012932566,openfacts
0860012936410,openfacts
0860012936915,openfacts
0860012936922,openfacts
0860012937608,openfacts
0860012937615,openfacts
0860012937646,openfacts
0860012937653,openfacts
0860012938421,openfacts
0860012939534,openfacts
0860012939589,openfacts
0860012940028,openfacts
0860012942206,openfacts
0860012953271,openfacts
0860012954810,openfacts
0860012956319,openfacts
0860012958610,openfacts
0860012958627,openfacts
0860012958634,openfacts
0860012958641,openfacts
0860012958658,openfacts
0860012958665,openfacts
0860012958689,openfacts
0860012964710,openfacts
0860012966905,openfacts
0860012966912,openfacts
0860012966929,openfacts
0860012975815,openfacts
0860012978243,openfacts
0860012981267,openfacts
0860012991778,openfacts
0860012998913,openfacts
0860012999828,openfacts
0860013008017,openfacts
0860013010843,openfacts
0860013010874,openfacts
0860013011512,openfacts
0860013012298,openfacts
0860013014216,openfacts
0860013014223,openfacts
0860013033729,openfacts
0860013035747,openfacts
0860013039714,openfacts
0860013046125,openfacts
0860013046132,openfacts
0860013046149,openfacts
0860013046156,openfacts
0860013048709,openfacts
0860013051747,openfacts
0860013054601,openfacts
0860013054618,openfacts
0860013054656,openfacts
0860013054663,openfacts
0860013054908,openfacts
0860013054953,openfacts
0860013055394,openfacts
0860013057305,openfacts
0860013057329,openfacts
0860013057336,openfacts
0860013064303,openfacts
0860013064310,openfacts
0860013065560,openfacts
0860013066000,openfacts
0860013066024,openfacts
0860013066048,openfacts
0860013066062,openfacts
0860013066086,openfacts
0860013066123,openfacts
0860013068059,openfacts
0860013068318,openfacts
0860013070106,openfacts
0860013070533,openfacts
0860013070557,openfacts
0860013071219,openfacts
0860013078706,openfacts
0860013083809,openfacts
0860013089207,openfacts
0860013096205,openfacts
0860013098988,openfacts
0860013125417,openfacts
0860013126001,openfacts
0860013126902,openfacts
0860013126940,openfacts
0860013126964,openfacts
0860013126988,openfacts
0860013127725,openfacts
0860013128609,openfacts
0860013128616,openfacts
0860013139513,openfacts
0860013141028,openfacts
0860013145606,openfacts
0860013146610,openfacts
0860013147914,openfacts
0860013148751,openfacts
0860013151836,openfacts
0860013151843,openfacts
0860013151867,openfacts
0860013152505,openfacts
0860013152536,openfacts
0860013162375,openfacts
0860013162382,openfacts
0860013169305,openfacts
0860013169312,openfacts
0860013170707,openfacts
0860013170721,openfacts
0860013173968,openfacts
0860013173975,openfacts
0860013177607,openfacts
0860013183301,openfacts
0860013183325,openfacts
0860013183356,openfacts
0860013183363,openfacts
0860013190804,openfacts
0860013190811,openfacts
0860013205904,openfacts
0860013207724,openfacts
0860013209858,openfacts
0860013209902,openfacts
0860013209926,openfacts
0860013209933,openfacts
0860013210717,openfacts
0860013210724,openfacts
0860013210731,openfacts
0860013210748,openfacts
0860013214487,openfacts
0860013218980,openfacts
0860013222307,openfacts
0860013222314,openfacts
0860013225230,openfacts
0860013225261,openfacts
0860013225292,openfacts
0860013228613,openfacts
0860013234409,openfacts
0860013235956,openfacts
0860013235963,openfacts
0860013235987,openfacts
0860013240646,openfacts
0860013260507,openfacts
0860013260514,openfacts
0860013270438,openfacts
0860013270926,openfacts
0860013270933,openfacts
0860013273705,openfacts
0860013273712,openfacts
0860013273729,openfacts
0860013275181,openfacts
0860013275525,openfacts
0860013275532,openfacts
0860013278854,openfacts
0860013279318,openfacts
0860013279363,openfacts
0860013279370,openfacts
0860013279387,openfacts
0860013279394,openfacts
0860013282721,openfacts
0860013282745,openfacts
0860013283810,openfacts
0860013286934,openfacts
0860013290603,openfacts
0860013290610,openfacts
0860013290627,openfacts
0860013290696,openfacts
0860013293284,openfacts
0860013294106,openfacts
0860013296308,openfacts
0860013296339,openfacts
0860013298609,openfacts
0860013298616,openfacts
0860013298623,openfacts
0860013298807,openfacts
0860013298821,openfacts
0860013298838,openfacts
0860013298845,openfacts
0860013303020,openfacts
0860013303075,openfacts
0860013303099,openfacts
0860013310110,openfacts
0860013310127,openfacts
0860013312206,openfacts
0860013316365,openfacts
0860013320836,openfacts
0860013320843,openfacts
0860013321802,openfacts
0860013321819,openfacts
0860013321826,openfacts
0860013326722,openfacts
0860013330033,openfacts
0860013339616,openfacts
0860013339623,openfacts
0860013345204,openfacts
0860013345211,openfacts
0860013345600,openfacts
0860013345648,openfacts
0860013348229,openfacts
0860013349325,openfacts
0860013352301,openfacts
0860013352318,openfacts
0860013352325,openfacts
0860013355845,openfacts
0860013363116,openfacts
0860013363123,openfacts
0860013375409,openfacts
0860013375416,openfacts
0860013375423,openfacts
0860013377700,openfacts
0860013377717,openfacts
0860013380571,openfacts
0860013380588,openfacts
0860013382018,openfacts
0860013390754,openfacts
0860013390761,openfacts
0860013390778,openfacts
0860013391201,openfacts
0860013397227,openfacts
0860013397241,openfacts
0860013397258,openfacts
0860013399542,openfacts
0860013401405,openfacts
0860013401481,openfacts
0860013401498,openfacts
0860013417017,openfacts
0860013418809,openfacts
0860013418816,openfacts
0860013418830,openfacts
0860013418854,openfacts
0860013418861,openfacts
0860013426828,openfacts
0860013428402,openfacts
0860013428419,openfacts
0860013428426,openfacts
0860013428464,openfacts
0860013429225,openfacts
0860013429720,openfacts
0860013429768,openfacts
0860013432409,openfacts
0860013432423,openfacts
0860013432478,openfacts
0860013435233,openfacts
0860013437008,openfacts
0860013442408,openfacts
0860013450700,openfacts
0860013450717,openfacts
0860013451639,openfacts
0860013459024,openfacts
0860013460600,openfacts
0860013460624,openfacts
0860013460631,openfacts
0860013466503,openfacts
0860013471804,openfacts
0860013475406,openfacts
0860013475413,openfacts
0860013475758,openfacts
0860013476946,openfacts
0860013477103,openfacts
0860013478124,openfacts
0860013478131,openfacts
0860013478902,openfacts
0860013478926,openfacts
0860013489113,openfacts
0860013490119,openfacts
0860013492007,openfacts
0860013492014,openfacts
0860013492052,openfacts
0860013499204,openfacts
0860013499211,openfacts
0860013499235,openfacts
0860013502607,openfacts
0860013507169,openfacts
0860013507343,openfacts
0860013508364,openfacts
0860013508388,openfacts
0860013519049,openfacts
0860013522988,openfacts
0860013526900,openfacts
0860013529000,openfacts
0860013529024,openfacts
0860013529536,openfacts
0860013529802,openfacts
0860013532918,openfacts
0860013564605,openfacts
0860013568207,openfacts
0860013580902,openfacts
0860013580919,openfacts
0860013580926,openfacts
0860013583323,openfacts
0860013584023,openfacts
0860013591212,openfacts
0860013597016,openfacts
0860013604660,openfacts
0860013612726,openfacts
0860013612740,openfacts
0860013612757,openfacts
0860013612764,openfacts
0860013613105,openfacts
0860013613129,openfacts
0860013613174,openfacts
0860013616038,openfacts
0860013621506,openfacts
0860013621513,openfacts
0860013627577,openfacts
0860013633707,openfacts
0860013633714,openfacts
0860013636005,openfacts
0860013636029,openfacts
0860013636050,openfacts
0860013644161,openfacts
0860013648886,openfacts
0860013652616,openfacts
0860013653323,openfacts
0860013670832,openfacts
0860013670849,openfacts
0860013670856,openfacts
0860013681609,openfacts
0860013681616,openfacts
0860013683511,openfacts
0860013683535,openfacts
0860013683559,openfacts
0860013683597,openfacts
0860013684341,openfacts
0860013684358,openfacts
0860013685539,openfacts
0860013685591,openfacts
0860013693909,openfacts
0860013693923,openfacts
0860013693947,openfacts
0860013696108,openfacts
0860013696115,openfacts
0860013700980,openfacts
0860013704629,openfacts
0860013717902,openfacts
0860013717919,openfacts
0860013717926,openfacts
0860013717957,openfacts
0860013717964,openfacts
0860013717971,openfacts
0860013720025,openfacts
0860013727949,openfacts
0860013733131,openfacts
0860013745721,openfacts
0860013746209,openfacts
0860013746254,openfacts
0860013750640,openfacts
0860013751111,openfacts
0860013751135,openfacts
0860013751159,openfacts
0860013751630,openfacts
0860013752903,openfacts
0860013752910,openfacts
0860013752941,openfacts
0860013752996,openfacts
0860013755515,openfacts
0860013767204,openfacts
0860013773892,openfacts
0860013776701,openfacts
0860013776718,openfacts
0860013776725,openfacts
0860013777302,openfacts
0860013781828,openfacts
0860013788216,openfacts
0860013788223,openfacts
0860013794804,openfacts
0860013802318,openfacts
0860013802325,openfacts
0860013802356,openfacts
0860013803704,openfacts
0860013803711,openfacts
0860013803728,openfacts
0860013803735,openfacts
0860013803742,openfacts
0860013805012,openfacts
0860013805807,openfacts
0860013805814,openfacts
0860013806125,openfacts
0860013817855,openfacts
0860013817862,openfacts
0860013817879,openfacts
0860013824907,openfacts
0860013824914,openfacts
0860013824938,openfacts
0860013826208,openfacts
0860013826659,openfacts
0860013834708,openfacts
0860013834715,openfacts
0860013834722,openfacts
0860013834739,openfacts
0860013842307,openfacts
0860013853600,openfacts
0860013853617,openfacts
0860013853648,openfacts
0860013864460,openfacts
0860013869205,openfacts
0860013869229,openfacts
0860013869243,openfacts
0860013869274,openfacts
0860013869328,openfacts
0860013874025,openfacts
0860013875800,openfacts
0860013878269,openfacts
0860013879303,openfacts
0860013879327,openfacts
0860013888206,openfacts
0860013890629,openfacts
0860013894313,openfacts
0860013905002,openfacts
0860013905019,openfacts
0860013911805,openfacts
0860013911829,openfacts
0860013911843,openfacts
0860013911867,openfacts
0860013911881,openfacts
0860013917234,openfacts
0860013918200,openfacts
0860013918224,openfacts
0860013918248,openfacts
0860013918279,openfacts
0860013921507,openfacts
0860013921514,openfacts
0860013929824,openfacts
0860013930332,openfacts
0860013933135,openfacts
0860013933142,openfacts
0860013940904,openfacts
0860013946302,openfacts
0860013947101,openfacts
0860013947118,openfacts
0860013947125,openfacts
0860013947149,openfacts
0860013956653,openfacts
0860013957513,openfacts
0860013962302,openfacts
0860013967406,openfacts
0860013967475,openfacts
0860013974282,openfacts
0860013980306,openfacts
0860013981907,openfacts
0860013982607,openfacts
0860013982614,openfacts
0860013982621,openfacts
0860013993511,openfacts
0860013993528,openfacts
0860013993535,openfacts
0860013993559,openfacts
0860013993580,openfacts
0860013994648,openfacts
0860013998011,openfacts
0860013998028,openfacts
0860013998035,openfacts
0860014000706,openfacts
0860014000713,openfacts
0860014001451,openfacts
0860014001468,openfacts
0860014001475,openfacts
0860014001499,openfacts
0860014002410,openfacts
0860014002427,openfacts
0860014002434,openfacts
0860014004407,openfacts
0860014004414,openfacts
0860014006654,openfacts
0860014008313,openfacts
0860014017308,openfacts
0860014034046,openfacts
0860014034053,openfacts
0860014034060,openfacts
0860014035401,openfacts
0860014040375,openfacts
0860014060922,openfacts
0860014060946,openfacts
0860014060991,openfacts
0860014080203,openfacts
0860014085338,openfacts
0860014085352,openfacts
0860014088544,openfacts
0860014094804,openfacts
0860014094811,openfacts
0860014094828,openfacts
0860014094835,openfacts
0860014094842,openfacts
0860014094859,openfacts
0860014094873,openfacts
0860014095115,openfacts
0860014102318,openfacts
0860014102325,openfacts
0860014102332,openfacts
0860014102370,openfacts
0860014102394,openfacts
0860014119705,openfacts
0860014121029,openfacts
0860014122804,openfacts
0860014125362,openfacts
0860014129421,openfacts
0860014135699,openfacts
0860014140013,openfacts
0860014156939,openfacts
0860014162503,openfacts
0860014164415,openfacts
0860014165726,openfacts
0860014173608,openfacts
0860014183454,openfacts
0860014183942,openfacts
0860014183973,openfacts
0860014192616,openfacts
0860014194412,openfacts
0860014197444,openfacts
0860014197451,openfacts
0860014206818,openfacts
0860014206825,openfacts
0860014212901,openfacts
0860014218903,openfacts
0860014221019,openfacts
0860014221026,openfacts
0860014221033,openfacts
0860014244759,openfacts
0860014262425,openfacts
0860014269011,openfacts
0860014272110,openfacts
0860014290213,openfacts
0860014296482,openfacts
0860014296499,openfacts
0860014299100,openfacts
0860014319587,openfacts
0860014328060,openfacts
0860014329012,openfacts
0860014336515,openfacts
0860014341014,openfacts
0860014344404,openfacts
0860014344459,openfacts
0860014346095,openfacts
0860014371202,openfacts
0860014371226,openfacts
0860014378003,openfacts
0860014378010,openfacts
0860014379703,openfacts
0860014379727,openfacts
0860014389429,openfacts
0860014390203,openfacts
0860014390227,openfacts
0860014390234,openfacts
0860014390296,openfacts
0860014391200,openfacts
0860014398100,openfacts
0860014398407,openfacts
0860014398438,openfacts
0860014398469,openfacts
0860014398537,openfacts
0860014400148,openfacts
0860014401312,openfacts
0860014407505,openfacts
0860014407512,openfacts
0860014412011,openfacts
0860014412042,openfacts
0860014416033,openfacts
0860014429309,openfacts
0860014448799,openfacts
0860014457029,openfacts
0860014461606,openfacts
0860014462665,openfacts
0860014464317,openfacts
0860014465208,openfacts
0860014465215,openfacts
0860014465222,openfacts
0860014465239,openfacts
0860014465246,openfacts
0860014468735,openfacts
0860014468742,openfacts
0860014468759,openfacts
0860014477904,openfacts
0860014481109,openfacts
0860014481116,openfacts
0860014481123,openfacts
0860014499609,openfacts
0860014511981,openfacts
0860014516030,openfacts
0860014526312,openfacts
0860014526411,openfacts
0860014528309,openfacts
0860014538100,openfacts
0860014538117,openfacts
0860014538131,openfacts
0860014541612,openfacts
0860014542701,openfacts
0860014542718,openfacts
0860014549632,openfacts
0860014549649,openfacts
0860014549656,openfacts
0860014550522,openfacts
0860014550546,openfacts
0860014554520,openfacts
0860014556104,openfacts
0860014560705,openfacts
0860014565854,openfacts
0860014569401,openfacts
0860014569425,openfacts
0860014569432,openfacts
0860014569814,openfacts
0860014576201,openfacts
0860014581328,openfacts
0860014587467,openfacts
0860014588204,openfacts
0860014598821,openfacts
0860014602917,openfacts
0860014602931,openfacts
0860014602948,openfacts
0860014603815,openfacts
0860014603822,openfacts
0860014604102,openfacts
0860014604119,openfacts
0860014604126,openfacts
0860014604133,openfacts
0860014607820,openfacts
0860014618109,openfacts
0860014618116,openfacts
0860014618130,openfacts
0860014618161,openfacts
0860014618192,openfacts
0860014625756,openfacts
0860014628306,openfacts
0860014632112,openfacts
0860014641817,openfacts
0860014644009,openfacts
0860014644016,openfacts
0860014644030,openfacts
0860014644047,openfacts
0860014644054,openfacts
0860014644061,openfacts
0860014644078,openfacts
0860014645907,openfacts
0860014645921,openfacts
0860014647710,openfacts
0860014651038,openfacts
0860014671357,openfacts
0860014673009,openfacts
0860014688614,openfacts
0860014692208,openfacts
0860014696206,openfacts
0860014696213,openfacts
0860014696220,openfacts
0860014698101,openfacts
0860014698187,openfacts
0860014703706,openfacts
0860014705007,openfacts
0860014705915,openfacts
0860014717758,openfacts
0860014725630,openfacts
0860014733819,openfacts
0860014735509,openfacts
0860014750434,openfacts
0860014754449,openfacts
0860014759307,openfacts
0860014763304,openfacts
0860014767005,openfacts
0860014767029,openfacts
0860014767807,openfacts
0860014767845,openfacts
0860014768002,openfacts
0860014774713,openfacts
0860014787508,openfacts
0860014787515,openfacts
0860014787522,openfacts
0860014789809,openfacts
0860014790201,openfacts
0860014798306,openfacts
0860014805615,openfacts
0860014824043,openfacts
0860014830211,openfacts
0860014831409,openfacts
0860014831416,openfacts
0860014840753,openfacts
0860014844638,openfacts
0860014844676,openfacts
0860014845024,openfacts
0860014864100,openfacts
0860014865749,openfacts
0860014889202,openfacts
0860014894442,openfacts
0860014904509,openfacts
0860014957130,openfacts
0860014963407,openfacts
0860014984303,openfacts
0860015004239,openfacts
0860015012241,openfacts
0860015014955,openfacts
0860015030603,openfacts
0860015032003,openfacts
0860015032010,openfacts
0860015032027,openfacts
0860015032034,openfacts
0860015041203,openfacts
0860015041869,openfacts
0860015068804,openfacts
0860015092144,openfacts
0860015092168,openfacts
0860015096517,openfacts
0860015115614,openfacts
0860015130006,openfacts
0860015146809,openfacts
0860015153111,openfacts
0860015166517,openfacts
0860015172006,openfacts
0860015172013,openfacts
0860015172020,openfacts
0860015188519,openfacts
0860015188526,openfacts
0860015195234,openfacts
0860015229618,openfacts
0860015230904,openfacts
0860015245007,openfacts
0860015245021,openfacts
0860015245045,openfacts
0860015247315,openfacts
0860015248220,openfacts
0860015267610,openfacts
0860015275578,openfacts
0860015279415,openfacts
0860015310712,openfacts
0860015327505,openfacts
0860015327512,openfacts
0860015327598,openfacts
0860015328021,openfacts
0860015393524,openfacts
0860015415400,openfacts
0860015457424,openfacts
0860015501219,openfacts
0860015501226,openfacts
0860015592132,openfacts
0860015658302,openfacts
0860015666420,openfacts
0860015759702,openfacts
0860015759719,openfacts
0860015825902,openfacts
0860015919717,openfacts
0860016127012,openfacts
0860017662888,openfacts
0860018002652,openfacts
0860019100623,openfacts
0860020200473,openfacts
0860021000546,openfacts
0860023001206,openfacts
0860023001213,openfacts
0860023002203,openfacts
0860027001301,openfacts
0860027001387,openfacts
0860027001905,openfacts
0860027001912,openfacts
0860027001929,openfacts
0860028000723,openfacts
0860028001805,openfacts
0860028001867,openfacts
0860028001898,openfacts
0860028002208,openfacts
0860029001477,openfacts
0860029001491,openfacts
0860030001503,openfacts
0860030002579,openfacts
0860030550766,openfacts
0860031000147,openfacts
0860031001014,openfacts
0860032002300,openfacts
0860032002324,openfacts
0860032002331,openfacts
0860033000114,openfacts
0860034000021,openfacts
0860034000038,openfacts
0860034000045,openfacts
0860034000304,openfacts
0860034001516,openfacts
0860034001554,openfacts
0860034001585,openfacts
0860034001615,openfacts
0860035000105,openfacts
0860036000326,openfacts
0860036001712,openfacts
0860036002207,openfacts
0860039000101,openfacts
0860039000538,openfacts
0860041002025,openfacts
0860041002032,openfacts
0860041002087,openfacts
0860041002407,openfacts
0860041013571,openfacts
0860042000556,openfacts
0860043001088,openfacts
0860043001217,openfacts
0860043001224,openfacts
0860043001231,openfacts
0860043001248,openfacts
0860043001255,openfacts
0860043001262,openfacts
0860044001612,openfacts
0860044001629,openfacts
0860044058012,openfacts
0860044058180,openfacts
0860044058258,openfacts
0860044058326,openfacts
0860045000805,openfacts
0860045000812,openfacts
0860045000829,openfacts
0860045000836,openfacts
0860045000843,openfacts
0860045000850,openfacts
0860045000874,openfacts
0860045000881,openfacts
0860045000898,openfacts
0860045001109,openfacts
0860045001130,openfacts
0860045008672,openfacts
0860046001740,openfacts
0860046001757,openfacts
0860046001795,openfacts
0860046002204,openfacts
0860046002211,openfacts
0860046002242,openfacts
0860046665928,openfacts
0860047001909,openfacts
0860048002431,openfacts
0860048002448,openfacts
0860049000115,openfacts
0860050040742,openfacts
0860050040766,openfacts
0860051000400,openfacts
0860052299902,openfacts
0860052413933,openfacts
0860053001108,openfacts
0860055000338,openfacts
0860055000703,openfacts
0860057000725,openfacts
0860057000749,openfacts
0860057000756,openfacts
0860057000794,openfacts
0860057001524,openfacts
0860057001548,openfacts
0860057001555,openfacts
0860058000212,openfacts
0860058000335,openfacts
0860058001028,openfacts
0860059001560,openfacts
0860060000101,openfacts
0860060000118,openfacts
0860060000125,openfacts
0860060000149,openfacts
0860060002211,openfacts
0860062000109,openfacts
0860062002219,openfacts
0860062002226,openfacts
0860062002271,openfacts
0860062002660,openfacts
0860063001617,openfacts
0860064000626,openfacts
0860064000633,openfacts
0860065001912,openfacts
0860065001929,openfacts
0860065001936,openfacts
0860065001943,openfacts
0860065001967,openfacts
0860065001981,openfacts
0860065002551,openfacts
0860065002605,openfacts
0860066001379,openfacts
0860066831273,openfacts
0860069660641,openfacts
0860071000206,openfacts
0860074001125,openfacts
0860076000317,openfacts
0860078002401,openfacts
0860078002418,openfacts
0860078002425,openfacts
0860078002456,openfacts
0860080001140,openfacts
0860080002338,openfacts
0860080002604,openfacts
0860080002611,openfacts
0860080002642,openfacts
0860080002673,openfacts
0860080002697,openfacts
0860081002207,openfacts
0860081002214,openfacts
0860082001407,openfacts
0860083000225,openfacts
0860083000256,openfacts
0860084000019,openfacts
0860084000033,openfacts
0860085000230,openfacts
0860085000261,openfacts
0860085001404,openfacts
0860085001893,openfacts
0860087000412,openfacts
0860087000436,openfacts
0860087135602,openfacts
0860089384145,openfacts
0860090660634,openfacts
0860092002104,openfacts
0860092002111,openfacts
0860093001120,openfacts
0860094001945,openfacts
0860099002466,openfacts
0860100001419,openfacts
0860100001518,openfacts
0860101000329,openfacts
0860101000336,openfacts
0860101000343,openfacts
0860101002101,openfacts
0860101002125,openfacts
0860102000809,openfacts
0860102000816,openfacts
0860102000892,openfacts
0860102001509,openfacts
0860102450222,openfacts
0860104002443,openfacts
0860107001733,openfacts
0860107001740,openfacts
0860108002098,openfacts
0860109001700,openfacts
0860109002134,openfacts
0860109002165,openfacts
0860110001911,openfacts
0860110001966,openfacts
0860113000096,openfacts
0860113000126,openfacts
0860113000164,openfacts
0860113001208,openfacts
0860113001246,openfacts
0860113001253,openfacts
0860113001291,openfacts
0860113001307,openfacts
0860114001214,openfacts
0860114001290,openfacts
0860114002402,openfacts
0860114002464,openfacts
0860116005500,openfacts
0860117001402,openfacts
0860120002007,openfacts
0860121000408,openfacts
0860122001633,openfacts
0860122001640,openfacts
0860122001657,openfacts
0860126001646,openfacts
0860126001684,openfacts
0860126001691,openfacts
0860126002377,openfacts
0860129000004,openfacts
0860129000011,openfacts
0860129001131,openfacts
0860129001162,openfacts
0860129001193,openfacts
0860129002121,openfacts
0860129002152,openfacts
0860132001401,openfacts
0860132001418,openfacts
0860132001425,openfacts
0860132001449,openfacts
0860132001456,openfacts
0860132001463,openfacts
0860132001470,openfacts
0860132001487,openfacts
0860132001494,openfacts
0860134001300,openfacts
0860134001317,openfacts
0860134001324,openfacts
0860134001331,openfacts
0860134001416,openfacts
0860134001447,openfacts
0860135000050,openfacts
0860135002412,openfacts
0860136001575,openfacts
0860136002602,openfacts
0860136002619,openfacts
0860138001542,openfacts
0860138001931,openfacts
0860139000803,openfacts
0860139001220,openfacts
0860139001626,openfacts
0860140002605,openfacts
0860141000396,openfacts
0860142001750,openfacts
0860142001774,openfacts
0860142001798,openfacts
0860147001205,openfacts
0860147001229,openfacts
0860147001236,openfacts
0860147001250,openfacts
0860147001267,openfacts
0860147002011,openfacts
0860147002042,openfacts
0860148002102,openfacts
0860148002119,openfacts
0860148002133,openfacts
0860148002218,openfacts
0860148002249,openfacts
0860148002256,openfacts
0860149001708,openfacts
0860149001715,openfacts
0860149001722,openfacts
0860149001739,openfacts
0860149001746,openfacts
0860149001753,openfacts
0860149001791,openfacts
0860150001407,openfacts
0860150001919,openfacts
0860150001933,openfacts
0860150001940,openfacts
0860150001964,openfacts
0860150001995,openfacts
0860150002008,openfacts
0860150002015,openfacts
0860150002022,openfacts
0860150002039,openfacts
0860152002426,openfacts
0860152002433,openfacts
0860157002407,openfacts
0860157002414,openfacts
0860157002469,openfacts
0860157002476,openfacts
0860157002483,openfacts
0860158000204,openfacts
0860158000273,openfacts
0860160002555,openfacts
0860160002579,openfacts
0860161000901,openfacts
0860161000918,openfacts
0860161000925,openfacts
0860162001501,openfacts
0860162001518,openfacts
0860162001549,openfacts
0860162001563,openfacts
0860165002499,openfacts
0860166002306,openfacts
0860166002399,openfacts
0860168000430,openfacts
0860168000447,openfacts
0860168000478,openfacts
0860168000485,openfacts
0860170001470,openfacts
0860171001943,openfacts
0860174000110,openfacts
0860174000127,openfacts
0860174000134,openfacts
0860174000158,openfacts
0860174000189,openfacts
0860175001505,openfacts
0860177002098,openfacts
0860177002111,openfacts
0860178000307,openfacts
0860178000901,openfacts
0860183002518,openfacts
0860183002525,openfacts
0860183002532,openfacts
0860183002549,openfacts
0860185000307,openfacts
0860185000314,openfacts
0860185000376,openfacts
0860188002100,openfacts
0860189000549,openfacts
0860189000563,openfacts
0860189000594,openfacts
0860189000600,openfacts
0860189000907,openfacts
0860189002000,openfacts
0860189002116,openfacts
0860189008507,openfacts
0860190001016,openfacts
0860190001023,openfacts
0860190001030,openfacts
0860190001047,openfacts
0860190001054,openfacts
0860190001085,openfacts
0860190050342,openfacts
0860194001180,openfacts
0860196000457,openfacts
0860197000715,openfacts
0860197000722,openfacts
0860197000746,openfacts
0860198001612,openfacts
0860199002205,openfacts
0860199002212,openfacts
0860199002236,openfacts
0860199002250,openfacts
0860199002298,openfacts
0860201000205,openfacts
0860201000212,openfacts
0860201000243,openfacts
0860201000250,openfacts
0860201000274,openfacts
0860201000281,openfacts
0860201000298,openfacts
0860201000373,openfacts
0860201002018,openfacts
0860201002087,openfacts
0860202002031,openfacts
0860202002109,openfacts
0860202002123,openfacts
0860204001704,openfacts
0860204001711,openfacts
0860205001925,openfacts
0860206002204,openfacts
0860206002228,openfacts
0860206445544,openfacts
0860208000611,openfacts
0860208002400,openfacts
0860208002448,openfacts
0860210001101,openfacts
0860210001118,openfacts
0860210001125,openfacts
0860210001132,openfacts
0860210001156,openfacts
0860210001187,openfacts
0860210001194,openfacts
0860211000110,openfacts
0860211000127,openfacts
0860211000172,openfacts
0860213002310,openfacts
0860213002471,openfacts
0860217000305,openfacts
0860217000312,openfacts
0860217000329,openfacts
0860218000885,openfacts
0860218002100,openfacts
0860219002406,openfacts
0860219002413,openfacts
0860219002437,openfacts
0860219002444,openfacts
0860219002451,openfacts
0860219002482,openfacts
0860220000118,openfacts
0860220000132,openfacts
0860221000209,openfacts
0860221000421,openfacts
0860221000445,openfacts
0860221000698,openfacts
0860221001435,openfacts
0860221001473,openfacts
0860221001497,openfacts
0860221001756,openfacts
0860221001862,openfacts
0860221005778,openfacts
0860221007703,openfacts
0860221008649,openfacts
0860221008670,openfacts
0860221008823,openfacts
0860221009011,openfacts
0860221009028,openfacts
0860221009622,openfacts
0860221009677,openfacts
0860221011441,openfacts
0860221034228,openfacts
0860221066953,openfacts
0860221071735,openfacts
0860221077010,openfacts
0860221077577,openfacts
0860221088467,openfacts
0860221097766,openfacts
0860221099166,openfacts
0860221099661,openfacts
0860222001533,openfacts
0860222001540,openfacts
0860222001588,openfacts
0860223000702,openfacts
0860223000719,openfacts
0860223000740,openfacts
0860224001111,openfacts
0860224001128,openfacts
0860224001135,openfacts
0860224001302,openfacts
0860225001608,openfacts
0860225001615,openfacts
0860225001622,openfacts
0860225001639,openfacts
0860225001660,openfacts
0860226001812,openfacts
0860226001843,openfacts
0860226001881,openfacts
0860227000203,openfacts
0860227001606,openfacts
0860228000707,openfacts
0860228000714,openfacts
0860228236380,openfacts
0860230002300,openfacts
0860232000861,openfacts
0860232002612,openfacts
0860234000203,openfacts
0860234001538,openfacts
0860235000400,openfacts
0860236001000,openfacts
0860236001017,openfacts
0860236001703,openfacts
0860236002526,openfacts
0860236002595,openfacts
0860238001879,openfacts
0860240002611,openfacts
0860240002628,openfacts
0860240002635,openfacts
0860240002659,openfacts
0860242000103,openfacts
0860242000110,openfacts
0860242000134,openfacts
0860242001308,openfacts
0860244001566,openfacts
0860244001719,openfacts
0860245002319,openfacts
0860245002326,openfacts
0860250001307,openfacts
0860250001390,openfacts
0860250001635,openfacts
0860250001673,openfacts
0860251002600,openfacts
0860251002617,openfacts
0860251002624,openfacts
0860252001114,openfacts
0860252001145,openfacts
0860252001619,openfacts
0860252005358,openfacts
0860253000727,openfacts
0860256001813,openfacts
0860256001882,openfacts
0860258001019,openfacts
0860258001057,openfacts
0860259000011,openfacts
0860259000028,openfacts
0860259000073,openfacts
0860259001506,openfacts
0860259001544,openfacts
0860261001730,openfacts
0860261001754,openfacts
0860261001761,openfacts
0860262001500,openfacts
0860262001524,openfacts
0860265002405,openfacts
0860265002450,openfacts
0860265002498,openfacts
0860265002603,openfacts
0860266001216,openfacts
0860266001957,openfacts
0860268000279,openfacts
0860268000286,openfacts
0860270001301,openfacts
0860270001318,openfacts
0860270001363,openfacts
0860270001387,openfacts
0860271000891,openfacts
0860272001309,openfacts
0860272001408,openfacts
0860272001422,openfacts
0860272001446,openfacts
0860272001453,openfacts
0860272001460,openfacts
0860272002115,openfacts
0860272002122,openfacts
0860272002146,openfacts
0860272002177,openfacts
0860272002184,openfacts
0860272002191,openfacts
0860272016778,openfacts
0860273000998,openfacts
0860273001650,openfacts
0860274002007,openfacts
0860274002601,openfacts
0860275000422,openfacts
0860275000866,openfacts
0860275001801,openfacts
0860275001832,openfacts
0860275704481,openfacts
0860276001169,openfacts
0860276001459,openfacts
0860277000604,openfacts
0860277000611,openfacts
0860277000628,openfacts
0860278000337,openfacts
0860278000344,openfacts
0860278000399,openfacts
0860278000924,openfacts
0860278002638,openfacts
0860279002415,openfacts
0860279888057,openfacts
0860284001519,openfacts
0860284001533,openfacts
0860284001540,openfacts
0860284001557,openfacts
0860284001588,openfacts
0860284001595,openfacts
0860285000702,openfacts
0860286000237,openfacts
0860286001197,openfacts
0860286001975,openfacts
0860287000328,openfacts
0860288001003,openfacts
0860288001010,openfacts
0860288001027,openfacts
0860288001041,openfacts
0860288001065,openfacts
0860288001072,openfacts
0860288001089,openfacts
0860289001507,openfacts
0860289001514,openfacts
0860289001613,openfacts
0860289001682,openfacts
0860290001367,openfacts
0860291001106,openfacts
0860291001113,openfacts
0860291001137,openfacts
0860291001144,openfacts
0860291001151,openfacts
0860291001465,openfacts
0860291001502,openfacts
0860291001519,openfacts
0860291001526,openfacts
0860291001533,openfacts
0860291001540,openfacts
0860291001564,openfacts
0860291001588,openfacts
0860291001595,openfacts
0860292002225,openfacts
0860294000106,openfacts
0860294000137,openfacts
0860294001165,openfacts
0860294001172,openfacts
0860294001400,openfacts
0860294001417,openfacts
0860296002061,openfacts
0860296002368,openfacts
0860298000805,openfacts
0860298000829,openfacts
0860298000843,openfacts
0860298001369,openfacts
0860298002373,openfacts
0860299002006,openfacts
0860299002013,openfacts
0860300482537,openfacts
0860303000233,openfacts
0860303000387,openfacts
0860303000905,openfacts
0860303002305,openfacts
0860308002362,openfacts
0860309001326,openfacts
0860311001215,openfacts
0860313000124,openfacts
0860314001137,openfacts
0860314001823,openfacts
0860314001847,openfacts
0860315002522,openfacts
0860315002560,openfacts
0860315002591,openfacts
0860317001318,openfacts
0860321002653,openfacts
0860322002287,openfacts
0860322002294,openfacts
0860324001301,openfacts
0860324001806,openfacts
0860324001837,openfacts
0860324001844,openfacts
0860324001882,openfacts
0860324002186,openfacts
0860324002193,openfacts
0860325002215,openfacts
0860325002222,openfacts
0860325002239,openfacts
0860325002260,openfacts
0860325002277,openfacts
0860325002291,openfacts
0860326000647,openfacts
0860326000678,openfacts
0860328001307,openfacts
0860328001314,openfacts
0860328001321,openfacts
0860328002502,openfacts
0860329001801,openfacts
0860329001818,openfacts
0860329001825,openfacts
0860329001849,openfacts
0860329001856,openfacts
0860329001870,openfacts
0860331000625,openfacts
0860331000649,openfacts
0860331002605,openfacts
0860331002643,openfacts
0860331002681,openfacts
0860331002698,openfacts
0860332000907,openfacts
0860332000921,openfacts
0860332001034,openfacts
0860333002528,openfacts
0860336002266,openfacts
0860337000100,openfacts
0860337000742,openfacts
0860338001601,openfacts
0860338001649,openfacts
0860338001687,openfacts
0860340000128,openfacts
0860340000142,openfacts
0860340000159,openfacts
0860340001620,openfacts
0860341001612,openfacts
0860341001629,openfacts
0860341001636,openfacts
0860342002205,openfacts
0860342002236,openfacts
0860343001405,openfacts
0860343001870,openfacts
0860343001887,openfacts
0860347002217,openfacts
0860347002231,openfacts
0860347002651,openfacts
0860347002668,openfacts
0860347002675,openfacts
0860349000426,openfacts
0860349001942,openfacts
0860349001959,openfacts
0860349002420,openfacts
0860349002444,openfacts
0860352000949,openfacts
0860352000970,openfacts
0860352000987,openfacts
0860352001519,openfacts
0860352001526,openfacts
0860353001501,openfacts
0860353001518,openfacts
0860353001525,openfacts
0860353773644,openfacts
0860354001777,openfacts
0860355000625,openfacts
0860357001620,openfacts
0860358001414,openfacts
0860361001067,openfacts
0860361001715,openfacts
0860361001722,openfacts
0860361001746,openfacts
0860361001784,openfacts
0860361001791,openfacts
0860361002613,openfacts
0860361002637,openfacts
0860362000403,openfacts
0860362000410,openfacts
0860364002207,openfacts
0860364002214,openfacts
0860364002221,openfacts
0860366000300,openfacts
0860366000324,openfacts
0860366000348,openfacts
0860368002005,openfacts
0860368002067,openfacts
0860368002227,openfacts
0860368002302,openfacts
0860372000127,openfacts
0860372001704,openfacts
0860372001711,openfacts
0860372002367,openfacts
0860372002404,openfacts
0860372002435,openfacts
0860374000712,openfacts
0860374000729,openfacts
0860374000743,openfacts
0860374002402,openfacts
0860374002419,openfacts
0860375002227,openfacts
0860375002234,openfacts
0860376181761,openfacts
0860378002514,openfacts
0860379002346,openfacts
0860380001703,openfacts
0860383942898,openfacts
0860385001982,openfacts
0860387000334,openfacts
0860387000440,openfacts
0860389000202,openfacts
0860389000233,openfacts
0860389002244,openfacts
0860391001006,openfacts
0860391001013,openfacts
0860391001044,openfacts
0860391001082,openfacts
0860391001099,openfacts
0860391001426,openfacts
0860391001440,openfacts
0860392001807,openfacts
0860392001814,openfacts
0860392001845,openfacts
0860395000401,openfacts
0860395000418,openfacts
0860395000425,openfacts
0860395000494,openfacts
0860395000616,openfacts
0860395000722,openfacts
0860396001018,openfacts
0860396001032,openfacts
0860396001056,openfacts
0860399001152,openfacts
0860399002104,openfacts
0860399002128,openfacts
0860401001507,openfacts
0860401001514,openfacts
0860401001521,openfacts
0860403950100,openfacts
0860406001311,openfacts
0860408000831,openfacts
0860408000879,openfacts
0860408000893,openfacts
0860409000410,openfacts
0860409000434,openfacts
0860410000423,openfacts
0860410000447,openfacts
0860413001519,openfacts
0860413001526,openfacts
0860413835480,openfacts
0860414000115,openfacts
0860414000122,openfacts
0860414002041,openfacts
0860415000275,openfacts
0860415001715,openfacts
0860415001746,openfacts
0860417000952,openfacts
0860417000976,openfacts
0860418025060,openfacts
0860419001209,openfacts
0860422000985,openfacts
0860422001401,openfacts
0860425001200,openfacts
0860425001217,openfacts
0860425001224,openfacts
0860425001231,openfacts
0860425001248,openfacts
0860425001255,openfacts
0860425001262,openfacts
0860425001279,openfacts
0860425001286,openfacts
0860425001514,openfacts
0860425001521,openfacts
0860427115660,openfacts
0860429002401,openfacts
0860429002425,openfacts
0860429002432,openfacts
0860434000010,openfacts
0860435002204,openfacts
0860435002211,openfacts
0860436002319,openfacts
0860437001724,openfacts
0860437001809,openfacts
0860438001686,openfacts
0860439001005,openfacts
0860439001012,openfacts
0860439001029,openfacts
0860439001043,openfacts
0860439001067,openfacts
0860439001081,openfacts
0860439001548,openfacts
0860439001791,openfacts
0860439002156,openfacts
0860439002170,openfacts
0860439333663,openfacts
0860440000202,openfacts
0860441002021,openfacts
0860441002113,openfacts
0860443001954,openfacts
0860443002517,openfacts
0860444001670,openfacts
0860444466707,openfacts
0860444815505,openfacts
0860446279237,openfacts
0860446693200,openfacts
0860447001516,openfacts
0860447001578,openfacts
0860447001585,openfacts
0860448254478,openfacts
0860449001637,openfacts
0860450001510,openfacts
0860450001541,openfacts
0860452001716,openfacts
0860455001522,openfacts
0860456001002,openfacts
0860456001071,openfacts
0860457000356,openfacts
0860459000101,openfacts
0860459000125,openfacts
0860459000132,openfacts
0860459000163,openfacts
0860459000170,openfacts
0860459000187,openfacts
0860459000194,openfacts
0860459001818,openfacts
0860459001863,openfacts
0860459001887,openfacts
0860461000311,openfacts
0860462000020,openfacts
0860462001034,openfacts
0860462001614,openfacts
0860462001720,openfacts
0860465000881,openfacts
0860465001000,openfacts
0860465001017,openfacts
0860465001505,openfacts
0860470000838,openfacts
0860470000869,openfacts
0860470000876,openfacts
0860470000883,openfacts
0860470000890,openfacts
0860474000117,openfacts
0860477001005,openfacts
0860477001012,openfacts
0860477001029,openfacts
0860477001036,openfacts
0860477001043,openfacts
0860477001050,openfacts
0860477001067,openfacts
0860477001081,openfacts
0860477001098,openfacts
0860477001227,openfacts
0860477001234,openfacts
0860477001241,openfacts
0860477001258,openfacts
0860478001745,openfacts
0860479000112,openfacts
0860479001126,openfacts
0860479001522,openfacts
0860479001539,openfacts
0860479001546,openfacts
0860479001553,openfacts
0860479001584,openfacts
0860479001591,openfacts
0860479002512,openfacts
0860479015222,openfacts
0860480000057,openfacts
0860480000071,openfacts
0860480000088,openfacts
0860485000106,openfacts
0860485000113,openfacts
0860485000175,openfacts
0860485000182,openfacts
0860485034422,openfacts
0860490001914,openfacts
0860492001509,openfacts
0860492001554,openfacts
0860492001561,openfacts
0860493002277,openfacts
0860493002284,openfacts
0860493002291,openfacts
0860494001200,openfacts
0860494001224,openfacts
0860494001262,openfacts
0860495000950,openfacts
0860495000981,openfacts
0860495001100,openfacts
0860495001124,openfacts
0860495001131,openfacts
0860495001148,openfacts
0860495002008,openfacts
0860495002039,openfacts
0860495002046,openfacts
0860495002060,openfacts
0860495002084,openfacts
0860495674694,openfacts
0860496000607,openfacts
0860496000645,openfacts
0860496001031,openfacts
0860496002618,openfacts
0860496002670,openfacts
0860496002694,openfacts
0860499001328,openfacts
0860499001335,openfacts
0860499001342,openfacts
0860499001373,openfacts
0860499001380,openfacts
0860499001397,openfacts
0860503002600,openfacts
0860504440906,openfacts
0860507000404,openfacts
0860517000227,openfacts
0860517000234,openfacts
0860517000265,openfacts
0860520000122,openfacts
0860520000177,openfacts
0860520000184,openfacts
0860521000107,openfacts
0860521000114,openfacts
0860521000121,openfacts
0860521000176,openfacts
0860525000400,openfacts
0860525000431,openfacts
0860525000455,openfacts
0860525000486,openfacts
0860534000101,openfacts
0860534000125,openfacts
0860534000194,openfacts
0860535000438,openfacts
0860540000355,openfacts
0860543800600,openfacts
0860544000207,openfacts
0860544002249,openfacts
0860545000053,openfacts
0860545000305,openfacts
0860545000312,openfacts
0860545000329,openfacts
0860545000336,openfacts
0860545000343,openfacts
0860545000398,openfacts
0860547000006,openfacts
0860547000020,openfacts
0860547000037,openfacts
0860547000044,openfacts
0860547000051,openfacts
0860547000068,openfacts
0860547000075,openfacts
0860547444466,openfacts
0860549002688,openfacts
0860550000246,openfacts
0860552000107,openfacts
0860557000102,openfacts
0860561000105,openfacts
0860564000409,openfacts
0860564000416,openfacts
0860564000430,openfacts
0860564000447,openfacts
0860564000454,openfacts
0860564000478,openfacts
0860566000131,openfacts
0860568000207,openfacts
0860573000100,openfacts
0860575000405,openfacts
0860575000412,openfacts
0860575000443,openfacts
0860585000402,openfacts
0860585000419,openfacts
0860585000426,openfacts
0860585000433,openfacts
0860585000440,openfacts
0860585000457,openfacts
0860587000233,openfacts
0860593002696,openfacts
0860595000201,openfacts
0860596000101,openfacts
0860596000125,openfacts
0860601008597,openfacts
0860604000222,openfacts
0860612000252,openfacts
0860612000283,openfacts
0860620000114,openfacts
0860634000247,openfacts
0860640000163,openfacts
0860640000170,openfacts
0860640000194,openfacts
0860642000048,openfacts
0860642000055,openfacts
0860642000062,openfacts
0860646101246,openfacts
0860652000410,openfacts
0860666000031,openfacts
0860666000307,openfacts
0860666000314,openfacts
0860666000345,openfacts
0860666000352,openfacts
0860668000466,openfacts
0860678000388,openfacts
0860680000147,openfacts
0860680000161,openfacts
0860683000403,openfacts
0860687000126,openfacts
0860698000313,openfacts
0860698000344,openfacts
0860706002605,openfacts
0860706002629,openfacts
0860706002636,openfacts
0860706002650,openfacts
0860706002674,openfacts
0860706002698,openfacts
0860710000208,openfacts
0860713000106,openfacts
0860713000113,openfacts
0860713000120,openfacts
0860713000137,openfacts
0860713000144,openfacts
0860713000151,openfacts
0860713000168,openfacts
0860721106654,openfacts
0860722000401,openfacts
0860722000425,openfacts
0860728002607,openfacts
0860728002614,openfacts
0860728002621,openfacts
0860728002638,openfacts
0860728002645,openfacts
0860731000201,openfacts
0860731000225,openfacts
0860738000211,openfacts
0860738000259,openfacts
0860738000266,openfacts
0860740015357,openfacts
0860746000302,openfacts
0860749000101,openfacts
0860758000253,openfacts
0860758000277,openfacts
0860758000291,openfacts
0860760000456,openfacts
0860760000463,openfacts
0860760000470,openfacts
0860760000494,openfacts
0860765001250,openfacts
0860765001311,openfacts
0860765001328,openfacts
0860766000108,openfacts
0860766000115,openfacts
0860768000304,openfacts
0860768000311,openfacts
0860771000278,openfacts
0860777004195,openfacts
0860782100455,openfacts
0860785000400,openfacts
0860785000417,openfacts
0860785000424,openfacts
0860785000455,openfacts
0860785000486,openfacts
0860785000493,openfacts
0860786002601,openfacts
0860788000001,openfacts
0860788000018,openfacts
0860788000025,openfacts
0860788000094,openfacts
0860791000401,openfacts
0860794000248,openfacts
0860796000246,openfacts
0860796000284,openfacts
0860809000218,openfacts
0860812000007,openfacts
0860812000038,openfacts
0860812000489,openfacts
0860813000303,openfacts
0860813000310,openfacts
0860818000100,openfacts
0860818000117,openfacts
0860818000124,openfacts
0860818000155,openfacts
0860820000402,openfacts
0860820000426,openfacts
0860821000104,openfacts
0860821000111,openfacts
0860821000128,openfacts
0860823000201,openfacts
0860823000218,openfacts
0860823000225,openfacts
0860831000200,openfacts
0860831000217,openfacts
0860831000231,openfacts
0860833000109,openfacts
0860833000130,openfacts
0860839000332,openfacts
0860844000334,openfacts
0860847000300,openfacts
0860847000324,openfacts
0860847000331,openfacts
0860847000386,openfacts
0860853000172,openfacts
0860857002608,openfacts
0860857002615,openfacts
0860860144326,openfacts
0860864000307,openfacts
0860864000314,openfacts
0860864000321,openfacts
0860864000345,openfacts
0860864000369,openfacts
0860868000242,openfacts
0860872002607,openfacts
0860880000404,openfacts
0860880456263,openfacts
0860889000207,openfacts
0860889008524,openfacts
0860892000300,openfacts
0860892000317,openfacts
0860897000206,openfacts
0860897000213,openfacts
0860897000220,openfacts
0860897000237,openfacts
0860900200012,openfacts
0860903002606,openfacts
0860903002613,openfacts
0860903002620,openfacts
0860904000229,openfacts
0860904000267,openfacts
0860904000274,openfacts
0860904000281,openfacts
0860904000298,openfacts
0860905000402,openfacts
0860905000419,openfacts
0860905000426,openfacts
0860905000433,openfacts
0860905000440,openfacts
0860912000006,openfacts
0860912000013,openfacts
0860916000415,openfacts
0860918000109,openfacts
0860925000222,openfacts
0860930000125,openfacts
0860930000163,openfacts
0860932544894,openfacts
0860941000015,openfacts
0860941000077,openfacts
0860944612901,openfacts
0860953000102,openfacts
0860955000308,openfacts
0860955000315,openfacts
0860955000353,openfacts
0860955000414,openfacts
0860962000216,openfacts
0860962000230,openfacts
0860962000254,openfacts
0860962000285,openfacts
0860962000292,openfacts
0860968002603,openfacts
0860971000009,openfacts
0860971000016,openfacts
0860971000023,openfacts
0860971000030,openfacts
0860971000047,openfacts
0860971000054,openfacts
0860971000061,openfacts
0860971000092,openfacts
0860971444445,openfacts
0860973000205,openfacts
0860973000229,openfacts
0860973000236,openfacts
0860973000243,openfacts
0860973000250,openfacts
0860979000308,openfacts
0860980701003,openfacts
0860981000310,openfacts
0860981000327,openfacts
0860981000334,openfacts
0860981000341,openfacts
0860987000444,openfacts
0860991000201,openfacts
0860991000218,openfacts
0860991000225,openfacts
0860991000232,openfacts
0860991000287,openfacts
0860991000294,openfacts
0860991002601,openfacts
0860993000230,openfacts
0860994000413,openfacts
0860994000451,openfacts
0860994000468,openfacts
0860994000475,openfacts
0860997002605,openfacts
0860997002612,openfacts
0860997002629,openfacts
0860997002636,openfacts
0860997002643,openfacts
0860997002674,openfacts
0860997002681,openfacts
0861000010402,openfacts
0861003000134,openfacts
0861003000141,openfacts
0861003000158,openfacts
0861007000208,openfacts
0861007000222,openfacts
0861007680110,openfacts
0861009000220,openfacts
0861009523071,openfacts
0861011000379,openfacts
0861013114531,openfacts
0861017000106,openfacts
0861018000433,openfacts
0861019000203,openfacts
0861019000234,openfacts
0861019000272,openfacts
0861019000289,openfacts
0861020000223,openfacts
0861020000230,openfacts
0861020000247,openfacts
0861026000104,openfacts
0861026000111,openfacts
0861026000159,openfacts
0861028000003,openfacts
0861028000010,openfacts
0861028000027,openfacts
0861029000101,openfacts
0861029000118,openfacts
0861029000125,openfacts
0861029000132,openfacts
0861029000149,openfacts
0861029000163,openfacts
0861031000083,openfacts
0861032000372,openfacts
0861037000339,openfacts
0861038003612,openfacts
0861038044639,openfacts
0861041000424,openfacts
0861042000003,openfacts
0861042000058,openfacts
0861042000096,openfacts
0861042612275,openfacts
0861050000408,openfacts
0861050000415,openfacts
0861050000422,openfacts
0861054000114,openfacts
0861054000121,openfacts
0861054000190,openfacts
0861054008943,openfacts
0861064000036,openfacts
0861064000067,openfacts
0861064000074,openfacts
0861064000081,openfacts
0861064000418,openfacts
0861066001994,openfacts
0861067000101,openfacts
0861067000118,openfacts
0861067000125,openfacts
0861067000132,openfacts
0861067000149,openfacts
0861067000156,openfacts
0861067000163,openfacts
0861067000170,openfacts
0861067000187,openfacts
0861067000194,openfacts
0861067002600,openfacts
0861071002665,openfacts
0861078002996,openfacts
0861079000229,openfacts
0861079000274,openfacts
0861079002995,openfacts
0861080000317,openfacts
0861080000324,openfacts
0861080000331,openfacts
0861082000216,openfacts
0861082000223,openfacts
0861082000407,openfacts
0861083000109,openfacts
0861083000116,openfacts
0861083000123,openfacts
0861083000147,openfacts
0861083002608,openfacts
0861083002615,openfacts
0861083002622,openfacts
0861083002639,openfacts
0861083002646,openfacts
0861083002660,openfacts
0861083002677,openfacts
0861083002691,openfacts
0861087000402,openfacts
0861087000419,openfacts
0861087000433,openfacts
0861087000440,openfacts
0861097000300,openfacts
0861097000317,openfacts
0861097000355,openfacts
0861097000386,openfacts
0861100222446,openfacts
0861104000408,openfacts
0861109000168,openfacts
0861113000109,openfacts
0861113000116,openfacts
0861113000147,openfacts
0861115000183,openfacts
0861115000206,openfacts
0861116001998,openfacts
0861119000103,openfacts
0861122651347,openfacts
0861124000129,openfacts
0861124000303,openfacts
0861124000310,openfacts
0861138000207,openfacts
0861140000301,openfacts
0861140000325,openfacts
0861150000285,openfacts
0861153000114,openfacts
0861153000121,openfacts
0861153000138,openfacts
0861153000145,openfacts
0861153000152,openfacts
0861154000045,openfacts
0861154000090,openfacts
0861159000101,openfacts
0861159000118,openfacts
0861159000149,openfacts
0861162000235,openfacts
0861163000104,openfacts
0861163000203,openfacts
0861165000195,openfacts
0861170000005,openfacts
0861170000029,openfacts
0861170000036,openfacts
0861170000050,openfacts
0861170000067,openfacts
0861170000074,openfacts
0861170000081,openfacts
0861170000098,openfacts
0861170000111,openfacts
0861171002992,openfacts
0861173000101,openfacts
0861173000279,openfacts
0861173000286,openfacts
0861174000230,openfacts
0861179000105,openfacts
0861179000143,openfacts
0861179000174,openfacts
0861179000181,openfacts
0861184000114,openfacts
0861185000007,openfacts
0861185000014,openfacts
0861190000207,openfacts
0861193000105,openfacts
0861193000150,openfacts
0861193000174,openfacts
0861193000181,openfacts
0861193000198,openfacts
0861196106101,openfacts
0861200197712,openfacts
0861204703018,openfacts
0861205304184,openfacts
0861206000269,openfacts
0861207002606,openfacts
0861207002651,openfacts
0861212009584,openfacts
0861216000204,openfacts
0861216000211,openfacts
0861216000228,openfacts
0861216000235,openfacts
0861216000242,openfacts
0861216000259,openfacts
0861218000004,openfacts
0861225000011,openfacts
0861226000003,openfacts
0861229010740,openfacts
0861229929240,openfacts
0861231000456,openfacts
0861231000487,openfacts
0861231000494,openfacts
0861238000206,openfacts
0861239000144,openfacts
0861239000151,openfacts
0861239000168,openfacts
0861239000182,openfacts
0861247000303,openfacts
0861247000334,openfacts
0861247000341,openfacts
0861247000358,openfacts
0861247000389,openfacts
0861255000012,openfacts
0861258000101,openfacts
0861258000118,openfacts
0861258000125,openfacts
0861258000132,openfacts
0861258000156,openfacts
0861258000224,openfacts
0861264000003,openfacts
0861264000010,openfacts
0861264000027,openfacts
0861267000000,openfacts
0861267000017,openfacts
0861269744094,openfacts
0861272000118,openfacts
0861272000125,openfacts
0861272000132,openfacts
0861272000149,openfacts
0861272000163,openfacts
0861272000170,openfacts
0861272000187,openfacts
0861272000194,openfacts
0861273000179,openfacts
0861282000023,openfacts
0861282000061,openfacts
0861282000214,openfacts
0861282000252,openfacts
0861287000011,openfacts
0861287000059,openfacts
0861288000409,openfacts
0861288000478,openfacts
0861290000022,openfacts
0861290000039,openfacts
0861290000046,openfacts
0861290000053,openfacts
0861290000060,openfacts
0861290000152,openfacts
0861290000169,openfacts
0861291000007,openfacts
0861292000082,openfacts
0861292000099,openfacts
0861297000308,openfacts
0861297000315,openfacts
0861297000322,openfacts
0861301000317,openfacts
0861301000331,openfacts
0861301000362,openfacts
0861301000379,openfacts
0861301000386,openfacts
0861302000002,openfacts
0861302000019,openfacts
0861302000026,openfacts
0861302000033,openfacts
0861302000323,openfacts
0861314000304,openfacts
0861314000311,openfacts
0861314000328,openfacts
0861314000366,openfacts
0861314000397,openfacts
0861315000211,openfacts
0861315000235,openfacts
0861315000242,openfacts
0861315000297,openfacts
0861315404859,openfacts
0861316000111,openfacts
0861320000350,openfacts
0861322000327,openfacts
0861342000109,openfacts
0861342000116,openfacts
0861342000178,openfacts
0861342000185,openfacts
0861345000175,openfacts
0861345000342,openfacts
0861350000009,openfacts
0861350000016,openfacts
0861351000015,openfacts
0861351000022,openfacts
0861351000039,openfacts
0861353000013,openfacts
0861353000037,openfacts
0861353004370,openfacts
0861355000004,openfacts
0861355000011,openfacts
0861355000028,openfacts
0861355000035,openfacts
0861355000042,openfacts
0861355000066,openfacts
0861355000073,openfacts
0861355000097,openfacts
0861363000393,openfacts
0861365000476,openfacts
0861367000023,openfacts
0861367000030,openfacts
0861376000014,openfacts
0861379000103,openfacts
0861379000110,openfacts
0861379000127,openfacts
0861379000134,openfacts
0861379000141,openfacts
0861379000158,openfacts
0861379000165,openfacts
0861389002654,openfacts
0861389002661,openfacts
0861393000103,openfacts
0861394000409,openfacts
0861394000423,openfacts
0861394002618,openfacts
0861397000314,openfacts
0861397000321,openfacts
0861397002608,openfacts
0861397002615,openfacts
0861397002622,openfacts
0861401000002,openfacts
0861401000019,openfacts
0861401000040,openfacts
0861403064149,openfacts
0861403068741,openfacts
0861403150620,openfacts
0861405006208,openfacts
0861405633374,openfacts
0861406000106,openfacts
0861406000113,openfacts
0861406000120,openfacts
0861406000182,openfacts
0861406000199,openfacts
0861406418062,openfacts
0861407000129,openfacts
0861420000106,openfacts
0861420000120,openfacts
0861420000151,openfacts
0861423002602,openfacts
0861423002626,openfacts
0861425124890,openfacts
0861426002609,openfacts
0861426002616,openfacts
0861426002623,openfacts
0861426002630,openfacts
0861426002647,openfacts
0861426002654,openfacts
0861429000411,openfacts
0861429000428,openfacts
0861429000435,openfacts
0861430000219,openfacts
0861430000226,openfacts
0861430000233,openfacts
0861430000240,openfacts
0861430000264,openfacts
0861430000271,openfacts
0861430000288,openfacts
0861430000295,openfacts
0861430002107,openfacts
0861431617959,openfacts
0861440000209,openfacts
0861440000216,openfacts
0861440000308,openfacts
0861440000346,openfacts
0861440000360,openfacts
0861441000406,openfacts
0861442026672,openfacts
0861446000326,openfacts
0861447807610,openfacts
0861450002620,openfacts
0861451000205,openfacts
0861454000004,openfacts
0861454000011,openfacts
0861454000110,openfacts
0861454000127,openfacts
0861454000134,openfacts
0861454000141,openfacts
0861454000158,openfacts
0861454000165,openfacts
0861462002618,openfacts
0861462006470,openfacts
0861462062254,openfacts
0861465002622,openfacts
0861465205337,openfacts
0861465901000,openfacts
0861470000101,openfacts
0861470000125,openfacts
0861490000020,openfacts
0861490000037,openfacts
0861490000044,openfacts
0861491000005,openfacts
0861491000012,openfacts
0861491000029,openfacts
0861496000000,openfacts
0861496000017,openfacts
0861496000024,openfacts
0861496000031,openfacts
0861496000048,openfacts
0861496000055,openfacts
0861499002643,openfacts
0861504108001,openfacts
0861505000304,openfacts
0861505000311,openfacts
0861505000335,openfacts
0861505000359,openfacts
0861505000373,openfacts
0861506000464,openfacts
0861506000471,openfacts
0861508000103,openfacts
0861508000110,openfacts
0861508000134,openfacts
0861508000141,openfacts
0861508000158,openfacts
0861508000165,openfacts
0861508000172,openfacts
0861508000189,openfacts
0861509000102,openfacts
0861509000119,openfacts
0861509000133,openfacts
0861513000402,openfacts
0861513000440,openfacts
0861513000457,openfacts
0861513000464,openfacts
0861513000471,openfacts
0861518002609,openfacts
0861518002630,openfacts
0861518002654,openfacts
0861518002678,openfacts
0861520002611,openfacts
0861520002659,openfacts
0861521000210,openfacts
0861521000272,openfacts
0861521000289,openfacts
0861523002601,openfacts
0861523002618,openfacts
0861523002687,openfacts
0861525000308,openfacts
0861525000322,openfacts
0861525000339,openfacts
0861525000346,openfacts
0861525000360,openfacts
0861525000377,openfacts
0861525000384,openfacts
0861525000391,openfacts
0861528000176,openfacts
0861528000183,openfacts
0861528000190,openfacts
0861532631601,openfacts
0861535020600,openfacts
0861538000425,openfacts
0861538000487,openfacts
0861538000494,openfacts
0861543000373,openfacts
0861545002658,openfacts
0861545002665,openfacts
0861545002672,openfacts
0861545002689,openfacts
0861551000006,openfacts
0861551000020,openfacts
0861551000037,openfacts
0861552000005,openfacts
0861552000067,openfacts
0861553000158,openfacts
0861553000189,openfacts
0861555000101,openfacts
0861555000118,openfacts
0861555000125,openfacts
0861555000149,openfacts
0861555000156,openfacts
0861555000187,openfacts
0861555000194,openfacts
0861555000408,openfacts
0861558000207,openfacts
0861558000221,openfacts
0861558000238,openfacts
0861560110673,openfacts
0861565002621,openfacts
0861565002645,openfacts
0861566000008,openfacts
0861566000015,openfacts
0861566000022,openfacts
0861566000039,openfacts
0861566000046,openfacts
0861566000053,openfacts
0861576000401,openfacts
0861576000418,openfacts
0861576000425,openfacts
0861579000309,openfacts
0861579000316,openfacts
0861581000007,openfacts
0861581000021,openfacts
0861581000113,openfacts
0861584000301,openfacts
0861590026227,openfacts
0861590116171,openfacts
0861590116645,openfacts
0861592000003,openfacts
0861592000027,openfacts
0861592000034,openfacts
0861592000041,openfacts
0861592000065,openfacts
0861592000072,openfacts
0861594000001,openfacts
0861594000018,openfacts
0861594000032,openfacts
0861594002609,openfacts
0861594002623,openfacts
0861594002647,openfacts
0861596000214,openfacts
0861596000252,openfacts
0861596000283,openfacts
0861599000211,openfacts
0861599000228,openfacts
0861602000412,openfacts
0861606000005,openfacts
0861608000485,openfacts
0861615000379,openfacts
0861616000002,openfacts
0861617000216,openfacts
0861618000000,openfacts
0861618000017,openfacts
0861618000024,openfacts
0861618000048,openfacts
0861619000009,openfacts
0861619000016,openfacts
0861619000023,openfacts
0861619000030,openfacts
0861619000078,openfacts
0861619000092,openfacts
0861619000481,openfacts
0861620000005,openfacts
0861620000012,openfacts
0861620000029,openfacts
0861620000036,openfacts
0861620000098,openfacts
0861620000401,openfacts
0861621090494,openfacts
0861622000010,openfacts
0861622000065,openfacts
0861624000322,openfacts
0861626000009,openfacts
0861626000016,openfacts
0861626000061,openfacts
0861626000122,openfacts
0861635000106,openfacts
0861635000120,openfacts
0861635000151,openfacts
0861635000175,openfacts
0861635000403,openfacts
0861635000427,openfacts
0861635000489,openfacts
0861636474227,openfacts
0861637000104,openfacts
0861637000111,openfacts
0861638000301,openfacts
0861641000008,openfacts
0861641000022,openfacts
0861641000091,openfacts
0861645000400,openfacts
0861645000424,openfacts
0861645000448,openfacts
0861645000462,openfacts
0861645000486,openfacts
0861645000493,openfacts
0861649000208,openfacts
0861649000215,openfacts
0861649000222,openfacts
0861649000239,openfacts
0861649000246,openfacts
0861649000260,openfacts
0861649000277,openfacts
0861663000161,openfacts
0861666000052,openfacts
0861666000069,openfacts
0861666000076,openfacts
0861666000083,openfacts
0861666000090,openfacts
0861682000005,openfacts
0861682000036,openfacts
0861682000043,openfacts
0861682000074,openfacts
0861682000081,openfacts
0861690000011,openfacts
0861691000355,openfacts
0861697000106,openfacts
0861697000113,openfacts
0861697000120,openfacts
0861698000303,openfacts
0861698000341,openfacts
0861699000210,openfacts
0861699000258,openfacts
0861699000289,openfacts
0861699000388,openfacts
0861702000084,openfacts
0861702000091,openfacts
0861703000045,openfacts
0861703000069,openfacts
0861703000076,openfacts
0861703000083,openfacts
0861703000106,openfacts
0861703000113,openfacts
0861703000168,openfacts
0861705000302,openfacts
0861705000326,openfacts
0861705000333,openfacts
0861705000340,openfacts
0861705000357,openfacts
0861705000364,openfacts
0861705000371,openfacts
0861705000388,openfacts
0861705000395,openfacts
0861715000309,openfacts
0861715000316,openfacts
0861715000347,openfacts
0861715000354,openfacts
0861715000378,openfacts
0861715000385,openfacts
0861717000208,openfacts
0861719000350,openfacts
0861719000367,openfacts
0861726000015,openfacts
0861726000022,openfacts
0861726000039,openfacts
0861726000046,openfacts
0861738000300,openfacts
0861740000022,openfacts
0861740000039,openfacts
0861740000091,openfacts
0861745000003,openfacts
0861745000010,openfacts
0861745000027,openfacts
0861745000034,openfacts
0861745000072,openfacts
0861745000089,openfacts
0861745000096,openfacts
0861747000063,openfacts
0861748000246,openfacts
0861751000301,openfacts
0861751000325,openfacts
0861751000349,openfacts
0861754000186,openfacts
0861759000044,openfacts
0861759000051,openfacts
0861759000068,openfacts
0861765000236,openfacts
0861766000006,openfacts
0861766000013,openfacts
0861766000020,openfacts
0861766000075,openfacts
0861773000105,openfacts
0861778000001,openfacts
0861778000018,openfacts
0861778000025,openfacts
0861781000005,openfacts
0861781000029,openfacts
0861781000036,openfacts
0861782000103,openfacts
0861782000110,openfacts
0861782000127,openfacts
0861782000134,openfacts
0861782000141,openfacts
0861783000218,openfacts
0861783000294,openfacts
0861790000201,openfacts
0861790000218,openfacts
0861790000225,openfacts
0861790000232,openfacts
0861790000249,openfacts
0861790000263,openfacts
0861790000270,openfacts
0861797000235,openfacts
0861800000115,openfacts
0861800000122,openfacts
0861805000226,openfacts
0861807000309,openfacts
0861807000354,openfacts
0861809000109,openfacts
0861809000116,openfacts
0861809000123,openfacts
0861812000066,openfacts
0861820000102,openfacts
0861820000119,openfacts
0861820000126,openfacts
0861820000133,openfacts
0861820000140,openfacts
0861820000157,openfacts
0861820000171,openfacts
0861820000317,openfacts
0861821000101,openfacts
0861822000070,openfacts
0861824000122,openfacts
0861824000139,openfacts
0861836000318,openfacts
0861837000225,openfacts
0861837000249,openfacts
0861846000049,openfacts
0861850000004,openfacts
0861850000011,openfacts
0861850000035,openfacts
0861851000324,openfacts
0861858000006,openfacts
0861858000044,openfacts
0861858000051,openfacts
0861858000075,openfacts
0861861000116,openfacts
0861864000106,openfacts
0861866216598,openfacts
0861872000402,openfacts
0861872000440,openfacts
0861872000464,openfacts
0861879000207,openfacts
0861879000214,openfacts
0861882000492,openfacts
0861883000019,openfacts
0861883000026,openfacts
0861883000033,openfacts
0861883000040,openfacts
0861883000088,openfacts
0861883000095,openfacts
0861883000125,openfacts
0861883000170,openfacts
0861883000187,openfacts
0861883000224,openfacts
0861890000408,openfacts
0861890000415,openfacts
0861890000422,openfacts
0861890000460,openfacts
0861890000477,openfacts
0861890000484,openfacts
0861890000491,openfacts
0861897012862,openfacts
0861899000409,openfacts
0861899000478,openfacts
0861902000006,openfacts
0861902000013,openfacts
0861902000020,openfacts
0861902000037,openfacts
0861908000161,openfacts
0861914000131,openfacts
0861918000007,openfacts
0861924000336,openfacts
0861933000372,openfacts
0861935000004,openfacts
0861935000059,openfacts
0861935000431,openfacts
0861935000448,openfacts
0861935000462,openfacts
0861935000486,openfacts
0861935000493,openfacts
0861938000322,openfacts
0861938000339,openfacts
0861938000346,openfacts
0861945000209,openfacts
0861945000216,openfacts
0861956000007,openfacts
0861956000014,openfacts
0861958000418,openfacts
0861965000203,openfacts
0861965000241,openfacts
0861965000265,openfacts
0861965000289,openfacts
0861972000012,openfacts
0861972000029,openfacts
0861974000447,openfacts
0861982000200,openfacts
0861982000217,openfacts
0861982000231,openfacts
0861982000293,openfacts
0861983000100,openfacts
0861989000111,openfacts
0861991000208,openfacts
0861996000425,openfacts
0862013000206,openfacts
0862013000213,openfacts
0862013000220,openfacts
0862017000202,openfacts
0862017000264,openfacts
0862020000404,openfacts
0862021000212,openfacts
0862031000035,openfacts
0862032000201,openfacts
0862033000033,openfacts
0862033000040,openfacts
0862033000057,openfacts
0862033000064,openfacts
0862033000071,openfacts
0862036000306,openfacts
0862037000206,openfacts
0862037000244,openfacts
0862037000251,openfacts
0862039000204,openfacts
0862039000211,openfacts
0862039000242,openfacts
0862039000273,openfacts
0862039000297,openfacts
0862041000100,openfacts
0862041000322,openfacts
0862048813505,openfacts
0862058000322,openfacts
0862067000207,openfacts
0862069000106,openfacts
0862069000113,openfacts
0862069000120,openfacts
0862069000137,openfacts
0862069000144,openfacts
0862069000151,openfacts
0862069000168,openfacts
0862069000182,openfacts
0862070000300,openfacts
0862070000317,openfacts
0862070000324,openfacts
0862070000331,openfacts
0862074000016,openfacts
0862074000023,openfacts
0862074000030,openfacts
0862074000047,openfacts
0862074000054,openfacts
0862086000400,openfacts
0862100330186,openfacts
0862100330339,openfacts
0862100330360,openfacts
0862100330384,openfacts
0862100330391,openfacts
0862100330520,openfacts
0862100330773,openfacts
0862100330889,openfacts
0862100330902,openfacts
0862100330919,openfacts
0862100331060,openfacts
0862104000054,openfacts
0862104000061,openfacts
0862104000078,openfacts
0862104000085,openfacts
0862106000106,openfacts
0862106000113,openfacts
0862106000120,openfacts
0862106000137,openfacts
0862106000144,openfacts
0862109950675,openfacts
0862110000079,openfacts
0862112000008,openfacts
0862112000060,openfacts
0862112000084,openfacts
0862112310169,openfacts
0862115016860,openfacts
0862116000417,openfacts
0862120901700,openfacts
0862120902783,openfacts
0862120902875,openfacts
0862122000302,openfacts
0862122000326,openfacts
0862122000333,openfacts
0862124000010,openfacts
0862127000390,openfacts
0862137000007,openfacts
0862137000021,openfacts
0862146000210,openfacts
0862146000227,openfacts
0862148000300,openfacts
0862152000228,openfacts
0862152000433,openfacts
0862157000315,openfacts
0862157000322,openfacts
0862157000339,openfacts
0862158000246,openfacts
0862158000406,openfacts
0862160000005,openfacts
0862160000012,openfacts
0862163000002,openfacts
0862163000026,openfacts
0862163000057,openfacts
0862166000221,openfacts
0862166000252,openfacts
0862166000283,openfacts
0862167000411,openfacts
0862167000466,openfacts
0862168000038,openfacts
0862170000101,openfacts
0862200006011,openfacts
0862204000008,openfacts
0862204000015,openfacts
0862204000022,openfacts
0862204000046,openfacts
0862204000060,openfacts
0862204000084,openfacts
0862204000237,openfacts
0862204000299,openfacts
0862205000458,openfacts
0862205000465,openfacts
0862211000114,openfacts
0862211000121,openfacts
0862211000138,openfacts
0862211000145,openfacts
0862211000152,openfacts
0862211000176,openfacts
0862211000183,openfacts
0862211000190,openfacts
0862219000116,openfacts
0862219000123,openfacts
0862219000178,openfacts
0862219000185,openfacts
0862219000192,openfacts
0862224000101,openfacts
0862224000125,openfacts
0862224000132,openfacts
0862224000149,openfacts
0862226000383,openfacts
0862227000283,openfacts
0862227000351,openfacts
0862227000368,openfacts
0862230000201,openfacts
0862230000249,openfacts
0862235000015,openfacts
0862244000235,openfacts
0862246000455,openfacts
0862246000462,openfacts
0862248000118,openfacts
0862248000125,openfacts
0862248000132,openfacts
0862248000149,openfacts
0862253000226,openfacts
0862253000240,openfacts
0862254000010,openfacts
0862260000011,openfacts
0862260000028,openfacts
0862260000035,openfacts
0862260000042,openfacts
0862260000080,openfacts
0862262000262,openfacts
0862264000178,openfacts
0862264000185,openfacts
0862266000343,openfacts
0862272724073,openfacts
0862281000038,openfacts
0862281000045,openfacts
0862284000011,openfacts
0862284000028,openfacts
0862284000035,openfacts
0862284000073,openfacts
0862284000080,openfacts
0862284000110,openfacts
0862284000127,openfacts
0862284000134,openfacts
0862284000233,openfacts
0862284000240,openfacts
0862284000295,openfacts
0862284000301,openfacts
0862285000003,openfacts
0862287000230,openfacts
0862287000254,openfacts
0862287000407,openfacts
0862298000298,openfacts
0862302000139,openfacts
0862304709665,openfacts
0862305000426,openfacts
0862306000104,openfacts
0862306000111,openfacts
0862306000142,openfacts
0862306000159,openfacts
0862306000166,openfacts
0862306000197,openfacts
0862310000107,openfacts
0862310000121,openfacts
0862310000138,openfacts
0862311000106,openfacts
0862312000372,openfacts
0862313000326,openfacts
0862315000249,openfacts
0862315000263,openfacts
0862315000270,openfacts
0862316000101,openfacts
0862316000118,openfacts
0862316000187,openfacts
0862323000309,openfacts
0862326000115,openfacts
0862326000160,openfacts
0862327000473,openfacts
0862343000402,openfacts
0862343000457,openfacts
0862350000228,openfacts
0862364000108,openfacts
0862369000141,openfacts
0862369000196,openfacts
0862369000202,openfacts
0862369000257,openfacts
0862374000303,openfacts
0862374000310,openfacts
0862374000341,openfacts
0862374000365,openfacts
0862380000403,openfacts
0862382000005,openfacts
0862391000201,openfacts
0862391000232,openfacts
0862391000270,openfacts
0862391000287,openfacts
0862403000311,openfacts
0862403002612,openfacts
0862403002629,openfacts
0862403002636,openfacts
0862403002643,openfacts
0862403002650,openfacts
0862403002674,openfacts
0862403002681,openfacts
0862405000302,openfacts
0862405000388,openfacts
0862407000409,openfacts
0862409000100,openfacts
0862412028573,openfacts
0862413000202,openfacts
0862413000219,openfacts
0862413000226,openfacts
0862414000102,openfacts
0862414000126,openfacts
0862414000133,openfacts
0862414000140,openfacts
0862414000164,openfacts
0862418000269,openfacts
0862418000290,openfacts
0862421000300,openfacts
0862421000317,openfacts
0862440000008,openfacts
0862442000303,openfacts
0862447000100,openfacts
0862448000420,openfacts
0862449000313,openfacts
0862452000317,openfacts
0862452000348,openfacts
0862460000217,openfacts
0862460000248,openfacts
0862461000018,openfacts
0862461000025,openfacts
0862461000032,openfacts
0862461000407,openfacts
0862463000405,openfacts
0862463000429,openfacts
0862463000450,openfacts
0862463000474,openfacts
0862464000244,openfacts
0862465000403,openfacts
0862465000410,openfacts
0862465000427,openfacts
0862465000472,openfacts
0862475000141,openfacts
0862479000413,openfacts
0862479000444,openfacts
0862483000225,openfacts
0862483000249,openfacts
0862483000256,openfacts
0862483000263,openfacts
0862489000434,openfacts
0862496000366,openfacts
0862503000006,openfacts
0862503000341,openfacts
0862505000202,openfacts
0862505000257,openfacts
0862505000271,openfacts
0862510000198,openfacts
0862519000106,openfacts
0862519000113,openfacts
0862519000120,openfacts
0862519000137,openfacts
0862519000182,openfacts
0862519000199,openfacts
0862520000010,openfacts
0862524700053,openfacts
0862536000103,openfacts
0862539000117,openfacts
0862543000004,openfacts
0862543000028,openfacts
0862543000035,openfacts
0862546000018,openfacts
0862546000025,openfacts
0862546000032,openfacts
0862546000049,openfacts
0862547000437,openfacts
0862551000317,openfacts
0862551000324,openfacts
0862552000224,openfacts
0862552000262,openfacts
0862553000179,openfacts
0862553000193,openfacts
0862554000000,openfacts
0862554000055,openfacts
0862555000214,openfacts
0862555000221,openfacts
0862555000238,openfacts
0862555000245,openfacts
0862555000252,openfacts
0862555000269,openfacts
0862559000005,openfacts
0862559000012,openfacts
0862559000029,openfacts
0862560000124,openfacts
0862561000307,openfacts
0862564000403,openfacts
0862568000201,openfacts
0862568000218,openfacts
0862568000225,openfacts
0862568000232,openfacts
0862569000415,openfacts
0862569000422,openfacts
0862569000453,openfacts
0862569000484,openfacts
0862572000020,openfacts
0862574000110,openfacts
0862574000134,openfacts
0862577000001,openfacts
0862578000116,openfacts
0862584000414,openfacts
0862584000445,openfacts
0862586000016,openfacts
0862604000202,openfacts
0862604000233,openfacts
0862604000240,openfacts
0862604002381,openfacts
0862608000116,openfacts
0862608000123,openfacts
0862608000147,openfacts
0862608000154,openfacts
0862608000161,openfacts
0862612000300,openfacts
0862612000324,openfacts
0862612000379,openfacts
0862613000002,openfacts
0862613000026,openfacts
0862618000007,openfacts
0862618000045,openfacts
0862618000052,openfacts
0862618000069,openfacts
0862618000076,openfacts
0862618000403,openfacts
0862618444443,openfacts
0862621000483,openfacts
0862622000024,openfacts
0862623000214,openfacts
0862623000221,openfacts
0862623000238,openfacts
0862623000276,openfacts
0862623000283,openfacts
0862624000329,openfacts
0862624000374,openfacts
0862624000381,openfacts
0862624010663,openfacts
0862625000427,openfacts
0862628000004,openfacts
0862628000035,openfacts
0862630000405,openfacts
0862638000209,openfacts
0862648000107,openfacts
0862648000121,openfacts
0862648000152,openfacts
0862651000200,openfacts
0862651000217,openfacts
0862652000001,openfacts
0862652000025,openfacts
0862652000056,openfacts
0862654000313,openfacts
0862654000320,openfacts
0862654000337,openfacts
0862654000344,openfacts
0862654000399,openfacts
0862654091212,openfacts
0862656000212,openfacts
0862662000114,openfacts
0862669000032,openfacts
0862683816589,openfacts
0862683816602,openfacts
0862683816640,openfacts
0862683816664,openfacts
0862683816688,openfacts
0862683816701,openfacts
0862683816725,openfacts
0862683816749,openfacts
0862687000427,openfacts
0862687000458,openfacts
0862687000496,openfacts
0862688000013,openfacts
0862688000020,openfacts
0862688000044,openfacts
0862688000310,openfacts
0862692000108,openfacts
0862692000122,openfacts
0862699000408,openfacts
0862700000007,openfacts
0862700000014,openfacts
0862700000038,openfacts
0862700000045,openfacts
0862700000083,openfacts
0862707000345,openfacts
0862707000376,openfacts
0862709000008,openfacts
0862709000220,openfacts
0862709000237,openfacts
0862709000244,openfacts
0862709000282,openfacts
0862709000299,openfacts
0862718000228,openfacts
0862718000297,openfacts
0862719007998,openfacts
0862722000009,openfacts
0862722000016,openfacts
0862727000103,openfacts
0862729000217,openfacts
0862729000224,openfacts
0862732000112,openfacts
0862738000352,openfacts
0862748000076,openfacts
0862748000083,openfacts
0862751000001,openfacts
0862754000107,openfacts
0862754000121,openfacts
0862758000011,openfacts
0862758000028,openfacts
0862758000035,openfacts
0862762000113,openfacts
0862762000175,openfacts
0862766000454,openfacts
0862768000100,openfacts
0862768000117,openfacts
0862768000124,openfacts
0862768000131,openfacts
0862768000414,openfacts
0862768000421,openfacts
0862768000438,openfacts
0862768000483,openfacts
0862770000402,openfacts
0862770000419,openfacts
0862770000426,openfacts
0862770000433,openfacts
0862770000440,openfacts
0862770000457,openfacts
0862770000488,openfacts
0862777000009,openfacts
0862779000205,openfacts
0862779000267,openfacts
0862779000298,openfacts
0862802000325,openfacts
0862803000010,openfacts
0862803000027,openfacts
0862803000034,openfacts
0862803000423,openfacts
0862804000200,openfacts
0862804000217,openfacts
0862815000114,openfacts
0862815000138,openfacts
0862815000152,openfacts
0862816000113,openfacts
0862816000151,openfacts
0862816000328,openfacts
0862823000380,openfacts
0862827000201,openfacts
0862827000256,openfacts
0862833000165,openfacts
0862834000003,openfacts
0862834000010,openfacts
0862834000027,openfacts
0862834000034,openfacts
0862834000041,openfacts
0862834000072,openfacts
0862838000450,openfacts
0862838000467,openfacts
0862838000474,openfacts
0862838000481,openfacts
0862842000415,openfacts
0862845000108,openfacts
0862845000115,openfacts
0862845000122,openfacts
0862845000153,openfacts
0862853000015,openfacts
0862853000039,openfacts
0862853000077,openfacts
0862853000091,openfacts
0862853000428,openfacts
0862868000123,openfacts
0862871000301,openfacts
0862871000318,openfacts
0862871000325,openfacts
0862871000332,openfacts
0862875000345,openfacts
0862875000352,openfacts
0862879000082,openfacts
0862880000200,openfacts
0862880000217,openfacts
0862880000224,openfacts
0862882000109,openfacts
0862882000116,openfacts
0862882000178,openfacts
0862884000046,openfacts
0862884000206,openfacts
0862884000213,openfacts
0862884000220,openfacts
0862884000237,openfacts
0862884000244,openfacts
0862884000251,openfacts
0862887000005,openfacts
0862887000104,openfacts
0862887000111,openfacts
0862887000166,openfacts
0862887000180,openfacts
0862898000032,openfacts
0862898000070,openfacts
0862898000087,openfacts
0862898000094,openfacts
0862905000024,openfacts
0862905000055,openfacts
0862908000205,openfacts
0862908000212,openfacts
0862908000229,openfacts
0862908000304,openfacts
0862914000404,openfacts
0862914000428,openfacts
0862914000442,openfacts
0862914000459,openfacts
0862914000466,openfacts
0862914000473,openfacts
0862914000480,openfacts
0862914000497,openfacts
0862915000403,openfacts
0862918000448,openfacts
0862924000319,openfacts
0862924000326,openfacts
0862924000333,openfacts
0862929000062,openfacts
0862931000029,openfacts
0862931000401,openfacts
0862934000088,openfacts
0862937000122,openfacts
0862938000008,openfacts
0862938000015,openfacts
0862938000046,openfacts
0862943000116,openfacts
0862943000147,openfacts
0862943000161,openfacts
0862943000178,openfacts
0862944000016,openfacts
0862944000023,openfacts
0862944000030,openfacts
0862944000047,openfacts
0862944000054,openfacts
0862944000061,openfacts
0862944000078,openfacts
0862944000085,openfacts
0862944000238,openfacts
0862948000258,openfacts
0862948000265,openfacts
0862950000000,openfacts
0862950000031,openfacts
0862950000048,openfacts
0862950000062,openfacts
0862950000093,openfacts
0862965000118,openfacts
0862965000149,openfacts
0862965000163,openfacts
0862965000170,openfacts
0862965000187,openfacts
0862965000194,openfacts
0862969000206,openfacts
0862969000213,openfacts
0862969000329,openfacts
0862979000043,openfacts
0862979000098,openfacts
0862993000005,openfacts
0862997000377,openfacts
0863002009033,openfacts
0863003000404,openfacts
0863003000411,openfacts
0863003000435,openfacts
0863003000442,openfacts
0863003000497,openfacts
0863005000372,openfacts
0863006000012,openfacts
0863006000036,openfacts
0863006000043,openfacts
0863006000050,openfacts
0863006000067,openfacts
0863006000074,openfacts
0863006000081,openfacts
0863006000227,openfacts
0863006000258,openfacts
0863006000265,openfacts
0863006000296,openfacts
0863007000011,openfacts
0863008000218,openfacts
0863024000179,openfacts
0863025000406,openfacts
0863025000413,openfacts
0863029000129,openfacts
0863029000136,openfacts
0863031000018,openfacts
0863032451246,openfacts
0863032455510,openfacts
0863033000306,openfacts
0863034000008,openfacts
0863034000015,openfacts
0863034000022,openfacts
0863034000039,openfacts
0863034000060,openfacts
0863035000106,openfacts
0863035000137,openfacts
0863038000455,openfacts
0863041000442,openfacts
0863043000204,openfacts
0863043000235,openfacts
0863046000126,openfacts
0863046000140,openfacts
0863047000217,openfacts
0863053000126,openfacts
0863058000374,openfacts
0863058000398,openfacts
0863059000106,openfacts
0863065000237,openfacts
0863065001203,openfacts
0863070000468,openfacts
0863070000499,openfacts
0863079000155,openfacts
0863079000179,openfacts
0863079000193,openfacts
0863087000321,openfacts
0863091000300,openfacts
0863091000317,openfacts
0863093000322,openfacts
0863098000105,openfacts
0863100000000,openfacts
0863100000017,openfacts
0863100000024,openfacts
0863100000031,openfacts
0863100000048,openfacts
0863100000055,openfacts
0863101000115,openfacts
0863101000139,openfacts
0863101000436,openfacts
0863120000240,openfacts
0863120000264,openfacts
0863131000116,openfacts
0863143000081,openfacts
0863150000241,openfacts
0863152000119,openfacts
0863152000126,openfacts
0863158000205,openfacts
0863158000212,openfacts
0863163000023,openfacts
0863180000204,openfacts
0863184000095,openfacts
0863184000408,openfacts
0863184000439,openfacts
0863186000307,openfacts
0863186000314,openfacts
0863186000321,openfacts
0863186000338,openfacts
0863190000201,openfacts
0863190000218,openfacts
0863190000232,openfacts
0863190000249,openfacts
0863190000294,openfacts
0863194560558,openfacts
0863195000206,openfacts
0863195000275,openfacts
0863195000282,openfacts
0863200000269,openfacts
0863204000432,openfacts
0863204000456,openfacts
0863204000487,openfacts
0863205000042,openfacts
0863205000059,openfacts
0863209000109,openfacts
0863209000116,openfacts
0863209000123,openfacts
0863209000130,openfacts
0863209000147,openfacts
0863209000154,openfacts
0863209000185,openfacts
0863209000192,openfacts
0863214000101,openfacts
0863214000118,openfacts
0863214000125,openfacts
0863214000149,openfacts
0863219000205,openfacts
0863219000212,openfacts
0863219000229,openfacts
0863219000236,openfacts
0863219000250,openfacts
0863219000267,openfacts
0863221000095,openfacts
0863223000000,openfacts
0863223000017,openfacts
0863227000006,openfacts
0863227000105,openfacts
0863227000136,openfacts
0863227000143,openfacts
0863227000150,openfacts
0863230000000,openfacts
0863230000055,openfacts
0863230000079,openfacts
0863230000086,openfacts
0863230000321,openfacts
0863235000043,openfacts
0863235000302,openfacts
0863235000340,openfacts
0863241000037,openfacts
0863241000204,openfacts
0863241000235,openfacts
0863243000202,openfacts
0863247000390,openfacts
0863250000004,openfacts
0863250000035,openfacts
0863250000066,openfacts
0863250000073,openfacts
0863250000080,openfacts
0863260000001,openfacts
0863261000017,openfacts
0863261000208,openfacts
0863261000253,openfacts
0863261000260,openfacts
0863261000277,openfacts
0863261000284,openfacts
0863266000203,openfacts
0863266000227,openfacts
0863268000201,openfacts
0863268000218,openfacts
0863268000225,openfacts
0863268000232,openfacts
0863268000256,openfacts
0863268000270,openfacts
0863268000287,openfacts
0863268000317,openfacts
0863268000331,openfacts
0863272000358,openfacts
0863296000112,openfacts
0863302000259,openfacts
0863303000128,openfacts
0863305000331,openfacts
0863307000216,openfacts
0863311000202,openfacts
0863316000306,openfacts
0863316000320,openfacts
0863316000337,openfacts
0863316000344,openfacts
0863316000351,openfacts
0863316000382,openfacts
0863320000040,openfacts
0863321000100,openfacts
0863321000131,openfacts
0863321000193,openfacts
0863323000351,openfacts
0863323000368,openfacts
0863329000003,openfacts
0863329000010,openfacts
0863329000027,openfacts
0863329000034,openfacts
0863329000041,openfacts
0863329000065,openfacts
0863330132878,openfacts
0863333000259,openfacts
0863333000273,openfacts
0863336000409,openfacts
0863336000416,openfacts
0863336000423,openfacts
0863336000447,openfacts
0863337000323,openfacts
0863339000109,openfacts
0863339000116,openfacts
0863339000123,openfacts
0863339000130,openfacts
0863360000406,openfacts
0863366000417,openfacts
0863373000103,openfacts
0863373000110,openfacts
0863387000441,openfacts
0863387000489,openfacts
0863390000032,openfacts
0863390000209,openfacts
0863390000216,openfacts
0863390000223,openfacts
0863391000208,openfacts
0863391000215,openfacts
0863391000222,openfacts
0863391000239,openfacts
0863391000246,openfacts
0863391000253,openfacts
0863391000260,openfacts
0863391000277,openfacts
0863391000284,openfacts
0863391000291,openfacts
0863393000121,openfacts
0863396000401,openfacts
0863403000066,openfacts
0863404000294,openfacts
0863410000653,openfacts
0863414000000,openfacts
0863414000017,openfacts
0863433000302,openfacts
0863433000401,openfacts
0863433000425,openfacts
0863433000456,openfacts
0863438000314,openfacts
0863438000383,openfacts
0863441000004,openfacts
0863441000011,openfacts
0863441000028,openfacts
0863441000035,openfacts
0863441000042,openfacts
0863441000059,openfacts
0863441000066,openfacts
0863441000073,openfacts
0863441000080,openfacts
0863441000097,openfacts
0863444000421,openfacts
0863444000490,openfacts
0863446000009,openfacts
0863446000016,openfacts
0863446000023,openfacts
0863446000030,openfacts
0863446000047,openfacts
0863446000054,openfacts
0863446000085,openfacts
0863446000092,openfacts
0863449000228,openfacts
0863449000242,openfacts
0863449000297,openfacts
0863450000217,openfacts
0863456933489,openfacts
0863464000111,openfacts
0863464000203,openfacts
0863469000215,openfacts
0863473000102,openfacts
0863473000317,openfacts
0863473000324,openfacts
0863473000331,openfacts
0863473000362,openfacts
0863473000393,openfacts
0863474000200,openfacts
0863474000248,openfacts
0863474000255,openfacts
0863481000002,openfacts
0863481000033,openfacts
0863481000057,openfacts
0863482000216,openfacts
0863482000230,openfacts
0863482000254,openfacts
0863484000122,openfacts
0863484000269,openfacts
0863484000276,openfacts
0863487000358,openfacts
0863488000227,openfacts
0863493000359,openfacts
0863495000166,openfacts
0863495000197,openfacts
0863495676040,openfacts
0863498000019,openfacts
0863498000026,openfacts
0863498000033,openfacts
0863498000040,openfacts
0863498000057,openfacts
0863498000064,openfacts
0863498000071,openfacts
0863498000088,openfacts
0863498000095,openfacts
0863500000105,openfacts
0863501000005,openfacts
0863505000391,openfacts
0863509000007,openfacts
0863509000083,openfacts
0863511000309,openfacts
0863511000316,openfacts
0863511000323,openfacts
0863511000330,openfacts
0863513000109,openfacts
0863513000116,openfacts
0863513000130,openfacts
0863513000147,openfacts
0863513000178,openfacts
0863513000185,openfacts
0863513000208,openfacts
0863513000215,openfacts
0863513000222,openfacts
0863513000277,openfacts
0863517000204,openfacts
0863517000211,openfacts
0863522000305,openfacts
0863522000312,openfacts
0863522000336,openfacts
0863525650590,openfacts
0863529000261,openfacts
0863530000007,openfacts
0863530000014,openfacts
0863530000021,openfacts
0863530000038,openfacts
0863535665935,openfacts
0863541000324,openfacts
0863541000355,openfacts
0863541000379,openfacts
0863548000204,openfacts
0863548000372,openfacts
0863554000304,openfacts
0863558000201,openfacts
0863558000218,openfacts
0863558000225,openfacts
0863558000232,openfacts
0863558000249,openfacts
0863558000263,openfacts
0863564000066,openfacts
0863565000034,openfacts
0863565000041,openfacts
0863565000072,openfacts
0863565000089,openfacts
0863565000096,openfacts
0863585000014,openfacts
0863585000069,openfacts
0863585000083,openfacts
0863585000090,openfacts
0863587000319,openfacts
0863593000129,openfacts
0863594000111,openfacts
0863594000142,openfacts
0863596356506,openfacts
0863600000289,openfacts
0863600353316,openfacts
0863601000004,openfacts
0863601000202,openfacts
0863601000219,openfacts
0863601000233,openfacts
0863601000264,openfacts
0863602000003,openfacts
0863602000010,openfacts
0863602000027,openfacts
0863602000034,openfacts
0863602000041,openfacts
0863602000058,openfacts
0863602000065,openfacts
0863602000072,openfacts
0863602000089,openfacts
0863604000254,openfacts
0863604000261,openfacts
0863606000207,openfacts
0863606000245,openfacts
0863606000252,openfacts
0863606000283,openfacts
0863606000290,openfacts
0863607000077,openfacts
0863609000105,openfacts
0863609000112,openfacts
0863609000136,openfacts
0863609000143,openfacts
0863609000174,openfacts
0863609000181,openfacts
0863609000198,openfacts
0863611000100,openfacts
0863611000117,openfacts
0863611000131,openfacts
0863617000005,openfacts
0863617000029,openfacts
0863631000203,openfacts
0863631000210,openfacts
0863631000227,openfacts
0863631000234,openfacts
0863631000265,openfacts
0863631000289,openfacts
0863635000254,openfacts
0863645000381,openfacts
0863645000442,openfacts
0863645000466,openfacts
0863669740027,openfacts
0863669740041,openfacts
0863669740065,openfacts
0863669740126,openfacts
0863669740140,openfacts
0863669740164,openfacts
0863669740201,openfacts
0863669740225,openfacts
0863669740249,openfacts
0863669740263,openfacts
0863669740300,openfacts
0863669740362,openfacts
0863669740386,openfacts
0863669740409,openfacts
0863669740669,openfacts
0863669740706,openfacts
0863669740744,openfacts
0863669740805,openfacts
0863669740867,openfacts
0863669740904,openfacts
0863669740928,openfacts
0863669740942,openfacts
0863669740966,openfacts
0863669741000,openfacts
0863669741062,openfacts
0863669741109,openfacts
0863669741123,openfacts
0863669741147,openfacts
0863669741185,openfacts
0863669741222,openfacts
0863669741260,openfacts
0863669741284,openfacts
0863669741307,openfacts
0863669741383,openfacts
0863669741406,openfacts
0863669741543,openfacts
0863669741567,openfacts
0863669741581,openfacts
0863669741604,openfacts
0863669741628,openfacts
0863669741666,openfacts
0863669741727,openfacts
0863669741741,openfacts
0863669741840,openfacts
0863669741864,openfacts
0863669741901,openfacts
0863669741949,openfacts
0863669741963,openfacts
0863669742007,openfacts
0863669742021,openfacts
0863669742045,openfacts
0863669742083,openfacts
0863669742144,openfacts
0863669742182,openfacts
0863669742205,openfacts
0863669742243,openfacts
0863669742267,openfacts
0863669742281,openfacts
0863669742304,openfacts
0863669742342,openfacts
0863669742366,openfacts
0863669742489,openfacts
0863669742540,openfacts
0863669742588,openfacts
0863669742601,openfacts
0863669742663,openfacts
0863669742700,openfacts
0863669743141,openfacts
0863669743400,openfacts
0863669743424,openfacts
0863669743547,openfacts
0863669743585,openfacts
0863669743707,openfacts
0863669743769,openfacts
0863669743820,openfacts
0863669743868,openfacts
0863669743905,openfacts
0863669743943,openfacts
0863669744056,openfacts
0863669744094,openfacts
0863669744117,openfacts
0863669744131,openfacts
0863669744179,openfacts
0863669744193,openfacts
0863669744230,openfacts
0863669744254,openfacts
0863669744339,openfacts
0863669744612,openfacts
0863669744803,openfacts
0863669744926,openfacts
0863669744940,openfacts
0863669744964,openfacts
0863669744988,openfacts
0863669745008,openfacts
0863669745022,openfacts
0863669745046,openfacts
0863669745145,openfacts
0863671000416,openfacts
0863672403919,openfacts
0863674000000,openfacts
0863674000017,openfacts
0863674000024,openfacts
0863676000015,openfacts
0863676000046,openfacts
0863686000104,openfacts
0863686000111,openfacts
0863686000128,openfacts
0863686000135,openfacts
0863686000159,openfacts
0863686000166,openfacts
0863686000173,openfacts
0863687000035,openfacts
0863689000200,openfacts
0863689000224,openfacts
0863690000015,openfacts
0863695000270,openfacts
0863695103643,openfacts
0863697000001,openfacts
0863697000025,openfacts
0863697000049,openfacts
0863697000056,openfacts
0863697000063,openfacts
0863698000307,openfacts
0863699000108,openfacts
0863699000115,openfacts
0863699000122,openfacts
0863699000139,openfacts
0863699000146,openfacts
0863699000153,openfacts
0863699000160,openfacts
0863699000177,openfacts
0863699000184,openfacts
0863699000191,openfacts
0863699000788,openfacts
0863699449808,openfacts
0863700000295,openfacts
0863700469566,openfacts
0863702000002,openfacts
0863702000019,openfacts
0863702000026,openfacts
0863713000305,openfacts
0863715000105,openfacts
0863717000301,openfacts
0863720000022,openfacts
0863720000039,openfacts
0863732000126,openfacts
0863734000100,openfacts
0863734000124,openfacts
0863734000421,openfacts
0863734000483,openfacts
0863737000022,openfacts
0863737000121,openfacts
0863737000138,openfacts
0863737000169,openfacts
0863737000176,openfacts
0863737000183,openfacts
0863743000405,openfacts
0863743000412,openfacts
0863747000104,openfacts
0863747000111,openfacts
0863747000128,openfacts
0863747000135,openfacts
0863747000159,openfacts
0863747000166,openfacts
0863747000173,openfacts
0863749000317,openfacts
0863749000331,openfacts
0863750000207,openfacts
0863750000214,openfacts
0863750000245,openfacts
0863750000269,openfacts
0863750000290,openfacts
0863751000404,openfacts
0863751000435,openfacts
0863751000442,openfacts
0863756000010,openfacts
0863756000027,openfacts
0863756000034,openfacts
0863758000100,openfacts
0863758000124,openfacts
0863758000131,openfacts
0863758000148,openfacts
0863758000155,openfacts
0863758000162,openfacts
0863758000179,openfacts
0863761000340,openfacts
0863761000364,openfacts
0863763000218,openfacts
0863763000232,openfacts
0863763000256,openfacts
0863763000294,openfacts
0863765000001,openfacts
0863765000087,openfacts
0863769000229,openfacts
0863769000243,openfacts
0863769000267,openfacts
0863769000281,openfacts
0863771000101,openfacts
0863782000008,openfacts
0863782000015,openfacts
0863798000207,openfacts
0863798000214,openfacts
0863798000221,openfacts
0863804000108,openfacts
0863804000115,openfacts
0863812000022,openfacts
0863812000039,openfacts
0863812000046,openfacts
0863812000053,openfacts
0863818000033,openfacts
0863819000018,openfacts
0863819000032,openfacts
0863819000049,openfacts
0863819000070,openfacts
0863819000087,openfacts
0863822000104,openfacts
0863822000111,openfacts
0863822000128,openfacts
0863822000135,openfacts
0863822000159,openfacts
0863822000166,openfacts
0863822000173,openfacts
0863822000180,openfacts
0863822000197,openfacts
0863823000004,openfacts
0863825000415,openfacts
0863825000422,openfacts
0863831000010,openfacts
0863831000027,openfacts
0863831000034,openfacts
0863843000008,openfacts
0863843000022,openfacts
0863843000039,openfacts
0863843000046,openfacts
0863843000060,openfacts
0863850000107,openfacts
0863850000121,openfacts
0863850000138,openfacts
0863850000152,openfacts
0863850000190,openfacts
0863851000212,openfacts
0863851000229,openfacts
0863852000006,openfacts
0863852000013,openfacts
0863852000044,openfacts
0863852000068,openfacts
0863852000075,openfacts
0863858000208,openfacts
0863858000260,openfacts
0863858000284,openfacts
0863859000207,openfacts
0863860000159,openfacts
0863862000102,openfacts
0863862000133,openfacts
0863862000157,openfacts
0863867000121,openfacts
0863868276341,openfacts
0863878000301,openfacts
0863878000325,openfacts
0863878000332,openfacts
0863878000349,openfacts
0863882000014,openfacts
0863882000045,openfacts
0863882000052,openfacts
0863882000069,openfacts
0863882000571,openfacts
0863889000048,openfacts
0863897000207,openfacts
0863897000276,openfacts
0863898000466,openfacts
0863902000208,openfacts
0863902000215,openfacts
0863902000246,openfacts
0863905000403,openfacts
0863905000410,openfacts
0863905000427,openfacts
0863905000465,openfacts
0863905000496,openfacts
0863908000134,openfacts
0863914000111,openfacts
0863917000347,openfacts
0863939000103,openfacts
0863939000134,openfacts
0863939000141,openfacts
0863939000196,openfacts
0863939000301,openfacts
0863939000318,openfacts
0863939000325,openfacts
0863943000205,openfacts
0863943000229,openfacts
0863944000402,openfacts
0863944000419,openfacts
0863944000426,openfacts
0863944000433,openfacts
0863944000457,openfacts
0863944000464,openfacts
0863944000471,openfacts
0863944000488,openfacts
0863945000005,openfacts
0863945000012,openfacts
0863949000254,openfacts
0863955000200,openfacts
0863955000217,openfacts
0863955000231,openfacts
0863955000255,openfacts
0863956000452,openfacts
0863961000300,openfacts
0863961000317,openfacts
0863961000324,openfacts
0863964000451,openfacts
0863965000122,openfacts
0863968000105,openfacts
0863968000112,openfacts
0863968000129,openfacts
0863969000234,openfacts
0863976000203,openfacts
0863976000210,openfacts
0863976000234,openfacts
0863976000258,openfacts
0863976000289,openfacts
0863976000296,openfacts
0863982000327,openfacts
0863983000036,openfacts
0863983000104,openfacts
0863996000207,openfacts
0863996000214,openfacts
0863996000221,openfacts
0863996000238,openfacts
0863997001401,openfacts
0863998000014,openfacts
0864009000214,openfacts
0864013000200,openfacts
0864013000217,openfacts
0864013000224,openfacts
0864013000231,openfacts
0864013000248,openfacts
0864013000255,openfacts
0864013000262,openfacts
0864013000279,openfacts
0864013000286,openfacts
0864013000293,openfacts
0864013444486,openfacts
0864016000009,openfacts
0864016000016,openfacts
0864016000054,openfacts
0864017000336,openfacts
0864020000019,openfacts
0864023000016,openfacts
0864023000108,openfacts
0864023000115,openfacts
0864023000122,openfacts
0864023000153,openfacts
0864024000008,openfacts
0864028000448,openfacts
0864029000225,openfacts
0864031000244,openfacts
0864035000462,openfacts
0864038000339,openfacts
0864038000346,openfacts
0864038000407,openfacts
0864040000013,openfacts
0864040000020,openfacts
0864040000037,openfacts
0864048003023,openfacts
0864052000087,openfacts
0864052000094,openfacts
0864053000109,openfacts
0864053000116,openfacts
0864053000123,openfacts
0864053000147,openfacts
0864053000161,openfacts
0864053000178,openfacts
0864053000185,openfacts
0864053000192,openfacts
0864058860449,openfacts
0864063000403,openfacts
0864066000448,openfacts
0864066000493,openfacts
0864067000287,openfacts
0864067000294,openfacts
0864069054585,openfacts
0864071000006,openfacts
0864072000203,openfacts
0864073000257,openfacts
0864073002572,openfacts
0864075000101,openfacts
0864075000118,openfacts
0864075000125,openfacts
0864075000149,openfacts
0864075000156,openfacts
0864075000163,openfacts
0864075000170,openfacts
0864075000194,openfacts
0864076000001,openfacts
0864076000018,openfacts
0864076000025,openfacts
0864076000032,openfacts
0864076000049,openfacts
0864079000213,openfacts
0864079000220,openfacts
0864080000028,openfacts
0864080000035,openfacts
0864082000101,openfacts
0864082000200,openfacts
0864082000217,openfacts
0864082000224,openfacts
0864082000231,openfacts
0864082000248,openfacts
0864082000279,openfacts
0864082000286,openfacts
0864082000293,openfacts
0864084000222,openfacts
0864084000239,openfacts
0864084000291,openfacts
0864087000403,openfacts
0864087000410,openfacts
0864087000434,openfacts
0864091000000,openfacts
0864094000007,openfacts
0864094000014,openfacts
0864094000021,openfacts
0864094000090,openfacts
0864095000303,openfacts
0864095000310,openfacts
0864095000327,openfacts
0864095000341,openfacts
0864097000004,openfacts
0864098000003,openfacts
0864098000010,openfacts
0864099915580,openfacts
0864105000101,openfacts
0864112000019,openfacts
0864118000129,openfacts
0864120000230,openfacts
0864129000101,openfacts
0864136000460,openfacts
0864136663023,openfacts
0864138000000,openfacts
0864138000109,openfacts
0864138000123,openfacts
0864138000130,openfacts
0864138000147,openfacts
0864138000154,openfacts
0864138000192,openfacts
0864138000406,openfacts
0864138000413,openfacts
0864138000444,openfacts
0864139000405,openfacts
0864139000412,openfacts
0864140000005,openfacts
0864140000036,openfacts
0864140000043,openfacts
0864140000050,openfacts
0864140000098,openfacts
0864142027680,openfacts
0864144103320,openfacts
0864146000009,openfacts
0864149000433,openfacts
0864149000440,openfacts
0864152560047,openfacts
0864158000431,openfacts
0864158000455,openfacts
0864158000479,openfacts
0864158000486,openfacts
0864158000493,openfacts
0864160000009,openfacts
0864169000000,openfacts
0864169000420,openfacts
0864169000444,openfacts
0864170000112,openfacts
0864170000150,openfacts
0864176000109,openfacts
0864183000000,openfacts
0864184000207,openfacts
0864185000008,openfacts
0864185000022,openfacts
0864186000342,openfacts
0864188000104,openfacts
0864188000111,openfacts
0864188000135,openfacts
0864193000007,openfacts
0864193000014,openfacts
0864193000021,openfacts
0864195000326,openfacts
0864195000340,openfacts
0864195000388,openfacts
0864195000418,openfacts
0864195000456,openfacts
0864202000004,openfacts
0864202000011,openfacts
0864202000103,openfacts
0864202000110,openfacts
0864202000134,openfacts
0864208000206,openfacts
0864208000244,openfacts
0864208000251,openfacts
0864208000268,openfacts
0864208000282,openfacts
0864214000108,openfacts
0864219000400,openfacts
0864220000048,openfacts
0864220000185,openfacts
0864223000014,openfacts
0864223000038,openfacts
0864223000045,openfacts
0864223000083,openfacts
0864242000200,openfacts
0864242020222,openfacts
0864262000112,openfacts
0864269000009,openfacts
0864269000016,openfacts
0864269000023,openfacts
0864273000262,openfacts
0864273000286,openfacts
0864274000407,openfacts
0864292000304,openfacts
0864292000311,openfacts
0864292000328,openfacts
0864292000335,openfacts
0864295000028,openfacts
0864295000035,openfacts
0864295000059,openfacts
0864301000264,openfacts
0864305000109,openfacts
0864305000116,openfacts
0864305000123,openfacts
0864305000130,openfacts
0864305000147,openfacts
0864305000154,openfacts
0864305000161,openfacts
0864305000178,openfacts
0864305000185,openfacts
0864305000192,openfacts
0864305930178,openfacts
0864310000057,openfacts
0864311000179,openfacts
0864311000421,openfacts
0864315000250,openfacts
0864315000267,openfacts
0864315000281,openfacts
0864321000206,openfacts
0864321000213,openfacts
0864321000466,openfacts
0864325000004,openfacts
0864325000301,openfacts
0864330000006,openfacts
0864332000400,openfacts
0864338000039,openfacts
0864338000046,openfacts
0864347000402,openfacts
0864347000464,openfacts
0864352000015,openfacts
0864352000022,openfacts
0864352000046,openfacts
0864352000060,openfacts
0864357000317,openfacts
0864357000324,openfacts
0864357000348,openfacts
0864357000355,openfacts
0864357000362,openfacts
0864361000006,openfacts
0864361000013,openfacts
0864361000020,openfacts
0864361000037,openfacts
0864362000272,openfacts
0864363000134,openfacts
0864363000141,openfacts
0864363000196,openfacts
0864363000448,openfacts
0864365000125,openfacts
0864365000194,openfacts
0864368000047,openfacts
0864370005481,openfacts
0864372000002,openfacts
0864374000000,openfacts
0864377000007,openfacts
0864377000014,openfacts
0864377000052,openfacts
0864377000069,openfacts
0864377000076,openfacts
0864377000083,openfacts
0864377000168,openfacts
0864377000199,openfacts
0864383000312,openfacts
0864383000336,openfacts
0864389140333,openfacts
0864390000206,openfacts
0864390000213,openfacts
0864390000244,openfacts
0864390000251,openfacts
0864390000282,openfacts
0864391000137,openfacts
0864391000151,openfacts
0864399000009,openfacts
0864401380310,openfacts
0864402000064,openfacts
0864403944343,openfacts
0864404011112,openfacts
0864409000104,openfacts
0864409000111,openfacts
0864409000128,openfacts
0864409000135,openfacts
0864409001064,openfacts
0864411232630,openfacts
0864413000114,openfacts
0864417000103,openfacts
0864417000127,openfacts
0864417000134,openfacts
0864417000141,openfacts
0864417000172,openfacts
0864417000196,openfacts
0864421000311,openfacts
0864421000359,openfacts
0864421000366,openfacts
0864421000373,openfacts
0864421000380,openfacts
0864423903580,openfacts
0864424000004,openfacts
0864424000028,openfacts
0864427000438,openfacts
0864429000214,openfacts
0864429000221,openfacts
0864435000147,openfacts
0864437000305,openfacts
0864441000100,openfacts
0864443000023,openfacts
0864443000030,openfacts
0864443000061,openfacts
0864443000078,openfacts
0864445000014,openfacts
0864445000021,openfacts
0864446000280,openfacts
0864448812102,openfacts
0864452000014,openfacts
0864452244883,openfacts
0864458000230,openfacts
0864459637800,openfacts
0864461000012,openfacts
0864462000042,openfacts
0864462000059,openfacts
0864462000066,openfacts
0864464000347,openfacts
0864464000392,openfacts
0864464025586,openfacts
0864464443045,openfacts
0864465000001,openfacts
0864465000018,openfacts
0864465000025,openfacts
0864465000032,openfacts
0864465000230,openfacts
0864477000105,openfacts
0864477000112,openfacts
0864477000129,openfacts
0864477000136,openfacts
0864483000427,openfacts
0864484000006,openfacts
0864484000013,openfacts
0864484000419,openfacts
0864485000135,openfacts
0864485000159,openfacts
0864490000441,openfacts
0864491076049,openfacts
0864498000221,openfacts
0864498750270,openfacts
0864499000411,openfacts
0864503000109,openfacts
0864503000147,openfacts
0864503000154,openfacts
0864504000337,openfacts
0864504000344,openfacts
0864504000375,openfacts
0864504000399,openfacts
0864511000405,openfacts
0864511000412,openfacts
0864511000429,openfacts
0864513000007,openfacts
0864513000014,openfacts
0864515000418,openfacts
0864515000449,openfacts
0864515000494,openfacts
0864519000407,openfacts
0864522000104,openfacts
0864522000111,openfacts
0864522000128,openfacts
0864522000135,openfacts
0864522000180,openfacts
0864522000197,openfacts
0864524000102,openfacts
0864524000119,openfacts
0864524000126,openfacts
0864524000133,openfacts
0864525000101,openfacts
0864525000163,openfacts
0864525000170,openfacts
0864525000392,openfacts
0864529000008,openfacts
0864529000015,openfacts
0864529000022,openfacts
0864530000202,openfacts
0864530000226,openfacts
0864530000271,openfacts
0864530000301,openfacts
0864530000325,openfacts
0864530000363,openfacts
0864547000042,openfacts
0864548000003,openfacts
0864549000118,openfacts
0864549000149,openfacts
0864549000163,openfacts
0864553000012,openfacts
0864553000029,openfacts
0864553000036,openfacts
0864553000043,openfacts
0864553000067,openfacts
0864563000200,openfacts
0864563000231,openfacts
0864567000206,openfacts
0864569000105,openfacts
0864569000112,openfacts
0864569000136,openfacts
0864569000150,openfacts
0864569000174,openfacts
0864571000322,openfacts
0864571000391,openfacts
0864571000407,openfacts
0864576000150,openfacts
0864577000227,openfacts
0864577000234,openfacts
0864582000403,openfacts
0864585870003,openfacts
0864588000155,openfacts
0864588000162,openfacts
0864590003113,openfacts
0864601000148,openfacts
0864604540016,openfacts
0864605000007,openfacts
0864605000014,openfacts
0864612000243,openfacts
0864612000250,openfacts
0864617000125,openfacts
0864617000132,openfacts
0864620000464,openfacts
0864622000219,openfacts
0864622000233,openfacts
0864628000046,openfacts
0864635000152,openfacts
0864650048528,openfacts
0864662000200,openfacts
0864666000015,openfacts
0864690000104,openfacts
0864690000111,openfacts
0864690000128,openfacts
0864690000135,openfacts
0864695000000,openfacts
0864707000202,openfacts
0864707000219,openfacts
0864708000423,openfacts
0864710000862,openfacts
0864714000318,openfacts
0864714000325,openfacts
0864721000219,openfacts
0864723000309,openfacts
0864724000377,openfacts
0864747000446,openfacts
0864747000484,openfacts
0864756000116,openfacts
0864756000192,openfacts
0864762685031,openfacts
0864765000091,openfacts
0864765000497,openfacts
0864767000174,openfacts
0864768000012,openfacts
0864772000305,openfacts
0864772000312,openfacts
0864772000329,openfacts
0864772000343,openfacts
0864772000367,openfacts
0864772000374,openfacts
0864772000381,openfacts
0864778000071,openfacts
0864784000027,openfacts
0864784000034,openfacts
0864786000407,openfacts
0864786000421,openfacts
0864793000209,openfacts
0864793000261,openfacts
0864793000292,openfacts
0864793000315,openfacts
0864793000339,openfacts
0864793000353,openfacts
0864793000377,openfacts
0864793000384,openfacts
0864800000208,openfacts
0864800000291,openfacts
0864800000406,openfacts
0864800000413,openfacts
0864800000420,openfacts
0864800000437,openfacts
0864803000007,openfacts
0864804000310,openfacts
0864806000004,openfacts
0864807000225,openfacts
0864807000249,openfacts
0864807000256,openfacts
0864809000315,openfacts
0864809000346,openfacts
0864809000353,openfacts
0864809000384,openfacts
0864814000331,openfacts
0864814000355,openfacts
0864814000362,openfacts
0864818000108,openfacts
0864818000122,openfacts
0864818000139,openfacts
0864818000146,openfacts
0864820000103,openfacts
0864820000110,openfacts
0864820000127,openfacts
0864820000141,openfacts
0864823000018,openfacts
0864823000025,openfacts
0864823000087,openfacts
0864823000117,openfacts
0864823000186,openfacts
0864841000052,openfacts
0864841000076,openfacts
0864844000127,openfacts
0864853000002,openfacts
0864853000415,openfacts
0864866000105,openfacts
0864866000174,openfacts
0864867000005,openfacts
0864867000012,openfacts
0864867000029,openfacts
0864870000313,openfacts
0864883000102,openfacts
0864883000133,openfacts
0864883000140,openfacts
0864883000164,openfacts
0864886000000,openfacts
0864886000017,openfacts
0864886000024,openfacts
0864886000031,openfacts
0864886000062,openfacts
0864886000079,openfacts
0864886000369,openfacts
0864903000006,openfacts
0864908000001,openfacts
0864908000018,openfacts
0864908000025,openfacts
0864908000223,openfacts
0864908000247,openfacts
0864913000201,openfacts
0864913000225,openfacts
0864913000256,openfacts
0864916000017,openfacts
0864916000024,openfacts
0864916000031,openfacts
0864916000062,openfacts
0864916000079,openfacts
0864916000086,openfacts
0864924000320,openfacts
0864924000375,openfacts
0864928000128,openfacts
0864928000142,openfacts
0864929000127,openfacts
0864933000014,openfacts
0864934000006,openfacts
0864934000013,openfacts
0864934000020,openfacts
0864934000037,openfacts
0864934000051,openfacts
0864934000068,openfacts
0864934001539,openfacts
0864934597186,openfacts
0864942000401,openfacts
0864948000382,openfacts
0864951001901,openfacts
0864951101083,openfacts
0864951101519,openfacts
0864955000412,openfacts
0864955000429,openfacts
0864955000450,openfacts
0864956000312,openfacts
0864962000429,openfacts
0864970000008,openfacts
0864970000015,openfacts
0864970000305,openfacts
0864970000329,openfacts
0864973000128,openfacts
0864973000166,openfacts
0864973000234,openfacts
0864973000272,openfacts
0864973000296,openfacts
0864974000325,openfacts
0864980000050,openfacts
0864981000301,openfacts
0864981000325,openfacts
0864981000363,openfacts
0864996000037,openfacts
0864999000201,openfacts
0864999000225,openfacts
0864999000232,openfacts
0864999000249,openfacts
0865002000126,openfacts
0865002000416,openfacts
0865005000406,openfacts
0865005000420,openfacts
0865005000437,openfacts
0865005000468,openfacts
0865007000008,openfacts
0865007000015,openfacts
0865013000108,openfacts
0865016000426,openfacts
0865020000016,openfacts
0865020000030,openfacts
0865020000061,openfacts
0865021000008,openfacts
0865021000022,openfacts
0865021000039,openfacts
0865021000046,openfacts
0865021000053,openfacts
0865021000060,openfacts
0865021000077,openfacts
0865021000084,openfacts
0865023000341,openfacts
0865023000358,openfacts
0865023000389,openfacts
0865030001300,openfacts
0865035000001,openfacts
0865036000000,openfacts
0865036000109,openfacts
0865036000130,openfacts
0865037000207,openfacts
0865037000276,openfacts
0865041000200,openfacts
0865044000405,openfacts
0865044000436,openfacts
0865044000481,openfacts
0865048000012,openfacts
0865048000067,openfacts
0865048000104,openfacts
0865048000111,openfacts
0865048000128,openfacts
0865053000007,openfacts
0865053000410,openfacts
0865053000458,openfacts
0865053000465,openfacts
0865053000472,openfacts
0865053000489,openfacts
0865053000496,openfacts
0865059000148,openfacts
0865059000155,openfacts
0865059000162,openfacts
0865061000105,openfacts
0865063000226,openfacts
0865063000301,openfacts
0865063000318,openfacts
0865063000332,openfacts
0865063000349,openfacts
0865063000363,openfacts
0865068000108,openfacts
0865068000115,openfacts
0865068000122,openfacts
0865068000153,openfacts
0865068000160,openfacts
0865068000184,openfacts
0865072000408,openfacts
0865073000445,openfacts
0865073000469,openfacts
0865077000106,openfacts
0865088000348,openfacts
0865103000100,openfacts
0865103000124,openfacts
0865103000131,openfacts
0865103000155,openfacts
0865106000008,openfacts
0865106000022,openfacts
0865106000084,openfacts
0865108000105,openfacts
0865108000112,openfacts
0865108000129,openfacts
0865108000150,openfacts
0865108000204,openfacts
0865111887878,openfacts
0865113000114,openfacts
0865113000121,openfacts
0865116000012,openfacts
0865116000036,openfacts
0865116000043,openfacts
0865116000081,openfacts
0865120000107,openfacts
0865123000418,openfacts
0865125000003,openfacts
0865125000027,openfacts
0865125000058,openfacts
0865128000383,openfacts
0865128000390,openfacts
0865130000005,openfacts
0865130000012,openfacts
0865130000036,openfacts
0865130000098,openfacts
0865142000000,openfacts
0865142000031,openfacts
0865143000009,openfacts
0865143000016,openfacts
0865143000047,openfacts
0865147000234,openfacts
0865147000289,openfacts
0865150000306,openfacts
0865155006068,openfacts
0865156000300,openfacts
0865156000317,openfacts
0865156000331,openfacts
0865156000379,openfacts
0865168000008,openfacts
0865168000022,openfacts
0865168000053,openfacts
0865169000120,openfacts
0865174000337,openfacts
0865174000344,openfacts
0865174000351,openfacts
0865196000155,openfacts
0865197000130,openfacts
0865203000000,openfacts
0865204000108,openfacts
0865204000115,openfacts
0865207000006,openfacts
0865215000418,openfacts
0865215000425,openfacts
0865215000449,openfacts
0865215000456,openfacts
0865215000463,openfacts
0865232000101,openfacts
0865232000118,openfacts
0865232000156,openfacts
0865233000223,openfacts
0865233000254,openfacts
0865233000261,openfacts
0865236985435,openfacts
0865239599875,openfacts
0865240000889,openfacts
0865242000153,openfacts
0865242000177,openfacts
0865244000205,openfacts
0865244000229,openfacts
0865244000236,openfacts
0865244000250,openfacts
0865244000267,openfacts
0865244000274,openfacts
0865250000442,openfacts
0865254000103,openfacts
0865263000255,openfacts
0865263000262,openfacts
0865269000488,openfacts
0865269000495,openfacts
0865269003021,openfacts
0865270007933,openfacts
0865279000010,openfacts
0865279000249,openfacts
0865279000294,openfacts
0865293000409,openfacts
0865300000460,openfacts
0865300000484,openfacts
0865302000116,openfacts
0865302000123,openfacts
0865302000130,openfacts
0865302000147,openfacts
0865302000161,openfacts
0865302000178,openfacts
0865302000185,openfacts
0865302000192,openfacts
0865308000035,openfacts
0865324000118,openfacts
0865324000125,openfacts
0865326000000,openfacts
0865326000017,openfacts
0865327000108,openfacts
0865327000115,openfacts
0865327000122,openfacts
0865327000139,openfacts
0865327000146,openfacts
0865327000191,openfacts
0865329000014,openfacts
0865329000021,openfacts
0865329000045,openfacts
0865329000052,openfacts
0865330000317,openfacts
0865330000324,openfacts
0865330000348,openfacts
0865333000116,openfacts
0865333000123,openfacts
0865333000130,openfacts
0865333000147,openfacts
0865336000014,openfacts
0865336000021,openfacts
0865336000038,openfacts
0865336000045,openfacts
0865336000052,openfacts
0865336000069,openfacts
0865336000083,openfacts
0865342000466,openfacts
0865345000074,openfacts
0865345000081,openfacts
0865347000171,openfacts
0865347000188,openfacts
0865347000195,openfacts
0865356000117,openfacts
0865357000109,openfacts
0865357000123,openfacts
0865363000100,openfacts
0865363000124,openfacts
0865367000021,openfacts
0865367000069,openfacts
0865367000212,openfacts
0865367000229,openfacts
0865372000009,openfacts
0865372000030,openfacts
0865372000047,openfacts
0865372000207,openfacts
0865372000214,openfacts
0865372000221,openfacts
0865372044430,openfacts
0865372684445,openfacts
0865376000203,openfacts
0865376000234,openfacts
0865376000241,openfacts
0865384000011,openfacts
0865387658509,openfacts
0865390000104,openfacts
0865390000173,openfacts
0865393000101,openfacts
0865393503237,openfacts
0865398000007,openfacts
0865398000021,openfacts
0865401000109,openfacts
0865401000161,openfacts
0865401000185,openfacts
0865404000038,openfacts
0865405000068,openfacts
0865405000075,openfacts
0865405000082,openfacts
0865405000099,openfacts
0865406000319,openfacts
0865410047089,openfacts
0865420000104,openfacts
0865420000111,openfacts
0865420000128,openfacts
0865420000135,openfacts
0865428000205,openfacts
0865428000236,openfacts
0865443000303,openfacts
0865443000341,openfacts
0865443000358,openfacts
0865443000396,openfacts
0865446000454,openfacts
0865447000026,openfacts
0865447000033,openfacts
0865447000125,openfacts
0865458000015,openfacts
0865458000121,openfacts
0865458000138,openfacts
0865458000145,openfacts
0865458000152,openfacts
0865458000169,openfacts
0865458000176,openfacts
0865458000183,openfacts
0865468000326,openfacts
0865473000205,openfacts
0865476000226,openfacts
0865476000264,openfacts
0865479000117,openfacts
0865479000148,openfacts
0865479000162,openfacts
0865479000322,openfacts
0865485000101,openfacts
0865486000414,openfacts
0865494000109,openfacts
0865494000116,openfacts
0865494000147,openfacts
0865497000007,openfacts
0865497000014,openfacts
0865497000021,openfacts
0865497000038,openfacts
0865497000052,openfacts
0865497000069,openfacts
0865497000076,openfacts
0865497000090,openfacts
0865501000177,openfacts
0865504000006,openfacts
0865504000235,openfacts
0865507000201,openfacts
0865507000218,openfacts
0865507000225,openfacts
0865517000314,openfacts
0865521000201,openfacts
0865524000000,openfacts
0865524000062,openfacts
0865526000015,openfacts
0865526000022,openfacts
0865526000039,openfacts
0865526000046,openfacts
0865531000000,openfacts
0865531000017,openfacts
0865531000024,openfacts
0865537000448,openfacts
0865537000455,openfacts
0865537000462,openfacts
0865540000008,openfacts
0865540000015,openfacts
0865543000302,openfacts
0865543000319,openfacts
0865543000333,openfacts
0865543000357,openfacts
0865543000395,openfacts
0865555526630,openfacts
0865568000004,openfacts
0865568000011,openfacts
0865568110604,openfacts
0865572000205,openfacts
0865576000126,openfacts
0865576000140,openfacts
0865576000157,openfacts
0865583000270,openfacts
0865584000309,openfacts
0865586000277,openfacts
0865586000284,openfacts
0865586000291,openfacts
0865590000454,openfacts
0865590000485,openfacts
0865590000492,openfacts
0865592000322,openfacts
0865592000339,openfacts
0865592405837,openfacts
0865600000047,openfacts
0865600000078,openfacts
0865601000220,openfacts
0865601000237,openfacts
0865601000244,openfacts
0865601000268,openfacts
0865601000275,openfacts
0865601000282,openfacts
0865602000014,openfacts
0865603000211,openfacts
0865605000004,openfacts
0865605000011,openfacts
0865607616432,openfacts
0865608000025,openfacts
0865608000100,openfacts
0865608000117,openfacts
0865608000124,openfacts
0865612000103,openfacts
0865612000110,openfacts
0865612000127,openfacts
0865618000015,openfacts
0865618000039,openfacts
0865620000201,openfacts
0865633000007,openfacts
0865633000014,openfacts
0865633000045,openfacts
0865633000069,openfacts
0865633000076,openfacts
0865638000415,openfacts
0865638000453,openfacts
0865638000477,openfacts
0865638000491,openfacts
0865639000353,openfacts
0865640000007,openfacts
0865640000106,openfacts
0865640000205,openfacts
0865640000212,openfacts
0865641000105,openfacts
0865641000167,openfacts
0865644000409,openfacts
0865644000416,openfacts
0865644000423,openfacts
0865644000430,openfacts
0865644000461,openfacts
0865644000478,openfacts
0865644000485,openfacts
0865645000422,openfacts
0865645000439,openfacts
0865645000446,openfacts
0865645000460,openfacts
0865648000009,openfacts
0865648000207,openfacts
0865648000214,openfacts
0865648000221,openfacts
0865648000252,openfacts
0865648000269,openfacts
0865648000290,openfacts
0865649000046,openfacts
0865650000400,openfacts
0865658000006,openfacts
0865658000013,openfacts
0865658000037,openfacts
0865658000051,openfacts
0865658000068,openfacts
0865658000075,openfacts
0865659000234,openfacts
0865659000241,openfacts
0865659000258,openfacts
0865665000006,openfacts
0865665000013,openfacts
0865665000020,openfacts
0865665000037,openfacts
0865665000044,openfacts
0865665000051,openfacts
0865665000280,openfacts
0865667000301,openfacts
0865667000318,openfacts
0865667000349,openfacts
0865667000356,openfacts
0865667000363,openfacts
0865667000387,openfacts
0865669000415,openfacts
0865678000291,openfacts
0865678000352,openfacts
0865681000455,openfacts
0865681000493,openfacts
0865687000206,openfacts
0865689000228,openfacts
0865702000365,openfacts
0865703000210,openfacts
0865703000227,openfacts
0865708000024,openfacts
0865708000048,openfacts
0865708000086,openfacts
0865713000019,openfacts
0865719000105,openfacts
0865720000118,openfacts
0865720000149,openfacts
0865721000247,openfacts
0865723000108,openfacts
0865723000405,openfacts
0865723000412,openfacts
0865723000429,openfacts
0865729000409,openfacts
0865730000009,openfacts
0865730000023,openfacts
0865730000054,openfacts
0865731000169,openfacts
0865731000176,openfacts
0865734000241,openfacts
0865736000423,openfacts
0865743000300,openfacts
0865743000348,openfacts
0865743000362,openfacts
0865743000386,openfacts
0865743000393,openfacts
0865744000200,openfacts
0865744000255,openfacts
0865744000279,openfacts
0865753000130,openfacts
0865753000147,openfacts
0865753000154,openfacts
0865753000161,openfacts
0865753000192,openfacts
0865753000437,openfacts
0865758000036,openfacts
0865758000050,openfacts
0865758000081,openfacts
0865776000476,openfacts
0865778000139,openfacts
0865781000003,openfacts
0865781000010,openfacts
0865783000209,openfacts
0865783000223,openfacts
0865785000405,openfacts
0865785000412,openfacts
0865786000015,openfacts
0865787000007,openfacts
0865787000069,openfacts
0865789000005,openfacts
0865790000230,openfacts
0865791000246,openfacts
0865791000406,openfacts
0865791000451,openfacts
0865796000388,openfacts
0865797000004,openfacts
0865797000011,openfacts
0865797000028,openfacts
0865797000059,openfacts
0865797000066,openfacts
0865797000400,openfacts
0865797000417,openfacts
0865798090059,openfacts
0865800000250,openfacts
0865808000016,openfacts
0865808000085,openfacts
0865809000480,openfacts
0865810011376,openfacts
0865810108816,openfacts
0865816000107,openfacts
0865816000121,openfacts
0865816000138,openfacts
0865816000145,openfacts
0865816000176,openfacts
0865817000007,openfacts
0865834000004,openfacts
0865834000011,openfacts
0865834000028,openfacts
0865835000058,openfacts
0865835000300,openfacts
0865843000309,openfacts
0865854000176,openfacts
0865859000119,openfacts
0865859000126,openfacts
0865859000133,openfacts
0865863000136,openfacts
0865863000143,openfacts
0865863000150,openfacts
0865866000218,openfacts
0865868000315,openfacts
0865868000322,openfacts
0865868000339,openfacts
0865868000407,openfacts
0865868000414,openfacts
0865868000483,openfacts
0865869000031,openfacts
0865873000270,openfacts
0865874000101,openfacts
0865874000279,openfacts
0865878000046,openfacts
0865878000084,openfacts
0865878000091,openfacts
0865881000026,openfacts
0865881000200,openfacts
0865881000248,openfacts
0865886000212,openfacts
0865889000004,openfacts
0865889023911,openfacts
0865891000108,openfacts
0865891000115,openfacts
0865891000122,openfacts
0865891000139,openfacts
0865891000146,openfacts
0865891000153,openfacts
0865891000160,openfacts
0865891000184,openfacts
0865891000191,openfacts
0865891097146,openfacts
0865909000359,openfacts
0865914000214,openfacts
0865914000238,openfacts
0865917000440,openfacts
0865918000111,openfacts
0865918000128,openfacts
0865918000173,openfacts
0865919000110,openfacts
0865919000134,openfacts
0865919000141,openfacts
0865919000318,openfacts
0865919000356,openfacts
0865920000208,openfacts
0865920000246,openfacts
0865921000108,openfacts
0865922000213,openfacts
0865923000007,openfacts
0865923000014,openfacts
0865933000417,openfacts
0865937000109,openfacts
0865937000116,openfacts
0865937000130,openfacts
0865937000147,openfacts
0865937000185,openfacts
0865943000308,openfacts
0865945000405,openfacts
0865945000412,openfacts
0865945000436,openfacts
0865945000481,openfacts
0865945000504,openfacts
0865945000528,openfacts
0865945000573,openfacts
0865951000314,openfacts
0865951000369,openfacts
0865956000005,openfacts
0865957000004,openfacts
0865957000011,openfacts
0865957000028,openfacts
0865957000042,openfacts
0865957000080,openfacts
0865957000103,openfacts
0865957000165,openfacts
0865964000257,openfacts
0865965000201,openfacts
0865965000218,openfacts
0865973000408,openfacts
0865973000422,openfacts
0865973000477,openfacts
0865973000484,openfacts
0865975000116,openfacts
0865975000154,openfacts
0865979000105,openfacts
0865979000112,openfacts
0865979000129,openfacts
0865979000143,openfacts
0865980000460,openfacts
0865984000213,openfacts
0865984000220,openfacts
0865985000403,openfacts
0865985000434,openfacts
0865995000011,openfacts
0865995000035,openfacts
0865995000042,openfacts
0865995000066,openfacts
0865995000073,openfacts
0865995000080,openfacts
0865995000097,openfacts
0865998000308,openfacts
0865998000353,openfacts
0865998000384,openfacts
0866000000200,openfacts
0866000000217,openfacts
0866003000306,openfacts
0866003000313,openfacts
0866003000337,openfacts
0866003000351,openfacts
0866003000368,openfacts
0866003000375,openfacts
0866008000417,openfacts
0866016000003,openfacts
0866016000010,openfacts
0866016000058,openfacts
0866016000072,openfacts
0866016000119,openfacts
0866018000278,openfacts
0866018000285,openfacts
0866019000215,openfacts
0866019000284,openfacts
0866020000136,openfacts
0866020000143,openfacts
0866020000167,openfacts
0866020000174,openfacts
0866020000198,openfacts
0866022000066,openfacts
0866024000101,openfacts
0866036000205,openfacts
0866036000236,openfacts
0866039000356,openfacts
0866039000363,openfacts
0866041000009,openfacts
0866043230107,openfacts
0866047000225,openfacts
0866050000151,openfacts
0866052007820,openfacts
0866054000300,openfacts
0866056000001,openfacts
0866056000018,openfacts
0866056000025,openfacts
0866056000087,openfacts
0866056020009,openfacts
0866062000460,openfacts
0866064000406,openfacts
0866064000420,openfacts
0866064000468,openfacts
0866065000207,openfacts
0866065000306,openfacts
0866067000038,openfacts
0866068000105,openfacts
0866070000117,openfacts
0866070000124,openfacts
0866070000155,openfacts
0866079000101,openfacts
0866079000118,openfacts
0866079000125,openfacts
0866079000132,openfacts
0866079000194,openfacts
0866083000449,openfacts
0866087000100,openfacts
0866087000117,openfacts
0866087000124,openfacts
0866090000104,openfacts
0866090000128,openfacts
0866090000135,openfacts
0866090000142,openfacts
0866090000173,openfacts
0866090000180,openfacts
0866105000006,openfacts
0866105000075,openfacts
0866106000432,openfacts
0866106000449,openfacts
0866106000456,openfacts
0866106000463,openfacts
0866106000470,openfacts
0866106000487,openfacts
0866106000494,openfacts
0866108000102,openfacts
0866112271512,openfacts
0866114104504,openfacts
0866150000006,openfacts
0866150000327,openfacts
0866150000334,openfacts
0866150000372,openfacts
0866153000300,openfacts
0866153000317,openfacts
0866166000038,openfacts
0866175000326,openfacts
0866175000371,openfacts
0866175000388,openfacts
0866175000395,openfacts
0866176000011,openfacts
0866192000101,openfacts
0866192000132,openfacts
0866192000170,openfacts
0866197000243,openfacts
0866205000005,openfacts
0866205000029,openfacts
0866206000103,openfacts
0866206000110,openfacts
0866206000127,openfacts
0866206000202,openfacts
0866206000226,openfacts
0866206000233,openfacts
0866206000240,openfacts
0866207000003,openfacts
0866207000027,openfacts
0866212000005,openfacts
0866212000029,openfacts
0866212000036,openfacts
0866212000081,openfacts
0866212000098,openfacts
0866212000418,openfacts
0866212000432,openfacts
0866214000393,openfacts
0866218000344,openfacts
0866218000351,openfacts
0866218000368,openfacts
0866220000004,openfacts
0866232000016,openfacts
0866232000061,openfacts
0866232000078,openfacts
0866232000085,openfacts
0866233000404,openfacts
0866234000137,openfacts
0866234000151,openfacts
0866234000175,openfacts
0866235000112,openfacts
0866235000129,openfacts
0866235000136,openfacts
0866241001158,openfacts
0866252000027,openfacts
0866252000201,openfacts
0866252000218,openfacts
0866252000225,openfacts
0866252000232,openfacts
0866252000256,openfacts
0866252000263,openfacts
0866252000270,openfacts
0866252000287,openfacts
0866252000294,openfacts
0866255000024,openfacts
0866258000229,openfacts
0866259000419,openfacts
0866263000009,openfacts
0866263000023,openfacts
0866263000030,openfacts
0866263000092,openfacts
0866267000135,openfacts
0866267000142,openfacts
0866267000159,openfacts
0866267000180,openfacts
0866285000407,openfacts
0866285000414,openfacts
0866285000421,openfacts
0866289186848,openfacts
0866292000407,openfacts
0866292000414,openfacts
0866292000421,openfacts
0866292000483,openfacts
0866294000122,openfacts
0866295000305,openfacts
0866303210238,openfacts
0866304446339,openfacts
0866310000273,openfacts
0866314000408,openfacts
0866314000415,openfacts
0866314000422,openfacts
0866314000460,openfacts
0866317000078,openfacts
0866323000376,openfacts
0866327000228,openfacts
0866329000011,openfacts
0866329000028,openfacts
0866329000035,openfacts
0866329000066,openfacts
0866329000080,openfacts
0866329000097,openfacts
0866332000107,openfacts
0866332000152,openfacts
0866332000206,openfacts
0866336000004,openfacts
0866336000011,openfacts
0866336000417,openfacts
0866336000424,openfacts
0866336000455,openfacts
0866336000486,openfacts
0866336000493,openfacts
0866342000401,openfacts
0866342000425,openfacts
0866342000432,openfacts
0866342000449,openfacts
0866342000463,openfacts
0866342000470,openfacts
0866346600461,openfacts
0866350000028,openfacts
0866351000324,openfacts
0866355000146,openfacts
0866356000367,openfacts
0866359000401,openfacts
0866359000425,openfacts
0866359000432,openfacts
0866359000449,openfacts
0866359000470,openfacts
0866363000237,openfacts
0866363000299,openfacts
0866363696966,openfacts
0866371000052,openfacts
0866371000083,openfacts
0866374000455,openfacts
0866374000462,openfacts
0866374000479,openfacts
0866375000300,openfacts
0866386000405,openfacts
0866386000474,openfacts
0866394000466,openfacts
0866396000204,openfacts
0866397000227,openfacts
0866397000302,openfacts
0866397000319,openfacts
0866405295867,openfacts
0866411000004,openfacts
0866411000028,openfacts
0866411000035,openfacts
0866411000059,openfacts
0866416000221,openfacts
0866418000311,openfacts
0866418000335,openfacts
0866418000342,openfacts
0866418000359,openfacts
0866418000366,openfacts
0866420000217,openfacts
0866420000262,openfacts
0866420000286,openfacts
0866420872913,openfacts
0866423000320,openfacts
0866423000351,openfacts
0866425000106,openfacts
0866425000113,openfacts
0866430000238,openfacts
0866430000276,openfacts
0866430000290,openfacts
0866430302813,openfacts
0866438000414,openfacts
0866438000421,openfacts
0866438000452,openfacts
0866443000102,openfacts
0866443000119,openfacts
0866443000126,openfacts
0866443004766,openfacts
0866443885044,openfacts
0866449000106,openfacts
0866449000113,openfacts
0866449000120,openfacts
0866449000182,openfacts
0866453000000,openfacts
0866453000024,openfacts
0866453000031,openfacts
0866453000048,openfacts
0866453000062,openfacts
0866455000107,openfacts
0866457000402,openfacts
0866457000464,openfacts
0866457000488,openfacts
0866460102339,openfacts
0866464000105,openfacts
0866464000129,openfacts
0866464000136,openfacts
0866469000100,openfacts
0866469000117,openfacts
0866469000148,openfacts
0866469000162,openfacts
0866469000179,openfacts
0866469000193,openfacts
0866469003163,openfacts
0866469003866,openfacts
0866469003897,openfacts
0866469003996,openfacts
0866469004016,openfacts
0866469004276,openfacts
0866469004399,openfacts
0866469013056,openfacts
0866469014497,openfacts
0866469014589,openfacts
0866469105072,openfacts
0866469114234,openfacts
0866469114579,openfacts
0866470000212,openfacts
0866471000105,openfacts
0866471000112,openfacts
0866473222468,openfacts
0866473222475,openfacts
0866481000065,openfacts
0866484000055,openfacts
0866486000015,openfacts
0866490001312,openfacts
0866491000017,openfacts
0866491000024,openfacts
0866491000048,openfacts
0866491000055,openfacts
0866491000062,openfacts
0866491000093,openfacts
0866492000108,openfacts
0866492000115,openfacts
0866492000122,openfacts
0866492000153,openfacts
0866496000005,openfacts
0866496004621,openfacts
0866498000003,openfacts
0866498000010,openfacts
0866501000211,openfacts
0866501000235,openfacts
0866501000259,openfacts
0866501000273,openfacts
0866504000010,openfacts
0866515000375,openfacts
0866520000322,openfacts
0866520000360,openfacts
0866523000138,openfacts
0866523000183,openfacts
0866530000107,openfacts
0866530000114,openfacts
0866530000145,openfacts
0866530000176,openfacts
0866531000311,openfacts
0866531000373,openfacts
0866535000317,openfacts
0866535000331,openfacts
0866542000102,openfacts
0866543000002,openfacts
0866545000406,openfacts
0866545000413,openfacts
0866545000420,openfacts
0866545000499,openfacts
0866546000047,openfacts
0866551000018,openfacts
0866558000004,openfacts
0866559600586,openfacts
0866570000471,openfacts
0866571000289,openfacts
0866577312386,openfacts
0866585333984,openfacts
0866587000211,openfacts
0866587000235,openfacts
0866587000266,openfacts
0866589000233,openfacts
0866590000116,openfacts
0866590000130,openfacts
0866596700027,openfacts
0866600000006,openfacts
0866600000037,openfacts
0866616000403,openfacts
0866616000427,openfacts
0866616000434,openfacts
0866630140024,openfacts
0866630140031,openfacts
0866630140048,openfacts
0866631000204,openfacts
0866631000228,openfacts
0866631000235,openfacts
0866631000242,openfacts
0866631000259,openfacts
0866631000266,openfacts
0866632451227,openfacts
0866634615733,openfacts
0866641370687,openfacts
0866644000000,openfacts
0866649000456,openfacts
0866649010936,openfacts
0866651000185,openfacts
0866656000180,openfacts
0866658000102,openfacts
0866660000305,openfacts
0866660000329,openfacts
0866660000343,openfacts
0866660301457,openfacts
0866660766560,openfacts
0866660912202,openfacts
0866662000105,openfacts
0866664300678,openfacts
0866665000188,openfacts
0866665000195,openfacts
0866666000309,openfacts
0866666555540,openfacts
0866668004480,openfacts
0866672000423,openfacts
0866672000478,openfacts
0866674000100,openfacts
0866675000109,openfacts
0866675000116,openfacts
0866675000123,openfacts
0866675000130,openfacts
0866675000147,openfacts
0866675000154,openfacts
0866675000185,openfacts
0866678000311,openfacts
0866682000413,openfacts
0866703000002,openfacts
0866703000019,openfacts
0866703000026,openfacts
0866703000033,openfacts
0866703000064,openfacts
0866704000438,openfacts
0866704000490,openfacts
0866712000000,openfacts
0866712000017,openfacts
0866712000031,openfacts
0866712000062,openfacts
0866712000086,openfacts
0866712000093,openfacts
0866719000003,openfacts
0866719000010,openfacts
0866719000027,openfacts
0866720000238,openfacts
0866721000305,openfacts
0866721000312,openfacts
0866721000336,openfacts
0866731000067,openfacts
0866738000039,openfacts
0866749000103,openfacts
0866750601900,openfacts
0866754000204,openfacts
0866763000004,openfacts
0866763000011,openfacts
0866763000042,openfacts
0866763000080,openfacts
0866763000097,openfacts
0866763000301,openfacts
0866763000325,openfacts
0866763000349,openfacts
0866763000363,openfacts
0866764003165,openfacts
0866778000228,openfacts
0866779000302,openfacts
0866779000333,openfacts
0866779000340,openfacts
0866779000357,openfacts
0866779000364,openfacts
0866779000371,openfacts
0866779000388,openfacts
0866779000395,openfacts
0866787000004,openfacts
0866787000011,openfacts
0866787000028,openfacts
0866787000035,openfacts
0866787000042,openfacts
0866787000059,openfacts
0866787000073,openfacts
0866797000117,openfacts
0866797000124,openfacts
0866802000217,openfacts
0866818000133,openfacts
0866818000140,openfacts
0866830000104,openfacts
0866830000111,openfacts
0866830000128,openfacts
0866830000135,openfacts
0866830000142,openfacts
0866838000038,openfacts
0866838000076,openfacts
0866838000090,openfacts
0866839000402,openfacts
0866839000419,openfacts
0866839000426,openfacts
0866839000433,openfacts
0866839000440,openfacts
0866839000457,openfacts
0866839000464,openfacts
0866839000471,openfacts
0866839000495,openfacts
0866845000007,openfacts
0866845000014,openfacts
0866845000021,openfacts
0866848000103,openfacts
0866848000455,openfacts
0866850000047,openfacts
0866851000268,openfacts
0866859000109,openfacts
0866864000415,openfacts
0866870264726,openfacts
0866871000361,openfacts
0866871000392,openfacts
0866878000401,openfacts
0866878000418,openfacts
0866882000008,openfacts
0866885000012,openfacts
0866885000210,openfacts
0866885000227,openfacts
0866887000102,openfacts
0866887000133,openfacts
0866890000106,openfacts
0866890000113,openfacts
0866890000120,openfacts
0866891000310,openfacts
0866891000327,openfacts
0866892000036,openfacts
0866894000300,openfacts
0866894000317,openfacts
0866894000324,openfacts
0866894000331,openfacts
0866905000329,openfacts
0866908042531,openfacts
0866910330206,openfacts
0866911000030,openfacts
0866912000022,openfacts
0866913000205,openfacts
0866913000212,openfacts
0866913000229,openfacts
0866913000274,openfacts
0866913000281,openfacts
0866915000326,openfacts
0866920000007,openfacts
0866920000014,openfacts
0866920000021,openfacts
0866921000006,openfacts
0866921000020,openfacts
0866921000037,openfacts
0866922000302,openfacts
0866923000400,openfacts
0866929000343,openfacts
0866933000087,openfacts
0866938000006,openfacts
0866938000013,openfacts
0866938000020,openfacts
0866938000044,openfacts
0866938000068,openfacts
0866939000302,openfacts
0866939000319,openfacts
0866939000340,openfacts
0866945000020,openfacts
0866945000075,openfacts
0866945000082,openfacts
0866945000099,openfacts
0866946000104,openfacts
0866958000406,openfacts
0866958000413,openfacts
0866958000420,openfacts
0866958000437,openfacts
0866958000444,openfacts
0866958000451,openfacts
0866958000475,openfacts
0866958000482,openfacts
0866958000499,openfacts
0866963000101,openfacts
0866963000118,openfacts
0866963000125,openfacts
0866963000163,openfacts
0866963000170,openfacts
0866964000414,openfacts
0866964000438,openfacts
0866964000445,openfacts
0866971000209,openfacts
0866971000216,openfacts
0866971000223,openfacts
0866971000230,openfacts
0866971000247,openfacts
0866971000261,openfacts
0866971000278,openfacts
0866971000292,openfacts
0866971000407,openfacts
0866971000445,openfacts
0866974000206,openfacts
0866978000264,openfacts
0866978970772,openfacts
0866979000348,openfacts
0866981000435,openfacts
0866981000442,openfacts
0866981000466,openfacts
0866981000473,openfacts
0866981000480,openfacts
0866983000037,openfacts
0866983000051,openfacts
0866993000416,openfacts
0866993000447,openfacts
0866994000101,openfacts
0866994000118,openfacts
0866994000125,openfacts
0866994000132,openfacts
0866994000149,openfacts
0866994000156,openfacts
0866994000163,openfacts
0867009412100,openfacts
0867013000010,openfacts
0867013000041,openfacts
0867013015137,openfacts
0867016000024,openfacts
0867016000031,openfacts
0867029000004,openfacts
0867030000000,openfacts
0867030000017,openfacts
0867030000024,openfacts
0867032001739,openfacts
0867032002439,openfacts
0867032002453,openfacts
0867032002538,openfacts
0867032003412,openfacts
0867032003498,openfacts
0867032003528,openfacts
0867032003931,openfacts
0867044000041,openfacts
0867044000102,openfacts
0867044000126,openfacts
0867044000133,openfacts
0867044000157,openfacts
0867044000201,openfacts
0867048090086,openfacts
0867051000003,openfacts
0867051000010,openfacts
0867051000096,openfacts
0867051000423,openfacts
0867051000430,openfacts
0867051000478,openfacts
0867051000485,openfacts
0867051000492,openfacts
0867056000015,openfacts
0867056000022,openfacts
0867056000039,openfacts
0867061000208,openfacts
0867061000215,openfacts
0867061000222,openfacts
0867061000253,openfacts
0867064992838,openfacts
0867066300068,openfacts
0867077000018,openfacts
0867079000382,openfacts
0867082000416,openfacts
0867084000407,openfacts
0867084000421,openfacts
0867084000438,openfacts
0867084000469,openfacts
0867084954373,openfacts
0867099000218,openfacts
0867099000232,openfacts
0867103000104,openfacts
0867105000300,openfacts
0867106000200,openfacts
0867110000241,openfacts
0867126000402,openfacts
0867126000419,openfacts
0867126000433,openfacts
0867130000108,openfacts
0867130000139,openfacts
0867130000177,openfacts
0867133000273,openfacts
0867137000095,openfacts
0867139000215,openfacts
0867139000222,openfacts
0867142000202,openfacts
0867155000206,openfacts
0867155000244,openfacts
0867155000268,openfacts
0867159000202,openfacts
0867159000219,openfacts
0867159000226,openfacts
0867159000240,openfacts
0867159000257,openfacts
0867159000264,openfacts
0867160000208,openfacts
0867160000215,openfacts
0867160000239,openfacts
0867164000204,openfacts
0867165000036,openfacts
0867165000043,openfacts
0867165000050,openfacts
0867165000067,openfacts
0867165000098,openfacts
0867169000100,openfacts
0867169000117,openfacts
0867169000148,openfacts
0867169000162,openfacts
0867169006607,openfacts
0867170000038,openfacts
0867170000205,openfacts
0867170000212,openfacts
0867170000229,openfacts
0867176778733,openfacts
0867182000255,openfacts
0867183000247,openfacts
0867184000062,openfacts
0867186000206,openfacts
0867186000213,openfacts
0867186000220,openfacts
0867186000244,openfacts
0867187000205,openfacts
0867187000229,openfacts
0867187000236,openfacts
0867188000334,openfacts
0867188000341,openfacts
0867188000358,openfacts
0867188000365,openfacts
0867188000372,openfacts
0867190000407,openfacts
0867191000208,openfacts
0867194000304,openfacts
0867194000311,openfacts
0867194000359,openfacts
0867201000211,openfacts
0867201013037,openfacts
0867201015536,openfacts
0867206000100,openfacts
0867208000009,openfacts
0867208000030,openfacts
0867208000047,openfacts
0867211000287,openfacts
0867213000315,openfacts
0867216000008,openfacts
0867216000015,openfacts
0867216000077,openfacts
0867216000084,openfacts
0867221000314,openfacts
0867225000419,openfacts
0867226000340,openfacts
0867226000364,openfacts
0867226000388,openfacts
0867230000008,openfacts
0867230000022,openfacts
0867230000046,openfacts
0867230000053,openfacts
0867231000311,openfacts
0867231000328,openfacts
0867232000204,openfacts
0867232000211,openfacts
0867238000000,openfacts
0867238000017,openfacts
0867238000031,openfacts
0867240006359,openfacts
0867245000307,openfacts
0867245000314,openfacts
0867245000352,openfacts
0867246000306,openfacts
0867248000205,openfacts
0867248000212,openfacts
0867254000305,openfacts
0867254000329,openfacts
0867262000007,openfacts
0867263000006,openfacts
0867266000409,openfacts
0867267000101,openfacts
0867267000118,openfacts
0867267000149,openfacts
0867280000218,openfacts
0867297000003,openfacts
0867297000140,openfacts
0867297000157,openfacts
0867297000171,openfacts
0867299000308,openfacts
0867300201465,openfacts
0867307000115,openfacts
0867307000122,openfacts
0867307000139,openfacts
0867307000153,openfacts
0867308000305,openfacts
0867322000435,openfacts
0867322000442,openfacts
0867322000459,openfacts
0867322000497,openfacts
0867324637035,openfacts
0867326000202,openfacts
0867327000003,openfacts
0867327000010,openfacts
0867327000232,openfacts
0867331001010,openfacts
0867332000425,openfacts
0867332000432,openfacts
0867332000463,openfacts
0867334000089,openfacts
0867334000270,openfacts
0867337000468,openfacts
0867337000482,openfacts
0867342000309,openfacts
0867342000316,openfacts
0867342000323,openfacts
0867342000378,openfacts
0867350000001,openfacts
0867350000018,openfacts
0867350000025,openfacts
0867350000032,openfacts
0867353000305,openfacts
0867356000302,openfacts
0867357000417,openfacts
0867363000104,openfacts
0867363000111,openfacts
0867365000003,openfacts
0867365000027,openfacts
0867365000041,openfacts
0867365000065,openfacts
0867365000089,openfacts
0867366000293,openfacts
0867372000003,openfacts
0867372000010,openfacts
0867378000045,openfacts
0867378000076,openfacts
0867378000083,openfacts
0867385000007,openfacts
0867393000006,openfacts
0867393000013,openfacts
0867393000037,openfacts
0867400000210,openfacts
0867400000265,openfacts
0867402000058,openfacts
0867402000072,openfacts
0867402000096,openfacts
0867404000100,openfacts
0867404000117,openfacts
0867404000124,openfacts
0867404000148,openfacts
0867404000155,openfacts
0867404000186,openfacts
0867405302036,openfacts
0867415000403,openfacts
0867415000427,openfacts
0867416300922,openfacts
0867420000009,openfacts
0867420000016,openfacts
0867420000030,openfacts
0867420000047,openfacts
0867420000092,openfacts
0867435000001,openfacts
0867436000413,openfacts
0867436000437,openfacts
0867436000444,openfacts
0867436000451,openfacts
0867436000468,openfacts
0867436000482,openfacts
0867440000102,openfacts
0867450000307,openfacts
0867462000012,openfacts
0867462000029,openfacts
0867462000036,openfacts
0867463000400,openfacts
0867466000032,openfacts
0867466000063,openfacts
0867466000070,openfacts
0867466000087,openfacts
0867466000094,openfacts
0867467000413,openfacts
0867467000420,openfacts
0867467000437,openfacts
0867467000444,openfacts
0867467000468,openfacts
0867469000411,openfacts
0867469000428,openfacts
0867471000102,openfacts
0867471000119,openfacts
0867471000126,openfacts
0867472000149,openfacts
0867473000223,openfacts
0867473000230,openfacts
0867481000109,openfacts
0867481000116,openfacts
0867481000123,openfacts
0867481000147,openfacts
0867481000161,openfacts
0867488000300,openfacts
0867490161426,openfacts
0867491000038,openfacts
0867495000027,openfacts
0867495000034,openfacts
0867495000058,openfacts
0867501000171,openfacts
0867503000407,openfacts
0867503000414,openfacts
0867503000421,openfacts
0867508000105,openfacts
0867510000100,openfacts
0867510000117,openfacts
0867510000124,openfacts
0867510000148,openfacts
0867513000022,openfacts
0867513000282,openfacts
0867517000301,openfacts
0867518000003,openfacts
0867518000010,openfacts
0867518000027,openfacts
0867518000041,openfacts
0867518000065,openfacts
0867518000096,openfacts
0867526000309,openfacts
0867526000316,openfacts
0867526000323,openfacts
0867526000330,openfacts
0867526000347,openfacts
0867526000354,openfacts
0867526000361,openfacts
0867526000378,openfacts
0867526000385,openfacts
0867526000392,openfacts
0867526000484,openfacts
0867526000613,openfacts
0867526017307,openfacts
0867526017314,openfacts
0867526017321,openfacts
0867526017338,openfacts
0867526017345,openfacts
0867526017352,openfacts
0867526017369,openfacts
0867526017376,openfacts
0867526017383,openfacts
0867526017390,openfacts
0867526017420,openfacts
0867526017437,openfacts
0867526017536,openfacts
0867526017543,openfacts
0867526017567,openfacts
0867526017611,openfacts
0867528000208,openfacts
0867528000215,openfacts
0867528000222,openfacts
0867528000246,openfacts
0867528000253,openfacts
0867535000109,openfacts
0867542000475,openfacts
0867544000114,openfacts
0867544000121,openfacts
0867544000138,openfacts
0867565000384,openfacts
0867573000208,openfacts
0867573000215,openfacts
0867573000253,openfacts
0867573000260,openfacts
0867575000114,openfacts
0867575000121,openfacts
0867575000138,openfacts
0867575000145,openfacts
0867575000152,openfacts
0867575000169,openfacts
0867575000176,openfacts
0867575000183,openfacts
0867590000083,openfacts
0867590000106,openfacts
0867590000120,openfacts
0867590000137,openfacts
0867593377557,openfacts
0867595000101,openfacts
0867596000339,openfacts
0867596000360,openfacts
0867600000485,openfacts
0867606000106,openfacts
0867606000113,openfacts
0867606000120,openfacts
0867606000137,openfacts
0867606369715,openfacts
0867606369753,openfacts
0867607000433,openfacts
0867608000142,openfacts
0867611000252,openfacts
0867615000104,openfacts
0867615000142,openfacts
0867615000159,openfacts
0867615000173,openfacts
0867615000197,openfacts
0867624000201,openfacts
0867624000218,openfacts
0867624000225,openfacts
0867624000232,openfacts
0867624000249,openfacts
0867631000119,openfacts
0867636000015,openfacts
0867643000411,openfacts
0867643000428,openfacts
0867643000466,openfacts
0867657000001,openfacts
0867657000018,openfacts
0867657000056,openfacts
0867657000063,openfacts
0867657000070,openfacts
0867657000087,openfacts
0867657000094,openfacts
0867657000407,openfacts
0867657000414,openfacts
0867657000469,openfacts
0867657000490,openfacts
0867666000269,openfacts
0867669000303,openfacts
0867671000001,openfacts
0867671000018,openfacts
0867677000227,openfacts
0867684000401,openfacts
0867684000418,openfacts
0867684000425,openfacts
0867684000463,openfacts
0867684000487,openfacts
0867687000248,openfacts
0867687000255,openfacts
0867687000286,openfacts
0867689000437,openfacts
0867689000482,openfacts
0867689000499,openfacts
0867690000006,openfacts
0867690000013,openfacts
0867690000020,openfacts
0867692000127,openfacts
0867693000201,openfacts
0867693000249,openfacts
0867693000263,openfacts
0867693000294,openfacts
0867701000148,openfacts
0867701000155,openfacts
0867701000162,openfacts
0867701000179,openfacts
0867701000193,openfacts
0867702000239,openfacts
0867708000202,openfacts
0867720000105,openfacts
0867720000112,openfacts
0867720000167,openfacts
0867722000288,openfacts
0867724000118,openfacts
0867729000311,openfacts
0867729000328,openfacts
0867730000102,openfacts
0867730000188,openfacts
0867732000308,openfacts
0867732000315,openfacts
0867732000322,openfacts
0867732000346,openfacts
0867732000384,openfacts
0867735265964,openfacts
0867738000203,openfacts
0867738000210,openfacts
0867739000004,openfacts
0867739000011,openfacts
0867739000103,openfacts
0867739000110,openfacts
0867740000109,openfacts
0867740000116,openfacts
0867741000276,openfacts
0867741000283,openfacts
0867741000290,openfacts
0867742000107,openfacts
0867742000145,openfacts
0867744000211,openfacts
0867744000228,openfacts
0867744000235,openfacts
0867744000242,openfacts
0867749000155,openfacts
0867754000003,openfacts
0867760000103,openfacts
0867760000134,openfacts
0867760000141,openfacts
0867760000158,openfacts
0867760000165,openfacts
0867760000172,openfacts
0867760000189,openfacts
0867769000319,openfacts
0867778950926,openfacts
0867780000206,openfacts
0867780000282,openfacts
0867780000480,openfacts
0867785000010,openfacts
0867785000034,openfacts
0867788000000,openfacts
0867788000055,openfacts
0867788000062,openfacts
0867801000109,openfacts
0867801000130,openfacts
0867811000106,openfacts
0867811000113,openfacts
0867815000270,openfacts
0867817000001,openfacts
0867817000025,openfacts
0867818000307,openfacts
0867818000321,openfacts
0867818000352,openfacts
0867818000369,openfacts
0867822000218,openfacts
0867822000249,openfacts
0867822000256,openfacts
0867824000001,openfacts
0867824000018,openfacts
0867827000046,openfacts
0867829000389,openfacts
0867830000231,openfacts
0867832000239,openfacts
0867832000246,openfacts
0867832000284,openfacts
0867839000331,openfacts
0867841000312,openfacts
0867842000205,openfacts
0867842000229,openfacts
0867842000236,openfacts
0867842000243,openfacts
0867842000250,openfacts
0867842000267,openfacts
0867842000274,openfacts
0867847000002,openfacts
0867847000019,openfacts
0867847000026,openfacts
0867847000033,openfacts
0867847000040,openfacts
0867847000057,openfacts
0867847000064,openfacts
0867847000071,openfacts
0867847000088,openfacts
0867854000224,openfacts
0867854000309,openfacts
0867854000316,openfacts
0867854000330,openfacts
0867854000347,openfacts
0867857000306,openfacts
0867858000114,openfacts
0867873000007,openfacts
0867873000014,openfacts
0867873000021,openfacts
0867873000038,openfacts
0867873000045,openfacts
0867873000052,openfacts
0867876000301,openfacts
0867885000309,openfacts
0867885000316,openfacts
0867885000347,openfacts
0867905000005,openfacts
0867905000012,openfacts
0867905000043,openfacts
0867905000067,openfacts
0867905000074,openfacts
0867905000081,openfacts
0867905000098,openfacts
0867905444434,openfacts
0867905444441,openfacts
0867907000102,openfacts
0867907000126,openfacts
0867907000188,openfacts
0867921000409,openfacts
0867921000416,openfacts
0867921000423,openfacts
0867923000315,openfacts
0867923000377,openfacts
0867926000046,openfacts
0867928000075,openfacts
0867931000109,openfacts
0867936000104,openfacts
0867936000128,openfacts
0867936000135,openfacts
0867936000142,openfacts
0867936000173,openfacts
0867936000197,openfacts
0867937000301,openfacts
0867937000332,openfacts
0867937000370,openfacts
0867937000387,openfacts
0867937000394,openfacts
0867943000302,openfacts
0867945000201,openfacts
0867949000306,openfacts
0867949000313,openfacts
0867949000320,openfacts
0867949000337,openfacts
0867949000399,openfacts
0867952000119,openfacts
0867952000157,openfacts
0867952000164,openfacts
0867952000188,openfacts
0867953000002,openfacts
0867953000026,openfacts
0867980000143,openfacts
0867984000200,openfacts
0867984000309,openfacts
0867984000323,openfacts
0867984000330,openfacts
0867986000208,openfacts
0867986000222,openfacts
0867986000239,openfacts
0867988000329,openfacts
0867990000225,openfacts
0867997000273,openfacts
0868001529650,openfacts
0868003384226,openfacts
0868006000000,openfacts
0868006000017,openfacts
0868006000024,openfacts
0868007000306,openfacts
0868010000034,openfacts
0868010000072,openfacts
0868012000001,openfacts
0868013896726,openfacts
0868015000305,openfacts
0868015000336,openfacts
0868015000350,openfacts
0868015000381,openfacts
0868015000398,openfacts
0868018000159,openfacts
0868027000034,openfacts
0868030000236,openfacts
0868034000201,openfacts
0868034869365,openfacts
0868038000108,openfacts
0868038000115,openfacts
0868038000177,openfacts
0868042000415,openfacts
0868042000422,openfacts
0868042000439,openfacts
0868042000453,openfacts
0868042000460,openfacts
0868042000477,openfacts
0868042000484,openfacts
0868042000491,openfacts
0868044144445,openfacts
0868046000367,openfacts
0868053000435,openfacts
0868053000459,openfacts
0868053000473,openfacts
0868054000311,openfacts
0868054000328,openfacts
0868055000372,openfacts
0868055000389,openfacts
0868070000401,openfacts
0868070000418,openfacts
0868070000456,openfacts
0868070000463,openfacts
0868071000202,openfacts
0868071000219,openfacts
0868071000233,openfacts
0868071000240,openfacts
0868071000288,openfacts
0868075000307,openfacts
0868075000338,openfacts
0868076000023,openfacts
0868081000155,openfacts
0868085000106,openfacts
0868085000113,openfacts
0868085000120,openfacts
0868085000137,openfacts
0868085000144,openfacts
0868085000151,openfacts
0868085000168,openfacts
0868085000175,openfacts
0868085000182,openfacts
0868089000409,openfacts
0868089000416,openfacts
0868089000423,openfacts
0868089000430,openfacts
0868089000447,openfacts
0868089000485,openfacts
0868089000492,openfacts
0868089000553,openfacts
0868094000104,openfacts
0868094000111,openfacts
0868095000332,openfacts
0868096000034,openfacts
0868096000041,openfacts
0868096000058,openfacts
0868096000089,openfacts
0868096000409,openfacts
0868096000430,openfacts
0868113000337,openfacts
0868113000344,openfacts
0868123467212,openfacts
0868125523336,openfacts
0868128000223,openfacts
0868128000254,openfacts
0868131000234,openfacts
0868131000241,openfacts
0868134000118,openfacts
0868134000125,openfacts
0868134000132,openfacts
0868137000115,openfacts
0868137000139,openfacts
0868137000177,openfacts
0868137000412,openfacts
0868137000450,openfacts
0868138000404,openfacts
0868138000411,openfacts
0868138000428,openfacts
0868138000435,openfacts
0868138000442,openfacts
0868138000466,openfacts
0868139000212,openfacts
0868139000281,openfacts
0868139000298,openfacts
0868140000430,openfacts
0868140000447,openfacts
0868140000454,openfacts
0868140000461,openfacts
0868140000478,openfacts
0868140000485,openfacts
0868140000492,openfacts
0868143000109,openfacts
0868143000116,openfacts
0868145000305,openfacts
0868155000418,openfacts
0868158000118,openfacts
0868163000110,openfacts
0868163000127,openfacts
0868163000134,openfacts
0868163000158,openfacts
0868171000027,openfacts
0868171000034,openfacts
0868171000041,openfacts
0868171000058,openfacts
0868174000406,openfacts
0868174000420,openfacts
0868174000437,openfacts
0868177000113,openfacts
0868177000137,openfacts
0868177000144,openfacts
0868177000151,openfacts
0868182000207,openfacts
0868182000269,openfacts
0868182000290,openfacts
0868183000411,openfacts
0868183000428,openfacts
0868183000435,openfacts
0868190000367,openfacts
0868192000303,openfacts
0868192000310,openfacts
0868192000334,openfacts
0868192000389,openfacts
0868195000423,openfacts
0868196000255,openfacts
0868196000279,openfacts
0868197000209,openfacts
0868199000108,openfacts
0868199000122,openfacts
0868199000139,openfacts
0868199000160,openfacts
0868206000213,openfacts
0868209000449,openfacts
0868210000339,openfacts
0868210000353,openfacts
0868210000360,openfacts
0868212000184,openfacts
0868215756965,openfacts
0868218000102,openfacts
0868221000410,openfacts
0868225000409,openfacts
0868235000000,openfacts
0868235000444,openfacts
0868235000468,openfacts
0868235000482,openfacts
0868236000122,openfacts
0868236000160,openfacts
0868243000016,openfacts
0868255000011,openfacts
0868255000479,openfacts
0868257990006,openfacts
0868258000308,openfacts
0868258000322,openfacts
0868265000087,openfacts
0868265000094,openfacts
0868269000007,openfacts
0868269000120,openfacts
0868275965284,openfacts
0868275965475,openfacts
0868275965482,openfacts
0868277000006,openfacts
0868277000068,openfacts
0868281000108,openfacts
0868281000245,openfacts
0868286000141,openfacts
0868296000322,openfacts
0868296000346,openfacts
0868296000360,openfacts
0868296000377,openfacts
0868296000384,openfacts
0868303000031,openfacts
0868303000048,openfacts
0868303000178,openfacts
0868304780451,openfacts
0868307000112,openfacts
0868307000129,openfacts
0868307000136,openfacts
0868307000143,openfacts
0868308000401,openfacts
0868308000418,openfacts
0868308000425,openfacts
0868308000432,openfacts
0868308000463,openfacts
0868308000470,openfacts
0868310000185,openfacts
0868312000428,openfacts
0868313000021,openfacts
0868313000106,openfacts
0868315000333,openfacts
0868315000340,openfacts
0868315000357,openfacts
0868325000002,openfacts
0868325000033,openfacts
0868325000040,openfacts
0868325000088,openfacts
0868325000095,openfacts
0868329000114,openfacts
0868329000121,openfacts
0868329000138,openfacts
0868329000183,openfacts
0868329000190,openfacts
0868329000305,openfacts
0868329000329,openfacts
0868329002217,openfacts
0868333000001,openfacts
0868334000475,openfacts
0868335000306,openfacts
0868335000313,openfacts
0868335000320,openfacts
0868335000337,openfacts
0868335000344,openfacts
0868335000351,openfacts
0868335000375,openfacts
0868335000382,openfacts
0868335000429,openfacts
0868336000107,openfacts
0868339000401,openfacts
0868347000028,openfacts
0868347000271,openfacts
0868348000409,openfacts
0868348000423,openfacts
0868348000430,openfacts
0868348000447,openfacts
0868348000454,openfacts
0868348000461,openfacts
0868348000478,openfacts
0868354000202,openfacts
0868356000408,openfacts
0868361000301,openfacts
0868361000325,openfacts
0868361000349,openfacts
0868361000370,openfacts
0868361000394,openfacts
0868362000201,openfacts
0868366000108,openfacts
0868366000122,openfacts
0868371000124,openfacts
0868372000208,openfacts
0868372000215,openfacts
0868372000222,openfacts
0868372000239,openfacts
0868372000246,openfacts
0868372000284,openfacts
0868372000291,openfacts
0868372001007,openfacts
0868372001014,openfacts
0868372001021,openfacts
0868372001038,openfacts
0868372001076,openfacts
0868372001083,openfacts
0868372001090,openfacts
0868379000447,openfacts
0868387000170,openfacts
0868387000309,openfacts
0868389000178,openfacts
0868391000302,openfacts
0868391000319,openfacts
0868391000326,openfacts
0868391000333,openfacts
0868391000357,openfacts
0868391000364,openfacts
0868391000371,openfacts
0868391000395,openfacts
0868392000004,openfacts
0868392000202,openfacts
0868396000116,openfacts
0868396000147,openfacts
0868396000192,openfacts
0868397000009,openfacts
0868400000248,openfacts
0868400000255,openfacts
0868400000262,openfacts
0868401000087,openfacts
0868405000007,openfacts
0868405000014,openfacts
0868405000021,openfacts
0868405000038,openfacts
0868405444443,openfacts
0868407000227,openfacts
0868407000241,openfacts
0868407000265,openfacts
0868408000219,openfacts
0868408000226,openfacts
0868408000233,openfacts
0868408000288,openfacts
0868409000409,openfacts
0868409000430,openfacts
0868409000485,openfacts
0868422000103,openfacts
0868422000110,openfacts
0868422000127,openfacts
0868422000134,openfacts
0868422000141,openfacts
0868424000101,openfacts
0868428000367,openfacts
0868428000374,openfacts
0868432000322,openfacts
0868437000303,openfacts
0868437000327,openfacts
0868437000334,openfacts
0868437000358,openfacts
0868437000389,openfacts
0868447000430,openfacts
0868448000040,openfacts
0868448000064,openfacts
0868448000071,openfacts
0868449000117,openfacts
0868451000051,openfacts
0868459000107,openfacts
0868464000031,openfacts
0868464000130,openfacts
0868464000154,openfacts
0868464000178,openfacts
0868464000192,openfacts
0868464000307,openfacts
0868464000314,openfacts
0868464000321,openfacts
0868464000345,openfacts
0868467000014,openfacts
0868467030318,openfacts
0868484000301,openfacts
0868484000325,openfacts
0868484000349,openfacts
0868484000356,openfacts
0868484000363,openfacts
0868484000394,openfacts
0868498000106,openfacts
0868498000113,openfacts
0868498000120,openfacts
0868498000281,openfacts
0868500000308,openfacts
0868500000315,openfacts
0868500000322,openfacts
0868500000384,openfacts
0868508000201,openfacts
0868508000218,openfacts
0868508000256,openfacts
0868508000263,openfacts
0868520000005,openfacts
0868520000012,openfacts
0868520000029,openfacts
0868520000067,openfacts
0868520000098,openfacts
0868520000111,openfacts
0868521000226,openfacts
0868524000117,openfacts
0868524000124,openfacts
0868524000131,openfacts
0868524000155,openfacts
0868524000162,openfacts
0868524000179,openfacts
0868524000186,openfacts
0868524000193,openfacts
0868526000443,openfacts
0868540000108,openfacts
0868540000115,openfacts
0868540000139,openfacts
0868541000305,openfacts
0868541000329,openfacts
0868541000381,openfacts
0868543000006,openfacts
0868543000013,openfacts
0868543000020,openfacts
0868543000037,openfacts
0868543000044,openfacts
0868544000128,openfacts
0868550000228,openfacts
0868550000242,openfacts
0868552161521,openfacts
0868553160004,openfacts
0868553160103,openfacts
0868553160400,openfacts
0868553170010,openfacts
0868553180033,openfacts
0868554000309,openfacts
0868555051805,openfacts
0868560000133,openfacts
0868563000109,openfacts
0868563000314,openfacts
0868563000338,openfacts
0868563000352,openfacts
0868563000383,openfacts
0868569000103,openfacts
0868569000110,openfacts
0868569000127,openfacts
0868569000141,openfacts
0868569000158,openfacts
0868569000165,openfacts
0868569000172,openfacts
0868569000189,openfacts
0868569000196,openfacts
0868575000326,openfacts
0868575000333,openfacts
0868575000371,openfacts
0868580030110,openfacts
0868582000159,openfacts
0868586000315,openfacts
0868589790633,openfacts
0868590000288,openfacts
0868592000255,openfacts
0868604000006,openfacts
0868604000082,openfacts
0868604000099,openfacts
0868609000476,openfacts
0868612000005,openfacts
0868612000029,openfacts
0868612000036,openfacts
0868617000420,openfacts
0868618000405,openfacts
0868618000443,openfacts
0868618000467,openfacts
0868618000481,openfacts
0868618000498,openfacts
0868620000011,openfacts
0868620000035,openfacts
0868620000059,openfacts
0868624000123,openfacts
0868626000107,openfacts
0868626000114,openfacts
0868626000121,openfacts
0868626000169,openfacts
0868626000183,openfacts
0868629000319,openfacts
0868629000326,openfacts
0868631000352,openfacts
0868631000369,openfacts
0868636000029,openfacts
0868641000106,openfacts
0868641000113,openfacts
0868641000120,openfacts
0868641000137,openfacts
0868641000144,openfacts
0868646000316,openfacts
0868646000323,openfacts
0868646000330,openfacts
0868646000347,openfacts
0868646000354,openfacts
0868646000378,openfacts
0868646002167,openfacts
0868651161224,openfacts
0868654151086,openfacts
0868654152021,openfacts
0868654152038,openfacts
0868654152045,openfacts
0868654152076,openfacts
0868654153011,openfacts
0868654154018,openfacts
0868654154032,openfacts
0868654154049,openfacts
0868654154056,openfacts
0868654154063,openfacts
0868654154070,openfacts
0868654154087,openfacts
0868654154094,openfacts
0868654154155,openfacts
0868654154179,openfacts
0868654154186,openfacts
0868654154209,openfacts
0868654154223,openfacts
0868654154230,openfacts
0868654155015,openfacts
0868654155046,openfacts
0868654155060,openfacts
0868654155084,openfacts
0868654155091,openfacts
0868654155107,openfacts
0868654251014,openfacts
0868654251038,openfacts
0868654251083,openfacts
0868654251182,openfacts
0868654251199,openfacts
0868654252011,openfacts
0868654252035,openfacts
0868654252103,openfacts
0868654253001,openfacts
0868654253032,openfacts
0868654254008,openfacts
0868654254046,openfacts
0868654254060,openfacts
0868654254077,openfacts
0868654254091,openfacts
0868654254107,openfacts
0868654254114,openfacts
0868654254145,openfacts
0868654254190,openfacts
0868654254220,openfacts
0868654254343,openfacts
0868654255043,openfacts
0868654255074,openfacts
0868654255104,openfacts
0868654261020,openfacts
0868654261037,openfacts
0868654261099,openfacts
0868657000008,openfacts
0868657000039,openfacts
0868657000053,openfacts
0868657000084,openfacts
0868657000091,openfacts
0868660010360,openfacts
0868661000186,openfacts
0868663000009,openfacts
0868665000403,openfacts
0868665000410,openfacts
0868665002056,openfacts
0868668000004,openfacts
0868669000430,openfacts
0868671000206,openfacts
0868671000220,openfacts
0868671000237,openfacts
0868675000448,openfacts
0868675000462,openfacts
0868675000479,openfacts
0868681000302,openfacts
0868681000319,openfacts
0868684000200,openfacts
0868686000413,openfacts
0868690590801,openfacts
0868691000019,openfacts
0868694000016,openfacts
0868695000268,openfacts
0868696000021,openfacts
0868696000045,openfacts
0868706000102,openfacts
0868706000119,openfacts
0868706000126,openfacts
0868706000133,openfacts
0868706000140,openfacts
0868706000157,openfacts
0868706000164,openfacts
0868706000171,openfacts
0868706000195,openfacts
0868706000218,openfacts
0868706000249,openfacts
0868706000256,openfacts
0868707000392,openfacts
0868709000154,openfacts
0868709000192,openfacts
0868709000208,openfacts
0868713000416,openfacts
0868715000001,openfacts
0868715000018,openfacts
0868715000025,openfacts
0868715000032,openfacts
0868715655003,openfacts
0868715685116,openfacts
0868718000305,openfacts
0868720000003,openfacts
0868722000100,openfacts
0868725000183,openfacts
0868728000302,openfacts
0868728000319,openfacts
0868728000326,openfacts
0868728000364,openfacts
0868728000388,openfacts
0868728000395,openfacts
0868746000339,openfacts
0868746999350,openfacts
0868753000308,openfacts
0868753000315,openfacts
0868753000339,openfacts
0868753000384,openfacts
0868763000220,openfacts
0868765000006,openfacts
0868765000013,openfacts
0868766000203,openfacts
0868766000227,openfacts
0868766000241,openfacts
0868766000258,openfacts
0868766000272,openfacts
0868767000301,openfacts
0868767000318,openfacts
0868767000349,openfacts
0868767000370,openfacts
0868767000387,openfacts
0868767000394,openfacts
0868772000204,openfacts
0868772000228,openfacts
0868776000309,openfacts
0868776000316,openfacts
0868776000354,openfacts
0868777000414,openfacts
0868779000436,openfacts
0868779000443,openfacts
0868779000450,openfacts
0868781000301,openfacts
0868782000409,openfacts
0868782000416,openfacts
0868782330377,openfacts
0868784000308,openfacts
0868784000322,openfacts
0868784000339,openfacts
0868784000346,openfacts
0868784000353,openfacts
0868784000377,openfacts
0868784000384,openfacts
0868784000391,openfacts
0868786000429,openfacts
0868790000118,openfacts
0868802000105,openfacts
0868802000112,openfacts
0868806000002,openfacts
0868806000019,openfacts
0868806000026,openfacts
0868806000033,openfacts
0868806000040,openfacts
0868806000064,openfacts
0868807000209,openfacts
0868807000223,openfacts
0868811000004,openfacts
0868812000218,openfacts
0868812000263,openfacts
0868813000101,openfacts
0868813000118,openfacts
0868813000132,openfacts
0868814000452,openfacts
0868814000469,openfacts
0868815000420,openfacts
0868819899341,openfacts
0868822000345,openfacts
0868823000108,openfacts
0868824000107,openfacts
0868824000114,openfacts
0868824000121,openfacts
0868829000508,openfacts
0868832000304,openfacts
0868834000333,openfacts
0868834000340,openfacts
0868834000395,openfacts
0868835000004,openfacts
0868835000011,openfacts
0868835000042,openfacts
0868835000059,openfacts
0868835000073,openfacts
0868841000012,openfacts
0868841000029,openfacts
0868841000036,openfacts
0868846000109,openfacts
0868846000147,openfacts
0868846000215,openfacts
0868846000239,openfacts
0868846965996,openfacts
0868848000015,openfacts
0868860000222,openfacts
0868860000260,openfacts
0868863000069,openfacts
0868863000410,openfacts
0868866000301,openfacts
0868866000318,openfacts
0868866000332,openfacts
0868872000333,openfacts
0868872000371,openfacts
0868873000103,openfacts
0868873000127,openfacts
0868884000239,openfacts
0868890000100,openfacts
0868896000210,openfacts
0868896000241,openfacts
0868896000265,openfacts
0868896000272,openfacts
0868897000103,openfacts
0868897000134,openfacts
0868897000141,openfacts
0868897000158,openfacts
0868898000300,openfacts
0868898000317,openfacts
0868898000324,openfacts
0868904000225,openfacts
0868904000324,openfacts
0868905000101,openfacts
0868905000149,openfacts
0868905000187,openfacts
0868911000058,openfacts
0868916000404,openfacts
0868916000411,openfacts
0868931000014,openfacts
0868933000487,openfacts
0868935000362,openfacts
0868935000409,openfacts
0868935000430,openfacts
0868956000006,openfacts
0868956000013,openfacts
0868956000020,openfacts
0868956000037,openfacts
0868956000051,openfacts
0868956000068,openfacts
0868958474232,openfacts
0868961000046,openfacts
0868962000205,openfacts
0868962000236,openfacts
0868964000180,openfacts
0868969669085,openfacts
0868972000202,openfacts
0868972000219,openfacts
0868972000240,openfacts
0868979000144,openfacts
0868979000151,openfacts
0868979000175,openfacts
0868987000105,openfacts
0868987000112,openfacts
0868987000129,openfacts
0868987000136,openfacts
0868989000004,openfacts
0868989000059,openfacts
0868989000066,openfacts
0868993000106,openfacts
0869006000106,openfacts
0869006000137,openfacts
0869014000006,openfacts
0869014000013,openfacts
0869014000044,openfacts
0869016000004,openfacts
0869024000201,openfacts
0869024000225,openfacts
0869029000206,openfacts
0869033000186,openfacts
0869036000237,openfacts
0869036000275,openfacts
0869036000404,openfacts
0869037000359,openfacts
0869039000319,openfacts
0869040000001,openfacts
0869040000032,openfacts
0869040000063,openfacts
0869041000031,openfacts
0869041000062,openfacts
0869041000079,openfacts
0869042002607,openfacts
0869043000213,openfacts
0869043000350,openfacts
0869044000151,openfacts
0869044000168,openfacts
0869044006566,openfacts
0869045000143,openfacts
0869045000402,openfacts
0869047000073,openfacts
0869050484563,openfacts
0869053000104,openfacts
0869053000111,openfacts
0869060462650,openfacts
0869061000028,openfacts
0869063000118,openfacts
0869066000306,openfacts
0869066000344,openfacts
0869066000351,openfacts
0869066000368,openfacts
0869070000019,openfacts
0869070000026,openfacts
0869070000422,openfacts
0869071000254,openfacts
0869071000261,openfacts
0869074000138,openfacts
0869074000169,openfacts
0869075000427,openfacts
0869075000489,openfacts
0869076000105,openfacts
0869077000401,openfacts
0869080000108,openfacts
0869081000404,openfacts
0869081000411,openfacts
0869081000428,openfacts
0869084000104,openfacts
0869085000110,openfacts
0869085000127,openfacts
0869085000134,openfacts
0869085000141,openfacts
0869085000158,openfacts
0869085000165,openfacts
0869085000172,openfacts
0869085222222,openfacts
0869087000224,openfacts
0869087000231,openfacts
0869087000262,openfacts
0869089000277,openfacts
0869093001437,openfacts
0869098000305,openfacts
0869102000208,openfacts
0869104000312,openfacts
0869104000336,openfacts
0869107000418,openfacts
0869107000425,openfacts
0869107000432,openfacts
0869107000449,openfacts
0869112000007,openfacts
0869114000302,openfacts
0869114000319,openfacts
0869116000126,openfacts
0869116000140,openfacts
0869125000100,openfacts
0869125000162,openfacts
0869125000452,openfacts
0869128000107,openfacts
0869132190511,openfacts
0869133000123,openfacts
0869136506998,openfacts
0869144000310,openfacts
0869144000327,openfacts
0869144000334,openfacts
0869144000341,openfacts
0869151000495,openfacts
0869151200345,openfacts
0869156000322,openfacts
0869161203671,openfacts
0869167000205,openfacts
0869167701140,openfacts
0869167702147,openfacts
0869167703144,openfacts
0869167704141,openfacts
0869184000202,openfacts
0869184000219,openfacts
0869184000226,openfacts
0869184000295,openfacts
0869188000468,openfacts
0869191000448,openfacts
0869191000486,openfacts
0869192000300,openfacts
0869195000307,openfacts
0869198000137,openfacts
0869198000168,openfacts
0869199000259,openfacts
0869200000018,openfacts
0869203000008,openfacts
0869204000113,openfacts
0869204000120,openfacts
0869204000182,openfacts
0869204000199,openfacts
0869210000039,openfacts
0869210000046,openfacts
0869216000101,openfacts
0869216000118,openfacts
0869223000019,openfacts
0869228000304,openfacts
0869228000359,openfacts
0869238000110,openfacts
0869238000127,openfacts
0869238000134,openfacts
0869242000212,openfacts
0869245000400,openfacts
0869251000104,openfacts
0869254000002,openfacts
0869254000040,openfacts
0869265000138,openfacts
0869267000112,openfacts
0869267000129,openfacts
0869267000136,openfacts
0869268000210,openfacts
0869268000227,openfacts
0869269000363,openfacts
0869269000370,openfacts
0869269000387,openfacts
0869269000394,openfacts
0869280000212,openfacts
0869280000304,openfacts
0869280000311,openfacts
0869280000328,openfacts
0869280000335,openfacts
0869280000359,openfacts
0869286000209,openfacts
0869291000164,openfacts
0869291000409,openfacts
0869291000416,openfacts
0869291000423,openfacts
0869294000024,openfacts
0869294000048,openfacts
0869294000055,openfacts
0869294000079,openfacts
0869294000086,openfacts
0869294000093,openfacts
0869297000106,openfacts
0869297000168,openfacts
0869301000207,openfacts
0869302920399,openfacts
0869304000402,openfacts
0869304000433,openfacts
0869318000412,openfacts
0869318000429,openfacts
0869323000209,openfacts
0869323000216,openfacts
0869323001121,openfacts
0869323333345,openfacts
0869324000024,openfacts
0869328000013,openfacts
0869338000492,openfacts
0869349000412,openfacts
0869355000031,openfacts
0869356000009,openfacts
0869360000200,openfacts
0869360000217,openfacts
0869360000224,openfacts
0869360000231,openfacts
0869360000248,openfacts
0869360000255,openfacts
0869360000262,openfacts
0869360000279,openfacts
0869360000286,openfacts
0869360000293,openfacts
0869364000305,openfacts
0869365000113,openfacts
0869365000120,openfacts
0869365000137,openfacts
0869365000144,openfacts
0869365000151,openfacts
0869368000400,openfacts
0869368000448,openfacts
0869372000304,openfacts
0869372000366,openfacts
0869372000380,openfacts
0869377000415,openfacts
0869377000422,openfacts
0869377000453,openfacts
0869377000477,openfacts
0869380000181,openfacts
0869380811008,openfacts
0869384000019,openfacts
0869384000033,openfacts
0869384000040,openfacts
0869386000345,openfacts
0869393376013,openfacts
0869393634151,openfacts
0869408000155,openfacts
0869413000300,openfacts
0869417000023,openfacts
0869417000030,openfacts
0869417000047,openfacts
0869417000061,openfacts
0869417000085,openfacts
0869417000092,openfacts
0869418000411,openfacts
0869418000428,openfacts
0869428000302,openfacts
0869432000060,openfacts
0869434000402,openfacts
0869440000007,openfacts
0869440000014,openfacts
0869440000021,openfacts
0869440000038,openfacts
0869440000052,openfacts
0869449000008,openfacts
0869449000022,openfacts
0869449000046,openfacts
0869449000053,openfacts
0869449000060,openfacts
0869456000107,openfacts
0869459000319,openfacts
0869459000333,openfacts
0869459000340,openfacts
0869459000371,openfacts
0869484015005,openfacts
0869485000307,openfacts
0869487000008,openfacts
0869487000015,openfacts
0869487000022,openfacts
0869487000039,openfacts
0869487000046,openfacts
0869490000200,openfacts
0869493000108,openfacts
0869494000343,openfacts
0869497000203,openfacts
0869498000134,openfacts
0869498541965,openfacts
0869500000008,openfacts
0869500000022,openfacts
0869500000039,openfacts
0869500000046,openfacts
0869500000060,openfacts
0869500000077,openfacts
0869500000091,openfacts
0869504040840,openfacts
0869505000324,openfacts
0869510000319,openfacts
0869510000395,openfacts
0869514201835,openfacts
0869519000020,openfacts
0869528000110,openfacts
0869532000205,openfacts
0869532000229,openfacts
0869534000012,openfacts
0869540000402,openfacts
0869540000419,openfacts
0869540000433,openfacts
0869540000440,openfacts
0869540000457,openfacts
0869540000471,openfacts
0869540000488,openfacts
0869542000127,openfacts
0869543000119,openfacts
0869552000223,openfacts
0869556063170,openfacts
0869567000003,openfacts
0869572000401,openfacts
0869572000418,openfacts
0869572000425,openfacts
0869572000432,openfacts
0869573000301,openfacts
0869588000105,openfacts
0869588000112,openfacts
0869588000143,openfacts
0869588000150,openfacts
0869592000207,openfacts
0869605000101,openfacts
0869606000469,openfacts
0869615000306,openfacts
0869615000351,openfacts
0869615000368,openfacts
0869615000375,openfacts
0869620000421,openfacts
0869630000015,openfacts
0869630000404,openfacts
0869630000411,openfacts
0869630000435,openfacts
0869632000259,openfacts
0869634000103,openfacts
0869634000110,openfacts
0869634000127,openfacts
0869634000134,openfacts
0869636000316,openfacts
0869636000361,openfacts
0869637000308,openfacts
0869639000405,openfacts
0869639000481,openfacts
0869649000044,openfacts
0869649000471,openfacts
0869650000217,openfacts
0869650000224,openfacts
0869652101301,openfacts
0869653000405,openfacts
0869653000412,openfacts
0869656000105,openfacts
0869656000112,openfacts
0869656000143,openfacts
0869656018513,openfacts
0869657000012,openfacts
0869657000029,openfacts
0869657000043,openfacts
0869657000050,openfacts
0869657000081,openfacts
0869661000008,openfacts
0869661000015,openfacts
0869661000022,openfacts
0869661000060,openfacts
0869661000077,openfacts
0869661000091,openfacts
0869670000488,openfacts
0869682000018,openfacts
0869682000025,openfacts
0869682000032,openfacts
0869682000049,openfacts
0869682000063,openfacts
0869682000070,openfacts
0869682000087,openfacts
0869682000094,openfacts
0869683000321,openfacts
0869683000338,openfacts
0869689000400,openfacts
0869689000417,openfacts
0869689000424,openfacts
0869697000225,openfacts
0869697000232,openfacts
0869697000256,openfacts
0869705000100,openfacts
0869705000117,openfacts
0869705000124,openfacts
0869705000131,openfacts
0869705000162,openfacts
0869706000345,openfacts
0869707000207,openfacts
0869707000214,openfacts
0869707000221,openfacts
0869707000269,openfacts
0869707000276,openfacts
0869707000283,openfacts
0869710000225,openfacts
0869710000232,openfacts
0869710000249,openfacts
0869710000256,openfacts
0869712000001,openfacts
0869712000025,openfacts
0869712000049,openfacts
0869712000094,openfacts
0869722000237,openfacts
0869722000299,openfacts
0869724017844,openfacts
0869725000067,openfacts
0869725000210,openfacts
0869725000234,openfacts
0869725000289,openfacts
0869732000418,openfacts
0869734000201,openfacts
0869734000218,openfacts
0869734000225,openfacts
0869734000270,openfacts
0869734800788,openfacts
0869739000107,openfacts
0869739000176,openfacts
0869740914523,openfacts
0869742656025,openfacts
0869743001015,openfacts
0869743001121,openfacts
0869745000115,openfacts
0869745000122,openfacts
0869745000139,openfacts
0869745000146,openfacts
0869745000153,openfacts
0869745000160,openfacts
0869745000191,openfacts
0869759000101,openfacts
0869759000118,openfacts
0869759000125,openfacts
0869759000132,openfacts
0869759000149,openfacts
0869759000156,openfacts
0869762000006,openfacts
0869763000401,openfacts
0869763000425,openfacts
0869763000463,openfacts
0869763000470,openfacts
0869767000346,openfacts
0869773000217,openfacts
0869773000224,openfacts
0869774000100,openfacts
0869774000117,openfacts
0869774000124,openfacts
0869774000131,openfacts
0869779000303,openfacts
0869779000310,openfacts
0869785000083,openfacts
0869792879634,openfacts
0869793000013,openfacts
0869794000234,openfacts
0869794000272,openfacts
0869799000147,openfacts
0869801000028,openfacts
0869803000125,openfacts
0869805000352,openfacts
0869805000369,openfacts
0869810000002,openfacts
0869810000019,openfacts
0869810000026,openfacts
0869810000033,openfacts
0869810000064,openfacts
0869817000036,openfacts
0869817000043,openfacts
0869820000146,openfacts
0869822000304,openfacts
0869822000311,openfacts
0869827000316,openfacts
0869831000029,openfacts
0869831000050,openfacts
0869832000028,openfacts
0869832000042,openfacts
0869834000019,openfacts
0869834000033,openfacts
0869834000040,openfacts
0869834000057,openfacts
0869842000100,openfacts
0869842000117,openfacts
0869842000131,openfacts
0869842000148,openfacts
0869851000252,openfacts
0869852000428,openfacts
0869853304488,openfacts
0869854000105,openfacts
0869854000112,openfacts
0869854000136,openfacts
0869854000143,openfacts
0869854000150,openfacts
0869854000167,openfacts
0869854000174,openfacts
0869854000181,openfacts
0869856000103,openfacts
0869857000010,openfacts
0869865000156,openfacts
0869866000209,openfacts
0869866000216,openfacts
0869866000223,openfacts
0869866000247,openfacts
0869866000254,openfacts
0869866000261,openfacts
0869866000278,openfacts
0869866000285,openfacts
0869868000221,openfacts
0869875000122,openfacts
0869875000405,openfacts
0869875001822,openfacts
0869884000014,openfacts
0869884000021,openfacts
0869891000014,openfacts
0869898000000,openfacts
0869898000024,openfacts
0869898000031,openfacts
0869902000026,openfacts
0869930333035,openfacts
0869934000117,openfacts
0869934000124,openfacts
0869934000131,openfacts
0869938349724,openfacts
0869944000121,openfacts
0869952000137,openfacts
0869955000004,openfacts
0869955000011,openfacts
0869955000028,openfacts
0869955000035,openfacts
0869969000106,openfacts
0869969000113,openfacts
0869969000120,openfacts
0869969000137,openfacts
0869969000144,openfacts
0869969000151,openfacts
0869969000182,openfacts
0869969000199,openfacts
0869979000028,openfacts
0869982000008,openfacts
0869982000015,openfacts
0869982000022,openfacts
0869982000039,openfacts
0869982000046,openfacts
0869982000053,openfacts
0869982000084,openfacts
0869982444413,openfacts
0869988000002,openfacts
0869988000019,openfacts
0869988000026,openfacts
0869988000033,openfacts
0869988000040,openfacts
0869988000057,openfacts
0869989000131,openfacts
0869989000179,openfacts
0869990000106,openfacts
0869990389195,openfacts
0869991000105,openfacts
0869993698324,openfacts
0869997000000,openfacts
0869997000017,openfacts
0869997000024,openfacts
0869997000048,openfacts
0869997000086,openfacts
0869999000015,openfacts
