ean13,source
3570001620325,openfacts
3570012800013,openfacts
3570012800020,openfacts
3570012800044,openfacts
3570012845212,openfacts
3570023726432,openfacts
3570101001017,openfacts
3570171215956,openfacts
3570173946988,openfacts
3570177915003,openfacts
3570190000335,openfacts
3570190000410,openfacts
3570250000886,openfacts
3570250001388,openfacts
3570250001753,openfacts
3570250002279,openfacts
3570250002316,openfacts
3570250002323,openfacts
3570250002392,openfacts
3570250002408,openfacts
3570250002835,openfacts
3570250003344,openfacts
3570250003351,openfacts
3570250003696,openfacts
3570250003702,openfacts
3570250008493,openfacts
3570250008615,openfacts
3570250009025,openfacts
3570250009056,openfacts
3570250009063,openfacts
3570250009070,openfacts
3570250009094,openfacts
3570250009131,openfacts
3570250009612,openfacts
3570250009629,openfacts
3570250009636,openfacts
3570250011035,openfacts
3570250011042,openfacts
3570250011059,openfacts
3570250011141,openfacts
3570250020013,openfacts
3570250020037,openfacts
3570250020051,openfacts
3570250020198,openfacts
3570250020655,openfacts
3570250020679,openfacts
3570250020709,openfacts
3570250021065,openfacts
3570250021119,openfacts
3570250021348,openfacts
3570250022024,openfacts
3570250022093,openfacts
3570250022253,openfacts
3570250022307,openfacts
3570250022321,openfacts
3570250022451,openfacts
3570250023236,openfacts
3570250023274,openfacts
3570250023281,openfacts
3570250023298,openfacts
3570250023304,openfacts
3570250023311,openfacts
3570250023328,openfacts
3570250023335,openfacts
3570250023342,openfacts
3570250023410,openfacts
3570250023427,openfacts
3570250023441,openfacts
3570250023489,openfacts
3570250023557,openfacts
3570250023595,openfacts
3570250023649,openfacts
3570250023670,openfacts
3570250023687,openfacts
3570250023694,openfacts
3570250023731,openfacts
3570250024172,openfacts
3570250024196,openfacts
3570250024202,openfacts
3570250024219,openfacts
3570250024226,openfacts
3570250024233,openfacts
3570250024240,openfacts
3570250024295,openfacts
3570250024653,openfacts
3570250024721,openfacts
3570250024769,openfacts
3570250025551,openfacts
3570250025582,openfacts
3570250025643,openfacts
3570250025667,openfacts
3570250025704,openfacts
3570250025810,openfacts
3570250025827,openfacts
3570250025889,openfacts
3570250025896,openfacts
3570250025926,openfacts
3570250025933,openfacts
3570250025940,openfacts
3570250025988,openfacts
3570250025995,openfacts
3570250026008,openfacts
3570250026046,openfacts
3570250026152,openfacts
3570250026251,openfacts
3570250026282,openfacts
3570250026312,openfacts
3570250026329,openfacts
3570250026343,openfacts
3570250026350,openfacts
3570250026435,openfacts
3570250026442,openfacts
3570250026459,openfacts
3570250026541,openfacts
3570250026558,openfacts
3570250026565,openfacts
3570250026596,openfacts
3570250026732,openfacts
3570250026756,openfacts
3570250026787,openfacts
3570250026794,openfacts
3570250026800,openfacts
3570250026879,openfacts
3570250026947,openfacts
3570250026961,openfacts
3570250027005,openfacts
3570250027012,openfacts
3570250027029,openfacts
3570250027043,openfacts
3570250027135,openfacts
3570250027142,openfacts
3570250027159,openfacts
3570250027166,openfacts
3570250027210,openfacts
3570250027227,openfacts
3570250027241,openfacts
3570250027258,openfacts
3570250027302,openfacts
3570250027326,openfacts
3570250027333,openfacts
3570250027449,openfacts
3570250027463,openfacts
3570250027524,openfacts
3570250027531,openfacts
3570250027647,openfacts
3570250027821,openfacts
3570250027906,openfacts
3570250027913,openfacts
3570250027920,openfacts
3570250027937,openfacts
3570250027951,openfacts
3570250027982,openfacts
3570250028040,openfacts
3570250028132,openfacts
3570250028187,openfacts
3570250050447,openfacts
3570250050485,openfacts
3570250050515,openfacts
3570250061085,openfacts
3570250061160,openfacts
3570250061177,openfacts
3570250070018,openfacts
3570250090016,openfacts
3570250090023,openfacts
3570250090030,openfacts
3570250090047,openfacts
3570250090054,openfacts
3570250090078,openfacts
3570250090085,openfacts
3570250090122,openfacts
3570250090139,openfacts
3570250090153,openfacts
3570250090160,openfacts
3570250090177,openfacts
3570250090207,openfacts
3570250444475,openfacts
3570400000001,openfacts
3570420000043,openfacts
3570510000014,openfacts
3570510000052,openfacts
3570510000069,openfacts
3570510000106,openfacts
3570510000113,openfacts
3570510000137,openfacts
3570510000144,openfacts
3570513236014,openfacts
3570513265113,openfacts
3570513265229,openfacts
3570513265335,openfacts
3570513266004,openfacts
3570513266011,openfacts
3570513266233,openfacts
3570513266349,openfacts
3570513266455,openfacts
3570513266561,openfacts
3570513266677,openfacts
3570513266783,openfacts
3570513266899,openfacts
3570513266936,openfacts
3570513267049,openfacts
3570513267162,openfacts
3570513267278,openfacts
3570513267384,openfacts
3570513267490,openfacts
3570513267513,openfacts
3570513267841,openfacts
3570513267957,openfacts
3570513268060,openfacts
3570513268176,openfacts
3570513268411,openfacts
3570513268527,openfacts
3570513274818,openfacts
3570513275037,openfacts
3570513297732,openfacts
3570514490224,openfacts
3570514506017,openfacts
3570514506123,openfacts
3570514506291,openfacts
3570514540219,openfacts
3570514585401,openfacts
3570514585500,openfacts
3570514585609,openfacts
3570514585708,openfacts
3570514586507,openfacts
3570550000432,openfacts
3570560000033,openfacts
3570560001016,openfacts
3570560001542,openfacts
3570560001559,openfacts
3570560004550,openfacts
3570560040039,openfacts
3570561085046,openfacts
3570561100039,openfacts
3570561480018,openfacts
3570561480025,openfacts
3570561800007,openfacts
3570563333305,openfacts
3570563333367,openfacts
3570564900001,openfacts
3570565400005,openfacts
3570565555361,openfacts
3570566666660,openfacts
3570566666677,openfacts
3570566666684,openfacts
3570566666691,openfacts
3570566666707,openfacts
3570568888824,openfacts
3570583513459,openfacts
3570590107238,openfacts
3570590107511,openfacts
3570590107825,openfacts
3570590107856,openfacts
3570590108303,openfacts
3570590108440,openfacts
3570590109010,openfacts
3570590109096,openfacts
3570590109355,openfacts
3570590109362,openfacts
3570590109379,openfacts
3570590109386,openfacts
3570590109423,openfacts
3570590109447,openfacts
3570590109454,openfacts
3570590109478,openfacts
3570590109515,openfacts
3570590109690,openfacts
3570590109713,openfacts
3570590110078,openfacts
3570590110085,openfacts
3570590110191,openfacts
3570599001605,openfacts
3570636419318,openfacts
3570640000038,openfacts
3570640000069,openfacts
3570640000083,openfacts
3570640000106,openfacts
3570640005217,openfacts
3570640005316,openfacts
3570640008171,openfacts
3570640074398,openfacts
3570640200742,openfacts
3570640200810,openfacts
3570640270196,openfacts
3570640348918,openfacts
3570640380031,openfacts
3570640415290,openfacts
3570640597354,openfacts
3570640801451,openfacts
3570640957929,openfacts
3570640963920,openfacts
3570690000507,openfacts
3570690002716,openfacts
3570690003201,openfacts
3570690005809,openfacts
3570701230022,openfacts
3570701260029,openfacts
3570701400234,openfacts
3570701494288,openfacts
3570701903780,openfacts
3570720237361,openfacts
3570720238825,openfacts
3570790005174,openfacts
3570910000423,openfacts
3570930000014,openfacts
3570930000021,openfacts
3570930000410,openfacts
3571090000012,openfacts
3571090000043,openfacts
3571090000050,openfacts
3571090000067,openfacts
3571090000074,openfacts
3571090000081,openfacts
3571090000098,openfacts
3571090000401,openfacts
3571090000418,openfacts
3571090000425,openfacts
3571090000432,openfacts
3571090000449,openfacts
3571090000463,openfacts
3571110020525,openfacts
3571111202500,openfacts
3571115308086,openfacts
3571115308222,openfacts
3571115308246,openfacts
3571115308703,openfacts
3571115309021,openfacts
3571116201010,openfacts
3571137771004,openfacts
3571137781003,openfacts
3571137790906,openfacts
3571211434184,openfacts
3571300000016,openfacts
3571300000030,openfacts
3571300000054,openfacts
3571300000078,openfacts
3571300000092,openfacts
3571300000108,openfacts
3571300000115,openfacts
3571300000139,openfacts
3571300000153,openfacts
3571303102007,openfacts
3571303102014,openfacts
3571303102021,openfacts
3571303102038,openfacts
3571303102045,openfacts
3571303102052,openfacts
3571304102044,openfacts
3571304102051,openfacts
3571304102068,openfacts
3571304102075,openfacts
3571304102082,openfacts
3571304102099,openfacts
3571305102005,openfacts
3571305102012,openfacts
3571305102029,openfacts
3571305102036,openfacts
3571305102050,openfacts
3571306072017,openfacts
3571306072024,openfacts
3571306072031,openfacts
3571306102004,openfacts
3571306102035,openfacts
3571312052423,openfacts
3571312082420,openfacts
3571315012639,openfacts
3571315032118,openfacts
3571315032125,openfacts
3571315032132,openfacts
3571315032149,openfacts
3571317022100,openfacts
3571318012414,openfacts
3571318032429,openfacts
3571318032467,openfacts
3571318062518,openfacts
3571319102107,openfacts
3571320000751,openfacts
3571320000812,openfacts
3571320001741,openfacts
3571320001802,openfacts
3571320002281,openfacts
3571320002434,openfacts
3571320002717,openfacts
3571320002854,openfacts
3571320002878,openfacts
3571320002946,openfacts
3571320002953,openfacts
3571320004360,openfacts
3571320006692,openfacts
3571320006968,openfacts
3571320011412,openfacts
3571320012754,openfacts
3571320012884,openfacts
3571320013676,openfacts
3571320014284,openfacts
3571320014444,openfacts
3571320014987,openfacts
3571320016387,openfacts
3571320016394,openfacts
3571320016479,openfacts
3571320018022,openfacts
3571320018510,openfacts
3571320018527,openfacts
3571320022371,openfacts
3571320022395,openfacts
3571320022401,openfacts
3571320022418,openfacts
3571320022463,openfacts
3571320024498,openfacts
3571320024917,openfacts
3571320025105,openfacts
3571320026096,openfacts
3571320028540,openfacts
3571320030116,openfacts
3571320046599,openfacts
3571320046605,openfacts
3571320066399,openfacts
3571320068607,openfacts
3571320072321,openfacts
3571320072338,openfacts
3571320076459,openfacts
3571320100901,openfacts
3571320101038,openfacts
3571320101083,openfacts
3571320160790,openfacts
3571320161162,openfacts
3571320162077,openfacts
3571320165016,openfacts
3571320165740,openfacts
3571320166228,openfacts
3571320177736,openfacts
3571320211584,openfacts
3571320211638,openfacts
3571320211836,openfacts
3571320246630,openfacts
3571320269592,openfacts
3571320271823,openfacts
3571320272448,openfacts
3571320309182,openfacts
3571320321610,openfacts
3571320329418,openfacts
3571320332807,openfacts
3571320353420,openfacts
3571320353437,openfacts
3571320366024,openfacts
3571320386008,openfacts
3571320394102,openfacts
3571320448928,openfacts
3571320448942,openfacts
3571320448966,openfacts
3571320448973,openfacts
3571320448980,openfacts
3571320451034,openfacts
3571320451041,openfacts
3571320454417,openfacts
3571320501241,openfacts
3571320535642,openfacts
3571320564277,openfacts
3571320750571,openfacts
3571320750694,openfacts
3571320778674,openfacts
3571320793394,openfacts
3571320830600,openfacts
3571320831294,openfacts
3571320831317,openfacts
3571320831331,openfacts
3571320831355,openfacts
3571320833120,openfacts
3571320848728,openfacts
3571320848759,openfacts
3571320877087,openfacts
3571320877100,openfacts
3571320879944,openfacts
3571320977282,openfacts
3571322052314,openfacts
3571326672266,openfacts
3571330072014,openfacts
3571330072571,openfacts
3571330082112,openfacts
3571334841807,openfacts
3571370000060,openfacts
3571370000268,openfacts
3571370000862,openfacts
3571370001203,openfacts
3571370102252,openfacts
3571370202419,openfacts
3571370203003,openfacts
3571370311203,openfacts
3571370321202,openfacts
3571370611204,openfacts
3571370620800,openfacts
3571370621203,openfacts
3571370630809,openfacts
3571370631202,openfacts
3571370900063,openfacts
3571370900162,openfacts
3571370900261,openfacts
3571370900360,openfacts
3571371020753,openfacts
3571371021002,openfacts
3571371021040,openfacts
3571371021095,openfacts
3571371022979,openfacts
3571371022993,openfacts
3571371028889,openfacts
3571371030752,openfacts
3571371031001,openfacts
3571371031094,openfacts
3571371041017,openfacts
3571371070758,openfacts
3571371071007,openfacts
3571371071045,openfacts
3571371071090,openfacts
3571371078884,openfacts
3571371090756,openfacts
3571371091005,openfacts
3571371091098,openfacts
3571371098882,openfacts
3571371111505,openfacts
3571371120903,openfacts
3571371920091,openfacts
3571371930090,openfacts
3571371950159,openfacts
3571371987650,openfacts
3571372021308,openfacts
3571372021490,openfacts
3571372028086,openfacts
3571372031307,openfacts
3571372031499,openfacts
3571372107606,openfacts
3571372107613,openfacts
3571372109907,openfacts
3571372111931,openfacts
3571372111948,openfacts
3571372111955,openfacts
3571372112105,openfacts
3571372112402,openfacts
3571372115854,openfacts
3571372125105,openfacts
3571372125112,openfacts
3571372220107,openfacts
3571372220114,openfacts
3571372220121,openfacts
3571372220145,openfacts
3571372220169,openfacts
3571372224907,openfacts
3571372316701,openfacts
3571372316718,openfacts
3571372333005,openfacts
3571372333418,openfacts
3571372404507,openfacts
3571372404514,openfacts
3571372429715,openfacts
3571372772408,openfacts
3571372898146,openfacts
3571372970118,openfacts
3571373001309,openfacts
3571373002702,openfacts
3571373002993,openfacts
3571373011803,openfacts
3571373011995,openfacts
3571373400249,openfacts
3571373810000,openfacts
3571373882885,openfacts
3571373888856,openfacts
3571373888870,openfacts
3571373888887,openfacts
3571373911806,openfacts
3571373919802,openfacts
3571373919864,openfacts
3571373991303,openfacts
3571374001353,openfacts
3571374007034,openfacts
3571374011352,openfacts
3571374011604,openfacts
3571374021351,openfacts
3571374021603,openfacts
3571374031602,openfacts
3571374050900,openfacts
3571374091606,openfacts
3571374101350,openfacts
3571374110406,openfacts
3571374110901,openfacts
3571374111359,openfacts
3571374121358,openfacts
3571374132101,openfacts
3571374788889,openfacts
3571374898137,openfacts
3571374911409,openfacts
3571374912406,openfacts
3571374919405,openfacts
3571374921408,openfacts
3571374931407,openfacts
3571375011207,openfacts
3571375011801,openfacts
3571375012402,openfacts
3571375022401,openfacts
3571375032400,openfacts
3571375042409,openfacts
3571375898228,openfacts
3571375912207,openfacts
3571375912214,openfacts
3571375922206,openfacts
3571375929205,openfacts
3571375932250,openfacts
3571375939259,openfacts
3571375939457,openfacts
3571375942259,openfacts
3571375952258,openfacts
3571376002303,openfacts
3571376002501,openfacts
3571376688880,openfacts
3571376902207,openfacts
3571376909206,openfacts
3571377002401,openfacts
3571377042407,openfacts
3571377092501,openfacts
3571379002003,openfacts
3571379002508,openfacts
3571379002515,openfacts
3571379009002,openfacts
3571379021233,openfacts
3571379022049,openfacts
3571379071238,openfacts
3571379091007,openfacts
3571379092400,openfacts
3571379801002,openfacts
3571379802108,openfacts
3571379808889,openfacts
3571379811001,openfacts
3571379821000,openfacts
3571379831009,openfacts
3571379841800,openfacts
3571379888881,openfacts
3571390005014,openfacts
3571390005052,openfacts
3571450000188,openfacts
3571450000201,openfacts
3571450000218,openfacts
3571450000270,openfacts
3571450000331,openfacts
3571450300011,openfacts
3571450300363,openfacts
3571450400131,openfacts
3571450400186,openfacts
3571450402357,openfacts
3571450402548,openfacts
3571491000086,openfacts
3571491640008,openfacts
3571492000030,openfacts
3571492000306,openfacts
3571492180008,openfacts
3571492190007,openfacts
3571492210019,openfacts
3571492344004,openfacts
3571492380026,openfacts
3571492480009,openfacts
3571492490008,openfacts
3571492490138,openfacts
3571492510003,openfacts
3571492540000,openfacts
3571492670004,openfacts
3571492680003,openfacts
3571495010234,openfacts
3571495020080,openfacts
3571495020097,openfacts
3571495030010,openfacts
3571495030126,openfacts
3571495030133,openfacts
3571495040040,openfacts
3571495060048,openfacts
3571495060055,openfacts
3571495110019,openfacts
3571495110026,openfacts
3571495110040,openfacts
3571495110057,openfacts
3571495110064,openfacts
3571495110095,openfacts
3571495110118,openfacts
3571495110132,openfacts
3571495110149,openfacts
3571495110187,openfacts
3571495110347,openfacts
3571495110354,openfacts
3571495110378,openfacts
3571495112754,openfacts
3571495140009,openfacts
3571495140016,openfacts
3571495140023,openfacts
3571495140030,openfacts
3571495140047,openfacts
3571495140115,openfacts
3571495140122,openfacts
3571495140306,openfacts
3571495140313,openfacts
3571495140344,openfacts
3571495140382,openfacts
3571495140429,openfacts
3571495140443,openfacts
3571495140481,openfacts
3571495140504,openfacts
3571495140511,openfacts
3571495140528,openfacts
3571495140535,openfacts
3571495140542,openfacts
3571495140559,openfacts
3571495140658,openfacts
3571495140719,openfacts
3571495140726,openfacts
3571495140757,openfacts
3571495140856,openfacts
3571495140894,openfacts
3571495140931,openfacts
3571495150015,openfacts
3571495150022,openfacts
3571495150282,openfacts
3571495150312,openfacts
3571495150329,openfacts
3571495150398,openfacts
3571495150435,openfacts
3571495150732,openfacts
3571495150756,openfacts
3571495150763,openfacts
3571495150794,openfacts
3571495150800,openfacts
3571495150817,openfacts
3571497000066,openfacts
3571498110245,openfacts
3571498110290,openfacts
3571551377004,openfacts
3571551547605,openfacts
3571551607002,openfacts
3571551777415,openfacts
3571551807006,openfacts
3571600040057,openfacts
3571600040293,openfacts
3571600041061,openfacts
3571600403111,openfacts
3571644003681,openfacts
3571700271368,openfacts
3571700292721,openfacts
3571700293131,openfacts
3571700293193,openfacts
3571710001986,openfacts
3571710002310,openfacts
3571710002761,openfacts
3571710002884,openfacts
3571710003966,openfacts
3571740000027,openfacts
3571780110038,openfacts
3571830000401,openfacts
3571830000500,openfacts
3571830000609,openfacts
3571830001002,openfacts
3571830003006,openfacts
3571830004003,openfacts
3571830005000,openfacts
3571830009008,openfacts
3571830010004,openfacts
3571830020003,openfacts
3571830100101,openfacts
3571830200207,openfacts
3571830300006,openfacts
3571940000292,openfacts
3571940001619,openfacts
3571940001947,openfacts
3571940002241,openfacts
3571960000654,openfacts
3571960000807,openfacts
3571960002665,openfacts
3571960003204,openfacts
3571960003716,openfacts
3571960004218,openfacts
3571960004348,openfacts
3571960004980,openfacts
3571960004997,openfacts
3571960005109,openfacts
3571960005529,openfacts
3571960005703,openfacts
3571960005741,openfacts
3571960005789,openfacts
3571960005857,openfacts
3571960005918,openfacts
3571960006007,openfacts
3571960006045,openfacts
3571960006212,openfacts
3571960006311,openfacts
3571960006533,openfacts
3571960006779,openfacts
3571960006786,openfacts
3571960006793,openfacts
3571960006861,openfacts
3571960006892,openfacts
3571960007288,openfacts
3571960007837,openfacts
3571960008681,openfacts
3571960008735,openfacts
3571960008872,openfacts
3571960010110,openfacts
3571960010172,openfacts
3571960010899,openfacts
3571960010950,openfacts
3571960010974,openfacts
3571960011148,openfacts
3571960012459,openfacts
3571960013272,openfacts
3571960013814,openfacts
3572035900756,openfacts
3572041111603,openfacts
3572100000008,openfacts
3572101001004,openfacts
3572102000501,openfacts
3572103000753,openfacts
3572170121009,openfacts
3572170121016,openfacts
3572170121023,openfacts
3572170121030,openfacts
3572170121047,openfacts
3572170121061,openfacts
3572170121078,openfacts
3572170121085,openfacts
3572170124598,openfacts
3572170309520,openfacts
3572170309988,openfacts
3572170350232,openfacts
3572170350607,openfacts
3572170350614,openfacts
3572170350638,openfacts
3572170351260,openfacts
3572170356111,openfacts
3572170356166,openfacts
3572170373002,openfacts
3572170373101,openfacts
3572170373200,openfacts
3572170373309,openfacts
3572170375204,openfacts
3572170376003,openfacts
3572170385005,openfacts
3572170385012,openfacts
3572170385036,openfacts
3572170385043,openfacts
3572170450062,openfacts
3572170452059,openfacts
3572170461174,openfacts
3572170678510,openfacts
3572170678534,openfacts
3572170678541,openfacts
3572170678558,openfacts
3572170678565,openfacts
3572170678572,openfacts
3572171700036,openfacts
3572174879500,openfacts
3572174879517,openfacts
3572174879524,openfacts
3572174879531,openfacts
3572174879548,openfacts
3572174879555,openfacts
3572174879586,openfacts
3572174879609,openfacts
3572174879715,openfacts
3572174879722,openfacts
3572174879807,openfacts
3572174881008,openfacts
3572174881107,openfacts
3572174881206,openfacts
3572174920004,openfacts
3572174921001,openfacts
3572174922008,openfacts
3572174923005,openfacts
3572174924002,openfacts
3572174925009,openfacts
3572174927003,openfacts
3572174932106,openfacts
3572174932113,openfacts
3572174932144,openfacts
3572174932168,openfacts
3572174941009,openfacts
3572174941108,openfacts
3572174941504,openfacts
3572174941603,openfacts
3572174941610,openfacts
3572174941634,openfacts
3572174941702,openfacts
3572175932105,openfacts
3572175932914,openfacts
3572175932921,openfacts
3572175932938,openfacts
3572175933102,openfacts
3572175933140,openfacts
3572250011015,openfacts
3572250011039,openfacts
3572250011053,openfacts
3572250011060,openfacts
3572250011084,openfacts
3572250011152,openfacts
3572250011190,openfacts
3572250011206,openfacts
3572250011213,openfacts
3572250011237,openfacts
3572250011244,openfacts
3572250011251,openfacts
3572250011282,openfacts
3572250011299,openfacts
3572250011305,openfacts
3572250011312,openfacts
3572250011329,openfacts
3572250011336,openfacts
3572250011381,openfacts
3572250012210,openfacts
3572250012340,openfacts
3572250013026,openfacts
3572250013033,openfacts
3572250013040,openfacts
3572250013071,openfacts
3572250013163,openfacts
3572250013187,openfacts
3572250013217,openfacts
3572250013224,openfacts
3572250013484,openfacts
3572250013538,openfacts
3572350008519,openfacts
3572420000351,openfacts
3572420000368,openfacts
3572420000375,openfacts
3572420000382,openfacts
3572420000399,openfacts
3572420000405,openfacts
3572420000412,openfacts
3572420000429,openfacts
3572420000436,openfacts
3572420000443,openfacts
3572420000450,openfacts
3572420000467,openfacts
3572420000474,openfacts
3572420000481,openfacts
3572420000498,openfacts
3572420000504,openfacts
3572420000511,openfacts
3572420000528,openfacts
3572420000535,openfacts
3572420000542,openfacts
3572420000672,openfacts
3572420000696,openfacts
3572420000726,openfacts
3572420000733,openfacts
3572420000740,openfacts
3572420000757,openfacts
3572420000764,openfacts
3572420000771,openfacts
3572420000788,openfacts
3572420000795,openfacts
3572420000818,openfacts
3572420000825,openfacts
3572420001037,openfacts
3572420001044,openfacts
3572420001051,openfacts
3572420001068,openfacts
3572420001075,openfacts
3572420001082,openfacts
3572420001327,openfacts
3572420001365,openfacts
3572420001372,openfacts
3572420001389,openfacts
3572420001396,openfacts
3572420001402,openfacts
3572420100563,openfacts
3572420100662,openfacts
3572429004923,openfacts
3572429004930,openfacts
3572429005456,openfacts
3572429005616,openfacts
3572457722509,openfacts
3572500001018,openfacts
3572500001025,openfacts
3572500001032,openfacts
3572500001155,openfacts
3572500001162,openfacts
3572500001179,openfacts
3572520000015,openfacts
3572520000022,openfacts
3572520000039,openfacts
3572520000046,openfacts
3572520000053,openfacts
3572520000060,openfacts
3572520000107,openfacts
3572520000114,openfacts
3572520000138,openfacts
3572520000152,openfacts
3572520000176,openfacts
3572520000183,openfacts
3572520000206,openfacts
3572520000220,openfacts
3572520030005,openfacts
3572520201207,openfacts
3572522016007,openfacts
3572620006221,openfacts
3572634008457,openfacts
3572710201116,openfacts
3572710347029,openfacts
3572710841114,openfacts
3572710851113,openfacts
3572710861112,openfacts
3572710902112,openfacts
3572710905113,openfacts
3572710905311,openfacts
3572710907117,openfacts
3572731100450,openfacts
3572731100467,openfacts
3572731100719,openfacts
3572731102492,openfacts
3572731102508,openfacts
3572731102515,openfacts
3572731103871,openfacts
3572731117045,openfacts
3572731117243,openfacts
3572731117540,openfacts
3572731140012,openfacts
3572731140029,openfacts
3572731142030,openfacts
3572731200532,openfacts
3572731200549,openfacts
3572731200761,openfacts
3572731200778,openfacts
3572731200822,openfacts
3572731200853,openfacts
3572731200860,openfacts
3572731201225,openfacts
3572731201232,openfacts
3572731201638,openfacts
3572731201652,openfacts
3572731201669,openfacts
3572731201676,openfacts
3572731201683,openfacts
3572731201690,openfacts
3572731201706,openfacts
3572731202062,openfacts
3572731202116,openfacts
3572731202123,openfacts
3572731202154,openfacts
3572731202161,openfacts
3572731202307,openfacts
3572731202352,openfacts
3572731202369,openfacts
3572731202376,openfacts
3572731202383,openfacts
3572731202390,openfacts
3572731202406,openfacts
3572731202413,openfacts
3572731202420,openfacts
3572731202529,openfacts
3572731202628,openfacts
3572731202635,openfacts
3572731202642,openfacts
3572731202659,openfacts
3572731202666,openfacts
3572731203175,openfacts
3572731203182,openfacts
3572731203199,openfacts
3572731203205,openfacts
3572731203618,openfacts
3572731300553,openfacts
3572731300560,openfacts
3572731300720,openfacts
3572731300737,openfacts
3572731300744,openfacts
3572731301574,openfacts
3572731301598,openfacts
3572731301604,openfacts
3572731302489,openfacts
3572731302588,openfacts
3572731302946,openfacts
3572731303417,openfacts
3572731303424,openfacts
3572731303431,openfacts
3572731303721,openfacts
3572731317049,openfacts
3572731317148,openfacts
3572731317247,openfacts
3572731340221,openfacts
3572731340313,openfacts
3572731340320,openfacts
3572731340818,openfacts
3572731340825,openfacts
3572731342034,openfacts
3572731342218,openfacts
3572731342225,openfacts
3572731342317,openfacts
3572731342324,openfacts
3572731400178,openfacts
3572731400666,openfacts
3572731400680,openfacts
3572731400697,openfacts
3572731400703,openfacts
3572731400932,openfacts
3572731401373,openfacts
3572731402905,openfacts
3572731403575,openfacts
3572731403704,openfacts
3572731502131,openfacts
3572731502148,openfacts
3572731547019,openfacts
3572731547026,openfacts
3572740750080,openfacts
3572740750110,openfacts
3572830225009,openfacts
3572860000027,openfacts
3572860000034,openfacts
3572860001352,openfacts
3572860001413,openfacts
3572860001420,openfacts
3572860001437,openfacts
3572860001727,openfacts
3572860001734,openfacts
3572860001789,openfacts
3572860001925,openfacts
3572860002045,openfacts
3572860002069,openfacts
3572860002076,openfacts
3572860002205,openfacts
3572860002243,openfacts
3572860002366,openfacts
3572860002489,openfacts
3572860002496,openfacts
3572860002533,openfacts
3572870000000,openfacts
3572870000024,openfacts
3572870000031,openfacts
3572870000048,openfacts
3572870000055,openfacts
3572870000062,openfacts
3572870000079,openfacts
3572870000086,openfacts
3572870000109,openfacts
3572870000116,openfacts
3572870000123,openfacts
3572870000130,openfacts
3572870000147,openfacts
3572870000154,openfacts
3572870000161,openfacts
3572870000178,openfacts
3572870000185,openfacts
3572870000192,openfacts
3572870000307,openfacts
3572870000314,openfacts
3572870000321,openfacts
3572870000338,openfacts
3572870000345,openfacts
3572870000352,openfacts
3572870000369,openfacts
3572870000413,openfacts
3572870000420,openfacts
3572870000437,openfacts
3572870000444,openfacts
3572870000451,openfacts
3572870000468,openfacts
3572870000475,openfacts
3572870000482,openfacts
3572870000499,openfacts
3572870000505,openfacts
3572870000529,openfacts
3572870000598,openfacts
3572870000635,openfacts
3572870000642,openfacts
3572870000659,openfacts
3572870000673,openfacts
3572870000703,openfacts
3572870000727,openfacts
3572870000734,openfacts
3572870000741,openfacts
3572870000765,openfacts
3572870000772,openfacts
3572870000789,openfacts
3572870000796,openfacts
3572870000819,openfacts
3572870000833,openfacts
3572870000840,openfacts
3572870000963,openfacts
3572870000970,openfacts
3572870002257,openfacts
3572870003131,openfacts
3572870003421,openfacts
3572870004466,openfacts
3572870004954,openfacts
3572870005074,openfacts
3572870005098,openfacts
3572870005999,openfacts
3572870006002,openfacts
3572870006170,openfacts
3572870006217,openfacts
3572870006279,openfacts
3572870006293,openfacts
3572870006439,openfacts
3572870006514,openfacts
3572870006538,openfacts
3572870006576,openfacts
3572870007276,openfacts
3572870007375,openfacts
3572870007542,openfacts
3572870007566,openfacts
3572870007788,openfacts
3572870007801,openfacts
3572870008709,openfacts
3572870008723,openfacts
3572870009010,openfacts
3572870009119,openfacts
3572870009157,openfacts
3572870009539,openfacts
3572870009553,openfacts
3572870009614,openfacts
3572870009874,openfacts
3572870009980,openfacts
3572900000000,openfacts
3572980000204,openfacts
3572980002758,openfacts
3573060003009,openfacts
3573060017600,openfacts
3573060137605,openfacts
3573060154619,openfacts
3573060154626,openfacts
3573061501801,openfacts
3573064611507,openfacts
3573090661217,openfacts
3573090690705,openfacts
3573091013107,openfacts
3573091013398,openfacts
3573091108100,openfacts
3573091208305,openfacts
3573091709000,openfacts
3573092013106,openfacts
3573092151075,openfacts
3573092162057,openfacts
3573092263334,openfacts
3573092639375,openfacts
3573092643518,openfacts
3573094505005,openfacts
3573094567126,openfacts
3573094605125,openfacts
3573094659005,openfacts
3573094705122,openfacts
3573095061487,openfacts
3573095124182,openfacts
3573095370619,openfacts
3573095399733,openfacts
3573095400750,openfacts
3573095606626,openfacts
3573095762766,openfacts
3573130000044,openfacts
3573130109112,openfacts
3573190000039,openfacts
3573202330116,openfacts
3573202330185,openfacts
3573202330192,openfacts
3573220102252,openfacts
3573220375106,openfacts
3573223317035,openfacts
3573230003228,openfacts
3573230003259,openfacts
3573230003266,openfacts
3573230003280,openfacts
3573230004249,openfacts
3573230004393,openfacts
3573230004423,openfacts
3573230004430,openfacts
3573230004454,openfacts
3573230004461,openfacts
3573230004782,openfacts
3573230005437,openfacts
3573230005444,openfacts
3573230005536,openfacts
3573230005543,openfacts
3573230005581,openfacts
3573230005666,openfacts
3573230005673,openfacts
3573230005970,openfacts
3573230006915,openfacts
3573230008155,openfacts
3573230008162,openfacts
3573230008322,openfacts
3573230008780,openfacts
3573230008803,openfacts
3573230008810,openfacts
3573230008834,openfacts
3573230008858,openfacts
3573230008865,openfacts
3573230008872,openfacts
3573230008889,openfacts
3573230010417,openfacts
3573230010752,openfacts
3573230010820,openfacts
3573230010844,openfacts
3573230010899,openfacts
3573230010936,openfacts
3573230010950,openfacts
3573230010981,openfacts
3573230011018,openfacts
3573230011025,openfacts
3573230011063,openfacts
3573230011568,openfacts
3573230011780,openfacts
3573230011797,openfacts
3573230011803,openfacts
3573230011810,openfacts
3573230011827,openfacts
3573230011858,openfacts
3573230011971,openfacts
3573250008227,openfacts
3573250010046,openfacts
3573250010930,openfacts
3573250019612,openfacts
3573250028126,openfacts
3573250034219,openfacts
3573250230208,openfacts
3573250301052,openfacts
3573250301496,openfacts
3573250302035,openfacts
3573250304770,openfacts
3573250304824,openfacts
3573251111117,openfacts
3573281070248,openfacts
3573300000003,openfacts
3573353304547,openfacts
3573400000163,openfacts
3573400000675,openfacts
3573400000682,openfacts
3573400000729,openfacts
3573400000743,openfacts
3573400000767,openfacts
3573400000972,openfacts
3573400001429,openfacts
3573400001436,openfacts
3573400001498,openfacts
3573400001603,openfacts
3573400002204,openfacts
3573400002266,openfacts
3573400003966,openfacts
3573400003973,openfacts
3573400004086,openfacts
3573400004284,openfacts
3573400004536,openfacts
3573400004727,openfacts
3573400004925,openfacts
3573400004963,openfacts
3573400004987,openfacts
3573400004994,openfacts
3573400005069,openfacts
3573400005090,openfacts
3573400005120,openfacts
3573400005267,openfacts
3573400005274,openfacts
3573400005403,openfacts
3573400005410,openfacts
3573400005458,openfacts
3573400005472,openfacts
3573400005625,openfacts
3573400005670,openfacts
3573400005717,openfacts
3573400005724,openfacts
3573400005731,openfacts
3573400005762,openfacts
3573400005779,openfacts
3573400005786,openfacts
3573400005793,openfacts
3573400005861,openfacts
3573400005878,openfacts
3573400005885,openfacts
3573400006066,openfacts
3573400006103,openfacts
3573400006110,openfacts
3573400006288,openfacts
3573400006363,openfacts
3573400006493,openfacts
3573400006547,openfacts
3573400006592,openfacts
3573400006615,openfacts
3573400006653,openfacts
3573400006660,openfacts
3573400006752,openfacts
3573400006912,openfacts
3573400006936,openfacts
3573400006967,openfacts
3573400006981,openfacts
3573400007018,openfacts
3573400007209,openfacts
3573400007216,openfacts
3573400007278,openfacts
3573400007346,openfacts
3573400007360,openfacts
3573400007377,openfacts
3573400007414,openfacts
3573400007452,openfacts
3573400007469,openfacts
3573400007490,openfacts
3573400007506,openfacts
3573400007520,openfacts
3573400007537,openfacts
3573400007551,openfacts
3573400007612,openfacts
3573400007643,openfacts
3573400007735,openfacts
3573400007797,openfacts
3573400007872,openfacts
3573400007902,openfacts
3573400007964,openfacts
3573400007995,openfacts
3573400008008,openfacts
3573400008091,openfacts
3573400008107,openfacts
3573400008176,openfacts
3573400008190,openfacts
3573400008237,openfacts
3573400008367,openfacts
3573400009012,openfacts
3573400009074,openfacts
3573400009135,openfacts
3573400009142,openfacts
3573400009173,openfacts
3573400009180,openfacts
3573400009210,openfacts
3573400009241,openfacts
3573400009258,openfacts
3573400009265,openfacts
3573400009272,openfacts
3573400009340,openfacts
3573400009388,openfacts
3573420305316,openfacts
3573421014316,openfacts
3573421209316,openfacts
3573444021308,openfacts
3573446072308,openfacts
3573451100102,openfacts
3573451200192,openfacts
3573451200383,openfacts
3573466000060,openfacts
3573470001015,openfacts
3573470001619,openfacts
3573470001916,openfacts
3573470002029,openfacts
3573470002128,openfacts
3573470003019,openfacts
3573470003026,openfacts
3573470004023,openfacts
3573470007017,openfacts
3573470007024,openfacts
3573470008021,openfacts
3573470009011,openfacts
3573470012011,openfacts
3573470012028,openfacts
3573470015012,openfacts
3573470018013,openfacts
3573470018020,openfacts
3573470020016,openfacts
3573470020023,openfacts
3573470044111,openfacts
3573470210011,openfacts
3573470230033,openfacts
3573470260016,openfacts
3573470500020,openfacts
3573470700109,openfacts
3573470700208,openfacts
3573470700307,openfacts
3573470800014,openfacts
3573475001010,openfacts
3573475002017,openfacts
3573570000017,openfacts
3573700000009,openfacts
3573730268806,openfacts
3573730268813,openfacts
3573730288859,openfacts
3573730288866,openfacts
3573730289061,openfacts
3573800000008,openfacts
3573821111431,openfacts
3573850589218,openfacts
3573900000007,openfacts
3573904032462,openfacts
3573972003463,openfacts
3573975008731,openfacts
3573994002451,openfacts
3573994005476,openfacts
3573994006275,openfacts
3574000000003,openfacts
3574100000002,openfacts
3574100001139,openfacts
3574100001412,openfacts
3574100001481,openfacts
3574100001993,openfacts
3574100016713,openfacts
3574100020550,openfacts
3574100042415,openfacts
3574100043733,openfacts
3574100043795,openfacts
3574100075024,openfacts
3574100075031,openfacts
3574100075048,openfacts
3574100075055,openfacts
3574100075086,openfacts
3574100075093,openfacts
3574100075123,openfacts
3574100075130,openfacts
3574100075147,openfacts
3574100075154,openfacts
3574100075161,openfacts
3574100075178,openfacts
3574100075185,openfacts
3574100075208,openfacts
3574100075215,openfacts
3574100075239,openfacts
3574100075246,openfacts
3574100075253,openfacts
3574100075260,openfacts
3574100075277,openfacts
3574100075284,openfacts
3574100075307,openfacts
3574100075314,openfacts
3574100075321,openfacts
3574100075338,openfacts
3574100075383,openfacts
3574100075390,openfacts
3574100075444,openfacts
3574100075451,openfacts
3574100075581,openfacts
3574100075604,openfacts
3574100075628,openfacts
3574100075710,openfacts
3574100075796,openfacts
3574100075857,openfacts
3574100077172,openfacts
3574100099501,openfacts
3574100099518,openfacts
3574100099525,openfacts
3574100099532,openfacts
3574100099549,openfacts
3574100099556,openfacts
3574100099716,openfacts
3574100099723,openfacts
3574100099730,openfacts
3574100099747,openfacts
3574100099754,openfacts
3574100099792,openfacts
3574100099846,openfacts
3574100099907,openfacts
3574100399311,openfacts
3574100410023,openfacts
3574100410030,openfacts
3574100410047,openfacts
3574100410054,openfacts
3574100410078,openfacts
3574100410085,openfacts
3574100410092,openfacts
3574100410108,openfacts
3574100410313,openfacts
3574100410498,openfacts
3574100414106,openfacts
3574100416131,openfacts
3574100416308,openfacts
3574100434005,openfacts
3574100497109,openfacts
3574100647009,openfacts
3574100647306,openfacts
3574100647900,openfacts
3574100647917,openfacts
3574100647931,openfacts
3574100750716,openfacts
3574100751010,openfacts
3574100751218,openfacts
3574100751539,openfacts
3574100753052,openfacts
3574100753113,openfacts
3574100756053,openfacts
3574100756350,openfacts
3574100756367,openfacts
3574100994509,openfacts
3574100994516,openfacts
3574101217201,openfacts
3574103975512,openfacts
3574103975611,openfacts
3574103975710,openfacts
3574103975918,openfacts
3574103977110,openfacts
3574103977127,openfacts
3574103977141,openfacts
3574103979770,openfacts
3574104100333,openfacts
3574104504254,openfacts
3574107513123,openfacts
3574107518128,openfacts
3574107530120,openfacts
3574107533121,openfacts
3574107543120,openfacts
3574107725052,openfacts
3574107725069,openfacts
3574107725076,openfacts
3574107725083,openfacts
3574109910029,openfacts
3574109910227,openfacts
3574109920066,openfacts
3574109920080,openfacts
3574109920165,openfacts
3574109920189,openfacts
3574109951800,openfacts
3574134711332,openfacts
3574159658124,openfacts
3574160362096,openfacts
3574200000025,openfacts
3574215500589,openfacts
3574270075022,openfacts
3574300031523,openfacts
3574300031622,openfacts
3574300032377,openfacts
3574300032834,openfacts
3574300032995,openfacts
3574300033312,openfacts
3574300033343,openfacts
3574300033398,openfacts
3574300033510,openfacts
3574300033541,openfacts
3574300033596,openfacts
3574300033640,openfacts
3574300033725,openfacts
3574300033732,openfacts
3574300033824,openfacts
3574300034562,openfacts
3574300037587,openfacts
3574300037594,openfacts
3574310020227,openfacts
3574310020234,openfacts
3574310020326,openfacts
3574310020388,openfacts
3574310020432,openfacts
3574310020593,openfacts
3574310020760,openfacts
3574310020913,openfacts
3574310020951,openfacts
3574310173534,openfacts
3574310175088,openfacts
3574310201947,openfacts
3574310202241,openfacts
3574310202340,openfacts
3574310204047,openfacts
3574310204849,openfacts
3574310207147,openfacts
3574310207246,openfacts
3574310207642,openfacts
3574310208342,openfacts
3574310209141,openfacts
3574310209158,openfacts
3574310209240,openfacts
3574310209448,openfacts
3574310210550,openfacts
3574310211847,openfacts
3574310211854,openfacts
3574310212745,openfacts
3574310212776,openfacts
3574310240014,openfacts
3574310240274,openfacts
3574310250136,openfacts
3574310251058,openfacts
3574310251096,openfacts
3574310251133,openfacts
3574310260043,openfacts
3574310350201,openfacts
3574310350324,openfacts
3574310380277,openfacts
3574310380383,openfacts
3574310380796,openfacts
3574310380864,openfacts
3574310381731,openfacts
3574311010036,openfacts
3574311020189,openfacts
3574311020233,openfacts
3574311020318,openfacts
3574311020387,openfacts
3574311020486,openfacts
3574311020592,openfacts
3574311020783,openfacts
3574311020929,openfacts
3574311174141,openfacts
3574311174240,openfacts
3574311240136,openfacts
3574311270041,openfacts
3574311270294,openfacts
3574311280057,openfacts
3574311280064,openfacts
3574311280262,openfacts
3574311280507,openfacts
3574311350033,openfacts
3574311350279,openfacts
3574311380290,openfacts
3574311380313,openfacts
3574311380375,openfacts
3574311380399,openfacts
3574311380436,openfacts
3574311380443,openfacts
3574311380481,openfacts
3574311380504,openfacts
3574311380863,openfacts
3574311380924,openfacts
3574311381150,openfacts
3574311381167,openfacts
3574311381174,openfacts
3574311381181,openfacts
3574311381402,openfacts
3574311381419,openfacts
3574311381440,openfacts
3574311381501,openfacts
3574311381525,openfacts
3574311410379,openfacts
3574311410416,openfacts
3574311740247,openfacts
3574311740742,openfacts
3574311740841,openfacts
3574311741343,openfacts
3574311741442,openfacts
3574311741541,openfacts
3574311742340,openfacts
3574311743446,openfacts
3574311860013,openfacts
3574312901241,openfacts
3574313021139,openfacts
3574313200145,openfacts
3574313200343,openfacts
3574313200442,openfacts
3574313200541,openfacts
3574313240134,openfacts
3574313270452,openfacts
3574313270605,openfacts
3574313280420,openfacts
3574313280475,openfacts
3574313281427,openfacts
3574313380021,openfacts
3574313380038,openfacts
3574313380090,openfacts
3574313380113,openfacts
3574313380144,openfacts
3574313380168,openfacts
3574313380366,openfacts
3574313390013,openfacts
3574313390037,openfacts
3574313401016,openfacts
3574313401023,openfacts
3574313401030,openfacts
3574313401092,openfacts
3574313401139,openfacts
3574313401160,openfacts
3574313502034,openfacts
3574313502041,openfacts
3574313502072,openfacts
3574313502744,openfacts
3574313503246,openfacts
3574313880149,openfacts
3574313880170,openfacts
3574313880248,openfacts
3574313880347,openfacts
3574313880415,openfacts
3574313880446,openfacts
3574313880545,openfacts
3574313880941,openfacts
3574313881047,openfacts
3574313881078,openfacts
3574313881146,openfacts
3574313881153,openfacts
3574313881245,openfacts
3574313881443,openfacts
3574313881948,openfacts
3574313882341,openfacts
3574314020056,openfacts
3574314020193,openfacts
3574314020223,openfacts
3574314020230,openfacts
3574314020292,openfacts
3574314020346,openfacts
3574314020384,openfacts
3574314020407,openfacts
3574314020438,openfacts
3574314020445,openfacts
3574314020582,openfacts
3574314020599,openfacts
3574314020636,openfacts
3574314020759,openfacts
3574314020766,openfacts
3574314020780,openfacts
3574314020827,openfacts
3574314020834,openfacts
3574314020858,openfacts
3574314020865,openfacts
3574314020919,openfacts
3574314020926,openfacts
3574314020933,openfacts
3574314021183,openfacts
3574314191053,openfacts
3574314203053,openfacts
3574314203060,openfacts
3574314251016,openfacts
3574314270444,openfacts
3574314280399,openfacts
3574314280528,openfacts
3574314281013,openfacts
3574314281099,openfacts
3574314290053,openfacts
3574314320019,openfacts
3574314320033,openfacts
3574314320040,openfacts
3574314320057,openfacts
3574314320088,openfacts
3574314350023,openfacts
3574314350054,openfacts
3574314350207,openfacts
3574314350214,openfacts
3574314350252,openfacts
3574314350276,openfacts
3574314350290,openfacts
3574314350320,openfacts
3574314350566,openfacts
3574314380105,openfacts
3574314380273,openfacts
3574314380310,openfacts
3574314380372,openfacts
3574314380396,openfacts
3574314380402,openfacts
3574314380440,openfacts
3574314380501,openfacts
3574314380624,openfacts
3574314380662,openfacts
3574314380761,openfacts
3574314380792,openfacts
3574314380921,openfacts
3574314381034,openfacts
3574314381157,openfacts
3574314381188,openfacts
3574314381409,openfacts
3574314381416,openfacts
3574314381447,openfacts
3574314381515,openfacts
3574314381522,openfacts
3574314381850,openfacts
3574314410079,openfacts
3574314410130,openfacts
3574314410161,openfacts
3574314410178,openfacts
3574314410192,openfacts
3574314410208,openfacts
3574314410369,openfacts
3574314410376,openfacts
3574314410383,openfacts
3574314410390,openfacts
3574314410420,openfacts
3574314410437,openfacts
3574315020062,openfacts
3574315020079,openfacts
3574315020192,openfacts
3574315020307,openfacts
3574315020321,openfacts
3574315020369,openfacts
3574315020383,openfacts
3574315020406,openfacts
3574315020543,openfacts
3574315020789,openfacts
3574315020864,openfacts
3574315020918,openfacts
3574315020956,openfacts
3574315021182,openfacts
3574315173010,openfacts
3574315173126,openfacts
3574315173362,openfacts
3574315173409,openfacts
3574315173430,openfacts
3574315174178,openfacts
3574315175069,openfacts
3574315175151,openfacts
3574315183033,openfacts
3574315203038,openfacts
3574315240293,openfacts
3574315251053,openfacts
3574315270023,openfacts
3574315270085,openfacts
3574315270153,openfacts
3574315270368,openfacts
3574315270511,openfacts
3574315270597,openfacts
3574315270610,openfacts
3574315280053,openfacts
3574315280060,openfacts
3574315280077,openfacts
3574315280206,openfacts
3574315280268,openfacts
3574315280428,openfacts
3574315280442,openfacts
3574315280459,openfacts
3574315280503,openfacts
3574315281098,openfacts
3574315290014,openfacts
3574315290472,openfacts
3574315320087,openfacts
3574315340054,openfacts
3574315350152,openfacts
3574315350275,openfacts
3574315350428,openfacts
3574315360694,openfacts
3574315380029,openfacts
3574315380036,openfacts
3574315380104,openfacts
3574315380111,openfacts
3574315380142,openfacts
3574315380258,openfacts
3574315380272,openfacts
3574315380296,openfacts
3574315380319,openfacts
3574315380326,openfacts
3574315380333,openfacts
3574315380371,openfacts
3574315380388,openfacts
3574315380395,openfacts
3574315380401,openfacts
3574315380449,openfacts
3574315380487,openfacts
3574315380661,openfacts
3574315380869,openfacts
3574315380890,openfacts
3574315380975,openfacts
3574315381033,openfacts
3574315381118,openfacts
3574315381156,openfacts
3574315381446,openfacts
3574315381798,openfacts
3574315381828,openfacts
3574315381859,openfacts
3574315390035,openfacts
3574315401038,openfacts
3574315410399,openfacts
3574315860019,openfacts
3574315860026,openfacts
3574315860132,openfacts
3574315860187,openfacts
3574316020221,openfacts
3574316020382,openfacts
3574316020597,openfacts
3574316020764,openfacts
3574316020832,openfacts
3574316020917,openfacts
3574316020924,openfacts
3574316380820,openfacts
3574317020480,openfacts
3574317250078,openfacts
3574317270380,openfacts
3574317271448,openfacts
3574317271479,openfacts
3574317280389,openfacts
3574317290470,openfacts
3574317350624,openfacts
3574317357012,openfacts
3574317380324,openfacts
3574317380386,openfacts
3574317380621,openfacts
3574317380867,openfacts
3574317381406,openfacts
3574317390033,openfacts
3574318390032,openfacts
3574318601343,openfacts
3574380078906,openfacts
3574380621171,openfacts
3574380656135,openfacts
3574386084864,openfacts
3574386117555,openfacts
3574430070164,openfacts
3574516382877,openfacts
3574518000076,openfacts
3574520020116,openfacts
3574520020314,openfacts
3574660002515,openfacts
3574660002539,openfacts
3574660025415,openfacts
3574660026757,openfacts
3574660026788,openfacts
3574660026917,openfacts
3574660026955,openfacts
3574660027037,openfacts
3574660028096,openfacts
3574660032314,openfacts
3574660038408,openfacts
3574660039559,openfacts
3574660048209,openfacts
3574660050516,openfacts
3574660057706,openfacts
3574660066227,openfacts
3574660067613,webdatacommons
3574660085563,openfacts
3574660089356,webdatacommons
3574660101812,openfacts
3574660123081,openfacts
3574660123425,openfacts
3574660135794,openfacts
3574660149548,openfacts
3574660149807,openfacts
3574660156324,openfacts
3574660183818,openfacts
3574660200775,openfacts
3574660217599,openfacts
3574660219623,openfacts
3574660235951,openfacts
3574660235982,openfacts
3574660239010,openfacts
3574660241457,openfacts
3574660243390,openfacts
3574660245615,openfacts
3574660245646,openfacts
3574660245844,openfacts
3574660252309,webdatacommons
3574660258264,openfacts
3574660258288,openfacts
3574660260038,openfacts
3574660260052,openfacts
3574660296013,openfacts
3574660310405,openfacts
3574660316889,openfacts
3574660322590,webdatacommons
3574660325492,openfacts
3574660342291,openfacts
3574660342734,openfacts
3574660348071,openfacts
3574660351101,openfacts
3574660362794,openfacts
3574660372526,openfacts
3574660379136,openfacts
3574660381726,openfacts
3574660395150,openfacts
3574660395785,openfacts
3574660398410,openfacts
3574660401523,openfacts
3574660412277,openfacts
3574660420951,openfacts
3574660422542,openfacts
3574660428773,openfacts
3574660428889,openfacts
3574660435221,openfacts
3574660436358,openfacts
3574660438307,openfacts
3574660438512,openfacts
3574660444063,openfacts
3574660446791,openfacts
3574660455076,openfacts
3574660474015,openfacts
3574660490466,openfacts
3574660500837,openfacts
3574660502510,openfacts
3574660502527,openfacts
3574660504293,openfacts
3574660507980,openfacts
3574660509137,openfacts
3574660511369,openfacts
3574660514520,openfacts
3574660514643,openfacts
3574660520101,openfacts
3574660520132,openfacts
3574660520286,openfacts
3574660521832,openfacts
3574660527377,openfacts
3574660527452,openfacts
3574660527490,openfacts
3574660529920,openfacts
3574660530278,openfacts
3574660530865,openfacts
3574660532739,openfacts
3574660533859,openfacts
3574660534603,openfacts
3574660534887,openfacts
3574660535198,openfacts
3574660536522,openfacts
3574660538359,openfacts
3574660541250,openfacts
3574660541298,openfacts
3574660557428,openfacts
3574660559859,webdatacommons
3574660563542,openfacts
3574660569759,openfacts
3574660571448,openfacts
3574660571462,openfacts
3574660571769,openfacts
3574660572254,openfacts
3574660577518,openfacts
3574660583342,openfacts
3574660587524,openfacts
3574660598353,openfacts
3574660600124,openfacts
3574660607109,openfacts
3574660618440,openfacts
3574660618488,openfacts
3574660619126,openfacts
3574660621822,openfacts
3574660623574,openfacts
3574660623604,openfacts
3574660627732,openfacts
3574660628920,openfacts
3574660634174,openfacts
3574660634297,openfacts
3574660634839,webdatacommons
3574660644173,openfacts
3574660650044,openfacts
3574660651249,openfacts
3574660651720,openfacts
3574660651751,webdatacommons
3574660652086,openfacts
3574660653533,openfacts
3574660653571,openfacts
3574660666144,openfacts
3574660673708,openfacts
3574660679946,openfacts
3574660680638,openfacts
3574660682168,openfacts
3574660682243,openfacts
3574660682335,openfacts
3574660687620,openfacts
3574660695403,openfacts
3574660702675,openfacts
3574660705690,openfacts
3574660708301,openfacts
3574660711738,openfacts
3574660711769,openfacts
3574660711929,openfacts
3574660715835,openfacts
3574660717884,openfacts
3574660718003,openfacts
3574660719710,openfacts
3574660721959,openfacts
3574660724349,openfacts
3574660724370,openfacts
3574661005904,openfacts
3574661007113,openfacts
3574661007342,openfacts
3574661008516,openfacts
3574661011288,openfacts
3574661011295,openfacts
3574661012582,openfacts
3574661016450,openfacts
3574661016702,openfacts
3574661022543,openfacts
3574661022550,openfacts
3574661024066,openfacts
3574661025971,openfacts
3574661029276,openfacts
3574661034638,openfacts
3574661034805,openfacts
3574661034867,openfacts
3574661039060,openfacts
3574661039718,openfacts
3574661039732,openfacts
3574661042220,openfacts
3574661042237,openfacts
3574661042251,openfacts
3574661042787,openfacts
3574661047171,openfacts
3574661049045,openfacts
3574661049052,openfacts
3574661050836,openfacts
3574661054841,openfacts
3574661057071,openfacts
3574661065335,openfacts
3574661065359,openfacts
3574661065403,openfacts
3574661065427,openfacts
3574661068268,openfacts
3574661069005,openfacts
3574661069456,openfacts
3574661073224,openfacts
3574661084442,openfacts
3574661087245,openfacts
3574661091020,openfacts
3574661091075,openfacts
3574661093659,openfacts
3574661093987,openfacts
3574661094021,openfacts
3574661094045,openfacts
3574661098531,openfacts
3574661098937,openfacts
3574661099224,openfacts
3574661104041,openfacts
3574661104058,openfacts
3574661104874,openfacts
3574661107455,openfacts
3574661107486,openfacts
3574661108285,openfacts
3574661114637,openfacts
3574661115115,openfacts
3574661116457,openfacts
3574661117621,openfacts
3574661118437,openfacts
3574661127750,openfacts
3574661128641,openfacts
3574661132648,openfacts
3574661133102,openfacts
3574661133126,openfacts
3574661134833,openfacts
3574661135601,openfacts
3574661136523,openfacts
3574661137292,openfacts
3574661138176,openfacts
3574661144832,openfacts
3574661149271,openfacts
3574661150048,openfacts
3574661151250,openfacts
3574661151267,openfacts
3574661153803,openfacts
3574661154022,openfacts
3574661155586,openfacts
3574661156392,openfacts
3574661156446,openfacts
3574661162232,openfacts
3574661163468,openfacts
3574661163918,openfacts
3574661168845,openfacts
3574661169651,openfacts
3574661172484,openfacts
3574661173856,openfacts
3574661175973,openfacts
3574661177137,openfacts
3574661177144,openfacts
3574661177229,openfacts
3574661181875,openfacts
3574661181882,openfacts
3574661182384,openfacts
3574661183343,openfacts
3574661183473,openfacts
3574661183923,openfacts
3574661184128,openfacts
3574661185699,openfacts
3574661186009,openfacts
3574661186269,openfacts
3574661186962,openfacts
3574661188751,openfacts
3574661192031,openfacts
3574661192109,openfacts
3574661192833,openfacts
3574661192857,openfacts
3574661193137,openfacts
3574661193144,openfacts
3574661195711,openfacts
3574661197326,webdatacommons
3574661198392,openfacts
3574661198514,openfacts
3574661199894,openfacts
3574661200132,openfacts
3574661203577,openfacts
3574661203584,openfacts
3574661203614,openfacts
3574661203621,openfacts
3574661204550,openfacts
3574661204598,openfacts
3574661210605,openfacts
3574661211121,openfacts
3574661213187,openfacts
3574661213729,openfacts
3574661214771,openfacts
3574661215341,openfacts
3574661218083,openfacts
3574661218441,openfacts
3574661218540,openfacts
3574661220482,openfacts
3574661226491,openfacts
3574661234090,openfacts
3574661236124,openfacts
3574661236445,openfacts
3574661236650,openfacts
3574661237008,openfacts
3574661237848,openfacts
3574661239279,openfacts
3574661239439,openfacts
3574661240664,openfacts
3574661240725,openfacts
3574661245386,openfacts
3574661245409,openfacts
3574661248141,openfacts
3574661250335,openfacts
3574661250359,openfacts
3574661250984,openfacts
3574661251936,openfacts
3574661252742,openfacts
3574661253350,openfacts
3574661253367,openfacts
3574661253411,openfacts
3574661253848,openfacts
3574661254067,openfacts
3574661254463,openfacts
3574661257037,openfacts
3574661257341,openfacts
3574661257525,openfacts
3574661257532,openfacts
3574661260419,openfacts
3574661261096,openfacts
3574661264745,openfacts
3574661264974,openfacts
3574661266787,openfacts
3574661269818,openfacts
3574661270524,openfacts
3574661272467,openfacts
3574661272474,openfacts
3574661276151,openfacts
3574661276496,openfacts
3574661286167,openfacts
3574661287201,openfacts
3574661287256,openfacts
3574661287898,openfacts
3574661288314,openfacts
3574661288345,openfacts
3574661288352,openfacts
3574661288376,openfacts
3574661288802,openfacts
3574661288840,openfacts
3574661288925,openfacts
3574661292014,openfacts
3574661292106,openfacts
3574661296142,openfacts
3574661299730,openfacts
3574661303925,webdatacommons
3574661308388,openfacts
3574661309682,openfacts
3574661309736,openfacts
3574661310343,openfacts
3574661310350,openfacts
3574661311234,openfacts
3574661312170,openfacts
3574661317021,openfacts
3574661317472,openfacts
3574661318332,openfacts
3574661319216,openfacts
3574661320700,openfacts
3574661321394,openfacts
3574661321554,openfacts
3574661322018,openfacts
3574661322261,openfacts
3574661322629,openfacts
3574661322636,openfacts
3574661322667,openfacts
3574661322735,openfacts
3574661325842,openfacts
3574661326207,openfacts
3574661332505,openfacts
3574661332512,openfacts
3574661332529,openfacts
3574661332536,openfacts
3574661332574,openfacts
3574661332611,openfacts
3574661333410,openfacts
3574661333571,openfacts
3574661333595,openfacts
3574661334912,openfacts
3574661334929,openfacts
3574661336404,openfacts
3574661336411,openfacts
3574661336657,openfacts
3574661337265,openfacts
3574661338439,openfacts
3574661340623,openfacts
3574661344621,openfacts
3574661347134,openfacts
3574661347417,openfacts
3574661347424,openfacts
3574661347806,openfacts
3574661349770,openfacts
3574661349817,openfacts
3574661350806,openfacts
3574661350820,openfacts
3574661350868,openfacts
3574661351445,openfacts
3574661351711,openfacts
3574661352275,openfacts
3574661352527,openfacts
3574661352541,openfacts
3574661352558,openfacts
3574661353357,openfacts
3574661353562,openfacts
3574661353852,openfacts
3574661355146,openfacts
3574661355290,openfacts
3574661358147,openfacts
3574661361666,openfacts
3574661362830,openfacts
3574661363240,openfacts
3574661363288,openfacts
3574661365138,openfacts
3574661365305,openfacts
3574661365640,openfacts
3574661367392,openfacts
3574661367989,webdatacommons
3574661368528,openfacts
3574661368542,openfacts
3574661368597,openfacts
3574661369310,webdatacommons
3574661369426,openfacts
3574661370194,openfacts
3574661370477,openfacts
3574661373577,openfacts
3574661373607,openfacts
3574661384344,openfacts
3574661384580,openfacts
3574661384757,openfacts
3574661385419,openfacts
3574661385488,openfacts
3574661385617,openfacts
3574661385624,openfacts
3574661385730,openfacts
3574661387314,openfacts
3574661388892,openfacts
3574661391083,openfacts
3574661391090,openfacts
3574661391359,webdatacommons
3574661391502,openfacts
3574661392455,openfacts
3574661392486,openfacts
3574661393667,openfacts
3574661393841,openfacts
3574661397405,openfacts
3574661397641,webdatacommons
3574661399973,openfacts
3574661401089,openfacts
3574661401119,openfacts
3574661401737,openfacts
3574661401805,openfacts
3574661401843,openfacts
3574661401881,openfacts
3574661403465,openfacts
3574661403472,openfacts
3574661404028,openfacts
3574661404097,openfacts
3574661404134,openfacts
3574661404141,openfacts
3574661404226,openfacts
3574661404660,openfacts
3574661406497,openfacts
3574661407227,openfacts
3574661407258,openfacts
3574661411453,openfacts
3574661411491,openfacts
3574661411545,openfacts
3574661412672,openfacts
3574661412689,openfacts
3574661416113,openfacts
3574661416717,openfacts
3574661417240,openfacts
3574661421667,openfacts
3574661421810,openfacts
3574661423005,openfacts
3574661423388,openfacts
3574661427706,openfacts
3574661427843,openfacts
3574661428024,openfacts
3574661428048,openfacts
3574661428093,openfacts
3574661429731,webdatacommons
3574661430690,openfacts
3574661430706,openfacts
3574661430713,openfacts
3574661430737,openfacts
3574661430751,openfacts
3574661430980,openfacts
3574661432656,webdatacommons
3574661435343,webdatacommons
3574661435718,openfacts
3574661440194,openfacts
3574661440460,openfacts
3574661440477,openfacts
3574661441665,openfacts
3574661442747,openfacts
3574661444345,openfacts
3574661445229,openfacts
3574661445311,openfacts
3574661447490,openfacts
3574661449852,openfacts
3574661449883,openfacts
3574661450544,openfacts
3574661450711,openfacts
3574661450735,openfacts
3574661450902,openfacts
3574661450919,openfacts
3574661450926,openfacts
3574661450933,openfacts
3574661450964,openfacts
3574661458748,openfacts
3574661458755,openfacts
3574661463445,openfacts
3574661464978,openfacts
3574661465043,openfacts
3574661466040,openfacts
3574661466088,openfacts
3574661469294,openfacts
3574661469928,openfacts
3574661470573,openfacts
3574661471181,openfacts
3574661472010,openfacts
3574661472393,openfacts
3574661474915,openfacts
3574661474939,openfacts
3574661476216,webdatacommons
3574661476308,webdatacommons
3574661476377,webdatacommons
3574661478067,openfacts
3574661479675,openfacts
3574661480176,openfacts
3574661482187,openfacts
3574661482194,openfacts
3574661482378,openfacts
3574661486307,openfacts
3574661487472,openfacts
3574661487519,openfacts
3574661487564,openfacts
3574661487625,openfacts
3574661489087,openfacts
3574661491066,openfacts
3574661491080,openfacts
3574661491097,openfacts
3574661491592,openfacts
3574661491721,openfacts
3574661491769,openfacts
3574661491776,openfacts
3574661491820,openfacts
3574661491844,openfacts
3574661491950,openfacts
3574661492018,openfacts
3574661492025,openfacts
3574661493633,openfacts
3574661497785,openfacts
3574661499666,openfacts
3574661500386,openfacts
3574661501901,openfacts
3574661501956,webdatacommons
3574661504810,openfacts
3574661505756,openfacts
3574661506302,webdatacommons
3574661508092,openfacts
3574661508948,openfacts
3574661513966,openfacts
3574661516318,openfacts
3574661516325,openfacts
3574661516332,openfacts
3574661516363,openfacts
3574661516417,openfacts
3574661516424,openfacts
3574661520469,openfacts
3574661520476,openfacts
3574661523521,openfacts
3574661525556,openfacts
3574661526065,openfacts
3574661527055,openfacts
3574661527413,openfacts
3574661527925,openfacts
3574661529202,openfacts
3574661531656,openfacts
3574661531755,openfacts
3574661534626,openfacts
3574661534695,openfacts
3574661534893,openfacts
3574661537245,openfacts
3574661537269,openfacts
3574661537467,openfacts
3574661537740,openfacts
3574661539126,openfacts
3574661539829,openfacts
3574661542300,openfacts
3574661543871,openfacts
3574661544830,openfacts
3574661548005,openfacts
3574661549668,openfacts
3574661549675,openfacts
3574661549699,openfacts
3574661550534,openfacts
3574661552583,openfacts
3574661553481,openfacts
3574661554280,openfacts
3574661554297,openfacts
3574661554709,openfacts
3574661559469,openfacts
3574661561066,openfacts
3574661561905,openfacts
3574661562063,openfacts
3574661563312,openfacts
3574661563336,openfacts
3574661563350,openfacts
3574661563374,webdatacommons
3574661563398,openfacts
3574661563459,webdatacommons
3574661565309,openfacts
3574661565705,openfacts
3574661566535,openfacts
3574661566566,openfacts
3574661566573,openfacts
3574661566580,openfacts
3574661567327,openfacts
3574661568478,openfacts
3574661568867,openfacts
3574661570068,openfacts
3574661574035,openfacts
3574661574042,openfacts
3574661574370,openfacts
3574661574394,openfacts
3574661574554,openfacts
3574661574561,openfacts
3574661574684,openfacts
3574661575209,openfacts
3574661576657,openfacts
3574661577531,openfacts
3574661577593,openfacts
3574661577845,openfacts
3574661577852,openfacts
3574661578224,openfacts
3574661578316,openfacts
3574661578354,openfacts
3574661578422,openfacts
3574661578453,openfacts
3574661578491,openfacts
3574661578521,openfacts
3574661582474,openfacts
3574661582702,openfacts
3574661587011,openfacts
3574661587035,openfacts
3574661587110,openfacts
3574661587127,openfacts
3574661587721,openfacts
3574661587745,openfacts
3574661591537,openfacts
3574661591599,openfacts
3574661592039,openfacts
3574661592046,openfacts
3574661592909,openfacts
3574661593524,openfacts
3574661593593,openfacts
3574661593807,openfacts
3574661593951,openfacts
3574661593968,openfacts
3574661594231,openfacts
3574661596105,openfacts
3574661596143,openfacts
3574661599250,openfacts
3574661599281,openfacts
3574661601601,openfacts
3574661601618,openfacts
3574661602691,openfacts
3574661604145,openfacts
3574661604732,openfacts
3574661606040,openfacts
3574661606163,openfacts
3574661606187,openfacts
3574661606828,openfacts
3574661606859,openfacts
3574661608327,openfacts
3574661608341,openfacts
3574661608358,openfacts
3574661608426,openfacts
3574661608433,openfacts
3574661608440,openfacts
3574661608556,openfacts
3574661610337,openfacts
3574661612003,openfacts
3574661615523,openfacts
3574661617510,openfacts
3574661617589,openfacts
3574661618241,openfacts
3574661618654,openfacts
3574661618739,openfacts
3574661618746,openfacts
3574661619576,openfacts
3574661620442,openfacts
3574661623511,openfacts
3574661624648,openfacts
3574661624877,openfacts
3574661624884,openfacts
3574661625379,openfacts
3574661626680,openfacts
3574661626697,openfacts
3574661627748,openfacts
3574661627830,openfacts
3574661629889,openfacts
3574661629919,openfacts
3574661632919,openfacts
3574661634388,openfacts
3574661634920,openfacts
3574661634937,openfacts
3574661634951,openfacts
3574661634982,openfacts
3574661636665,openfacts
3574661637808,openfacts
3574661638393,openfacts
3574661640525,openfacts
3574661643014,openfacts
3574661645667,openfacts
3574661646503,openfacts
3574661646992,openfacts
3574661647579,openfacts
3574661648316,openfacts
3574661648804,openfacts
3574661649306,openfacts
3574661650357,openfacts
3574661651569,openfacts
3574661651682,openfacts
3574661651699,openfacts
3574661652207,openfacts
3574661652214,openfacts
3574661652238,openfacts
3574661652702,openfacts
3574661653594,openfacts
3574661654546,openfacts
3574661654621,openfacts
3574661654645,openfacts
3574661655055,openfacts
3574661655611,openfacts
3574661656083,openfacts
3574661657394,webdatacommons
3574661657448,openfacts
3574661657486,openfacts
3574661657806,openfacts
3574661657820,openfacts
3574661658148,openfacts
3574661658605,openfacts
3574661659732,openfacts
3574661659756,openfacts
3574661659787,openfacts
3574661660912,openfacts
3574661661001,openfacts
3574661662411,openfacts
3574661662619,openfacts
3574661665986,openfacts
3574661670393,openfacts
3574661671710,openfacts
3574661671741,openfacts
3574661671789,openfacts
3574661671796,openfacts
3574661672373,openfacts
3574661674711,openfacts
3574661678368,openfacts
3574661680651,openfacts
3574661680699,openfacts
3574661680934,openfacts
3574661680965,openfacts
3574661680996,openfacts
3574661681108,openfacts
3574661684284,openfacts
3574661684321,openfacts
3574661684901,openfacts
3574661684918,openfacts
3574661685144,openfacts
3574661685168,openfacts
3574661685946,openfacts
3574661685960,openfacts
3574661685977,openfacts
3574661686509,openfacts
3574661687018,openfacts
3574661687032,openfacts
3574661687049,openfacts
3574661690483,openfacts
3574661690506,openfacts
3574661690513,openfacts
3574661691268,openfacts
3574661691626,openfacts
3574661694160,openfacts
3574661697635,openfacts
3574661699059,openfacts
3574661699493,openfacts
3574661699523,openfacts
3574661700526,openfacts
3574661700557,openfacts
3574661700755,openfacts
3574661700878,openfacts
3574661700892,openfacts
3574661700946,openfacts
3574661700953,openfacts
3574661700991,openfacts
3574661701028,openfacts
3574661701172,openfacts
3574661701288,openfacts
3574661701356,openfacts
3574661701431,openfacts
3574661701868,openfacts
3574661705248,openfacts
3574661708096,openfacts
3574661709369,openfacts
3574661709376,openfacts
3574661709611,openfacts
3574661710037,openfacts
3574661711003,openfacts
3574661711058,openfacts
3574661711218,openfacts
3574661711294,openfacts
3574661711362,openfacts
3574661711485,openfacts
3574661711492,openfacts
3574661714516,openfacts
3574661714530,openfacts
3574661714905,openfacts
3574661714929,openfacts
3574661715926,openfacts
3574661722313,openfacts
3574661724607,openfacts
3574661724935,openfacts
3574661724966,openfacts
3574661725024,openfacts
3574661725055,openfacts
3574661727127,openfacts
3574661728018,openfacts
3574661728131,openfacts
3574661728216,openfacts
3574661728315,openfacts
3574661730776,openfacts
3574661730806,openfacts
3574661730936,openfacts
3574661730943,openfacts
3574661730967,openfacts
3574661731001,openfacts
3574661731025,openfacts
3574661731056,openfacts
3574661731063,openfacts
3574661731100,openfacts
3574661731117,openfacts
3574661731124,openfacts
3574661731131,openfacts
3574661731223,openfacts
3574661731254,openfacts
3574661731889,openfacts
3574661734446,openfacts
3574661734514,openfacts
3574661734545,openfacts
3574661736709,openfacts
3574661738154,openfacts
3574661743202,openfacts
3574661743240,openfacts
3574661743943,openfacts
3574661744865,openfacts
3574661744995,openfacts
3574661745176,openfacts
3574661745619,openfacts
3574661745626,openfacts
3574661747200,openfacts
3574661748368,openfacts
3574661748764,openfacts
3574661748788,openfacts
3574661749532,openfacts
3574661750521,openfacts
3574661750644,openfacts
3574661750675,openfacts
3574661750736,openfacts
3574661750743,openfacts
3574661750767,openfacts
3574661751603,openfacts
3574661752938,openfacts
3574661753201,openfacts
3574661753218,openfacts
3574661753379,openfacts
3574661753614,openfacts
3574661754352,openfacts
3574661756103,openfacts
3574661757605,openfacts
3574661762098,openfacts
3574661765976,openfacts
3574661766607,openfacts
3574661768823,openfacts
3574661768915,openfacts
3574661774152,openfacts
3574661774428,openfacts
3574661774435,openfacts
3574661774602,openfacts
3574661774640,openfacts
3574661775692,openfacts
3574661777412,openfacts
3574661778310,openfacts
3574661783338,openfacts
3574661783345,openfacts
3574661783390,openfacts
3574661786513,openfacts
3574661788630,openfacts
3574661789927,openfacts
3574661790442,openfacts
3574661792309,openfacts
3574661792552,openfacts
3574661792989,openfacts
3574661795669,openfacts
3574661797595,openfacts
3574661797632,openfacts
3574661799049,openfacts
3574661799162,openfacts
3574661799438,openfacts
3574661799797,openfacts
3574661799803,openfacts
3574661801841,openfacts
3574661802954,openfacts
3574661804118,openfacts
3574661805429,openfacts
3574661805900,openfacts
3574661805931,openfacts
3574661809526,openfacts
3574661809533,openfacts
3574661809762,openfacts
3574661809922,openfacts
3574661811314,openfacts
3574661811321,openfacts
3574661811338,openfacts
3574661811345,openfacts
3574661811369,openfacts
3574661811376,openfacts
3574661811383,openfacts
3574661811420,openfacts
3574661812700,openfacts
3574661812960,openfacts
3574661812984,openfacts
3574661813622,openfacts
3574661813653,openfacts
3574661813882,openfacts
3574661814797,openfacts
3574661817958,openfacts
3574661818023,openfacts
3574661818054,openfacts
3574661818450,openfacts
3574661818467,openfacts
3574661821252,openfacts
3574661822372,openfacts
3574661823065,openfacts
3574661823980,openfacts
3574661824390,openfacts
3574661828411,openfacts
3574661831435,openfacts
3574661831664,openfacts
3574661833705,openfacts
3574661840338,openfacts
3574661840383,openfacts
3574661842608,openfacts
3574661850610,openfacts
3574661850634,openfacts
3574661850641,openfacts
3574661850658,openfacts
3574661850733,openfacts
3574661852584,openfacts
3574661856100,openfacts
3574661857640,openfacts
3574661857848,openfacts
3574661860510,openfacts
3574661860572,openfacts
3574661863207,openfacts
3574661864273,openfacts
3574661870168,openfacts
3574661870175,openfacts
3574661874890,openfacts
3574661875132,openfacts
3574661875255,openfacts
3574661875262,openfacts
3574661876412,openfacts
3574661876450,openfacts
3574661881607,openfacts
3574661899992,openfacts
3574661900209,openfacts
3574661900377,openfacts
3574661900414,openfacts
3574661900421,openfacts
3574661900445,openfacts
3574661900469,openfacts
3574661900476,openfacts
3574661900490,openfacts
3574661911519,openfacts
3574661917405,openfacts
3574661917627,openfacts
3574661919386,openfacts
3574664652938,openfacts
3574669907057,openfacts
3574669907064,openfacts
3574669907200,openfacts
3574669907316,openfacts
3574669907385,openfacts
3574669907422,openfacts
3574669907545,openfacts
3574669907552,openfacts
3574669907668,openfacts
3574669907682,openfacts
3574669907736,openfacts
3574669907767,openfacts
3574669907842,openfacts
3574669907866,openfacts
3574669907873,openfacts
3574669907880,openfacts
3574669907897,openfacts
3574669907927,openfacts
3574669907934,openfacts
3574669907958,openfacts
3574669907965,openfacts
3574669908030,openfacts
3574669908108,openfacts
3574669908146,openfacts
3574669908252,openfacts
3574669908283,openfacts
3574669908504,openfacts
3574669908511,openfacts
3574669908528,openfacts
3574669908535,openfacts
3574669908542,openfacts
3574669908559,openfacts
3574669908573,openfacts
3574669908672,openfacts
3574669909105,openfacts
3574669909136,openfacts
3574669909174,openfacts
3574669909211,openfacts
3574669909303,openfacts
3574669909563,openfacts
3574669909594,openfacts
3574669909679,openfacts
3574669909792,openfacts
3574669909815,openfacts
3574669909853,openfacts
3574669909945,openfacts
3574750000018,openfacts
3574750000056,openfacts
3574881031516,openfacts
3574884081518,openfacts
3574890000015,openfacts
3574890000039,openfacts
3574980000055,openfacts
3574980000123,openfacts
3574980000185,openfacts
3574980000208,openfacts
3574980000321,openfacts
3574980000338,openfacts
3574980000451,openfacts
3574980000468,openfacts
3574980024259,openfacts
3574980025430,openfacts
3574980031066,openfacts
3574980032209,openfacts
3574980032223,openfacts
3574980036375,openfacts
3574980092043,openfacts
3574980094122,openfacts
3574980094160,openfacts
3574980094177,openfacts
3574980094207,openfacts
3574980094399,openfacts
3574980094481,openfacts
3574980094597,openfacts
3574980094627,openfacts
3574980094672,openfacts
3574980094689,openfacts
3574980094696,openfacts
3574980094726,openfacts
3574980094740,openfacts
3574980094795,openfacts
3574980094863,openfacts
3574980094887,openfacts
3574980094962,openfacts
3574980095044,openfacts
3574980095075,openfacts
3574980095082,openfacts
3574980095105,openfacts
3574980095129,openfacts
3574980095167,openfacts
3574980095266,openfacts
3574980095273,openfacts
3574980095297,openfacts
3574980095310,openfacts
3574980095389,openfacts
3574980100069,openfacts
3574980101295,openfacts
3574980104241,openfacts
3575000000000,openfacts
3575070013467,openfacts
3575070015201,openfacts
3575070019247,openfacts
3575070020335,openfacts
3575100000009,openfacts
3575114110077,openfacts
3575114121264,openfacts
3575250598210,openfacts
3575272462506,openfacts
3575300000007,openfacts
3575410579882,openfacts
3575410582295,openfacts
3575410582301,openfacts
3575410592218,openfacts
3575410711039,openfacts
3575410722288,openfacts
3575410727344,openfacts
3575410727368,openfacts
3575410744488,openfacts
3575410762727,openfacts
3575410847158,openfacts
3575410859793,openfacts
3575410861260,openfacts
3575410861307,openfacts
3575410861314,openfacts
3575410861321,openfacts
3575410861338,openfacts
3575410861352,openfacts
3575410861376,openfacts
3575410864353,openfacts
3575410864360,openfacts
3575410864377,openfacts
3575410866982,openfacts
3575410867019,openfacts
3575410867439,openfacts
3575410867446,openfacts
3575410867453,openfacts
3575410869174,openfacts
3575410879166,openfacts
3575410879180,openfacts
3575410884740,openfacts
3575410890383,openfacts
3575410896095,openfacts
3575410933042,openfacts
3575422300054,openfacts
3575431116318,openfacts
3575450001008,openfacts
3575450002005,openfacts
3575450002159,openfacts
3575450003002,openfacts
3575450004009,openfacts
3575450006003,openfacts
3575450007000,openfacts
3575450007154,openfacts
3575500000005,openfacts
3575538179025,openfacts
3575538179032,openfacts
3575539012093,openfacts
3575539012475,openfacts
3575539012482,openfacts
3575540000010,openfacts
3575540000034,openfacts
3575540000058,openfacts
3575540000072,openfacts
3575540000089,openfacts
3575540000157,openfacts
3575540000256,openfacts
3575540000294,openfacts
3575540000300,openfacts
3575540000355,openfacts
3575540000409,openfacts
3575553300503,openfacts
3575553307366,openfacts
3575553310007,openfacts
3575553310144,openfacts
3575553311288,openfacts
3575570005146,openfacts
3575650000108,openfacts
3575650000115,openfacts
3575650000207,openfacts
3575650000214,openfacts
3575650000221,openfacts
3575650000238,openfacts
3575650000252,openfacts
3575650000306,openfacts
3575650000313,openfacts
3575650000320,openfacts
3575650000405,openfacts
3575650000412,openfacts
3575650000429,openfacts
3575650000443,openfacts
3575650000535,openfacts
3575650000542,openfacts
3575650000573,openfacts
3575650000580,openfacts
3575650000702,openfacts
3575650000818,openfacts
3575650001006,openfacts
3575650001013,openfacts
3575650001020,openfacts
3575650001037,openfacts
3575650001068,openfacts
3575650001143,openfacts
3575650004700,openfacts
3575650004809,openfacts
3575650006001,openfacts
3575676425114,openfacts
3575676583067,openfacts
3575883000081,openfacts
3575883000234,openfacts
3575883000265,openfacts
3575883000760,openfacts
3575883000821,openfacts
3575883000913,openfacts
3575883000920,openfacts
3575883001170,openfacts
3575883001194,openfacts
3575883002122,openfacts
3575883002535,openfacts
3575883002665,openfacts
3575883003051,openfacts
3575883003068,openfacts
3575883003075,openfacts
3575883003082,openfacts
3575883003099,openfacts
3575883003112,openfacts
3575883003143,openfacts
3575883003204,openfacts
3575883003211,openfacts
3575883003228,openfacts
3575883003235,openfacts
3575883003242,openfacts
3575883003259,openfacts
3575883003310,openfacts
3575883003341,openfacts
3575883003358,openfacts
3575883003372,openfacts
3575883003471,openfacts
3575883003518,openfacts
3575883003525,openfacts
3575883003532,openfacts
3575883003549,openfacts
3575883003563,openfacts
3575883003716,openfacts
3575883003747,openfacts
3575883003792,openfacts
3575883003808,openfacts
3575883003839,openfacts
3575883004300,openfacts
3575883004317,openfacts
3575883005024,openfacts
3575883005062,openfacts
3575883005109,openfacts
3575883005253,openfacts
3575883005710,openfacts
3575883005727,openfacts
3575883006175,openfacts
3575883006953,openfacts
3575883006984,openfacts
3575883043637,openfacts
3575910000497,openfacts
3575910000626,openfacts
3575910001289,openfacts
3575910001647,openfacts
3575930000019,openfacts
3575930000460,openfacts
3575930000903,openfacts
3575930000910,openfacts
3575930000958,openfacts
3575930313461,openfacts
3576051100015,openfacts
3576051200012,openfacts
3576051300019,openfacts
3576129458437,openfacts
3576140300449,openfacts
3576141006913,openfacts
3576142500229,openfacts
3576143000308,openfacts
3576143000612,openfacts
3576160022277,openfacts
3576160022284,openfacts
3576160022291,openfacts
3576160022307,openfacts
3576160023779,openfacts
3576280102422,openfacts
3576280102439,openfacts
3576280102446,openfacts
3576280104174,openfacts
3576280104266,openfacts
3576280104273,openfacts
3576280104280,openfacts
3576280104327,openfacts
3576280104358,openfacts
3576280104372,openfacts
3576280104433,openfacts
3576280104440,openfacts
3576280113107,openfacts
3576280114005,openfacts
3576280114555,openfacts
3576280117839,openfacts
3576280118058,openfacts
3576280118096,openfacts
3576280118126,openfacts
3576280118133,openfacts
3576280118171,openfacts
3576280118317,openfacts
3576280118324,openfacts
3576280118454,openfacts
3576280118485,openfacts
3576280122352,openfacts
3576280122369,openfacts
3576280122376,openfacts
3576280122383,openfacts
3576280131903,openfacts
3576280132238,openfacts
3576280132245,openfacts
3576280132597,openfacts
3576280132610,openfacts
3576280132658,openfacts
3576280132665,openfacts
3576280132924,openfacts
3576280132931,openfacts
3576280132948,openfacts
3576280223165,openfacts
3576280223172,openfacts
3576280223318,openfacts
3576280223325,openfacts
3576280223349,openfacts
3576280223370,openfacts
3576280223387,openfacts
3576280231559,openfacts
3576280231696,openfacts
3576280232150,openfacts
3576280232341,openfacts
3576280232358,openfacts
3576280232365,openfacts
3576280232686,openfacts
3576280232716,openfacts
3576280232723,openfacts
3576280232730,openfacts
3576280232747,openfacts
3576280232754,openfacts
3576280232761,openfacts
3576280232785,openfacts
3576280232815,openfacts
3576280233089,openfacts
3576280233447,openfacts
3576280233454,openfacts
3576280233461,openfacts
3576280233478,openfacts
3576280233485,openfacts
3576280233492,openfacts
3576280233508,openfacts
3576280233515,openfacts
3576280233522,openfacts
3576280233539,openfacts
3576280233546,openfacts
3576280233553,openfacts
3576280233560,openfacts
3576280233577,openfacts
3576280233584,openfacts
3576280233607,openfacts
3576280233652,openfacts
3576280233782,openfacts
3576280233799,openfacts
3576280233973,openfacts
3576280233980,openfacts
3576280233997,openfacts
3576280234000,openfacts
3576280234420,openfacts
3576280234437,openfacts
3576280234444,openfacts
3576280234451,openfacts
3576280234871,openfacts
3576280234888,openfacts
3576280234895,openfacts
3576280234901,openfacts
3576280234918,openfacts
3576280234925,openfacts
3576280236103,openfacts
3576280236110,openfacts
3576280251502,openfacts
3576280251632,openfacts
3576280251700,openfacts
3576280252004,openfacts
3576280252011,openfacts
3576280252028,openfacts
3576280253001,openfacts
3576280253049,openfacts
3576280253056,openfacts
3576280253124,openfacts
3576280253148,openfacts
3576280253155,openfacts
3576280253230,openfacts
3576280253247,openfacts
3576280302228,openfacts
3576280302921,openfacts
3576280302938,openfacts
3576280303225,openfacts
3576280303324,openfacts
3576280303942,openfacts
3576280304628,openfacts
3576280306011,openfacts
3576280306042,openfacts
3576280308343,openfacts
3576280308497,openfacts
3576280308534,openfacts
3576280309012,openfacts
3576280309029,openfacts
3576280309036,openfacts
3576280309050,openfacts
3576280309104,openfacts
3576280309173,openfacts
3576280312487,openfacts
3576280313217,openfacts
3576280313613,openfacts
3576280314191,openfacts
3576280314252,openfacts
3576280314276,openfacts
3576280314283,openfacts
3576280380905,openfacts
3576280380929,openfacts
3576280380981,openfacts
3576280390010,openfacts
3576280390195,openfacts
3576280390317,openfacts
3576280390416,openfacts
3576280390461,openfacts
3576280390478,openfacts
3576280390508,openfacts
3576280390577,openfacts
3576280390737,openfacts
3576280390782,openfacts
3576280390805,openfacts
3576280391529,openfacts
3576280391741,openfacts
3576280391833,openfacts
3576280391864,openfacts
3576280391895,openfacts
3576280391925,openfacts
3576280391963,openfacts
3576280392151,openfacts
3576280392182,openfacts
3576280392199,openfacts
3576280392274,openfacts
3576280392281,openfacts
3576280392380,openfacts
3576280392489,openfacts
3576280392502,openfacts
3576280405011,openfacts
3576280410701,openfacts
3576280424043,openfacts
3576280448308,openfacts
3576280500495,openfacts
3576280510005,openfacts
3576280510067,openfacts
3576280520752,openfacts
3576280551480,openfacts
3576280551497,openfacts
3576280551510,openfacts
3576280551602,openfacts
3576280570016,openfacts
3576280630666,openfacts
3576280630826,openfacts
3576280630833,openfacts
3576280630840,openfacts
3576280631052,openfacts
3576280631069,openfacts
3576280631175,openfacts
3576280631182,openfacts
3576280631199,openfacts
3576280631205,openfacts
3576280631243,openfacts
3576280631298,openfacts
3576280631304,openfacts
3576280631311,openfacts
3576280631328,openfacts
3576280631496,openfacts
3576280631502,openfacts
3576280631519,openfacts
3576280631526,openfacts
3576280631533,openfacts
3576280631540,openfacts
3576280631557,openfacts
3576280631748,openfacts
3576280631755,openfacts
3576280631779,openfacts
3576280720718,openfacts
3576280830462,openfacts
3576280830479,openfacts
3576280895287,openfacts
3576281102315,openfacts
3576281153010,openfacts
3576281402507,openfacts
3576285652014,openfacts
3576285653011,openfacts
3576285654018,openfacts
3576285655015,openfacts
3576285656012,openfacts
3576285658016,openfacts
3576285659013,openfacts
3576285662013,openfacts
3576285671015,openfacts
3576285672012,openfacts
3576285688013,openfacts
3576370700026,openfacts
3576370700224,openfacts
3576370700231,openfacts
3576370700279,openfacts
3576370700330,openfacts
3576370710018,openfacts
3576370710025,openfacts
3576370710032,openfacts
3576370710049,openfacts
3576370710056,openfacts
3576370710063,openfacts
3576370710070,openfacts
3576370710087,openfacts
3576370710094,openfacts
3576370710100,openfacts
3576370710117,openfacts
3576370710131,openfacts
3576370710162,openfacts
3576370710179,openfacts
3576370710186,openfacts
3576370710193,openfacts
3576370710223,openfacts
3576370710230,openfacts
3576370710247,openfacts
3576370710254,openfacts
3576370710292,openfacts
3576370710308,openfacts
3576370710315,openfacts
3576370710339,openfacts
3576370710346,openfacts
3576370710360,openfacts
3576370710377,openfacts
3576370710384,openfacts
3576370710421,openfacts
3576370710438,openfacts
3576370710452,openfacts
3576370710469,openfacts
3576370710483,openfacts
3576370710490,openfacts
3576370710506,openfacts
3576370710513,openfacts
3576370710537,openfacts
3576370710544,openfacts
3576370710551,openfacts
3576370710568,openfacts
3576370710575,openfacts
3576370710599,openfacts
3576370710681,openfacts
3576370710735,openfacts
3576370710742,openfacts
3576370710759,openfacts
3576370710773,openfacts
3576370710797,openfacts
3576370710803,openfacts
3576370710858,openfacts
3576370710896,openfacts
3576370710988,openfacts
3576370711138,openfacts
3576370711374,openfacts
3576370711404,openfacts
3576370711428,openfacts
3576370711442,openfacts
3576370711466,openfacts
3576370711527,openfacts
3576370711657,openfacts
3576370711671,openfacts
3576370711701,openfacts
3576370711763,openfacts
3576370711770,openfacts
3576370711800,openfacts
3576370711831,openfacts
3576370711862,openfacts
3576370711886,openfacts
3576370711930,openfacts
3576370711947,openfacts
3576370711961,openfacts
3576370711992,openfacts
3576370712050,openfacts
3576370712098,openfacts
3576370712111,openfacts
3576370712173,openfacts
3576370712203,openfacts
3576370712272,openfacts
3576370712319,openfacts
3576370712357,openfacts
3576370712401,openfacts
3576370712418,openfacts
3576370719448,openfacts
3576370720017,openfacts
3576370720024,openfacts
3576370720031,openfacts
3576370720048,openfacts
3576370720055,openfacts
3576370720062,openfacts
3576370720079,openfacts
3576370720086,openfacts
3576370720093,openfacts
3576370720109,openfacts
3576370720116,openfacts
3576370720123,openfacts
3576370720130,openfacts
3576370720147,openfacts
3576370720154,openfacts
3576370720161,openfacts
3576370720178,openfacts
3576370720185,openfacts
3576370720192,openfacts
3576370720208,openfacts
3576370720239,openfacts
3576370720246,openfacts
3576370720260,openfacts
3576370720277,openfacts
3576370720314,openfacts
3576370720338,openfacts
3576370720345,openfacts
3576370720369,openfacts
3576370720390,openfacts
3576370720406,openfacts
3576370720437,openfacts
3576370720529,openfacts
3576370720598,openfacts
3576370720611,openfacts
3576370720680,openfacts
3576370720758,openfacts
3576370720833,openfacts
3576370720840,openfacts
3576370720871,openfacts
3576370720895,openfacts
3576370720963,openfacts
3576370720970,openfacts
3576370721021,openfacts
3576370721144,openfacts
3576370721151,openfacts
3576370721267,openfacts
3576370721359,openfacts
3576370721403,openfacts
3576370721434,openfacts
3576370721465,openfacts
3576370850172,openfacts
3576370850226,openfacts
3576370850325,openfacts
3576370850394,openfacts
3576370850479,openfacts
3576370850509,openfacts
3576370850547,openfacts
3576370900471,openfacts
3576370900594,openfacts
3576370900686,openfacts
3576370900808,openfacts
3576370900952,openfacts
3576371210029,openfacts
3576371520081,openfacts
3576371600004,openfacts
3576372510012,openfacts
3576372510043,openfacts
3576372510067,openfacts
3576372510081,openfacts
3576372510166,openfacts
3576372510234,openfacts
3576372510494,openfacts
3576372510562,openfacts
3576372510579,openfacts
3576372511521,openfacts
3576372511934,openfacts
3576372512399,openfacts
3576372520011,openfacts
3576372520059,openfacts
3576372520066,openfacts
3576372520110,openfacts
3576372520172,openfacts
3576372520196,openfacts
3576372520202,openfacts
3576372520240,openfacts
3576372520394,openfacts
3576372521384,openfacts
3576374403053,openfacts
3576375010014,openfacts
3576375010519,openfacts
3576378900053,openfacts
3576458004251,openfacts
3576470000392,openfacts
3576470037121,openfacts
3576470100801,openfacts
3576470103154,openfacts
3576470103703,openfacts
3576470104007,openfacts
3576470104014,openfacts
3576470104038,openfacts
3576470104809,openfacts
3576470104816,openfacts
3576470105585,openfacts
3576470105592,openfacts
3576470105615,openfacts
3576470118004,openfacts
3576470200341,openfacts
3576470201027,openfacts
3576470201041,openfacts
3576470201218,openfacts
3576470201225,openfacts
3576470201607,openfacts
3576470201614,openfacts
3576470203007,openfacts
3576470206299,openfacts
3576470208019,openfacts
3576470210401,openfacts
3576470235008,openfacts
3576470318008,openfacts
3576470404008,openfacts
3576470505040,openfacts
3576470551061,openfacts
3576470551078,openfacts
3576470551108,openfacts
3576470551191,openfacts
3576470618009,openfacts
3576470628008,openfacts
3576470900005,openfacts
3576470999030,openfacts
3576470999047,openfacts
3576470999054,openfacts
3576470999061,openfacts
3576470999160,openfacts
3576501010314,openfacts
3576503200485,openfacts
3576508018344,openfacts
3576560000103,openfacts
3576560001001,openfacts
3576560001506,openfacts
3576560003005,openfacts
3576560004002,openfacts
3576560005009,openfacts
3576560008000,openfacts
3576560009007,openfacts
3576560010003,openfacts
3576560011000,openfacts
3576560012007,openfacts
3576560100001,openfacts
3576560101008,openfacts
3576560110000,openfacts
3576560150006,openfacts
3576560154004,openfacts
3576560300005,openfacts
3576560311001,openfacts
3576560350000,openfacts
3576560360009,openfacts
3576560400002,openfacts
3576560450007,openfacts
3576560500009,openfacts
3576560540005,openfacts
3576560550004,openfacts
3576560600006,openfacts
3576560800000,openfacts
3576560850005,openfacts
3576560860004,openfacts
3576560900007,openfacts
3576561000003,openfacts
3576561000010,openfacts
3576561000027,openfacts
3576561290008,openfacts
3576561390005,openfacts
3576561590009,openfacts
3576561690006,openfacts
3576561790003,openfacts
3576562001009,openfacts
3576562031006,openfacts
3576562130006,openfacts
3576562801005,openfacts
3576563000025,openfacts
3576563000049,openfacts
3576563000070,openfacts
3576563000506,openfacts
3576563000513,openfacts
3576563130012,openfacts
3576563130029,openfacts
3576563130036,openfacts
3576563130050,openfacts
3576565900019,openfacts
3576565900026,openfacts
3576565900033,openfacts
3576565900064,openfacts
3576566000084,openfacts
3576566001005,openfacts
3576566002002,openfacts
3576566003009,openfacts
3576566004006,openfacts
3576566005003,openfacts
3576566800011,openfacts
3576566800035,openfacts
3576566800042,openfacts
3576566901107,openfacts
3576566903101,openfacts
3576566904108,openfacts
3576569000012,openfacts
3576569000029,openfacts
3576569000043,openfacts
3576569100019,openfacts
3576569100026,openfacts
3576569100033,openfacts
3576569100040,openfacts
3576569100057,openfacts
3576569100064,openfacts
3576569100071,openfacts
3576569100088,openfacts
3576569100095,openfacts
3576569100132,openfacts
3576569100149,openfacts
3576569100194,openfacts
3576569100200,openfacts
3576569100217,openfacts
3576569100231,openfacts
3576569100248,openfacts
3576580133522,openfacts
3576590093755,openfacts
3576620001804,openfacts
3576620001903,openfacts
3576620002009,openfacts
3576620002108,openfacts
3576620002207,openfacts
3576620002306,openfacts
3576620002405,openfacts
3576620002504,openfacts
3576620002603,openfacts
3576620002702,openfacts
3576620002801,openfacts
3576620002900,openfacts
3576620003006,openfacts
3576620003105,openfacts
3576620003204,openfacts
3576620003303,openfacts
3576620003402,openfacts
3576620003501,openfacts
3576620003600,openfacts
3576620005000,openfacts
3576620005208,openfacts
3576620006007,openfacts
3576620006106,openfacts
3576620006205,openfacts
3576620006304,openfacts
3576620006403,openfacts
3576620006502,openfacts
3576620007004,openfacts
3576620008001,openfacts
3576620008100,openfacts
3576620008209,openfacts
3576620008308,openfacts
3576620008407,openfacts
3576620008506,openfacts
3576620008605,openfacts
3576620008803,openfacts
3576620009008,openfacts
3576620010011,openfacts
3576620010080,openfacts
3576662000032,openfacts
3576662000049,openfacts
3576662000063,openfacts
3576662000087,openfacts
3576662000100,openfacts
3576662003019,openfacts
3576662004795,openfacts
3576662004863,openfacts
3576662004917,openfacts
3576662005211,openfacts
3576662006171,openfacts
3576662006539,openfacts
3576663001274,openfacts
3576663001281,openfacts
3576663001304,openfacts
3576663001311,openfacts
3576663001328,openfacts
3576665004907,openfacts
3576665031842,openfacts
3576665050430,openfacts
3576667002642,openfacts
3576711312215,openfacts
3576730000001,openfacts
3576730147454,openfacts
3576730147829,openfacts
3576730147836,openfacts
3576730147997,openfacts
3576730148109,openfacts
3576730249837,openfacts
3576730491434,openfacts
3576730492547,openfacts
3576730588127,openfacts
3576730599239,openfacts
3576730761391,openfacts
3576735574446,openfacts
3576750031511,openfacts
3576750031528,openfacts
3576750032044,openfacts
3576750032099,openfacts
3576750032730,openfacts
3576781030675,openfacts
3576782040741,openfacts
3576783021091,openfacts
3576783026867,openfacts
3576783031878,openfacts
3576820141416,openfacts
3576820144516,openfacts
3576820144523,openfacts
3576820144592,openfacts
3576821047830,openfacts
3576929200854,openfacts
3576950000775,openfacts
3576950000829,openfacts
3576950000836,openfacts
3576950002724,openfacts
3576950002731,openfacts
3576971310068,openfacts
3577048017057,openfacts
3577050121551,openfacts
3577050125597,openfacts
3577051528618,openfacts
3577051582672,openfacts
3577056000201,openfacts
3577056001048,openfacts
3577056001673,openfacts
3577056004308,openfacts
3577056004698,openfacts
3577056007286,openfacts
3577056009648,openfacts
3577056009730,openfacts
3577056009976,openfacts
3577056010033,openfacts
3577056011139,openfacts
3577056012402,openfacts
3577056012600,openfacts
3577056013027,webdatacommons
3577056015007,openfacts
3577056015250,openfacts
3577056015861,openfacts
3577056015892,openfacts
3577056016219,openfacts
3577056016882,openfacts
3577056017582,openfacts
3577056017957,openfacts
3577056017971,openfacts
3577056018640,openfacts
3577056019715,openfacts
3577056020193,openfacts
3577056020216,openfacts
3577056020247,openfacts
3577056020339,openfacts
3577056020346,openfacts
3577056020582,openfacts
3577056020735,openfacts
3577056020742,openfacts
3577056020759,openfacts
3577056020803,openfacts
3577056021503,openfacts
3577056021923,openfacts
3577056021947,openfacts
3577056022067,openfacts
3577056023293,openfacts
3577056023347,openfacts
3577056023576,openfacts
3577056023712,openfacts
3577056024252,openfacts
3577056024474,openfacts
3577056024566,openfacts
3577056024986,openfacts
3577056026447,openfacts
3577056027611,openfacts
3577057000644,webdatacommons
3577057001924,webdatacommons
3577057054135,openfacts
3577057054487,webdatacommons
3577060000006,openfacts
3577060000020,openfacts
3577060000044,openfacts
3577060000068,openfacts
3577060000099,openfacts
3577060000112,openfacts
3577060000129,openfacts
3577060000136,openfacts
3577060000143,openfacts
3577060000150,openfacts
3577060000174,openfacts
3577060000181,openfacts
3577060000204,openfacts
3577060000341,openfacts
3577060000389,openfacts
3577060100010,openfacts
3577060100027,openfacts
3577060100041,openfacts
3577060100058,openfacts
3577060100096,openfacts
3577060101017,openfacts
3577060101048,openfacts
3577060101055,openfacts
3577060101093,openfacts
3577060101307,openfacts
3577060101383,openfacts
3577060101451,openfacts
3577060101468,openfacts
3577060101505,openfacts
3577060101635,openfacts
3577060101642,openfacts
3577060101659,openfacts
3577060101666,openfacts
3577060101673,openfacts
3577060101703,openfacts
3577060101772,openfacts
3577060101789,openfacts
3577060101796,openfacts
3577060130017,openfacts
3577060130048,openfacts
3577066102308,openfacts
3577066600019,openfacts
3577067101607,openfacts
3577075050270,openfacts
3577075215020,openfacts
3577075226446,openfacts
3577075228488,openfacts
3577075228525,openfacts
3577075233901,openfacts
3577075234625,openfacts
3577075236261,openfacts
3577075236520,openfacts
3577120000014,openfacts
3577120000021,openfacts
3577120000069,openfacts
3577140143487,openfacts
3577223000027,openfacts
3577223000034,openfacts
3577229000045,openfacts
3577229000052,openfacts
3577231001009,openfacts
3577231004000,openfacts
3577232000209,openfacts
3577232000308,openfacts
3577232800212,openfacts
3577238000005,openfacts
3577238001002,openfacts
3577238002009,openfacts
3577238004003,openfacts
3577238006007,openfacts
3577238006014,openfacts
3577238006106,openfacts
3577238007004,openfacts
3577238008001,openfacts
3577290002047,openfacts
3577300000018,openfacts
3577370001113,openfacts
3577370001137,openfacts
3577370001175,openfacts
3577370001182,openfacts
3577370001199,openfacts
3577370001212,openfacts
3577370001229,openfacts
3577370001243,openfacts
3577370001250,openfacts
3577370001298,openfacts
3577370001304,openfacts
3577370002202,openfacts
3577371000009,openfacts
3577371900088,openfacts
3577372000008,openfacts
3577372000015,openfacts
3577372001005,openfacts
3577372002002,openfacts
3577372003009,openfacts
3577372222226,openfacts
3577373001004,openfacts
3577373333334,openfacts
3577375000005,openfacts
3577379000001,openfacts
3577390200015,openfacts
3577390200046,openfacts
3577390200077,openfacts
3577390200121,openfacts
3577390239046,openfacts
3577390900649,openfacts
3577460002013,openfacts
3577490000119,openfacts
3577490000140,openfacts
3577490000218,openfacts
3577490000232,openfacts
3577490000263,openfacts
3577490000270,openfacts
3577490000355,openfacts
3577490000409,openfacts
3577490000416,openfacts
3577490000423,openfacts
3577490000447,openfacts
3577490000874,openfacts
3577490000898,openfacts
3577490000935,openfacts
3577490000959,openfacts
3577490000966,openfacts
3577490000973,openfacts
3577490000997,openfacts
3577490001000,openfacts
3577490001017,openfacts
3577490001024,openfacts
3577490001048,openfacts
3577490001062,openfacts
3577490001079,openfacts
3577490001093,openfacts
3577490001185,openfacts
3577490001376,openfacts
3577490001574,openfacts
3577490001901,openfacts
3577490002021,openfacts
3577490002175,openfacts
3577490002359,openfacts
3577490002403,openfacts
3577490002922,openfacts
3577490002977,openfacts
3577490003028,openfacts
3577490003066,openfacts
3577490003103,openfacts
3577490003127,openfacts
3577490003141,openfacts
3577490004001,openfacts
3577490004018,openfacts
3577490004032,openfacts
3577490004056,openfacts
3577490005015,openfacts
3577610001200,openfacts
3577620902702,openfacts
3577630096446,openfacts
3577690003996,openfacts
3577721000055,openfacts
3577721000062,openfacts
3577721100052,openfacts
3577721100069,openfacts
3577721280105,openfacts
3577721280150,openfacts
3577722001396,openfacts
3577722001556,openfacts
3577722002393,openfacts
3577722010053,openfacts
3577722010060,openfacts
3577722010107,openfacts
3577722010121,openfacts
3577722012422,openfacts
3577722012439,openfacts
3577722101409,openfacts
3577722101560,openfacts
3577722102369,openfacts
3577722102376,openfacts
3577722110197,openfacts
3577722110203,openfacts
3577722110234,openfacts
3577722110258,openfacts
3577722112405,openfacts
3577722120295,openfacts
3577722211092,openfacts
3577722211115,openfacts
3577722211122,openfacts
3577722211153,openfacts
3577722211191,openfacts
3577722211207,openfacts
3577722211658,openfacts
3577722211665,openfacts
3577722212440,openfacts
3577722212457,openfacts
3577722312164,openfacts
3577722312188,openfacts
3577722331691,openfacts
3577722411607,openfacts
3577722431704,openfacts
3577722431919,openfacts
3577722451887,openfacts
3577722941449,openfacts
3577722941456,openfacts
3577722941487,openfacts
3577722941722,openfacts
3577722941739,openfacts
3577722941746,openfacts
3577722941753,openfacts
3577722941760,openfacts
3577722941777,openfacts
3577722942033,openfacts
3577722950342,openfacts
3577780000300,openfacts
3577830030547,openfacts
3577840000301,openfacts
3578030001542,openfacts
3578030002006,openfacts
3578030002013,openfacts
3578030002037,openfacts
3578030002099,openfacts
3578030002112,openfacts
3578030002129,openfacts
3578030002136,openfacts
3578030002198,openfacts
3578030002242,openfacts
3578030002280,openfacts
3578030002297,openfacts
3578030002303,openfacts
3578030002310,openfacts
3578030002501,openfacts
3578030002617,openfacts
3578030002624,openfacts
3578030002631,openfacts
3578030002709,openfacts
3578030002822,openfacts
3578030003140,openfacts
3578030003553,openfacts
3578030003591,openfacts
3578030004024,openfacts
3578030004031,openfacts
3578030004048,openfacts
3578030005069,openfacts
3578030005090,openfacts
3578030005151,openfacts
3578030006127,openfacts
3578030006172,openfacts
3578030007513,openfacts
3578030706157,openfacts
3578070106320,openfacts
3578070107129,openfacts
3578070109178,openfacts
3578070117418,openfacts
3578070117425,openfacts
3578070117432,openfacts
3578070120135,openfacts
3578070120173,openfacts
3578070120227,openfacts
3578070143448,openfacts
3578070152365,openfacts
3578070171120,openfacts
3578070172318,openfacts
3578070600125,openfacts
3578070605137,openfacts
3578070605144,openfacts
3578070605168,openfacts
3578070607148,openfacts
3578070607162,openfacts
3578070608114,openfacts
3578100000109,openfacts
3578125003949,openfacts
3578160000019,openfacts
3578180000037,openfacts
3578180000136,openfacts
3578320000118,openfacts
3578320002013,openfacts
3578380004316,openfacts
3578380007218,openfacts
3578380007317,openfacts
3578380012212,openfacts
3578402323234,openfacts
3578402323241,openfacts
3578402323258,openfacts
3578402323265,openfacts
3578402323289,openfacts
3578402323302,openfacts
3578410000059,openfacts
3578410000080,openfacts
3578410000271,openfacts
3578410000288,openfacts
3578410000349,openfacts
3578410000400,openfacts
3578410000479,openfacts
3578410000493,openfacts
3578410000509,openfacts
3578410000929,openfacts
3578410000936,openfacts
3578410000981,openfacts
3578410000998,openfacts
3578410001001,openfacts
3578410001056,openfacts
3578410001100,openfacts
3578410001117,openfacts
3578410001124,openfacts
3578410002114,openfacts
3578410002121,openfacts
3578410002138,openfacts
3578410002145,openfacts
3578410002169,openfacts
3578410002176,openfacts
3578410002183,openfacts
3578410002190,openfacts
3578410002213,openfacts
3578410002220,openfacts
3578410002237,openfacts
3578410002251,openfacts
3578410002282,openfacts
3578410002305,openfacts
3578410002435,openfacts
3578410002459,openfacts
3578410002473,openfacts
3578410002480,openfacts
3578410002534,openfacts
3578410002541,openfacts
3578410002558,openfacts
3578410002589,openfacts
3578410002602,openfacts
3578410002626,openfacts
3578410002633,openfacts
3578410002640,openfacts
3578410002657,openfacts
3578410002664,openfacts
3578410002688,openfacts
3578410002695,openfacts
3578410002756,openfacts
3578410002824,openfacts
3578410002886,openfacts
3578410002930,openfacts
3578420000100,openfacts
3578420000520,openfacts
3578510000041,openfacts
3578540000011,openfacts
3578540000028,openfacts
3578540000080,openfacts
3578540000097,openfacts
3578540000103,openfacts
3578540000134,openfacts
3578540000226,openfacts
3578540000233,openfacts
3578540000240,openfacts
3578540002879,openfacts
3578540009359,openfacts
3578548123675,openfacts
3578593711414,openfacts
3578600001019,openfacts
3578600001026,openfacts
3578600001033,openfacts
3578600001040,openfacts
3578600001071,openfacts
3578600001088,openfacts
3578600001170,openfacts
3578600001187,openfacts
3578600001194,openfacts
3578600001255,openfacts
3578600001262,openfacts
3578600001279,openfacts
3578600001286,openfacts
3578600001293,openfacts
3578600001316,openfacts
3578600001323,openfacts
3578600001330,openfacts
3578600001378,openfacts
3578600001385,openfacts
3578600001415,openfacts
3578600001422,openfacts
3578600001446,openfacts
3578600001460,openfacts
3578600001477,openfacts
3578600001484,openfacts
3578600001491,openfacts
3578600001507,openfacts
3578600001903,openfacts
3578800000003,openfacts
3578800000034,openfacts
3578800000041,openfacts
3578800000072,openfacts
3578800000119,openfacts
3578800000423,openfacts
3578801000002,openfacts
3578801000019,openfacts
3578801000026,openfacts
3578802000018,openfacts
3578802000049,openfacts
3578802000087,openfacts
3578802000094,openfacts
3578802000100,openfacts
3578802000117,openfacts
3578802000124,openfacts
3578802000131,openfacts
3578802000148,openfacts
3578802000155,openfacts
3578802000179,openfacts
3578802000193,openfacts
3578802000209,openfacts
3578802000216,openfacts
3578802000223,openfacts
3578802000230,openfacts
3578802000254,openfacts
3578803000017,openfacts
3578803000024,openfacts
3578830105044,openfacts
3578830106256,openfacts
3578830106324,openfacts
3578830109592,openfacts
3578830109639,openfacts
3578830109752,openfacts
3578830109882,openfacts
3578830109899,openfacts
3578830109912,openfacts
3578830109967,openfacts
3578830110017,openfacts
3578830110031,openfacts
3578830110109,openfacts
3578830110147,openfacts
3578830112882,openfacts
3578830112905,openfacts
3578830112929,openfacts
3578830113100,openfacts
3578830113148,openfacts
3578830113223,openfacts
3578830114312,openfacts
3578830114398,openfacts
3578830114428,openfacts
3578830114459,openfacts
3578830114480,openfacts
3578830114527,openfacts
3578830114572,openfacts
3578830115012,openfacts
3578830115203,openfacts
3578830116354,openfacts
3578830116415,openfacts
3578830116453,openfacts
3578830116460,openfacts
3578830116477,openfacts
3578830116491,openfacts
3578830116606,openfacts
3578830116637,openfacts
3578830120153,openfacts
3578830120184,openfacts
3578830120252,openfacts
3578830122942,openfacts
3578830122966,openfacts
3578830123536,openfacts
3578830123611,openfacts
3578830124212,openfacts
3578830124366,openfacts
3578830124434,openfacts
3578830124441,openfacts
3578830124489,openfacts
3578830124557,openfacts
3578830129200,openfacts
3578830129231,openfacts
3578830132828,openfacts
3578830132880,openfacts
3578830132934,openfacts
3578830134143,openfacts
3578830142247,openfacts
3578830846046,openfacts
3578830847142,openfacts
3578831415029,openfacts
3578831416101,openfacts
3578831419379,openfacts
3578831419430,openfacts
3578831419485,openfacts
3578831419492,openfacts
3578831419751,openfacts
3578831419980,openfacts
3578835310252,openfacts
3578835310368,openfacts
3578835310399,openfacts
3578835310504,openfacts
3578835310672,openfacts
3578835311051,openfacts
3578835311099,openfacts
3578835311129,openfacts
3578835311143,openfacts
3578835311150,openfacts
3578835319064,openfacts
3578835319101,openfacts
3578835319118,openfacts
3578835319149,openfacts
3578835319156,openfacts
3578835319231,openfacts
3578835319262,openfacts
3578835500035,openfacts
3578835500042,openfacts
3578835500059,openfacts
3578835500097,openfacts
3578835500103,openfacts
3578835500110,openfacts
3578835500127,openfacts
3578835500141,openfacts
3578835500165,openfacts
3578835500196,openfacts
3578835500219,openfacts
3578835500226,openfacts
3578835500240,openfacts
3578835500257,openfacts
3578835500264,openfacts
3578835500271,openfacts
3578835500295,openfacts
3578835500301,openfacts
3578835500318,openfacts
3578835500349,openfacts
3578835500356,openfacts
3578835500400,openfacts
3578835500417,openfacts
3578835500493,openfacts
3578835500547,openfacts
3578835500561,openfacts
3578835500578,openfacts
3578835500585,openfacts
3578835500592,openfacts
3578835500608,openfacts
3578835500639,openfacts
3578835500646,openfacts
3578835500653,openfacts
3578835500660,openfacts
3578835500721,openfacts
3578835500738,openfacts
3578835500745,openfacts
3578835500752,openfacts
3578835500950,openfacts
3578835500967,openfacts
3578835500974,openfacts
3578835501018,openfacts
3578835501025,openfacts
3578835501049,openfacts
3578835501056,openfacts
3578835501070,openfacts
3578835501131,openfacts
3578835501148,openfacts
3578835501179,openfacts
3578835501186,openfacts
3578835501216,openfacts
3578835501223,openfacts
3578835501230,openfacts
3578835501247,openfacts
3578835501360,openfacts
3578835501384,openfacts
3578835501445,openfacts
3578835501612,openfacts
3578835501674,openfacts
3578835501681,openfacts
3578835501698,openfacts
3578835501704,openfacts
3578835501728,openfacts
3578835501766,openfacts
3578835501773,openfacts
3578835501780,openfacts
3578835501797,openfacts
3578835501803,openfacts
3578835501827,openfacts
3578835501872,openfacts
3578835501902,openfacts
3578835501919,openfacts
3578835501926,openfacts
3578835501940,openfacts
3578835501957,openfacts
3578835501988,openfacts
3578835502015,openfacts
3578835502077,openfacts
3578835502107,openfacts
3578835502121,openfacts
3578835502176,openfacts
3578835502183,openfacts
3578835502190,openfacts
3578835502251,openfacts
3578835502343,openfacts
3578835502367,openfacts
3578835502473,openfacts
3578835502497,openfacts
3578835502510,openfacts
3578835502572,openfacts
3578835502596,openfacts
3578835502619,openfacts
3578835502633,openfacts
3578835502640,openfacts
3578835502664,openfacts
3578835502749,openfacts
3578835502800,openfacts
3578835502817,openfacts
3578835502831,openfacts
3578835502879,openfacts
3578835502916,openfacts
3578835502954,openfacts
3578835503074,openfacts
3578835503104,openfacts
3578835503142,openfacts
3578835503159,openfacts
3578835503210,openfacts
3578835503227,openfacts
3578835503272,openfacts
3578835503371,openfacts
3578835503395,openfacts
3578835503401,openfacts
3578835503425,openfacts
3578835503449,openfacts
3578835503487,openfacts
3578835503500,openfacts
3578835503562,openfacts
3578835503647,openfacts
3578835503661,openfacts
3578835503678,openfacts
3578835503784,openfacts
3578835503845,openfacts
3578835503883,openfacts
3578835503906,openfacts
3578835503913,openfacts
3578835503920,openfacts
3578835503937,openfacts
3578835503968,openfacts
3578835504026,openfacts
3578835504033,openfacts
3578835504064,openfacts
3578835504101,openfacts
3578835504125,openfacts
3578835504132,openfacts
3578835504149,openfacts
3578835504200,openfacts
3578835504248,openfacts
3578835504408,openfacts
3578835504439,openfacts
3578835504477,openfacts
3578835504699,openfacts
3578835504804,openfacts
3578835504842,openfacts
3578835504934,openfacts
3578835504958,openfacts
3578835504972,openfacts
3578835505115,openfacts
3578835505153,openfacts
3578835505269,openfacts
3578835505313,openfacts
3578835506150,openfacts
3578835506440,openfacts
3578835609011,openfacts
3578835610116,openfacts
3578835611076,openfacts
3578835710120,openfacts
3578835710182,openfacts
3578835710205,openfacts
3578835710250,openfacts
3578835710298,openfacts
3578835711042,openfacts
3578835711134,openfacts
3578836110660,openfacts
3578836127118,openfacts
3578836226019,openfacts
3578840000018,openfacts
3578840000025,openfacts
3578840000032,openfacts
3578840000049,openfacts
3578840000063,openfacts
3578840000278,openfacts
3578840000292,openfacts
3578840000308,openfacts
3578840000582,openfacts
3578840000698,openfacts
3578840000803,openfacts
3578840001343,openfacts
3578840001398,openfacts
3578840001466,openfacts
3578840003019,openfacts
3578840003026,openfacts
3578840003033,openfacts
3578840003040,openfacts
3578840003057,openfacts
3578840003149,openfacts
3578840003156,openfacts
3578840003163,openfacts
3578840003170,openfacts
3578840003200,openfacts
3578840003217,openfacts
3578840003224,openfacts
3578840003231,openfacts
3578840003255,openfacts
3578840003286,openfacts
3578840003293,openfacts
3578840003309,openfacts
3578840003316,openfacts
3578840003330,openfacts
3578840003354,openfacts
3578840003392,openfacts
3578840003408,openfacts
3578840003415,openfacts
3578840003422,openfacts
3578840003439,openfacts
3578840003446,openfacts
3578840003453,openfacts
3578840003460,openfacts
3578840003507,openfacts
3578840003514,openfacts
3578840003521,openfacts
3578840003538,openfacts
3578840003552,openfacts
3578840003569,openfacts
3578840003590,openfacts
3578840003637,openfacts
3578840003644,openfacts
3578840003651,openfacts
3578840003668,openfacts
3578840003675,openfacts
3578840003682,openfacts
3578840003699,openfacts
3578840003705,openfacts
3578840003712,openfacts
3578840003729,openfacts
3578840003736,openfacts
3578840003743,openfacts
3578840003750,openfacts
3578840003767,openfacts
3578840003781,openfacts
3578840003804,openfacts
3578840003811,openfacts
3578840003835,openfacts
3578840003866,openfacts
3578840003941,openfacts
3578840003958,openfacts
3578840003989,openfacts
3578840003996,openfacts
3578840004030,openfacts
3578840004108,openfacts
3578840004115,openfacts
3578840004122,openfacts
3578840004146,openfacts
3578840004153,openfacts
3578840004177,openfacts
3578840004207,openfacts
3578840004214,openfacts
3578840004221,openfacts
3578840004252,openfacts
3578840004269,openfacts
3578840004276,openfacts
3578840004306,openfacts
3578840004313,openfacts
3578840004344,openfacts
3578840004351,openfacts
3578840004375,openfacts
3578840004382,openfacts
3578840004399,openfacts
3578840004450,openfacts
3578840004467,openfacts
3578840004481,openfacts
3578840004498,openfacts
3578840004511,openfacts
3578840004535,openfacts
3578840004566,openfacts
3578840004573,openfacts
3578840004818,openfacts
3578840005044,openfacts
3578840005075,openfacts
3578840005129,openfacts
3578901000001,openfacts
3578901001015,openfacts
3578901009998,openfacts
3578901029989,openfacts
3578951246022,openfacts
3578960011260,openfacts
3578960014261,openfacts
3578960014605,openfacts
3578960016357,openfacts
3578960022112,openfacts
3578960042653,openfacts
3578960044404,openfacts
3578960045524,openfacts
3578960062569,openfacts
3578960119010,openfacts
3578970002036,openfacts
3578983585755,openfacts
3579070330609,openfacts
3579070332009,openfacts
3579070340509,openfacts
3579070340707,openfacts
3579070340806,openfacts
3579070341001,openfacts
3579070343708,openfacts
3579070720806,openfacts
3579074080500,openfacts
3579074080708,openfacts
3579074081200,openfacts
3579074083402,openfacts
3579074083501,openfacts
3579074083808,openfacts
3579074086403,openfacts
3579074180507,openfacts
3579074180705,openfacts
3579074181207,openfacts
3579074183409,openfacts
3579074183508,openfacts
3579074183805,openfacts
3579074186400,openfacts
3579074851254,openfacts
3579074961243,openfacts
3579075073242,openfacts
3579075275004,openfacts
3579075470546,openfacts
3579075471246,openfacts
3579075473042,openfacts
3579075473547,openfacts
3579075493200,openfacts
3579075570543,openfacts
3579075571243,openfacts
3579075574244,openfacts
3579075574343,openfacts
3579075574442,openfacts
3579075593207,openfacts
3579075651242,openfacts
3579075651648,openfacts
3579075653048,openfacts
3579075653543,openfacts
3579075654649,openfacts
3579075661241,openfacts
3579075663146,openfacts
3579075663245,openfacts
3579075663344,openfacts
3579075663948,openfacts
3579075664044,openfacts
3579075673244,openfacts
3579075784841,openfacts
3579131990018,openfacts
3579132014010,openfacts
3579132015017,openfacts
3579148120002,openfacts
3579177800265,openfacts
3579194201090,openfacts
3579209002766,openfacts
3579221545111,openfacts
3579230000007,openfacts
3579230000144,openfacts
3579230000427,openfacts
3579230000700,openfacts
3579230006382,openfacts
3579230010068,openfacts
3579230047941,openfacts
3579230101216,openfacts
3579260015569,openfacts
3579260039060,openfacts
3579260039077,openfacts
3579260039084,openfacts
3579260039329,openfacts
3579260039398,openfacts
3579260039404,openfacts
3579260039886,openfacts
3579260205007,openfacts
3579260205649,openfacts
3579260215624,openfacts
3579260216706,openfacts
3579260218366,openfacts
3579260218724,openfacts
3579260219097,openfacts
3579260219790,openfacts
3579260221717,openfacts
3579260221724,openfacts
3579260221731,openfacts
3579260221748,openfacts
3579260221755,openfacts
3579260221762,openfacts
3579260221786,openfacts
3579260221977,openfacts
3579260221984,openfacts
3579260222424,openfacts
3579260222455,openfacts
3579260223872,openfacts
3579260223902,openfacts
3579260224831,openfacts
3579260225166,openfacts
3579260225197,openfacts
3579260225203,openfacts
3579260225371,openfacts
3579260225616,openfacts
3579260464060,openfacts
3579260464404,openfacts
3579281515482,openfacts
3579281912809,openfacts
3579310000101,openfacts
3579310000149,openfacts
3579310000279,openfacts
3579310021007,openfacts
3579310111043,openfacts
3579310111098,openfacts
3579310111166,openfacts
3579310111197,openfacts
3579310111272,openfacts
3579310111364,openfacts
3579340663420,openfacts
3579370120504,openfacts
3579370140441,openfacts
3579370140502,openfacts
3579370239930,openfacts
3579370300500,openfacts
3579370300760,openfacts
3579370301002,openfacts
3579370400705,openfacts
3579370400804,openfacts
3579370410452,openfacts
3579370420703,openfacts
3579370430702,openfacts
3579370440701,openfacts
3579370504342,openfacts
3579370504359,openfacts
3579370504366,openfacts
3579370504373,openfacts
3579370509071,openfacts
3579370509156,openfacts
3579370509217,openfacts
3579370601218,openfacts
3579370701369,openfacts
3579370701376,openfacts
3579370701383,openfacts
3579370701390,openfacts
3579370804251,openfacts
3579370804268,openfacts
3579370804305,openfacts
3579370804312,openfacts
3579370906115,openfacts
3579370906146,openfacts
3579370906177,openfacts
3579370906184,openfacts
3579370906214,openfacts
3579370906221,openfacts
3579370906245,openfacts
3579370906276,openfacts
3579370906283,openfacts
3579371001505,openfacts
3579371001512,openfacts
3579371001529,openfacts
3579371001604,openfacts
3579371001673,openfacts
3579371001703,openfacts
3579371001727,openfacts
3579371001734,openfacts
3579371100833,openfacts
3579371400780,openfacts
3579371400797,openfacts
3579371401602,openfacts
3579371401633,openfacts
3579371404252,openfacts
3579371404306,openfacts
3579371404313,openfacts
3579371409097,openfacts
3579371410475,openfacts
3579371411021,openfacts
3579371420252,openfacts
3579371421006,openfacts
3579371421624,openfacts
3579371430503,openfacts
3579371440250,openfacts
3579372310019,openfacts
3579460079798,openfacts
3579480263320,openfacts
3579481412611,openfacts
3579488141491,openfacts
3579527501019,openfacts
3579527501040,openfacts
3579527501095,openfacts
3579527501118,openfacts
3579527501125,openfacts
3579527501132,openfacts
3579527501149,openfacts
3579527501156,openfacts
3579527501170,openfacts
3579527501194,openfacts
3579527501217,openfacts
3579527501347,openfacts
3579527502481,openfacts
3579550001012,openfacts
3579550001029,openfacts
3579550001036,openfacts
3579550001043,openfacts
3579550001050,openfacts
3579550001081,openfacts
3579550001098,openfacts
3579550001159,openfacts
3579550001173,openfacts
3579550001180,openfacts
3579550001340,openfacts
3579550001814,openfacts
3579600003010,openfacts
3579600003072,openfacts
3579600008206,openfacts
3579631000736,openfacts
3579631001726,openfacts
3579683251667,openfacts
3579690000029,openfacts
3579690000050,openfacts
3579690000098,openfacts
3579690000104,openfacts
3579690000111,openfacts
3579690000135,openfacts
3579690000159,openfacts
3579690000166,openfacts
3579690000173,openfacts
3579690000180,openfacts
3579690000227,openfacts
3579690000234,openfacts
3579690000241,openfacts
3579690000258,openfacts
3579690000265,openfacts
3579690000272,openfacts
3579690000401,openfacts
3579690002160,openfacts
3579690003167,openfacts
3579690003228,openfacts
3579690003235,openfacts
3579690003242,openfacts
3579690003259,openfacts
3579720110001,openfacts
3579720202508,openfacts
3579720205004,openfacts
3579860000071,openfacts
3579900000009,openfacts
3579933113981,openfacts
3579933116678,openfacts
3579933123300,openfacts
