ean13,source
0880000414713,openfacts
0880002251354,openfacts
0880002251613,openfacts
0880002251637,openfacts
0880002516019,openfacts
0880002725459,openfacts
0880003003259,openfacts
0880006466457,openfacts
0880008413169,openfacts
0880008801096,openfacts
0880035000127,openfacts
0880044006073,openfacts
0880054069396,openfacts
0880056002605,openfacts
0880066455590,openfacts
0880066455866,openfacts
0880066455873,openfacts
0880066455880,openfacts
0880066455958,openfacts
0880066456382,openfacts
0880066456405,openfacts
0880066456412,openfacts
0880066456429,openfacts
0880066456436,openfacts
0880066456443,openfacts
0880066456474,openfacts
0880066456481,openfacts
0880066456610,openfacts
0880066456627,openfacts
0880066456665,openfacts
0880066456672,openfacts
0880066456696,openfacts
0880066456702,openfacts
0880066456719,openfacts
0880066456757,openfacts
0880066456771,openfacts
0880066456788,openfacts
0880066456795,openfacts
0880066457082,openfacts
0880066457136,openfacts
0880066457143,openfacts
0880066457228,openfacts
0880066457242,openfacts
0880066457259,openfacts
0880066457273,openfacts
0880066457297,openfacts
0880066457501,openfacts
0880066457525,openfacts
0880066457549,openfacts
0880066457556,openfacts
0880066457570,openfacts
0880066457600,openfacts
0880066457648,openfacts
0880066457655,openfacts
0880066457679,openfacts
0880066457693,openfacts
0880066457709,openfacts
0880066458263,openfacts
0880066458799,openfacts
0880066458829,openfacts
0880066458836,openfacts
0880066458867,openfacts
0880066459604,openfacts
0880066460143,openfacts
0880066461140,openfacts
0880066555030,openfacts
0880066555047,openfacts
0880066592110,openfacts
0880066868024,openfacts
0880086100500,openfacts
0880086100555,openfacts
0880086100609,openfacts
0880093902166,openfacts
0880095002192,openfacts
0880098263569,openfacts
0880107510578,openfacts
0880111415203,openfacts
0880122700190,openfacts
0880124011874,openfacts
0880124014011,openfacts
0880124014059,openfacts
0880124014455,openfacts
0880124014462,openfacts
0880124014479,openfacts
0880124014486,openfacts
0880124014516,openfacts
0880124018552,openfacts
0880124018699,openfacts
0880124018989,openfacts
0880124019214,openfacts
0880124019375,openfacts
0880124019801,openfacts
0880124020289,openfacts
0880124020296,openfacts
0880124021828,openfacts
0880133050154,openfacts
0880138710114,openfacts
0880147205106,openfacts
0880154649504,openfacts
0880171005970,openfacts
0880173000089,openfacts
0880173000102,openfacts
0880173000119,openfacts
0880173000126,openfacts
0880173000140,openfacts
0880173000362,openfacts
0880173000409,openfacts
0880173000492,openfacts
0880173000577,openfacts
0880173000584,openfacts
0880173000607,openfacts
0880173000614,openfacts
0880173000621,openfacts
0880173000645,openfacts
0880173000676,openfacts
0880173000737,openfacts
0880173000751,openfacts
0880173000829,openfacts
0880173000898,openfacts
0880173000928,openfacts
0880173000935,openfacts
0880173000959,openfacts
0880173000966,openfacts
0880173000980,openfacts
0880173001000,openfacts
0880173001109,openfacts
0880176000383,openfacts
0880188770809,openfacts
0880192205588,openfacts
0880195047512,openfacts
0880195305995,openfacts
0880196268619,openfacts
0880196268633,openfacts
0880196268664,openfacts
0880225150014,openfacts
0880233461164,openfacts
0880252230277,openfacts
0880252230314,openfacts
0880252230727,openfacts
0880252230772,openfacts
0880252230796,openfacts
0880252231007,openfacts
0880252232127,openfacts
0880252232141,openfacts
0880252232158,openfacts
0880252232165,openfacts
0880252232202,openfacts
0880252232219,openfacts
0880252232233,openfacts
0880252232332,openfacts
0880252232356,openfacts
0880252232400,openfacts
0880252232882,openfacts
0880252232905,openfacts
0880252232912,openfacts
0880252233872,openfacts
0880252234992,openfacts
0880252235050,openfacts
0880252235722,openfacts
0880252235890,openfacts
0880252236026,openfacts
0880252236033,openfacts
0880252236446,openfacts
0880252236590,openfacts
0880252250114,openfacts
0880252250138,openfacts
0880252250169,openfacts
0880252250718,openfacts
0880268193849,openfacts
0880288000028,openfacts
0880307631905,openfacts
0880319814112,openfacts
0880328945678,openfacts
0880334018397,openfacts
0880342000353,openfacts
0880342000360,openfacts
0880342000377,openfacts
0880342000667,openfacts
0880342000841,openfacts
0880342000858,openfacts
0880342000865,openfacts
0880342000889,openfacts
0880342000896,openfacts
0880342000902,openfacts
0880342000926,openfacts
0880342000940,openfacts
0880342000964,openfacts
0880344000511,openfacts
0880350544733,openfacts
0880357587290,openfacts
0880369021003,openfacts
0880372310811,openfacts
0880382587227,openfacts
0880404005487,openfacts
0880406412207,openfacts
0880430000005,openfacts
0880446000013,openfacts
0880446000037,openfacts
0880446000044,openfacts
0880446000051,openfacts
0880446000068,openfacts
0880446000082,openfacts
0880446000099,openfacts
0880446000105,openfacts
0880446000112,openfacts
0880446000150,openfacts
0880446000174,openfacts
0880446000259,openfacts
0880446000266,openfacts
0880446000297,openfacts
0880446000303,openfacts
0880446000310,openfacts
0880446000327,openfacts
0880446000334,openfacts
0880446000365,openfacts
0880446000372,openfacts
0880446000402,openfacts
0880446001157,openfacts
0880446001522,openfacts
0880446100034,openfacts
0880448000011,openfacts
0880448000028,openfacts
0880448000035,openfacts
0880448000042,openfacts
0880448000059,openfacts
0880448000066,openfacts
0880448000073,openfacts
0880448000097,openfacts
0880448000103,openfacts
0880448000158,openfacts
0880448000172,openfacts
0880448000202,openfacts
0880448000271,openfacts
0880448000288,openfacts
0880448000516,openfacts
0880448000684,openfacts
0880448001629,openfacts
0880448215002,openfacts
0880448215156,openfacts
0880448223007,openfacts
0880448223151,openfacts
0880448271008,openfacts
0880448271053,openfacts
0880448271107,openfacts
0880448271206,openfacts
0880448271251,openfacts
0880448271350,openfacts
0880448290405,openfacts
0880448290429,openfacts
0880448295004,openfacts
0880448350000,openfacts
0880448444488,openfacts
0880495733023,openfacts
0880496098268,openfacts
0880496444126,openfacts
0880505155166,openfacts
0880544968147,openfacts
0880579000010,openfacts
0880601350007,openfacts
0880602350006,openfacts
0880603350005,openfacts
0880604350004,openfacts
0880605350003,openfacts
0880607350001,openfacts
0880608400002,openfacts
0880609400001,openfacts
0880610400007,openfacts
0880612350003,openfacts
0880613400004,openfacts
0880632001008,openfacts
0880632001022,openfacts
0880632001282,openfacts
0880632001299,openfacts
0880632001367,openfacts
0880632001374,openfacts
0880632001381,openfacts
0880632001398,openfacts
0880632001411,openfacts
0880632001435,openfacts
0880632001442,openfacts
0880632001626,openfacts
0880632001640,openfacts
0880632001664,openfacts
0880632001688,openfacts
0880632001725,openfacts
0880632001749,openfacts
0880632001763,openfacts
0880632001787,openfacts
0880632001800,openfacts
0880632001848,openfacts
0880632001862,openfacts
0880632001886,openfacts
0880632001909,openfacts
0880632002104,openfacts
0880632002111,openfacts
0880632002159,openfacts
0880632002166,openfacts
0880632002241,openfacts
0880632002265,openfacts
0880632002272,openfacts
0880632002487,openfacts
0880632002500,openfacts
0880632002647,openfacts
0880632002739,openfacts
0880632002753,openfacts
0880632002784,openfacts
0880632002890,openfacts
0880632002906,openfacts
0880632003224,openfacts
0880632003415,openfacts
0880632003484,openfacts
0880632003521,openfacts
0880632003767,openfacts
0880632003781,openfacts
0880632003804,openfacts
0880632003965,openfacts
0880632004092,openfacts
0880632004306,openfacts
0880632004603,openfacts
0880632004610,openfacts
0880632004634,openfacts
0880632004665,openfacts
0880632005228,openfacts
0880632005792,openfacts
0880632005815,openfacts
0880632005839,openfacts
0880632006386,openfacts
0880632006393,openfacts
0880632006416,openfacts
0880632007000,openfacts
0880632007161,openfacts
0880632007932,openfacts
0880632008489,openfacts
0880632008519,openfacts
0880632009646,openfacts
0880632009684,openfacts
0880632009899,openfacts
0880632010178,openfacts
0880632011168,openfacts
0880632011526,openfacts
0880632011649,openfacts
0880632014152,openfacts
0880632014176,openfacts
0880632014183,openfacts
0880632014381,openfacts
0880632014718,openfacts
0880632015005,openfacts
0880632030060,openfacts
0880632260269,openfacts
0880651000013,openfacts
0880681043004,openfacts
0880681096000,openfacts
0880681135006,openfacts
0880681160008,openfacts
0880681169001,openfacts
0880681170007,openfacts
0880720000180,openfacts
0880720000197,openfacts
0880720000203,openfacts
0880720000227,openfacts
0880720000241,openfacts
0880720000302,openfacts
0880721157012,openfacts
0880730100085,openfacts
0880730100214,openfacts
0880730122117,openfacts
0880730122353,openfacts
0880730122957,openfacts
0880730195111,openfacts
0880740019353,openfacts
0880750446934,openfacts
0880752160401,openfacts
0880752160500,openfacts
0880752160609,openfacts
0880760093753,openfacts
0880760093777,openfacts
0880760093791,openfacts
0880760159404,openfacts
0880765704357,openfacts
0880765754352,openfacts
0880783030841,openfacts
0880799989706,openfacts
0880818511017,openfacts
0880827345634,openfacts
0880856000030,openfacts
0880860004062,openfacts
0880860004079,openfacts
0880860004161,openfacts
0880860004307,openfacts
0880860005007,openfacts
0880860005014,openfacts
0880860005113,openfacts
0880860005137,openfacts
0880860006127,openfacts
0880860006141,openfacts
0880860118745,openfacts
0880860118813,openfacts
0880860122773,openfacts
0880860124340,openfacts
0880860130488,openfacts
0880860134714,openfacts
0880860140708,openfacts
0880879000208,openfacts
0880879000246,openfacts
0880879001274,openfacts
0880879001359,openfacts
0880879001410,openfacts
0880879001496,openfacts
0880879001618,openfacts
0880879001625,openfacts
0880879001670,openfacts
0880879001731,openfacts
0880879002035,openfacts
0880879002042,openfacts
0880879002264,openfacts
0880879002271,openfacts
0880879002288,openfacts
0880879002295,openfacts
0880879002301,openfacts
0880879002547,openfacts
0880879002592,openfacts
0880879002790,openfacts
0880879004138,openfacts
0880879004459,openfacts
0880879004718,openfacts
0880879004909,openfacts
0880879004916,openfacts
0880879004923,openfacts
0880898677832,openfacts
0880911163106,openfacts
0880911163113,openfacts
0880911163120,openfacts
0880911163205,openfacts
0880911163274,openfacts
0880911163281,openfacts
0880911163298,openfacts
0880911163342,openfacts
0880911163397,openfacts
0880911163403,openfacts
0880911163458,openfacts
0880911163489,openfacts
0880911163601,openfacts
0880911163618,openfacts
0880911163625,openfacts
0880911163632,openfacts
0880911163649,openfacts
0880911163656,openfacts
0880911163663,openfacts
0880911163670,openfacts
0880911163892,openfacts
0880911163908,openfacts
0880914253484,openfacts
0880917938852,openfacts
0880931150513,openfacts
0880932462318,openfacts
0880969622655,openfacts
0880976361004,openfacts
0880980000517,openfacts
0880980001149,openfacts
0880980500017,openfacts
0880985146012,openfacts
0880990101105,openfacts
0880999000058,openfacts
0880999000164,openfacts
0880999000218,openfacts
0880999000515,openfacts
0880999000775,openfacts
0880999001079,openfacts
0880999010002,openfacts
0880999011115,openfacts
0880999030000,openfacts
0880999108167,openfacts
0880999108556,openfacts
0880999552229,openfacts
0880999810657,openfacts
0880999810817,openfacts
0881006000252,openfacts
0881006000368,openfacts
0881006000665,openfacts
0881006000672,openfacts
0881006000689,openfacts
0881006000702,openfacts
0881006000801,openfacts
0881006001037,openfacts
0881006001068,openfacts
0881006001099,openfacts
0881006001105,openfacts
0881006001112,openfacts
0881006010299,openfacts
0881006010909,openfacts
0881006020441,openfacts
0881006020519,openfacts
0881006027136,openfacts
0881006031003,openfacts
0881006034134,openfacts
0881006034615,openfacts
0881006035063,openfacts
0881006050011,openfacts
0881006050042,openfacts
0881006901511,openfacts
0881011785885,openfacts
0881012110303,openfacts
0881012110600,openfacts
0881012330268,openfacts
0881012330664,openfacts
0881024300839,openfacts
0881031644612,openfacts
0881040000041,openfacts
0881040000157,openfacts
0881040000423,openfacts
0881040000461,openfacts
0881040004032,openfacts
0881040800009,openfacts
0881049002107,openfacts
0881049008109,openfacts
0881049062019,openfacts
0881049062088,openfacts
0881049096014,openfacts
0881049096052,openfacts
0881049125028,openfacts
0881049125042,openfacts
0881052277813,openfacts
0881073116467,openfacts
0881077637722,openfacts
0881090750057,openfacts
0881116000005,openfacts
0881122050070,openfacts
0881122100225,openfacts
0881122200307,openfacts
0881122200635,openfacts
0881122200673,openfacts
0881122200680,openfacts
0881122200826,openfacts
0881122200932,openfacts
0881122201229,openfacts
0881122201328,openfacts
0881122201434,openfacts
0881122201595,openfacts
0881122201946,openfacts
0881122201960,openfacts
0881122300991,openfacts
0881122440765,openfacts
0881122450016,openfacts
0881122450252,openfacts
0881122450337,openfacts
0881122451358,openfacts
0881122490869,openfacts
0881122580058,openfacts
0881122580126,openfacts
0881122610045,openfacts
0881122610274,openfacts
0881122610298,openfacts
0881122610458,openfacts
0881122610502,openfacts
0881122610700,openfacts
0881122610809,openfacts
0881122610939,openfacts
0881122610953,openfacts
0881122610960,openfacts
0881122611110,openfacts
0881122611141,openfacts
0881122611226,openfacts
0881122611233,openfacts
0881122611790,openfacts
0881122611912,openfacts
0881122650027,openfacts
0881122650041,openfacts
0881122650072,openfacts
0881122650164,openfacts
0881122650232,openfacts
0881122651222,openfacts
0881122651345,openfacts
0881122651390,openfacts
0881122660057,openfacts
0881122810018,openfacts
0881122810056,openfacts
0881122810247,openfacts
0881122810445,openfacts
0881122810452,openfacts
0881122810476,openfacts
0881122810513,openfacts
0881122811152,openfacts
0881122811275,openfacts
0881122815808,openfacts
0881122821298,openfacts
0881122830733,openfacts
0881122840138,openfacts
0881122840916,openfacts
0881122860037,openfacts
0881122860273,openfacts
0881122860693,openfacts
0881122860815,openfacts
0881122860860,openfacts
0881122861331,openfacts
0881122861355,openfacts
0881122885047,openfacts
0881140411242,openfacts
0881166714501,openfacts
0881177715528,openfacts
0881200000096,openfacts
0881217111228,openfacts
0881245100324,openfacts
0881245100645,openfacts
0881245102328,openfacts
0881245102649,openfacts
0881245102700,openfacts
0881245103325,openfacts
0881245103646,openfacts
0881245103707,openfacts
0881245105169,openfacts
0881245105329,openfacts
0881245105640,openfacts
0881245110323,openfacts
0881245115168,openfacts
0881245115328,openfacts
0881245120162,openfacts
0881245120247,openfacts
0881245120322,openfacts
0881245125327,openfacts
0881245126164,openfacts
0881245130161,openfacts
0881245135166,openfacts
0881245150169,openfacts
0881245151166,openfacts
0881245161080,openfacts
0881245182061,openfacts
0881245183068,openfacts
0881245184065,openfacts
0881245185062,openfacts
0881245201243,openfacts
0881245203322,openfacts
0881245213321,openfacts
0881245233329,openfacts
0881245260165,openfacts
0881245265122,openfacts
0881279022036,openfacts
0881288810228,openfacts
0881314207367,openfacts
0881314329465,openfacts
0881314329472,openfacts
0881314329489,openfacts
0881314329496,openfacts
0881314344390,openfacts
0881314405947,openfacts
0881314594795,openfacts
0881314623631,openfacts
0881314623648,openfacts
0881314780266,openfacts
0881314780280,openfacts
0881314780310,openfacts
0881314799626,openfacts
0881314858101,openfacts
0881314858125,openfacts
0881314858255,openfacts
0881314868551,openfacts
0881314868575,openfacts
0881314882922,openfacts
0881314882946,openfacts
0881314932320,openfacts
0881334000467,openfacts
0881334000474,openfacts
0881334000481,openfacts
0881334000498,openfacts
0881334000511,openfacts
0881334000764,openfacts
0881334001471,openfacts
0881334002492,openfacts
0881334002782,openfacts
0881334002799,openfacts
0881334002980,openfacts
0881334002997,openfacts
0881334003000,openfacts
0881334003017,openfacts
0881334003024,openfacts
0881334005691,openfacts
0881334006384,openfacts
0881334006797,openfacts
0881334006810,openfacts
0881334008227,openfacts
0881334008241,openfacts
0881334009668,openfacts
0881334009675,openfacts
0881334009705,openfacts
0881334010947,openfacts
0881334011029,openfacts
0881334011555,openfacts
0881334011852,openfacts
0881334012064,openfacts
0881334012248,openfacts
0881334012606,openfacts
0881334012613,openfacts
0881334012682,openfacts
0881334012699,openfacts
0881334012705,openfacts
0881334012712,openfacts
0881334012774,openfacts
0881334012804,openfacts
0881334012828,openfacts
0881334012835,openfacts
0881334012866,openfacts
0881334012927,openfacts
0881334012934,openfacts
0881334012941,openfacts
0881334012965,openfacts
0881334012972,openfacts
0881334012996,openfacts
0881334013139,openfacts
0881334014778,openfacts
0881334014785,openfacts
0881334014792,openfacts
0881334014808,openfacts
0881334014815,openfacts
0881334014822,openfacts
0881334014884,openfacts
0881334014891,openfacts
0881334014938,openfacts
0881334014952,openfacts
0881334014969,openfacts
0881334015157,openfacts
0881334015195,openfacts
0881334015201,openfacts
0881334015256,openfacts
0881334015331,openfacts
0881334015973,openfacts
0881334015980,openfacts
0881334016154,openfacts
0881334016239,openfacts
0881334016321,openfacts
0881334016338,openfacts
0881334016413,openfacts
0881334016437,openfacts
0881334016451,openfacts
0881334016468,openfacts
0881334016499,openfacts
0881334016529,openfacts
0881334016536,openfacts
0881334016727,openfacts
0881334017052,openfacts
0881334017069,openfacts
0881334017083,openfacts
0881334017120,openfacts
0881334017281,openfacts
0881334017397,openfacts
0881334017533,openfacts
0881334017540,openfacts
0881334017649,openfacts
0881334019179,openfacts
0881334019186,openfacts
0881334020298,openfacts
0881366002002,openfacts
0881366002217,openfacts
0881366002231,openfacts
0881366002248,openfacts
0881366002408,openfacts
0881366002415,openfacts
0881366002422,openfacts
0881366002620,openfacts
0881366002644,openfacts
0881366002903,openfacts
0881366003030,openfacts
0881366003047,openfacts
0881366003054,openfacts
0881366003092,openfacts
0881369000012,openfacts
0881374464991,openfacts
0881386020055,openfacts
0881392016677,openfacts
0881401309882,openfacts
0881404305812,openfacts
0881428000106,openfacts
0881428000113,openfacts
0881428000304,openfacts
0881428000311,openfacts
0881428000342,openfacts
0881428000359,openfacts
0881428000403,openfacts
0881428000908,openfacts
0881428000915,openfacts
0881428001226,openfacts
0881428001349,openfacts
0881428002094,openfacts
0881428002438,openfacts
0881428002452,openfacts
0881428002599,openfacts
0881428003343,openfacts
0881428003350,openfacts
0881428003374,openfacts
0881428003381,openfacts
0881428003503,openfacts
0881428003510,openfacts
0881428003596,openfacts
0881428003602,openfacts
0881428003626,openfacts
0881428003664,openfacts
0881428003954,openfacts
0881428004012,openfacts
0881428004418,openfacts
0881428004616,openfacts
0881428004708,openfacts
0881428004715,openfacts
0881428005248,openfacts
0881428005255,openfacts
0881428005286,openfacts
0881428005316,openfacts
0881428005804,openfacts
0881460106606,openfacts
0881470000659,openfacts
0881524372343,openfacts
0881540000084,openfacts
0881565000366,openfacts
0881565000380,openfacts
0881565000397,openfacts
0881565000588,openfacts
0881581301171,openfacts
0881581301188,openfacts
0881602101032,openfacts
0881602101124,openfacts
0881602201022,openfacts
0881602201046,openfacts
0881602201060,openfacts
0881602201145,openfacts
0881602201169,openfacts
0881602201190,openfacts
0881602201220,openfacts
0881602201244,openfacts
0881602201251,openfacts
0881602201268,openfacts
0881602358764,openfacts
0881613013201,openfacts
0881621001078,openfacts
0881621001085,openfacts
0881621001092,openfacts
0881621001382,openfacts
0881621001399,openfacts
0881621001405,openfacts
0881621001481,openfacts
0881621001498,openfacts
0881621001566,openfacts
0881621001573,openfacts
0881621001849,openfacts
0881621002600,openfacts
0881621002730,openfacts
0881621003140,openfacts
0881621003171,openfacts
0881621003355,openfacts
0881621003522,openfacts
0881621003553,openfacts
0881621003713,openfacts
0881621003874,openfacts
0881621003911,openfacts
0881621003997,openfacts
0881621004628,openfacts
0881644000133,openfacts
0881645000224,openfacts
0881645009012,openfacts
0881694501000,openfacts
0881708165358,openfacts
0881735100216,openfacts
0881735100247,openfacts
0881735100292,openfacts
0881735100315,openfacts
0881735100377,openfacts
0881735100384,openfacts
0881735100421,openfacts
0881735100445,openfacts
0881735101534,openfacts
0881735101961,openfacts
0881735102005,openfacts
0881735102067,openfacts
0881735102142,openfacts
0881735102159,openfacts
0881735103545,openfacts
0881769641815,openfacts
0881785330007,openfacts
0881804213342,openfacts
0881811803796,openfacts
0881878000107,openfacts
0881878121505,openfacts
0881878121529,openfacts
0881878121550,openfacts
0881895911486,openfacts
0881932992317,openfacts
0881945001631,openfacts
0881945804737,openfacts
0881945810059,openfacts
0881949000319,openfacts
0881949005956,openfacts
0881949006632,openfacts
0881949006649,openfacts
0881964000301,openfacts
0881964000363,openfacts
0881964000387,openfacts
0881964000394,openfacts
0881964000400,openfacts
0881964000424,openfacts
0881964000431,openfacts
0881964000479,openfacts
0881964000547,openfacts
0881964000554,openfacts
0881964000929,openfacts
0881964000936,openfacts
0881964000943,openfacts
0881964000950,openfacts
0881979000006,openfacts
0881979000051,openfacts
0881979000877,openfacts
0882025006003,openfacts
0882028000039,openfacts
0882035002248,openfacts
0882035100074,openfacts
0882035200019,openfacts
0882035500027,openfacts
0882035500300,openfacts
0882035500720,openfacts
0882035500805,openfacts
0882035500843,openfacts
0882035500959,openfacts
0882035501277,openfacts
0882035501321,openfacts
0882040002448,openfacts
0882085000058,openfacts
0882085500015,openfacts
0882095111171,openfacts
0882095111409,openfacts
0882095222662,openfacts
0882095222679,openfacts
0882095222686,openfacts
0882095222693,openfacts
0882095222723,openfacts
0882095222792,openfacts
0882095222945,openfacts
0882095222983,openfacts
0882095223102,openfacts
0882095223195,openfacts
0882095223218,openfacts
0882095223225,openfacts
0882095223263,openfacts
0882095223287,openfacts
0882095223447,openfacts
0882095223485,openfacts
0882095223492,openfacts
0882095223690,openfacts
0882095224161,openfacts
0882101054485,openfacts
0882102502121,openfacts
0882108610691,openfacts
0882109857446,openfacts
0882118741064,openfacts
0882144005505,openfacts
0882149000390,openfacts
0882149000413,openfacts
0882149000581,openfacts
0882149000604,openfacts
0882149000734,openfacts
0882149001106,openfacts
0882149001212,openfacts
0882149001496,openfacts
0882149001601,openfacts
0882149001861,openfacts
0882149001878,openfacts
0882149002134,openfacts
0882149002271,openfacts
0882149003308,openfacts
0882149004565,openfacts
0882149004831,openfacts
0882149004855,openfacts
0882149004879,openfacts
0882149004978,openfacts
0882149004992,openfacts
0882149005067,openfacts
0882149006347,openfacts
0882149010016,openfacts
0882149030168,openfacts
0882149050920,openfacts
0882149061414,openfacts
0882152589226,openfacts
0882178140029,openfacts
0882178400116,openfacts
0882178400505,openfacts
0882178400680,openfacts
0882178400697,openfacts
0882178400703,openfacts
0882178400741,openfacts
0882178400833,openfacts
0882178400857,openfacts
0882178400901,openfacts
0882178401120,openfacts
0882178401229,openfacts
0882178600066,openfacts
0882178600073,openfacts
0882178600110,openfacts
0882178600165,openfacts
0882178600363,openfacts
0882178600462,openfacts
0882178600608,openfacts
0882178600646,openfacts
0882178600721,openfacts
0882178700506,openfacts
0882178700513,openfacts
0882178700599,openfacts
0882178700926,openfacts
0882178800022,openfacts
0882178800077,openfacts
0882178820235,openfacts
0882178820433,openfacts
0882178880208,openfacts
0882178880536,openfacts
0882193003231,openfacts
0882193004030,openfacts
0882193004054,openfacts
0882193008168,openfacts
0882193008328,openfacts
0882193010413,openfacts
0882193010420,openfacts
0882193010437,openfacts
0882193010444,openfacts
0882193011335,openfacts
0882193011342,openfacts
0882193011359,openfacts
0882193011366,openfacts
0882193014510,openfacts
0882193014527,openfacts
0882193014541,openfacts
0882193014565,openfacts
0882193014589,openfacts
0882193015517,openfacts
0882193015524,openfacts
0882193015531,openfacts
0882202841366,openfacts
0882205000128,openfacts
0882206000899,openfacts
0882206000950,openfacts
0882210118801,openfacts
0882214003141,openfacts
0882229013555,openfacts
0882230921139,openfacts
0882234200100,openfacts
0882234200407,openfacts
0882234200506,openfacts
0882234210802,openfacts
0882234216101,openfacts
0882234300107,openfacts
0882234332108,openfacts
0882234600306,openfacts
0882234700204,openfacts
0882245002601,openfacts
0882266100478,openfacts
0882266100508,openfacts
0882266100515,openfacts
0882266100584,openfacts
0882266100591,openfacts
0882266100621,openfacts
0882266100638,openfacts
0882266100812,openfacts
0882266100836,openfacts
0882266100843,openfacts
0882266100867,openfacts
0882266100904,openfacts
0882266100935,openfacts
0882266100942,openfacts
0882266100959,openfacts
0882266101130,openfacts
0882266101390,openfacts
0882266110026,openfacts
0882266110088,openfacts
0882266730026,openfacts
0882282028374,openfacts
0882287820270,openfacts
0882305339159,openfacts
0882338020345,openfacts
0882369000019,openfacts
0882369000156,openfacts
0882369000187,openfacts
0882369000194,openfacts
0882369000385,openfacts
0882369000392,openfacts
0882369000552,openfacts
0882369000835,openfacts
0882369000941,openfacts
0882369001054,openfacts
0882369001085,openfacts
0882369103116,openfacts
0882369110329,openfacts
0882379000016,openfacts
0882379000146,openfacts
0882381002077,openfacts
0882381002084,openfacts
0882381002275,openfacts
0882381004507,openfacts
0882381004644,openfacts
0882381004651,openfacts
0882381012182,openfacts
0882381012328,openfacts
0882381012649,openfacts
0882381017996,openfacts
0882381030773,openfacts
0882381042226,openfacts
0882381051747,openfacts
0882381073961,openfacts
0882381074715,openfacts
0882381078324,openfacts
0882381080693,openfacts
0882381082208,openfacts
0882381084585,openfacts
0882381099619,openfacts
0882381102517,openfacts
0882381104825,openfacts
0882381109493,openfacts
0882381112592,openfacts
0882381115869,openfacts
0882382567018,openfacts
0882382568008,openfacts
0882391112247,openfacts
0882391112834,openfacts
0882391130302,openfacts
0882391130500,openfacts
0882391130906,openfacts
0882391131507,openfacts
0882391135208,openfacts
0882391150003,openfacts
0882391150027,openfacts
0882391150034,openfacts
0882391150058,openfacts
0882391150065,openfacts
0882391150072,openfacts
0882391150126,openfacts
0882391152601,openfacts
0882391152625,openfacts
0882391200142,openfacts
0882391205000,openfacts
0882412173295,openfacts
0882414000032,openfacts
0882414000049,openfacts
0882414000056,openfacts
0882435004484,openfacts
0882435131012,openfacts
0882435131074,openfacts
0882435141134,openfacts
0882435141172,openfacts
0882435321048,openfacts
0882435451080,openfacts
0882435710033,openfacts
0882456000021,openfacts
0882456000038,openfacts
0882465000081,openfacts
0882465001095,openfacts
0882465001101,openfacts
0882465001118,openfacts
0882465001255,openfacts
0882465001262,openfacts
0882465001279,openfacts
0882465001286,openfacts
0882465001293,openfacts
0882465001521,openfacts
0882465010035,openfacts
0882468806161,openfacts
0882468807083,openfacts
0882468807441,openfacts
0882469012936,openfacts
0882469091108,openfacts
0882469091306,openfacts
0882469091504,openfacts
0882469097308,openfacts
0882469097605,openfacts
0882469097803,openfacts
0882475053428,openfacts
0882475090003,openfacts
0882480700003,openfacts
0882480700010,openfacts
0882480882686,openfacts
0882480890063,openfacts
0882484000215,openfacts
0882484000253,openfacts
0882484000468,openfacts
0882490000087,openfacts
0882490100077,openfacts
0882490100169,openfacts
0882494000069,openfacts
0882494000076,openfacts
0882495000013,openfacts
0882499000057,openfacts
0882499000064,openfacts
0882499001009,openfacts
0882499001016,openfacts
0882499001023,openfacts
0882499001030,openfacts
0882499001047,openfacts
0882499001054,openfacts
0882499001061,openfacts
0882499001412,openfacts
0882499001429,openfacts
0882499001436,openfacts
0882499200013,openfacts
0882500440032,openfacts
0882502226252,openfacts
0882502226276,openfacts
0882511104039,openfacts
0882511105036,openfacts
0882511106033,openfacts
0882511107030,openfacts
0882511108037,openfacts
0882511201035,openfacts
0882511202032,openfacts
0882511203039,openfacts
0882511204036,openfacts
0882511205033,openfacts
0882511401039,openfacts
0882511402036,openfacts
0882511403033,openfacts
0882511404030,openfacts
0882511405037,openfacts
0882511406034,openfacts
0882511407031,openfacts
0882511408038,openfacts
0882511501036,openfacts
0882511503030,openfacts
0882511601033,openfacts
0882511602030,openfacts
0882511604034,openfacts
0882515108361,openfacts
0882515430011,openfacts
0882515510089,openfacts
0882515731613,openfacts
0882515732115,openfacts
0882515831627,openfacts
0882515869118,openfacts
0882515882032,openfacts
0882515886719,openfacts
0882536764133,openfacts
0882540000005,openfacts
0882552992480,openfacts
0882552999991,openfacts
0882553000009,openfacts
0882553000108,openfacts
0882553000603,openfacts
0882553000757,openfacts
0882585000008,openfacts
0882593205143,openfacts
0882593208144,openfacts
0882593212141,openfacts
0882593219140,openfacts
0882593233146,openfacts
0882593241141,openfacts
0882593244142,openfacts
0882593279144,openfacts
0882593280140,openfacts
0882593281147,openfacts
0882593282144,openfacts
0882620322423,openfacts
0882639503103,openfacts
0882639503172,openfacts
0882639503189,openfacts
0882639503196,openfacts
0882639503219,openfacts
0882639503226,openfacts
0882639504117,openfacts
0882639504148,openfacts
0882639504575,openfacts
0882639504803,openfacts
0882639504810,openfacts
0882639504827,openfacts
0882639504841,openfacts
0882645000009,openfacts
0882645000245,openfacts
0882648000280,openfacts
0882648000600,openfacts
0882648000747,openfacts
0882648001140,openfacts
0882648001157,openfacts
0882648001515,openfacts
0882648001522,openfacts
0882648001720,openfacts
0882649000319,openfacts
0882649001354,openfacts
0882649011285,openfacts
0882649014422,openfacts
0882649016020,openfacts
0882649016068,openfacts
0882656101092,openfacts
0882656101221,openfacts
0882656101405,openfacts
0882656101658,openfacts
0882656101702,openfacts
0882656200283,openfacts
0882659015983,openfacts
0882670098866,openfacts
0882685000014,openfacts
0882691000015,openfacts
0882691000053,openfacts
0882691010069,openfacts
0882691075891,openfacts
0882691090146,openfacts
0882691110936,openfacts
0882694305070,openfacts
0882694308002,openfacts
0882694308019,openfacts
0882694880300,openfacts
0882694881000,openfacts
0882694881307,openfacts
0882694944019,openfacts
0882694946013,openfacts
0882694948017,openfacts
0882694963010,openfacts
0882694964017,openfacts
0882694969029,openfacts
0882694969043,openfacts
0882694970087,openfacts
0882708976647,openfacts
0882709934547,openfacts
0882709965237,openfacts
0882710002082,openfacts
0882710002143,openfacts
0882710002280,openfacts
0882710002358,openfacts
0882710003997,openfacts
0882710005328,openfacts
0882710005694,openfacts
0882718600327,openfacts
0882724020201,openfacts
0882724020225,openfacts
0882724020287,openfacts
0882724020416,openfacts
0882724050123,openfacts
0882724165872,openfacts
0882724200030,openfacts
0882724234196,openfacts
0882724263325,openfacts
0882724264902,openfacts
0882724375301,openfacts
0882724407125,openfacts
0882724543038,openfacts
0882752000817,openfacts
0882752000831,openfacts
0882756675103,openfacts
0882756677503,openfacts
0882756681647,openfacts
0882756710842,openfacts
0882756730840,openfacts
0882756740849,openfacts
0882789004277,openfacts
0882789004369,openfacts
0882789004376,openfacts
0882789004895,openfacts
0882789009265,openfacts
0882791000106,openfacts
0882791000298,openfacts
0882791005903,openfacts
0882791006504,openfacts
0882791006511,openfacts
0882791006542,openfacts
0882791006719,openfacts
0882791006726,openfacts
0882795001383,openfacts
0882795001406,openfacts
0882795001420,openfacts
0882795001628,openfacts
0882795001635,openfacts
0882809001378,openfacts
0882809001385,openfacts
0882809001491,openfacts
0882809001507,openfacts
0882809001514,openfacts
0882809001521,openfacts
0882809001583,openfacts
0882810436152,openfacts
0882832000027,openfacts
0882832000034,openfacts
0882832000041,openfacts
0882832000058,openfacts
0882832000072,openfacts
0882832000270,openfacts
0882832200038,openfacts
0882848010102,openfacts
0882849000232,openfacts
0882849000461,openfacts
0882849007255,openfacts
0882849008115,openfacts
0882849010163,openfacts
0882849011405,openfacts
0882849013386,openfacts
0882865001329,openfacts
0882865001879,openfacts
0882865009851,openfacts
0882865013568,openfacts
0882865019928,openfacts
0882865024335,openfacts
0882865041417,openfacts
0882865042124,openfacts
0882865055155,openfacts
0882865065123,openfacts
0882865111110,openfacts
0882865111127,openfacts
0882865111134,openfacts
0882865111158,openfacts
0882865111400,openfacts
0882865122956,openfacts
0882865141025,openfacts
0882865541214,openfacts
0882875007359,openfacts
0882875038087,openfacts
0882875038094,openfacts
0882875038117,openfacts
0882875038612,openfacts
0882875047119,openfacts
0882875047904,openfacts
0882875060712,openfacts
0882875541006,openfacts
0882875554006,openfacts
0882875571607,openfacts
0882875573205,openfacts
0882875573816,openfacts
0882875581200,openfacts
0882875582504,openfacts
0882875583266,openfacts
0882875584065,openfacts
0882875584263,openfacts
0882875584461,openfacts
0882875586069,openfacts
0882875591209,openfacts
0882875630007,openfacts
0882875644707,openfacts
0882875701042,openfacts
0882881406160,openfacts
0882881407181,openfacts
0882900780141,openfacts
0882912007052,openfacts
0882912377599,openfacts
0882946310609,openfacts
0882947000011,openfacts
0882947000035,openfacts
0882947000042,openfacts
0882947000219,openfacts
0882947990107,openfacts
0882948000102,openfacts
0882948000133,openfacts
0882948000140,openfacts
0882948000157,openfacts
0882958100014,openfacts
0882958100021,openfacts
0882958100038,openfacts
0882958100052,openfacts
0882958170048,openfacts
0882965000048,openfacts
0882965000260,openfacts
0882965000420,openfacts
0882965000444,openfacts
0882965000468,openfacts
0882965000482,openfacts
0882965000833,openfacts
0882965000901,openfacts
0882965000956,openfacts
0882965001311,openfacts
0882965001366,openfacts
0882965001427,openfacts
0882965001472,openfacts
0882965001489,openfacts
0882965001618,openfacts
0882965001632,openfacts
0882965001847,openfacts
0882965002028,openfacts
0882965002066,openfacts
0882965002097,openfacts
0882965002103,openfacts
0882965002127,openfacts
0882965002134,openfacts
0882965002196,openfacts
0882965002219,openfacts
0882978302993,openfacts
0882981000336,openfacts
0882981000350,openfacts
0882981000510,openfacts
0882981000541,openfacts
0882990050803,openfacts
0882990060451,openfacts
0882990060468,openfacts
0882990060499,openfacts
0882990140719,openfacts
0882990140733,openfacts
0882990140788,openfacts
0882990150862,openfacts
0882990151012,openfacts
0882990151043,openfacts
0882990151074,openfacts
0882990151111,openfacts
0882990151142,openfacts
0882990151166,openfacts
0882990151180,openfacts
0882990151197,openfacts
0882990151234,openfacts
0882990151258,openfacts
0882990151265,openfacts
0882990151272,openfacts
0882990151302,openfacts
0882990151319,openfacts
0882990151326,openfacts
0882990151401,openfacts
0882990151494,openfacts
0882990151517,openfacts
0882990151609,openfacts
0882990151647,openfacts
0882990151678,openfacts
0882990151760,openfacts
0882990151807,openfacts
0882990151906,openfacts
0882990151913,openfacts
0882990151920,openfacts
0882990151937,openfacts
0882990152163,openfacts
0882990152187,openfacts
0882990152415,openfacts
0882990152422,openfacts
0882990152439,openfacts
0882990152446,openfacts
0882990152453,openfacts
0882990152507,openfacts
0882990160175,openfacts
0882990160182,openfacts
0883024000146,openfacts
0883024000245,openfacts
0883024000801,openfacts
0883038000019,openfacts
0883038000026,openfacts
0883038000064,openfacts
0883038000071,openfacts
0883038000156,openfacts
0883038000194,openfacts
0883038000347,openfacts
0883038000507,openfacts
0883038000514,openfacts
0883038000521,openfacts
0883038000538,openfacts
0883038000811,openfacts
0883038002402,openfacts
0883038002501,openfacts
0883038002525,openfacts
0883038002532,openfacts
0883038002549,openfacts
0883038002556,openfacts
0883043000561,openfacts
0883043000585,openfacts
0883043000790,openfacts
0883043000837,openfacts
0883043000844,openfacts
0883043001001,openfacts
0883043001025,openfacts
0883043001513,openfacts
0883043001544,openfacts
0883043001728,openfacts
0883043001919,openfacts
0883043002152,openfacts
0883045777713,openfacts
0883049066905,openfacts
0883049283234,openfacts
0883049283258,openfacts
0883049330730,openfacts
0883049375700,openfacts
0883049439570,openfacts
0883049590608,openfacts
0883061000079,openfacts
0883061000086,openfacts
0883061000093,openfacts
0883061000109,openfacts
0883061000116,openfacts
0883061000161,openfacts
0883061000178,openfacts
0883061000185,openfacts
0883061000406,openfacts
0883061000574,openfacts
0883061000598,openfacts
0883061000604,openfacts
0883061000659,openfacts
0883061000666,openfacts
0883061000703,openfacts
0883061000710,openfacts
0883061000833,openfacts
0883084100008,openfacts
0883084100701,openfacts
0883084100718,openfacts
0883084100800,openfacts
0883084100817,openfacts
0883084200005,openfacts
0883084617070,openfacts
0883122400114,openfacts
0883125110256,openfacts
0883125123461,openfacts
0883131000824,openfacts
0883131002088,openfacts
0883140002956,openfacts
0883140023418,openfacts
0883140040231,openfacts
0883140040248,openfacts
0883166142360,openfacts
0883172001361,openfacts
0883172002221,openfacts
0883172002269,openfacts
0883183000001,openfacts
0883183000018,openfacts
0883183000032,openfacts
0883196101023,openfacts
0883196108718,openfacts
0883196111701,openfacts
0883196112135,openfacts
0883196114603,openfacts
0883196126811,openfacts
0883196131808,openfacts
0883196136414,openfacts
0883196141708,openfacts
0883196144808,openfacts
0883196153107,openfacts
0883196153312,openfacts
0883196153657,openfacts
0883196156115,openfacts
0883196325108,openfacts
0883200000021,openfacts
0883200000038,openfacts
0883200000106,openfacts
0883200000113,openfacts
0883200000120,openfacts
0883200000137,openfacts
0883200000151,openfacts
0883200000199,openfacts
0883200000205,openfacts
0883200000601,openfacts
0883200000922,openfacts
0883200004005,openfacts
0883200010006,openfacts
0883200020012,openfacts
0883200020036,openfacts
0883203727215,openfacts
0883204000126,openfacts
0883204001284,openfacts
0883204001390,openfacts
0883204002090,openfacts
0883204002168,openfacts
0883204002229,openfacts
0883204002281,openfacts
0883204002342,openfacts
0883204002410,openfacts
0883204003028,openfacts
0883204003110,openfacts
0883204003318,openfacts
0883204003486,openfacts
0883204003950,openfacts
0883204004018,openfacts
0883204004162,openfacts
0883204004216,openfacts
0883204004223,openfacts
0883204004254,openfacts
0883204004308,openfacts
0883204004346,openfacts
0883204004544,openfacts
0883204004742,openfacts
0883204004896,openfacts
0883204005237,openfacts
0883204005367,openfacts
0883204005626,openfacts
0883204005886,openfacts
0883204005923,openfacts
0883204005947,openfacts
0883204005985,openfacts
0883204006265,openfacts
0883204006692,openfacts
0883204007286,openfacts
0883204007569,openfacts
0883204007613,openfacts
0883204007897,openfacts
0883204008276,openfacts
0883204008337,openfacts
0883204008542,openfacts
0883204009211,openfacts
0883204009266,openfacts
0883204009372,openfacts
0883204009631,openfacts
0883204009815,openfacts
0883204009853,openfacts
0883204010033,openfacts
0883204014635,openfacts
0883204017216,openfacts
0883204020940,openfacts
0883204040023,openfacts
0883204074813,openfacts
0883204128233,openfacts
0883218126522,openfacts
0883259000751,openfacts
0883259001086,openfacts
0883259001093,openfacts
0883259001147,openfacts
0883259001154,openfacts
0883259001178,openfacts
0883259002120,openfacts
0883259002168,openfacts
0883259007002,openfacts
0883259007026,openfacts
0883259007057,openfacts
0883259010194,openfacts
0883259013003,openfacts
0883259017001,openfacts
0883259017025,openfacts
0883259017032,openfacts
0883259017070,openfacts
0883259017087,openfacts
0883259019005,openfacts
0883261000022,openfacts
0883267020642,openfacts
0883267100320,openfacts
0883298182906,openfacts
0883298614346,openfacts
0883298614353,openfacts
0883298615206,openfacts
0883298615237,openfacts
0883298615244,openfacts
0883298615640,openfacts
0883298616098,openfacts
0883298616180,openfacts
0883298617583,openfacts
0883298617705,openfacts
0883298617743,openfacts
0883298617903,openfacts
0883298617941,openfacts
0883298617958,openfacts
0883298618900,openfacts
0883298618917,openfacts
0883298618924,openfacts
0883298619587,openfacts
0883298619594,openfacts
0883298620019,openfacts
0883298620026,openfacts
0883298620392,openfacts
0883298620736,openfacts
0883298621092,openfacts
0883298621108,openfacts
0883298621566,openfacts
0883298622747,openfacts
0883298624871,openfacts
0883298624895,openfacts
0883298624918,openfacts
0883298626110,openfacts
0883298626271,openfacts
0883298626387,openfacts
0883298626394,openfacts
0883298626400,openfacts
0883298626523,openfacts
0883298626578,openfacts
0883298628084,openfacts
0883298628107,openfacts
0883298628176,openfacts
0883298800084,openfacts
0883298800244,openfacts
0883298800251,openfacts
0883298800268,openfacts
0883298800602,openfacts
0883298800619,openfacts
0883298800909,openfacts
0883309000205,openfacts
0883309000373,openfacts
0883309000380,openfacts
0883309000397,openfacts
0883309000434,openfacts
0883309000458,openfacts
0883309000472,openfacts
0883309000489,openfacts
0883309000779,openfacts
0883309000892,openfacts
0883309000915,openfacts
0883309000977,openfacts
0883309001035,openfacts
0883309001288,openfacts
0883309001301,openfacts
0883309001387,openfacts
0883309001431,openfacts
0883309001448,openfacts
0883309001462,openfacts
0883309001509,openfacts
0883309001707,openfacts
0883309001721,openfacts
0883309001752,openfacts
0883309001813,openfacts
0883309001837,openfacts
0883309001905,openfacts
0883309001929,openfacts
0883309001974,openfacts
0883309001981,openfacts
0883309002209,openfacts
0883309002216,openfacts
0883309002223,openfacts
0883309002230,openfacts
0883309002339,openfacts
0883309002346,openfacts
0883309002612,openfacts
0883309002636,openfacts
0883309002827,openfacts
0883309003343,openfacts
0883309003367,openfacts
0883309003404,openfacts
0883309003763,openfacts
0883309003770,openfacts
0883309004081,openfacts
0883309004623,openfacts
0883309010105,openfacts
0883309075234,openfacts
0883309084991,openfacts
0883309085547,openfacts
0883309110744,openfacts
0883309111789,openfacts
0883309114223,openfacts
0883309114735,openfacts
0883309131381,openfacts
0883309135822,openfacts
0883309143285,openfacts
0883309167946,openfacts
0883309213117,openfacts
0883309213421,openfacts
0883309216743,openfacts
0883309217412,openfacts
0883309217542,openfacts
0883309220870,openfacts
0883309221150,openfacts
0883309222294,openfacts
0883309222478,openfacts
0883309223345,openfacts
0883309223796,openfacts
0883309225462,openfacts
0883309234259,openfacts
0883309240014,openfacts
0883309240038,openfacts
0883309240069,openfacts
0883309240076,openfacts
0883309240090,openfacts
0883309240175,openfacts
0883309240199,openfacts
0883309240236,openfacts
0883309240250,openfacts
0883309240274,openfacts
0883309240281,openfacts
0883309240489,openfacts
0883309240663,openfacts
0883309240687,openfacts
0883309246719,openfacts
0883309254332,openfacts
0883309255872,openfacts
0883309274149,openfacts
0883309274194,openfacts
0883309285336,openfacts
0883309288764,openfacts
0883309293584,openfacts
0883309302880,openfacts
0883309317648,openfacts
0883309318751,openfacts
0883309319765,openfacts
0883309321379,openfacts
0883309325964,openfacts
0883309333952,openfacts
0883309333983,openfacts
0883309334119,openfacts
0883309336670,openfacts
0883309346877,openfacts
0883309347850,openfacts
0883309347935,openfacts
0883309354445,openfacts
0883309355541,openfacts
0883309371145,openfacts
0883309374153,openfacts
0883309374474,openfacts
0883309397152,openfacts
0883309399743,openfacts
0883309411773,openfacts
0883309427194,openfacts
0883309432181,openfacts
0883309436837,openfacts
0883309446997,openfacts
0883309447147,openfacts
0883309447185,openfacts
0883309447307,openfacts
0883309447413,openfacts
0883309451748,openfacts
0883309452479,openfacts
0883309455678,openfacts
0883309456910,openfacts
0883309464625,openfacts
0883309465721,openfacts
0883309465790,openfacts
0883309466575,openfacts
0883309477687,openfacts
0883309478820,openfacts
0883309483350,openfacts
0883309519752,openfacts
0883309521175,openfacts
0883309527429,openfacts
0883309531761,openfacts
0883309531853,openfacts
0883309532874,openfacts
0883309546598,openfacts
0883309555873,openfacts
0883309558973,openfacts
0883309564646,openfacts
0883309566893,openfacts
0883309567159,openfacts
0883309579848,openfacts
0883309588741,openfacts
0883309627198,openfacts
0883309627488,openfacts
0883309628744,openfacts
0883309633663,openfacts
0883309636558,openfacts
0883309637180,openfacts
0883309637432,openfacts
0883309643242,openfacts
0883309643891,openfacts
0883309646427,openfacts
0883309654781,openfacts
0883309661123,openfacts
0883309662250,openfacts
0883309663448,openfacts
0883309664599,openfacts
0883309664827,openfacts
0883309664872,openfacts
0883309665176,openfacts
0883309666746,openfacts
0883309667453,openfacts
0883309682166,openfacts
0883309699652,openfacts
0883309699874,openfacts
0883309716786,openfacts
0883309745113,openfacts
0883309745205,openfacts
0883309745816,openfacts
0883309761847,openfacts
0883309772256,openfacts
0883309775882,openfacts
0883309788950,openfacts
0883309794265,openfacts
0883309794630,openfacts
0883309884423,openfacts
0883309885512,openfacts
0883309888810,openfacts
0883309898901,openfacts
0883309974124,openfacts
0883309978450,openfacts
0883309987445,openfacts
0883309995648,openfacts
0883314258882,openfacts
0883314344172,openfacts
0883314736885,openfacts
0883314781205,openfacts
0883315000046,openfacts
0883315090269,openfacts
0883315090276,openfacts
0883315090283,openfacts
0883315090290,openfacts
0883315090306,openfacts
0883315090320,openfacts
0883315090351,openfacts
0883315100241,openfacts
0883328021632,openfacts
0883333004866,openfacts
0883345000153,openfacts
0883345006292,openfacts
0883345011883,openfacts
0883350001916,openfacts
0883350002203,openfacts
0883350002869,openfacts
0883350006331,openfacts
0883350007246,openfacts
0883350007253,openfacts
0883350007260,openfacts
0883350007369,openfacts
0883350007437,openfacts
0883350007451,openfacts
0883350007611,openfacts
0883350007628,openfacts
0883350007710,openfacts
0883350007819,openfacts
0883350007833,openfacts
0883350007864,openfacts
0883350007871,openfacts
0883350007963,openfacts
0883350007970,openfacts
0883350008021,openfacts
0883350008038,openfacts
0883350008045,openfacts
0883350008052,openfacts
0883350008069,openfacts
0883350008076,openfacts
0883350008281,openfacts
0883350008861,openfacts
0883350008885,openfacts
0883350008922,openfacts
0883350008953,openfacts
0883350009172,openfacts
0883350009219,openfacts
0883350009233,openfacts
0883350009295,openfacts
0883350009318,openfacts
0883350009332,openfacts
0883350009356,openfacts
0883350009394,openfacts
0883350009530,openfacts
0883350009592,openfacts
0883350009639,openfacts
0883350009899,openfacts
0883350011335,openfacts
0883350011380,openfacts
0883350011571,openfacts
0883350011823,openfacts
0883350012011,openfacts
0883350020405,openfacts
0883350020412,openfacts
0883350022461,openfacts
0883350024106,openfacts
0883350024939,openfacts
0883350027350,openfacts
0883350027541,openfacts
0883350027565,openfacts
0883350027749,openfacts
0883350028210,openfacts
0883350028401,openfacts
0883350029729,openfacts
0883350030077,openfacts
0883350031494,openfacts
0883350033153,openfacts
0883350033160,openfacts
0883350033290,openfacts
0883350033320,openfacts
0883350033504,openfacts
0883350033528,openfacts
0883350033573,openfacts
0883350091160,openfacts
0883353513492,openfacts
0883353513850,openfacts
0883353513867,openfacts
0883353513874,openfacts
0883353513881,openfacts
0883353521459,openfacts
0883353532165,openfacts
0883353533957,openfacts
0883353643946,openfacts
0883353643953,openfacts
0883366000026,openfacts
0883366000071,openfacts
0883366000149,openfacts
0883366000163,openfacts
0883366000170,openfacts
0883366000187,openfacts
0883366000194,openfacts
0883366000200,openfacts
0883366000217,openfacts
0883366000224,openfacts
0883366000231,openfacts
0883366000248,openfacts
0883366000255,openfacts
0883366000262,openfacts
0883366000279,openfacts
0883366000286,openfacts
0883366000293,openfacts
0883366000309,openfacts
0883366000316,openfacts
0883366000323,openfacts
0883366000354,openfacts
0883366000361,openfacts
0883366000446,openfacts
0883366000453,openfacts
0883366000460,openfacts
0883366000514,openfacts
0883366000521,openfacts
0883366000538,openfacts
0883366000545,openfacts
0883366000552,openfacts
0883366000569,openfacts
0883366000576,openfacts
0883366000583,openfacts
0883366000590,openfacts
0883366000606,openfacts
0883366000613,openfacts
0883366000620,openfacts
0883366000637,openfacts
0883366000644,openfacts
0883366000651,openfacts
0883366000668,openfacts
0883366000675,openfacts
0883366000682,openfacts
0883366000699,openfacts
0883366000705,openfacts
0883366000712,openfacts
0883366000729,openfacts
0883366000743,openfacts
0883366000750,openfacts
0883366000767,openfacts
0883366000774,openfacts
0883366000781,openfacts
0883366000798,openfacts
0883366000804,openfacts
0883366000811,openfacts
0883366000828,openfacts
0883366000859,openfacts
0883366000866,openfacts
0883366000873,openfacts
0883391000329,openfacts
0883391000787,openfacts
0883391000794,openfacts
0883391003078,openfacts
0883391003306,openfacts
0883391003498,openfacts
0883391003504,openfacts
0883391003641,openfacts
0883391003689,openfacts
0883391003719,openfacts
0883391003757,openfacts
0883391003801,openfacts
0883391003818,openfacts
0883391004273,openfacts
0883391004280,openfacts
0883391004303,openfacts
0883391004518,openfacts
0883391004532,openfacts
0883391004549,openfacts
0883391004563,openfacts
0883391004617,openfacts
0883391004655,openfacts
0883391035079,openfacts
0883391041308,openfacts
0883391041391,openfacts
0883393045014,openfacts
0883393045045,openfacts
0883394001934,openfacts
0883400006656,openfacts
0883404387096,openfacts
0883404558755,openfacts
0883404949270,openfacts
0883412221559,openfacts
0883426003264,openfacts
0883426004605,openfacts
0883426004612,openfacts
0883426004704,openfacts
0883426005893,openfacts
0883426005916,openfacts
0883426006166,openfacts
0883426012174,openfacts
0883426015786,openfacts
0883426015861,openfacts
0883426017841,openfacts
0883426017858,openfacts
0883426017865,openfacts
0883426017872,openfacts
0883426017889,openfacts
0883426017896,openfacts
0883426017902,openfacts
0883426017926,openfacts
0883426017933,openfacts
0883426019289,openfacts
0883426027239,openfacts
0883426027253,openfacts
0883426027758,openfacts
0883426027772,openfacts
0883426027789,openfacts
0883426027796,openfacts
0883426027918,openfacts
0883426027925,openfacts
0883426040269,openfacts
0883426040290,openfacts
0883426040306,openfacts
0883426041006,openfacts
0883426041037,openfacts
0883426041525,openfacts
0883426041532,openfacts
0883426041549,openfacts
0883426050268,openfacts
0883426140365,openfacts
0883426141829,openfacts
0883426525254,openfacts
0883426527234,openfacts
0883426527777,openfacts
0883426527784,openfacts
0883426527791,openfacts
0883426527913,openfacts
0883428004528,openfacts
0883484002476,openfacts
0883484333532,openfacts
0883484708903,openfacts
0883488000447,openfacts
0883488002250,openfacts
0883488002304,openfacts
0883488002397,openfacts
0883488004513,openfacts
0883488004742,openfacts
0883488005121,openfacts
0883488005169,openfacts
0883488005633,openfacts
0883519004062,openfacts
0883519004109,openfacts
0883545000458,openfacts
0883545000465,openfacts
0883545000489,openfacts
0883545032305,openfacts
0883555012311,openfacts
0883555012342,openfacts
0883572103009,openfacts
0883572103504,openfacts
0883572103511,openfacts
0883572110403,openfacts
0883572113008,openfacts
0883572113503,openfacts
0883572113510,openfacts
0883572120402,openfacts
0883572130401,openfacts
0883572130852,openfacts
0883572133006,openfacts
0883572133501,openfacts
0883572150409,openfacts
0883572160408,openfacts
0883572160859,openfacts
0883572190405,openfacts
0883572250000,openfacts
0883572250406,openfacts
0883572253001,openfacts
0883572260009,openfacts
0883572260405,openfacts
0883572270008,openfacts
0883572270404,openfacts
0883572283008,openfacts
0883591200918,openfacts
0883595020215,openfacts
0883595023469,openfacts
0883595023513,openfacts
0883595025210,openfacts
0883595025227,openfacts
0883595025234,openfacts
0883595027658,openfacts
0883595027672,openfacts
0883595027689,openfacts
0883595027696,openfacts
0883616000868,openfacts
0883616002329,openfacts
0883616005085,openfacts
0883616005245,openfacts
0883616600020,openfacts
0883616601010,openfacts
0883638540403,openfacts
0883655106293,openfacts
0883655106309,openfacts
0883655106316,openfacts
0883655106323,openfacts
0883655106330,openfacts
0883655106392,openfacts
0883655106415,openfacts
0883655106422,openfacts
0883655106439,openfacts
0883655106514,openfacts
0883655106538,openfacts
0883655106545,openfacts
0883655106552,openfacts
0883655106637,openfacts
0883655106644,openfacts
0883655106651,openfacts
0883702000192,openfacts
0883702000277,openfacts
0883702562126,openfacts
0883702562393,openfacts
0883702562416,openfacts
0883712000014,openfacts
0883712000021,openfacts
0883712000038,openfacts
0883712000045,openfacts
0883712000076,openfacts
0883712000137,openfacts
0883712000144,openfacts
0883712000168,openfacts
0883712000175,openfacts
0883712000212,openfacts
0883712000229,openfacts
0883712000410,openfacts
0883712000441,openfacts
0883712000526,openfacts
0883712000595,openfacts
0883712000663,openfacts
0883712000687,openfacts
0883712001028,openfacts
0883766001371,openfacts
0883813647293,openfacts
0883813709359,openfacts
0883813852703,openfacts
0883813890996,openfacts
0883831100008,openfacts
0883831100206,openfacts
0883831100305,openfacts
0883831110007,openfacts
0883831114449,openfacts
0883831114456,openfacts
0883831200005,openfacts
0883831200104,openfacts
0883831400009,openfacts
0883831500105,openfacts
0883831600003,openfacts
0883831600508,openfacts
0883831900011,openfacts
0883831900028,openfacts
0883831900035,openfacts
0883831900042,openfacts
0883831900059,openfacts
0883831900066,openfacts
0883883003005,openfacts
0883883003012,openfacts
0883893800878,openfacts
0883904100287,openfacts
0883921118111,openfacts
0883921118128,openfacts
0883921118159,openfacts
0883921118227,openfacts
0883921118418,openfacts
0883921170294,openfacts
0883921170317,openfacts
0883921178474,openfacts
0883921178481,openfacts
0883921178986,openfacts
0883923000179,openfacts
0883929375325,openfacts
0883929729975,openfacts
0883964152998,openfacts
0883967289387,openfacts
0883967289400,openfacts
0883967289417,openfacts
0883967289424,openfacts
0883967289431,openfacts
0883967289448,openfacts
0883967289455,openfacts
0883967289462,openfacts
0883967290147,openfacts
0883967290161,openfacts
0883967290208,openfacts
0883967291687,openfacts
0883967293858,openfacts
0883967293865,openfacts
0883967293872,openfacts
0883967293889,openfacts
0883967293896,openfacts
0883967293902,openfacts
0883967294169,openfacts
0883967294183,openfacts
0883967295043,openfacts
0883967295937,openfacts
0883967296675,openfacts
0883967296682,openfacts
0883967298990,openfacts
0883967299010,openfacts
0883967299027,openfacts
0883967299973,openfacts
0883967299997,openfacts
0883967300006,openfacts
0883967300013,openfacts
0883967300020,openfacts
0883967300044,openfacts
0883967300051,openfacts
0883967300600,openfacts
0883967302031,openfacts
0883967303595,openfacts
0883967303601,openfacts
0883967303618,openfacts
0883967303625,openfacts
0883967303632,openfacts
0883967303649,openfacts
0883967303656,openfacts
0883967303663,openfacts
0883967303670,openfacts
0883967303687,openfacts
0883967303694,openfacts
0883967303700,openfacts
0883967303717,openfacts
0883967303724,openfacts
0883967303731,openfacts
0883967303755,openfacts
0883967303762,openfacts
0883967303779,openfacts
0883967321100,openfacts
0883967380695,openfacts
0883967380701,openfacts
0883967380718,openfacts
0883967380725,openfacts
0883967380732,openfacts
0883967380749,openfacts
0883967380756,openfacts
0883967380770,openfacts
0883967380787,openfacts
0883967380794,openfacts
0883967380800,openfacts
0883967380817,openfacts
0883967380824,openfacts
0883967380831,openfacts
0883967380848,openfacts
0883967380855,openfacts
0883967380862,openfacts
0883967380879,openfacts
0883967380886,openfacts
0883967380916,openfacts
0883967380923,openfacts
0883967380930,openfacts
0883967380947,openfacts
0883967380954,openfacts
0883967380961,openfacts
0883967380978,openfacts
0883967380992,openfacts
0883967381029,openfacts
0883967381036,openfacts
0883967381043,openfacts
0883967381067,openfacts
0883967381074,openfacts
0883967381081,openfacts
0883967381098,openfacts
0883967381111,openfacts
0883967381128,openfacts
0883967381142,openfacts
0883967381166,openfacts
0883967381180,openfacts
0883967381203,openfacts
0883967381210,openfacts
0883967381234,openfacts
0883967381241,openfacts
0883967381258,openfacts
0883967381272,openfacts
0883967381289,openfacts
0883967381296,openfacts
0883967381319,openfacts
0883967381333,openfacts
0883967381340,openfacts
0883967381357,openfacts
0883967381364,openfacts
0883967381371,openfacts
0883967381388,openfacts
0883967381395,openfacts
0883967381579,openfacts
0883967381586,openfacts
0883967382767,openfacts
0883967382774,openfacts
0883967382781,openfacts
0883967382798,openfacts
0883967382811,openfacts
0883967382842,openfacts
0883967382859,openfacts
0883967382866,openfacts
0883967382880,openfacts
0883967382897,openfacts
0883967382903,openfacts
0883967384044,openfacts
0883967384068,openfacts
0883967385515,openfacts
0883967385522,openfacts
0883967385539,openfacts
0883967385546,openfacts
0883967385553,openfacts
0883967385560,openfacts
0883967385577,openfacts
0883967385607,openfacts
0883967385614,openfacts
0883967385621,openfacts
0883967385638,openfacts
0883967387281,openfacts
0883967387694,openfacts
0883967387922,openfacts
0883967387946,openfacts
0883967390953,openfacts
0883967390960,openfacts
0883967390977,openfacts
0883967391004,openfacts
0883967391318,openfacts
0883967391349,openfacts
0883967391356,openfacts
0883967391363,openfacts
0883967391370,openfacts
0883967391387,openfacts
0883967391394,openfacts
0883967391400,openfacts
0883967391417,openfacts
0883967391424,openfacts
0883967391455,openfacts
0883967391462,openfacts
0883967391479,openfacts
0883967391516,openfacts
0883967391547,openfacts
0883967391554,openfacts
0883967391561,openfacts
0883967391578,openfacts
0883967391585,openfacts
0883967391592,openfacts
0883967391608,openfacts
0883967391615,openfacts
0883967391622,openfacts
0883967391639,openfacts
0883967392087,openfacts
0883967392773,openfacts
0883967392780,openfacts
0883967392797,openfacts
0883967392827,openfacts
0883967392834,openfacts
0883967392841,openfacts
0883967393558,openfacts
0883967393565,openfacts
0883967399215,openfacts
0883967400164,openfacts
0883967400171,openfacts
0883967400188,openfacts
0883967416455,openfacts
0883967416974,openfacts
0883967416981,openfacts
0883967416998,openfacts
0883967417865,openfacts
0883967468867,openfacts
0883967469161,openfacts
0883967469222,openfacts
0883967469260,openfacts
0883967471454,openfacts
0883967472123,openfacts
0883975098056,openfacts
0883978063754,openfacts
0883978072503,openfacts
0883978079755,openfacts
0883978079786,openfacts
0883978079793,openfacts
0883978095984,openfacts
0883978095991,openfacts
0883978096028,openfacts
0883978096035,openfacts
0883978096042,openfacts
0883978128859,openfacts
0883978129115,openfacts
0883978144446,openfacts
0883978145979,openfacts
0883978147263,openfacts
0883978152854,openfacts
0883978180253,openfacts
0883978301849,openfacts
0883978301856,openfacts
0883978301863,openfacts
0883978301870,openfacts
0883978322417,openfacts
0883978322424,openfacts
0883978339132,openfacts
0883978339149,openfacts
0883979130844,openfacts
0883979155458,openfacts
0883979155465,openfacts
0883979156974,openfacts
0883979159302,openfacts
0883979184137,openfacts
0883979207225,openfacts
0883979207249,openfacts
0883979207256,openfacts
0883979207263,openfacts
0883979207270,openfacts
0883979258838,openfacts
0883979272582,openfacts
0883979299848,openfacts
0883979350952,openfacts
0883979377843,openfacts
0883990020612,openfacts
0883990020629,openfacts
0883990101205,openfacts
0883990101212,openfacts
0883990101274,openfacts
0883990101281,openfacts
0883990231148,openfacts
0883990250002,openfacts
0883990254000,openfacts
0883990281808,openfacts
0883990281815,openfacts
0883990541001,openfacts
0883990651205,openfacts
0883990653001,openfacts
0883990661006,openfacts
0883990661846,openfacts
0883990661853,openfacts
0883990661990,openfacts
0883990663000,openfacts
0883990664045,openfacts
0883990665004,openfacts
0883990665042,openfacts
0883990681202,openfacts
0883990681219,openfacts
0883990683411,openfacts
0883990761003,openfacts
0883990762048,openfacts
0883990881206,openfacts
0883990881213,openfacts
0883990881244,openfacts
0883991121783,openfacts
0884003003813,openfacts
0884004008916,openfacts
0884004133830,openfacts
0884005004016,openfacts
0884008999005,openfacts
0884030035528,openfacts
0884038083262,openfacts
0884038083491,openfacts
0884038099218,openfacts
0884038102444,openfacts
0884038102451,openfacts
0884038102468,openfacts
0884038102475,openfacts
0884038102673,openfacts
0884038102932,openfacts
0884038110258,openfacts
0884038110265,openfacts
0884038110289,openfacts
0884038149036,openfacts
0884038154757,openfacts
0884038164473,openfacts
0884038164480,openfacts
0884038174274,openfacts
0884038176711,openfacts
0884038178760,openfacts
0884038179552,openfacts
0884038180510,openfacts
0884038180527,openfacts
0884038180534,openfacts
0884038181128,openfacts
0884038181838,openfacts
0884038181845,openfacts
0884038182552,openfacts
0884038184792,openfacts
0884038185492,openfacts
0884038185898,openfacts
0884038185911,openfacts
0884038186161,openfacts
0884038850697,openfacts
0884038850826,openfacts
0884038850963,openfacts
0884038850987,openfacts
0884038850994,openfacts
0884038851007,openfacts
0884038851021,openfacts
0884038851137,openfacts
0884038851182,openfacts
0884038851199,openfacts
0884038851229,openfacts
0884038851236,openfacts
0884038851434,openfacts
0884038851465,openfacts
0884038851489,openfacts
0884038851496,openfacts
0884038851526,openfacts
0884038851540,openfacts
0884038851595,openfacts
0884038851601,openfacts
0884038851618,openfacts
0884038851625,openfacts
0884038851632,openfacts
0884038851663,openfacts
0884038851670,openfacts
0884038851687,openfacts
0884038851694,openfacts
0884038851908,openfacts
0884038852011,openfacts
0884038852028,openfacts
0884038852035,openfacts
0884038852233,openfacts
0884038852240,openfacts
0884038852257,openfacts
0884038852264,openfacts
0884038852271,openfacts
0884038852479,openfacts
0884038852684,openfacts
0884038853391,openfacts
0884038853452,openfacts
0884051040020,openfacts
0884051040174,openfacts
0884051050111,openfacts
0884051050142,openfacts
0884051060097,openfacts
0884051060134,openfacts
0884051060172,openfacts
0884051090056,openfacts
0884051090100,openfacts
0884051090117,openfacts
0884051090254,openfacts
0884051090285,openfacts
0884062000082,openfacts
0884062000099,openfacts
0884062000259,openfacts
0884063000234,openfacts
0884063000340,openfacts
0884063200023,openfacts
0884063200030,openfacts
0884063300013,openfacts
0884079021063,openfacts
0884079110996,openfacts
0884084000022,openfacts
0884095177645,openfacts
0884095178598,openfacts
0884095179168,openfacts
0884096101106,openfacts
0884096102226,openfacts
0884096106101,openfacts
0884096109911,openfacts
0884116162681,openfacts
0884116295433,openfacts
0884116305750,openfacts
0884116422464,openfacts
0884116448860,openfacts
0884118299231,openfacts
0884146527443,openfacts
0884193000500,openfacts
0884196108715,openfacts
0884279107062,openfacts
0884282000114,openfacts
0884282000145,openfacts
0884282000176,openfacts
0884282002040,openfacts
0884282002057,openfacts
0884282002996,openfacts
0884282003030,openfacts
0884282003047,openfacts
0884282012001,openfacts
0884282012063,openfacts
0884282012087,openfacts
0884282012148,openfacts
0884282012612,openfacts
0884282012759,openfacts
0884282012780,openfacts
0884282012803,openfacts
0884282013268,openfacts
0884282099804,openfacts
0884282099880,openfacts
0884282099989,openfacts
0884282100128,openfacts
0884282100142,openfacts
0884282100180,openfacts
0884282100203,openfacts
0884282100210,openfacts
0884282100227,openfacts
0884282100234,openfacts
0884282100395,openfacts
0884282100494,openfacts
0884282100517,openfacts
0884282100531,openfacts
0884282104010,openfacts
0884282110042,openfacts
0884282110073,openfacts
0884282110097,openfacts
0884282110141,openfacts
0884282110233,openfacts
0884282110257,openfacts
0884282110516,openfacts
0884282110547,openfacts
0884282110714,openfacts
0884282110721,openfacts
0884282110882,openfacts
0884282110899,openfacts
0884282110905,openfacts
0884282110912,openfacts
0884282110929,openfacts
0884282110936,openfacts
0884282110967,openfacts
0884282111025,openfacts
0884282111193,openfacts
0884282111285,openfacts
0884282111414,openfacts
0884282111421,openfacts
0884282111537,openfacts
0884282111599,openfacts
0884282111650,openfacts
0884282111698,openfacts
0884282111964,openfacts
0884282111988,openfacts
0884282112954,openfacts
0884282231198,openfacts
0884282231853,openfacts
0884282237978,openfacts
0884282237992,openfacts
0884282668048,openfacts
0884284040101,openfacts
0884284040156,openfacts
0884284040194,openfacts
0884284040200,openfacts
0884284040255,openfacts
0884284040286,openfacts
0884284040309,openfacts
0884284040705,openfacts
0884284040804,openfacts
0884284041207,openfacts
0884284041221,openfacts
0884284041252,openfacts
0884284042204,openfacts
0884284042273,openfacts
0884284042310,openfacts
0884284042372,openfacts
0884288210012,openfacts
0884288210029,openfacts
0884288210036,openfacts
0884302004146,openfacts
0884308611195,openfacts
0884337000007,openfacts
0884337000014,openfacts
0884337000021,openfacts
0884337001042,openfacts
0884337002001,openfacts
0884337002018,openfacts
0884337002025,openfacts
0884337002056,openfacts
0884337002100,openfacts
0884337002155,openfacts
0884337002308,openfacts
0884337008126,openfacts
0884341102414,openfacts
0884354016357,openfacts
0884389100205,openfacts
0884389101899,openfacts
0884389111461,openfacts
0884389822404,openfacts
0884389823265,openfacts
0884392585778,openfacts
0884394000019,openfacts
0884394000026,openfacts
0884394000057,openfacts
0884394000118,openfacts
0884394000132,openfacts
0884394000170,openfacts
0884394000217,openfacts
0884394000231,openfacts
0884394000279,openfacts
0884394000293,openfacts
0884394000330,openfacts
0884394000354,openfacts
0884394000378,openfacts
0884394000415,openfacts
0884394000538,openfacts
0884394000552,openfacts
0884394000590,openfacts
0884394000651,openfacts
0884394000675,openfacts
0884394000774,openfacts
0884394000798,openfacts
0884394000811,openfacts
0884394000897,openfacts
0884394000934,openfacts
0884394000958,openfacts
0884394000972,openfacts
0884394000996,openfacts
0884394001290,openfacts
0884394001337,openfacts
0884394001511,openfacts
0884394001597,openfacts
0884394001610,openfacts
0884394001634,openfacts
0884394001672,openfacts
0884394001818,openfacts
0884394001917,openfacts
0884394002112,openfacts
0884394002136,openfacts
0884394002150,openfacts
0884394002174,openfacts
0884394002198,openfacts
0884394002372,openfacts
0884394002396,openfacts
0884394002471,openfacts
0884394002495,openfacts
0884394002518,openfacts
0884394002570,openfacts
0884394002594,openfacts
0884394002617,openfacts
0884394002631,openfacts
0884394002907,openfacts
0884394002921,openfacts
0884394003188,openfacts
0884394003249,openfacts
0884394003423,openfacts
0884394003485,openfacts
0884394003829,openfacts
0884394003911,openfacts
0884394003935,openfacts
0884394003959,openfacts
0884394003997,openfacts
0884394004062,openfacts
0884394004086,openfacts
0884394004550,openfacts
0884394004949,openfacts
0884394004963,openfacts
0884394004987,openfacts
0884394005007,openfacts
0884394005021,openfacts
0884394005779,openfacts
0884394006165,openfacts
0884394006424,openfacts
0884394006448,openfacts
0884394006462,openfacts
0884394006486,openfacts
0884394006509,openfacts
0884394006523,openfacts
0884394006547,openfacts
0884394006561,openfacts
0884394006585,openfacts
0884394006608,openfacts
0884394006929,openfacts
0884394006974,openfacts
0884394007285,openfacts
0884394007308,openfacts
0884394007339,openfacts
0884394007353,openfacts
0884394007377,openfacts
0884394007391,openfacts
0884394007414,openfacts
0884394007476,openfacts
0884394007551,openfacts
0884394007575,openfacts
0884394007636,openfacts
0884394007650,openfacts
0884394007674,openfacts
0884394007698,openfacts
0884394007711,openfacts
0884394007759,openfacts
0884394007773,openfacts
0884394007872,openfacts
0884394007896,openfacts
0884394007919,openfacts
0884394007933,openfacts
0884394007957,openfacts
0884394007971,openfacts
0884394008039,openfacts
0884394008107,openfacts
0884394008244,openfacts
0884394008381,openfacts
0884394008701,openfacts
0884394008725,openfacts
0884394008879,openfacts
0884394008909,openfacts
0884394008923,openfacts
0884394008947,openfacts
0884394008992,openfacts
0884394009197,openfacts
0884394009265,openfacts
0884394009289,openfacts
0884394009326,openfacts
0884394009401,openfacts
0884394009494,openfacts
0884394009517,openfacts
0884394009531,openfacts
0884394009562,openfacts
0884394009609,openfacts
0884394009623,openfacts
0884394009678,openfacts
0884394009692,openfacts
0884394009753,openfacts
0884394009777,openfacts
0884394010230,openfacts
0884394010278,openfacts
0884394010674,openfacts
0884394010698,openfacts
0884394010841,openfacts
0884394010902,openfacts
0884394010926,openfacts
0884395000063,openfacts
0884395000070,openfacts
0884395000094,openfacts
0884395000100,openfacts
0884395000254,openfacts
0884395000339,openfacts
0884395000346,openfacts
0884395000360,openfacts
0884395000407,openfacts
0884395000414,openfacts
0884395000421,openfacts
0884395000490,openfacts
0884395000506,openfacts
0884395000575,openfacts
0884395000599,openfacts
0884395000605,openfacts
0884395000612,openfacts
0884395000636,openfacts
0884395000643,openfacts
0884395000650,openfacts
0884395000667,openfacts
0884395000681,openfacts
0884395000735,openfacts
0884395028432,openfacts
0884395061019,openfacts
0884395061026,openfacts
0884395061033,openfacts
0884395061040,openfacts
0884395061118,openfacts
0884395061149,openfacts
0884395061248,openfacts
0884395061392,openfacts
0884395062436,openfacts
0884395062443,openfacts
0884395062467,openfacts
0884395062474,openfacts
0884395063013,openfacts
0884395066281,openfacts
0884395068056,openfacts
0884395204164,openfacts
0884395205314,openfacts
0884395207110,openfacts
0884395207363,openfacts
0884395207721,openfacts
0884395207806,openfacts
0884395207820,openfacts
0884395210127,openfacts
0884395217607,openfacts
0884395412835,openfacts
0884395445420,openfacts
0884395454408,openfacts
0884395465701,openfacts
0884395490574,openfacts
0884395491618,openfacts
0884395494855,openfacts
0884395648821,openfacts
0884395991521,openfacts
0884408024086,openfacts
0884408032166,openfacts
0884420861508,openfacts
0884442183015,openfacts
0884444000143,openfacts
0884458000160,openfacts
0884460019907,openfacts
0884465784237,openfacts
0884472020809,openfacts
0884486041807,openfacts
0884486041869,openfacts
0884486041876,openfacts
0884486095084,openfacts
0884486156907,openfacts
0884486183514,openfacts
0884486224170,openfacts
0884486225672,openfacts
0884486226761,openfacts
0884486227027,openfacts
0884486255587,openfacts
0884486282453,openfacts
0884486312983,openfacts
0884486329912,openfacts
0884486331199,openfacts
0884486341518,openfacts
0884486341556,openfacts
0884486353924,openfacts
0884486360465,openfacts
0884486399168,openfacts
0884486452986,openfacts
0884486453358,openfacts
0884486453402,openfacts
0884486453617,openfacts
0884486456205,openfacts
0884486456267,openfacts
0884486456311,openfacts
0884486456380,openfacts
0884486462404,openfacts
0884486514691,openfacts
0884486526496,openfacts
0884495460224,openfacts
0884495643009,openfacts
0884498451618,openfacts
0884508005718,openfacts
0884510093611,openfacts
0884513000012,openfacts
0884528419281,openfacts
0884541020624,openfacts
0884554000170,openfacts
0884554000200,openfacts
0884554000811,openfacts
0884576111144,openfacts
0884576111267,openfacts
0884576111717,openfacts
0884576111724,openfacts
0884576111847,openfacts
0884576112189,openfacts
0884580023426,openfacts
0884580223369,openfacts
0884580425312,openfacts
0884580723043,openfacts
0884610628805,openfacts
0884623100015,openfacts
0884623100022,openfacts
0884623100343,openfacts
0884623100367,openfacts
0884623100374,openfacts
0884623100398,openfacts
0884623100404,openfacts
0884623100428,openfacts
0884623100435,openfacts
0884623100459,openfacts
0884623100466,openfacts
0884623100480,openfacts
0884623100503,openfacts
0884623100527,openfacts
0884623100541,openfacts
0884623100565,openfacts
0884623100589,openfacts
0884623100725,openfacts
0884623100749,openfacts
0884623100763,openfacts
0884623100787,openfacts
0884623101005,openfacts
0884623101012,openfacts
0884623101036,openfacts
0884623101043,openfacts
0884623101104,openfacts
0884623101128,openfacts
0884623101142,openfacts
0884623101463,openfacts
0884623101548,openfacts
0884623101630,openfacts
0884623101654,openfacts
0884623101685,openfacts
0884623101753,openfacts
0884623101791,openfacts
0884623101814,openfacts
0884623101937,openfacts
0884623101968,openfacts
0884623102149,openfacts
0884623102163,openfacts
0884623102361,openfacts
0884623102385,openfacts
0884623102408,openfacts
0884623102422,openfacts
0884623102453,openfacts
0884623102613,openfacts
0884623102637,openfacts
0884623102651,openfacts
0884623102880,openfacts
0884623102903,openfacts
0884623103122,openfacts
0884623103139,openfacts
0884623103160,openfacts
0884623103191,openfacts
0884623103252,openfacts
0884623103276,openfacts
0884623103283,openfacts
0884623103306,openfacts
0884623103313,openfacts
0884623103368,openfacts
0884623103382,openfacts
0884623103429,openfacts
0884623103443,openfacts
0884623103467,openfacts
0884623103542,openfacts
0884623103597,openfacts
0884623103610,openfacts
0884623103665,openfacts
0884623103689,openfacts
0884623103702,openfacts
0884623103733,openfacts
0884623103757,openfacts
0884623103771,openfacts
0884623103795,openfacts
0884623103818,openfacts
0884623103832,openfacts
0884623103887,openfacts
0884623103900,openfacts
0884623104068,openfacts
0884623104150,openfacts
0884623104228,openfacts
0884623104266,openfacts
0884623104358,openfacts
0884623104372,openfacts
0884623104488,openfacts
0884623104532,openfacts
0884623104624,openfacts
0884623104662,openfacts
0884623104785,openfacts
0884623105249,openfacts
0884623105263,openfacts
0884623105362,openfacts
0884623105386,openfacts
0884623105409,openfacts
0884623105423,openfacts
0884623105447,openfacts
0884623105577,openfacts
0884623105737,openfacts
0884623105829,openfacts
0884623105836,openfacts
0884623105867,openfacts
0884623105904,openfacts
0884623105928,openfacts
0884623105942,openfacts
0884623106000,openfacts
0884623106031,openfacts
0884623106147,openfacts
0884623106178,openfacts
0884623106192,openfacts
0884623106260,openfacts
0884623106277,openfacts
0884623106291,openfacts
0884623106307,openfacts
0884623469662,openfacts
0884623469686,openfacts
0884623486195,openfacts
0884623486232,openfacts
0884623510289,openfacts
0884623708976,openfacts
0884623771437,openfacts
0884623771468,openfacts
0884671126722,openfacts
0884678102392,openfacts
0884678104396,openfacts
0884687010138,openfacts
0884687028447,openfacts
0884710108016,openfacts
0884713000713,openfacts
0884713001147,openfacts
0884713001208,openfacts
0884713001239,openfacts
0884713001277,openfacts
0884713001314,openfacts
0884713002632,openfacts
0884713003196,openfacts
0884722000360,openfacts
0884726813997,openfacts
0884730003605,openfacts
0884730003643,openfacts
0884730003704,openfacts
0884730003858,openfacts
0884730005760,openfacts
0884730005906,openfacts
0884730005951,openfacts
0884730006026,openfacts
0884730006149,openfacts
0884730006453,openfacts
0884730006507,openfacts
0884730006576,openfacts
0884730006620,openfacts
0884730006729,openfacts
0884730006804,openfacts
0884730006859,openfacts
0884730007450,openfacts
0884730008143,openfacts
0884730017701,openfacts
0884730017725,openfacts
0884730017732,openfacts
0884743194796,openfacts
0884773000449,openfacts
0884789500506,openfacts
0884789500537,openfacts
0884789500797,openfacts
0884789501251,openfacts
0884789501374,openfacts
0884789501732,openfacts
0884789501763,openfacts
0884789501794,openfacts
0884789501886,openfacts
0884789502159,openfacts
0884796070016,openfacts
0884796070023,openfacts
0884814000209,openfacts
0884821403208,openfacts
0884832000014,openfacts
0884832000021,openfacts
0884832000038,openfacts
0884832000090,openfacts
0884832000205,openfacts
0884832000304,openfacts
0884832000311,openfacts
0884832000403,openfacts
0884832000502,openfacts
0884832000748,openfacts
0884832000755,openfacts
0884832000939,openfacts
0884832001097,openfacts
0884832001103,openfacts
0884832001134,openfacts
0884832001646,openfacts
0884851001146,openfacts
0884851017659,openfacts
0884851044426,openfacts
0884851063564,openfacts
0884853120098,openfacts
0884853130448,openfacts
0884853130462,openfacts
0884853130486,openfacts
0884853130561,openfacts
0884853131384,openfacts
0884853142069,openfacts
0884853142106,openfacts
0884853142120,openfacts
0884853142205,openfacts
0884853150248,openfacts
0884853150286,openfacts
0884853150422,openfacts
0884853150446,openfacts
0884853152112,openfacts
0884853164191,openfacts
0884853170215,openfacts
0884853210102,openfacts
0884853210126,openfacts
0884853210201,openfacts
0884853210263,openfacts
0884853320085,openfacts
0884853600019,openfacts
0884853600033,openfacts
0884853600057,openfacts
0884853600194,openfacts
0884853600200,openfacts
0884853600217,openfacts
0884853600224,openfacts
0884853600231,openfacts
0884853600569,openfacts
0884853600576,openfacts
0884853600583,openfacts
0884853600606,openfacts
0884853600613,openfacts
0884853600736,openfacts
0884853600743,openfacts
0884853601023,openfacts
0884853601078,openfacts
0884853601085,openfacts
0884853601108,openfacts
0884853610315,openfacts
0884853610353,openfacts
0884853610414,openfacts
0884853610438,openfacts
0884853610469,openfacts
0884853610483,openfacts
0884853610544,openfacts
0884853610636,openfacts
0884853610650,openfacts
0884853610742,openfacts
0884853610759,openfacts
0884853610780,openfacts
0884853610797,openfacts
0884853610803,openfacts
0884853610810,openfacts
0884853610834,openfacts
0884853610841,openfacts
0884853610858,openfacts
0884853610865,openfacts
0884853610872,openfacts
0884853610889,openfacts
0884853610902,openfacts
0884853610919,openfacts
0884853610926,openfacts
0884853610933,openfacts
0884853610940,openfacts
0884853610957,openfacts
0884853610964,openfacts
0884853610971,openfacts
0884853610988,openfacts
0884853610995,openfacts
0884853611008,openfacts
0884853611015,openfacts
0884853611022,openfacts
0884853611039,openfacts
0884853611046,openfacts
0884853611053,openfacts
0884853611060,openfacts
0884853611084,openfacts
0884853611091,openfacts
0884853611107,openfacts
0884853611114,openfacts
0884853611121,openfacts
0884853611138,openfacts
0884853611169,openfacts
0884853611176,openfacts
0884853611190,openfacts
0884853611268,openfacts
0884853611299,openfacts
0884853611381,openfacts
0884853611398,openfacts
0884853611404,openfacts
0884853611411,openfacts
0884853620017,openfacts
0884853620024,openfacts
0884853620116,openfacts
0884853620161,openfacts
0884853620178,openfacts
0884853620192,openfacts
0884853620215,openfacts
0884853620222,openfacts
0884853620246,openfacts
0884853620260,openfacts
0884853620345,openfacts
0884853620352,openfacts
0884853620369,openfacts
0884853620376,openfacts
0884853620383,openfacts
0884853620390,openfacts
0884853620413,openfacts
0884853620437,openfacts
0884853620444,openfacts
0884853620666,openfacts
0884853620673,openfacts
0884853620680,openfacts
0884853620703,openfacts
0884853620727,openfacts
0884853620734,openfacts
0884853620741,openfacts
0884853620758,openfacts
0884853620772,openfacts
0884853620789,openfacts
0884853620796,openfacts
0884853620840,openfacts
0884853620857,openfacts
0884853620864,openfacts
0884853621090,openfacts
0884853621106,openfacts
0884853621113,openfacts
0884853621144,openfacts
0884853621151,openfacts
0884853621205,openfacts
0884853621212,openfacts
0884853621243,openfacts
0884853621274,openfacts
0884853621472,openfacts
0884853621779,openfacts
0884853621793,openfacts
0884853622271,openfacts
0884853622400,openfacts
0884853622417,openfacts
0884853622509,openfacts
0884853622653,openfacts
0884853622660,openfacts
0884853622677,openfacts
0884853622684,openfacts
0884853622752,openfacts
0884853622769,openfacts
0884853622776,openfacts
0884853622783,openfacts
0884853622851,openfacts
0884853630009,openfacts
0884853630016,openfacts
0884853630023,openfacts
0884853630054,openfacts
0884853630078,openfacts
0884853630160,openfacts
0884853630184,openfacts
0884853630191,openfacts
0884853630290,openfacts
0884853630306,openfacts
0884853630351,openfacts
0884853630559,openfacts
0884853630566,openfacts
0884853630627,openfacts
0884853630634,openfacts
0884853630641,openfacts
0884853630658,openfacts
0884853630665,openfacts
0884853630719,openfacts
0884853631020,openfacts
0884853631167,openfacts
0884853631174,openfacts
0884853631259,openfacts
0884853631396,openfacts
0884853631457,openfacts
0884853631464,openfacts
0884853631471,openfacts
0884853631488,openfacts
0884853631495,openfacts
0884853631532,openfacts
0884853631600,openfacts
0884853631693,openfacts
0884853631709,openfacts
0884853631730,openfacts
0884853640305,openfacts
0884853640411,openfacts
0884853640541,openfacts
0884853641005,openfacts
0884853641012,openfacts
0884853641043,openfacts
0884853641067,openfacts
0884853641111,openfacts
0884853641128,openfacts
0884853641258,openfacts
0884853641326,openfacts
0884853700016,openfacts
0884853700030,openfacts
0884853700054,openfacts
0884853700078,openfacts
0884853800013,openfacts
0884853800020,openfacts
0884853800044,openfacts
0884853800051,openfacts
0884853800068,openfacts
0884853800099,openfacts
0884853800105,openfacts
0884853800129,openfacts
0884853800136,openfacts
0884853800167,openfacts
0884853800174,openfacts
0884853800181,openfacts
0884853800198,openfacts
0884853800204,openfacts
0884853800211,openfacts
0884853800235,openfacts
0884853800280,openfacts
0884855766225,openfacts
0884856666425,openfacts
0884865787227,openfacts
0884869000001,openfacts
0884892300062,openfacts
0884892400717,openfacts
0884892610109,openfacts
0884892610123,openfacts
0884892822021,openfacts
0884892824018,openfacts
0884892824025,openfacts
0884893300108,openfacts
0884904003233,openfacts
0884912001351,openfacts
0884912001382,openfacts
0884912001399,openfacts
0884912001573,openfacts
0884912001849,openfacts
0884912001863,openfacts
0884912001870,openfacts
0884912001887,openfacts
0884912002020,openfacts
0884912002174,openfacts
0884912002181,openfacts
0884912002211,openfacts
0884912002303,openfacts
0884912002341,openfacts
0884912002372,openfacts
0884912002457,openfacts
0884912002464,openfacts
0884912002754,openfacts
0884912002938,openfacts
0884912002945,openfacts
0884912003218,openfacts
0884912003294,openfacts
0884912003416,openfacts
0884912003492,openfacts
0884912003584,openfacts
0884912003744,openfacts
0884912003751,openfacts
0884912003768,openfacts
0884912003836,openfacts
0884912003843,openfacts
0884912003881,openfacts
0884912003898,openfacts
0884912003911,openfacts
0884912003928,openfacts
0884912003942,openfacts
0884912003959,openfacts
0884912004239,openfacts
0884912004246,openfacts
0884912004307,openfacts
0884912004314,openfacts
0884912004376,openfacts
0884912004567,openfacts
0884912004574,openfacts
0884912004635,openfacts
0884912004642,openfacts
0884912004659,openfacts
0884912004666,openfacts
0884912004710,openfacts
0884912004727,openfacts
0884912005052,openfacts
0884912005243,openfacts
0884912005267,openfacts
0884912005281,openfacts
0884912005298,openfacts
0884912005304,openfacts
0884912005502,openfacts
0884912005618,openfacts
0884912005625,openfacts
0884912005632,openfacts
0884912005649,openfacts
0884912005687,openfacts
0884912005717,openfacts
0884912005731,openfacts
0884912005755,openfacts
0884912005779,openfacts
0884912005793,openfacts
0884912005830,openfacts
0884912005847,openfacts
0884912005854,openfacts
0884912005861,openfacts
0884912005939,openfacts
0884912006134,openfacts
0884912006141,openfacts
0884912006158,openfacts
0884912006165,openfacts
0884912006172,openfacts
0884912006189,openfacts
0884912006202,openfacts
0884912006219,openfacts
0884912006233,openfacts
0884912006240,openfacts
0884912006707,openfacts
0884912006714,openfacts
0884912006721,openfacts
0884912006738,openfacts
0884912006745,openfacts
0884912006752,openfacts
0884912006769,openfacts
0884912006806,openfacts
0884912006813,openfacts
0884912008411,openfacts
0884912012784,openfacts
0884912012791,openfacts
0884912014160,openfacts
0884912014245,openfacts
0884912014252,openfacts
0884912014269,openfacts
0884912014276,openfacts
0884912014283,openfacts
0884912014467,openfacts
0884912017864,openfacts
0884912020505,openfacts
0884912021700,openfacts
0884912029829,openfacts
0884912032171,openfacts
0884912068859,openfacts
0884912102102,openfacts
0884912103055,openfacts
0884912103703,openfacts
0884912105219,openfacts
0884912105318,openfacts
0884912109101,openfacts
0884912111715,openfacts
0884912111814,openfacts
0884912112217,openfacts
0884912114600,openfacts
0884912114709,openfacts
0884912117625,openfacts
0884912126016,openfacts
0884912126115,openfacts
0884912126153,openfacts
0884912129512,openfacts
0884912129659,openfacts
0884912129666,openfacts
0884912129710,openfacts
0884912129741,openfacts
0884912129789,openfacts
0884912150011,openfacts
0884912150042,openfacts
0884912180025,openfacts
0884912180056,openfacts
0884912180506,openfacts
0884912180599,openfacts
0884912180629,openfacts
0884912181701,openfacts
0884912249265,openfacts
0884912249272,openfacts
0884912249289,openfacts
0884912249296,openfacts
0884912249302,openfacts
0884912256522,openfacts
0884912256539,openfacts
0884912259363,openfacts
0884912259370,openfacts
0884912266156,openfacts
0884912267160,openfacts
0884912267177,openfacts
0884912267184,openfacts
0884912267337,openfacts
0884912267344,openfacts
0884912268372,openfacts
0884912268389,openfacts
0884912268396,openfacts
0884912271495,openfacts
0884912271501,openfacts
0884912271549,openfacts
0884912271624,openfacts
0884912271631,openfacts
0884912271761,openfacts
0884912271778,openfacts
0884912273109,openfacts
0884912273116,openfacts
0884912273130,openfacts
0884912273154,openfacts
0884912275240,openfacts
0884912278999,openfacts
0884912279002,openfacts
0884912279934,openfacts
0884912280541,openfacts
0884912280558,openfacts
0884912280565,openfacts
0884912281081,openfacts
0884912281647,openfacts
0884912281685,openfacts
0884912282736,openfacts
0884912282743,openfacts
0884912284051,openfacts
0884912284334,openfacts
0884912284372,openfacts
0884912285935,openfacts
0884912288141,openfacts
0884912288400,openfacts
0884912288417,openfacts
0884912288424,openfacts
0884912288608,openfacts
0884912288615,openfacts
0884912288745,openfacts
0884912289858,openfacts
0884912290090,openfacts
0884912291684,openfacts
0884912291691,openfacts
0884912292483,openfacts
0884912294043,openfacts
0884912294050,openfacts
0884912294067,openfacts
0884912294074,openfacts
0884912294081,openfacts
0884912294531,openfacts
0884912294548,openfacts
0884912294593,openfacts
0884912295941,openfacts
0884912296061,openfacts
0884912296474,openfacts
0884912297990,openfacts
0884912298010,openfacts
0884912298195,openfacts
0884912298676,openfacts
0884912299314,openfacts
0884912299376,openfacts
0884912301642,openfacts
0884912304278,openfacts
0884912304285,openfacts
0884912307675,openfacts
0884912307682,openfacts
0884912308177,openfacts
0884912308382,openfacts
0884912311580,openfacts
0884912314246,openfacts
0884912314253,openfacts
0884912314307,openfacts
0884912315236,openfacts
0884912315250,openfacts
0884912315373,openfacts
0884912315960,openfacts
0884912316165,openfacts
0884912316721,openfacts
0884912317087,openfacts
0884912320445,openfacts
0884912320476,openfacts
0884912320483,openfacts
0884912320490,openfacts
0884912320865,openfacts
0884912320872,openfacts
0884912320889,openfacts
0884912333773,openfacts
0884912336637,openfacts
0884912338969,openfacts
0884912338990,openfacts
0884912340337,openfacts
0884912342737,openfacts
0884912345233,openfacts
0884912346285,openfacts
0884912346513,openfacts
0884912349002,openfacts
0884912349019,openfacts
0884912349439,openfacts
0884912349446,openfacts
0884912355317,openfacts
0884912356178,openfacts
0884912356185,openfacts
0884912356192,openfacts
0884912356291,openfacts
0884912356321,openfacts
0884912356345,openfacts
0884912356482,openfacts
0884912356499,openfacts
0884912358721,openfacts
0884912359155,openfacts
0884912359162,openfacts
0884912359414,openfacts
0884912359421,openfacts
0884912359483,openfacts
0884912360816,openfacts
0884912361561,openfacts
0884912365163,openfacts
0884912365200,openfacts
0884912365224,openfacts
0884912365651,openfacts
0884912365736,openfacts
0884912365743,openfacts
0884912365750,openfacts
0884912366238,openfacts
0884912366269,openfacts
0884912366900,openfacts
0884912367853,openfacts
0884912368911,openfacts
0884912369079,openfacts
0884912373946,openfacts
0884912374592,openfacts
0884912374776,openfacts
0884912374813,openfacts
0884912374820,openfacts
0884912376992,openfacts
0884912377142,openfacts
0884912377272,openfacts
0884912377289,openfacts
0884912377296,openfacts
0884912377470,openfacts
0884912377487,openfacts
0884912377494,openfacts
0884912377500,openfacts
0884912377722,openfacts
0884912378118,openfacts
0884912378330,openfacts
0884912378651,openfacts
0884912378668,openfacts
0884912378736,openfacts
0884912378743,openfacts
0884912379276,openfacts
0884912379283,openfacts
0884912381743,openfacts
0884912381835,openfacts
0884912381859,openfacts
0884912385673,openfacts
0884912385871,openfacts
0884912385888,openfacts
0884912386564,openfacts
0884912388315,openfacts
0884912388995,openfacts
0884912389008,openfacts
0884912389480,openfacts
0884912390257,openfacts
0884912390264,openfacts
0884912393807,openfacts
0884912394064,openfacts
0884912395375,openfacts
0884912396402,openfacts
0884912399076,openfacts
0884912406743,openfacts
0884912406750,openfacts
0884912409713,openfacts
0884912411532,openfacts
0884912415004,openfacts
0884912415684,openfacts
0884912416483,openfacts
0884912418319,openfacts
0884912418326,openfacts
0884912418333,openfacts
0884912418340,openfacts
0884912418401,openfacts
0884912418418,openfacts
0884912419644,openfacts
0884912419651,openfacts
0884912419675,openfacts
0884912420527,openfacts
0884912420596,openfacts
0884912420671,openfacts
0884912429292,openfacts
0884912429537,openfacts
0884912433664,openfacts
0884912433671,openfacts
0884912434296,openfacts
0884912434944,openfacts
0884912434968,openfacts
0884912434975,openfacts
0884912435675,openfacts
0884912438188,openfacts
0884912438560,openfacts
0884912440204,openfacts
0884912440587,openfacts
0884912440662,openfacts
0884912440679,openfacts
0884912441751,openfacts
0884912443656,openfacts
0884912443854,openfacts
0884912443861,openfacts
0884912445674,openfacts
0884912445865,openfacts
0884912449634,openfacts
0884912449641,openfacts
0884912457653,openfacts
0884912457684,openfacts
0884912462916,openfacts
0884912462923,openfacts
0884912468338,openfacts
0884912470690,openfacts
0884912472328,openfacts
0884912472335,openfacts
0884912474407,openfacts
0884912475770,openfacts
0884912475787,openfacts
0884912479495,openfacts
0884912479501,openfacts
0884912479839,openfacts
0884912479860,openfacts
0884912480767,openfacts
0884912481764,openfacts
0884912484086,openfacts
0884912484963,openfacts
0884912485243,openfacts
0884912485304,openfacts
0884912485311,openfacts
0884912485533,openfacts
0884912485540,openfacts
0884912491190,openfacts
0884912687500,openfacts
0884912788504,openfacts
0884912990105,openfacts
0884912990143,openfacts
0884912990181,openfacts
0884912990228,openfacts
0884916337494,openfacts
0884916786650,openfacts
0884920104044,openfacts
0884920182530,openfacts
0884920191426,openfacts
0884920366411,openfacts
0884920530256,openfacts
0884920600980,openfacts
0884920661332,openfacts
0884934011536,openfacts
0884941001100,openfacts
0884941001124,openfacts
0884941001148,openfacts
0884941001186,openfacts
0884941001995,openfacts
0884941002121,openfacts
0884941002152,openfacts
0884941002169,openfacts
0884941002572,openfacts
0884941002589,openfacts
0884941002886,openfacts
0884941003401,openfacts
0884941003661,openfacts
0884941003685,openfacts
0884941003708,openfacts
0884941003722,openfacts
0884941003760,openfacts
0884941003784,openfacts
0884941003845,openfacts
0884941004064,openfacts
0884941004125,openfacts
0884941004163,openfacts
0884941006006,openfacts
0884941006020,openfacts
0884955002520,openfacts
0884955041024,openfacts
0884955041499,openfacts
0884955042168,openfacts
0884955042199,openfacts
0884955070390,openfacts
0884964111268,openfacts
0884964119325,openfacts
0884964700059,openfacts
0884974004727,openfacts
0884983000079,openfacts
0884983000086,openfacts
0884983000093,openfacts
0884983000109,openfacts
0884983000116,openfacts
0884983000246,openfacts
0884983000253,openfacts
0884983000277,openfacts
0884983000284,openfacts
0884983000291,openfacts
0884983000307,openfacts
0884983000352,openfacts
0884983000376,openfacts
0884983000390,openfacts
0884983000406,openfacts
0884983000413,openfacts
0884983000420,openfacts
0884983000437,openfacts
0884983000505,openfacts
0884983000550,openfacts
0884983000567,openfacts
0884983000574,openfacts
0884983000581,openfacts
0884983000628,openfacts
0884983000635,openfacts
0884983000642,openfacts
0884983000659,openfacts
0884983000666,openfacts
0884983000673,openfacts
0884983000727,openfacts
0884983000734,openfacts
0884983000758,openfacts
0884983000765,openfacts
0884983000772,openfacts
0884983000796,openfacts
0884983000802,openfacts
0884983000901,openfacts
0884983000918,openfacts
0884983000925,openfacts
0884983000963,openfacts
0884983000970,openfacts
0884983000994,openfacts
0884983542371,openfacts
0884999763036,openfacts
0885001024770,openfacts
0885004072679,openfacts
0885009780463,openfacts
0885015300358,openfacts
0885015300402,openfacts
0885015300419,openfacts
0885015300426,openfacts
0885015300433,openfacts
0885015300600,openfacts
0885020395769,openfacts
0885022702343,openfacts
0885022702404,openfacts
0885022702473,openfacts
0885022702480,openfacts
0885022702497,openfacts
0885022702503,openfacts
0885022702510,openfacts
0885022702527,openfacts
0885022702770,openfacts
0885023795177,openfacts
0885023993207,openfacts
0885024441257,openfacts
0885025630803,openfacts
0885025630940,openfacts
0885030050832,openfacts
0885030936037,openfacts
0885034463379,openfacts
0885037455234,openfacts
0885038911562,openfacts
0885050013152,openfacts
0885050640051,openfacts
0885050640068,openfacts
0885050700212,openfacts
0885050710112,openfacts
0885050720227,openfacts
0885050740348,openfacts
0885051002452,openfacts
0885058211000,openfacts
0885058212403,openfacts
0885058213806,openfacts
0885058223805,openfacts
0885058231008,openfacts
0885058310000,openfacts
0885058310239,openfacts
0885058323802,openfacts
0885058330138,openfacts
0885058330206,openfacts
0885075530818,openfacts
0885099468425,openfacts
0885105001370,openfacts
0885105008508,openfacts
0885105210208,openfacts
0885105210253,openfacts
0885105610404,openfacts
0885105723043,openfacts
0885105733042,openfacts
0885118320284,openfacts
0885118839663,openfacts
0885118898158,openfacts
0885131695123,openfacts
0885161780080,openfacts
0885163000018,openfacts
0885175000211,openfacts
0885175000228,openfacts
0885175000266,openfacts
0885175000280,openfacts
0885175000310,openfacts
0885175000358,openfacts
0885175000396,openfacts
0885175000600,openfacts
0885175000778,openfacts
0885175000792,openfacts
0885175001027,openfacts
0885175001270,openfacts
0885175001553,openfacts
0885175002178,openfacts
0885175002352,openfacts
0885175003168,openfacts
0885175003724,openfacts
0885175003731,openfacts
0885175003755,openfacts
0885175003762,openfacts
0885175004059,openfacts
0885175005445,openfacts
0885175006862,openfacts
0885175006879,openfacts
0885175006954,openfacts
0885175008217,openfacts
0885175008491,openfacts
0885175008934,openfacts
0885175008941,openfacts
0885175008958,openfacts
0885175010128,openfacts
0885175010135,openfacts
0885175010166,openfacts
0885190301041,openfacts
0885190418602,openfacts
0885190812639,openfacts
0885190821006,openfacts
0885190821549,openfacts
0885202000030,openfacts
0885202000146,openfacts
0885204332900,openfacts
0885206000111,openfacts
0885206000128,openfacts
0885206000173,openfacts
0885206000340,openfacts
0885206000357,openfacts
0885206001040,openfacts
0885206004614,openfacts
0885206005284,openfacts
0885206005321,openfacts
0885206005338,openfacts
0885206005345,openfacts
0885206005529,openfacts
0885206005598,openfacts
0885206005604,openfacts
0885208450440,openfacts
0885227128528,openfacts
0885229000594,openfacts
0885229000617,openfacts
0885229000846,openfacts
0885229001058,openfacts
0885229001591,openfacts
0885229001676,openfacts
0885229001713,openfacts
0885229001751,openfacts
0885229001904,openfacts
0885229001973,openfacts
0885229001997,openfacts
0885229002062,openfacts
0885229002086,openfacts
0885229002178,openfacts
0885229002475,openfacts
0885229002499,openfacts
0885229002512,openfacts
0885229002710,openfacts
0885229002918,openfacts
0885229003427,openfacts
0885229003441,openfacts
0885229003557,openfacts
0885229253723,openfacts
0885229966425,openfacts
0885238268473,openfacts
0885239000133,openfacts
0885250010227,openfacts
0885250021827,openfacts
0885250021926,openfacts
0885250022428,openfacts
0885250051626,openfacts
0885250053026,openfacts
0885250101826,openfacts
0885250102113,openfacts
0885250111115,openfacts
0885250115205,openfacts
0885251503209,openfacts
0885252418762,openfacts
0885255620209,openfacts
0885257132847,openfacts
0885259899380,openfacts
0885259963616,openfacts
0885260287589,openfacts
0885264006360,openfacts
0885264006728,openfacts
0885264007312,openfacts
0885264007367,openfacts
0885264007534,openfacts
0885282000128,openfacts
0885282001378,openfacts
0885282001576,openfacts
0885282001583,openfacts
0885282001637,openfacts
0885282006021,openfacts
0885282006069,openfacts
0885282010387,openfacts
0885285111111,openfacts
0885285222220,openfacts
0885285444448,openfacts
0885302032887,openfacts
0885320000110,openfacts
0885320000127,openfacts
0885320000134,openfacts
0885320000141,openfacts
0885320000363,openfacts
0885320000417,openfacts
0885320000424,openfacts
0885320000448,openfacts
0885320000479,openfacts
0885320000493,openfacts
0885320000745,openfacts
0885320000905,openfacts
0885320000912,openfacts
0885320010294,openfacts
0885320010348,openfacts
0885320010355,openfacts
0885320010362,openfacts
0885320010386,openfacts
0885320010393,openfacts
0885320010447,openfacts
0885320010508,openfacts
0885320010515,openfacts
0885320010553,openfacts
0885320010577,openfacts
0885320010584,openfacts
0885320010591,openfacts
0885320010621,openfacts
0885320010638,openfacts
0885320010645,openfacts
0885320010652,openfacts
0885320010669,openfacts
0885320010676,openfacts
0885320010683,openfacts
0885320010690,openfacts
0885320010744,openfacts
0885320010768,openfacts
0885320010829,openfacts
0885320010973,openfacts
0885320011000,openfacts
0885320011017,openfacts
0885333000022,openfacts
0885333000305,openfacts
0885333005584,openfacts
0885333005591,openfacts
0885333320175,openfacts
0885341899939,openfacts
0885341932018,openfacts
0885341932216,openfacts
0885341992012,openfacts
0885341992319,openfacts
0885341993019,openfacts
0885345020025,openfacts
0885345020063,openfacts
0885345020100,openfacts
0885345020117,openfacts
0885345020155,openfacts
0885354000575,openfacts
0885354000582,openfacts
0885354000599,openfacts
0885359631606,openfacts
0885370611687,openfacts
0885370773248,openfacts
0885370830132,openfacts
0885370863949,openfacts
0885370869460,openfacts
0885370927443,openfacts
0885377268716,openfacts
0885385605558,openfacts
0885400526837,openfacts
0885404006700,openfacts
0885404527526,openfacts
0885409318075,openfacts
0885428091430,openfacts
0885435000036,openfacts
0885435000050,openfacts
0885435000081,openfacts
0885435000098,openfacts
0885435000104,openfacts
0885435000128,openfacts
0885435000135,openfacts
0885435000180,openfacts
0885435000203,openfacts
0885435999590,openfacts
0885435999750,openfacts
0885443200275,openfacts
0885443699994,openfacts
0885445224477,openfacts
0885458842187,openfacts
0885460000032,openfacts
0885460000056,openfacts
0885460000100,openfacts
0885460000407,openfacts
0885460000599,openfacts
0885460000605,openfacts
0885460000629,openfacts
0885460000674,openfacts
0885460000698,openfacts
0885460000728,openfacts
0885460000735,openfacts
0885460000957,openfacts
0885460001152,openfacts
0885460001312,openfacts
0885460001336,openfacts
0885460001947,openfacts
0885460001954,openfacts
0885460001961,openfacts
0885460002050,openfacts
0885460002067,openfacts
0885460002135,openfacts
0885460002159,openfacts
0885460002166,openfacts
0885460016316,openfacts
0885460072466,openfacts
0885463713427,openfacts
0885465019534,openfacts
0885469001078,openfacts
0885469001122,openfacts
0885469001139,openfacts
0885469001146,openfacts
0885469001535,openfacts
0885473000371,openfacts
0885478522113,openfacts
0885492857437,openfacts
0885501000083,openfacts
0885512901010,openfacts
0885512901478,openfacts
0885512910012,openfacts
0885512910029,openfacts
0885512910043,openfacts
0885512910050,openfacts
0885512910067,openfacts
0885512910074,openfacts
0885521233904,openfacts
0885523208115,openfacts
0885523208191,openfacts
0885523208214,openfacts
0885523208245,openfacts
0885523208276,openfacts
0885523208283,openfacts
0885523208474,openfacts
0885523208504,openfacts
0885523208511,openfacts
0885523208573,openfacts
0885523208597,openfacts
0885523208696,openfacts
0885523210019,openfacts
0885523211009,openfacts
0885523211016,openfacts
0885523211696,openfacts
0885523218817,openfacts
0885523218824,openfacts
0885523218879,openfacts
0885523234015,openfacts
0885523286076,openfacts
0885523288018,openfacts
0885523288056,openfacts
0885523308129,openfacts
0885523308358,openfacts
0885523308556,openfacts
0885532000212,openfacts
0885532000373,openfacts
0885532785546,openfacts
0885542001544,openfacts
0885555100081,openfacts
0885555853369,openfacts
0885556360033,openfacts
0885557992844,openfacts
0885558774449,openfacts
0885576000094,openfacts
0885576100022,openfacts
0885585350821,openfacts
0885599373007,openfacts
0885604449130,openfacts
0885610201067,openfacts
0885610201081,openfacts
0885610201111,openfacts
0885610202019,openfacts
0885610202026,openfacts
0885610301057,openfacts
0885610501075,openfacts
0885616000176,openfacts
0885616000190,openfacts
0885616000299,openfacts
0885616000466,openfacts
0885616000596,openfacts
0885616000657,openfacts
0885616000718,openfacts
0885616000725,openfacts
0885616000732,openfacts
0885616000749,openfacts
0885616000824,openfacts
0885616001340,openfacts
0885616001357,openfacts
0885616001395,openfacts
0885616001500,openfacts
0885616001647,openfacts
0885616001739,openfacts
0885616001883,openfacts
0885616001890,openfacts
0885616001951,openfacts
0885616002224,openfacts
0885616002248,openfacts
0885616002293,openfacts
0885616002309,openfacts
0885616002620,openfacts
0885616003566,openfacts
0885616003597,openfacts
0885616003603,openfacts
0885616003788,openfacts
0885616003795,openfacts
0885616003856,openfacts
0885616003894,openfacts
0885616003900,openfacts
0885616003917,openfacts
0885616003931,openfacts
0885616003948,openfacts
0885616003955,openfacts
0885616004068,openfacts
0885616004075,openfacts
0885616004273,openfacts
0885616004860,openfacts
0885616004891,openfacts
0885616005171,openfacts
0885616005201,openfacts
0885616005430,openfacts
0885616005447,openfacts
0885616005607,openfacts
0885616005713,openfacts
0885616005720,openfacts
0885616005928,openfacts
0885616005942,openfacts
0885616006253,openfacts
0885616006260,openfacts
0885616006284,openfacts
0885616006291,openfacts
0885616006307,openfacts
0885616006420,openfacts
0885616006550,openfacts
0885616006567,openfacts
0885616006598,openfacts
0885616006611,openfacts
0885616006697,openfacts
0885616006734,openfacts
0885616006741,openfacts
0885616006772,openfacts
0885616006888,openfacts
0885616006949,openfacts
0885616007366,openfacts
0885616007519,openfacts
0885616007601,openfacts
0885616007649,openfacts
0885616007694,openfacts
0885616007748,openfacts
0885616007885,openfacts
0885616008127,openfacts
0885616008141,openfacts
0885616008158,openfacts
0885616008202,openfacts
0885616008257,openfacts
0885616008264,openfacts
0885616008295,openfacts
0885616008363,openfacts
0885616008752,openfacts
0885616008769,openfacts
0885616008912,openfacts
0885616008967,openfacts
0885616008981,openfacts
0885616008998,openfacts
0885616009001,openfacts
0885616009018,openfacts
0885616009025,openfacts
0885616009032,openfacts
0885616009049,openfacts
0885616009100,openfacts
0885616009148,openfacts
0885616009162,openfacts
0885616009193,openfacts
0885616009216,openfacts
0885616009223,openfacts
0885616009230,openfacts
0885616009247,openfacts
0885616009315,openfacts
0885616009537,openfacts
0885616009728,openfacts
0885616009735,openfacts
0885616009742,openfacts
0885616009759,openfacts
0885616009766,openfacts
0885616009780,openfacts
0885616009810,openfacts
0885616009841,openfacts
0885616009858,openfacts
0885616009872,openfacts
0885616009889,openfacts
0885616009896,openfacts
0885616009902,openfacts
0885616009919,openfacts
0885616009957,openfacts
0885616009964,openfacts
0885625124450,openfacts
0885626100682,openfacts
0885645034050,openfacts
0885645049719,openfacts
0885645051910,openfacts
0885660201390,openfacts
0885674094643,openfacts
0885676000048,openfacts
0885676000109,openfacts
0885676000383,openfacts
0885677001327,openfacts
0885677613124,openfacts
0885677701104,openfacts
0885677703122,openfacts
0885677711103,openfacts
0885677811100,openfacts
0885677911107,openfacts
0885677913101,openfacts
0885677915112,openfacts
0885677973785,openfacts
0885682013339,openfacts
0885682029873,openfacts
0885700935094,openfacts
0885701158560,openfacts
0885704508911,openfacts
0885704508966,openfacts
0885704508980,openfacts
0885704589071,openfacts
0885704589088,openfacts
0885704589095,openfacts
0885704589101,openfacts
0885704825063,openfacts
0885704825100,openfacts
0885709010143,openfacts
0885709010167,openfacts
0885709012178,openfacts
0885709012215,openfacts
0885709012222,openfacts
0885709012246,openfacts
0885709012260,openfacts
0885709012277,openfacts
0885709012307,openfacts
0885709012321,openfacts
0885709101728,openfacts
0885709122419,openfacts
0885709122822,openfacts
0885709122839,openfacts
0885709212172,openfacts
0885709212264,openfacts
0885709212271,openfacts
0885709212288,openfacts
0885709212301,openfacts
0885710030574,openfacts
0885710169274,openfacts
0885710735332,openfacts
0885712000339,openfacts
0885743930438,openfacts
0885750001039,openfacts
0885750001046,openfacts
0885750001183,openfacts
0885770418206,openfacts
0885773021007,openfacts
0885773021014,openfacts
0885773031013,openfacts
0885773031020,openfacts
0885773031037,openfacts
0885773031044,openfacts
0885773031051,openfacts
0885773031068,openfacts
0885773032010,openfacts
0885773032027,openfacts
0885773041012,openfacts
0885773041036,openfacts
0885773041043,openfacts
0885773041050,openfacts
0885773041067,openfacts
0885773042019,openfacts
0885773042026,openfacts
0885773043016,openfacts
0885773043023,openfacts
0885773043030,openfacts
0885773043047,openfacts
0885773045041,openfacts
0885773045201,openfacts
0885773045225,openfacts
0885773045478,openfacts
0885773045676,openfacts
0885773045690,openfacts
0885773045713,openfacts
0885773045799,openfacts
0885773045805,openfacts
0885773045812,openfacts
0885773045829,openfacts
0885773045836,openfacts
0885773045843,openfacts
0885773045966,openfacts
0885773045973,openfacts
0885773046000,openfacts
0885773046055,openfacts
0885773046062,openfacts
0885773046086,openfacts
0885773047007,openfacts
0885773051011,openfacts
0885773051028,openfacts
0885773051035,openfacts
0885773051042,openfacts
0885773051134,openfacts
0885773051141,openfacts
0885777915241,openfacts
0885782035873,openfacts
0885785044544,openfacts
0885785257715,openfacts
0885787004232,openfacts
0885790000023,openfacts
0885790000092,openfacts
0885790000108,openfacts
0885790000191,openfacts
0885790000368,openfacts
0885790000795,openfacts
0885790000801,openfacts
0885794676309,openfacts
0885810113764,openfacts
0885815251522,openfacts
0885837018387,openfacts
0885837018400,openfacts
0885837019384,openfacts
0885837028584,openfacts
0885837028690,openfacts
0885837036602,openfacts
0885837053593,openfacts
0885859002470,openfacts
0885880029637,openfacts
0885880189935,openfacts
0885880190818,openfacts
0885881000031,openfacts
0885881000093,openfacts
0885881000116,openfacts
0885881000130,openfacts
0885881000178,openfacts
0885881000260,openfacts
0885881000291,openfacts
0885881000338,openfacts
0885881000406,openfacts
0885881000536,openfacts
0885881000598,openfacts
0885881000611,openfacts
0885881000635,openfacts
0885881000659,openfacts
0885881000765,openfacts
0885881000796,openfacts
0885881000802,openfacts
0885881000901,openfacts
0885881000932,openfacts
0885881001069,openfacts
0885881001182,openfacts
0885881001205,openfacts
0885881001502,openfacts
0885881002233,openfacts
0885886259847,openfacts
0885886293155,openfacts
0885886297702,openfacts
0885891000007,openfacts
0885892654148,openfacts
0885893000340,openfacts
0885896450340,openfacts
0885898000055,openfacts
0885898000062,openfacts
0885898000079,openfacts
0885898000086,openfacts
0885898000307,openfacts
0885898000321,openfacts
0885898000338,openfacts
0885898000413,openfacts
0885898000420,openfacts
0885898060066,openfacts
0885898060080,openfacts
0885898060134,openfacts
0885898060172,openfacts
0885898061193,openfacts
0885898100304,openfacts
0885898100458,openfacts
0885898100472,openfacts
0885898100601,openfacts
0885898291644,openfacts
0885898321976,openfacts
0885898322713,openfacts
0885898330244,openfacts
0885898330251,openfacts
0885898330329,openfacts
0885898330336,openfacts
0885898333467,openfacts
0885898390781,openfacts
0885898511193,openfacts
0885898601153,openfacts
0885898601177,openfacts
0885898601252,openfacts
0885898887915,openfacts
0885898887922,openfacts
0885903829893,openfacts
0885904355551,openfacts
0885909054466,openfacts
0885909319510,openfacts
0885909361984,openfacts
0885909512263,openfacts
0885909560462,openfacts
0885909686896,openfacts
0885909784387,openfacts
0885909844555,openfacts
0885909937929,openfacts
0885925000065,openfacts
0885925000089,openfacts
0885927001046,openfacts
0885927002067,openfacts
0885927004047,openfacts
0885948000073,openfacts
0885963002021,openfacts
0885963002045,openfacts
0885963002052,openfacts
0885963002083,openfacts
0885963002090,openfacts
0885963002113,openfacts
0885963002120,openfacts
0885963003196,openfacts
0885963003202,openfacts
0885963003219,openfacts
0885963003417,openfacts
0885963003554,openfacts
0885963003578,openfacts
0885963003615,openfacts
0885963003677,openfacts
0885967206272,openfacts
0885967836004,openfacts
0885978040988,openfacts
0886000003490,openfacts
0886000312295,openfacts
0886002500324,openfacts
0886002500331,openfacts
0886002506517,openfacts
0886002506524,openfacts
0886002506531,openfacts
0886002550510,openfacts
0886002550527,openfacts
0886002550534,openfacts
0886002570525,openfacts
0886002700014,openfacts
0886002700151,openfacts
0886002700168,openfacts
0886002700175,openfacts
0886002705156,openfacts
0886002705163,openfacts
0886002707150,openfacts
0886002710006,openfacts
0886002710013,openfacts
0886002710068,openfacts
0886002710082,openfacts
0886004114642,openfacts
0886004940395,openfacts
0886005665280,openfacts
0886005910526,openfacts
0886013200626,openfacts
0886013540463,openfacts
0886021300356,openfacts
0886021300714,openfacts
0886028310723,openfacts
0886031000017,openfacts
0886041655696,openfacts
0886053004321,openfacts
0886054000001,openfacts
0886054000018,openfacts
0886054000063,openfacts
0886054000070,openfacts
0886054000254,openfacts
0886054000261,openfacts
0886054000346,openfacts
0886054000407,openfacts
0886054000414,openfacts
0886054000704,openfacts
0886054000742,openfacts
0886054000865,openfacts
0886054000902,openfacts
0886054001237,openfacts
0886054001244,openfacts
0886054001251,openfacts
0886054001282,openfacts
0886054001695,openfacts
0886054001701,openfacts
0886054001718,openfacts
0886054001770,openfacts
0886054001831,openfacts
0886054001916,openfacts
0886054001923,openfacts
0886054001930,openfacts
0886054001978,openfacts
0886054002005,openfacts
0886054002012,openfacts
0886054002029,openfacts
0886054002210,openfacts
0886054002241,openfacts
0886055606066,openfacts
0886060006370,openfacts
0886075000417,openfacts
0886078492240,openfacts
0886103000792,openfacts
0886111974900,openfacts
0886112778552,openfacts
0886175112034,openfacts
0886175112461,openfacts
0886175112560,openfacts
0886175112577,openfacts
0886175112591,openfacts
0886175112768,openfacts
0886175913020,openfacts
0886175913037,openfacts
0886189000006,openfacts
0886189000013,openfacts
0886189000037,openfacts
0886189000211,openfacts
0886192000185,openfacts
0886192000345,openfacts
0886193120097,openfacts
0886193130096,openfacts
0886193130102,openfacts
0886193140026,openfacts
0886193160017,openfacts
0886193900026,openfacts
0886193900033,openfacts
0886193920017,openfacts
0886193920024,openfacts
0886193920048,openfacts
0886193930023,openfacts
0886193950090,openfacts
0886195000168,openfacts
0886203000302,openfacts
0886203000760,openfacts
0886203002429,openfacts
0886203002436,openfacts
0886208111454,openfacts
0886208133227,openfacts
0886208142106,openfacts
0886208212458,openfacts
0886211970239,openfacts
0886233696605,openfacts
0886260789431,openfacts
0886263000021,openfacts
0886263000038,openfacts
0886263000045,openfacts
0886263000052,openfacts
0886263000069,openfacts
0886263000076,openfacts
0886263000120,openfacts
0886263000137,openfacts
0886263000151,openfacts
0886264000778,openfacts
0886264883029,openfacts
0886267005015,openfacts
0886274012020,openfacts
0886284321402,openfacts
0886284471176,openfacts
0886284901147,openfacts
0886287000014,openfacts
0886287000595,openfacts
0886287000601,openfacts
0886287000632,openfacts
0886287000694,openfacts
0886287000748,openfacts
0886287000762,openfacts
0886287000823,openfacts
0886294000007,openfacts
0886294000021,openfacts
0886296548354,openfacts
0886303210540,openfacts
0886355632840,openfacts
0886400619826,openfacts
0886415090290,openfacts
0886441178986,openfacts
0886460304571,openfacts
0886460764917,openfacts
0886474600249,openfacts
0886488000127,openfacts
0886488000233,openfacts
0886488000257,openfacts
0886488000431,openfacts
0886488000585,openfacts
0886488000714,openfacts
0886490291216,openfacts
0886495660642,openfacts
0886509821366,openfacts
0886518000097,openfacts
0886518000141,openfacts
0886518000189,openfacts
0886518000301,openfacts
0886518000349,openfacts
0886518000431,openfacts
0886518000448,openfacts
0886518000455,openfacts
0886518000462,openfacts
0886518000479,openfacts
0886518000486,openfacts
0886518000493,openfacts
0886518000615,openfacts
0886518000622,openfacts
0886518000646,openfacts
0886518000660,openfacts
0886518000677,openfacts
0886518000691,openfacts
0886518000707,openfacts
0886518000714,openfacts
0886518000936,openfacts
0886518000943,openfacts
0886518000967,openfacts
0886518000974,openfacts
0886518000981,openfacts
0886518000998,openfacts
0886518094034,openfacts
0886526270024,openfacts
0886550700559,openfacts
0886552000039,openfacts
0886570000318,openfacts
0886576030449,openfacts
0886605000412,openfacts
0886617001483,openfacts
0886617002183,openfacts
0886617004705,openfacts
0886622047483,openfacts
0886623020072,openfacts
0886629000047,openfacts
0886633943927,openfacts
0886635000031,openfacts
0886635000109,openfacts
0886635001236,openfacts
0886646010807,openfacts
0886646020073,openfacts
0886646020219,openfacts
0886646050131,openfacts
0886646061007,openfacts
0886646061052,openfacts
0886646061229,openfacts
0886646061274,openfacts
0886646501848,openfacts
0886646501879,openfacts
0886646501954,openfacts
0886646501978,openfacts
0886646502050,openfacts
0886646502197,openfacts
0886646502500,openfacts
0886646502753,openfacts
0886646502791,openfacts
0886646503019,openfacts
0886646503071,openfacts
0886646503439,openfacts
0886646503446,openfacts
0886646509035,openfacts
0886647377015,openfacts
0886655121334,openfacts
0886661880218,openfacts
0886665700680,openfacts
0886668001807,openfacts
0886668002101,openfacts
0886668002422,openfacts
0886668002958,openfacts
0886668004198,openfacts
0886668004495,openfacts
0886668004518,openfacts
0886668004662,openfacts
0886668004723,openfacts
0886674000009,openfacts
0886680018777,openfacts
0886706009857,openfacts
0886706013052,openfacts
0886721001065,openfacts
0886721039747,openfacts
0886721040019,openfacts
0886721049371,openfacts
0886721054047,openfacts
0886721059967,openfacts
0886721060222,openfacts
0886721066156,openfacts
0886721067849,openfacts
0886721073482,openfacts
0886721085010,openfacts
0886721086390,openfacts
0886721086406,openfacts
0886721101536,openfacts
0886721107200,openfacts
0886721115212,openfacts
0886721140108,openfacts
0886721145264,openfacts
0886721145363,openfacts
0886721146100,openfacts
0886721149613,openfacts
0886721151746,openfacts
0886721151753,openfacts
0886721153924,openfacts
0886721157090,openfacts
0886721160052,openfacts
0886721169246,openfacts
0886721179399,openfacts
0886721190172,openfacts
0886721202394,openfacts
0886721204183,openfacts
0886721228462,openfacts
0886721228738,openfacts
0886721229575,openfacts
0886721236832,openfacts
0886721237709,openfacts
0886721250708,openfacts
0886721261988,openfacts
0886721262060,openfacts
0886721262633,openfacts
0886721273141,openfacts
0886721276333,openfacts
0886721276395,openfacts
0886721300908,openfacts
0886721303978,openfacts
0886721340508,openfacts
0886721346241,openfacts
0886721350477,openfacts
0886721350897,openfacts
0886721350910,openfacts
0886721356646,openfacts
0886721397533,openfacts
0886721411048,openfacts
0886721417613,openfacts
0886721426059,openfacts
0886721430483,openfacts
0886721452126,openfacts
0886721456353,openfacts
0886721463160,openfacts
0886721463580,openfacts
0886721472971,openfacts
0886721482079,openfacts
0886721482314,openfacts
0886721496205,openfacts
0886721497004,openfacts
0886721500544,openfacts
0886721500803,openfacts
0886721504337,openfacts
0886721515388,openfacts
0886721518532,openfacts
0886721521723,openfacts
0886721523079,openfacts
0886721525691,openfacts
0886721529002,openfacts
0886721537816,openfacts
0886721542377,openfacts
0886721542780,openfacts
0886721545767,openfacts
0886721554585,openfacts
0886721556565,openfacts
0886721557555,openfacts
0886721558729,openfacts
0886721560845,openfacts
0886721570738,openfacts
0886721579328,openfacts
0886721582779,openfacts
0886721585220,openfacts
0886721604402,openfacts
0886721607229,openfacts
0886721629528,openfacts
0886721631859,openfacts
0886721646495,openfacts
0886721648871,openfacts
0886721665793,openfacts
0886721677352,openfacts
0886721704171,openfacts
0886721704928,openfacts
0886721705826,openfacts
0886721719052,openfacts
0886721727057,openfacts
0886721765738,openfacts
0886721773931,openfacts
0886721804376,openfacts
0886721809173,openfacts
0886721811541,openfacts
0886721821274,openfacts
0886721831662,openfacts
0886721831891,openfacts
0886721832799,openfacts
0886721833673,openfacts
0886721854012,openfacts
0886721854098,openfacts
0886721854173,openfacts
0886721856221,openfacts
0886721862086,openfacts
0886721866817,openfacts
0886721867524,openfacts
0886721868002,openfacts
0886721875246,openfacts
0886721879428,openfacts
0886721886372,openfacts
0886721892748,openfacts
0886721908951,openfacts
0886721909231,openfacts
0886721911067,openfacts
0886721915300,openfacts
0886721918240,openfacts
0886721954705,openfacts
0886721956563,openfacts
0886721963615,openfacts
0886721968818,openfacts
0886727001076,openfacts
0886727001236,openfacts
0886727001335,openfacts
0886727001830,openfacts
0886727001878,openfacts
0886727003056,openfacts
0886727003292,openfacts
0886727003773,openfacts
0886727003780,openfacts
0886727003896,openfacts
0886727003919,openfacts
0886727004053,openfacts
0886727004060,openfacts
0886727004169,openfacts
0886727004343,openfacts
0886767401812,openfacts
0886767722542,openfacts
0886786006555,openfacts
0886786006623,openfacts
0886786007828,openfacts
0886786008177,openfacts
0886786008184,openfacts
0886786008191,openfacts
0886786008207,openfacts
0886786008535,openfacts
0886786011412,openfacts
0886786017667,openfacts
0886786017780,openfacts
0886786018053,openfacts
0886786020889,openfacts
0886786020902,openfacts
0886786020926,openfacts
0886786020964,openfacts
0886786021046,openfacts
0886786023019,openfacts
0886786023064,openfacts
0886786023200,openfacts
0886786024238,openfacts
0886786024290,openfacts
0886786024313,openfacts
0886786024351,openfacts
0886786024368,openfacts
0886786024450,openfacts
0886786026997,openfacts
0886786027055,openfacts
0886786027062,openfacts
0886786029455,openfacts
0886786029479,openfacts
0886786029578,openfacts
0886786029592,openfacts
0886786029615,openfacts
0886786030864,openfacts
0886786030888,openfacts
0886786030918,openfacts
0886786030932,openfacts
0886786030956,openfacts
0886786031014,openfacts
0886786031038,openfacts
0886786031915,openfacts
0886786033179,openfacts
0886786033186,openfacts
0886786033193,openfacts
0886786033209,openfacts
0886786039720,openfacts
0886786040443,openfacts
0886786040450,openfacts
0886786040511,openfacts
0886786040535,openfacts
0886786040559,openfacts
0886786040580,openfacts
0886786041860,openfacts
0886786041884,openfacts
0886786041891,openfacts
0886786041907,openfacts
0886786041938,openfacts
0886786041969,openfacts
0886786044465,openfacts
0886786044496,openfacts
0886786044519,openfacts
0886786044533,openfacts
0886786044557,openfacts
0886786044571,openfacts
0886786044595,openfacts
0886786045998,openfacts
0886786051890,openfacts
0886786051906,openfacts
0886786051913,openfacts
0886786051937,openfacts
0886786051951,openfacts
0886786052408,openfacts
0886786052637,openfacts
0886786055225,openfacts
0886786055232,openfacts
0886786055249,openfacts
0886786703607,openfacts
0886786705380,openfacts
0886786705403,openfacts
0886786705410,openfacts
0886790013389,openfacts
0886790018872,openfacts
0886790019602,openfacts
0886790119913,openfacts
0886790121701,openfacts
0886790142409,openfacts
0886790162803,openfacts
0886790211907,openfacts
0886790213802,openfacts
0886790216209,openfacts
0886790218302,openfacts
0886790257530,openfacts
0886790326519,openfacts
0886790326540,openfacts
0886790326649,openfacts
0886790326700,openfacts
0886790326731,openfacts
0886790326779,openfacts
0886790327028,openfacts
0886790327158,openfacts
0886790327189,openfacts
0886790738954,openfacts
0886798024882,openfacts
0886798038223,openfacts
0886798909585,openfacts
0886798909608,openfacts
0886798909615,openfacts
0886804080109,openfacts
0886804140148,openfacts
0886804140971,openfacts
0886805000007,openfacts
0886806000136,openfacts
0886806000150,openfacts
0886806000327,openfacts
0886810812046,openfacts
0886811240084,openfacts
0886817000293,openfacts
0886817004215,openfacts
0886817005250,openfacts
0886817006288,openfacts
0886817006301,openfacts
0886817008435,openfacts
0886822039042,openfacts
0886822066284,openfacts
0886822066383,openfacts
0886822888893,openfacts
0886844014621,openfacts
0886844017127,openfacts
0886844027010,openfacts
0886844027126,openfacts
0886844047124,openfacts
0886844057123,openfacts
0886844105305,openfacts
0886844105428,openfacts
0886844105466,openfacts
0886844106210,openfacts
0886844109105,openfacts
0886844201465,openfacts
0886844206217,openfacts
0886844207108,openfacts
0886844207153,openfacts
0886844207207,openfacts
0886844209102,openfacts
0886844308102,openfacts
0886844401421,openfacts
0886844500186,openfacts
0886844508106,openfacts
0886844508151,openfacts
0886844509103,openfacts
0886844517108,openfacts
0886850910009,openfacts
0886854073045,openfacts
0886860134334,openfacts
0886860258078,openfacts
0886860290962,openfacts
0886860684785,openfacts
0886866000015,openfacts
0886866000022,openfacts
0886866000039,openfacts
0886866000084,openfacts
0886866000107,openfacts
0886866000640,openfacts
0886866000657,openfacts
0886866000992,openfacts
0886866001012,openfacts
0886866001050,openfacts
0886866001074,openfacts
0886866001081,openfacts
0886866001098,openfacts
0886866001159,openfacts
0886866001166,openfacts
0886866001180,openfacts
0886866001241,openfacts
0886866001265,openfacts
0886866001425,openfacts
0886866001456,openfacts
0886866001531,openfacts
0886866001548,openfacts
0886866001555,openfacts
0886903487496,openfacts
0886912409342,openfacts
0886926011081,openfacts
0886926012088,openfacts
0886926012095,openfacts
0886926012101,openfacts
0886926012118,openfacts
0886926012125,openfacts
0886926012170,openfacts
0886926012187,openfacts
0886926012194,openfacts
0886926012200,openfacts
0886926012217,openfacts
0886926012309,openfacts
0886926012323,openfacts
0886926014112,openfacts
0886926014136,openfacts
0886926014143,openfacts
0886926014150,openfacts
0886926014167,openfacts
0886926014174,openfacts
0886926014181,openfacts
0886926014204,openfacts
0886926014211,openfacts
0886926014228,openfacts
0886926014235,openfacts
0886926035711,openfacts
0886926035728,openfacts
0886926035735,openfacts
0886926035742,openfacts
0886926035759,openfacts
0886926035766,openfacts
0886926037753,openfacts
0886926037838,openfacts
0886926045550,openfacts
0886926045567,openfacts
0886926045574,openfacts
0886926045581,openfacts
0886926045604,openfacts
0886926045635,openfacts
0886926045642,openfacts
0886926045697,openfacts
0886926045734,openfacts
0886926045765,openfacts
0886926045826,openfacts
0886926045833,openfacts
0886926045840,openfacts
0886926045857,openfacts
0886926045864,openfacts
0886926045871,openfacts
0886926045925,openfacts
0886926056891,openfacts
0886926058499,openfacts
0886926120608,openfacts
0886926124125,openfacts
0886926124149,openfacts
0886926124255,openfacts
0886926124262,openfacts
0886926124293,openfacts
0886926124330,openfacts
0886926145878,openfacts
0886926145885,openfacts
0886926145892,openfacts
0886926153187,openfacts
0886926153194,openfacts
0886926153200,openfacts
0886926155716,openfacts
0886926155723,openfacts
0886926155730,openfacts
0886926155747,openfacts
0886926169898,openfacts
0886926170009,openfacts
0886926170184,openfacts
0886926170207,openfacts
0886926172393,openfacts
0886926172409,openfacts
0886926172416,openfacts
0886926172430,openfacts
0886926172461,openfacts
0886926172485,openfacts
0886926172508,openfacts
0886926172522,openfacts
0886926172560,openfacts
0886926172577,openfacts
0886926172584,openfacts
0886926183351,openfacts
0886926183368,openfacts
0886926183375,openfacts
0886926185836,openfacts
0886926197822,openfacts
0886926197839,openfacts
0886926197853,openfacts
0886926197884,openfacts
0886926197891,openfacts
0886926197914,openfacts
0886926197938,openfacts
0886926197952,openfacts
0886926197976,openfacts
0886926197990,openfacts
0886926198003,openfacts
0886926198041,openfacts
0886926203271,openfacts
0886926203295,openfacts
0886926203301,openfacts
0886926203394,openfacts
0886926203400,openfacts
0886926203417,openfacts
0886926203424,openfacts
0886926203448,openfacts
0886926203462,openfacts
0886926207248,openfacts
0886926207255,openfacts
0886926207262,openfacts
0886926207279,openfacts
0886926207286,openfacts
0886926214802,openfacts
0886926216721,openfacts
0886926216738,openfacts
0886926216745,openfacts
0886926216752,openfacts
0886926216769,openfacts
0886926216776,openfacts
0886926216783,openfacts
0886926216790,openfacts
0886926216806,openfacts
0886926216813,openfacts
0886926216820,openfacts
0886926216837,openfacts
0886926216844,openfacts
0886926216851,openfacts
0886926216868,openfacts
0886926216875,openfacts
0886926216882,openfacts
0886926216899,openfacts
0886926216905,openfacts
0886926216912,openfacts
0886926216929,openfacts
0886926216943,openfacts
0886926216950,openfacts
0886926216967,openfacts
0886926216974,openfacts
0886926216981,openfacts
0886926216998,openfacts
0886926217001,openfacts
0886926217018,openfacts
0886926217100,openfacts
0886926236972,openfacts
0886926236989,openfacts
0886926262285,openfacts
0886926275575,openfacts
0886926275674,openfacts
0886926275681,openfacts
0886926275704,openfacts
0886926275711,openfacts
0886926275735,openfacts
0886926275742,openfacts
0886926275766,openfacts
0886926275773,openfacts
0886926277241,openfacts
0886926292640,openfacts
0886926292657,openfacts
0886926292664,openfacts
0886926292671,openfacts
0886926292688,openfacts
0886926292695,openfacts
0886926292701,openfacts
0886926292718,openfacts
0886926292725,openfacts
0886926292732,openfacts
0886926296594,openfacts
0886926296631,openfacts
0886926296648,openfacts
0886926296686,openfacts
0886926296693,openfacts
0886926352054,openfacts
0886926377569,openfacts
0886926377576,openfacts
0886926377583,openfacts
0886926377590,openfacts
0886926377613,openfacts
0886926377620,openfacts
0886926377637,openfacts
0886926377644,openfacts
0886926377668,openfacts
0886926377682,openfacts
0886926377699,openfacts
0886926380620,openfacts
0886926380774,openfacts
0886926380781,openfacts
0886926380811,openfacts
0886926380828,openfacts
0886926380866,openfacts
0886926387544,openfacts
0886926387551,openfacts
0886926459302,openfacts
0886926467901,openfacts
0886926468762,openfacts
0886926468779,openfacts
0886926468816,openfacts
0886926468847,openfacts
0886926468854,openfacts
0886926468878,openfacts
0886926468892,openfacts
0886926468908,openfacts
0886926468922,openfacts
0886926468960,openfacts
0886926468977,openfacts
0886926484359,openfacts
0886926484366,openfacts
0886926484373,openfacts
0886926484380,openfacts
0886926497458,openfacts
0886926497465,openfacts
0886926497472,openfacts
0886926497489,openfacts
0886926497496,openfacts
0886926497502,openfacts
0886926497519,openfacts
0886926497656,openfacts
0886926497687,openfacts
0886926497694,openfacts
0886926497700,openfacts
0886926497717,openfacts
0886926497724,openfacts
0886926497731,openfacts
0886926497755,openfacts
0886926497762,openfacts
0886926497779,openfacts
0886926497786,openfacts
0886926497793,openfacts
0886926497809,openfacts
0886926511239,openfacts
0886926511246,openfacts
0886926511253,openfacts
0886926511260,openfacts
0886926548365,openfacts
0886926579802,openfacts
0886926579901,openfacts
0886926820805,openfacts
0886926820812,openfacts
0886926844382,openfacts
0886926844399,openfacts
0886930000293,openfacts
0886930000323,openfacts
0886930004369,openfacts
0886930005687,openfacts
0886934000091,openfacts
0886934000329,openfacts
0886934000343,openfacts
0886934000374,openfacts
0886934000404,openfacts
0886934000411,openfacts
0886934000541,openfacts
0886934000749,openfacts
0886934000879,openfacts
0886934000923,openfacts
0886934000961,openfacts
0886934000985,openfacts
0886934001081,openfacts
0886934001098,openfacts
0886934001104,openfacts
0886934001111,openfacts
0886934001128,openfacts
0886934001180,openfacts
0886934001197,openfacts
0886934001289,openfacts
0886934001319,openfacts
0886934001326,openfacts
0886934001333,openfacts
0886934001357,openfacts
0886934001449,openfacts
0886934001494,openfacts
0886934001531,openfacts
0886934001548,openfacts
0886934001562,openfacts
0886934001579,openfacts
0886934503868,openfacts
0886934503905,openfacts
0886934504650,openfacts
0886936035718,openfacts
0886946138911,openfacts
0886946294273,openfacts
0886946297212,openfacts
0886946304958,openfacts
0886946374630,openfacts
0886946493270,openfacts
0886946882449,openfacts
0886946898143,openfacts
0886946951848,openfacts
0886946958328,openfacts
0886952780401,openfacts
0886955612099,openfacts
0886970912525,openfacts
0886977908620,openfacts
0886978676023,openfacts
0886985000101,openfacts
0886985000347,openfacts
0886985001054,openfacts
0886985008985,openfacts
0886990001421,openfacts
0886994405676,openfacts
0886994531122,openfacts
0887000044407,openfacts
0887009283593,openfacts
0887017210932,openfacts
0887021000024,openfacts
0887021000062,openfacts
0887022176841,openfacts
0887029004574,openfacts
0887051000025,openfacts
0887058704643,openfacts
0887058706012,openfacts
0887058706029,openfacts
0887089100032,openfacts
0887089105136,openfacts
0887089106027,openfacts
0887089106102,openfacts
0887103010170,openfacts
0887105003057,openfacts
0887110761300,openfacts
0887114600070,openfacts
0887123030622,openfacts
0887123053089,openfacts
0887123060599,openfacts
0887123060605,openfacts
0887123060612,openfacts
0887123060643,openfacts
0887123060667,openfacts
0887123061800,openfacts
0887123065709,openfacts
0887123065716,openfacts
0887123066010,openfacts
0887123067031,openfacts
0887123067208,openfacts
0887123067215,openfacts
0887123067437,openfacts
0887123068311,openfacts
0887123068502,openfacts
0887123069080,openfacts
0887123069097,openfacts
0887123146316,openfacts
0887123265994,openfacts
0887123266021,openfacts
0887123669723,openfacts
0887123669822,openfacts
0887123669921,openfacts
0887123670125,openfacts
0887123670323,openfacts
0887123671023,openfacts
0887123671122,openfacts
0887123671320,openfacts
0887123681527,openfacts
0887123683125,openfacts
0887123766972,openfacts
0887123767016,openfacts
0887123767023,openfacts
0887123767030,openfacts
0887123767139,openfacts
0887132003761,openfacts
0887134000522,openfacts
0887134000591,openfacts
0887134000713,openfacts
0887134000829,openfacts
0887134001758,openfacts
0887134001925,openfacts
0887134002069,openfacts
0887134002090,openfacts
0887134002366,openfacts
0887134002397,openfacts
0887134002540,openfacts
0887151001137,openfacts
0887151004220,openfacts
0887167142534,openfacts
0887167147751,openfacts
0887167157330,openfacts
0887167189942,openfacts
0887167222243,openfacts
0887167223769,openfacts
0887167279995,openfacts
0887167327665,openfacts
0887167368637,openfacts
0887167381872,openfacts
0887167388505,openfacts
0887167393271,openfacts
0887167425958,openfacts
0887167428171,openfacts
0887167451810,openfacts
0887167466135,openfacts
0887167466821,openfacts
0887167467477,openfacts
0887167485471,openfacts
0887167485488,openfacts
0887167485495,openfacts
0887167485525,openfacts
0887167500235,openfacts
0887167500280,openfacts
0887167514386,openfacts
0887167525054,openfacts
0887167539532,openfacts
0887167539549,openfacts
0887167539563,openfacts
0887167539587,openfacts
0887167558366,openfacts
0887167558496,openfacts
0887167558700,openfacts
0887167582873,openfacts
0887167582897,openfacts
0887167588509,openfacts
0887167608139,openfacts
0887167608641,openfacts
0887167612341,openfacts
0887167612563,openfacts
0887167614956,openfacts
0887167615434,openfacts
0887167615496,openfacts
0887167616844,openfacts
0887167618367,openfacts
0887167618527,openfacts
0887167665781,openfacts
0887167681293,openfacts
0887167705975,openfacts
0887167728479,openfacts
0887167812437,openfacts
0887167812444,openfacts
0887167812468,openfacts
0887167812475,openfacts
0887186500254,openfacts
0887186500261,openfacts
0887186500278,openfacts
0887186500285,openfacts
0887186500292,openfacts
0887200000074,openfacts
0887214001104,openfacts
0887214006611,openfacts
0887214035475,openfacts
0887214108834,openfacts
0887214145488,openfacts
0887219402272,openfacts
0887223553168,openfacts
0887225841379,openfacts
0887229593069,openfacts
0887241584502,openfacts
0887241796721,openfacts
0887241796783,openfacts
0887241809452,openfacts
0887241832757,openfacts
0887241834409,openfacts
0887241834515,openfacts
0887241835284,openfacts
0887241837158,openfacts
0887241837592,openfacts
0887241837707,openfacts
0887241839244,openfacts
0887241842541,openfacts
0887241842763,openfacts
0887241843098,openfacts
0887241843531,openfacts
0887241843869,openfacts
0887241845405,openfacts
0887241845511,openfacts
0887241845627,openfacts
0887241845849,openfacts
0887241848925,openfacts
0887241890115,openfacts
0887241890887,openfacts
0887241891105,openfacts
0887241891211,openfacts
0887241891433,openfacts
0887241892645,openfacts
0887256024413,openfacts
0887256110376,openfacts
0887267000017,openfacts
0887267000031,openfacts
0887267000086,openfacts
0887267009331,openfacts
0887271000096,openfacts
0887271000423,openfacts
0887271000478,openfacts
0887276301266,openfacts
0887276455358,openfacts
0887276590462,openfacts
0887276631929,openfacts
0887284010013,openfacts
0887284010020,openfacts
0887284010037,openfacts
0887284010051,openfacts
0887284010068,openfacts
0887284010075,openfacts
0887284010105,openfacts
0887284010112,openfacts
0887284010143,openfacts
0887284010150,openfacts
0887284010181,openfacts
0887284010273,openfacts
0887284010327,openfacts
0887284010334,openfacts
0887284010372,openfacts
0887284010433,openfacts
0887284010471,openfacts
0887284010525,openfacts
0887284010709,openfacts
0887284010747,openfacts
0887284010754,openfacts
0887284010860,openfacts
0887284010877,openfacts
0887284010884,openfacts
0887284010990,openfacts
0887289052117,openfacts
0887294309114,openfacts
0887294508647,openfacts
0887295004919,openfacts
0887295004957,openfacts
0887295004964,openfacts
0887295004988,openfacts
0887298022033,openfacts
0887298023016,openfacts
0887298023023,openfacts
0887298023030,openfacts
0887298023061,openfacts
0887309014422,openfacts
0887314000052,openfacts
0887314000328,openfacts
0887334000063,openfacts
0887335151573,openfacts
0887335151603,openfacts
0887335151627,openfacts
0887335151634,openfacts
0887335151665,openfacts
0887335151672,openfacts
0887335158510,openfacts
0887341340060,openfacts
0887341340077,openfacts
0887344555720,openfacts
0887370033346,openfacts
0887374032406,openfacts
0887379009380,openfacts
0887422000005,openfacts
0887422000067,openfacts
0887422000081,openfacts
0887422000098,openfacts
0887422000210,openfacts
0887422000227,openfacts
0887422000258,openfacts
0887422000265,openfacts
0887422000272,openfacts
0887422000364,openfacts
0887422000388,openfacts
0887422000395,openfacts
0887422000425,openfacts
0887422000494,openfacts
0887422000586,openfacts
0887422000609,openfacts
0887422000715,openfacts
0887423113780,openfacts
0887434000055,openfacts
0887434001526,openfacts
0887434001533,openfacts
0887434001564,openfacts
0887434002189,openfacts
0887434002608,openfacts
0887434003889,openfacts
0887434007009,openfacts
0887434007016,openfacts
0887434007412,openfacts
0887434007443,openfacts
0887434009607,openfacts
0887434009638,openfacts
0887434010245,openfacts
0887434011464,openfacts
0887434013406,openfacts
0887434040211,openfacts
0887434040242,openfacts
0887434088381,openfacts
0887434115681,openfacts
0887434300506,openfacts
0887434300513,openfacts
0887434300520,openfacts
0887434310413,openfacts
0887434310475,openfacts
0887434310529,openfacts
0887434404518,openfacts
0887441009447,openfacts
0887443102009,openfacts
0887443102092,openfacts
0887443112022,openfacts
0887443112039,openfacts
0887443112053,openfacts
0887443113760,openfacts
0887443113869,openfacts
0887443113968,openfacts
0887443113999,openfacts
0887443114019,openfacts
0887443114026,openfacts
0887443114033,openfacts
0887443115009,openfacts
0887443115016,openfacts
0887443115023,openfacts
0887443115030,openfacts
0887443115054,openfacts
0887443115504,openfacts
0887443115511,openfacts
0887443115528,openfacts
0887443115535,openfacts
0887443121185,openfacts
0887443121192,openfacts
0887443121277,openfacts
0887443121284,openfacts
0887443121307,openfacts
0887443121352,openfacts
0887443121369,openfacts
0887443121376,openfacts
0887443125657,openfacts
0887443125664,openfacts
0887443125671,openfacts
0887443125695,openfacts
0887443136035,openfacts
0887443201146,openfacts
0887443201238,openfacts
0887443301037,openfacts
0887443301068,openfacts
0887443301075,openfacts
0887443613499,openfacts
0887443613512,openfacts
0887443613529,openfacts
0887445223528,openfacts
0887445321620,openfacts
0887447000288,openfacts
0887447003685,openfacts
0887456164117,openfacts
0887456164124,openfacts
0887456164162,openfacts
0887456164179,openfacts
0887456164186,openfacts
0887462000003,openfacts
0887462000041,openfacts
0887462000416,openfacts
0887462000508,openfacts
0887462000713,openfacts
0887462000768,openfacts
0887462000973,openfacts
0887480026825,openfacts
0887487818171,openfacts
0887512310823,openfacts
0887521109937,openfacts
0887542000275,openfacts
0887542024882,openfacts
0887542025629,openfacts
0887542025919,openfacts
0887563281240,openfacts
0887567011010,openfacts
0887567012017,openfacts
0887575000266,openfacts
0887579027375,openfacts
0887588603041,openfacts
0887588660204,openfacts
0887588660303,openfacts
0887588660600,openfacts
0887588902014,openfacts
0887588902021,openfacts
0887600059955,openfacts
0887638003784,openfacts
0887638110154,openfacts
0887642007419,openfacts
0887642008003,openfacts
0887643000105,openfacts
0887643000112,openfacts
0887643000136,openfacts
0887643000167,openfacts
0887643000365,openfacts
0887643000372,openfacts
0887643000488,openfacts
0887643000655,openfacts
0887643000693,openfacts
0887643000778,openfacts
0887643001003,openfacts
0887643001201,openfacts
0887643001218,openfacts
0887643001263,openfacts
0887643001331,openfacts
0887643001409,openfacts
0887643001836,openfacts
0887643001959,openfacts
0887643001973,openfacts
0887643002260,openfacts
0887661547736,openfacts
0887686079106,openfacts
0887686492707,openfacts
0887691001345,openfacts
0887719065489,openfacts
0887720000776,openfacts
0887720014223,openfacts
0887724001250,openfacts
0887724002110,openfacts
0887725000009,openfacts
0887725000016,openfacts
0887725000030,openfacts
0887725000047,openfacts
0887725000054,openfacts
0887725000061,openfacts
0887725000146,openfacts
0887725000252,openfacts
0887725000337,openfacts
0887725000412,openfacts
0887725000429,openfacts
0887725000436,openfacts
0887725000450,openfacts
0887725000498,openfacts
0887725000504,openfacts
0887725000542,openfacts
0887725000658,openfacts
0887725000665,openfacts
0887725000702,openfacts
0887725000740,openfacts
0887725000849,openfacts
0887725000863,openfacts
0887725000870,openfacts
0887725000887,openfacts
0887725000917,openfacts
0887725000924,openfacts
0887725000979,openfacts
0887725000993,openfacts
0887725001013,openfacts
0887725001280,openfacts
0887725001297,openfacts
0887725001303,openfacts
0887725001310,openfacts
0887725001327,openfacts
0887725001358,openfacts
0887725001365,openfacts
0887725001396,openfacts
0887725001402,openfacts
0887725001419,openfacts
0887725001426,openfacts
0887725001488,openfacts
0887725001495,openfacts
0887725001525,openfacts
0887725001532,openfacts
0887725001556,openfacts
0887725001563,openfacts
0887725001570,openfacts
0887725001587,openfacts
0887725001716,openfacts
0887725001723,openfacts
0887725001778,openfacts
0887725001808,openfacts
0887725001815,openfacts
0887725001822,openfacts
0887725001846,openfacts
0887725001853,openfacts
0887725001877,openfacts
0887725002065,openfacts
0887725002072,openfacts
0887725002102,openfacts
0887725002157,openfacts
0887725002171,openfacts
0887725002317,openfacts
0887725002416,openfacts
0887725002423,openfacts
0887725002522,openfacts
0887725030013,openfacts
0887729016068,openfacts
0887732893700,openfacts
0887732894004,openfacts
0887747063150,openfacts
0887751100186,openfacts
0887751512880,openfacts
0887751519018,openfacts
0887762009379,openfacts
0887768409975,openfacts
0887768756895,openfacts
0887768802011,openfacts
0887777111111,openfacts
0887784440044,openfacts
0887791401243,openfacts
0887833440193,openfacts
0887844110146,openfacts
0887844120145,openfacts
0887844130182,openfacts
0887844610011,openfacts
0887850712259,openfacts
0887850727673,openfacts
0887857000045,openfacts
0887883092687,openfacts
0887901000014,openfacts
0887901000038,openfacts
0887910000050,openfacts
0887910000104,openfacts
0887930418729,openfacts
0887930419894,openfacts
0887930423839,openfacts
0887930424522,openfacts
0887930427486,openfacts
0887930427509,openfacts
0887930427776,openfacts
0887930635409,openfacts
0887930952001,openfacts
0887930952872,openfacts
0887942927257,openfacts
0887961086324,openfacts
0887961168679,openfacts
0887961301847,openfacts
0887961403473,openfacts
0887961497397,openfacts
0887961629385,openfacts
0887961721843,openfacts
0887961751062,openfacts
0887961817577,openfacts
0887961818314,openfacts
0887961977127,openfacts
0887967555527,openfacts
0887977013116,openfacts
0887977023108,openfacts
0887988600480,openfacts
0888000000721,openfacts
0888001907036,openfacts
0888004016964,openfacts
0888005924732,openfacts
0888005925128,openfacts
0888005925401,openfacts
0888005925463,openfacts
0888006012001,openfacts
0888006020006,openfacts
0888006600918,openfacts
0888025524240,openfacts
0888032501012,openfacts
0888040710123,openfacts
0888045000038,openfacts
0888045000083,openfacts
0888045000182,openfacts
0888045000199,openfacts
0888045000267,openfacts
0888045000298,openfacts
0888045000304,openfacts
0888045000335,openfacts
0888045000373,openfacts
0888045000410,openfacts
0888045000434,openfacts
0888045000458,openfacts
0888046000006,openfacts
0888046000037,openfacts
0888046000044,openfacts
0888048000011,openfacts
0888048000035,openfacts
0888048000042,openfacts
0888048000059,openfacts
0888048000073,openfacts
0888048000097,openfacts
0888048000103,openfacts
0888048000110,openfacts
0888048000264,openfacts
0888048000271,openfacts
0888048000288,openfacts
0888048000295,openfacts
0888048000301,openfacts
0888048000318,openfacts
0888048000349,openfacts
0888048000400,openfacts
0888048000424,openfacts
0888048000523,openfacts
0888048000578,openfacts
0888048000585,openfacts
0888048000592,openfacts
0888048000615,openfacts
0888048000639,openfacts
0888048000653,openfacts
0888048000677,openfacts
0888048000684,openfacts
0888048000691,openfacts
0888048000714,openfacts
0888048000721,openfacts
0888048000738,openfacts
0888048000745,openfacts
0888048000769,openfacts
0888048000776,openfacts
0888048000813,openfacts
0888048000820,openfacts
0888048000837,openfacts
0888048000844,openfacts
0888048000929,openfacts
0888048001414,openfacts
0888048003043,openfacts
0888048003098,openfacts
0888048004033,openfacts
0888048010614,openfacts
0888048010621,openfacts
0888048090012,openfacts
0888048100018,openfacts
0888048100025,openfacts
0888048100032,openfacts
0888048100049,openfacts
0888048100094,openfacts
0888048100100,openfacts
0888048100155,openfacts
0888048100315,openfacts
0888048100520,openfacts
0888048200411,openfacts
0888048200503,openfacts
0888048300418,openfacts
0888048300425,openfacts
0888048300814,openfacts
0888048301217,openfacts
0888051570082,openfacts
0888066075084,openfacts
0888066086011,openfacts
0888066103909,openfacts
0888067705874,openfacts
0888070000010,openfacts
0888070000027,openfacts
0888070000034,openfacts
0888070000041,openfacts
0888070000065,openfacts
0888070000096,openfacts
0888070000102,openfacts
0888070000119,openfacts
0888070000133,openfacts
0888070000157,openfacts
0888070000164,openfacts
0888070000171,openfacts
0888070000324,openfacts
0888070000331,openfacts
0888070000409,openfacts
0888070000508,openfacts
0888070000515,openfacts
0888070000706,openfacts
0888070001000,openfacts
0888070001215,openfacts
0888070002151,openfacts
0888070002168,openfacts
0888072000124,openfacts
0888072359017,openfacts
0888085000197,openfacts
0888096140103,openfacts
0888101005519,openfacts
0888109000011,openfacts
0888109000028,openfacts
0888109000059,openfacts
0888109000103,openfacts
0888109000110,openfacts
0888109000356,openfacts
0888109000400,openfacts
0888109000417,openfacts
0888109000523,openfacts
0888109000837,openfacts
0888109000851,openfacts
0888109000868,openfacts
0888109000967,openfacts
0888109000974,openfacts
0888109001100,openfacts
0888109010010,openfacts
0888109010027,openfacts
0888109010034,openfacts
0888109010041,openfacts
0888109010058,openfacts
0888109010065,openfacts
0888109010072,openfacts
0888109010089,openfacts
0888109010096,openfacts
0888109010102,openfacts
0888109010119,openfacts
0888109010164,openfacts
0888109010171,openfacts
0888109010225,openfacts
0888109010232,openfacts
0888109010492,openfacts
0888109010508,openfacts
0888109010515,openfacts
0888109010522,openfacts
0888109010539,openfacts
0888109010546,openfacts
0888109010553,openfacts
0888109010560,openfacts
0888109010669,openfacts
0888109010676,openfacts
0888109010683,openfacts
0888109010690,openfacts
0888109010713,openfacts
0888109010720,openfacts
0888109010782,openfacts
0888109010799,openfacts
0888109010812,openfacts
0888109010829,openfacts
0888109010867,openfacts
0888109010904,openfacts
0888109010911,openfacts
0888109010942,openfacts
0888109010966,openfacts
0888109010973,openfacts
0888109011000,openfacts
0888109011017,openfacts
0888109011024,openfacts
0888109011031,openfacts
0888109011048,openfacts
0888109011055,openfacts
0888109011062,openfacts
0888109011079,openfacts
0888109011154,openfacts
0888109011192,openfacts
0888109011215,openfacts
0888109011253,openfacts
0888109011260,openfacts
0888109011352,openfacts
0888109011369,openfacts
0888109011451,openfacts
0888109011468,openfacts
0888109011475,openfacts
0888109011482,openfacts
0888109011499,openfacts
0888109011505,openfacts
0888109011512,openfacts
0888109011529,openfacts
0888109011536,openfacts
0888109011543,openfacts
0888109011550,openfacts
0888109011567,openfacts
0888109011574,openfacts
0888109011581,openfacts
0888109011598,openfacts
0888109011604,openfacts
0888109011611,openfacts
0888109011628,openfacts
0888109011635,openfacts
0888109011642,openfacts
0888109011673,openfacts
0888109011680,openfacts
0888109011697,openfacts
0888109011710,openfacts
0888109011741,openfacts
0888109011758,openfacts
0888109011765,openfacts
0888109011772,openfacts
0888109011796,openfacts
0888109011802,openfacts
0888109011819,openfacts
0888109011826,openfacts
0888109011833,openfacts
0888109011840,openfacts
0888109011857,openfacts
0888109011918,openfacts
0888109011949,openfacts
0888109011956,openfacts
0888109012021,openfacts
0888109012038,openfacts
0888109012069,openfacts
0888109012076,openfacts
0888109012106,openfacts
0888109012113,openfacts
0888109012137,openfacts
0888109012151,openfacts
0888109012168,openfacts
0888109012175,openfacts
0888109012182,openfacts
0888109012199,openfacts
0888109012205,openfacts
0888109012212,openfacts
0888109012229,openfacts
0888109012236,openfacts
0888109012243,openfacts
0888109012250,openfacts
0888109012274,openfacts
0888109012281,openfacts
0888109012311,openfacts
0888109012335,openfacts
0888109012359,openfacts
0888109012373,openfacts
0888109012380,openfacts
0888109012403,openfacts
0888109012410,openfacts
0888109012441,openfacts
0888109012458,openfacts
0888109012465,openfacts
0888109012472,openfacts
0888109012496,openfacts
0888109012502,openfacts
0888109012519,openfacts
0888109012526,openfacts
0888109012588,openfacts
0888109012595,openfacts
0888109012601,openfacts
0888109012618,openfacts
0888109012625,openfacts
0888109012632,openfacts
0888109012649,openfacts
0888109012670,openfacts
0888109012687,openfacts
0888109012694,openfacts
0888109012755,openfacts
0888109012793,openfacts
0888109012816,openfacts
0888109012878,openfacts
0888109012892,openfacts
0888109012915,openfacts
0888109012946,openfacts
0888109012953,openfacts
0888109031442,openfacts
0888109036089,openfacts
0888109050023,openfacts
0888109050030,openfacts
0888109050047,openfacts
0888109050054,openfacts
0888109050061,openfacts
0888109050085,openfacts
0888109050092,openfacts
0888109050108,openfacts
0888109050115,openfacts
0888109050122,openfacts
0888109060015,openfacts
0888109060022,openfacts
0888109060039,openfacts
0888109060046,openfacts
0888109060053,openfacts
0888109060060,openfacts
0888109060077,openfacts
0888109110017,openfacts
0888109110024,openfacts
0888109110031,openfacts
0888109110048,openfacts
0888109110055,openfacts
0888109110062,openfacts
0888109110079,openfacts
0888109110086,openfacts
0888109110093,openfacts
0888109110109,openfacts
0888109110116,openfacts
0888109110130,openfacts
0888109110147,openfacts
0888109110154,openfacts
0888109110161,openfacts
0888109110185,openfacts
0888109110192,openfacts
0888109110208,openfacts
0888109110215,openfacts
0888109110239,openfacts
0888109110246,openfacts
0888109110253,openfacts
0888109110260,openfacts
0888109110284,openfacts
0888109110307,openfacts
0888109110314,openfacts
0888109110444,openfacts
0888109110451,openfacts
0888109110482,openfacts
0888109110499,openfacts
0888109110505,openfacts
0888109110512,openfacts
0888109110529,openfacts
0888109110581,openfacts
0888109110598,openfacts
0888109110604,openfacts
0888109110611,openfacts
0888109110642,openfacts
0888109110659,openfacts
0888109110765,openfacts
0888109110772,openfacts
0888109110789,openfacts
0888109110796,openfacts
0888109110840,openfacts
0888109110888,openfacts
0888109110901,openfacts
0888109110925,openfacts
0888109110932,openfacts
0888109110956,openfacts
0888109110963,openfacts
0888109110970,openfacts
0888109110987,openfacts
0888109110994,openfacts
0888109111106,openfacts
0888109111113,openfacts
0888109111137,openfacts
0888109111144,openfacts
0888109111151,openfacts
0888109111168,openfacts
0888109111182,openfacts
0888109111212,openfacts
0888109111236,openfacts
0888109111243,openfacts
0888109111274,openfacts
0888109111298,openfacts
0888109111304,openfacts
0888109111311,openfacts
0888109111328,openfacts
0888109111373,openfacts
0888109111380,openfacts
0888109111397,openfacts
0888109111434,openfacts
0888109111465,openfacts
0888109111472,openfacts
0888109111489,openfacts
0888109111502,openfacts
0888109111519,openfacts
0888109111540,openfacts
0888109111557,openfacts
0888109111571,openfacts
0888109111588,openfacts
0888109111601,openfacts
0888109111700,openfacts
0888109111755,openfacts
0888109111779,openfacts
0888109111793,openfacts
0888109111809,openfacts
0888109111816,openfacts
0888109111854,openfacts
0888109111885,openfacts
0888109111892,openfacts
0888109111960,openfacts
0888109111977,openfacts
0888109111984,openfacts
0888109111991,openfacts
0888109112004,openfacts
0888109112028,openfacts
0888109112042,openfacts
0888109112172,openfacts
0888109112189,openfacts
0888109112219,openfacts
0888109112240,openfacts
0888109112257,openfacts
0888109112301,openfacts
0888109112417,openfacts
0888109112448,openfacts
0888109112509,openfacts
0888109112516,openfacts
0888109112523,openfacts
0888109112530,openfacts
0888109112547,openfacts
0888109112554,openfacts
0888109112561,openfacts
0888109112578,openfacts
0888109112585,openfacts
0888109112592,openfacts
0888109112998,openfacts
0888109113018,openfacts
0888109113032,openfacts
0888109113049,openfacts
0888109113056,openfacts
0888109113063,openfacts
0888109113094,openfacts
0888109113100,openfacts
0888109113124,openfacts
0888109113148,openfacts
0888109113155,openfacts
0888109113162,openfacts
0888109113339,openfacts
0888109113384,openfacts
0888109113414,openfacts
0888109113438,openfacts
0888109113513,openfacts
0888109113568,openfacts
0888109113575,openfacts
0888109113636,openfacts
0888109113643,openfacts
0888109113650,openfacts
0888109113698,openfacts
0888109113704,openfacts
0888109113728,openfacts
0888109113742,openfacts
0888109113759,openfacts
0888109113766,openfacts
0888109113773,openfacts
0888109113780,openfacts
0888109113797,openfacts
0888109113858,openfacts
0888109113872,openfacts
0888109113889,openfacts
0888109113940,openfacts
0888109113957,openfacts
0888109113988,openfacts
0888109114015,openfacts
0888109114022,openfacts
0888109114039,openfacts
0888109114046,openfacts
0888109114053,openfacts
0888109114060,openfacts
0888109114114,openfacts
0888109114206,openfacts
0888109114220,openfacts
0888109114237,openfacts
0888109114282,openfacts
0888109114312,openfacts
0888109114329,openfacts
0888109114350,openfacts
0888109114381,openfacts
0888109114398,openfacts
0888109114404,openfacts
0888109114411,openfacts
0888109114428,openfacts
0888109114473,openfacts
0888109114527,openfacts
0888109114596,openfacts
0888109114671,openfacts
0888109114688,openfacts
0888109114787,openfacts
0888109114794,openfacts
0888109114855,openfacts
0888109114930,openfacts
0888109114947,openfacts
0888109114978,openfacts
0888109115036,openfacts
0888109115241,openfacts
0888109115258,openfacts
0888109115289,openfacts
0888109115296,openfacts
0888109115340,openfacts
0888109115357,openfacts
0888109115388,openfacts
0888109115418,openfacts
0888109115425,openfacts
0888109115432,openfacts
0888109115524,openfacts
0888109115548,openfacts
0888109115579,openfacts
0888109115753,openfacts
0888109115760,openfacts
0888109115791,openfacts
0888109115876,openfacts
0888109115883,openfacts
0888109130190,openfacts
0888109130275,openfacts
0888109130282,openfacts
0888109130299,openfacts
0888109130312,openfacts
0888109130374,openfacts
0888109130404,openfacts
0888109130510,openfacts
0888109130558,openfacts
0888109130565,openfacts
0888109150013,openfacts
0888109150020,openfacts
0888109150037,openfacts
0888109150044,openfacts
0888109210236,openfacts
0888109210243,openfacts
0888109214999,openfacts
0888109250027,openfacts
0888109250065,openfacts
0888109250072,openfacts
0888109250126,openfacts
0888109250171,openfacts
0888109250188,openfacts
0888109250225,openfacts
0888109250256,openfacts
0888109250294,openfacts
0888109250324,openfacts
0888109250447,openfacts
0888109250478,openfacts
0888109250508,openfacts
0888109250584,openfacts
0888109250652,openfacts
0888109250690,openfacts
0888109250706,openfacts
0888109250812,openfacts
0888109250843,openfacts
0888109250867,openfacts
0888109250874,openfacts
0888109250898,openfacts
0888109250904,openfacts
0888109250928,openfacts
0888109250935,openfacts
0888109250980,openfacts
0888109251055,openfacts
0888109251246,openfacts
0888109251291,openfacts
0888109251307,openfacts
0888109251376,openfacts
0888109251406,openfacts
0888109251420,openfacts
0888109251444,openfacts
0888109251819,openfacts
0888109252410,openfacts
0888109252540,openfacts
0888109252618,openfacts
0888109252663,openfacts
0888109252748,openfacts
0888109252762,openfacts
0888109252786,openfacts
0888109253004,openfacts
0888109253097,openfacts
0888109253134,openfacts
0888109253301,openfacts
0888109253608,openfacts
0888109253646,openfacts
0888109253691,openfacts
0888109253738,openfacts
0888109253745,openfacts
0888109253790,openfacts
0888109253875,openfacts
0888109253899,openfacts
0888109254100,openfacts
0888109254278,openfacts
0888109254285,openfacts
0888109254308,openfacts
0888109254315,openfacts
0888109254377,openfacts
0888109254506,openfacts
0888109254650,openfacts
0888109254728,openfacts
0888109254759,openfacts
0888109254889,openfacts
0888109254971,openfacts
0888109255169,openfacts
0888109255190,openfacts
0888109255381,openfacts
0888109255565,openfacts
0888109255640,openfacts
0888109255848,openfacts
0888109255886,openfacts
0888109255930,openfacts
0888109256050,openfacts
0888109256081,openfacts
0888109256142,openfacts
0888109256166,openfacts
0888109256388,openfacts
0888109256616,openfacts
0888109256647,openfacts
0888109256685,openfacts
0888109256883,openfacts
0888109257255,openfacts
0888109257446,openfacts
0888109257651,openfacts
0888109257958,openfacts
0888109258191,openfacts
0888109258504,openfacts
0888109258535,openfacts
0888109258580,openfacts
0888109258610,openfacts
0888109258719,openfacts
0888109259013,openfacts
0888109259082,openfacts
0888109259129,openfacts
0888109259150,openfacts
0888109259174,openfacts
0888109259358,openfacts
0888109259372,openfacts
0888109259396,openfacts
0888109259709,openfacts
0888109259730,openfacts
0888109259945,openfacts
0888109259990,openfacts
0888109260088,openfacts
0888109300005,openfacts
0888109300012,openfacts
0888109300029,openfacts
0888109300036,openfacts
0888109300043,openfacts
0888109300050,openfacts
0888109300067,openfacts
0888109300074,openfacts
0888109300081,openfacts
0888109300159,openfacts
0888109300197,openfacts
0888109300210,openfacts
0888109300241,openfacts
0888109300258,openfacts
0888109300272,openfacts
0888109300388,openfacts
0888109300395,openfacts
0888109300401,openfacts
0888109300418,openfacts
0888109300449,openfacts
0888109300463,openfacts
0888109327385,openfacts
0888109405441,openfacts
0888109428419,openfacts
0888109481803,openfacts
0888109565466,openfacts
0888109634964,openfacts
0888109725716,openfacts
0888109806088,openfacts
0888109811686,openfacts
0888109814489,openfacts
0888109817442,openfacts
0888109825805,openfacts
0888109873950,openfacts
0888116000011,openfacts
0888116000028,openfacts
0888116000035,openfacts
0888116000042,openfacts
0888116000059,openfacts
0888116000066,openfacts
0888116000080,openfacts
0888116000127,openfacts
0888116000134,openfacts
0888116000141,openfacts
0888116000202,openfacts
0888116000219,openfacts
0888117501111,openfacts
0888117504730,openfacts
0888117505133,openfacts
0888117509070,openfacts
0888117514104,openfacts
0888117556050,openfacts
0888117556111,openfacts
0888117556135,openfacts
0888127001489,openfacts
0888127001977,openfacts
0888127001991,openfacts
0888127002271,openfacts
0888127002318,openfacts
0888127002585,openfacts
0888127002639,openfacts
0888127002769,openfacts
0888127002967,openfacts
0888127003216,openfacts
0888127003445,openfacts
0888127004084,openfacts
0888127004138,openfacts
0888127004169,openfacts
0888127004190,openfacts
0888127004213,openfacts
0888127004350,openfacts
0888127004848,openfacts
0888127005111,openfacts
0888127005661,openfacts
0888127005890,openfacts
0888127006101,openfacts
0888127006361,openfacts
0888127006620,openfacts
0888127006637,openfacts
0888127006668,openfacts
0888127006736,openfacts
0888127006743,openfacts
0888127007368,openfacts
0888127007764,openfacts
0888127007825,openfacts
0888127007917,openfacts
0888127008280,openfacts
0888127008822,openfacts
0888141830935,openfacts
0888143008059,openfacts
0888144000403,openfacts
0888144000427,openfacts
0888147000189,openfacts
0888147001728,openfacts
0888147002923,openfacts
0888147002930,openfacts
0888182260494,openfacts
0888183031611,openfacts
0888188924581,openfacts
0888190087922,openfacts
0888190216926,openfacts
0888192114114,openfacts
0888192250478,openfacts
0888199000304,openfacts
0888204000510,openfacts
0888229634240,openfacts
0888249011083,openfacts
0888255203168,openfacts
0888265336047,openfacts
0888265336115,openfacts
0888265336139,openfacts
0888265336177,openfacts
0888265336214,openfacts
0888265602036,openfacts
0888265602258,openfacts
0888265607048,openfacts
0888277139810,openfacts
0888277338992,openfacts
0888277726003,openfacts
0888289000818,openfacts
0888289400687,openfacts
0888289400915,openfacts
0888289400946,openfacts
0888289401073,openfacts
0888289401271,openfacts
0888289401738,openfacts
0888289401745,openfacts
0888289401905,openfacts
0888289402063,openfacts
0888289402155,openfacts
0888289402544,openfacts
0888289402551,openfacts
0888289403138,openfacts
0888289403503,openfacts
0888289403510,openfacts
0888289403718,openfacts
0888289403800,openfacts
0888289404180,openfacts
0888289404388,openfacts
0888292340017,openfacts
0888300093195,openfacts
0888313000012,openfacts
0888313000074,openfacts
0888313000111,openfacts
0888313000142,openfacts
0888313000203,openfacts
0888313000210,openfacts
0888313000227,openfacts
0888313000241,openfacts
0888313000258,openfacts
0888313000302,openfacts
0888313000319,openfacts
0888313000371,openfacts
0888313000470,openfacts
0888313017263,openfacts
0888313017362,openfacts
0888313017379,openfacts
0888313914043,openfacts
0888313914296,openfacts
0888313914906,openfacts
0888313914920,openfacts
0888313915002,openfacts
0888313917150,openfacts
0888313917204,openfacts
0888313917419,openfacts
0888313917990,openfacts
0888313971770,openfacts
0888313971787,openfacts
0888313971800,openfacts
0888321676551,openfacts
0888341934259,openfacts
0888343000372,openfacts
0888343000389,openfacts
0888343000396,openfacts
0888343000419,openfacts
0888343000426,openfacts
0888343000587,openfacts
0888343000822,openfacts
0888349015325,openfacts
0888354000019,openfacts
0888354000033,openfacts
0888354000040,openfacts
0888354000118,openfacts
0888354000149,openfacts
0888372000046,openfacts
0888390101206,openfacts
0888390112004,openfacts
0888394677882,openfacts
0888399006359,openfacts
0888400023511,openfacts
0888400035989,openfacts
0888400799843,openfacts
0888410720561,openfacts
0888411333951,openfacts
0888411983101,openfacts
0888412934256,openfacts
0888432006162,openfacts
0888432907445,openfacts
0888432947083,openfacts
0888435214106,openfacts
0888444350963,openfacts
0888460593238,openfacts
0888462062367,openfacts
0888462074988,openfacts
0888462313711,openfacts
0888462561563,openfacts
0888462563000,openfacts
0888462564441,openfacts
0888462568913,openfacts
0888462858519,openfacts
0888462865906,openfacts
0888465667255,openfacts
0888478282728,openfacts
0888478282735,openfacts
0888484640611,openfacts
0888484643063,openfacts
0888484664808,openfacts
0888484665003,openfacts
0888493510004,openfacts
0888508810068,openfacts
0888508810518,openfacts
0888508810617,openfacts
0888508810648,openfacts
0888508810679,openfacts
0888508810808,openfacts
0888508810990,openfacts
0888508811683,openfacts
0888508821583,openfacts
0888508821590,openfacts
0888513054488,openfacts
0888513102158,openfacts
0888513161575,openfacts
0888513202209,openfacts
0888513232206,openfacts
0888513233227,openfacts
0888513262098,openfacts
0888513291692,openfacts
0888513296925,openfacts
0888513432118,openfacts
0888513442209,openfacts
0888513494482,openfacts
0888513564482,openfacts
0888513604485,openfacts
0888513622113,openfacts
0888513622977,openfacts
0888513682582,openfacts
0888513722202,openfacts
0888513774485,openfacts
0888513822971,openfacts
0888513932977,openfacts
0888513951589,openfacts
0888513961588,openfacts
0888513971587,openfacts
0888513981586,openfacts
0888520038716,openfacts
0888522015937,openfacts
0888548724462,openfacts
0888549001227,openfacts
0888553866164,openfacts
0888553867192,openfacts
0888553867246,openfacts
0888553867581,openfacts
0888555180046,openfacts
0888555180558,openfacts
0888559000203,openfacts
0888559000210,openfacts
0888559000913,openfacts
0888559000920,openfacts
0888559000982,openfacts
0888559000999,openfacts
0888559001002,openfacts
0888559001019,openfacts
0888559001026,openfacts
0888559001033,openfacts
0888559001040,openfacts
0888559001057,openfacts
0888559001064,openfacts
0888559001071,openfacts
0888559001088,openfacts
0888559001095,openfacts
0888559001101,openfacts
0888559001118,openfacts
0888559001125,openfacts
0888559001194,openfacts
0888559001200,openfacts
0888559001217,openfacts
0888559001224,openfacts
0888559001521,openfacts
0888559001620,openfacts
0888559001804,openfacts
0888559001958,openfacts
0888559002108,openfacts
0888559002115,openfacts
0888559002207,openfacts
0888559002306,openfacts
0888559002313,openfacts
0888571077108,openfacts
0888574002060,openfacts
0888593292176,openfacts
0888595757628,openfacts
0888602471448,openfacts
0888613100078,openfacts
0888613100108,openfacts
0888613100115,openfacts
0888616765847,openfacts
0888628911096,openfacts
0888631736396,openfacts
0888631951027,openfacts
0888641130504,openfacts
0888641131563,openfacts
0888641132133,openfacts
0888641133529,openfacts
0888649000014,openfacts
0888649000021,openfacts
0888649000038,openfacts
0888649000045,openfacts
0888649000069,openfacts
0888649000274,openfacts
0888649000281,openfacts
0888649000298,openfacts
0888649000373,openfacts
0888649000427,openfacts
0888649000458,openfacts
0888649000502,openfacts
0888649000526,openfacts
0888649000557,openfacts
0888649000632,openfacts
0888649000649,openfacts
0888649000663,openfacts
0888649502679,openfacts
0888649502686,openfacts
0888649502693,openfacts
0888649502709,openfacts
0888649502716,openfacts
0888649502723,openfacts
0888649502730,openfacts
0888649502921,openfacts
0888649503256,openfacts
0888649503522,openfacts
0888649503935,openfacts
0888649504802,openfacts
0888650106507,openfacts
0888670001974,openfacts
0888670002001,openfacts
0888670002841,openfacts
0888670002858,openfacts
0888670002896,openfacts
0888670002902,openfacts
0888670002919,openfacts
0888670002926,openfacts
0888670003251,openfacts
0888670003268,openfacts
0888670004333,openfacts
0888670004357,openfacts
0888670005767,openfacts
0888670005774,openfacts
0888670005903,openfacts
0888670006191,openfacts
0888670006429,openfacts
0888670006481,openfacts
0888670006641,openfacts
0888670006795,openfacts
0888670006986,openfacts
0888670007112,openfacts
0888670007136,openfacts
0888670007143,openfacts
0888670007174,openfacts
0888670007181,openfacts
0888670007198,openfacts
0888670007204,openfacts
0888670007211,openfacts
0888670007228,openfacts
0888670007235,openfacts
0888670007266,openfacts
0888670007518,openfacts
0888670007525,openfacts
0888670007587,openfacts
0888670007617,openfacts
0888670007648,openfacts
0888670007655,openfacts
0888670007662,openfacts
0888670007679,openfacts
0888670007686,openfacts
0888670007693,openfacts
0888670007709,openfacts
0888670007778,openfacts
0888670007792,openfacts
0888670007822,openfacts
0888670007846,openfacts
0888670007853,openfacts
0888670007877,openfacts
0888670007884,openfacts
0888670007907,openfacts
0888670007921,openfacts
0888670008133,openfacts
0888670008140,openfacts
0888670008157,openfacts
0888670008164,openfacts
0888670008171,openfacts
0888670009734,openfacts
0888670009741,openfacts
0888670009758,openfacts
0888670009765,openfacts
0888670009772,openfacts
0888670009789,openfacts
0888670009796,openfacts
0888670009802,openfacts
0888670009819,openfacts
0888670009826,openfacts
0888670009833,openfacts
0888670009840,openfacts
0888670009857,openfacts
0888670009871,openfacts
0888670009888,openfacts
0888670009895,openfacts
0888670009932,openfacts
0888670009956,openfacts
0888670009970,openfacts
0888670009987,openfacts
0888670010075,openfacts
0888670010099,openfacts
0888670010105,openfacts
0888670010136,openfacts
0888670010143,openfacts
0888670010150,openfacts
0888670010471,openfacts
0888670010488,openfacts
0888670012840,openfacts
0888670012857,openfacts
0888670012864,openfacts
0888670012888,openfacts
0888670012901,openfacts
0888670012925,openfacts
0888670012932,openfacts
0888670012949,openfacts
0888670012956,openfacts
0888670012963,openfacts
0888670012970,openfacts
0888670012987,openfacts
0888670012994,openfacts
0888670013007,openfacts
0888670013014,openfacts
0888670013021,openfacts
0888670013038,openfacts
0888670013045,openfacts
0888670013052,openfacts
0888670013069,openfacts
0888670013076,openfacts
0888670013113,openfacts
0888670013120,openfacts
0888670013229,openfacts
0888670013243,openfacts
0888670013267,openfacts
0888670013366,openfacts
0888670013380,openfacts
0888670013397,openfacts
0888670013427,openfacts
0888670013434,openfacts
0888670013441,openfacts
0888670013458,openfacts
0888670013557,openfacts
0888670013564,openfacts
0888670013588,openfacts
0888670013649,openfacts
0888670013656,openfacts
0888670013687,openfacts
0888670013694,openfacts
0888670013700,openfacts
0888670013717,openfacts
0888670013724,openfacts
0888670014707,openfacts
0888670014721,openfacts
0888670014738,openfacts
0888670016947,openfacts
0888670016961,openfacts
0888670016978,openfacts
0888670017012,openfacts
0888670017029,openfacts
0888670017036,openfacts
0888670017043,openfacts
0888670017500,openfacts
0888670017753,openfacts
0888670017777,openfacts
0888670017784,openfacts
0888670017791,openfacts
0888670017807,openfacts
0888670017814,openfacts
0888670017821,openfacts
0888670017845,openfacts
0888670017852,openfacts
0888670017869,openfacts
0888670017876,openfacts
0888670017906,openfacts
0888670017913,openfacts
0888670017951,openfacts
0888670017968,openfacts
0888670017975,openfacts
0888670017982,openfacts
0888670018033,openfacts
0888670018125,openfacts
0888670018637,openfacts
0888670018644,openfacts
0888670018651,openfacts
0888670018668,openfacts
0888670018675,openfacts
0888670018682,openfacts
0888670018743,openfacts
0888670018750,openfacts
0888670019337,openfacts
0888670019344,openfacts
0888670019399,openfacts
0888670019412,openfacts
0888670019481,openfacts
0888670019573,openfacts
0888670019580,openfacts
0888670019603,openfacts
0888670019610,openfacts
0888670019641,openfacts
0888670019665,openfacts
0888670019672,openfacts
0888670019702,openfacts
0888670019757,openfacts
0888670019771,openfacts
0888670019788,openfacts
0888670019801,openfacts
0888670019818,openfacts
0888670019863,openfacts
0888670019870,openfacts
0888670019887,openfacts
0888670019894,openfacts
0888670019900,openfacts
0888670019917,openfacts
0888670019924,openfacts
0888670019979,openfacts
0888670019986,openfacts
0888670020043,openfacts
0888670020074,openfacts
0888670020128,openfacts
0888670020388,openfacts
0888670020395,openfacts
0888670020418,openfacts
0888670020432,openfacts
0888670020449,openfacts
0888670020456,openfacts
0888670020470,openfacts
0888670020487,openfacts
0888670020630,openfacts
0888670020647,openfacts
0888670020708,openfacts
0888670020715,openfacts
0888670020722,openfacts
0888670020814,openfacts
0888670020821,openfacts
0888670020838,openfacts
0888670020845,openfacts
0888670020869,openfacts
0888670020890,openfacts
0888670022177,openfacts
0888670022436,openfacts
0888670022443,openfacts
0888670022450,openfacts
0888670022467,openfacts
0888670022801,openfacts
0888670022894,openfacts
0888670022900,openfacts
0888670024638,openfacts
0888670024645,openfacts
0888670024652,openfacts
0888670024669,openfacts
0888670024676,openfacts
0888670024683,openfacts
0888670024997,openfacts
0888670025109,openfacts
0888670025116,openfacts
0888670025130,openfacts
0888670025260,openfacts
0888670025277,openfacts
0888670025284,openfacts
0888670025291,openfacts
0888670025314,openfacts
0888670025345,openfacts
0888670025352,openfacts
0888670025383,openfacts
0888670025406,openfacts
0888670025475,openfacts
0888670025505,openfacts
0888670025512,openfacts
0888670025529,openfacts
0888670025581,openfacts
0888670025604,openfacts
0888670025611,openfacts
0888670025673,openfacts
0888670025703,openfacts
0888670025734,openfacts
0888670025758,openfacts
0888670025956,openfacts
0888670025963,openfacts
0888670026038,openfacts
0888670026045,openfacts
0888670026052,openfacts
0888670026069,openfacts
0888670026076,openfacts
0888670026113,openfacts
0888670026120,openfacts
0888670026168,openfacts
0888670026175,openfacts
0888670026182,openfacts
0888670026236,openfacts
0888670026281,openfacts
0888670026304,openfacts
0888670026311,openfacts
0888670026328,openfacts
0888670026335,openfacts
0888670026342,openfacts
0888670026359,openfacts
0888670026366,openfacts
0888670026373,openfacts
0888670026397,openfacts
0888670026403,openfacts
0888670026410,openfacts
0888670026427,openfacts
0888670026472,openfacts
0888670026489,openfacts
0888670026496,openfacts
0888670026502,openfacts
0888670026632,openfacts
0888670026649,openfacts
0888670029572,openfacts
0888670029589,openfacts
0888670029633,openfacts
0888670029640,openfacts
0888670029664,openfacts
0888670030479,openfacts
0888670030486,openfacts
0888670030516,openfacts
0888670030523,openfacts
0888670030578,openfacts
0888670031001,openfacts
0888670031537,openfacts
0888670032015,openfacts
0888670032084,openfacts
0888670032145,openfacts
0888670032206,openfacts
0888670032213,openfacts
0888670032220,openfacts
0888670032329,openfacts
0888670032343,openfacts
0888670032794,openfacts
0888670032800,openfacts
0888670032817,openfacts
0888670032824,openfacts
0888670032886,openfacts
0888670032909,openfacts
0888670032961,openfacts
0888670033005,openfacts
0888670033012,openfacts
0888670033029,openfacts
0888670033036,openfacts
0888670033043,openfacts
0888670033050,openfacts
0888670033067,openfacts
0888670033081,openfacts
0888670033098,openfacts
0888670033104,openfacts
0888670033111,openfacts
0888670033128,openfacts
0888670033593,openfacts
0888670033609,openfacts
0888670033937,openfacts
0888670033944,openfacts
0888670033951,openfacts
0888670033982,openfacts
0888670033999,openfacts
0888670034033,openfacts
0888670034057,openfacts
0888670034101,openfacts
0888670034132,openfacts
0888670034149,openfacts
0888670034156,openfacts
0888670034217,openfacts
0888670034224,openfacts
0888670034231,openfacts
0888670034248,openfacts
0888670035610,openfacts
0888670035641,openfacts
0888670035658,openfacts
0888670035689,openfacts
0888670036327,openfacts
0888670036372,openfacts
0888670037386,openfacts
0888670037393,openfacts
0888670037409,openfacts
0888670037416,openfacts
0888670037423,openfacts
0888670037515,openfacts
0888670037522,openfacts
0888670037546,openfacts
0888670037553,openfacts
0888670037560,openfacts
0888670037577,openfacts
0888670037584,openfacts
0888670037621,openfacts
0888670037812,openfacts
0888670037843,openfacts
0888670037935,openfacts
0888670038130,openfacts
0888670039991,openfacts
0888670040003,openfacts
0888670040010,openfacts
0888670040034,openfacts
0888670040041,openfacts
0888670040058,openfacts
0888670040065,openfacts
0888670040072,openfacts
0888670040102,openfacts
0888670040140,openfacts
0888670040157,openfacts
0888670040188,openfacts
0888670040782,openfacts
0888670041970,openfacts
0888670044018,openfacts
0888670044230,openfacts
0888670044247,openfacts
0888670044254,openfacts
0888670044568,openfacts
0888670044605,openfacts
0888670044629,openfacts
0888670044650,openfacts
0888670044674,openfacts
0888670044681,openfacts
0888670044841,openfacts
0888670044865,openfacts
0888670045039,openfacts
0888670045459,openfacts
0888670045510,openfacts
0888670045589,openfacts
0888670045718,openfacts
0888670045725,openfacts
0888670045732,openfacts
0888670045770,openfacts
0888670045817,openfacts
0888670045848,openfacts
0888670045855,openfacts
0888670046005,openfacts
0888670046012,openfacts
0888670046029,openfacts
0888670046036,openfacts
0888670046050,openfacts
0888670046135,openfacts
0888670046203,openfacts
0888670046500,openfacts
0888670046517,openfacts
0888670046524,openfacts
0888670046531,openfacts
0888670046548,openfacts
0888670046555,openfacts
0888670046562,openfacts
0888670046579,openfacts
0888670046586,openfacts
0888670046593,openfacts
0888670046616,openfacts
0888670046630,openfacts
0888670047781,openfacts
0888670047804,openfacts
0888670047927,openfacts
0888670047934,openfacts
0888670047941,openfacts
0888670047958,openfacts
0888670047965,openfacts
0888670047972,openfacts
0888670047989,openfacts
0888670047996,openfacts
0888670048078,openfacts
0888670048085,openfacts
0888670048177,openfacts
0888670048238,openfacts
0888670048740,openfacts
0888670048931,openfacts
0888670048948,openfacts
0888670051030,openfacts
0888670051474,openfacts
0888670051481,openfacts
0888670051498,openfacts
0888670051504,openfacts
0888670051511,openfacts
0888670051528,openfacts
0888670051542,openfacts
0888670051559,openfacts
0888670051566,openfacts
0888670051818,openfacts
0888670051825,openfacts
0888670051832,openfacts
0888670052488,openfacts
0888670052549,openfacts
0888670052655,openfacts
0888670052662,openfacts
0888670052679,openfacts
0888670052686,openfacts
0888670052747,openfacts
0888670052754,openfacts
0888670052938,openfacts
0888670053058,openfacts
0888670053102,openfacts
0888670053133,openfacts
0888670053140,openfacts
0888670053157,openfacts
0888670053164,openfacts
0888670053263,openfacts
0888670053270,openfacts
0888670053287,openfacts
0888670053300,openfacts
0888670053324,openfacts
0888670053348,openfacts
0888670053430,openfacts
0888670053447,openfacts
0888670053508,openfacts
0888670053638,openfacts
0888670053645,openfacts
0888670053706,openfacts
0888670053775,openfacts
0888670053782,openfacts
0888670053836,openfacts
0888670053843,openfacts
0888670053850,openfacts
0888670053867,openfacts
0888670053874,openfacts
0888670053881,openfacts
0888670053942,openfacts
0888670053959,openfacts
0888670054024,openfacts
0888670054031,openfacts
0888670056424,openfacts
0888670056509,openfacts
0888670059517,openfacts
0888670059647,openfacts
0888670059753,openfacts
0888670059760,openfacts
0888670059968,openfacts
0888670060001,openfacts
0888670060018,openfacts
0888670060025,openfacts
0888670060032,openfacts
0888670060049,openfacts
0888670060063,openfacts
0888670060070,openfacts
0888670060094,openfacts
0888670063453,openfacts
0888670063903,openfacts
0888670063910,openfacts
0888670063927,openfacts
0888670063934,openfacts
0888670063972,openfacts
0888670064498,openfacts
0888670064733,openfacts
0888670065488,openfacts
0888670065495,openfacts
0888670065556,openfacts
0888670065785,openfacts
0888670065792,openfacts
0888670065808,openfacts
0888670067116,openfacts
0888670067123,openfacts
0888670067130,openfacts
0888670067147,openfacts
0888670067154,openfacts
0888670067161,openfacts
0888670067178,openfacts
0888670068045,openfacts
0888670068083,openfacts
0888670068090,openfacts
0888670071649,openfacts
0888670071823,openfacts
0888670071878,openfacts
0888670071885,openfacts
0888670071953,openfacts
0888670071960,openfacts
0888670071977,openfacts
0888670071984,openfacts
0888670071991,openfacts
0888670072097,openfacts
0888670073087,openfacts
0888670073124,openfacts
0888670073131,openfacts
0888670073148,openfacts
0888670073155,openfacts
0888670073223,openfacts
0888670073230,openfacts
0888670073278,openfacts
0888670073285,openfacts
0888670073322,openfacts
0888670073339,openfacts
0888670073346,openfacts
0888670073353,openfacts
0888670073384,openfacts
0888670074329,openfacts
0888670075128,openfacts
0888670075135,openfacts
0888670075159,openfacts
0888670075258,openfacts
0888670075982,openfacts
0888670076385,openfacts
0888670077726,openfacts
0888670077733,openfacts
0888670078075,openfacts
0888670078105,openfacts
0888670078129,openfacts
0888670078136,openfacts
0888670078143,openfacts
0888670078150,openfacts
0888670079065,openfacts
0888670079072,openfacts
0888670079102,openfacts
0888670079119,openfacts
0888670079140,openfacts
0888670079478,openfacts
0888670079485,openfacts
0888670079492,openfacts
0888670079577,openfacts
0888670079690,openfacts
0888670079775,openfacts
0888670079782,openfacts
0888670079799,openfacts
0888670080566,openfacts
0888670081105,openfacts
0888670081112,openfacts
0888670081426,openfacts
0888670081433,openfacts
0888670081440,openfacts
0888670081495,openfacts
0888670081518,openfacts
0888670081808,openfacts
0888670081815,openfacts
0888670081822,openfacts
0888670081839,openfacts
0888670081846,openfacts
0888670082201,openfacts
0888670082461,openfacts
0888670083017,openfacts
0888670083086,openfacts
0888670083109,openfacts
0888670083154,openfacts
0888670083161,openfacts
0888670083178,openfacts
0888670083383,openfacts
0888670083390,openfacts
0888670083406,openfacts
0888670083413,openfacts
0888670083420,openfacts
0888670084182,openfacts
0888670084199,openfacts
0888670087459,openfacts
0888670088104,openfacts
0888670088159,openfacts
0888670088166,openfacts
0888670088173,openfacts
0888670090398,openfacts
0888670090602,openfacts
0888670090930,openfacts
0888670090954,openfacts
0888670091920,openfacts
0888670091937,openfacts
0888670091944,openfacts
0888670091951,openfacts
0888670092118,openfacts
0888670092156,openfacts
0888670092484,openfacts
0888670092507,openfacts
0888670092576,openfacts
0888670095232,openfacts
0888670095249,openfacts
0888670095256,openfacts
0888670095263,openfacts
0888670096222,openfacts
0888670096239,openfacts
0888670096246,openfacts
0888670097908,openfacts
0888670097915,openfacts
0888670097922,openfacts
0888670098547,openfacts
0888670098554,openfacts
0888670098561,openfacts
0888670098615,openfacts
0888670098707,openfacts
0888670098738,openfacts
0888670098745,openfacts
0888670098806,openfacts
0888670098813,openfacts
0888670098820,openfacts
0888670098837,openfacts
0888670098868,openfacts
0888670098943,openfacts
0888670098950,openfacts
0888670098967,openfacts
0888670099018,openfacts
0888670099087,openfacts
0888670099186,openfacts
0888670099278,openfacts
0888670099285,openfacts
0888670099292,openfacts
0888670099681,openfacts
0888670100158,openfacts
0888670100646,openfacts
0888670103081,openfacts
0888670103159,openfacts
0888670103173,openfacts
0888670103203,openfacts
0888670103630,openfacts
0888670104200,openfacts
0888670104217,openfacts
0888670104224,openfacts
0888670104231,openfacts
0888670104491,openfacts
0888670104507,openfacts
0888670104514,openfacts
0888670105047,openfacts
0888670105610,openfacts
0888670105627,openfacts
0888670105733,openfacts
0888670105771,openfacts
0888670105788,openfacts
0888670105795,openfacts
0888670105801,openfacts
0888670105818,openfacts
0888670105825,openfacts
0888670105832,openfacts
0888670105962,openfacts
0888670105979,openfacts
0888670105986,openfacts
0888670105993,openfacts
0888670106020,openfacts
0888670106037,openfacts
0888670106044,openfacts
0888670106181,openfacts
0888670106198,openfacts
0888670106228,openfacts
0888670106235,openfacts
0888670106242,openfacts
0888670107812,openfacts
0888670108017,openfacts
0888670108642,openfacts
0888670108659,openfacts
0888670108666,openfacts
0888670108673,openfacts
0888670108697,openfacts
0888670108987,openfacts
0888670109311,openfacts
0888670109328,openfacts
0888670109335,openfacts
0888670109472,openfacts
0888670110546,openfacts
0888670110577,openfacts
0888670110751,openfacts
0888670110805,openfacts
0888670111369,openfacts
0888670111444,openfacts
0888670111475,openfacts
0888670111482,openfacts
0888670111499,openfacts
0888670111550,openfacts
0888670111567,openfacts
0888670111581,openfacts
0888670111598,openfacts
0888670111604,openfacts
0888670111611,openfacts
0888670111659,openfacts
0888670111666,openfacts
0888670111710,openfacts
0888670111727,openfacts
0888670111734,openfacts
0888670111789,openfacts
0888670111826,openfacts
0888670111895,openfacts
0888670113660,openfacts
0888670113677,openfacts
0888670113684,openfacts
0888670113738,openfacts
0888670113776,openfacts
0888670113783,openfacts
0888670113950,openfacts
0888670114582,openfacts
0888670114629,openfacts
0888670114636,openfacts
0888670114643,openfacts
0888670114650,openfacts
0888670116890,openfacts
0888670116906,openfacts
0888670117217,openfacts
0888670118009,openfacts
0888670119099,openfacts
0888670119105,openfacts
0888670119143,openfacts
0888670119150,openfacts
0888670119167,openfacts
0888670119174,openfacts
0888670119181,openfacts
0888670119198,openfacts
0888670119297,openfacts
0888670120125,openfacts
0888670120132,openfacts
0888670120149,openfacts
0888670120156,openfacts
0888670120163,openfacts
0888670120170,openfacts
0888670120194,openfacts
0888670120255,openfacts
0888670120989,openfacts
0888670120996,openfacts
0888670122662,openfacts
0888670123492,openfacts
0888670123850,openfacts
0888670123867,openfacts
0888670123904,openfacts
0888670123942,openfacts
0888670124604,openfacts
0888670124611,openfacts
0888670124628,openfacts
0888670125557,openfacts
0888670125649,openfacts
0888670125670,openfacts
0888670126677,openfacts
0888670126684,openfacts
0888670126691,openfacts
0888670126707,openfacts
0888670128558,openfacts
0888670128589,openfacts
0888670129210,openfacts
0888670129227,openfacts
0888670129593,openfacts
0888670129647,openfacts
0888670129661,openfacts
0888670130308,openfacts
0888670130315,openfacts
0888670130322,openfacts
0888670130377,openfacts
0888670130803,openfacts
0888670130926,openfacts
0888670131022,openfacts
0888670131244,openfacts
0888670131275,openfacts
0888670131299,openfacts
0888670131305,openfacts
0888670131312,openfacts
0888670131367,openfacts
0888670131381,openfacts
0888670131398,openfacts
0888670131404,openfacts
0888670132272,openfacts
0888670132289,openfacts
0888670132333,openfacts
0888670132401,openfacts
0888670132449,openfacts
0888670132487,openfacts
0888670132500,openfacts
0888670132517,openfacts
0888670133088,openfacts
0888670133095,openfacts
0888670133293,openfacts
0888670133347,openfacts
0888670133354,openfacts
0888670133361,openfacts
0888670133378,openfacts
0888670133385,openfacts
0888670133415,openfacts
0888670133750,openfacts
0888670133767,openfacts
0888670134078,openfacts
0888670134092,openfacts
0888670134146,openfacts
0888670136607,openfacts
0888670136614,openfacts
0888670136621,openfacts
0888670139127,openfacts
0888670139141,openfacts
0888670140703,openfacts
0888670140710,openfacts
0888670140727,openfacts
0888670140734,openfacts
0888670142196,openfacts
0888670145180,openfacts
0888670149881,openfacts
0888670153949,openfacts
0888670157602,openfacts
0888670158814,openfacts
0888670162606,openfacts
0888670164624,openfacts
0888670165393,openfacts
0888670166932,openfacts
0888670169582,openfacts
0888670170625,openfacts
0888670170830,openfacts
0888670170854,openfacts
0888670172353,openfacts
0888670172360,openfacts
0888670172377,openfacts
0888670172384,openfacts
0888670172391,openfacts
0888670172407,openfacts
0888670172414,openfacts
0888670172421,openfacts
0888670172988,openfacts
0888670173602,openfacts
0888670173626,openfacts
0888670173695,openfacts
0888670173770,openfacts
0888670173787,openfacts
0888670173794,openfacts
0888670173800,openfacts
0888670173817,openfacts
0888670173831,openfacts
0888670173848,openfacts
0888670173855,openfacts
0888670173862,openfacts
0888670173879,openfacts
0888670173947,openfacts
0888670174074,openfacts
0888670174081,openfacts
0888670174128,openfacts
0888670174296,openfacts
0888670174302,openfacts
0888670175958,openfacts
0888670176023,openfacts
0888670176641,openfacts
0888670177112,openfacts
0888670179703,openfacts
0888670179710,openfacts
0888670180204,openfacts
0888670181553,openfacts
0888670181560,openfacts
0888670182994,openfacts
0888670183007,openfacts
0888670183014,openfacts
0888670183021,openfacts
0888670183038,openfacts
0888670183045,openfacts
0888670183052,openfacts
0888670183069,openfacts
0888670183076,openfacts
0888670183090,openfacts
0888670183113,openfacts
0888670183885,openfacts
0888670183908,openfacts
0888670183915,openfacts
0888670184127,openfacts
0888670184837,openfacts
0888670184998,openfacts
0888670185056,openfacts
0888670185063,openfacts
0888670185070,openfacts
0888670185087,openfacts
0888670185094,openfacts
0888670185100,openfacts
0888670185117,openfacts
0888670185124,openfacts
0888670185131,openfacts
0888670185155,openfacts
0888670185162,openfacts
0888670185179,openfacts
0888670185483,openfacts
0888670185933,openfacts
0888670185971,openfacts
0888670185988,openfacts
0888670185995,openfacts
0888670186329,openfacts
0888670186336,openfacts
0888670186343,openfacts
0888670187296,openfacts
0888670187319,openfacts
0888670187326,openfacts
0888670187562,openfacts
0888670189511,openfacts
0888670190777,openfacts
0888670190982,openfacts
0888670191040,openfacts
0888670191095,openfacts
0888670191293,openfacts
0888670194423,openfacts
0888670194430,openfacts
0888670194447,openfacts
0888670194454,openfacts
0888670194478,openfacts
0888670194492,openfacts
0888670194522,openfacts
0888670194539,openfacts
0888670197059,openfacts
0888670197066,openfacts
0888670197080,openfacts
0888670197097,openfacts
0888670197103,openfacts
0888670197110,openfacts
0888670197127,openfacts
0888670197134,openfacts
0888670197158,openfacts
0888670197172,openfacts
0888670197189,openfacts
0888670197219,openfacts
0888670197226,openfacts
0888670197554,openfacts
0888670197561,openfacts
0888670197578,openfacts
0888670197585,openfacts
0888670198032,openfacts
0888670198049,openfacts
0888670198056,openfacts
0888670198728,openfacts
0888670198766,openfacts
0888670198995,openfacts
0888670202043,openfacts
0888670202050,openfacts
0888670202067,openfacts
0888670202074,openfacts
0888670202081,openfacts
0888670202098,openfacts
0888670202104,openfacts
0888670202111,openfacts
0888670202128,openfacts
0888670202951,openfacts
0888670203200,openfacts
0888670203217,openfacts
0888670203224,openfacts
0888670203248,openfacts
0888670203255,openfacts
0888670203316,openfacts
0888670203323,openfacts
0888670203330,openfacts
0888670203361,openfacts
0888670203651,openfacts
0888670203668,openfacts
0888670203675,openfacts
0888670203682,openfacts
0888670203699,openfacts
0888670203705,openfacts
0888670203972,openfacts
0888670203989,openfacts
0888670204160,openfacts
0888670204177,openfacts
0888670204221,openfacts
0888670204917,openfacts
0888670205846,openfacts
0888670206829,openfacts
0888670206850,openfacts
0888670209073,openfacts
0888670209394,openfacts
0888670209400,openfacts
0888670209417,openfacts
0888670209837,openfacts
0888670209844,openfacts
0888670209851,openfacts
0888670210093,openfacts
0888670210123,openfacts
0888670210130,openfacts
0888670210147,openfacts
0888670210161,openfacts
0888670210178,openfacts
0888672943807,openfacts
0888683106062,openfacts
0888683106086,openfacts
0888683106093,openfacts
0888683106116,openfacts
0888683106710,openfacts
0888683106727,openfacts
0888683106734,openfacts
0888683106802,openfacts
0888683106819,openfacts
0888683107335,openfacts
0888683107403,openfacts
0888683107410,openfacts
0888683107458,openfacts
0888683108004,openfacts
0888683108011,openfacts
0888683108028,openfacts
0888683108035,openfacts
0888683108042,openfacts
0888683108059,openfacts
0888683108066,openfacts
0888683108073,openfacts
0888683108080,openfacts
0888683108097,openfacts
0888683108110,openfacts
0888683108134,openfacts
0888683108790,openfacts
0888683108806,openfacts
0888683108813,openfacts
0888683109254,openfacts
0888683109261,openfacts
0888683109278,openfacts
0888683109308,openfacts
0888683109315,openfacts
0888683109452,openfacts
0888683110069,openfacts
0888683110083,openfacts
0888690011120,openfacts
0888692014174,openfacts
0888692014228,openfacts
0888692039696,openfacts
0888692039702,openfacts
0888692039733,openfacts
0888692039788,openfacts
0888692039856,openfacts
0888692039870,openfacts
0888692039894,openfacts
0888692048636,openfacts
0888692088762,openfacts
0888692095913,openfacts
0888692095920,openfacts
0888692095937,openfacts
0888692103182,openfacts
0888692109801,openfacts
0888692109818,openfacts
0888692110289,openfacts
0888702471157,openfacts
0888711049309,openfacts
0888711875205,openfacts
0888711969355,openfacts
0888719015832,openfacts
0888721681025,openfacts
0888740006649,openfacts
0888740012244,openfacts
0888749012160,openfacts
0888749016120,openfacts
0888750191328,openfacts
0888750309723,openfacts
0888751278721,openfacts
0888753920956,openfacts
0888761000114,openfacts
0888761000138,openfacts
0888761000145,openfacts
0888761000190,openfacts
0888761002989,openfacts
0888761016801,openfacts
0888761102382,openfacts
0888761130200,openfacts
0888761141237,openfacts
0888761308630,openfacts
0888761373720,openfacts
0888761410388,openfacts
0888761414164,openfacts
0888761431505,openfacts
0888761473666,openfacts
0888761537931,openfacts
0888761543444,openfacts
0888761579559,openfacts
0888761579580,openfacts
0888761580456,openfacts
0888761587783,openfacts
0888761620268,openfacts
0888761620275,openfacts
0888761621739,openfacts
0888761621746,openfacts
0888761630755,openfacts
0888761695402,openfacts
0888777112221,openfacts
0888788056033,openfacts
0888788121212,openfacts
0888793802991,openfacts
0888793803158,openfacts
0888805000766,openfacts
0888818270521,openfacts
0888828001221,openfacts
0888828001733,openfacts
0888828001740,openfacts
0888828001757,openfacts
0888829006638,openfacts
0888829601901,openfacts
0888829737143,openfacts
0888837740623,openfacts
0888837922326,openfacts
0888840058012,openfacts
0888844000710,openfacts
0888849000005,openfacts
0888849000012,openfacts
0888849000029,openfacts
0888849000036,openfacts
0888849000050,openfacts
0888849000067,openfacts
0888849000074,openfacts
0888849000128,openfacts
0888849000173,openfacts
0888849000180,openfacts
0888849000210,openfacts
0888849000227,openfacts
0888849000234,openfacts
0888849000241,openfacts
0888849000258,openfacts
0888849000265,openfacts
0888849000272,openfacts
0888849000289,openfacts
0888849000296,openfacts
0888849000302,openfacts
0888849000319,openfacts
0888849000326,openfacts
0888849000418,openfacts
0888849000425,openfacts
0888849000432,openfacts
0888849000449,openfacts
0888849000456,openfacts
0888849000463,openfacts
0888849000470,openfacts
0888849000487,openfacts
0888849000494,openfacts
0888849000500,openfacts
0888849000517,openfacts
0888849000524,openfacts
0888849000531,openfacts
0888849000548,openfacts
0888849000555,openfacts
0888849000562,openfacts
0888849000579,openfacts
0888849000586,openfacts
0888849000593,openfacts
0888849000616,openfacts
0888849000623,openfacts
0888849000630,openfacts
0888849000647,openfacts
0888849000654,openfacts
0888849000661,openfacts
0888849000678,openfacts
0888849000692,openfacts
0888849000708,openfacts
0888849000715,openfacts
0888849000739,openfacts
0888849000753,openfacts
0888849000777,openfacts
0888849000784,openfacts
0888849000791,openfacts
0888849000821,openfacts
0888849000838,openfacts
0888849000869,openfacts
0888849000876,openfacts
0888849000883,openfacts
0888849000944,openfacts
0888849000982,openfacts
0888849000999,openfacts
0888849001002,openfacts
0888849001132,openfacts
0888849001170,openfacts
0888849001224,openfacts
0888849001231,openfacts
0888849001354,openfacts
0888849001361,openfacts
0888849001378,openfacts
0888849001385,openfacts
0888849001392,openfacts
0888849001408,openfacts
0888849001415,openfacts
0888849001422,openfacts
0888849001439,openfacts
0888849001446,openfacts
0888849001453,openfacts
0888849001460,openfacts
0888849001491,openfacts
0888849001507,openfacts
0888849001514,openfacts
0888849001521,openfacts
0888849001538,openfacts
0888849001583,openfacts
0888849001613,openfacts
0888849001620,openfacts
0888849001637,openfacts
0888849001675,openfacts
0888849001699,openfacts
0888849001712,openfacts
0888849001750,openfacts
0888849001774,openfacts
0888849001798,openfacts
0888849001811,openfacts
0888849001903,openfacts
0888849001965,openfacts
0888849001996,openfacts
0888849002030,openfacts
0888849002191,openfacts
0888849002207,openfacts
0888849002214,openfacts
0888849002221,openfacts
0888849002238,openfacts
0888849002245,openfacts
0888849002252,openfacts
0888849002269,openfacts
0888849002276,openfacts
0888849002290,openfacts
0888849002306,openfacts
0888849002566,openfacts
0888849002573,openfacts
0888849002580,openfacts
0888849002764,openfacts
0888849002818,openfacts
0888849002825,openfacts
0888849002832,openfacts
0888849003495,openfacts
0888849003723,openfacts
0888849003839,openfacts
0888849003853,openfacts
0888849003860,openfacts
0888849003877,openfacts
0888849003884,openfacts
0888849003891,openfacts
0888849003907,openfacts
0888849003914,openfacts
0888849003921,openfacts
0888849003945,openfacts
0888849004263,openfacts
0888849004614,openfacts
0888849004621,openfacts
0888849004638,openfacts
0888849004645,openfacts
0888849004652,openfacts
0888849004669,openfacts
0888849004904,openfacts
0888849004911,openfacts
0888849004942,openfacts
0888849004959,openfacts
0888849004973,openfacts
0888849004980,openfacts
0888849005178,openfacts
0888849005215,openfacts
0888849005222,openfacts
0888849005239,openfacts
0888849005284,openfacts
0888849005345,openfacts
0888849005369,openfacts
0888849005383,openfacts
0888849005390,openfacts
0888849005406,openfacts
0888849005420,openfacts
0888849005437,openfacts
0888849005451,openfacts
0888849005468,openfacts
0888849005697,openfacts
0888849005703,openfacts
0888849005956,openfacts
0888849005963,openfacts
0888849005994,openfacts
0888849006007,openfacts
0888849006014,openfacts
0888849006021,openfacts
0888849006038,openfacts
0888849006045,openfacts
0888849006052,openfacts
0888849006069,openfacts
0888849006076,openfacts
0888849006083,openfacts
0888849006090,openfacts
0888849006106,openfacts
0888849006151,openfacts
0888849006168,openfacts
0888849006175,openfacts
0888849006373,openfacts
0888849006380,openfacts
0888849006397,openfacts
0888849006403,openfacts
0888849006571,openfacts
0888849006588,openfacts
0888849006601,openfacts
0888849006618,openfacts
0888849006632,openfacts
0888849006649,openfacts
0888849006656,openfacts
0888849006663,openfacts
0888849006670,openfacts
0888849006687,openfacts
0888849006816,openfacts
0888849007011,openfacts
0888849007165,openfacts
0888849007172,openfacts
0888849007189,openfacts
0888849007288,openfacts
0888849007295,openfacts
0888849007417,openfacts
0888849007424,openfacts
0888849007431,openfacts
0888849007455,openfacts
0888849007493,openfacts
0888849007509,openfacts
0888849007530,openfacts
0888849007547,openfacts
0888849007622,openfacts
0888849007646,openfacts
0888849007653,openfacts
0888849007660,openfacts
0888849007677,openfacts
0888849007684,openfacts
0888849007691,openfacts
0888849007707,openfacts
0888849007738,openfacts
0888849007745,openfacts
0888849007752,openfacts
0888849008018,openfacts
0888849008025,openfacts
0888849008032,openfacts
0888849008049,openfacts
0888849008056,openfacts
0888849008063,openfacts
0888849008100,openfacts
0888849008117,openfacts
0888849008131,openfacts
0888849008148,openfacts
0888849008438,openfacts
0888849008490,openfacts
0888849008575,openfacts
0888849008582,openfacts
0888849008599,openfacts
0888849008605,openfacts
0888849008612,openfacts
0888849008629,openfacts
0888849008650,openfacts
0888849008667,openfacts
0888849008674,openfacts
0888849008681,openfacts
0888849008698,openfacts
0888849008704,openfacts
0888849008728,openfacts
0888849008735,openfacts
0888849008742,openfacts
0888849008759,openfacts
0888849008865,openfacts
0888849008872,openfacts
0888849008889,openfacts
0888849008896,openfacts
0888849008919,openfacts
0888849008926,openfacts
0888849008933,openfacts
0888849008940,openfacts
0888849008957,openfacts
0888849008971,openfacts
0888849008988,openfacts
0888849009039,openfacts
0888849009305,openfacts
0888849009312,openfacts
0888849009954,openfacts
0888849009978,openfacts
0888849010004,openfacts
0888849010011,openfacts
0888849010066,openfacts
0888849010103,openfacts
0888849010110,openfacts
0888849010158,openfacts
0888849010189,openfacts
0888849010196,openfacts
0888849010202,openfacts
0888849010226,openfacts
0888849010288,openfacts
0888849010295,openfacts
0888849010301,openfacts
0888849010394,openfacts
0888849010400,openfacts
0888849010431,openfacts
0888849010448,openfacts
0888849010455,openfacts
0888849010462,openfacts
0888849010516,openfacts
0888849010523,openfacts
0888849010530,openfacts
0888849010547,openfacts
0888849010554,openfacts
0888849010561,openfacts
0888849010578,openfacts
0888849010615,openfacts
0888849010622,openfacts
0888849010639,openfacts
0888849010646,openfacts
0888849010653,openfacts
0888849010677,openfacts
0888849010707,openfacts
0888849010714,openfacts
0888849010721,openfacts
0888849010776,openfacts
0888849010790,openfacts
0888849010813,openfacts
0888849010820,openfacts
0888849010875,openfacts
0888849010882,openfacts
0888849010912,openfacts
0888849010929,openfacts
0888849010936,openfacts
0888849010943,openfacts
0888849010967,openfacts
0888849010981,openfacts
0888849011025,openfacts
0888849011049,openfacts
0888849011056,openfacts
0888849011063,openfacts
0888849011070,openfacts
0888849011117,openfacts
0888849011131,openfacts
0888849011148,openfacts
0888849011223,openfacts
0888849011278,openfacts
0888849011285,openfacts
0888849011292,openfacts
0888849011308,openfacts
0888849011315,openfacts
0888849011384,openfacts
0888849011407,openfacts
0888849011421,openfacts
0888849011438,openfacts
0888849011452,openfacts
0888849011483,openfacts
0888849011506,openfacts
0888849011513,openfacts
0888849011582,openfacts
0888849011599,openfacts
0888849011605,openfacts
0888849011636,openfacts
0888849011643,openfacts
0888849011650,openfacts
0888849011667,openfacts
0888849011674,openfacts
0888849011681,openfacts
0888849011704,openfacts
0888849011711,openfacts
0888849011728,openfacts
0888849011759,openfacts
0888849011766,openfacts
0888849011773,openfacts
0888849011780,openfacts
0888849011797,openfacts
0888849011827,openfacts
0888849011834,openfacts
0888849011926,openfacts
0888849011933,openfacts
0888849011940,openfacts
0888849011988,openfacts
0888849011995,openfacts
0888849012015,openfacts
0888849012046,openfacts
0888849012053,openfacts
0888849012060,openfacts
0888849012077,openfacts
0888849012084,openfacts
0888849012091,openfacts
0888849012169,openfacts
0888849012176,openfacts
0888849012183,openfacts
0888849012190,openfacts
0888849012206,openfacts
0888849012213,openfacts
0888849012220,openfacts
0888849012237,openfacts
0888849012244,openfacts
0888849012251,openfacts
0888849012268,openfacts
0888849012336,openfacts
0888849012626,openfacts
0888849012633,openfacts
0888849012664,openfacts
0888849012671,openfacts
0888849012695,openfacts
0888849012701,openfacts
0888849012725,openfacts
0888849012732,openfacts
0888849012763,openfacts
0888849012824,openfacts
0888849012831,openfacts
0888849012848,openfacts
0888849012855,openfacts
0888849012862,openfacts
0888849012886,openfacts
0888849013296,openfacts
0888849013302,openfacts
0888849013319,openfacts
0888849013326,openfacts
0888849013340,openfacts
0888849013357,openfacts
0888849013364,openfacts
0888849013371,openfacts
0888849013388,openfacts
0888849013395,openfacts
0888849013401,openfacts
0888849013418,openfacts
0888849013425,openfacts
0888849013487,openfacts
0888849013531,openfacts
0888849013555,openfacts
0888849013562,openfacts
0888849013630,openfacts
0888849013654,openfacts
0888849013746,openfacts
0888849013753,openfacts
0888849013760,openfacts
0888849013777,openfacts
0888849013784,openfacts
0888849013852,openfacts
0888849013913,openfacts
0888849013920,openfacts
0888849013982,openfacts
0888849013999,openfacts
0888849014002,openfacts
0888849014200,openfacts
0888849014217,openfacts
0888849014255,openfacts
0888849014378,openfacts
0888849014422,openfacts
0888849014439,openfacts
0888849014446,openfacts
0888849014453,openfacts
0888849014460,openfacts
0888849014477,openfacts
0888849014484,openfacts
0888849014491,openfacts
0888849014507,openfacts
0888849014514,openfacts
0888849014521,openfacts
0888849014538,openfacts
0888849014545,openfacts
0888849014590,openfacts
0888849014606,openfacts
0888849014613,openfacts
0888849014620,openfacts
0888849014637,openfacts
0888849015146,openfacts
0888849015153,openfacts
0888849015184,openfacts
0888849015191,openfacts
0888849015245,openfacts
0888849015252,openfacts
0888849015269,openfacts
0888849015368,openfacts
0888849015399,openfacts
0888849015405,openfacts
0888849015412,openfacts
0888849015511,openfacts
0888849015535,openfacts
0888849015559,openfacts
0888849015603,openfacts
0888849015665,openfacts
0888849015672,openfacts
0888849015689,openfacts
0888849015771,openfacts
0888849015788,openfacts
0888849015795,openfacts
0888849015801,openfacts
0888849015818,openfacts
0888849015832,openfacts
0888849015849,openfacts
0888849015856,openfacts
0888849015894,openfacts
0888849015900,openfacts
0888849015917,openfacts
0888849015924,openfacts
0888849015955,openfacts
0888849015979,openfacts
0888849015986,openfacts
0888849015993,openfacts
0888849016006,openfacts
0888849016020,openfacts
0888849016051,openfacts
0888849016068,openfacts
0888849016099,openfacts
0888849016112,openfacts
0888849016136,openfacts
0888849016143,openfacts
0888849016150,openfacts
0888849016174,openfacts
0888849016181,openfacts
0888849016259,openfacts
0888849016266,openfacts
0888849016280,openfacts
0888849016440,openfacts
0888849016471,openfacts
0888849016488,openfacts
0888849016495,openfacts
0888849016525,openfacts
0888849016532,openfacts
0888849016556,openfacts
0888849016587,openfacts
0888849016624,openfacts
0888849016655,openfacts
0888849016662,openfacts
0888849016716,openfacts
0888849016723,openfacts
0888849016730,openfacts
0888849016822,openfacts
0888849016839,openfacts
0888849016846,openfacts
0888849016921,openfacts
0888849016938,openfacts
0888849016945,openfacts
0888849017034,openfacts
0888849017089,openfacts
0888849017126,openfacts
0888849017140,openfacts
0888849017157,openfacts
0888849017164,openfacts
0888849017225,openfacts
0888849017232,openfacts
0888849017256,openfacts
0888849017300,openfacts
0888849017492,openfacts
0888849017508,openfacts
0888849017522,openfacts
0888849017645,openfacts
0888849017713,openfacts
0888849017737,openfacts
0888849017799,openfacts
0888849017805,openfacts
0888849018123,openfacts
0888849018185,openfacts
0888849018192,openfacts
0888849018208,openfacts
0888849018314,openfacts
0888849018321,openfacts
0888849018345,openfacts
0888849018376,openfacts
0888849018383,openfacts
0888849018529,openfacts
0888849018536,openfacts
0888849018543,openfacts
0888849018581,openfacts
0888849018604,openfacts
0888849018789,openfacts
0888849019014,openfacts
0888849019250,openfacts
0888849019403,openfacts
0888849019410,openfacts
0888849019465,openfacts
0888849023189,openfacts
0888849039999,openfacts
0888849044634,openfacts
0888849064441,openfacts
0888849068814,openfacts
0888849070831,openfacts
0888849097005,openfacts
0888849097296,openfacts
0888849142712,openfacts
0888849271108,openfacts
0888849316632,openfacts
0888849442485,openfacts
0888849444298,openfacts
0888849444441,openfacts
0888849444885,openfacts
0888849448845,openfacts
0888849481446,openfacts
0888849630103,openfacts
0888849646319,openfacts
0888849668724,openfacts
0888849901043,openfacts
0888850091245,openfacts
0888852095937,openfacts
0888853001005,openfacts
0888853003207,openfacts
0888853003405,openfacts
0888853003450,openfacts
0888861111017,openfacts
0888861111024,openfacts
0888861649084,openfacts
0888882333016,openfacts
0888884017228,openfacts
0888886304142,openfacts
0888886400820,openfacts
0888888022358,openfacts
0888888777777,openfacts
0888889000638,openfacts
0888890655513,openfacts
0888903000101,openfacts
0888903000118,openfacts
0888903000248,openfacts
0888903000286,openfacts
0888903010285,openfacts
0888903010315,openfacts
0888903050007,openfacts
0888903050052,openfacts
0888903050076,openfacts
0888903050250,openfacts
0888903070173,openfacts
0888903080172,openfacts
0888903100504,openfacts
0888903201027,openfacts
0888903201072,openfacts
0888903201096,openfacts
0888903201102,openfacts
0888903201119,openfacts
0888903201126,openfacts
0888903201140,openfacts
0888903201164,openfacts
0888903201188,openfacts
0888903251077,openfacts
0888903251107,openfacts
0888903251169,openfacts
0888903251183,openfacts
0888903261755,openfacts
0888903342683,openfacts
0888903342782,openfacts
0888903342805,openfacts
0888903342829,openfacts
0888903342843,openfacts
0888903345561,openfacts
0888903346292,openfacts
0888903346308,openfacts
0888903450708,openfacts
0888903450715,openfacts
0888903450722,openfacts
0888903874788,openfacts
0888907048970,openfacts
0888915376065,openfacts
0888926001307,openfacts
0888926002250,openfacts
0888926011023,openfacts
0888926263262,openfacts
0888926263422,openfacts
0888946013533,openfacts
0888946014059,openfacts
0888949335298,openfacts
0888955180103,openfacts
0888956740054,openfacts
0888959420113,openfacts
0888959423220,openfacts
0888959423275,openfacts
0888959424692,openfacts
0888959426139,openfacts
0888959426511,openfacts
0888959427341,openfacts
0888969000046,openfacts
0888977707395,openfacts
0888988800160,openfacts
0888988800191,openfacts
0888988800207,openfacts
0888988800375,openfacts
0888989930170,openfacts
0889000005174,openfacts
0889004554692,openfacts
0889008505393,openfacts
0889028175637,openfacts
0889040000245,openfacts
0889041465210,openfacts
0889053018220,openfacts
0889053018237,openfacts
0889053018244,openfacts
0889053018251,openfacts
0889053018268,openfacts
0889053018299,openfacts
0889053018312,openfacts
0889053018329,openfacts
0889053018336,openfacts
0889053018404,openfacts
0889053018480,openfacts
0889053018497,openfacts
0889053018503,openfacts
0889053018510,openfacts
0889053018541,openfacts
0889053018589,openfacts
0889053018596,openfacts
0889053018602,openfacts
0889053018619,openfacts
0889053018701,openfacts
0889053018725,openfacts
0889053018732,openfacts
0889053018749,openfacts
0889053018756,openfacts
0889053018770,openfacts
0889053018985,openfacts
0889053019128,openfacts
0889053019135,openfacts
0889053019227,openfacts
0889053019234,openfacts
0889053019333,openfacts
0889053019364,openfacts
0889053019418,openfacts
0889070621151,openfacts
0889142024491,openfacts
0889153925800,openfacts
0889193325714,openfacts
0889226000007,openfacts
0889260128859,openfacts
0889303033355,openfacts
0889343052293,openfacts
0889356002605,openfacts
0889356009925,openfacts
0889356010747,openfacts
0889356010754,openfacts
0889356010761,openfacts
0889356011065,openfacts
0889356011126,openfacts
0889356011133,openfacts
0889356011140,openfacts
0889356011218,openfacts
0889356013861,openfacts
0889356019825,openfacts
0889356020739,openfacts
0889356020777,openfacts
0889356033357,openfacts
0889356037089,openfacts
0889356053621,openfacts
0889356056424,openfacts
0889356057971,openfacts
0889356063163,openfacts
0889356063170,openfacts
0889356072639,openfacts
0889356076194,openfacts
0889356076248,openfacts
0889356088210,openfacts
0889356089927,openfacts
0889356090480,openfacts
0889356090497,openfacts
0889356091357,openfacts
0889356091364,openfacts
0889356091517,openfacts
0889356091524,openfacts
0889356110072,openfacts
0889356110188,openfacts
0889356110447,openfacts
0889356110515,openfacts
0889356110782,openfacts
0889356115862,openfacts
0889356116319,openfacts
0889356117002,openfacts
0889356117026,openfacts
0889356117040,openfacts
0889356117064,openfacts
0889356120965,openfacts
0889356120972,openfacts
0889356126172,openfacts
0889356133149,openfacts
0889356133163,openfacts
0889356133187,openfacts
0889356133378,openfacts
0889356143728,openfacts
0889356167694,openfacts
0889356167717,openfacts
0889356167731,openfacts
0889356186169,openfacts
0889356189764,openfacts
0889356189788,openfacts
0889356214985,openfacts
0889379124001,openfacts
0889379124018,openfacts
0889379124025,openfacts
0889379124032,openfacts
0889379125008,openfacts
0889379125015,openfacts
0889379125022,openfacts
0889379125039,openfacts
0889379125046,openfacts
0889379125060,openfacts
0889379125077,openfacts
0889379125084,openfacts
0889379125091,openfacts
0889379125107,openfacts
0889379125114,openfacts
0889379125121,openfacts
0889379125138,openfacts
0889379126005,openfacts
0889379126012,openfacts
0889379126029,openfacts
0889379126036,openfacts
0889379126043,openfacts
0889379126050,openfacts
0889379126067,openfacts
0889380001247,openfacts
0889380551049,openfacts
0889380551421,openfacts
0889380551438,openfacts
0889380551520,openfacts
0889380551537,openfacts
0889380551827,openfacts
0889380554439,openfacts
0889380554453,openfacts
0889380554477,openfacts
0889380554491,openfacts
0889380554538,openfacts
0889382129918,openfacts
0889390082724,openfacts
0889390192904,openfacts
0889390195349,openfacts
0889392000283,openfacts
0889392000306,openfacts
0889392000313,openfacts
0889392000320,openfacts
0889392000382,openfacts
0889392000412,openfacts
0889392000429,openfacts
0889392000498,openfacts
0889392000559,openfacts
0889392000573,openfacts
0889392000597,openfacts
0889392000740,openfacts
0889392000757,openfacts
0889392000771,openfacts
0889392000801,openfacts
0889392000832,openfacts
0889392000863,openfacts
0889392000900,openfacts
0889392000917,openfacts
0889392000931,openfacts
0889392000955,openfacts
0889392001112,openfacts
0889392001136,openfacts
0889392001167,openfacts
0889392001181,openfacts
0889392001198,openfacts
0889392001204,openfacts
0889392001242,openfacts
0889392001259,openfacts
0889392001273,openfacts
0889392001280,openfacts
0889392001303,openfacts
0889392001327,openfacts
0889392001341,openfacts
0889392001396,openfacts
0889392001426,openfacts
0889392001518,openfacts
0889392001549,openfacts
0889392001563,openfacts
0889392001600,openfacts
0889392001617,openfacts
0889392001624,openfacts
0889392001631,openfacts
0889392001679,openfacts
0889392001693,openfacts
0889392001709,openfacts
0889392001723,openfacts
0889392001747,openfacts
0889392001761,openfacts
0889392001785,openfacts
0889392001839,openfacts
0889392001877,openfacts
0889392001907,openfacts
0889392001921,openfacts
0889392002003,openfacts
0889392002065,openfacts
0889392002072,openfacts
0889392002089,openfacts
0889392002102,openfacts
0889392002232,openfacts
0889392002287,openfacts
0889392002355,openfacts
0889392002379,openfacts
0889392002393,openfacts
0889392002423,openfacts
0889392002430,openfacts
0889392002454,openfacts
0889392002492,openfacts
0889392002515,openfacts
0889392002676,openfacts
0889392002706,openfacts
0889392002737,openfacts
0889392003611,openfacts
0889392003628,openfacts
0889392003741,openfacts
0889392006810,openfacts
0889392010015,openfacts
0889392010022,openfacts
0889392010046,openfacts
0889392010145,openfacts
0889392010152,openfacts
0889392010176,openfacts
0889392010183,openfacts
0889392010190,openfacts
0889392010329,openfacts
0889392010367,openfacts
0889392010374,openfacts
0889392010381,openfacts
0889392010411,openfacts
0889392010558,openfacts
0889392010565,openfacts
0889392010725,openfacts
0889392021318,openfacts
0889392021394,openfacts
0889392021417,openfacts
0889392021431,openfacts
0889392021455,openfacts
0889392080049,openfacts
0889392080056,openfacts
0889392080216,openfacts
0889392080223,openfacts
0889392080230,openfacts
0889392080247,openfacts
0889392080254,openfacts
0889392080261,openfacts
0889392080278,openfacts
0889392080285,openfacts
0889392080612,openfacts
0889392080629,openfacts
0889392080650,openfacts
0889392080735,openfacts
0889392080742,openfacts
0889392080759,openfacts
0889392080766,openfacts
0889392088014,openfacts
0889392088021,openfacts
0889392088601,openfacts
0889392088625,openfacts
0889392090093,openfacts
0889392090116,openfacts
0889392478310,openfacts
0889392478518,openfacts
0889392478549,openfacts
0889392478662,openfacts
0889392478709,openfacts
0889392501230,openfacts
0889392501254,openfacts
0889392501278,openfacts
0889392501285,openfacts
0889392607215,openfacts
0889392607239,openfacts
0889392607253,openfacts
0889392607277,openfacts
0889392610314,openfacts
0889396000111,openfacts
0889396000265,openfacts
0889396000289,openfacts
0889396000296,openfacts
0889396000364,openfacts
0889396000395,openfacts
0889396000401,openfacts
0889396000418,openfacts
0889396000432,openfacts
0889396000449,openfacts
0889396000470,openfacts
0889396000500,openfacts
0889396000548,openfacts
0889396000562,openfacts
0889396000586,openfacts
0889396000593,openfacts
0889396000937,openfacts
0889396000944,openfacts
0889396001019,openfacts
0889396001101,openfacts
0889396001132,openfacts
0889396001927,openfacts
0889396002146,openfacts
0889396002559,openfacts
0889396002566,openfacts
0889396002580,openfacts
0889396003136,openfacts
0889396003471,openfacts
0889396003549,openfacts
0889396003631,openfacts
0889396004034,openfacts
0889396004157,openfacts
0889396004218,openfacts
0889396005185,openfacts
0889396006700,openfacts
0889396006977,openfacts
0889396007073,openfacts
0889396007097,openfacts
0889396007271,openfacts
0889396007400,openfacts
0889396007554,openfacts
0889396007806,openfacts
0889396008902,openfacts
0889396008995,openfacts
0889398003028,openfacts
0889398003073,openfacts
0889398003202,openfacts
0889398003219,openfacts
0889398050336,openfacts
0889398050350,openfacts
0889398050398,openfacts
0889398070020,openfacts
0889398070075,openfacts
0889398070112,openfacts
0889398070235,openfacts
0889398070273,openfacts
0889398070600,openfacts
0889398071553,openfacts
0889398071638,openfacts
0889398071652,openfacts
0889398071737,openfacts
0889398071751,openfacts
0889398073144,openfacts
0889398073151,openfacts
0889398077500,openfacts
0889398077531,openfacts
0889398077654,openfacts
0889398077760,openfacts
0889398090066,openfacts
0889398090455,openfacts
0889398202100,openfacts
0889398202148,openfacts
0889398202322,openfacts
0889398204418,openfacts
0889398205507,openfacts
0889398219245,openfacts
0889398219276,openfacts
0889398226007,openfacts
0889398226014,openfacts
0889398230059,openfacts
0889398230509,openfacts
0889398240119,openfacts
0889398240126,openfacts
0889398278105,openfacts
0889398300189,openfacts
0889398300257,openfacts
0889398300264,openfacts
0889398300288,openfacts
0889398300424,openfacts
0889398300721,openfacts
0889398300769,openfacts
0889398301018,openfacts
0889398301025,openfacts
0889398301049,openfacts
0889398590030,openfacts
0889398650239,openfacts
0889398650338,openfacts
0889398650864,openfacts
0889398802515,openfacts
0889398802713,openfacts
0889398802737,openfacts
0889398830518,openfacts
0889398830525,openfacts
0889398904516,openfacts
0889398904561,openfacts
0889411431104,openfacts
0889417000014,openfacts
0889417000021,openfacts
0889417000038,openfacts
0889417000045,openfacts
0889417000052,openfacts
0889417000069,openfacts
0889417000083,openfacts
0889417000090,openfacts
0889417000106,openfacts
0889417000113,openfacts
0889417000120,openfacts
0889417000151,openfacts
0889417000175,openfacts
0889417000199,openfacts
0889417000205,openfacts
0889445000017,openfacts
0889445000024,openfacts
0889445000031,openfacts
0889445000048,openfacts
0889445000079,openfacts
0889445000086,openfacts
0889445000161,openfacts
0889445000390,openfacts
0889445001274,openfacts
0889445001281,openfacts
0889445001397,openfacts
0889445001625,openfacts
0889476316125,openfacts
0889476514767,openfacts
0889494119067,openfacts
0889497000010,openfacts
0889497000027,openfacts
0889497000034,openfacts
0889497000065,openfacts
0889497000072,openfacts
0889497000089,openfacts
0889497000119,openfacts
0889497000126,openfacts
0889497000133,openfacts
0889497000140,openfacts
0889497000157,openfacts
0889497000164,openfacts
0889497000171,openfacts
0889497000188,openfacts
0889497000195,openfacts
0889497000218,openfacts
0889497000225,openfacts
0889497000515,openfacts
0889497000522,openfacts
0889497000539,openfacts
0889497000546,openfacts
0889497000607,openfacts
0889497000621,openfacts
0889497000805,openfacts
0889497000843,openfacts
0889497000942,openfacts
0889497000959,openfacts
0889497000966,openfacts
0889497000973,openfacts
0889497001000,openfacts
0889497001017,openfacts
0889497001024,openfacts
0889497001048,openfacts
0889497001055,openfacts
0889497001062,openfacts
0889497001079,openfacts
0889497001086,openfacts
0889497001116,openfacts
0889497001185,openfacts
0889497001246,openfacts
0889497001253,openfacts
0889497001260,openfacts
0889497001338,openfacts
0889497001482,openfacts
0889497001604,openfacts
0889497002038,openfacts
0889497002052,openfacts
0889497002069,openfacts
0889497002076,openfacts
0889497002090,openfacts
0889497002229,openfacts
0889497002250,openfacts
0889497002267,openfacts
0889497002274,openfacts
0889497002373,openfacts
0889497002601,openfacts
0889497005602,openfacts
0889497008207,openfacts
0889497008214,openfacts
0889497008221,openfacts
0889497008238,openfacts
0889497008245,openfacts
0889497108365,openfacts
0889497118883,openfacts
0889497143250,openfacts
0889497155901,openfacts
0889497156199,openfacts
0889497159763,openfacts
0889497242984,openfacts
0889497258954,openfacts
0889497272158,openfacts
0889497272493,openfacts
0889497275258,openfacts
0889497295058,openfacts
0889497327100,openfacts
0889497348594,openfacts
0889497439704,openfacts
0889497451003,openfacts
0889497486753,openfacts
0889497503818,openfacts
0889497521454,openfacts
0889497541360,openfacts
0889497567148,openfacts
0889497632129,openfacts
0889497633126,openfacts
0889497634123,openfacts
0889497635120,openfacts
0889497636127,openfacts
0889497637124,openfacts
0889497638008,openfacts
0889497639128,openfacts
0889497641015,openfacts
0889497641503,openfacts
0889497642012,openfacts
0889497643019,openfacts
0889497644016,openfacts
0889497645013,openfacts
0889497703515,openfacts
0889497725968,openfacts
0889497852367,openfacts
0889497874574,openfacts
0889497885013,openfacts
0889497894428,openfacts
0889497963476,openfacts
0889497984433,openfacts
0889522670683,openfacts
0889529000049,openfacts
0889529000063,openfacts
0889529000087,openfacts
0889529000148,openfacts
0889529000162,openfacts
0889529000209,openfacts
0889529000346,openfacts
0889529000360,openfacts
0889529000643,openfacts
0889529000865,openfacts
0889529000926,openfacts
0889568000024,openfacts
0889568000031,openfacts
0889568000048,openfacts
0889568000055,openfacts
0889568000062,openfacts
0889568000093,openfacts
0889568000154,openfacts
0889568000161,openfacts
0889568000246,openfacts
0889568000253,openfacts
0889568000499,openfacts
0889568000512,openfacts
0889568000529,openfacts
0889568000550,openfacts
0889568000581,openfacts
0889568000598,openfacts
0889568000604,openfacts
0889568000680,openfacts
0889568000703,openfacts
0889568000727,openfacts
0889568000734,openfacts
0889568000871,openfacts
0889570341931,openfacts
0889592721759,openfacts
0889592722312,openfacts
0889592727102,openfacts
0889592728901,openfacts
0889592729311,openfacts
0889592729335,openfacts
0889592729342,openfacts
0889592729410,openfacts
0889597854759,openfacts
0889628122468,openfacts
0889628131743,openfacts
0889628131798,openfacts
0889628223844,openfacts
0889628231634,openfacts
0889698106924,openfacts
0889698115643,openfacts
0889698122153,openfacts
0889698122931,openfacts
0889698123198,openfacts
0889698142274,openfacts
0889698147477,openfacts
0889698311830,openfacts
0889698315289,openfacts
0889698326308,openfacts
0889698360173,openfacts
0889698366755,openfacts
0889698368902,openfacts
0889698384810,openfacts
0889698390484,openfacts
0889698392488,openfacts
0889698393676,openfacts
0889698408967,openfacts
0889698415040,openfacts
0889698451383,openfacts
0889698457255,openfacts
0889698465649,openfacts
0889698465823,openfacts
0889698468343,openfacts
0889698475228,openfacts
0889698478670,openfacts
0889698484718,openfacts
0889698486101,openfacts
0889698490122,openfacts
0889698552509,openfacts
0889698556217,openfacts
0889698560177,openfacts
0889698578646,openfacts
0889698583428,openfacts
0889698591676,openfacts
0889698602808,openfacts
0889698623988,openfacts
0889698624008,openfacts
0889698640497,openfacts
0889700001353,openfacts
0889700131470,openfacts
0889728595254,openfacts
0889729000184,openfacts
0889740000033,openfacts
0889752167601,openfacts
0889752167915,openfacts
0889752463123,openfacts
0889752503126,openfacts
0889778010011,openfacts
0889780010948,openfacts
0889780011938,openfacts
0889803000291,openfacts
0889842103557,openfacts
0889842213065,openfacts
0889842245264,openfacts
0889842309867,openfacts
0889842392449,openfacts
0889842526776,openfacts
0889842772685,openfacts
0889842778717,openfacts
0889842796049,openfacts
0889853430529,openfacts
0889853667420,openfacts
0889854092511,openfacts
0889854639020,openfacts
0889854639228,openfacts
0889854713621,openfacts
0889896100236,openfacts
0889896100298,openfacts
0889896101110,openfacts
0889896101356,openfacts
0889896401494,openfacts
0889896403160,openfacts
0889896600170,openfacts
0889896600866,openfacts
0889896601160,openfacts
0889896905527,openfacts
0889896905671,openfacts
0889896906036,openfacts
0889896906227,openfacts
0889896906388,openfacts
0889896906456,openfacts
0889896908337,openfacts
0889896908504,openfacts
0889896908672,openfacts
0889896908863,openfacts
0889896908924,openfacts
0889896912716,openfacts
0889896912839,openfacts
0889896913706,openfacts
0889896915977,openfacts
0889896917476,openfacts
0889896917865,openfacts
0889896919838,openfacts
0889896920957,openfacts
0889896921206,openfacts
0889896921442,openfacts
0889896924832,openfacts
0889896925020,openfacts
0889896925990,openfacts
0889896927680,openfacts
0889896928915,openfacts
0889896929455,openfacts
0889896929509,openfacts
0889896931052,openfacts
0889896931618,openfacts
0889896931687,openfacts
0889896933711,openfacts
0889896939850,openfacts
0889896944038,openfacts
0889896955027,openfacts
0889930010606,openfacts
0889930013133,openfacts
0889930015922,openfacts
0889930016059,openfacts
0889930016066,openfacts
0889930016073,openfacts
0889930016080,openfacts
0889930016097,openfacts
0889930016103,openfacts
0889930019838,openfacts
0889930020278,openfacts
0889930021794,openfacts
0889930021862,openfacts
0889930107474,openfacts
0889930107788,openfacts
0889930111884,openfacts
0889930124686,openfacts
0889955748195,openfacts
0889956000018,openfacts
0889994001633,openfacts
0889996864250,openfacts
