ean13,source
6430010173366,openfacts
6430010178064,openfacts
6430010300106,openfacts
6430010714545,openfacts
6430010719502,openfacts
6430010960157,openfacts
6430010960249,openfacts
6430010960294,openfacts
6430010960317,openfacts
6430011152148,openfacts
6430011460007,item_master
6430011460014,item_master
6430011460038,item_master
6430011460090,item_master
6430011462001,item_master
6430011462018,item_master
6430011740031,openfacts
6430011740048,openfacts
6430011740529,openfacts
6430011740574,openfacts
6430011744008,openfacts
6430011749850,openfacts
6430011810086,openfacts
6430011810093,openfacts
6430011810154,openfacts
6430011810208,openfacts
6430011810222,openfacts
6430011810437,openfacts
6430011810543,openfacts
6430011810659,openfacts
6430011810673,openfacts
6430011810680,openfacts
6430011810758,openfacts
6430011810796,openfacts
6430011811069,openfacts
6430011811106,openfacts
6430011811298,openfacts
6430011811663,openfacts
6430011812608,openfacts
6430011813346,openfacts
6430011813384,openfacts
6430011813513,openfacts
6430011813742,openfacts
6430011813780,openfacts
6430011813803,openfacts
6430011813841,openfacts
6430011813926,openfacts
6430011814206,openfacts
6430011814527,openfacts
6430011815241,openfacts
6430011815562,openfacts
6430011816385,openfacts
6430011816538,openfacts
6430011816651,openfacts
6430011816958,openfacts
6430012053529,openfacts
6430012182113,openfacts
6430012281649,openfacts
6430012800208,openfacts
6430012991463,openfacts
6430012992620,openfacts
6430013250170,openfacts
6430013250200,openfacts
6430013250255,openfacts
6430013250293,openfacts
6430013250439,openfacts
6430013250972,openfacts
6430013250996,openfacts
6430013251337,openfacts
6430013251399,openfacts
6430013251887,openfacts
6430013253263,openfacts
6430013253409,openfacts
6430013253539,openfacts
6430013253652,openfacts
6430013253782,openfacts
6430013253850,openfacts
6430013257001,openfacts
6430013257353,openfacts
6430013257568,openfacts
6430013257872,openfacts
6430013258008,openfacts
6430013258060,openfacts
6430013258121,openfacts
6430013258152,openfacts
6430013258183,openfacts
6430013258510,openfacts
6430013258718,openfacts
6430013258992,openfacts
6430013262791,openfacts
6430013860058,openfacts
6430013860065,openfacts
6430013860263,openfacts
6430013862748,openfacts
6430014070166,openfacts
6430014210388,openfacts
6430014211231,openfacts
6430014211415,openfacts
6430014212542,openfacts
6430014212566,openfacts
6430014212726,openfacts
6430014212894,openfacts
6430014213242,openfacts
6430014213693,openfacts
6430014213716,openfacts
6430014214294,openfacts
6430014214522,openfacts
6430014214805,openfacts
6430014214843,openfacts
6430014214898,openfacts
6430014215154,openfacts
6430014430137,openfacts
6430014651013,openfacts
6430014721846,openfacts
6430015390058,openfacts
6430015390522,openfacts
6430015530041,openfacts
6430015532137,openfacts
6430015533226,openfacts
6430015533455,openfacts
6430015533479,openfacts
6430015533516,openfacts
6430015533561,openfacts
6430015533585,openfacts
6430015533660,openfacts
6430015533714,openfacts
6430015533738,openfacts
6430015533752,openfacts
6430015533783,openfacts
6430015533813,openfacts
6430015533837,openfacts
6430015534223,openfacts
6430015536579,openfacts
6430015536586,openfacts
6430015536609,openfacts
6430015536623,openfacts
6430015536760,openfacts
6430015536821,openfacts
6430015536951,openfacts
6430015537163,openfacts
6430015537187,openfacts
6430015537200,openfacts
6430015537224,openfacts
6430015537248,openfacts
6430015537262,openfacts
6430015537286,openfacts
6430015537309,openfacts
6430015537323,openfacts
6430015537347,openfacts
6430015537361,openfacts
6430015538009,openfacts
6430015538085,openfacts
6430015538108,openfacts
6430015538252,openfacts
6430015538276,openfacts
6430015538498,openfacts
6430015538511,openfacts
6430015538801,openfacts
6430015538825,openfacts
6430015538856,openfacts
6430015538863,openfacts
6430015539426,openfacts
6430015630772,openfacts
6430016139441,openfacts
6430016340090,openfacts
6430016340182,openfacts
6430016340373,openfacts
6430016340526,openfacts
6430016340625,openfacts
6430016340656,openfacts
6430016340892,openfacts
6430016340984,openfacts
6430016341158,openfacts
6430016341486,openfacts
6430016341509,openfacts
6430016342261,openfacts
6430016342285,openfacts
6430016342643,openfacts
6430016342896,openfacts
6430016343015,openfacts
6430016343145,openfacts
6430016343176,openfacts
6430016343329,openfacts
6430016671217,openfacts
6430016950022,openfacts
6430016975025,openfacts
6430016975032,openfacts
6430016979085,openfacts
6430016979450,openfacts
6430017600445,openfacts
6430017602098,openfacts
6430017751031,openfacts
6430017900330,openfacts
6430017901320,openfacts
6430017901498,openfacts
6430017901696,openfacts
6430017901887,openfacts
6430017903157,openfacts
6430017904017,openfacts
6430017905007,openfacts
6430017905137,openfacts
6430017906004,openfacts
6430017906035,openfacts
6430017906066,openfacts
6430017906097,openfacts
6430017906158,openfacts
6430017907636,openfacts
6430017907674,openfacts
6430017907698,openfacts
6430017907957,openfacts
6430017909333,openfacts
6430017909357,openfacts
6430017909395,openfacts
6430017909661,openfacts
6430017909951,openfacts
6430017961515,openfacts
6430018131580,openfacts
6430018222318,openfacts
6430018270043,wikidata
6430018279305,wikidata
6430018361512,openfacts
6430018361567,openfacts
6430018361574,openfacts
6430018361581,openfacts
6430018361598,openfacts
6430018361604,openfacts
6430018361611,openfacts
6430018361628,openfacts
6430018361642,openfacts
6430018361673,openfacts
6430018361703,openfacts
6430018361833,openfacts
6430018361857,openfacts
6430018361932,openfacts
6430018361994,openfacts
6430018362007,openfacts
6430018362021,openfacts
6430018362144,openfacts
6430018362151,openfacts
6430018362182,openfacts
6430018362243,openfacts
6430018362250,openfacts
6430018362328,openfacts
6430018362335,openfacts
6430018362359,openfacts
6430018362403,openfacts
6430018362427,openfacts
6430018362434,openfacts
6430018362441,openfacts
6430018362564,openfacts
6430018362649,openfacts
6430018362670,openfacts
6430018362687,openfacts
6430018362823,openfacts
6430018362939,openfacts
6430018363073,openfacts
6430018363080,openfacts
6430018363165,openfacts
6430018363455,openfacts
6430018363462,openfacts
6430018363479,openfacts
6430018363486,openfacts
6430018363820,openfacts
6430018363837,openfacts
6430018363851,openfacts
6430018363868,openfacts
6430018363875,openfacts
6430018363943,openfacts
6430018363974,openfacts
6430018364094,openfacts
6430018523743,openfacts
6430018524917,openfacts
6430020460487,openfacts
6430020460531,openfacts
6430021042002,openfacts
6430021415035,openfacts
6430021438010,openfacts
6430021700018,openfacts
6430021716064,openfacts
6430021716125,openfacts
6430022135215,openfacts
6430022137578,openfacts
6430022138001,openfacts
6430022138018,openfacts
6430022138025,openfacts
6430022138049,openfacts
6430022138056,openfacts
6430022138063,openfacts
6430022157309,openfacts
6430022158450,openfacts
6430022158467,openfacts
6430022158672,openfacts
6430022486027,openfacts
6430022831186,openfacts
6430022831193,openfacts
6430022834477,openfacts
6430022834910,openfacts
6430022834941,openfacts
6430022834958,openfacts
6430022835429,openfacts
6430022835627,openfacts
6430022835719,openfacts
6430022835818,openfacts
6430022835825,openfacts
6430022835856,openfacts
6430022835900,openfacts
6430022835955,openfacts
6430022835979,openfacts
6430022838536,openfacts
6430022838543,openfacts
6430022838567,openfacts
6430022838581,openfacts
6430022838642,openfacts
6430022838697,openfacts
6430022839922,openfacts
6430022930018,openfacts
6430022930858,openfacts
6430022930889,openfacts
6430022930896,openfacts
6430022930902,openfacts
6430022931091,openfacts
6430023294850,openfacts
6430023901413,openfacts
6430023901802,openfacts
6430024240269,openfacts
6430024961201,openfacts
6430024965001,openfacts
6430024999730,openfacts
6430024999815,openfacts
6430024999884,openfacts
6430025256658,openfacts
6430025256900,openfacts
6430025256924,openfacts
6430025256955,openfacts
6430025257495,openfacts
6430025257693,openfacts
6430025257778,openfacts
6430025257792,openfacts
6430025257815,openfacts
6430025257839,openfacts
6430025258003,openfacts
6430025258010,openfacts
6430025258652,openfacts
6430025258973,openfacts
6430025258997,openfacts
6430025259093,openfacts
6430025259277,openfacts
6430025259291,openfacts
6430025259352,openfacts
6430025259376,openfacts
6430025259413,openfacts
6430025259437,openfacts
6430025259499,openfacts
6430025259536,openfacts
6430025259949,openfacts
6430025280042,openfacts
6430025520100,openfacts
6430025522388,openfacts
6430025523071,openfacts
6430025523125,openfacts
6430025525778,openfacts
6430025525952,openfacts
6430025525976,openfacts
6430025526034,openfacts
6430025526119,openfacts
6430025526133,openfacts
6430025526256,openfacts
6430025526294,openfacts
6430025526317,openfacts
6430025526430,openfacts
6430025526454,openfacts
6430025526652,openfacts
6430025527307,openfacts
6430025527321,openfacts
6430025527345,openfacts
6430025527369,openfacts
6430025640037,openfacts
6430025821757,openfacts
6430025940052,openfacts
6430026100066,openfacts
6430026100134,openfacts
6430026800270,openfacts
6430026800294,openfacts
6430027340454,openfacts
6430027342526,openfacts
6430027342588,openfacts
6430027342601,openfacts
6430027342915,openfacts
6430027349983,openfacts
6430027414735,openfacts
6430028230150,openfacts
6430028230167,openfacts
6430028234011,openfacts
6430028234028,openfacts
6430028234035,openfacts
6430028234141,openfacts
6430028234158,openfacts
6430028234165,openfacts
6430028234172,openfacts
6430028234189,openfacts
6430028234257,openfacts
6430028234295,openfacts
6430028234349,openfacts
6430028234417,openfacts
6430028234424,openfacts
6430028234462,openfacts
6430028235094,openfacts
6430028235308,openfacts
6430028235407,openfacts
6430028330010,openfacts
6430028420148,openfacts
6430028420339,openfacts
6430028420452,openfacts
6430028420490,openfacts
6430029281267,openfacts
6430029281960,openfacts
6430029282172,openfacts
6430029282530,openfacts
6430029282578,openfacts
6430029283773,openfacts
6430029283827,openfacts
6430029283834,openfacts
6430029285470,openfacts
6430029285845,openfacts
6430029286323,openfacts
6430029286552,openfacts
6430029286828,openfacts
6430029287023,openfacts
6430029287337,openfacts
6430029289904,openfacts
6430029320003,openfacts
6430029320201,openfacts
6430029763091,openfacts
6430029763169,openfacts
6430029764289,openfacts
6430029764449,openfacts
6430029897031,openfacts
6430029933753,openfacts
6430030031134,openfacts
6430030031271,openfacts
6430030150040,item_master
6430030150057,item_master
6430030290029,openfacts
6430030290036,openfacts
6430030290043,openfacts
6430030290265,openfacts
6430030350013,openfacts
6430030350051,openfacts
6430030350099,openfacts
6430030380317,openfacts
6430030380904,openfacts
6430030797702,openfacts
6430030797764,openfacts
6430031017793,item_master
6430031044553,item_master
6430031180015,openfacts
6430031180039,openfacts
6430031891843,openfacts
6430031891881,openfacts
6430031984071,openfacts
6430032283012,openfacts
6430032660769,openfacts
6430032663364,openfacts
6430032663388,openfacts
6430032665009,openfacts
6430032800363,openfacts
6430032800516,openfacts
6430032800608,openfacts
6430032800769,openfacts
6430032801018,openfacts
6430032802862,openfacts
6430032802879,openfacts
6430032803258,openfacts
6430032803371,openfacts
6430032830247,openfacts
6430032830261,openfacts
6430033170571,openfacts
6430033171165,openfacts
6430033178331,openfacts
6430033431009,openfacts
6430033432006,openfacts
6430033432105,openfacts
6430033520000,openfacts
6430033521090,openfacts
6430033521649,openfacts
6430033521663,openfacts
6430033522677,openfacts
6430033523766,openfacts
6430033524077,openfacts
6430033524862,openfacts
6430033525227,openfacts
6430033525258,openfacts
6430033525739,openfacts
6430033526439,openfacts
6430033527450,openfacts
6430033528488,openfacts
6430033528549,openfacts
6430033528839,openfacts
6430033528860,openfacts
6430034010043,openfacts
6430034010159,openfacts
6430034010579,openfacts
6430034010739,openfacts
6430034010760,openfacts
6430034012207,openfacts
6430034013129,openfacts
6430034013228,openfacts
6430034013242,openfacts
6430034014591,openfacts
6430034014621,openfacts
6430034014652,openfacts
6430034014775,openfacts
6430034014799,openfacts
6430034015154,openfacts
6430034015260,openfacts
6430034015314,openfacts
6430034015376,openfacts
6430034015390,openfacts
6430034015413,openfacts
6430034015451,openfacts
6430034015475,openfacts
6430034015628,openfacts
6430034015772,openfacts
6430034016458,openfacts
6430034016489,openfacts
6430034016724,openfacts
6430034016748,openfacts
6430034017158,openfacts
6430034017165,openfacts
6430034017257,openfacts
6430034017448,openfacts
6430034017462,openfacts
6430034018162,openfacts
6430034018315,openfacts
6430034018599,openfacts
6430034018605,openfacts
6430034018902,openfacts
6430034018919,openfacts
6430034018926,openfacts
6430034019091,openfacts
6430034019114,openfacts
6430034019244,openfacts
6430034019282,openfacts
6430034019626,openfacts
6430034019800,openfacts
6430034019947,openfacts
6430034019978,openfacts
6430034140238,openfacts
6430034140566,openfacts
6430034320029,openfacts
6430035020256,openfacts
6430035020287,openfacts
6430035020294,openfacts
6430035020379,openfacts
6430035020843,openfacts
6430035191543,openfacts
6430035203024,openfacts
6430035211777,openfacts
6430035370498,openfacts
6430035371037,openfacts
6430036090081,openfacts
6430036090319,openfacts
6430036090777,openfacts
6430036680015,openfacts
6430036731045,openfacts
6430036731199,openfacts
6430036731250,openfacts
6430036731397,openfacts
6430036731717,openfacts
6430036731892,openfacts
6430036731953,openfacts
6430036732004,openfacts
6430036732103,openfacts
6430036732523,openfacts
6430036732547,openfacts
6430036732790,openfacts
6430036732851,openfacts
6430036732936,openfacts
6430036733599,openfacts
6430036733650,openfacts
6430036733735,openfacts
6430036734282,openfacts
6430036734541,openfacts
6430036734602,openfacts
6430036736125,openfacts
6430037230707,openfacts
6430037230714,openfacts
6430037238017,openfacts
6430037551062,openfacts
6430037690624,openfacts
6430037730009,openfacts
6430037770302,openfacts
6430037851315,openfacts
6430037859038,openfacts
6430038050045,openfacts
6430038050113,openfacts
6430038050250,openfacts
6430038050281,openfacts
6430038051370,openfacts
6430038058478,openfacts
6430038059543,openfacts
6430038530066,openfacts
6430039042742,openfacts
6430039220713,openfacts
6430039220768,openfacts
6430039220805,openfacts
6430039220928,openfacts
6430039221017,openfacts
6430039221130,openfacts
6430039221246,openfacts
6430039221352,openfacts
6430039221369,openfacts
6430039221437,openfacts
6430039221802,openfacts
6430039222076,openfacts
6430039222205,openfacts
6430039222212,openfacts
6430039222342,openfacts
6430039222359,openfacts
6430039222458,openfacts
6430039222557,openfacts
6430039222588,openfacts
6430039222595,openfacts
6430039222601,openfacts
6430039222700,openfacts
6430039222748,openfacts
6430039223011,openfacts
6430039223028,openfacts
6430039223035,openfacts
6430039223066,openfacts
6430039223103,openfacts
6430039223110,openfacts
6430039223127,openfacts
6430039223134,openfacts
6430039223141,openfacts
6430039223189,openfacts
6430039223196,openfacts
6430039223240,openfacts
6430039223332,openfacts
6430039223370,openfacts
6430039223394,openfacts
6430039223424,openfacts
6430039223967,openfacts
6430039224339,openfacts
6430039224407,openfacts
6430039224629,openfacts
6430039224889,openfacts
6430039224971,openfacts
6430039225114,openfacts
6430039225152,openfacts
6430039225183,openfacts
6430039225237,openfacts
6430039225329,openfacts
6430039226012,openfacts
6430039229198,openfacts
6430039229211,openfacts
6430039229334,openfacts
6430039229549,openfacts
6430039229679,openfacts
6430039229853,openfacts
6430039460638,openfacts
6430039460966,openfacts
6430039461345,openfacts
6430039462632,openfacts
6430039660588,openfacts
6430039922310,openfacts
6430041080060,openfacts
6430041080077,openfacts
6430041080091,openfacts
6430041080145,openfacts
6430041080152,openfacts
6430041080398,openfacts
6430041081227,openfacts
6430041081579,openfacts
6430041081586,openfacts
6430041081609,openfacts
6430041081616,openfacts
6430041081661,openfacts
6430041310020,openfacts
6430041310044,openfacts
6430041312017,openfacts
6430041350064,openfacts
6430041350071,openfacts
6430041495031,openfacts
6430041495079,openfacts
6430041495550,openfacts
6430041609919,openfacts
6430042010219,openfacts
6430042016013,openfacts
6430042020409,openfacts
6430042022557,openfacts
6430042023066,openfacts
6430042024858,openfacts
6430042024889,openfacts
6430042024940,openfacts
6430042024971,openfacts
6430042025039,openfacts
6430042025060,openfacts
6430042025091,openfacts
6430042025121,openfacts
6430042025152,openfacts
6430042025312,openfacts
6430042025343,openfacts
6430042025374,openfacts
6430042213337,openfacts
6430042460229,openfacts
6430042463121,openfacts
6430042466047,openfacts
6430042700028,openfacts
6430042702282,openfacts
6430042705115,openfacts
6430042861835,openfacts
6430043010096,openfacts
6430043010386,openfacts
6430043010416,openfacts
6430043010430,openfacts
6430043010478,openfacts
6430043010553,openfacts
6430043010584,openfacts
6430043010683,openfacts
6430043010843,openfacts
6430043010973,openfacts
6430043011000,openfacts
6430043013226,openfacts
6430043013233,openfacts
6430043013318,openfacts
6430043121556,openfacts
6430043127091,openfacts
6430043241049,openfacts
6430043241100,openfacts
6430043241131,openfacts
6430043241339,openfacts
6430043242015,openfacts
6430043242046,openfacts
6430043242138,openfacts
6430043242169,openfacts
6430043243104,openfacts
6430043243319,openfacts
6430043245016,openfacts
6430043245047,openfacts
6430043245078,openfacts
6430043245108,openfacts
6430043245139,openfacts
6430043245306,openfacts
6430043245337,openfacts
6430043246587,openfacts
6430043247508,openfacts
6430043247539,openfacts
6430043248284,openfacts
6430043249069,openfacts
6430043691059,openfacts
6430043701185,openfacts
6430044200007,openfacts
6430044204166,openfacts
6430044380600,openfacts
6430044380662,openfacts
6430044380686,openfacts
6430044381027,openfacts
6430044381126,openfacts
6430044381362,openfacts
6430044381751,openfacts
6430044381935,openfacts
6430044381959,openfacts
6430044382093,openfacts
6430044383090,openfacts
6430044383748,openfacts
6430045120045,openfacts
6430045632005,openfacts
6430045633002,openfacts
6430046103269,openfacts
6430046497115,openfacts
6430046497122,openfacts
6430046497139,openfacts
6430046691551,openfacts
6430047390132,openfacts
6430047630351,openfacts
6430047630368,openfacts
6430047630658,openfacts
6430047630665,openfacts
6430047630764,openfacts
6430047630887,openfacts
6430047630948,openfacts
6430047631068,openfacts
6430047631075,openfacts
6430047631112,openfacts
6430047631525,openfacts
6430047632034,openfacts
6430047632041,openfacts
6430047632096,openfacts
6430047632249,openfacts
6430047632256,openfacts
6430047632263,openfacts
6430047632492,openfacts
6430047633000,openfacts
6430047652452,openfacts
6430047852012,openfacts
6430047852609,openfacts
6430047853040,openfacts
6430047853101,openfacts
6430047853187,openfacts
6430047853194,openfacts
6430047853255,openfacts
6430047853514,openfacts
6430047853552,openfacts
6430047853620,openfacts
6430047853866,openfacts
6430047853873,openfacts
6430047853880,openfacts
6430047854115,openfacts
6430047854368,openfacts
6430047854733,openfacts
6430047854863,openfacts
6430047855877,openfacts
6430047857277,openfacts
6430047857413,openfacts
6430047857420,openfacts
6430047858823,openfacts
6430047858830,openfacts
6430047858847,openfacts
6430047858861,openfacts
6430047859004,openfacts
6430047859035,openfacts
6430047859110,openfacts
6430047859271,openfacts
6430047859325,openfacts
6430047859448,openfacts
6430047859486,openfacts
6430047859929,openfacts
6430047859967,openfacts
6430048012019,openfacts
6430048012026,openfacts
6430048012040,openfacts
6430048013016,openfacts
6430048230024,openfacts
6430048230031,openfacts
6430048230093,openfacts
6430048230994,openfacts
6430048231007,openfacts
6430048231014,openfacts
6430048231410,openfacts
6430048232974,openfacts
6430048233001,openfacts
6430048233124,openfacts
6430048233155,openfacts
6430048233285,openfacts
6430048233346,openfacts
6430048233773,openfacts
6430048233797,openfacts
6430048233810,openfacts
6430048234602,openfacts
6430048234664,openfacts
6430048234671,openfacts
6430048235029,openfacts
6430048237320,openfacts
6430048237337,openfacts
6430048237740,openfacts
6430048237771,openfacts
6430048237801,openfacts
6430048237832,openfacts
6430048238631,openfacts
6430048238846,openfacts
6430048238853,openfacts
6430048238860,openfacts
6430048239089,openfacts
6430048239096,openfacts
6430048239294,openfacts
6430048239386,openfacts
6430048239393,openfacts
6430048239409,openfacts
6430048239621,openfacts
6430048239638,openfacts
6430048400014,openfacts
6430048441031,openfacts
6430048441062,openfacts
6430048441116,openfacts
6430048441154,openfacts
6430048441178,openfacts
6430048441215,openfacts
6430048441239,openfacts
6430048441260,openfacts
6430048441369,openfacts
6430048441413,openfacts
6430048441420,openfacts
6430048441437,openfacts
6430048441444,openfacts
6430048441451,openfacts
6430048441468,openfacts
6430048442076,openfacts
6430048443011,openfacts
6430048443158,openfacts
6430048443165,openfacts
6430048443172,openfacts
6430048444056,openfacts
6430048444223,openfacts
6430048444254,openfacts
6430048444261,openfacts
6430048444285,openfacts
6430048444292,openfacts
6430048444315,openfacts
6430048444339,openfacts
6430048444346,openfacts
6430048444353,openfacts
6430048444377,openfacts
6430048444384,openfacts
6430048444407,openfacts
6430048444414,openfacts
6430048444421,openfacts
6430048444438,openfacts
6430048444445,openfacts
6430048446104,openfacts
6430048446111,openfacts
6430048446135,openfacts
6430048446142,openfacts
6430048446166,openfacts
6430048446180,openfacts
6430048446197,openfacts
6430048446203,openfacts
6430048446210,openfacts
6430048446227,openfacts
6430048446241,openfacts
6430048447385,openfacts
6430048447392,openfacts
6430048447408,openfacts
6430048447415,openfacts
6430048447422,openfacts
6430048447439,openfacts
6430048447446,openfacts
6430048447453,openfacts
6430048448030,openfacts
6430048448115,openfacts
6430048448214,openfacts
6430048448313,openfacts
6430048448467,openfacts
6430048448474,openfacts
6430048449020,openfacts
6430048449051,openfacts
6430048449068,openfacts
6430048449099,openfacts
6430048449198,openfacts
6430048449204,openfacts
6430048449235,openfacts
6430048449396,openfacts
6430048449464,openfacts
6430048449471,openfacts
6430048480801,openfacts
6430049200002,openfacts
6430049200149,openfacts
6430049200460,openfacts
6430049201344,openfacts
6430049201467,openfacts
6430049201573,openfacts
6430049201801,openfacts
6430049202105,openfacts
6430049202266,openfacts
6430049202280,openfacts
6430049204499,openfacts
6430049204819,openfacts
6430049204826,openfacts
6430049204833,openfacts
6430049204857,openfacts
6430049204888,openfacts
6430049206240,openfacts
6430049210728,openfacts
6430049420011,openfacts
6430049540672,openfacts
6430049540825,openfacts
6430049544021,openfacts
6430049699950,openfacts
6430049981192,openfacts
6430049984520,openfacts
6430050001025,openfacts
6430050002770,openfacts
6430050003074,openfacts
6430050003395,openfacts
6430050004057,openfacts
6430050004873,openfacts
6430050009083,openfacts
6430050763534,openfacts
6430050763961,openfacts
6430050764999,openfacts
6430050765057,openfacts
6430050765125,openfacts
6430050765187,openfacts
6430050765316,openfacts
6430050765453,openfacts
6430050765491,openfacts
6430050765507,openfacts
6430050765521,openfacts
6430050765569,openfacts
6430050765590,openfacts
6430050765606,openfacts
6430050765613,openfacts
6430050765620,openfacts
6430050934019,openfacts
6430051150029,openfacts
6430051150173,openfacts
6430051360688,openfacts
6430051360725,openfacts
6430051360732,openfacts
6430051361067,openfacts
6430051361074,openfacts
6430051361197,openfacts
6430051361265,openfacts
6430051361272,openfacts
6430051361289,openfacts
6430051361296,openfacts
6430051362279,openfacts
6430051362392,openfacts
6430051511578,openfacts
6430051511639,openfacts
6430051512834,openfacts
6430051512933,openfacts
6430051514821,openfacts
6430051514845,openfacts
6430051515088,openfacts
6430051516122,openfacts
6430051516146,openfacts
6430051517884,openfacts
6430051518713,openfacts
6430051519154,openfacts
6430051519673,openfacts
6430051519895,openfacts
6430051640124,openfacts
6430051640186,openfacts
6430051641374,openfacts
6430051641633,openfacts
6430051791147,openfacts
6430051791154,openfacts
6430051821011,openfacts
6430051822629,openfacts
6430051824005,openfacts
6430051824111,openfacts
6430051824777,openfacts
6430051824876,openfacts
6430051825071,openfacts
6430051825088,openfacts
6430051825330,openfacts
6430051825415,openfacts
6430051825682,openfacts
6430051827921,openfacts
6430051828379,openfacts
6430051828997,openfacts
6430051829031,openfacts
6430051829574,openfacts
6430051980008,openfacts
6430051980015,openfacts
6430051980107,openfacts
6430051980121,openfacts
6430052001344,openfacts
6430052001405,openfacts
6430052001429,openfacts
6430052003188,openfacts
6430052003201,openfacts
6430052003331,openfacts
6430052003393,openfacts
6430052008398,openfacts
6430052370044,openfacts
6430052370372,openfacts
6430052370693,openfacts
6430052373403,openfacts
6430052373687,openfacts
6430052375001,openfacts
6430052375230,openfacts
6430052375247,openfacts
6430052375308,openfacts
6430052379665,openfacts
6430052551160,openfacts
6430052552105,openfacts
6430052985538,openfacts
6430052985934,openfacts
6430052985972,openfacts
6430052989550,openfacts
6430052989741,openfacts
6430052989895,openfacts
6430053052635,openfacts
6430053054233,openfacts
6430053054547,openfacts
6430053054967,openfacts
6430053058118,openfacts
6430053130029,openfacts
6430053350168,openfacts
6430053350700,openfacts
6430053351110,openfacts
6430053351127,openfacts
6430053351134,openfacts
6430053351141,openfacts
6430053351158,openfacts
6430053351165,openfacts
6430053351196,openfacts
6430053351233,openfacts
6430053351240,openfacts
6430053351264,openfacts
6430053351424,openfacts
6430053351653,openfacts
6430053351721,openfacts
6430053351806,openfacts
6430053351950,openfacts
6430053351967,openfacts
6430053352032,openfacts
6430053352056,openfacts
6430053352094,openfacts
6430053352131,openfacts
6430053352230,openfacts
6430053352261,openfacts
6430053352285,openfacts
6430053352308,openfacts
6430053352384,openfacts
6430053352391,openfacts
6430053352445,openfacts
6430053352490,openfacts
6430053352506,openfacts
6430053352575,openfacts
6430053410015,openfacts
6430053502000,openfacts
6430053640184,openfacts
6430053640290,openfacts
6430053640320,openfacts
6430053640368,openfacts
6430053640375,openfacts
6430053642843,openfacts
6430053730335,openfacts
6430053730632,openfacts
6430053731110,openfacts
6430053731134,openfacts
6430053731684,openfacts
6430053731929,openfacts
6430053731943,openfacts
6430053732506,openfacts
6430053732520,openfacts
6430053732537,openfacts
6430053732544,openfacts
6430053732650,openfacts
6430053733015,openfacts
6430053733091,openfacts
6430053733206,openfacts
6430053733664,openfacts
6430053733671,openfacts
6430053733688,openfacts
6430053733930,openfacts
6430053733961,openfacts
6430053733992,openfacts
6430053734364,openfacts
6430053734746,openfacts
6430053734951,openfacts
6430054080842,openfacts
6430054081078,openfacts
6430054081610,openfacts
6430054081672,openfacts
6430054081764,openfacts
6430054081771,openfacts
6430054081788,openfacts
6430054081887,openfacts
6430054081962,openfacts
6430054210133,openfacts
6430054830287,openfacts
6430054830294,openfacts
6430054830720,openfacts
6430054831215,openfacts
6430054831659,openfacts
6430054832823,openfacts
6430054832915,openfacts
6430054833189,openfacts
6430054833196,openfacts
6430054833202,openfacts
6430054833455,openfacts
6430054833905,openfacts
6430054833936,openfacts
6430054833967,openfacts
6430054834087,openfacts
6430054834568,openfacts
6430054834599,openfacts
6430054834650,openfacts
6430054835183,openfacts
6430054835244,openfacts
6430054835275,openfacts
6430055040012,openfacts
6430055040067,openfacts
6430055040104,openfacts
6430055210736,openfacts
6430055210811,openfacts
6430055211139,openfacts
6430055211184,openfacts
6430055211191,openfacts
6430055211665,openfacts
6430055211689,openfacts
6430055211832,openfacts
6430055212068,openfacts
6430055212129,openfacts
6430055212198,openfacts
6430055212204,openfacts
6430055212273,openfacts
6430055212280,openfacts
6430055212464,openfacts
6430055212549,openfacts
6430055212556,openfacts
6430055212570,openfacts
6430055212709,openfacts
6430055212730,openfacts
6430055212754,openfacts
6430055213423,openfacts
6430055214598,openfacts
6430055214635,openfacts
6430055214802,openfacts
6430055214932,openfacts
6430055214956,openfacts
6430055215328,openfacts
6430055215335,openfacts
6430055215359,openfacts
6430055215380,openfacts
6430055215434,openfacts
6430055215519,openfacts
6430055215540,openfacts
6430055215557,openfacts
6430055215588,openfacts
6430055215892,openfacts
6430055215922,openfacts
6430055215984,openfacts
6430055216059,openfacts
6430055216097,openfacts
6430055216530,openfacts
6430055218367,openfacts
6430055218596,openfacts
6430055218688,openfacts
6430055218695,openfacts
6430055218701,openfacts
6430055218824,openfacts
6430055218848,openfacts
6430055218886,openfacts
6430055219050,openfacts
6430055219579,openfacts
6430055270037,openfacts
6430055270044,openfacts
6430055270051,openfacts
6430055270105,openfacts
6430055270440,openfacts
6430055270921,openfacts
6430055271072,openfacts
6430055271157,openfacts
6430055386820,openfacts
6430055386868,openfacts
6430055386882,openfacts
6430055462906,openfacts
6430055950465,openfacts
6430055950489,openfacts
6430055950670,openfacts
6430055950823,openfacts
6430055951271,openfacts
6430055951394,openfacts
6430055953848,openfacts
6430055953862,openfacts
6430056035505,item_master
6430056035512,item_master
6430056035529,item_master
6430056035536,item_master
6430056035543,item_master
6430056035550,item_master
6430056035574,item_master
6430056080093,openfacts
6430056180038,openfacts
6430056180052,openfacts
6430056180137,openfacts
6430056180229,openfacts
6430056180236,openfacts
6430056180571,openfacts
6430056220116,openfacts
6430056220208,openfacts
6430056220246,openfacts
6430056220260,openfacts
6430056220291,openfacts
6430056220307,openfacts
6430056220314,openfacts
6430056220352,openfacts
6430056220376,openfacts
6430056220390,openfacts
6430056220406,openfacts
6430056221120,openfacts
6430056221137,openfacts
6430056221151,openfacts
6430056221175,openfacts
6430056221205,openfacts
6430056221212,openfacts
6430056221229,openfacts
6430056221236,openfacts
6430056221243,openfacts
6430056221267,openfacts
6430056221274,openfacts
6430056221298,openfacts
6430056221304,openfacts
6430056227023,openfacts
6430056227030,openfacts
6430056227054,openfacts
6430056227078,openfacts
6430056227085,openfacts
6430056260006,openfacts
6430056260242,openfacts
6430056260884,openfacts
6430056260891,openfacts
6430056260907,openfacts
6430056261010,openfacts
6430056261249,openfacts
6430056261454,openfacts
6430056261959,openfacts
6430056261980,openfacts
6430056262017,openfacts
6430056262109,openfacts
6430056262628,openfacts
6430056262710,openfacts
6430056262963,openfacts
6430056263427,openfacts
6430056263595,openfacts
6430056263625,openfacts
6430056263656,openfacts
6430056280639,openfacts
6430056280646,openfacts
6430056280851,openfacts
6430056281230,openfacts
6430056281346,openfacts
6430056282077,openfacts
6430056282619,openfacts
6430056282725,openfacts
6430056282749,openfacts
6430056282756,openfacts
6430056282787,openfacts
6430056282794,openfacts
6430056282800,openfacts
6430056282886,openfacts
6430056282893,openfacts
6430056283050,openfacts
6430056283067,openfacts
6430056283074,openfacts
6430056283470,openfacts
6430056283821,openfacts
6430056283838,openfacts
6430056283845,openfacts
6430056283883,openfacts
6430056283890,openfacts
6430056283920,openfacts
6430056283937,openfacts
6430056283951,openfacts
6430056283968,openfacts
6430056283982,openfacts
6430056283999,openfacts
6430056284019,openfacts
6430056284026,openfacts
6430056284033,openfacts
6430056284057,openfacts
6430056284064,openfacts
6430056284071,openfacts
6430056284095,openfacts
6430056284101,openfacts
6430056284125,openfacts
6430056284132,openfacts
6430056284149,openfacts
6430056284156,openfacts
6430056284163,openfacts
6430056284194,openfacts
6430056284200,openfacts
6430056284217,openfacts
6430056284224,openfacts
6430056284231,openfacts
6430056284248,openfacts
6430056284255,openfacts
6430056284279,openfacts
6430056284293,openfacts
6430056284316,openfacts
6430056284323,openfacts
6430056284361,openfacts
6430056284385,openfacts
6430056284392,openfacts
6430056284422,openfacts
6430056284439,openfacts
6430056289199,openfacts
6430056289205,openfacts
6430056289380,openfacts
6430056289397,openfacts
6430056289403,openfacts
6430056289533,openfacts
6430056289540,openfacts
6430056289557,openfacts
6430056289595,openfacts
6430056289601,openfacts
6430056289670,openfacts
6430056289694,openfacts
6430056289724,openfacts
6430056289731,openfacts
6430056289748,openfacts
6430056289779,openfacts
6430056289793,openfacts
6430056289809,openfacts
6430056289823,openfacts
6430056289854,openfacts
6430056289878,openfacts
6430056289885,openfacts
6430056289892,openfacts
6430056289908,openfacts
6430056289915,openfacts
6430056289922,openfacts
6430056289939,openfacts
6430056289946,openfacts
6430056289953,openfacts
6430056289960,openfacts
6430056289984,openfacts
6430056289991,openfacts
6430056427133,openfacts
6430056590288,openfacts
6430056590851,openfacts
6430056591063,openfacts
6430056591087,openfacts
6430056591315,openfacts
6430056591339,openfacts
6430056591353,openfacts
6430056591391,openfacts
6430056591605,openfacts
6430056591681,openfacts
6430056592374,openfacts
6430056592398,openfacts
6430056592459,openfacts
6430056592565,openfacts
6430056593050,openfacts
6430056593159,openfacts
6430056593197,openfacts
6430056593210,openfacts
6430056593333,openfacts
6430056593357,openfacts
6430056593494,openfacts
6430056593517,openfacts
6430056593531,openfacts
6430056593678,openfacts
6430056593692,openfacts
6430056593791,openfacts
6430056593814,openfacts
6430056593838,openfacts
6430056594132,openfacts
6430056594279,openfacts
6430056594736,openfacts
6430056594743,openfacts
6430056595085,openfacts
6430056595122,openfacts
6430056595269,openfacts
6430056595382,openfacts
6430056595429,openfacts
6430056595436,openfacts
6430056595504,openfacts
6430056595528,openfacts
6430056595559,openfacts
6430056595641,openfacts
6430056595689,openfacts
6430056595788,openfacts
6430056595863,openfacts
6430056595887,openfacts
6430056595900,openfacts
6430056595948,openfacts
6430056595955,openfacts
6430056596051,openfacts
6430056596082,openfacts
6430056596099,openfacts
6430056596105,openfacts
6430056596150,openfacts
6430056596167,openfacts
6430056596181,openfacts
6430056596594,openfacts
6430056596686,openfacts
6430056596778,openfacts
6430056596822,openfacts
6430056596839,openfacts
6430056596914,openfacts
6430056597256,openfacts
6430056597263,openfacts
6430056597294,openfacts
6430056597379,openfacts
6430056597553,openfacts
6430056597560,openfacts
6430056597577,openfacts
6430056597607,openfacts
6430056597652,openfacts
6430056597669,openfacts
6430056597676,openfacts
6430056597683,openfacts
6430056597836,openfacts
6430056597850,openfacts
6430056597966,openfacts
6430056598055,openfacts
6430056598468,openfacts
6430056598840,openfacts
6430056599052,openfacts
6430056599137,openfacts
6430056599151,openfacts
6430056599816,openfacts
6430056599922,openfacts
6430056691121,openfacts
6430056887531,openfacts
6430056937779,openfacts
6430057574034,openfacts
6430057578780,openfacts
6430057640302,openfacts
6430057690338,openfacts
6430057690536,openfacts
6430057690543,openfacts
6430057690635,openfacts
6430057690697,openfacts
6430057690796,openfacts
6430057691328,openfacts
6430057691892,openfacts
6430057692295,openfacts
6430057692714,openfacts
6430057692752,openfacts
6430057693612,openfacts
6430057694350,openfacts
6430057694435,openfacts
6430057694503,openfacts
6430057694527,openfacts
6430057694541,openfacts
6430057694824,openfacts
6430057694961,openfacts
6430057695005,openfacts
6430057695630,openfacts
6430057695692,openfacts
6430057695715,openfacts
6430057695777,openfacts
6430057697160,openfacts
6430057697283,openfacts
6430057697306,openfacts
6430057697382,openfacts
6430057697450,openfacts
6430057697474,openfacts
6430057697498,openfacts
6430057697511,openfacts
6430057697573,openfacts
6430057697658,openfacts
6430057698037,openfacts
6430057698075,openfacts
6430057698297,openfacts
6430057698396,openfacts
6430057698419,openfacts
6430057698464,openfacts
6430057698587,openfacts
6430057698631,openfacts
6430057698846,openfacts
6430057698853,openfacts
6430057698860,openfacts
6430057699065,openfacts
6430057781487,openfacts
6430057880135,openfacts
6430057880142,openfacts
6430057880739,openfacts
6430057881156,openfacts
6430057881170,openfacts
6430057881217,openfacts
6430057881477,openfacts
6430057980088,openfacts
6430057980286,openfacts
6430057980422,openfacts
6430057980729,openfacts
6430057980828,openfacts
6430057981153,openfacts
6430057982549,openfacts
6430057982556,openfacts
6430057983249,openfacts
6430057984475,openfacts
6430057984512,openfacts
6430057984550,openfacts
6430057984574,openfacts
6430058072669,openfacts
6430058520238,openfacts
6430058587408,openfacts
6430058881094,openfacts
6430058882046,openfacts
6430058882213,openfacts
6430058883623,openfacts
6430058883685,openfacts
6430058885870,openfacts
6430059500017,openfacts
6430059500031,openfacts
6430059500437,openfacts
6430059500734,openfacts
6430059502073,openfacts
6430059502967,openfacts
6430059504503,openfacts
6430059505357,openfacts
6430059507566,openfacts
6430059507580,openfacts
6430060120167,openfacts
6430060120280,openfacts
6430060121607,openfacts
6430060122093,openfacts
6430060122918,openfacts
6430060380073,openfacts
6430060430044,openfacts
6430060430433,openfacts
6430060430457,openfacts
6430060430839,openfacts
6430060430853,openfacts
6430060430921,openfacts
6430060431126,openfacts
6430060431232,openfacts
6430060507586,openfacts
6430060508903,openfacts
6430060509801,openfacts
6430060511408,openfacts
6430060521322,openfacts
6430060650015,openfacts
6430060650022,openfacts
6430060710306,openfacts
6430061070157,openfacts
6430061140522,openfacts
6430061140621,openfacts
6430061142243,openfacts
6430061142274,openfacts
6430061150231,openfacts
6430061150521,openfacts
6430061355551,openfacts
6430061355599,openfacts
6430061490009,openfacts
6430061522243,openfacts
6430061522373,openfacts
6430061560795,openfacts
6430061620000,openfacts
6430061670272,openfacts
6430061700139,openfacts
6430061750004,openfacts
6430062110128,openfacts
6430062160222,openfacts
6430062163049,openfacts
6430062173567,openfacts
6430062174397,openfacts
6430062174823,openfacts
6430062174885,openfacts
6430062175318,openfacts
6430062176650,openfacts
6430062176674,openfacts
6430062177244,openfacts
6430062177794,openfacts
6430062178005,openfacts
6430062178043,openfacts
6430062178159,openfacts
6430062178265,openfacts
6430062178388,openfacts
6430062178562,openfacts
6430062178654,openfacts
6430062351026,openfacts
6430062390001,openfacts
6430062490053,openfacts
6430062761764,openfacts
6430062761795,openfacts
6430062761825,openfacts
6430062921410,openfacts
6430063141008,openfacts
6430063141084,openfacts
6430063145501,openfacts
6430063145549,openfacts
6430063145747,openfacts
6430063146201,openfacts
6430063146300,openfacts
6430063146508,openfacts
6430063146607,openfacts
6430063149127,openfacts
6430063149189,openfacts
6430063149240,openfacts
6430063294544,openfacts
6430063300016,openfacts
6430063300023,openfacts
6430063300030,openfacts
6430063300047,openfacts
6430063300054,openfacts
6430063300061,openfacts
6430063300078,openfacts
6430063300085,openfacts
6430063300092,openfacts
6430063300108,openfacts
6430063300115,openfacts
6430063300122,openfacts
6430063300139,openfacts
6430063300146,openfacts
6430063300153,openfacts
6430063300160,openfacts
6430063300252,openfacts
6430063301785,openfacts
6430063301914,openfacts
6430063302034,openfacts
6430063302263,openfacts
6430063302935,openfacts
6430063302980,openfacts
6430063303017,openfacts
6430063303130,openfacts
6430063303222,openfacts
6430063303246,openfacts
6430063303697,openfacts
6430063470009,openfacts
6430063470047,openfacts
6430063470184,openfacts
6430063470221,openfacts
6430063530017,openfacts
6430063530222,openfacts
6430063599496,openfacts
6430063770000,openfacts
6430063810119,openfacts
6430063810133,openfacts
6430063960005,openfacts
6430063960159,openfacts
6430063960302,openfacts
6430063960333,openfacts
6430063961132,openfacts
6430064090473,openfacts
6430064090558,openfacts
6430064090688,openfacts
6430064090817,openfacts
6430064091029,openfacts
6430064400005,openfacts
6430064400067,openfacts
6430064400265,openfacts
6430064400326,openfacts
6430064400401,openfacts
6430064400418,openfacts
6430064400456,openfacts
6430064400630,openfacts
6430064400647,openfacts
6430064400678,openfacts
6430064400715,openfacts
6430064400739,openfacts
6430064400753,openfacts
6430064400777,openfacts
6430064400814,openfacts
6430064400883,openfacts
6430064400890,openfacts
6430064400937,openfacts
6430064400982,openfacts
6430064401064,openfacts
6430064401071,openfacts
6430064401088,openfacts
6430064401095,openfacts
6430064401149,openfacts
6430064401286,openfacts
6430064401439,openfacts
6430064401453,openfacts
6430064401484,openfacts
6430064401538,openfacts
6430064401613,openfacts
6430064401712,openfacts
6430064401866,openfacts
6430064401934,openfacts
6430064401941,openfacts
6430064401989,openfacts
6430064402023,openfacts
6430064402030,openfacts
6430064402047,openfacts
6430064402061,openfacts
6430064403358,openfacts
6430064403365,openfacts
6430064403372,openfacts
6430064403464,openfacts
6430064403495,openfacts
6430064403563,openfacts
6430064403570,openfacts
6430064403600,openfacts
6430064403624,openfacts
6430064403631,openfacts
6430064403648,openfacts
6430064403655,openfacts
6430064403679,openfacts
6430064403686,openfacts
6430064403716,openfacts
6430064404287,openfacts
6430064404300,openfacts
6430064404331,openfacts
6430064404348,openfacts
6430064404355,openfacts
6430064404379,openfacts
6430064404430,openfacts
6430064404454,openfacts
6430064404461,openfacts
6430064404478,openfacts
6430064404737,openfacts
6430064404744,openfacts
6430064404751,openfacts
6430064404775,openfacts
6430064404782,openfacts
6430064404799,openfacts
6430064404805,openfacts
6430064404836,openfacts
6430064404959,openfacts
6430064405000,openfacts
6430064405048,openfacts
6430064405055,openfacts
6430064405062,openfacts
6430064405079,openfacts
6430064405130,openfacts
6430064405178,openfacts
6430064406182,openfacts
6430064406199,openfacts
6430064406229,openfacts
6430064406236,openfacts
6430064406243,openfacts
6430064406489,openfacts
6430064406519,openfacts
6430064406533,openfacts
6430064406571,openfacts
6430064406595,openfacts
6430064406618,openfacts
6430064406632,openfacts
6430064406670,openfacts
6430064406885,openfacts
6430064406908,openfacts
6430064406915,openfacts
6430064406922,openfacts
6430064406984,openfacts
6430064406991,openfacts
6430064407158,openfacts
6430064407165,openfacts
6430064407172,openfacts
6430064407189,openfacts
6430064407202,openfacts
6430064407219,openfacts
6430064407240,openfacts
6430064407554,openfacts
6430064407592,openfacts
6430064407608,openfacts
6430064407677,openfacts
6430064407684,openfacts
6430064407707,openfacts
6430064407738,openfacts
6430064407752,openfacts
6430064407769,openfacts
6430064407875,openfacts
6430064407882,openfacts
6430064407899,openfacts
6430064407905,openfacts
6430064407912,openfacts
6430064407974,openfacts
6430064407981,openfacts
6430064407998,openfacts
6430064408001,openfacts
6430064408018,openfacts
6430064408025,openfacts
6430064408032,openfacts
6430064408049,openfacts
6430064408056,openfacts
6430064408063,openfacts
6430064408070,openfacts
6430064408087,openfacts
6430064408094,openfacts
6430064408100,openfacts
6430064408360,openfacts
6430064408377,openfacts
6430064408384,openfacts
6430064408391,openfacts
6430064408469,openfacts
6430064408476,openfacts
6430064408483,openfacts
6430064408506,openfacts
6430064408551,openfacts
6430064408766,openfacts
6430064408773,openfacts
6430064408797,openfacts
6430064460009,openfacts
6430064550007,openfacts
6430064840009,openfacts
6430064840023,openfacts
6430064840139,openfacts
6430064840153,openfacts
6430064995334,openfacts
6430064997208,openfacts
6430064997291,openfacts
6430065000938,openfacts
6430065120018,openfacts
6430065304463,openfacts
6430065310761,openfacts
6430065311096,openfacts
6430065311157,openfacts
6430065311201,openfacts
6430065311522,openfacts
6430065312857,openfacts
6430065313649,openfacts
6430065850007,openfacts
6430065850021,openfacts
6430065850441,openfacts
6430065890348,openfacts
6430065890546,openfacts
6430066260010,openfacts
6430066260577,openfacts
6430066320028,openfacts
6430066320868,openfacts
6430066321186,openfacts
6430066321292,openfacts
6430066321308,openfacts
6430066321353,openfacts
6430066321360,openfacts
6430066321414,openfacts
6430066321421,openfacts
6430066321643,openfacts
6430066321711,openfacts
6430066380121,openfacts
6430066540532,openfacts
6430067230081,openfacts
6430067350185,openfacts
6430067350383,openfacts
6430067350567,openfacts
6430067680022,openfacts
6430067830441,openfacts
6430067830557,openfacts
6430067840419,openfacts
6430067840433,openfacts
6430067840457,openfacts
6430067840495,openfacts
6430067840518,openfacts
6430067840532,openfacts
6430067840594,openfacts
6430067840617,openfacts
6430067840778,openfacts
6430067842642,openfacts
6430067844172,openfacts
6430067844318,openfacts
6430067844394,openfacts
6430067844417,openfacts
6430067844455,openfacts
6430067844479,openfacts
6430067844493,openfacts
6430067844523,openfacts
6430067844554,openfacts
6430067844691,openfacts
6430067844707,openfacts
6430067844745,openfacts
6430067844769,openfacts
6430067844776,openfacts
6430067844783,openfacts
6430067845223,openfacts
6430067845261,openfacts
6430067845360,openfacts
6430067845674,openfacts
6430067845865,openfacts
6430067845902,openfacts
6430067845940,openfacts
6430067846190,openfacts
6430067846268,openfacts
6430067846282,openfacts
6430067846305,openfacts
6430067846329,openfacts
6430067846343,openfacts
6430067846381,openfacts
6430067846404,openfacts
6430067846428,openfacts
6430067846442,openfacts
6430067846541,openfacts
6430067846565,openfacts
6430067846602,openfacts
6430067846657,openfacts
6430067846671,openfacts
6430067846695,openfacts
6430067846718,openfacts
6430067846756,openfacts
6430067846770,openfacts
6430067846794,openfacts
6430067846817,openfacts
6430067846886,openfacts
6430067846916,openfacts
6430067846930,openfacts
6430067846954,openfacts
6430067846978,openfacts
6430067846992,openfacts
6430067847012,openfacts
6430067847142,openfacts
6430067847180,openfacts
6430067847203,openfacts
6430067847227,openfacts
6430067847241,openfacts
6430067847395,openfacts
6430067847517,openfacts
6430067847555,openfacts
6430067847708,openfacts
6430067847746,openfacts
6430067847760,openfacts
6430067849238,openfacts
6430067849269,openfacts
6430067849863,openfacts
6430067849894,openfacts
6430067850012,openfacts
6430067850067,openfacts
6430068080050,openfacts
6430068080104,openfacts
6430068080111,openfacts
6430068080678,openfacts
6430068080692,openfacts
6430068080883,openfacts
6430068081019,openfacts
6430068081262,openfacts
6430068081620,openfacts
6430068081781,openfacts
6430068081842,openfacts
6430068081859,openfacts
6430068081866,openfacts
6430068081972,openfacts
6430068271045,openfacts
6430068540035,openfacts
6430068540042,openfacts
6430068540059,openfacts
6430068540103,openfacts
6430068540127,openfacts
6430068540158,openfacts
6430068540165,openfacts
6430068540301,openfacts
6430068540318,openfacts
6430068540325,openfacts
6430068540400,openfacts
6430068540608,openfacts
6430068540615,openfacts
6430068540707,openfacts
6430068540714,openfacts
6430068770029,openfacts
6430068770197,openfacts
6430068770302,openfacts
6430068830600,openfacts
6430068831065,openfacts
6430068890239,openfacts
6430069070548,openfacts
6430069070562,openfacts
6430069070609,openfacts
6430069070661,openfacts
6430069070685,openfacts
6430069071019,openfacts
6430069071620,openfacts
6430069071897,openfacts
6430069170040,openfacts
6430069170156,openfacts
6430069171597,openfacts
6430069220042,openfacts
6430069611093,openfacts
6430069750594,openfacts
6430069750778,openfacts
6430069750815,openfacts
6430070030197,openfacts
6430070080017,openfacts
6430070259680,openfacts
6430070550800,openfacts
6430070552927,openfacts
6430070650593,openfacts
6430070651095,openfacts
6430070651552,openfacts
6430070651606,openfacts
6430070652030,openfacts
6430070652061,openfacts
6430070652153,openfacts
6430070652214,openfacts
6430071300008,openfacts
6430071320204,openfacts
6430071340110,openfacts
6430071600009,openfacts
6430071600245,openfacts
6430071601839,openfacts
6430071602164,openfacts
6430071870051,openfacts
6430071870075,openfacts
6430072033417,openfacts
6430072040231,openfacts
6430072040361,openfacts
6430072040378,openfacts
6430072040385,openfacts
6430072320661,openfacts
6430074066017,openfacts
6430074341213,openfacts
6430074341244,openfacts
6430074341336,openfacts
6430074341688,openfacts
6430074341855,openfacts
6430074341978,openfacts
6430074343569,openfacts
6430074358501,openfacts
6430074358594,openfacts
6430074421199,openfacts
6430074536589,openfacts
6430074536633,openfacts
6430074539177,openfacts
6430074540272,openfacts
6430074541354,openfacts
6430074541415,openfacts
6430074914561,openfacts
6430075130007,openfacts
6430075130021,openfacts
6430075130038,openfacts
6430075130052,openfacts
6430075130069,openfacts
6430075130090,openfacts
6430075130281,openfacts
6430075130489,openfacts
6430075130625,openfacts
6430075130632,openfacts
6430075130694,openfacts
6430075130823,openfacts
6430075130908,openfacts
6430075130984,openfacts
6430075131004,openfacts
6430075131011,openfacts
6430075131028,openfacts
6430075131042,openfacts
6430075131066,openfacts
6430075131080,openfacts
6430075131127,openfacts
6430075131141,openfacts
6430075360022,openfacts
6430075360039,openfacts
6430075360077,openfacts
6430075360091,openfacts
6430075360114,openfacts
6430075360138,openfacts
6430075360183,openfacts
6430075360190,openfacts
6430075360244,openfacts
6430075360350,openfacts
6430075360404,openfacts
6430075360558,openfacts
6430075360565,openfacts
6430075360572,openfacts
6430075360619,openfacts
6430075361067,openfacts
6430075361098,openfacts
6430075361128,openfacts
6430075361173,openfacts
6430075361272,openfacts
6430075361340,openfacts
6430075361579,openfacts
6430075361593,openfacts
6430075361609,openfacts
6430075361623,openfacts
6430075361715,openfacts
6430075361722,openfacts
6430075361821,openfacts
6430075361838,openfacts
6430075361876,openfacts
6430075361906,openfacts
6430075362293,openfacts
6430075362439,openfacts
6430075664564,openfacts
6430075668289,openfacts
6430075850097,openfacts
6430075940446,openfacts
6430076660046,openfacts
6430076660060,openfacts
6430076660107,openfacts
6430076660183,openfacts
6430076660879,openfacts
6430076661029,openfacts
6430076661036,openfacts
6430076661043,openfacts
6430076661050,openfacts
6430076661074,openfacts
6430076690012,openfacts
6430077140073,openfacts
6430077252165,openfacts
6430077254565,openfacts
6430077254589,openfacts
6430077254640,openfacts
6430077254664,openfacts
6430077255180,openfacts
6430077255234,openfacts
6430077255920,openfacts
6430077256071,openfacts
6430077256095,openfacts
6430077256118,openfacts
6430077256132,openfacts
6430077256156,openfacts
6430077256491,openfacts
6430077257351,openfacts
6430077257375,openfacts
6430077257849,openfacts
6430077257863,openfacts
6430077360013,openfacts
6430077400160,openfacts
6430077401624,openfacts
6430077404588,openfacts
6430077405547,openfacts
6430077560345,openfacts
6430077930292,openfacts
6430077930346,openfacts
6430078140102,openfacts
6430078140119,openfacts
6430078140157,openfacts
6430078140249,openfacts
6430078140300,openfacts
6430078140638,openfacts
6430078140782,openfacts
6430078140843,openfacts
6430078140874,openfacts
6430078140881,openfacts
6430078140959,openfacts
6430078141024,openfacts
6430078141086,openfacts
6430078141147,openfacts
6430078141161,openfacts
6430078141291,openfacts
6430078141307,openfacts
6430078141413,openfacts
6430078141444,openfacts
6430078141505,openfacts
6430078141512,openfacts
6430078141673,openfacts
6430078141796,openfacts
6430078142229,openfacts
6430078142540,openfacts
6430078142960,openfacts
6430078144841,openfacts
6430078144919,openfacts
6430078146609,openfacts
6430078146869,openfacts
6430078146937,openfacts
6430078146968,openfacts
6430078147361,openfacts
6430078147668,openfacts
6430078147842,openfacts
6430078148436,openfacts
6430078148474,openfacts
6430078149006,openfacts
6430078149327,openfacts
6430078149631,openfacts
6430078310871,openfacts
6430078311427,openfacts
6430078317436,openfacts
6430078317962,openfacts
6430078318532,openfacts
6430078318709,openfacts
6430078318969,openfacts
6430078470261,openfacts
6430078530125,openfacts
6430078530439,openfacts
6430078530569,openfacts
6430078530774,openfacts
6430078531375,openfacts
6430078531436,openfacts
6430078531443,openfacts
6430078533416,openfacts
6430078820028,openfacts
6430078820240,openfacts
6430078850742,openfacts
6430078851329,openfacts
6430078854207,openfacts
6430078854559,openfacts
6430078854900,openfacts
6430078910026,openfacts
6430078910897,openfacts
6430078911382,openfacts
6430078911405,openfacts
6430078911597,openfacts
6430078911702,openfacts
6430078911726,openfacts
6430078911887,openfacts
6430078912051,openfacts
6430078912228,openfacts
6430078913027,openfacts
6430078920155,openfacts
6430078920216,openfacts
6430078920452,openfacts
6430078920483,openfacts
6430078920513,openfacts
6430078920544,openfacts
6430078920575,openfacts
6430078920605,openfacts
6430078920636,openfacts
6430078920704,openfacts
6430078920735,openfacts
6430078920766,openfacts
6430078920797,openfacts
6430078920940,openfacts
6430078920971,openfacts
6430078921008,openfacts
6430078921039,openfacts
6430078921060,openfacts
6430078921404,openfacts
6430078921879,openfacts
6430078921909,openfacts
6430078922234,openfacts
6430078960212,openfacts
6430078960250,openfacts
6430078960281,openfacts
6430078960298,openfacts
6430078960410,openfacts
6430078960434,openfacts
6430078960458,openfacts
6430078960540,openfacts
6430078960618,openfacts
6430078960670,openfacts
6430078960762,openfacts
6430079090024,openfacts
6430079091502,openfacts
6430079353662,openfacts
6430079451009,openfacts
6430079451016,openfacts
6430079451023,openfacts
6430079870251,openfacts
6430080390052,openfacts
6430080440344,openfacts
6430080440375,openfacts
6430080440405,openfacts
6430080440443,openfacts
6430080440474,openfacts
6430080441211,openfacts
6430080441242,openfacts
6430080441273,openfacts
6430080441303,openfacts
6430080441334,openfacts
6430080441396,openfacts
6430080441600,openfacts
6430080441723,openfacts
6430080441778,openfacts
6430080441808,openfacts
6430080441839,openfacts
6430080441990,openfacts
6430080442058,openfacts
6430080442089,openfacts
6430080442119,openfacts
6430080442140,openfacts
6430080442379,openfacts
6430080442782,openfacts
6430080442812,openfacts
6430080442843,openfacts
6430080443185,openfacts
6430080443444,openfacts
6430080660667,openfacts
6430080880027,openfacts
6430080880539,openfacts
6430080880546,openfacts
6430080880751,openfacts
6430080880775,openfacts
6430080881659,openfacts
6430081010096,openfacts
6430081010102,openfacts
6430081010928,openfacts
6430081011093,openfacts
6430081011109,openfacts
6430081011246,openfacts
6430081011888,openfacts
6430081012175,openfacts
6430081012182,openfacts
6430081012250,openfacts
6430081012410,openfacts
6430081012717,openfacts
6430081090418,openfacts
6430081490003,openfacts
6430081490010,openfacts
6430081490034,openfacts
6430081490041,openfacts
6430081490058,openfacts
6430081490065,openfacts
6430081490089,openfacts
6430081490096,openfacts
6430081490119,openfacts
6430081490164,openfacts
6430081490188,openfacts
6430081490195,openfacts
6430081490201,openfacts
6430081490218,openfacts
6430081490225,openfacts
6430081490232,openfacts
6430081490256,openfacts
6430081490287,openfacts
6430081490348,openfacts
6430081490355,openfacts
6430081490386,openfacts
6430081490393,openfacts
6430081490409,openfacts
6430081490447,openfacts
6430081490553,openfacts
6430081490560,openfacts
6430081490577,openfacts
6430081490584,openfacts
6430081490607,openfacts
6430081490614,openfacts
6430081490621,openfacts
6430081490645,openfacts
6430081490669,openfacts
6430081490676,openfacts
6430081490683,openfacts
6430081490713,openfacts
6430081490720,openfacts
6430081490737,openfacts
6430081490768,openfacts
6430081490775,openfacts
6430081490782,openfacts
6430081490805,openfacts
6430081490829,openfacts
6430081490836,openfacts
6430081490843,openfacts
6430081490850,openfacts
6430081490867,openfacts
6430081490874,openfacts
6430081490881,openfacts
6430081490898,openfacts
6430081490935,openfacts
6430081490959,openfacts
6430081490966,openfacts
6430081490973,openfacts
6430081490980,openfacts
6430081491024,openfacts
6430081491048,openfacts
6430081491055,openfacts
6430081491130,openfacts
6430081491161,openfacts
6430081491178,openfacts
6430081491185,openfacts
6430081491208,openfacts
6430081491253,openfacts
6430081491277,openfacts
6430081491291,openfacts
6430081491307,openfacts
6430081491314,openfacts
6430081491338,openfacts
6430081491345,openfacts
6430081491352,openfacts
6430081491369,openfacts
6430081491376,openfacts
6430081491413,openfacts
6430081491420,openfacts
6430081491444,openfacts
6430081491451,openfacts
6430081491475,openfacts
6430081491482,openfacts
6430081491499,openfacts
6430081491529,openfacts
6430081491536,openfacts
6430081491543,openfacts
6430081491598,openfacts
6430081491642,openfacts
6430081491727,openfacts
6430082421075,item_master
6430082421099,item_master
6430082421105,item_master
6430082421112,item_master
6430082430534,openfacts
6430082431562,openfacts
6430082432057,openfacts
6430082435607,openfacts
6430082620249,openfacts
6430082704710,openfacts
6430082704765,openfacts
6430082704819,openfacts
6430082704864,openfacts
6430082704918,openfacts
6430082704963,openfacts
6430083060327,openfacts
6430099010187,item_master
6430099010194,item_master
6430099010200,item_master
6430099011030,item_master
6430099011139,item_master
6430103965540,openfacts
6430104920104,openfacts
6430104920203,openfacts
6430104920302,openfacts
6430104920333,openfacts
6430104920340,openfacts
6430104920357,openfacts
6430104920401,openfacts
6430104920418,openfacts
6430104920500,openfacts
6430104920555,openfacts
6430104920609,openfacts
6430104920807,openfacts
6430104920906,openfacts
6430104921002,openfacts
6430104921200,openfacts
6430104921217,openfacts
6430104921231,openfacts
6430104921255,openfacts
6430104921309,openfacts
6430104921330,openfacts
6430104921361,openfacts
6430104921378,openfacts
6430104921385,openfacts
6430104921392,openfacts
6430104921408,openfacts
6430104921460,openfacts
6430104921484,openfacts
6430104921583,openfacts
6430104921804,openfacts
6430104921828,openfacts
6430104921866,openfacts
6430104921880,openfacts
6430104921897,openfacts
6430104921903,openfacts
6430104922085,openfacts
6430104922146,openfacts
6430104923723,openfacts
6430104923846,openfacts
6430104923853,openfacts
6430104923884,openfacts
6430104923907,openfacts
6430104923921,openfacts
6430104924096,openfacts
6430104924102,openfacts
6430104924133,openfacts
6430104924140,openfacts
6430104924164,openfacts
6430104924201,openfacts
6430104924355,openfacts
6430104924409,openfacts
6430104924508,openfacts
6430104924522,openfacts
6430104926502,openfacts
6430104926526,openfacts
6430104926601,openfacts
6430104926618,openfacts
6430104926625,openfacts
6430104926649,openfacts
6430104926656,openfacts
6430104926663,openfacts
6430104957117,openfacts
6430104958428,openfacts
6430104958466,openfacts
6430104958527,openfacts
6430104958558,openfacts
6430104958565,openfacts
6430104958589,openfacts
6430104958664,openfacts
6430104958671,openfacts
6430104958688,openfacts
6430104958695,openfacts
6430104958701,openfacts
6430104958718,openfacts
6430104958732,openfacts
6430104958749,openfacts
6430104958756,openfacts
6430104958763,openfacts
6430104960377,openfacts
6430104960674,openfacts
6430104960704,openfacts
6430104960711,openfacts
6430104960759,openfacts
6430104960780,openfacts
6430104960797,openfacts
6430104960827,openfacts
6430104960889,openfacts
6430104964023,openfacts
6430104964030,openfacts
6430104964078,openfacts
6430104964085,openfacts
6430104965150,openfacts
6430104965181,openfacts
6430104965730,openfacts
6430104965761,openfacts
6430104965785,openfacts
6430104965815,openfacts
6430104966041,openfacts
6430104966065,openfacts
6430104966188,openfacts
6430104966355,openfacts
6430104966362,openfacts
6430104966379,openfacts
6430104966386,openfacts
6430104966393,openfacts
6430104966430,openfacts
6430104966447,openfacts
6430104966454,openfacts
6430104966522,openfacts
6430104966546,openfacts
6430104966713,openfacts
6430104966720,openfacts
6430104966737,openfacts
6430104966829,openfacts
6430104966867,openfacts
6430104966904,openfacts
6430104966911,openfacts
6430104966928,openfacts
6430104967109,openfacts
6430104967116,openfacts
6430104967147,openfacts
6430104967154,openfacts
6430104967161,openfacts
6430104967178,openfacts
6430104967185,openfacts
6430104967192,openfacts
6430104967208,openfacts
6430104967222,openfacts
6430104967253,openfacts
6430104967260,openfacts
6430104967314,openfacts
6430104967932,openfacts
6430104969035,openfacts
6430323300473,openfacts
6430505001006,openfacts
6430505001075,openfacts
6430505001358,openfacts
6430505001372,openfacts
6430505001419,openfacts
6430505001518,openfacts
6430505002331,openfacts
6430505004335,openfacts
6430505012415,openfacts
6430505050097,openfacts
6430505050332,openfacts
6430505050417,openfacts
6430505050455,openfacts
6430505050479,openfacts
6430505050585,openfacts
6430505680867,openfacts
6430529600551,openfacts
6430559713221,openfacts
6430790000005,item_master
6430800000001,item_master
6430932004168,openfacts
6431000000433,openfacts
6431000000495,openfacts
6431000000525,openfacts
6431000000808,openfacts
6431003105302,openfacts
6431003159459,openfacts
6431005064683,openfacts
6431005151024,openfacts
6431017033394,openfacts
6431017641261,openfacts
6431019214098,openfacts
6431021150087,openfacts
6431023917831,openfacts
6431042138002,openfacts
6431078530658,openfacts
6431150974301,openfacts
6431157002823,openfacts
6431355445545,openfacts
6431842847708,openfacts
6431858443093,openfacts
6431901240617,openfacts
6431901420446,openfacts
6431901420460,openfacts
6431901420477,openfacts
6431901440130,openfacts
6431901440246,openfacts
6431901440307,openfacts
6431901484028,openfacts
6431901640035,openfacts
6431901642114,openfacts
6431901820024,openfacts
6431901820147,openfacts
6431901820321,openfacts
6431901820338,openfacts
6431901840213,openfacts
6431901840428,openfacts
6431901840558,openfacts
6431901840701,openfacts
6431901840756,openfacts
6431901840770,openfacts
6431901840787,openfacts
6431903211141,openfacts
6431903325527,openfacts
6431903340261,openfacts
6431903340339,openfacts
6431903343132,openfacts
6431903740399,openfacts
6431903740498,openfacts
6431903740573,openfacts
6431903740627,openfacts
6431903740689,openfacts
6431903740696,openfacts
6431903749132,openfacts
6431903749330,openfacts
6431903749408,openfacts
6432006898024,openfacts
6432010040020,openfacts
6432010605274,openfacts
6432021615453,openfacts
6432040610200,openfacts
6432047633318,openfacts
6432100001375,openfacts
6432100004673,openfacts
6432100009340,openfacts
6432100023810,openfacts
6432100025685,openfacts
6432100027849,openfacts
6432100029706,openfacts
6432100059109,openfacts
6432140979177,openfacts
6432408210332,openfacts
6432510004713,openfacts
6432521422452,openfacts
6432620176195,openfacts
6432700100478,openfacts
6432700100508,openfacts
6432700100515,openfacts
6432700100577,openfacts
6432700100614,openfacts
6432700500131,openfacts
6432715803210,openfacts
6433018962697,openfacts
6433353055764,openfacts
6433414006001,openfacts
6433500007929,openfacts
6433500013036,openfacts
6433500013739,openfacts
6433500013838,openfacts
6433500013913,openfacts
6433500014033,openfacts
6433500018604,openfacts
6433500020256,openfacts
6433500021772,openfacts
6433500022373,openfacts
6433500025329,openfacts
6433500025527,openfacts
6433512801027,openfacts
6433700099106,openfacts
6433700436000,openfacts
6433840767958,openfacts
6433964790764,openfacts
6434008964844,openfacts
6434018029113,openfacts
6434300000400,openfacts
6434300110604,openfacts
6434300114206,openfacts
6434300115203,openfacts
6434300116408,openfacts
6434300125400,openfacts
6434300132804,openfacts
6434300135003,openfacts
6434300142209,openfacts
6434300143107,openfacts
6434300150204,openfacts
6434300151409,openfacts
6434300156206,openfacts
6434300156602,openfacts
6434300211608,openfacts
6434300211707,openfacts
6434300212308,openfacts
6434300217006,openfacts
6434300217402,openfacts
6434300217600,openfacts
6434300217808,openfacts
6434300221904,openfacts
6434300224202,openfacts
6434300224608,openfacts
6434300230807,openfacts
6434300232108,openfacts
6434300232207,openfacts
6434300232306,openfacts
6434300233600,openfacts
6434300235000,openfacts
6434300243609,openfacts
6434300265304,openfacts
6434300346607,openfacts
6434300631000,openfacts
6434325300585,openfacts
6434395763396,openfacts
6434399018041,openfacts
6434399083971,openfacts
6434399148137,openfacts
6434491512843,openfacts
6434600000193,openfacts
6434600000520,openfacts
6434600011038,openfacts
6434800005479,openfacts
6434800005516,openfacts
6434800005660,openfacts
6434800005721,openfacts
6435000003166,openfacts
6435051553269,openfacts
6435069397244,openfacts
6435073829908,openfacts
6435081874099,openfacts
6435301146562,openfacts
6435302615609,openfacts
6435302618068,openfacts
6435302619515,openfacts
6435379140486,openfacts
6435410488171,openfacts
6435466445333,openfacts
6435466944553,openfacts
6435521505316,openfacts
6435559511396,openfacts
6435592479530,openfacts
6435654026214,openfacts
6435836048553,openfacts
6436000000506,openfacts
6436000001329,openfacts
6436000001602,openfacts
6436000001749,openfacts
6436000002128,openfacts
6436000002326,openfacts
6436000002609,openfacts
6436000002623,openfacts
6436000003828,openfacts
6436000006690,openfacts
6436000006706,openfacts
6436000016224,openfacts
6436000017504,openfacts
6436000026216,openfacts
6436000031050,openfacts
6436000091009,openfacts
6436000091108,openfacts
6436000091207,openfacts
6436000091399,openfacts
6436000092099,openfacts
6436000093416,openfacts
6436000093423,openfacts
6436000093430,openfacts
6436000094093,openfacts
6436000094413,openfacts
6436000097292,openfacts
6436000151314,openfacts
6436000172517,openfacts
6436000172616,openfacts
6436000176010,openfacts
6436000178014,openfacts
6436000181014,openfacts
6436000181113,openfacts
6436000182011,openfacts
6436000220119,openfacts
6436000253117,openfacts
6436000254015,openfacts
6436000255012,openfacts
6436000304413,openfacts
6436000651012,openfacts
6436000652019,openfacts
6436000681019,openfacts
6436000802704,openfacts
6436100015080,openfacts
6436210029113,openfacts
6436400012444,openfacts
6436400012468,openfacts
6436400012482,openfacts
6436501000210,openfacts
6436501000234,openfacts
6436501000333,openfacts
6436501000401,openfacts
6436501000616,openfacts
6436501000623,openfacts
6436501000654,openfacts
6436501000685,openfacts
6436501000852,openfacts
6436501000869,openfacts
6436501000883,openfacts
6436501001101,openfacts
6436501001477,openfacts
6436501005161,openfacts
6436501005444,openfacts
6436501006229,openfacts
6436501006304,openfacts
6436501006311,openfacts
6436501006427,openfacts
6436501006434,openfacts
6436501013081,openfacts
6436501016570,openfacts
6436501016808,openfacts
6436501016990,openfacts
6436501017010,openfacts
6436501018215,openfacts
6436501018444,openfacts
6436501023820,openfacts
6436501025824,openfacts
6436501038985,openfacts
6436501040469,openfacts
6436501040766,openfacts
6436501041428,openfacts
6436501043576,openfacts
6436501045037,openfacts
6436501045495,openfacts
6436501050147,openfacts
6436501052479,openfacts
6436501054527,openfacts
6436501056453,openfacts
6436501057337,openfacts
6436501057351,openfacts
6436501063406,openfacts
6436501066766,openfacts
6436501072521,openfacts
6436501074471,openfacts
6436501074556,openfacts
6436501079858,openfacts
6436510128066,openfacts
6436641766601,openfacts
6436645664699,openfacts
6436942868776,openfacts
6436963796331,openfacts
6436996993455,openfacts
6437000552361,openfacts
6437002001454,openfacts
6437002001911,openfacts
6437002104940,openfacts
6437005003752,openfacts
6437005004735,openfacts
6437005007682,openfacts
6437005031281,openfacts
6437005031298,openfacts
6437005034329,openfacts
6437005039744,openfacts
6437005040351,openfacts
6437005040986,openfacts
6437005041020,openfacts
6437005041068,openfacts
6437005048289,openfacts
6437005050077,openfacts
6437005050251,openfacts
6437005052897,openfacts
6437005053337,openfacts
6437005053368,openfacts
6437005053863,openfacts
6437005058394,openfacts
6437005058417,openfacts
6437005058448,openfacts
6437005058516,openfacts
6437005058660,openfacts
6437005062421,openfacts
6437005063831,openfacts
6437005064098,openfacts
6437005064753,openfacts
6437005064906,openfacts
6437005065231,openfacts
6437005065255,openfacts
6437005065699,openfacts
6437005068386,openfacts
6437005070617,openfacts
6437005070815,openfacts
6437005070839,openfacts
6437005070853,openfacts
6437005072451,openfacts
6437005074899,openfacts
6437005075421,openfacts
6437005078866,openfacts
6437005079641,openfacts
6437005081644,openfacts
6437005082993,openfacts
6437005083136,openfacts
6437005083679,openfacts
6437005083709,openfacts
6437040199113,openfacts
6437049488171,openfacts
6437114001014,openfacts
6437402100436,openfacts
6437454661565,openfacts
6437595525795,openfacts
6437655702210,openfacts
6437744173570,openfacts
6437810075494,openfacts
6437810577288,openfacts
6437810626238,openfacts
6437811422648,openfacts
6437811636892,openfacts
6437812338702,openfacts
6437812393848,openfacts
6437812475568,openfacts
6437812492916,openfacts
6437812512706,openfacts
6437812520008,openfacts
6437812574490,openfacts
6437812839124,openfacts
6437813243708,openfacts
6437813349424,openfacts
6437813392994,openfacts
6437813399153,openfacts
6437813477752,openfacts
6437813620066,openfacts
6437813767372,openfacts
6437813892326,openfacts
6437814003028,openfacts
6437814329906,openfacts
6437814347276,openfacts
6437814489150,openfacts
6437814649776,openfacts
6437816572188,item_master
6438057899065,openfacts
6438091403198,openfacts
6438114258071,openfacts
6438114454770,openfacts
6438114563465,openfacts
6438114618523,openfacts
6438114618738,openfacts
6438114732854,openfacts
6438114777084,openfacts
6438114779842,openfacts
6438114801697,openfacts
6438114980491,openfacts
6438114987414,openfacts
6438114987421,openfacts
6438122770756,openfacts
6438142030106,openfacts
6438158115361,item_master
6438158162563,item_master
6438158162587,item_master
6438158239968,item_master
6438158309883,item_master
6438158355941,item_master
6438158356214,item_master
6438158356269,item_master
6438158369801,item_master
6438158382787,item_master
6438158391901,item_master
6438158391970,item_master
6438158408210,item_master
6438158440340,item_master
6438158440364,item_master
6438158481534,item_master
6438158481541,item_master
6438158502369,item_master
6438158513723,item_master
6438158529199,item_master
6438158544406,item_master
6438158560147,item_master
6438158560574,item_master
6438158560581,item_master
6438158563308,item_master
6438158563315,item_master
6438158563322,item_master
6438158574298,item_master
6438158575035,item_master
6438158583863,item_master
6438158586154,item_master
6438158586895,item_master
6438158589148,item_master
6438158589186,item_master
6438158591219,item_master
6438158593855,item_master
6438158593879,item_master
6438158593886,item_master
6438158593893,item_master
6438158602953,item_master
6438158602960,item_master
6438158602977,item_master
6438158615649,item_master
6438158615656,item_master
6438158615663,item_master
6438158616066,item_master
6438158620087,item_master
6438158627963,item_master
6438158628106,item_master
6438158629806,item_master
6438158629820,item_master
6438158633094,item_master
6438158633100,item_master
6438158633117,item_master
6438158633124,item_master
6438158633131,item_master
6438158644533,item_master
6438158644540,item_master
6438158644984,item_master
6438158645004,item_master
6438158645028,item_master
6438158645080,item_master
6438158647411,item_master
6438158647428,item_master
6438158647435,item_master
6438158650732,item_master
6438158656154,item_master
6438158661127,item_master
6438158661196,item_master
6438158661219,item_master
6438158661271,item_master
6438158661288,item_master
6438158661295,item_master
6438158661318,item_master
6438158670990,item_master
6438158671003,item_master
6438158671065,item_master
6438158671072,item_master
6438158672857,item_master
6438158672864,item_master
6438158673274,item_master
6438158677821,item_master
6438158679870,item_master
6438158689992,item_master
6438158690004,item_master
6438158690011,item_master
6438158692190,item_master
6438158692206,item_master
6438158692213,item_master
6438158692220,item_master
6438158694279,item_master
6438158694811,item_master
6438158698277,item_master
6438158698284,item_master
6438158698291,item_master
6438158698307,item_master
6438158698314,item_master
6438158708952,item_master
6438158710528,item_master
6438158710535,item_master
6438158710542,item_master
6438158710887,item_master
6438158713512,item_master
6438158713529,item_master
6438158713536,item_master
6438158713567,item_master
6438158721012,item_master
6438158721029,item_master
6438158721036,item_master
6438158721043,item_master
6438158722798,item_master
6438158725065,item_master
6438158725102,item_master
6438158725584,item_master
6438158725621,item_master
6438158728677,item_master
6438158729001,item_master
6438158729018,item_master
6438158729254,item_master
6438158729353,item_master
6438158729452,item_master
6438158729506,item_master
6438158729629,item_master
6438158729636,item_master
6438158729674,item_master
6438158729681,item_master
6438158729698,item_master
6438158729704,item_master
6438158732858,item_master
6438158734531,item_master
6438158734920,item_master
6438158734968,item_master
6438158734975,item_master
6438158737709,item_master
6438158737716,item_master
6438158742574,item_master
6438158742581,item_master
6438158744554,openfacts
6438158745667,item_master
6438158745674,item_master
6438158745735,item_master
6438158745742,item_master
6438158747883,item_master
6438158747944,item_master
6438158752474,item_master
6438158752481,item_master
6438158758698,item_master
6438158758797,item_master
6438158758810,item_master
6438158758865,item_master
6438158758872,item_master
6438158761414,item_master
6438158761421,item_master
6438158762329,item_master
6438158762435,item_master
6438158762442,item_master
6438158762459,item_master
6438158763111,item_master
6438158763128,item_master
6438158763265,item_master
6438158763272,item_master
6438160094746,openfacts
6438200400032,openfacts
6438200590115,openfacts
6438200680366,openfacts
6438201612069,item_master
6438201612076,item_master
6438201612083,item_master
6438201612090,item_master
6438207000051,openfacts
6438207000211,openfacts
6438207000402,openfacts
6438207000433,openfacts
6438207000693,openfacts
6438207000761,openfacts
6438207000822,openfacts
6438207000853,openfacts
6438207000945,openfacts
6438207000976,openfacts
6438207001065,openfacts
6438207001096,openfacts
6438207001157,openfacts
6438207010920,openfacts
6438207011200,openfacts
6438207011422,openfacts
6438207011453,openfacts
6438207011460,openfacts
6438207011613,openfacts
6438207011637,openfacts
6438207011705,openfacts
6438207011767,openfacts
6438207011774,openfacts
6438207011781,openfacts
6438207011798,openfacts
6438207011811,openfacts
6438207011873,openfacts
6438207011897,openfacts
6438207014034,openfacts
6438207014072,openfacts
6438207014324,openfacts
6438207014331,openfacts
6438207016106,openfacts
6438207017004,openfacts
6438207017288,openfacts
6438207018100,openfacts
6438207018704,openfacts
6438207018803,openfacts
6438207018902,openfacts
6438207019008,openfacts
6438207019688,openfacts
6438207019763,openfacts
6438207020110,openfacts
6438207020158,openfacts
6438207020226,openfacts
6438250702025,openfacts
6438278930097,openfacts
6438304115009,openfacts
6438304222301,openfacts
6438304250601,openfacts
6438309010064,openfacts
6438324701237,openfacts
6438324701770,openfacts
6438348001016,openfacts
6438348001023,openfacts
6438348001214,openfacts
6438348001276,openfacts
6438348001498,openfacts
6438348001566,openfacts
6438348001641,openfacts
6438348001658,openfacts
6438348001665,openfacts
6438348001672,openfacts
6438409000538,item_master
6438409000545,item_master
6438409000552,item_master
6438409000569,item_master
6438409000729,item_master
6438409000736,item_master
6438409000743,item_master
6438409000750,item_master
6438409001023,item_master
6438409001238,item_master
6438409001245,item_master
6438409001252,item_master
6438409001269,item_master
6438409001313,item_master
6438409001320,item_master
6438409001344,item_master
6438409002549,item_master
6438409002556,item_master
6438409002587,item_master
6438409002617,item_master
6438409002624,item_master
6438409002648,item_master
6438409002655,item_master
6438409002723,item_master
6438409002730,item_master
6438409003966,item_master
6438409003973,item_master
6438409003980,item_master
6438409004017,item_master
6438409004024,item_master
6438409004031,item_master
6438409004048,item_master
6438409004055,item_master
6438409004314,item_master
6438409004321,item_master
6438409004338,item_master
6438409004345,item_master
6438409004949,item_master
6438409004956,item_master
6438409004963,item_master
6438409004970,item_master
6438409005465,item_master
6438409005472,item_master
6438409005489,item_master
6438409005656,item_master
6438409005663,item_master
6438409005670,item_master
6438409006417,item_master
6438409007018,item_master
6438409007025,item_master
6438409007032,item_master
6438409007049,item_master
6438409007056,item_master
6438409007063,item_master
6438409007070,item_master
6438409007087,item_master
6438409008947,item_master
6438409008954,item_master
6438409008961,item_master
6438409009036,item_master
6438409009043,item_master
6438409009050,item_master
6438409009500,item_master
6438409009531,item_master
6438409011039,item_master
6438409011060,item_master
6438409011312,item_master
6438409011725,item_master
6438409011732,item_master
6438409011749,item_master
6438409011916,item_master
6438409012708,item_master
6438409012715,item_master
6438409012722,item_master
6438409012791,item_master
6438409013262,item_master
6438409013279,item_master
6438409013392,item_master
6438409013408,item_master
6438409013682,item_master
6438409013699,item_master
6438409013866,item_master
6438409013903,item_master
6438409013927,item_master
6438409014092,item_master
6438409014108,item_master
6438409014412,item_master
6438409014429,item_master
6438409014450,item_master
6438409014467,item_master
6438409014665,item_master
6438409016706,item_master
6438409016713,item_master
6438409016720,item_master
6438409017932,item_master
6438409017949,item_master
6438409017956,item_master
6438409018533,item_master
6438409018540,item_master
6438409018557,item_master
6438409018694,item_master
6438409018700,item_master
6438409018717,item_master
6438409018755,item_master
6438409018762,item_master
6438409018779,item_master
6438409018878,item_master
6438409018885,item_master
6438409018892,item_master
6438409020185,item_master
6438409020192,item_master
6438409020208,item_master
6438409020215,item_master
6438409020222,item_master
6438409020239,item_master
6438409020673,item_master
6438409020680,item_master
6438409020697,item_master
6438409020727,item_master
6438409020758,item_master
6438409020796,item_master
6438409021229,item_master
6438409021243,item_master
6438409022462,item_master
6438409022479,item_master
6438409022578,item_master
6438409022585,item_master
6438409022721,item_master
6438409022820,item_master
6438409023810,item_master
6438409024114,item_master
6438409024145,item_master
6438409024343,item_master
6438409024350,item_master
6438409024435,item_master
6438409024473,item_master
6438409024480,item_master
6438409024497,item_master
6438409024541,item_master
6438409024732,item_master
6438409024749,item_master
6438409024756,item_master
6438409025401,item_master
6438409026286,item_master
6438409026293,item_master
6438409026309,item_master
6438409026743,item_master
6438409026750,item_master
6438409026767,item_master
6438409026774,item_master
6438409026781,item_master
6438409026798,item_master
6438409028402,item_master
6438409028419,item_master
6438409028426,item_master
6438409028839,item_master
6438409028846,item_master
6438409028853,item_master
6438409028860,item_master
6438409028877,item_master
6438409028884,item_master
6438409029171,item_master
6438409030917,item_master
6438409030924,item_master
6438409032676,item_master
6438409032683,item_master
6438409032690,item_master
6438409032706,item_master
6438409033406,item_master
6438409033499,item_master
6438409033505,item_master
6438409033529,item_master
6438409033567,item_master
6438409033765,item_master
6438409033772,item_master
6438409033789,item_master
6438409033796,item_master
6438409033857,item_master
6438409033864,item_master
6438409033994,item_master
6438409034083,item_master
6438409034090,item_master
6438409034106,item_master
6438409034113,item_master
6438409034120,item_master
6438409034137,item_master
6438409034144,item_master
6438409034151,item_master
6438409035332,item_master
6438409035349,item_master
6438409035486,item_master
6438409035493,item_master
6438409035868,item_master
6438409035875,item_master
6438409036377,item_master
6438409036391,item_master
6438409036407,item_master
6438409036414,item_master
6438409036421,item_master
6438409036537,item_master
6438409036544,item_master
6438409036551,item_master
6438409036568,item_master
6438409036575,item_master
6438409036582,item_master
6438409038845,item_master
6438409038852,item_master
6438409039798,item_master
6438409041616,item_master
6438409041623,item_master
6438409041647,item_master
6438409041654,item_master
6438409041661,item_master
6438409042330,item_master
6438409042606,item_master
6438409042613,item_master
6438409044051,item_master
6438409044068,item_master
6438409044181,item_master
6438409044358,item_master
6438409044389,item_master
6438409044396,item_master
6438409045720,item_master
6438409045737,item_master
6438409045782,item_master
6438409045799,item_master
6438409045805,item_master
6438409047038,item_master
6438409047076,item_master
6438409049117,item_master
6438409049124,item_master
6438409049339,item_master
6438409049346,item_master
6438409049650,item_master
6438409050120,item_master
6438409050137,item_master
6438409050144,item_master
6438409050236,item_master
6438409050243,item_master
6438409050250,item_master
6438409050458,item_master
6438409050465,item_master
6438409050472,item_master
6438409050960,item_master
6438409050977,item_master
6438409050984,item_master
6438409050991,item_master
6438409051004,item_master
6438409052766,item_master
6438409052773,item_master
6438409052780,item_master
6438409053381,item_master
6438409053398,item_master
6438409053404,item_master
6438409054173,item_master
6438409055484,item_master
6438409055491,item_master
6438409055507,item_master
6438409055897,item_master
6438409055903,item_master
6438409056115,item_master
6438409056122,item_master
6438409057464,item_master
6438409057471,item_master
6438409057501,item_master
6438409058706,item_master
6438409058713,item_master
6438409058720,item_master
6438409058737,item_master
6438409058966,item_master
6438409059222,item_master
6438409059239,item_master
6438409060129,item_master
6438409060136,item_master
6438409060143,item_master
6438409060150,item_master
6438409060204,item_master
6438409060211,item_master
6438409060228,item_master
6438409060235,item_master
6438409060396,item_master
6438409060785,item_master
6438409061270,item_master
6438409061287,item_master
6438409062093,item_master
6438409062109,item_master
6438409062239,item_master
6438409062246,item_master
6438409062901,item_master
6438409062918,item_master
6438409062925,item_master
6438409062932,item_master
6438409062949,item_master
6438409062956,item_master
6438409063298,item_master
6438409063311,item_master
6438409063335,item_master
6438409063489,item_master
6438409063519,item_master
6438409063533,item_master
6438409063564,item_master
6438409063878,item_master
6438409063892,item_master
6438409063915,item_master
6438409063939,item_master
6438409064370,item_master
6438409064387,item_master
6438409064400,item_master
6438409064417,item_master
6438409064622,item_master
6438409064639,item_master
6438409064646,item_master
6438409064653,item_master
6438409064660,item_master
6438409065339,item_master
6438409065469,item_master
6438409065476,item_master
6438409067449,item_master
6438409067456,item_master
6438409067470,item_master
6438409069535,openfacts
6438409070760,item_master
6438409070777,item_master
6438409070784,item_master
6438409070791,item_master
6438409071651,item_master
6438409071668,item_master
6438409072139,item_master
6438409072146,item_master
6438409072528,item_master
6438409072818,item_master
6438409072825,item_master
6438409073112,item_master
6438409073129,item_master
6438409073198,item_master
6438409073204,item_master
6438409074072,item_master
6438409074089,item_master
6438409075956,item_master
6438409075963,item_master
6438409076267,item_master
6438409076274,item_master
6438409076281,item_master
6438409076403,item_master
6438409076410,item_master
6438409076571,item_master
6438409076588,item_master
6438409076595,item_master
6438409076601,item_master
6438409077226,item_master
6438409077707,item_master
6438409077714,item_master
6438409077721,item_master
6438409077738,item_master
6438409077851,item_master
6438409077868,item_master
6438409077875,item_master
6438409079268,item_master
6438409079275,item_master
6438409079336,item_master
6438409079343,item_master
6438409081087,item_master
6438409081094,item_master
6438409081100,item_master
6438409082466,item_master
6438409082473,item_master
6438409082527,item_master
6438409082534,item_master
6438409082541,item_master
6438409083395,item_master
6438409083401,item_master
6438409084712,item_master
6438409084729,item_master
6438409084750,item_master
6438409084767,item_master
6438409084859,item_master
6438409084866,item_master
6438409084873,item_master
6438409085474,item_master
6438409085498,item_master
6438409085504,item_master
6438409086532,item_master
6438409086549,item_master
6438409086587,item_master
6438409086594,item_master
6438409087744,openfacts
6438409089915,item_master
6438409090324,item_master
6438409090331,item_master
6438409090577,item_master
6438409092472,item_master
6438409092519,item_master
6438409095367,item_master
6438409097637,item_master
6438409097644,item_master
6438409103987,item_master
6438409103994,item_master
6438409601612,item_master
6438409601629,item_master
6438409601636,item_master
6438409601643,item_master
6438409601766,item_master
6438409601773,item_master
6438409601780,item_master
6438409601797,item_master
6438409602671,item_master
6438409602688,item_master
6438409602695,item_master
6438409603098,item_master
6438409603104,item_master
6438409603111,item_master
6438409603609,item_master
6438409603616,item_master
6438409603623,item_master
6438409603784,item_master
6438409603791,item_master
6438409603807,item_master
6438409605122,item_master
6438409605146,item_master
6438409605238,item_master
6438409605245,item_master
6438409605252,item_master
6438409607386,item_master
6438409607393,item_master
6438409607409,item_master
6438409607416,item_master
6438409607591,item_master
6438409607607,item_master
6438409607614,item_master
6438409607621,item_master
6438448000339,openfacts
6438448001527,openfacts
6438448002432,openfacts
6438448002555,openfacts
6438448004405,openfacts
6438448004474,openfacts
6438448007024,openfacts
6438448008069,openfacts
6438460001956,openfacts
6438460007422,openfacts
6438460009211,openfacts
6438460020575,openfacts
6438460020599,openfacts
6438460048197,openfacts
6438460096143,openfacts
6438460096167,openfacts
6438460111631,openfacts
6438460111655,openfacts
6438460111662,openfacts
6438460111679,openfacts
6438460111686,openfacts
6438460111693,openfacts
6438460181726,openfacts
6438460181917,openfacts
6438460217012,openfacts
6438460224225,openfacts
6438460228742,openfacts
6438460232794,openfacts
6438460232800,openfacts
6438460292804,openfacts
6438460324925,openfacts
6438460328329,openfacts
6438460331916,openfacts
6438460352560,openfacts
6438460352577,openfacts
6438460352584,openfacts
6438460352591,openfacts
6438460353239,openfacts
6438460353253,openfacts
6438460355028,openfacts
6438460356087,openfacts
6438460362743,openfacts
6438460367335,openfacts
6438460486210,openfacts
6438460505942,openfacts
6438460509964,openfacts
6438460514623,openfacts
6438460518072,openfacts
6438460521256,openfacts
6438460537844,openfacts
6438460544118,openfacts
6438460575365,openfacts
6438460596568,openfacts
6438460602405,openfacts
6438460602412,openfacts
6438460609091,openfacts
6438460623189,openfacts
6438460623196,openfacts
6438460623349,openfacts
6438460623356,openfacts
6438460623424,openfacts
6438460627705,openfacts
6438460708770,openfacts
6438460710094,openfacts
6438460715365,openfacts
6438460715822,openfacts
6438460723322,openfacts
6438460725975,openfacts
6438460730085,openfacts
6438460730092,openfacts
6438460756122,openfacts
6438460756146,openfacts
6438460756153,openfacts
6438460756177,openfacts
6438460769283,openfacts
6438460787560,openfacts
6438460789182,openfacts
6438460814402,openfacts
6438460817717,openfacts
6438460817731,openfacts
6438460819209,openfacts
6438460819223,openfacts
6438460832000,openfacts
6438460838170,openfacts
6438460841972,openfacts
6438460843457,openfacts
6438460860485,openfacts
6438460876042,openfacts
6438460879159,openfacts
6438460879197,openfacts
6438460879234,openfacts
6438460890352,openfacts
6438460900808,openfacts
6438460900907,openfacts
6438460904776,openfacts
6438460904783,openfacts
6438460913020,openfacts
6438460915062,openfacts
6438460915130,openfacts
6438460915147,openfacts
6438460915161,openfacts
6438460930171,openfacts
6438460942990,openfacts
6438460944345,openfacts
6438460944352,openfacts
6438460949739,openfacts
6438460953439,openfacts
6438460956003,openfacts
6438460975998,openfacts
6438460976025,openfacts
6438460976056,openfacts
6438460977602,openfacts
6438460981067,openfacts
6438460995491,openfacts
6438500017909,openfacts
6438560010803,openfacts
6438565042724,openfacts
6438565125670,openfacts
6438565163955,openfacts
6438565163962,openfacts
6438565163979,openfacts
6438565163986,openfacts
6438565164013,openfacts
6438565177792,openfacts
6438565177808,openfacts
6438565292884,openfacts
6438565392232,openfacts
6438574000463,openfacts
6438574004645,openfacts
6438574005871,openfacts
6438574012763,openfacts
6438574012770,openfacts
6438574012794,openfacts
6438574012800,openfacts
6438574012855,openfacts
6438574012879,openfacts
6438574012916,openfacts
6438574012923,openfacts
6438574012930,openfacts
6438574013937,openfacts
6438574014132,openfacts
6438574014859,openfacts
6438574014972,openfacts
6438574016044,openfacts
6438574016853,openfacts
6438574016860,openfacts
6438574016877,openfacts
6438574023479,openfacts
6438574025381,openfacts
6438574025398,openfacts
6438574025442,openfacts
6438574025473,openfacts
6438574025534,openfacts
6438574025626,openfacts
6438574025657,openfacts
6438574025688,openfacts
6438574025718,openfacts
6438574025749,openfacts
6438574025770,openfacts
6438574028207,openfacts
6438574028276,openfacts
6438574028313,openfacts
6438574028436,openfacts
6438574028474,openfacts
6438574028504,openfacts
6438574028559,openfacts
6438574028610,openfacts
6438574028634,openfacts
6438574031290,openfacts
6438574033034,openfacts
6438574039807,openfacts
6438574039883,openfacts
6438574042326,openfacts
6438574042463,openfacts
6438574042593,openfacts
6438574042609,openfacts
6438574042616,openfacts
6438574042623,openfacts
6438574042630,openfacts
6438574042647,openfacts
6438574042654,openfacts
6438574042678,openfacts
6438574052578,openfacts
6438574061846,openfacts
6438574064885,openfacts
6438574082308,openfacts
6438574082315,openfacts
6438574090280,openfacts
6438574090297,openfacts
6438574090471,openfacts
6438574090488,openfacts
6438574091492,openfacts
6438574104536,openfacts
6438574108350,openfacts
6438574109203,openfacts
6438574109210,openfacts
6438574109227,openfacts
6438574109272,openfacts
6438574109289,openfacts
6438574109319,openfacts
6438574113330,openfacts
6438574113736,openfacts
6438574114108,openfacts
6438574124688,openfacts
6438574128969,openfacts
6438574129003,openfacts
6438574129591,openfacts
6438574129621,openfacts
6438574129652,openfacts
6438574132362,openfacts
6438574132416,openfacts
6438574132423,openfacts
6438574132454,openfacts
6438574132461,openfacts
6438574132485,openfacts
6438574132515,openfacts
6438574132522,openfacts
6438574132539,openfacts
6438574132553,openfacts
6438574133475,openfacts
6438574133505,openfacts
6438574136407,openfacts
6438574136421,openfacts
6438574142491,openfacts
6438574143306,openfacts
6438574147281,openfacts
6438574147298,openfacts
6438574148158,openfacts
6438574148592,openfacts
6438574148677,openfacts
6438574148684,openfacts
6438574149681,openfacts
6438574152292,openfacts
6438574152704,openfacts
6438574154463,openfacts
6438574157174,openfacts
6438574157181,openfacts
6438574157365,openfacts
6438574157372,openfacts
6438574157426,openfacts
6438574157433,openfacts
6438574158287,openfacts
6438574166473,openfacts
6438574168453,openfacts
6438574170593,openfacts
6438574170623,openfacts
6438574172283,openfacts
6438574172313,openfacts
6438574172344,openfacts
6438574172382,openfacts
6438574174416,openfacts
6438574176847,openfacts
6438574177059,openfacts
6438574192038,openfacts
6438574192052,openfacts
6438574198238,openfacts
6438574203185,openfacts
6438574224883,openfacts
6438574224890,openfacts
6438574244270,openfacts
6438574244607,openfacts
6438574247707,openfacts
6438574247714,openfacts
6438574254224,openfacts
6438574267552,openfacts
6438574272273,openfacts
6438574272341,openfacts
6438574272761,openfacts
6438574272785,openfacts
6438574272792,openfacts
6438574274444,openfacts
6438574276004,openfacts
6438574276035,openfacts
6438574278572,openfacts
6438574278596,openfacts
6438574278619,openfacts
6438574278633,openfacts
6438574278657,openfacts
6438574278671,openfacts
6438574278695,openfacts
6438574280179,openfacts
6438574280223,openfacts
6438574280476,openfacts
6438574280872,openfacts
6438574281312,openfacts
6438574284023,openfacts
6438574284030,openfacts
6438574284481,openfacts
6438574284559,openfacts
6438574284597,openfacts
6438574284627,openfacts
6438574285082,openfacts
6438574285143,openfacts
6438574290680,openfacts
6438574292257,openfacts
6438574314706,openfacts
6438574348091,openfacts
6438574350322,openfacts
6438574353118,openfacts
6438574353149,openfacts
6438574354504,openfacts
6438574354535,openfacts
6438574356331,openfacts
6438574356348,openfacts
6438574358335,openfacts
6438574389735,openfacts
6438574401369,openfacts
6438574405671,openfacts
6438574405695,openfacts
6438574406494,openfacts
6438574408467,openfacts
6438574408474,openfacts
6438574408948,openfacts
6438574409204,openfacts
6438574409211,openfacts
6438574409235,openfacts
6438574409242,openfacts
6438574409273,openfacts
6438574409679,openfacts
6438574409921,openfacts
6438574409976,openfacts
6438574409983,openfacts
6438574409990,openfacts
6438574410002,openfacts
6438574410019,openfacts
6438574410026,openfacts
6438574410033,openfacts
6438574410057,openfacts
6438574410071,openfacts
6438574410088,openfacts
6438574410095,openfacts
6438574412013,openfacts
6438574412020,openfacts
6438574417964,openfacts
6438574418022,openfacts
6438574471447,openfacts
6438574537235,openfacts
6438574537310,openfacts
6438574538881,openfacts
6438574550722,openfacts
6438574556458,openfacts
6438574567669,openfacts
6438574607815,openfacts
6438574610853,openfacts
6438574610860,openfacts
6438574620470,openfacts
6438574658213,openfacts
6438574658244,openfacts
6438574660292,openfacts
6438574660346,openfacts
6438574661596,openfacts
6438574661602,openfacts
6438574709670,openfacts
6438574709694,openfacts
6438614252616,openfacts
6438700205304,openfacts
6438700205311,openfacts
6438702178149,openfacts
6438706017062,openfacts
6438706113641,openfacts
6438706125040,openfacts
6438706145048,openfacts
6438706171245,openfacts
6438706175243,openfacts
6438706175540,openfacts
6438706177643,openfacts
6438706178749,openfacts
6438706193643,openfacts
6438706194640,openfacts
6438706196545,openfacts
6438706199041,openfacts
6438706200440,openfacts
6438706201447,openfacts
6438706202444,openfacts
6438706203540,openfacts
6438706204547,openfacts
6438706205544,openfacts
6438706209443,openfacts
6438706236449,openfacts
6438706237545,openfacts
6438706242549,openfacts
6438706274649,openfacts
6438706293244,openfacts
6438706295248,openfacts
6438706400642,openfacts
6438706404848,openfacts
6438706413642,openfacts
6438706415646,openfacts
6438706417640,openfacts
6438706538048,openfacts
6438706813947,openfacts
6438706833549,openfacts
6438706835543,openfacts
6438706845443,openfacts
6438706972040,openfacts
6438722108836,openfacts
6438794868836,openfacts
6438991000060,openfacts
6438994143306,openfacts
6439047453991,openfacts
6439048053862,openfacts
6439242866336,openfacts
6439549304630,openfacts
6439622870007,openfacts
6439742061958,openfacts
6439800000998,openfacts
6439800002626,openfacts
