ean13,source
6190000003492,openfacts
6190000004635,openfacts
6190000010575,openfacts
6190109640062,openfacts
6190110099446,openfacts
6190201001327,openfacts
6190300040074,openfacts
6190308891791,openfacts
6190358900047,openfacts
6190900651861,openfacts
6190918153937,openfacts
6190920211113,item_master
6190920211120,item_master
6191021720122,openfacts
6191105979378,item_master
6191125034170,openfacts
6191195400332,openfacts
6191300800019,openfacts
6191302400026,openfacts
6191302400125,openfacts
6191302400149,openfacts
6191302400200,openfacts
6191302800017,openfacts
6191302800024,openfacts
6191302800055,openfacts
6191302800154,openfacts
6191302800161,openfacts
6191302800185,openfacts
6191302800192,openfacts
6191302800260,openfacts
6191302800277,openfacts
6191302800284,openfacts
6191303400070,openfacts
6191303500046,openfacts
6191304000156,openfacts
6191304000392,openfacts
6191304000484,openfacts
6191305900189,openfacts
6191307000047,openfacts
6191307100013,openfacts
6191307200065,openfacts
6191307200126,openfacts
6191307200287,openfacts
6191307400014,openfacts
6191307400021,openfacts
6191307400038,openfacts
6191307400045,openfacts
6191307400052,openfacts
6191307400069,openfacts
6191307400083,openfacts
6191307400090,openfacts
6191307400106,openfacts
6191307400137,openfacts
6191307400144,openfacts
6191307400212,openfacts
6191307400243,openfacts
6191307400311,openfacts
6191307400342,openfacts
6191307400618,openfacts
6191307400625,openfacts
6191307400779,openfacts
6191307401226,openfacts
6191307401233,openfacts
6191307401240,openfacts
6191307401677,openfacts
6191307401684,openfacts
6191307401783,openfacts
6191307401851,openfacts
6191307401868,openfacts
6191307402162,openfacts
6191307402179,openfacts
6191307402360,openfacts
6191307402377,openfacts
6191307402476,openfacts
6191307402520,openfacts
6191307402551,openfacts
6191307402605,openfacts
6191307402643,openfacts
6191307402759,openfacts
6191307402766,openfacts
6191307402841,openfacts
6191308300030,openfacts
6191309600023,openfacts
6191309700013,openfacts
6191309700020,openfacts
6191309700037,openfacts
6191309700082,openfacts
6191309700099,openfacts
6191309700105,openfacts
6191309700198,openfacts
6191309700259,openfacts
6191309700365,openfacts
6191310600012,openfacts
6191311500014,openfacts
6191311500021,openfacts
6191311500038,openfacts
6191311500045,openfacts
6191311500076,openfacts
6191311500182,openfacts
6191311500335,openfacts
6191311900012,openfacts
6191311900159,openfacts
6191312200036,openfacts
6191312901223,openfacts
6191313200103,openfacts
6191313400015,openfacts
6191314600018,openfacts
6191315800158,openfacts
6191316800157,openfacts
6191316800355,openfacts
6191316900024,openfacts
6191316900048,openfacts
6191317200031,openfacts
6191317200062,openfacts
6191317300045,openfacts
6191317300052,openfacts
6191319200022,openfacts
6191319200183,openfacts
6191319300241,openfacts
6191321800050,openfacts
6191321800173,openfacts
6191321800487,openfacts
6191322200026,openfacts
6191322400365,openfacts
6191322800011,openfacts
6191322800028,openfacts
6191324300038,openfacts
6191324300557,openfacts
6191324300595,openfacts
6191325500727,openfacts
6191326200039,openfacts
6191326500627,openfacts
6191326500658,openfacts
6191326500696,openfacts
6191326900366,openfacts
6191327200014,openfacts
6191327600012,openfacts
6191327600043,openfacts
6191327600074,openfacts
6191327600081,openfacts
6191327600500,openfacts
6191327600517,openfacts
6191327900013,openfacts
6191327900105,openfacts
6191327900181,openfacts
6191327900211,openfacts
6191327900259,openfacts
6191327900273,openfacts
6191328100085,openfacts
6191328100146,openfacts
6191328700063,openfacts
6191328700070,openfacts
6191328700094,openfacts
6191328700254,openfacts
6191328700285,openfacts
6191328700292,openfacts
6191328700735,openfacts
6191328700780,openfacts
6191328700940,openfacts
6191329900110,openfacts
6191329900424,openfacts
6191329900615,openfacts
6191330007556,openfacts
6191332100040,openfacts
6191332100064,openfacts
6191332100224,openfacts
6191332100279,openfacts
6191332200047,openfacts
6191332200054,openfacts
6191332200061,openfacts
6191335282071,openfacts
6191335700223,openfacts
6191335700230,openfacts
6191337100090,openfacts
6191337100137,openfacts
6191338100976,openfacts
6191339900018,openfacts
6191339900056,openfacts
6191340100407,openfacts
6191340100902,openfacts
6191340200015,openfacts
6191340200022,openfacts
6191340600150,openfacts
6191340900045,openfacts
6191342700513,openfacts
6191342800022,openfacts
6191343500105,openfacts
6191343500204,openfacts
6191346500010,openfacts
6191346500027,openfacts
6191346900186,openfacts
6191347600023,openfacts
6191347600047,openfacts
6191348400127,openfacts
6191349200023,openfacts
6191350600010,openfacts
6191350600027,openfacts
6191351800082,openfacts
6191351800099,openfacts
6191353500126,openfacts
6191354600054,openfacts
6191355900023,openfacts
6191357900014,openfacts
6191363100019,openfacts
6191363100026,openfacts
6191363100033,openfacts
6191363100125,openfacts
6191363100132,openfacts
6191363100156,openfacts
6191363100163,openfacts
6191363100170,openfacts
6191363100194,openfacts
6191369700039,openfacts
6191374900035,openfacts
6191400100019,openfacts
6191400300402,openfacts
6191400400492,openfacts
6191400400737,openfacts
6191401200183,openfacts
6191402600340,openfacts
6191402600357,openfacts
6191402600364,openfacts
6191402600388,openfacts
6191402600395,openfacts
6191402600401,openfacts
6191402600579,openfacts
6191402600586,openfacts
6191402600609,openfacts
6191402600708,openfacts
6191402600777,openfacts
6191402601057,openfacts
6191402601613,openfacts
6191402601637,openfacts
6191402601804,openfacts
6191402601972,openfacts
6191402601989,openfacts
6191402601996,openfacts
6191402602030,openfacts
6191402602047,openfacts
6191402602054,openfacts
6191402602061,openfacts
6191402602320,openfacts
6191402602498,openfacts
6191402604867,openfacts
6191402604928,openfacts
6191402604935,openfacts
6191402604942,openfacts
6191402604959,openfacts
6191402604966,openfacts
6191402607554,openfacts
6191402800030,openfacts
6191402800047,openfacts
6191402800061,openfacts
6191402800085,openfacts
6191402800146,openfacts
6191402800153,openfacts
6191402800160,openfacts
6191402800184,openfacts
6191402800207,openfacts
6191402800283,openfacts
6191402800290,openfacts
6191402800344,openfacts
6191402800351,openfacts
6191402800559,openfacts
6191402800566,openfacts
6191402800603,openfacts
6191402801020,openfacts
6191402801303,openfacts
6191402801310,openfacts
6191402801341,openfacts
6191402801419,openfacts
6191402801426,openfacts
6191402801440,openfacts
6191402801495,openfacts
6191402801518,openfacts
6191402801624,openfacts
6191402801730,openfacts
6191402801815,openfacts
6191402801839,openfacts
6191402801921,openfacts
6191402802362,openfacts
6191402802478,openfacts
6191402802874,openfacts
6191402802881,openfacts
6191402803000,openfacts
6191402803079,openfacts
6191402803178,openfacts
6191402803420,openfacts
6191402803451,openfacts
6191402803567,item_master
6191402803574,item_master
6191402803581,item_master
6191402803598,item_master
6191402803604,item_master
6191402803611,item_master
6191402803680,openfacts
6191402803925,openfacts
6191402804014,openfacts
6191402804038,openfacts
6191402804243,openfacts
6191402804403,openfacts
6191402804410,openfacts
6191402804465,openfacts
6191402804472,openfacts
6191402804489,openfacts
6191402804496,openfacts
6191402804526,openfacts
6191402804601,openfacts
6191402804700,openfacts
6191402805110,openfacts
6191402900082,openfacts
6191402900099,openfacts
6191402900129,openfacts
6191402900396,openfacts
6191402900426,openfacts
6191402900518,openfacts
6191402900549,openfacts
6191402900891,openfacts
6191402901270,openfacts
6191402901287,openfacts
6191402901386,openfacts
6191402901782,openfacts
6191402902048,openfacts
6191402902062,openfacts
6191402902093,openfacts
6191402902307,openfacts
6191402902314,openfacts
6191402902420,openfacts
6191402902574,openfacts
6191402902604,openfacts
6191402902642,openfacts
6191402902772,openfacts
6191402902840,openfacts
6191402902857,openfacts
6191402902901,openfacts
6191402902932,openfacts
6191402902994,openfacts
6191402903014,openfacts
6191402903090,openfacts
6191402903106,openfacts
6191402903113,openfacts
6191402903304,openfacts
6191402903328,openfacts
6191402903342,openfacts
6191402903595,openfacts
6191402903670,openfacts
6191402903762,openfacts
6191403002419,openfacts
6191403002457,openfacts
6191403002501,openfacts
6191403003393,openfacts
6191403003676,openfacts
6191403301512,openfacts
6191403500960,openfacts
6191404300019,openfacts
6191404300170,openfacts
6191404300330,openfacts
6191404300408,openfacts
6191404300460,openfacts
6191404300620,openfacts
6191404300651,openfacts
6191404301399,openfacts
6191404301405,openfacts
6191404301412,openfacts
6191404301450,openfacts
6191404301467,openfacts
6191404301474,openfacts
6191404301641,openfacts
6191404301795,openfacts
6191404301948,openfacts
6191404301962,openfacts
6191404302679,openfacts
6191404303171,openfacts
6191404900172,openfacts
6191404900196,openfacts
6191405300223,openfacts
6191405300230,openfacts
6191405320016,openfacts
6191406200072,openfacts
6191406200102,openfacts
6191406400298,openfacts
6191406400359,openfacts
6191406800036,openfacts
6191406800043,openfacts
6191406800074,openfacts
6191408100332,openfacts
6191408300343,openfacts
6191408700099,openfacts
6191408800072,openfacts
6191408800225,openfacts
6191408800461,openfacts
6191408800768,openfacts
6191408801093,openfacts
6191408900017,openfacts
6191408900130,openfacts
6191409600015,openfacts
6191409600152,openfacts
6191409600763,openfacts
6191409601234,openfacts
6191409601869,openfacts
6191409603931,openfacts
6191409604235,openfacts
6191409604242,openfacts
6191409604303,openfacts
6191409604365,openfacts
6191410000033,openfacts
6191410000330,openfacts
6191410000460,openfacts
6191411400016,openfacts
6191411400054,openfacts
6191411400085,openfacts
6191412100076,openfacts
6191412600033,openfacts
6191412900706,openfacts
6191413200010,openfacts
6191415500026,openfacts
6191415500040,openfacts
6191415500057,openfacts
6191415500064,openfacts
6191415500071,openfacts
6191415500088,openfacts
6191415500095,openfacts
6191415500118,openfacts
6191415500125,openfacts
6191415500132,openfacts
6191415500187,openfacts
6191415500309,openfacts
6191415500330,openfacts
6191415500378,openfacts
6191415500446,openfacts
6191415500699,openfacts
6191415500705,openfacts
6191415500828,openfacts
6191415501085,openfacts
6191415501108,openfacts
6191415501184,openfacts
6191415501337,openfacts
6191416001959,openfacts
6191416500124,openfacts
6191416500216,openfacts
6191416500223,openfacts
6191416500230,openfacts
6191416500247,openfacts
6191416500377,openfacts
6191416500384,openfacts
6191417200047,openfacts
6191418300562,openfacts
6191419400551,openfacts
6191419400599,openfacts
6191419400742,openfacts
6191420400038,openfacts
6191420400069,openfacts
6191422500231,openfacts
6191422500255,openfacts
6191422500279,openfacts
6191422600061,openfacts
6191423500018,openfacts
6191424300099,openfacts
6191425900038,openfacts
6191427200228,openfacts
6191427202086,openfacts
6191427202192,openfacts
6191427600288,openfacts
6191427600295,openfacts
6191427600585,openfacts
6191427600592,openfacts
6191427600615,openfacts
6191427600738,openfacts
6191427600745,openfacts
6191427600752,openfacts
6191427600769,openfacts
6191427600776,openfacts
6191427600790,openfacts
6191427600974,openfacts
6191427600998,openfacts
6191427601001,openfacts
6191427601025,openfacts
6191427601049,openfacts
6191427601117,openfacts
6191428600133,openfacts
6191428600218,openfacts
6191428600232,openfacts
6191428601765,openfacts
6191428601772,openfacts
6191428602021,openfacts
6191428602120,openfacts
6191428602137,openfacts
6191428602236,openfacts
6191428602243,openfacts
6191428602274,openfacts
6191428602311,openfacts
6191428602342,openfacts
6191428602380,openfacts
6191428602465,openfacts
6191428602564,openfacts
6191428602700,openfacts
6191428602731,openfacts
6191428602823,openfacts
6191428603035,openfacts
6191428603202,openfacts
6191428603219,openfacts
6191428603226,openfacts
6191428603233,openfacts
6191428603264,openfacts
6191428603387,openfacts
6191428603486,openfacts
6191428603622,openfacts
6191428603639,openfacts
6191428603660,openfacts
6191428603707,openfacts
6191428603714,openfacts
6191428603721,openfacts
6191428603738,openfacts
6191428603769,openfacts
6191428603783,openfacts
6191428603844,openfacts
6191428603912,openfacts
6191428603936,openfacts
6191428603943,openfacts
6191428603950,openfacts
6191428604087,openfacts
6191428604094,openfacts
6191428604254,openfacts
6191428604261,openfacts
6191428604407,openfacts
6191428604599,openfacts
6191428605312,openfacts
6191428605350,openfacts
6191428605664,openfacts
6191428605732,openfacts
6191428605787,openfacts
6191428605916,openfacts
6191428605978,openfacts
6191428605985,openfacts
6191428606210,openfacts
6191428606999,openfacts
6191428607170,openfacts
6191428607507,openfacts
6191428607835,openfacts
6191428607842,openfacts
6191428607859,openfacts
6191428607866,openfacts
6191428607897,openfacts
6191428607910,openfacts
6191428608016,openfacts
6191428608047,openfacts
6191428900073,openfacts
6191428900080,openfacts
6191428900097,openfacts
6191428900103,openfacts
6191428900110,openfacts
6191429100212,openfacts
6191430605010,openfacts
6191430605027,openfacts
6191430605041,openfacts
6191430605126,openfacts
6191430800040,openfacts
6191430800156,item_master
6191430800163,item_master
6191430800460,item_master
6191430800569,item_master
6191431400027,openfacts
6191431400386,openfacts
6191432200015,openfacts
6191432200022,openfacts
6191432200039,openfacts
6191432200046,openfacts
6191432200053,openfacts
6191432200060,openfacts
6191432200152,openfacts
6191432200169,openfacts
6191432200176,openfacts
6191432200244,openfacts
6191432200268,openfacts
6191432200299,openfacts
6191432200442,openfacts
6191432200657,openfacts
6191432200688,openfacts
6191432200732,openfacts
6191432200749,openfacts
6191432200756,openfacts
6191432200824,openfacts
6191432200855,openfacts
6191432200862,openfacts
6191432200879,openfacts
6191432200909,openfacts
6191432200923,openfacts
6191432201036,openfacts
6191432201388,openfacts
6191432201401,openfacts
6191432201418,openfacts
6191432201432,openfacts
6191432202316,openfacts
6191432202330,openfacts
6191432202378,openfacts
6191432202385,openfacts
6191432202538,openfacts
6191432202590,openfacts
6191432202620,openfacts
6191432202637,openfacts
6191432203030,openfacts
6191432203047,openfacts
6191432203054,openfacts
6191432203061,openfacts
6191432800208,openfacts
6191433000959,openfacts
6191433001116,openfacts
6191433001147,openfacts
6191433001239,openfacts
6191433900471,openfacts
6191433900747,openfacts
6191434500304,openfacts
6191435400290,openfacts
6191435700017,openfacts
6191435700048,openfacts
6191435700055,openfacts
6191435700062,openfacts
6191435700130,openfacts
6191435700154,openfacts
6191435700215,openfacts
6191435700239,openfacts
6191435700383,openfacts
6191436200042,openfacts
6191436200615,openfacts
6191436200660,openfacts
6191436201001,openfacts
6191436201025,openfacts
6191436201032,openfacts
6191436201049,openfacts
6191436201117,openfacts
6191436201261,openfacts
6191436402477,openfacts
6191437300581,openfacts
6191437700480,openfacts
6191437701524,openfacts
6191437701913,openfacts
6191437701937,openfacts
6191437702064,openfacts
6191437702071,openfacts
6191439800034,openfacts
6191440700019,openfacts
6191441000019,openfacts
6191441000033,openfacts
6191441000118,openfacts
6191441000132,openfacts
6191441000231,openfacts
6191441100016,openfacts
6191441100023,item_master
6191441100061,openfacts
6191441100139,openfacts
6191441100344,openfacts
6191441100412,openfacts
6191441100832,openfacts
6191441100894,openfacts
6191441500281,openfacts
6191441500564,openfacts
6191442000025,openfacts
6191442000421,openfacts
6191442000452,openfacts
6191442500013,openfacts
6191442500020,openfacts
6191442500037,openfacts
6191442500051,openfacts
6191442500075,openfacts
6191442500082,openfacts
6191442500099,openfacts
6191442500105,openfacts
6191442500112,openfacts
6191442500143,openfacts
6191442500167,openfacts
6191442500174,openfacts
6191442500181,openfacts
6191442500235,openfacts
6191442500259,openfacts
6191442500310,openfacts
6191442500358,openfacts
6191442500389,openfacts
6191442500402,openfacts
6191442500433,openfacts
6191442500471,openfacts
6191442500587,openfacts
6191442500594,openfacts
6191442500686,openfacts
6191442500693,openfacts
6191442500709,openfacts
6191442500730,openfacts
6191442500747,openfacts
6191442500785,openfacts
6191442500792,openfacts
6191442500945,openfacts
6191442500969,openfacts
6191442500990,openfacts
6191442501096,openfacts
6191442501102,openfacts
6191442501195,openfacts
6191442501263,openfacts
6191442501270,openfacts
6191442501287,openfacts
6191442501294,openfacts
6191442501300,openfacts
6191442501355,openfacts
6191442501362,openfacts
6191442501386,openfacts
6191442501423,openfacts
6191442501430,openfacts
6191442600010,openfacts
6191442600041,openfacts
6191442600058,openfacts
6191443100014,openfacts
6191443100038,openfacts
6191443200011,openfacts
6191443200035,openfacts
6191443200097,openfacts
6191444200010,openfacts
6191444200027,openfacts
6191444200034,openfacts
6191444200058,openfacts
6191444200201,openfacts
6191444200263,openfacts
6191444200324,openfacts
6191444200348,openfacts
6191444200461,openfacts
6191444200478,openfacts
6191444200485,openfacts
6191444400229,openfacts
6191444400243,openfacts
6191444400601,openfacts
6191444400632,openfacts
6191445000091,openfacts
6191445000213,openfacts
6191445500010,openfacts
6191445800097,openfacts
6191445800189,openfacts
6191445800417,openfacts
6191446701409,openfacts
6191446703250,openfacts
6191446704363,openfacts
6191446705476,openfacts
6191446709603,openfacts
6191446709610,openfacts
6191446709627,openfacts
6191446709634,openfacts
6191446709641,openfacts
6191446709658,openfacts
6191446709672,openfacts
6191446709689,openfacts
6191446709702,openfacts
6191446709757,openfacts
6191446709764,openfacts
6191446709771,openfacts
6191446709788,openfacts
6191446709795,openfacts
6191446709955,openfacts
6191446709962,openfacts
6191446709979,openfacts
6191446709986,openfacts
6191446711057,openfacts
6191446711118,openfacts
6191446711279,openfacts
6191446711309,openfacts
6191446711712,openfacts
6191446711729,openfacts
6191446711736,openfacts
6191446711743,openfacts
6191446711767,openfacts
6191446711774,openfacts
6191446712153,openfacts
6191446712535,openfacts
6191446712542,openfacts
6191446712597,openfacts
6191446712993,openfacts
6191446713013,openfacts
6191446713150,openfacts
6191446713174,openfacts
6191446713242,openfacts
6191446713334,openfacts
6191446716045,openfacts
6191446716052,openfacts
6191447800064,openfacts
6191448200115,openfacts
6191448200153,openfacts
6191448200207,openfacts
6191448200214,openfacts
6191448200252,openfacts
6191448200344,openfacts
6191448200580,openfacts
6191448200627,openfacts
6191448200818,openfacts
6191448201150,openfacts
6191448300013,openfacts
6191448300204,openfacts
6191448300433,openfacts
6191448300716,openfacts
6191448600106,openfacts
6191448600120,openfacts
6191448600182,openfacts
6191448600304,openfacts
6191448602179,openfacts
6191449400132,openfacts
6191450500173,openfacts
6191450500265,openfacts
6191450601818,openfacts
6191450902854,openfacts
6191451000078,openfacts
6191451000085,openfacts
6191451003086,openfacts
6191451100105,openfacts
6191451100112,openfacts
6191451200010,openfacts
6191452000015,openfacts
6191452000190,openfacts
6191452100135,openfacts
6191452100159,openfacts
6191452100326,openfacts
6191452102405,openfacts
6191452500027,openfacts
6191452500034,openfacts
6191452700045,openfacts
6191452701004,openfacts
6191452702575,openfacts
6191453100028,openfacts
6191453400067,openfacts
6191453400074,openfacts
6191453400081,openfacts
6191453400289,openfacts
6191453400364,openfacts
6191453800829,openfacts
6191453800850,openfacts
6191454000402,openfacts
6191454200123,openfacts
6191454500063,openfacts
6191454600022,openfacts
6191454600114,openfacts
6191454601722,openfacts
6191454601784,openfacts
6191455400072,openfacts
6191457400025,openfacts
6191457400049,openfacts
6191457400056,openfacts
6191457400094,openfacts
6191457400100,openfacts
6191457400131,openfacts
6191457400148,openfacts
6191457400162,openfacts
6191457400193,openfacts
6191457400209,openfacts
6191457400544,openfacts
6191457401084,openfacts
6191457401480,openfacts
6191457401657,openfacts
6191458010018,openfacts
6191458020000,openfacts
6191458020024,openfacts
6191458090010,openfacts
6191458100047,openfacts
6191458100290,openfacts
6191458100313,openfacts
6191458100320,openfacts
6191458600011,openfacts
6191458600042,openfacts
6191458600127,openfacts
6191458600158,openfacts
6191458600165,openfacts
6191458600325,openfacts
6191458600349,openfacts
6191458800015,openfacts
6191458800022,openfacts
6191458800046,openfacts
6191458800060,openfacts
6191458800381,openfacts
6191458800596,openfacts
6191458800602,openfacts
6191458800909,openfacts
6191458800978,openfacts
6191458900173,openfacts
6191458900456,openfacts
6191458901118,openfacts
6191459400108,openfacts
6191460400159,openfacts
6191460400210,openfacts
6191460400227,openfacts
6191460400234,openfacts
6191460400272,openfacts
6191460400388,openfacts
6191460400791,openfacts
6191460400814,openfacts
6191460400821,openfacts
6191460400845,openfacts
6191460400883,openfacts
6191460400906,openfacts
6191460400968,openfacts
6191460400982,openfacts
6191460401057,openfacts
6191460401163,openfacts
6191460401170,openfacts
6191460401231,openfacts
6191460401286,openfacts
6191460401484,openfacts
6191460401491,openfacts
6191460800027,openfacts
6191461000013,openfacts
6191461000020,openfacts
6191461000044,openfacts
6191461000051,openfacts
6191461000099,openfacts
6191461000112,openfacts
6191461000129,openfacts
6191461100034,openfacts
6191461100324,openfacts
6191461100799,openfacts
6191461100966,openfacts
6191461500032,openfacts
6191461900016,openfacts
6191462000180,openfacts
6191462000210,openfacts
6191462000296,openfacts
6191462000302,openfacts
6191462000494,openfacts
6191462000517,openfacts
6191462000531,openfacts
6191462001026,openfacts
6191462001200,openfacts
6191462001323,openfacts
6191462002078,openfacts
6191462200054,openfacts
6191462200108,openfacts
6191462200153,openfacts
6191462200177,openfacts
6191462200184,openfacts
6191462200252,openfacts
6191462200269,openfacts
6191462200276,openfacts
6191462200283,openfacts
6191462200290,openfacts
6191462200306,openfacts
6191462200313,openfacts
6191462200320,openfacts
6191462200351,openfacts
6191462400027,openfacts
6191462400034,openfacts
6191462400072,openfacts
6191462400096,openfacts
6191462700011,openfacts
6191462700028,openfacts
6191462700110,openfacts
6191462700134,openfacts
6191462700141,openfacts
6191462700158,openfacts
6191462700257,openfacts
6191463400033,openfacts
6191463400040,openfacts
6191463400071,openfacts
6191463400088,openfacts
6191463400217,openfacts
6191463400224,openfacts
6191463400606,openfacts
6191463401184,openfacts
6191463401290,openfacts
6191464700019,openfacts
6191464700026,openfacts
6191465700018,openfacts
6191465700025,openfacts
6191465700032,openfacts
6191466400023,openfacts
6191466400030,openfacts
6191466400092,openfacts
6191466400122,openfacts
6191467100038,openfacts
6191467300018,openfacts
6191467300025,openfacts
6191467300032,openfacts
6191467300049,openfacts
6191467700474,openfacts
6191467700931,openfacts
6191468800135,openfacts
6191468800142,openfacts
6191469700038,openfacts
6191469700076,openfacts
6191469700267,openfacts
6191469700274,openfacts
6191469700304,openfacts
6191469700311,openfacts
6191469700502,openfacts
6191469700519,openfacts
6191469700526,openfacts
6191469700557,openfacts
6191469700564,openfacts
6191469700571,openfacts
6191469700977,openfacts
6191469700984,openfacts
6191469700991,openfacts
6191469701448,openfacts
6191469701455,openfacts
6191469701783,openfacts
6191469701912,openfacts
6191469702025,openfacts
6191469900094,openfacts
6191470100049,openfacts
6191470100186,openfacts
6191470100223,openfacts
6191470200015,openfacts
6191470700010,openfacts
6191470700065,openfacts
6191471100178,openfacts
6191471100215,openfacts
6191471900440,openfacts
6191472000026,openfacts
6191473600065,openfacts
6191473600119,openfacts
6191473600126,openfacts
6191474500791,openfacts
6191474500821,openfacts
6191474500838,openfacts
6191474500845,openfacts
6191474501231,openfacts
6191474501248,openfacts
6191474501255,openfacts
6191474501262,openfacts
6191474700030,openfacts
6191475200010,openfacts
6191475200027,openfacts
6191475400069,openfacts
6191475400199,openfacts
6191475400236,openfacts
6191475400243,openfacts
6191475400359,openfacts
6191475400397,openfacts
6191475500080,openfacts
6191475500271,openfacts
6191475500318,openfacts
6191476100128,openfacts
6191476700014,openfacts
6191476700021,openfacts
6191476700083,openfacts
6191476900230,openfacts
6191477200063,openfacts
6191477200094,openfacts
6191477200117,openfacts
6191477200131,openfacts
6191477200155,openfacts
6191477200179,openfacts
6191477200223,openfacts
6191477200292,openfacts
6191477200353,openfacts
6191477200414,openfacts
6191477200438,openfacts
6191477200445,openfacts
6191477200469,openfacts
6191477200476,openfacts
6191477200629,openfacts
6191477200636,openfacts
6191477200858,openfacts
6191477200865,openfacts
6191477200988,openfacts
6191477201107,openfacts
6191477201183,openfacts
6191477201299,openfacts
6191478300045,openfacts
6191478300052,openfacts
6191478300069,openfacts
6191478401742,openfacts
6191478402008,openfacts
6191478403333,openfacts
6191478403623,openfacts
6191478403630,openfacts
6191478900023,openfacts
6191478900054,openfacts
6191479300174,openfacts
6191479900862,openfacts
6191479900893,openfacts
6191479902279,openfacts
6191480200074,openfacts
6191480202207,openfacts
6191480202252,openfacts
6191480202276,openfacts
6191480202801,openfacts
6191480300026,openfacts
6191480300033,openfacts
6191480300040,openfacts
6191480300064,openfacts
6191480300170,openfacts
6191480800014,openfacts
6191481800013,openfacts
6191481800051,openfacts
6191482100013,openfacts
6191482300048,openfacts
6191482500028,openfacts
6191482700039,openfacts
6191482700121,openfacts
6191482700183,openfacts
6191482700190,openfacts
6191482700282,openfacts
6191482700299,openfacts
6191482700305,openfacts
6191482700312,openfacts
6191482700329,openfacts
6191482700596,openfacts
6191482800012,openfacts
6191482800029,openfacts
6191483000459,openfacts
6191483600031,openfacts
6191484301432,openfacts
6191484900291,openfacts
6191485000020,openfacts
6191485000082,openfacts
6191485000556,openfacts
6191485000631,openfacts
6191485000785,openfacts
6191485000792,openfacts
6191485000815,openfacts
6191485200017,openfacts
6191485802389,openfacts
6191485802570,openfacts
6191486000098,openfacts
6191486000142,openfacts
6191486700011,openfacts
6191487301101,openfacts
6191488400049,openfacts
6191488400056,openfacts
6191488400063,openfacts
6191488400131,openfacts
6191488400148,openfacts
6191488400162,openfacts
6191489200167,openfacts
6191489300010,openfacts
6191490500034,openfacts
6191490600109,openfacts
6191491100011,openfacts
6191491100035,openfacts
6191491100202,openfacts
6191491400012,openfacts
6191491400029,openfacts
6191491400067,openfacts
6191491400081,openfacts
6191491400098,openfacts
6191491414934,openfacts
6191492000020,openfacts
6191492000044,openfacts
6191492100027,openfacts
6191492100164,openfacts
6191492100171,openfacts
6191492100188,openfacts
6191492100195,openfacts
6191492100201,openfacts
6191492100294,openfacts
6191492100386,openfacts
6191492100508,openfacts
6191492100560,openfacts
6191492100591,openfacts
6191492100706,openfacts
6191492100799,openfacts
6191492100829,openfacts
6191492101178,openfacts
6191492101284,openfacts
6191492101741,openfacts
6191492101758,openfacts
6191492500384,openfacts
6191492500780,openfacts
6191492700203,openfacts
6191493300112,openfacts
6191493300129,openfacts
6191494200039,openfacts
6191495000027,openfacts
6191495000065,openfacts
6191495400032,openfacts
6191495400056,openfacts
6191495400063,openfacts
6191495400124,openfacts
6191495400155,openfacts
6191495400193,openfacts
6191495400209,openfacts
6191495400230,openfacts
6191495400643,openfacts
6191495800016,openfacts
6191495800139,openfacts
6191495800160,openfacts
6191495800184,openfacts
6191495800191,openfacts
6191495800221,openfacts
6191496000019,openfacts
6191496000026,openfacts
6191496100023,openfacts
6191496100030,openfacts
6191496900098,openfacts
6191496900135,openfacts
6191496900449,openfacts
6191497100015,openfacts
6191497100039,openfacts
6191497200012,openfacts
6191497200029,openfacts
6191497200036,openfacts
6191497200043,openfacts
6191497200050,openfacts
6191497200067,openfacts
6191497200074,openfacts
6191497200081,openfacts
6191497200098,openfacts
6191497200135,openfacts
6191497200166,openfacts
6191497200173,openfacts
6191497200180,openfacts
6191497200197,openfacts
6191497200210,openfacts
6191497200227,openfacts
6191497200258,openfacts
6191497200296,openfacts
6191497200364,openfacts
6191497200371,openfacts
6191497200388,openfacts
6191497200470,openfacts
6191497500631,openfacts
6191497500686,openfacts
6191497500730,openfacts
6191497501065,openfacts
6191497501096,openfacts
6191498200172,openfacts
6191498200448,openfacts
6191498600019,openfacts
6191498600026,openfacts
6191499000016,openfacts
6191499000023,openfacts
6191499000047,openfacts
6191499000054,openfacts
6191499000160,openfacts
6191499000177,openfacts
6191499000290,openfacts
6191499000375,openfacts
6191499000412,openfacts
6191499000504,openfacts
6191499000511,openfacts
6191499700480,openfacts
6191499700732,openfacts
6191500264697,openfacts
6191500700164,openfacts
6191500700317,openfacts
6191500700614,openfacts
6191500700621,openfacts
6191503200739,openfacts
6191503200753,openfacts
6191503200791,openfacts
6191503200807,openfacts
6191503201033,openfacts
6191503201316,openfacts
6191503201477,openfacts
6191503203013,openfacts
6191503203020,openfacts
6191503203716,openfacts
6191503204126,openfacts
6191503204423,openfacts
6191503204430,openfacts
6191503204454,openfacts
6191503204522,openfacts
6191503204539,openfacts
6191503204546,openfacts
6191503204867,openfacts
6191503205772,openfacts
6191503207523,openfacts
6191503207530,openfacts
6191503207554,openfacts
6191503207820,openfacts
6191503208117,openfacts
6191503208223,openfacts
6191503208308,openfacts
6191503208599,openfacts
6191503208605,openfacts
6191503208629,openfacts
6191503208667,openfacts
6191503208872,openfacts
6191503208889,openfacts
6191503209169,openfacts
6191503209176,openfacts
6191503209855,openfacts
6191503209909,openfacts
6191503210035,openfacts
6191503210042,openfacts
6191503210660,openfacts
6191503210769,openfacts
6191503210899,openfacts
6191503210912,openfacts
6191503210998,openfacts
6191503211186,openfacts
6191503211230,openfacts
6191503211377,openfacts
6191503211810,openfacts
6191503211827,openfacts
6191503211919,openfacts
6191503211964,openfacts
6191503212138,openfacts
6191503212206,openfacts
6191503212312,openfacts
6191503212329,openfacts
6191503212336,openfacts
6191503212565,openfacts
6191503212695,openfacts
6191503212770,openfacts
6191503212817,openfacts
6191503212961,openfacts
6191503213005,openfacts
6191503213159,openfacts
6191503213265,openfacts
6191503213647,openfacts
6191503213760,openfacts
6191503213784,openfacts
6191504100021,openfacts
6191504101028,openfacts
6191504101301,openfacts
6191505100143,openfacts
6191505100181,openfacts
6191505100273,openfacts
6191505100419,openfacts
6191505100525,openfacts
6191505100532,openfacts
6191505100655,openfacts
6191505100747,openfacts
6191505100815,openfacts
6191505100884,openfacts
6191505101140,openfacts
6191505101171,openfacts
6191505102055,openfacts
6191505103038,openfacts
6191505103052,openfacts
6191506000077,openfacts
6191506000084,openfacts
6191506000091,openfacts
6191506000947,openfacts
6191506000985,openfacts
6191506001142,openfacts
6191506001302,openfacts
6191506001319,openfacts
6191506001326,openfacts
6191506001333,openfacts
6191506001371,openfacts
6191506001418,openfacts
6191506001708,openfacts
6191506001715,openfacts
6191506001890,openfacts
6191506002118,openfacts
6191506800219,openfacts
6191506800233,openfacts
6191506800264,openfacts
6191506800431,openfacts
6191506800493,openfacts
6191506800912,openfacts
6191506800974,openfacts
6191506801285,openfacts
6191506801292,openfacts
6191506880037,openfacts
6191506900025,openfacts
6191506900032,openfacts
6191506900124,openfacts
6191507211014,openfacts
6191507220108,openfacts
6191507220207,openfacts
6191507220214,openfacts
6191507220221,openfacts
6191507220283,openfacts
6191507249376,openfacts
6191507249383,openfacts
6191507249406,openfacts
6191507249413,openfacts
6191507249420,openfacts
6191507249437,openfacts
6191507249444,openfacts
6191507249451,openfacts
6191507249468,openfacts
6191507249475,openfacts
6191507249505,openfacts
6191507249512,openfacts
6191507249529,openfacts
6191507249567,openfacts
6191507249574,openfacts
6191507249611,openfacts
6191507249628,openfacts
6191507249635,openfacts
6191507249673,openfacts
6191507249789,openfacts
6191507249796,openfacts
6191507249819,openfacts
6191507249833,openfacts
6191507249840,openfacts
6191507249857,openfacts
6191507249864,openfacts
6191507249871,openfacts
6191507249888,openfacts
6191507249918,openfacts
6191507249925,openfacts
6191507249994,openfacts
6191507250044,openfacts
6191507250143,openfacts
6191507250174,openfacts
6191507250211,openfacts
6191507250242,openfacts
6191507250259,openfacts
6191507250280,openfacts
6191507250303,openfacts
6191507250358,openfacts
6191507250372,openfacts
6191507250389,openfacts
6191507250396,openfacts
6191507250402,openfacts
6191507250464,openfacts
6191507250471,openfacts
6191507250525,openfacts
6191507250556,openfacts
6191507250563,openfacts
6191507250600,openfacts
6191507250617,openfacts
6191507250624,openfacts
6191507250679,openfacts
6191507250686,openfacts
6191507250730,openfacts
6191507250747,openfacts
6191507250853,openfacts
6191507250884,openfacts
6191507250983,openfacts
6191507251003,openfacts
6191507251010,openfacts
6191507251041,openfacts
6191507251096,openfacts
6191507251157,openfacts
6191507251164,openfacts
6191507251188,openfacts
6191507500101,openfacts
6191507500422,openfacts
6191507500545,openfacts
6191507500613,openfacts
6191507502167,openfacts
6191507502242,openfacts
6191507502426,openfacts
6191507502457,openfacts
6191507502464,openfacts
6191507502648,openfacts
6191508400622,openfacts
6191508401186,openfacts
6191509499113,openfacts
6191509900664,item_master
6191509900671,item_master
6191509900688,item_master
6191509900701,item_master
6191509900749,usda
6191509900787,usda
6191509900855,openfacts
6191509900862,usda
6191509900923,usda
6191509900992,openfacts
6191509901203,openfacts
6191509902712,openfacts
6191509902781,usda
6191509902798,usda
6191509902804,usda
6191509902811,usda
6191509903023,usda
6191509903030,usda
6191509903627,openfacts
6191509903634,openfacts
6191509903641,usda
6191509903665,usda
6191509903702,openfacts
6191509903719,openfacts
6191509903726,openfacts
6191509905058,openfacts
6191509905157,openfacts
6191509905478,openfacts
6191509906109,usda
6191509906512,openfacts
6191509906529,openfacts
6191509906673,openfacts
6191509906857,openfacts
6191509906888,openfacts
6191509907144,openfacts
6191509907175,openfacts
6191509907182,openfacts
6191509907250,openfacts
6191509907434,openfacts
6191509907472,openfacts
6191509907618,openfacts
6191509907656,openfacts
6191509907892,openfacts
6191509907908,openfacts
6191509907915,openfacts
6191509907953,openfacts
6191509907960,openfacts
6191509907977,openfacts
6191509908219,openfacts
6191509909063,openfacts
6191509909476,openfacts
6191509909735,openfacts
6191509909933,openfacts
6191509909940,openfacts
6191509909957,openfacts
6191509910014,openfacts
6191509910380,openfacts
6191509910465,openfacts
6191509910700,item_master
6191509910823,item_master
6191509910984,item_master
6191510300323,item_master
6191510300330,item_master
6191513400068,openfacts
6191513400112,openfacts
6191513400228,openfacts
6191513400327,openfacts
6191513403106,openfacts
6191513501017,openfacts
6191513501031,openfacts
6191513501086,openfacts
6191513501147,openfacts
6191513501154,openfacts
6191513501222,openfacts
6191513501246,openfacts
6191513501253,openfacts
6191513501260,openfacts
6191513501284,openfacts
6191513501345,openfacts
6191513501383,openfacts
6191513501406,openfacts
6191513501437,openfacts
6191513501512,openfacts
6191513501628,openfacts
6191513501635,openfacts
6191513501680,openfacts
6191513501741,openfacts
6191513501772,openfacts
6191513501796,openfacts
6191513502014,item_master
6191513502021,openfacts
6191513502045,openfacts
6191513502052,openfacts
6191513502069,item_master
6191513502113,item_master
6191513502151,item_master
6191513502199,openfacts
6191513502229,openfacts
6191513502243,openfacts
6191513502250,openfacts
6191513502304,openfacts
6191513502311,openfacts
6191513502359,openfacts
6191513502427,openfacts
6191513502434,openfacts
6191513502472,openfacts
6191513502519,openfacts
6191513502526,openfacts
6191513502540,openfacts
6191513502571,openfacts
6191513502588,openfacts
6191513502595,openfacts
6191513502632,item_master
6191513502779,item_master
6191513502854,openfacts
6191513502953,openfacts
6191513502991,openfacts
6191513503004,openfacts
6191513503035,openfacts
6191513503141,openfacts
6191513503196,openfacts
6191513503257,openfacts
6191513503295,openfacts
6191513503370,openfacts
6191513503547,openfacts
6191513503721,openfacts
6191513503790,openfacts
6191513504094,openfacts
6191513504247,openfacts
6191513504285,openfacts
6191513504407,openfacts
6191513504438,openfacts
6191513504445,openfacts
6191513504520,openfacts
6191513504537,openfacts
6191513504544,openfacts
6191513504551,openfacts
6191513504582,openfacts
6191513504605,openfacts
6191513504643,openfacts
6191513504728,openfacts
6191513504759,openfacts
6191513504766,item_master
6191513505121,openfacts
6191513505138,openfacts
6191513505329,openfacts
6191514001257,openfacts
6191514003985,openfacts
6191514004128,openfacts
6191514004265,openfacts
6191514004340,openfacts
6191514004807,openfacts
6191514005002,openfacts
6191514005200,openfacts
6191514006252,openfacts
6191514011102,openfacts
6191514013601,openfacts
6191514015001,openfacts
6191514015506,openfacts
6191514016657,openfacts
6191514016756,openfacts
6191514018651,openfacts
6191514020005,openfacts
6191514020050,openfacts
6191514020654,openfacts
6191514028339,openfacts
6191514033005,openfacts
6191514033104,openfacts
6191514037256,openfacts
6191514037409,openfacts
6191514039502,openfacts
6191514039601,openfacts
6191514039755,openfacts
6191514040201,openfacts
6191514041628,openfacts
6191514041635,openfacts
6191514300015,openfacts
6191514300022,openfacts
6191514300084,openfacts
6191514300107,openfacts
6191514300183,openfacts
6191514300190,openfacts
6191514300206,openfacts
6191514300299,openfacts
6191514300336,openfacts
6191514300831,openfacts
6191514301098,openfacts
6191514301166,openfacts
6191514600016,openfacts
6191514600023,openfacts
6191514600047,openfacts
6191514600078,openfacts
6191514600085,openfacts
6191514600092,openfacts
6191514600122,openfacts
6191514600214,openfacts
6191514600221,openfacts
6191514600238,openfacts
6191514600542,openfacts
6191514600603,openfacts
6191514600979,openfacts
6191515500056,openfacts
6191515500063,openfacts
6191517600082,openfacts
6191517600297,openfacts
6191517600334,openfacts
6191517600372,openfacts
6191517600396,openfacts
6191517600402,openfacts
6191517601041,openfacts
6191517601058,openfacts
6191517601065,openfacts
6191517601164,openfacts
6191517601171,openfacts
6191517601188,openfacts
6191517601195,openfacts
6191517601232,openfacts
6191517601249,openfacts
6191517601287,openfacts
6191517601485,openfacts
6191517601546,openfacts
6191519300027,openfacts
6191519300065,openfacts
6191519300218,openfacts
6191519300317,openfacts
6191519400017,openfacts
6191519400154,openfacts
6191519400185,openfacts
6191519400215,openfacts
6191519400246,openfacts
6191519400253,openfacts
6191519400291,openfacts
6191519400338,openfacts
6191519400413,openfacts
6191519400529,openfacts
6191519400741,openfacts
6191519400789,openfacts
6191519400796,openfacts
6191519400826,openfacts
6191519400857,openfacts
6191519400901,openfacts
6191519400970,item_master
6191519400987,item_master
6191519401007,item_master
6191519401014,item_master
6191519401038,item_master
6191519401045,item_master
6191519401069,item_master
6191519402141,openfacts
6191519402165,openfacts
6191519600042,openfacts
6191519600127,openfacts
6191519600172,openfacts
6191519600189,openfacts
6191519600202,openfacts
6191519600240,openfacts
6191519600325,openfacts
6191519600332,openfacts
6191520000039,openfacts
6191520000046,openfacts
6191520000084,openfacts
6191520000220,openfacts
6191520000237,openfacts
6191520000244,openfacts
6191520000282,openfacts
6191520000367,openfacts
6191520000992,openfacts
6191520001036,openfacts
6191520001135,openfacts
6191520001142,openfacts
6191520001500,openfacts
6191520001517,openfacts
6191520001524,openfacts
6191520001531,openfacts
6191520001548,openfacts
6191520001807,openfacts
6191520002033,openfacts
6191520002095,openfacts
6191520002477,openfacts
6191520002484,openfacts
6191520002491,openfacts
6191520002736,openfacts
6191520002767,openfacts
6191520002781,openfacts
6191520002989,openfacts
6191520002996,openfacts
6191522900719,openfacts
6191522902539,openfacts
6191522904526,openfacts
6191522904953,openfacts
6191522923701,openfacts
6191522923756,openfacts
6191523300013,openfacts
6191523300204,openfacts
6191523500031,openfacts
6191523800100,item_master
6191523800117,openfacts
6191523800124,item_master
6191523800131,openfacts
6191523800216,item_master
6191523800223,item_master
6191523800230,item_master
6191523800308,openfacts
6191523800322,openfacts
6191523800384,item_master
6191523800438,openfacts
6191523800537,item_master
6191523800575,openfacts
6191523800728,openfacts
6191523800759,item_master
6191523800766,openfacts
6191523800971,openfacts
6191523800995,item_master
6191523801008,openfacts
6191523801138,openfacts
6191523801152,openfacts
6191523801213,openfacts
6191523801237,openfacts
6191523802210,item_master
6191523802432,item_master
6191523802616,openfacts
6191523802623,openfacts
6191523802630,openfacts
6191523802647,openfacts
6191523802715,openfacts
6191523802722,openfacts
6191523802807,openfacts
6191523802814,openfacts
6191523802838,item_master
6191523802975,openfacts
6191523802982,item_master
6191523802999,item_master
6191523803002,item_master
6191523803019,openfacts
6191523803026,openfacts
6191523803309,openfacts
6191523803385,openfacts
6191523803736,item_master
6191525000645,openfacts
6191525200106,openfacts
6191525200182,openfacts
6191525200199,openfacts
6191525200205,openfacts
6191525200212,openfacts
6191525200236,openfacts
6191525200250,openfacts
6191525200267,openfacts
6191525200281,openfacts
6191525200328,openfacts
6191529000047,openfacts
6191529000054,openfacts
6191529000061,openfacts
6191529000085,openfacts
6191529000092,openfacts
6191529000153,openfacts
6191529000351,openfacts
6191529000382,openfacts
6191529000443,openfacts
6191529000481,openfacts
6191529000498,openfacts
6191529000610,openfacts
6191529200027,openfacts
6191529200140,openfacts
6191529910032,openfacts
6191530100361,openfacts
6191530300068,openfacts
6191531200015,openfacts
6191531200039,openfacts
6191531200077,openfacts
6191531200084,openfacts
6191531200121,openfacts
6191531900649,openfacts
6191531900717,openfacts
6191531900854,openfacts
6191531900861,openfacts
6191531900878,openfacts
6191531900922,openfacts
6191531900953,openfacts
6191531901028,openfacts
6191531901035,openfacts
6191531901042,openfacts
6191532000539,openfacts
6191532000546,openfacts
6191532000867,openfacts
6191532500558,openfacts
6191533300232,openfacts
6191533300249,openfacts
6191533300294,openfacts
6191533300362,openfacts
6191533300386,openfacts
6191533300393,openfacts
6191533300409,openfacts
6191533300416,openfacts
6191533300423,openfacts
6191533300430,openfacts
6191533300454,openfacts
6191533300478,openfacts
6191533300485,openfacts
6191533300492,openfacts
6191533300560,openfacts
6191533300584,openfacts
6191533300614,openfacts
6191533300652,openfacts
6191533300713,openfacts
6191533300720,openfacts
6191533300737,openfacts
6191533300751,openfacts
6191533300799,openfacts
6191533300966,openfacts
6191533300973,openfacts
6191533301024,openfacts
6191533301079,openfacts
6191533301130,openfacts
6191533301260,openfacts
6191533301291,openfacts
6191533301321,openfacts
6191533301338,openfacts
6191533301345,openfacts
6191533301352,openfacts
6191533301390,openfacts
6191533301420,openfacts
6191533301451,openfacts
6191533301475,openfacts
6191533301529,openfacts
6191533301536,openfacts
6191533301581,openfacts
6191533301611,openfacts
6191533301628,openfacts
6191533301635,openfacts
6191533301642,openfacts
6191533301659,openfacts
6191533302731,openfacts
6191534200012,openfacts
6191534200081,openfacts
6191534602205,openfacts
6191534602267,openfacts
6191534603011,openfacts
6191534603073,openfacts
6191534603189,openfacts
6191534607095,openfacts
6191534607187,openfacts
6191534607507,openfacts
6191534801271,openfacts
6191534801561,openfacts
6191534801813,openfacts
6191534801820,openfacts
6191534801844,openfacts
6191534801851,openfacts
6191534801929,openfacts
6191534802032,openfacts
6191534802094,openfacts
6191534802100,openfacts
6191534802117,openfacts
6191534802124,openfacts
6191534802131,openfacts
6191534802148,openfacts
6191534802155,openfacts
6191534802162,openfacts
6191534802179,openfacts
6191534802186,openfacts
6191534802247,openfacts
6191534802254,openfacts
6191534802261,openfacts
6191534802278,openfacts
6191534802285,openfacts
6191534802308,openfacts
6191534802315,openfacts
6191534802322,openfacts
6191534802339,openfacts
6191534802377,openfacts
6191534802414,openfacts
6191534802469,openfacts
6191534802476,openfacts
6191534802483,openfacts
6191534802506,openfacts
6191534802513,openfacts
6191534802629,openfacts
6191534802650,openfacts
6191534802667,openfacts
6191534802674,openfacts
6191534802698,openfacts
6191534802704,openfacts
6191534802711,openfacts
6191534802896,openfacts
6191534802902,openfacts
6191534803022,openfacts
6191534803039,openfacts
6191534803084,openfacts
6191534803107,openfacts
6191534803114,openfacts
6191534803121,openfacts
6191534803138,openfacts
6191534803145,openfacts
6191534803282,openfacts
6191534803312,openfacts
6191534803329,openfacts
6191534803336,openfacts
6191534803404,openfacts
6191534803411,openfacts
6191534803565,openfacts
6191534803855,item_master
6191534803862,item_master
6191534803879,item_master
6191534804227,openfacts
6191535800860,openfacts
6191535800877,openfacts
6191535800884,openfacts
6191535800914,openfacts
6191535801188,openfacts
6191535801355,openfacts
6191535801362,openfacts
6191535801546,openfacts
6191535801812,openfacts
6191535802031,openfacts
6191537700038,openfacts
6191537700083,openfacts
6191537700090,openfacts
6191537700175,openfacts
6191537700403,openfacts
6191537700533,openfacts
6191537700557,openfacts
6191537700571,openfacts
6191537700670,openfacts
6191537700694,openfacts
6191537700717,openfacts
6191537700724,openfacts
6191537700939,openfacts
6191537700946,openfacts
6191537703121,openfacts
6191537703176,openfacts
6191537703312,openfacts
6191537703381,openfacts
6191537703435,openfacts
6191537703695,openfacts
6191537703732,openfacts
6191538700020,openfacts
6191538700044,openfacts
6191539300014,item_master
6191539500124,openfacts
6191539500155,openfacts
6191540300393,openfacts
6191540500373,openfacts
6191540500618,openfacts
6191540600394,openfacts
6191540600424,openfacts
6191540600462,openfacts
6191540600554,openfacts
6191540600714,openfacts
6191540700018,openfacts
6191540700087,openfacts
6191542000116,openfacts
6191542000123,openfacts
6191542000154,openfacts
6191542000161,openfacts
6191542000383,openfacts
6191542000420,openfacts
6191542000437,openfacts
6191542000505,openfacts
6191542000567,openfacts
6191542000703,openfacts
6191542000918,openfacts
6191542030540,openfacts
6191542100021,openfacts
6191542200011,openfacts
6191542200028,openfacts
6191542200042,openfacts
6191542200233,openfacts
6191542200271,openfacts
6191542200547,openfacts
6191542200561,openfacts
6191542200592,openfacts
6191542600309,openfacts
6191542700023,openfacts
6191544100302,openfacts
6191544100340,openfacts
6191544100357,openfacts
6191544100425,openfacts
6191544100500,openfacts
6191544100609,openfacts
6191544100715,openfacts
6191544100722,openfacts
6191544100760,openfacts
6191544101903,openfacts
6191544104010,openfacts
6191544199917,item_master
6191544700120,openfacts
6191546002451,openfacts
6191546003823,openfacts
6191547200016,openfacts
6191547200023,openfacts
6191547200047,openfacts
6191547200054,openfacts
6191547200061,openfacts
6191547200078,openfacts
6191547200085,openfacts
6191547200122,openfacts
6191547200139,openfacts
6191547200177,openfacts
6191547200184,openfacts
6191547200191,openfacts
6191547200214,openfacts
6191547200221,openfacts
6191547200238,openfacts
6191547200252,openfacts
6191547200269,openfacts
6191547200474,openfacts
6191547200481,openfacts
6191547200535,openfacts
6191547200641,openfacts
6191547200658,openfacts
6191547200665,openfacts
6191547200672,openfacts
6191547200788,openfacts
6191547200832,openfacts
6191547200863,openfacts
6191547200887,openfacts
6191547201051,openfacts
6191547201068,openfacts
6191547201167,openfacts
6191547201174,openfacts
6191547201181,openfacts
6191547201198,openfacts
6191547201228,openfacts
6191547201273,openfacts
6191547201280,openfacts
6191547201297,openfacts
6191547201303,openfacts
6191547201327,openfacts
6191547201389,openfacts
6191547201419,openfacts
6191547201518,openfacts
6191547201532,openfacts
6191547201570,openfacts
6191547201594,openfacts
6191547601837,openfacts
6191549900013,openfacts
6191550100488,openfacts
6191550100624,openfacts
6191550100662,openfacts
6191550100723,openfacts
6191550100754,openfacts
6191550100846,openfacts
6191550100853,openfacts
6191551200019,openfacts
6191551300283,openfacts
6191551300290,openfacts
6191551300412,openfacts
6191551300528,openfacts
6191551300535,openfacts
6191551300542,openfacts
6191551300832,openfacts
6191551301495,openfacts
6191551301518,openfacts
6191551344713,openfacts
6191551446547,openfacts
6191551800011,openfacts
6191551800028,openfacts
6191551800042,openfacts
6191551800288,openfacts
6191551800363,openfacts
6191551800370,openfacts
6191553000044,openfacts
6191553000075,openfacts
6191553000112,openfacts
6191553700395,openfacts
6191554700035,openfacts
6191555101138,openfacts
6191555400040,openfacts
6191555400392,openfacts
6191555400415,openfacts
6191555400514,openfacts
6191556500022,openfacts
6191556500039,openfacts
6191556500084,openfacts
6191557000019,openfacts
6191557000071,openfacts
6191557000149,openfacts
6191557000156,openfacts
6191557000163,openfacts
6191557000170,openfacts
6191557000194,openfacts
6191557000217,openfacts
6191557000231,openfacts
6191557000415,openfacts
6191557000422,openfacts
6191557000491,openfacts
6191557000682,openfacts
6191557000712,openfacts
6191557000729,openfacts
6191557000736,openfacts
6191557000774,openfacts
6191557000781,openfacts
6191557000811,openfacts
6191557000965,openfacts
6191557000972,openfacts
6191557001023,openfacts
6191557001047,openfacts
6191557001054,openfacts
6191557001108,openfacts
6191557001146,openfacts
6191557001191,openfacts
6191557001269,openfacts
6191557001641,openfacts
6191557001658,openfacts
6191557001771,openfacts
6191557001788,openfacts
6191557001795,openfacts
6191557001801,openfacts
6191557001849,openfacts
6191557002518,openfacts
6191557002785,openfacts
6191557002846,openfacts
6191557002860,openfacts
6191557002877,openfacts
6191557002884,openfacts
6191557002891,openfacts
6191557003324,openfacts
6191557003423,openfacts
6191557003430,openfacts
6191557003522,openfacts
6191557003843,openfacts
6191557003874,openfacts
6191557004420,openfacts
6191557004437,openfacts
6191557004444,openfacts
6191557004451,openfacts
6191557004468,openfacts
6191557004475,openfacts
6191557004482,openfacts
6191557004499,openfacts
6191557004505,openfacts
6191557004512,openfacts
6191557005458,openfacts
6191557007315,openfacts
6191557007322,openfacts
6191557009616,openfacts
6191557400031,openfacts
6191557400116,openfacts
6191557400123,openfacts
6191557400130,openfacts
6191557400376,openfacts
6191557800152,openfacts
6191558100350,openfacts
6191558300088,openfacts
6191558300095,openfacts
6191559700023,openfacts
6191560100416,openfacts
6191562100049,openfacts
6191562100445,openfacts
6191562300388,openfacts
6191563200212,openfacts
6191563200236,openfacts
6191563200359,openfacts
6191563202100,openfacts
6191563300288,openfacts
6191563300837,openfacts
6191563300936,usda
6191564200044,openfacts
6191564201232,openfacts
6191564400062,openfacts
6191564400093,openfacts
6191564400116,openfacts
6191564400123,openfacts
6191564400147,openfacts
6191564400154,openfacts
6191564400161,openfacts
6191564400178,openfacts
6191564400185,openfacts
6191564400239,openfacts
6191564400246,openfacts
6191564400307,openfacts
6191564400352,openfacts
6191564400376,openfacts
6191564400383,openfacts
6191564400390,openfacts
6191564400406,openfacts
6191564400413,openfacts
6191564400437,openfacts
6191564400444,openfacts
6191564400468,openfacts
6191564400475,openfacts
6191564400482,openfacts
6191564400505,openfacts
6191564400512,openfacts
6191564400529,openfacts
6191564400550,openfacts
6191564400581,openfacts
6191564400796,openfacts
6191564400819,openfacts
6191564400826,openfacts
6191564500038,openfacts
6191564500076,openfacts
6191564500724,openfacts
6191564600011,openfacts
6191564600028,openfacts
6191564600035,openfacts
6191564600134,openfacts
6191564600141,openfacts
6191564600172,openfacts
6191564600394,openfacts
6191564600691,openfacts
6191564600714,openfacts
6191565301146,openfacts
6191565301696,openfacts
6191565302396,openfacts
6191565302402,openfacts
6191565304055,openfacts
6191565304307,openfacts
6191565304482,openfacts
6191565306677,openfacts
6191565306783,openfacts
6191565306813,openfacts
6191565306820,openfacts
6191565307414,openfacts
6191565309265,openfacts
6191565312449,openfacts
6191565900073,openfacts
6191566200028,openfacts
6191567000160,openfacts
6191568700380,openfacts
6191568800011,openfacts
6191568800028,openfacts
6191568800059,openfacts
6191570200083,openfacts
6191571200013,openfacts
6191571300010,openfacts
6191571800800,openfacts
6191571800947,openfacts
6191571800954,openfacts
6191571800961,openfacts
6191571800978,openfacts
6191571801340,openfacts
6191571801555,openfacts
6191571802408,openfacts
6191571803689,openfacts
6191571805416,openfacts
6191571900036,openfacts
6191571900074,openfacts
6191572113213,openfacts
6191572123113,openfacts
6191572143210,openfacts
6191572143555,openfacts
6191572143562,openfacts
6191572143708,openfacts
6191572143845,openfacts
6191572300361,openfacts
6191572300576,openfacts
6191572300675,openfacts
6191572300699,openfacts
6191572300712,openfacts
6191572301115,openfacts
6191572301290,openfacts
6191572301474,openfacts
6191572301610,openfacts
6191573101578,openfacts
6191574500011,openfacts
6191574500028,openfacts
6191574500042,openfacts
6191574500059,openfacts
6191574600100,openfacts
6191574600162,openfacts
6191574600216,openfacts
6191574600643,openfacts
6191575100043,openfacts
6191575100050,openfacts
6191575100081,openfacts
6191575100395,openfacts
6191575100401,openfacts
6191575100456,openfacts
6191575100517,openfacts
6191575100524,openfacts
6191575100531,openfacts
6191575100661,openfacts
6191575101668,openfacts
6191575101699,openfacts
6191575101712,openfacts
6191575101811,openfacts
6191575101897,openfacts
6191575102061,openfacts
6191575102078,openfacts
6191575102146,openfacts
6191575104379,openfacts
6191575104485,openfacts
6191575400020,openfacts
6191575400334,openfacts
6191575400488,openfacts
6191575400983,openfacts
6191575401164,openfacts
6191575700168,openfacts
6191576300022,openfacts
6191576300046,openfacts
6191576300183,openfacts
6191576300312,openfacts
6191576300329,openfacts
6191576300558,openfacts
6191576800010,openfacts
6191576800027,openfacts
6191576800041,openfacts
6191576800072,openfacts
6191576800713,openfacts
6191577600015,openfacts
6191577600022,openfacts
6191577600046,openfacts
6191578000289,openfacts
6191578200016,openfacts
6191578200023,openfacts
6191578200061,openfacts
6191578200122,openfacts
6191578200177,openfacts
6191578200320,openfacts
6191578200337,openfacts
6191578200528,openfacts
6191578200696,openfacts
6191580600019,openfacts
6191580601917,openfacts
6191580701501,openfacts
6191580900225,openfacts
6191581000047,openfacts
6191581000887,openfacts
6191581700015,openfacts
6191581800166,openfacts
6191581800227,openfacts
6191581800289,openfacts
6191583200063,openfacts
6191583300282,openfacts
6191583300565,openfacts
6191583302071,openfacts
6191584600305,openfacts
6191585200399,openfacts
6191585200443,openfacts
6191585200467,openfacts
6191585200672,openfacts
6191585200832,openfacts
6191585200863,openfacts
6191585201006,openfacts
6191585201013,openfacts
6191585700226,openfacts
6191585700240,openfacts
6191585700257,openfacts
6191585700301,openfacts
6191585700318,openfacts
6191585700363,openfacts
6191585700561,openfacts
6191585700776,openfacts
6191585700783,openfacts
6191585700912,openfacts
6191585701063,openfacts
6191585701070,openfacts
6191585701087,openfacts
6191585701094,openfacts
6191585701353,openfacts
6191585701643,openfacts
6191585701667,openfacts
6191585701674,openfacts
6191585701810,openfacts
6191585701865,openfacts
6191585702404,openfacts
6191585702497,openfacts
6191585703043,openfacts
6191585703258,openfacts
6191586400439,openfacts
6191587400025,openfacts
6191587400087,openfacts
6191587600012,openfacts
6191588300218,openfacts
6191588900135,openfacts
6191590400012,openfacts
6191590500637,openfacts
6191590700013,openfacts
6191590700099,openfacts
6191590700112,openfacts
6191590800102,openfacts
6191591500087,openfacts
6191591500094,openfacts
6191591500117,openfacts
6191591500124,openfacts
6191591500193,openfacts
6191591500407,openfacts
6191591500414,openfacts
6191591500421,openfacts
6191591500438,openfacts
6191591501787,openfacts
6191591501848,openfacts
6191591501855,openfacts
6191591501862,openfacts
6191591502029,openfacts
6191591502579,openfacts
6191591502647,openfacts
6191591502807,openfacts
6191591800026,openfacts
6191592910014,openfacts
6191593200053,openfacts
6191593200084,openfacts
6191593200114,openfacts
6191594000195,openfacts
6191594000430,openfacts
6191594000614,openfacts
6191594000881,openfacts
6191594001000,openfacts
6191594300080,openfacts
6191595100047,openfacts
6191595100504,openfacts
6191595100924,openfacts
6191595100955,openfacts
6191595101259,openfacts
6191595101648,openfacts
6191595101655,openfacts
6191595101679,openfacts
6191595101723,openfacts
6191595101747,openfacts
6191595101839,openfacts
6191595101846,openfacts
6191595101853,openfacts
6191595101860,openfacts
6191595101945,openfacts
6191595101952,openfacts
6191595101976,openfacts
6191595101983,openfacts
6191595102003,openfacts
6191595102041,openfacts
6191595102058,openfacts
6191595102072,openfacts
6191595102089,openfacts
6191595102096,openfacts
6191595102102,openfacts
6191595600684,openfacts
6191595600691,openfacts
6191596200036,item_master
6191596200098,item_master
6191596200456,item_master
6191596300125,openfacts
6191596300187,openfacts
6191596300279,openfacts
6191596300675,openfacts
6191596600034,openfacts
6191596600089,openfacts
6191596600096,openfacts
6191596600218,openfacts
6191596600249,openfacts
6191596600409,openfacts
6191596600485,openfacts
6191596600850,openfacts
6191596600881,openfacts
6191596600942,openfacts
6191596601062,openfacts
6191596700031,openfacts
6191597400053,openfacts
6191597400077,openfacts
6191597400541,openfacts
6191597700085,openfacts
6191597900010,openfacts
6191597900027,openfacts
6191597900034,openfacts
6191597900065,openfacts
6191597900201,openfacts
6191598500042,openfacts
6191598500271,openfacts
6191598500288,openfacts
6191598500301,openfacts
6191598500400,openfacts
6191598700015,openfacts
6191598700053,openfacts
6191598700084,openfacts
6191598700145,openfacts
6191598700930,openfacts
6191598700978,openfacts
6191598701081,openfacts
6191598701166,openfacts
6191598701180,openfacts
6191599100012,openfacts
6191599100029,openfacts
6191599100036,openfacts
6191599100128,openfacts
6191599100142,openfacts
6191599100159,openfacts
6191599100289,openfacts
6191599100296,openfacts
6191599100302,openfacts
6191599100364,openfacts
6191599100371,openfacts
6191599100432,openfacts
6191599100456,openfacts
6191599100494,openfacts
6191599100500,openfacts
6191599100562,openfacts
6191599100609,openfacts
6191599100616,openfacts
6191599100623,openfacts
6191599200033,openfacts
6191599900018,openfacts
6191599900025,openfacts
6191599900032,openfacts
6191599900070,openfacts
6191958119839,item_master
6191992020061,openfacts
6191992020092,openfacts
6191992020108,openfacts
6192000220008,openfacts
6192000512110,openfacts
6192000516002,openfacts
6192000718123,openfacts
6192000718550,openfacts
6192000719250,openfacts
6192000752950,openfacts
6192001375110,openfacts
6192001382316,openfacts
6192002403140,openfacts
6192002406202,openfacts
6192002406639,openfacts
6192003302046,openfacts
6192003306044,openfacts
6192003306051,openfacts
6192003850417,openfacts
6192004320018,openfacts
6192006240208,openfacts
6192008320328,openfacts
6192008321189,openfacts
6192010056925,openfacts
6192010065743,openfacts
6192010301001,openfacts
6192010301025,openfacts
6192010301551,openfacts
6192011803672,openfacts
6192011811554,openfacts
6192011811639,openfacts
6192011811776,openfacts
6192012110229,openfacts
6192012112216,openfacts
6192013101356,openfacts
6192013103909,openfacts
6192013104180,openfacts
6192017316039,openfacts
6192017321477,openfacts
6192017338741,openfacts
6192017342755,openfacts
6192019295721,openfacts
6192019299323,openfacts
6192020150033,item_master
6192020174367,item_master
6192021110197,openfacts
6192021110272,openfacts
6192021110517,openfacts
6192021111415,openfacts
6192021111651,openfacts
6192021111699,openfacts
6192025300136,openfacts
6192025305117,openfacts
6192027801730,openfacts
6192027802829,openfacts
6192049160013,openfacts
6192101400613,openfacts
6192103149503,openfacts
6192104702837,openfacts
6192207300602,openfacts
6192307600022,openfacts
6192314400080,openfacts
6192314440062,openfacts
6192314800019,openfacts
6192319101654,openfacts
6192319105652,openfacts
6192319107694,openfacts
6192327000017,openfacts
6192327000093,openfacts
6192339000111,openfacts
6192346000012,openfacts
6192400502063,openfacts
6192400654243,openfacts
6192400655141,openfacts
6192400655158,openfacts
6192400655202,item_master
6192400655226,item_master
6192400655233,item_master
6192400658104,openfacts
6192400661074,openfacts
6192402811132,openfacts
6192402811729,openfacts
6192402812412,openfacts
6192402816519,openfacts
6192403300970,openfacts
6192405001387,openfacts
6192405003275,openfacts
6192408100353,openfacts
6192408100469,openfacts
6192408100810,openfacts
6192409003547,openfacts
6192419805094,openfacts
6192421100118,openfacts
6192421100439,openfacts
6192421100552,openfacts
6192421100606,openfacts
6192421105120,openfacts
6192421105281,openfacts
6192421107070,openfacts
6192421107100,openfacts
6192421109012,openfacts
6192421112081,openfacts
6192421114030,openfacts
6192421117208,openfacts
6192421124015,openfacts
6192421719716,openfacts
6192426500029,item_master
6192426500357,item_master
6192426500364,item_master
6192426500371,item_master
6192426500487,item_master
6192426500531,item_master
6192426500555,item_master
6192426501033,item_master
6192426501040,item_master
6192426502085,openfacts
6192427309898,openfacts
6192430002526,openfacts
6192430003042,item_master
6192430003066,item_master
6192430003080,item_master
6192430003103,item_master
6192430003882,openfacts
6192430005091,item_master
6192430009228,item_master
6192430009235,item_master
6192430010842,item_master
6192430010873,item_master
6192430010897,item_master
6192430012433,item_master
6192430012440,item_master
6192430013799,item_master
6192430013812,item_master
6192435600031,openfacts
6192435600420,openfacts
6192436000762,openfacts
6192438900015,openfacts
6192440601337,openfacts
6192442100746,openfacts
6192446202743,openfacts
6192453700089,openfacts
6192453700607,openfacts
6192464900027,openfacts
6192470500075,openfacts
6192471305259,openfacts
6192473800011,openfacts
6192474901687,openfacts
6192477630003,openfacts
6192477630027,openfacts
6192481600115,openfacts
6192481600573,openfacts
6192481600658,openfacts
6192483101092,openfacts
6192483624973,openfacts
6192484201128,openfacts
6192485500022,openfacts
6192488204965,openfacts
6192492401114,openfacts
6192492700033,openfacts
6192493312211,openfacts
6192494200920,openfacts
6192494200937,openfacts
6192494200944,openfacts
6192508100321,openfacts
6192614727085,openfacts
6192740003138,openfacts
6192904102196,item_master
6192904102257,item_master
6192954153940,openfacts
6193000470325,openfacts
6193002503113,openfacts
6193060000173,openfacts
6193358290705,openfacts
6193603569983,openfacts
6193639012767,openfacts
6193798185012,openfacts
6193872844712,openfacts
6194000100595,openfacts
6194000100649,openfacts
6194000100656,openfacts
6194000100663,openfacts
6194000100687,openfacts
6194000100694,openfacts
6194000100830,openfacts
6194000100946,openfacts
6194000100953,openfacts
6194000101066,openfacts
6194000101158,openfacts
6194000210027,openfacts
6194000210058,openfacts
6194000240154,openfacts
6194000240161,openfacts
6194000240178,openfacts
6194000240185,openfacts
6194000240192,openfacts
6194000240208,openfacts
6194000240215,openfacts
6194000240222,openfacts
6194000240468,openfacts
6194000240505,openfacts
6194000240529,openfacts
6194000240611,openfacts
6194000240666,openfacts
6194000240680,openfacts
6194000395090,openfacts
6194000395106,openfacts
6194000395113,openfacts
6194000395120,openfacts
6194000500388,openfacts
6194000500395,openfacts
6194000502153,openfacts
6194000502405,openfacts
6194000502412,openfacts
6194000502504,openfacts
6194000511001,openfacts
6194000511018,openfacts
6194000511513,openfacts
6194000511612,openfacts
6194000511704,openfacts
6194000511728,openfacts
6194000511759,openfacts
6194000511766,openfacts
6194000511858,openfacts
6194000512343,openfacts
6194000521017,openfacts
6194000521024,openfacts
6194000521055,openfacts
6194000521062,openfacts
6194000521703,openfacts
6194000521895,openfacts
6194000521901,openfacts
6194000521918,openfacts
6194000522069,openfacts
6194000522892,openfacts
6194000530033,openfacts
6194000550017,openfacts
6194000550024,openfacts
6194000555555,openfacts
6194000556125,openfacts
6194000556170,openfacts
6194000556514,openfacts
6194000556521,openfacts
6194000560016,openfacts
6194000571036,openfacts
6194000571043,openfacts
6194000577779,openfacts
6194000581516,openfacts
6194000595162,openfacts
6194000802000,openfacts
6194000802017,openfacts
6194000802031,openfacts
6194000802123,openfacts
6194000802291,openfacts
6194000802307,openfacts
6194000802314,openfacts
6194000802352,openfacts
6194000802383,openfacts
6194000802406,openfacts
6194000802482,openfacts
6194000802499,openfacts
6194000802642,openfacts
6194000802741,openfacts
6194000803298,openfacts
6194000803304,openfacts
6194000803311,openfacts
6194000803359,openfacts
6194000803687,openfacts
6194000804349,openfacts
6194000804608,openfacts
6194000804615,openfacts
6194000805193,openfacts
6194000805209,openfacts
6194000805216,openfacts
6194000805421,openfacts
6194000805490,openfacts
6194000805605,openfacts
6194000805612,openfacts
6194000805780,openfacts
6194001110395,openfacts
6194001110401,openfacts
6194001110661,openfacts
6194001130720,openfacts
6194001130782,usda
6194001131956,openfacts
6194001160215,openfacts
6194001410020,openfacts
6194001410037,openfacts
6194001420012,openfacts
6194001420067,openfacts
6194001450019,openfacts
6194001450026,openfacts
6194001460018,openfacts
6194001480009,openfacts
6194001480016,openfacts
6194001480085,openfacts
6194001480092,openfacts
6194001480139,openfacts
6194001480405,openfacts
6194001480412,openfacts
6194001480450,openfacts
6194001480641,openfacts
6194001480733,openfacts
6194001480894,openfacts
6194001481174,openfacts
6194001481280,openfacts
6194001481297,openfacts
6194001481303,openfacts
6194001481327,openfacts
6194001481440,openfacts
6194001481464,openfacts
6194001481600,openfacts
6194001481754,openfacts
6194001482010,openfacts
6194001510034,openfacts
6194001520026,openfacts
6194001532111,openfacts
6194001532418,openfacts
6194001532715,openfacts
6194001532814,openfacts
6194001532913,openfacts
6194001540277,openfacts
6194001551068,openfacts
6194001551112,openfacts
6194001551150,openfacts
6194001551211,openfacts
6194001573237,openfacts
6194001573602,openfacts
6194001573633,openfacts
6194001641080,openfacts
6194001651355,openfacts
6194001651454,openfacts
6194001651652,openfacts
6194001660166,openfacts
6194001660449,openfacts
6194001661255,openfacts
6194001661453,openfacts
6194001661651,openfacts
6194001681154,openfacts
6194001681253,openfacts
6194001681451,openfacts
6194001681659,openfacts
6194001700152,openfacts
6194001700251,openfacts
6194001700350,openfacts
6194001710007,openfacts
6194001710083,openfacts
6194001710090,openfacts
6194001710106,openfacts
6194001710113,openfacts
6194001710137,openfacts
6194001710205,openfacts
6194001710212,openfacts
6194001710557,openfacts
6194001710588,openfacts
6194001710595,openfacts
6194001710618,openfacts
6194001800104,openfacts
6194001800111,openfacts
6194001800302,openfacts
6194001800319,openfacts
6194001800401,openfacts
6194001800500,openfacts
6194001800524,openfacts
6194001800630,openfacts
6194001800685,openfacts
6194001800722,openfacts
6194001800739,openfacts
6194001800746,openfacts
6194001800807,openfacts
6194001800814,openfacts
6194001801002,openfacts
6194001801026,openfacts
6194001801033,openfacts
6194001801040,openfacts
6194001801057,openfacts
6194001801064,openfacts
6194001801071,openfacts
6194001801088,openfacts
6194001801095,openfacts
6194001801101,openfacts
6194001801163,openfacts
6194001801170,openfacts
6194001801200,openfacts
6194001801354,openfacts
6194001801361,openfacts
6194001801378,openfacts
6194001801385,openfacts
6194001801392,openfacts
6194001801408,openfacts
6194001801453,openfacts
6194001801507,openfacts
6194001801552,openfacts
6194002011035,openfacts
6194002015675,openfacts
6194002210308,openfacts
6194002220031,openfacts
6194002260006,openfacts
6194002301020,openfacts
6194002302034,openfacts
6194002306049,openfacts
6194002410029,openfacts
6194002410067,openfacts
6194002410098,openfacts
6194002410142,openfacts
6194002410166,openfacts
6194002410340,openfacts
6194002410395,openfacts
6194002410456,openfacts
6194002410463,openfacts
6194002411026,openfacts
6194002415048,openfacts
6194002420134,openfacts
6194002430027,openfacts
6194002430126,openfacts
6194002430133,openfacts
6194002430140,openfacts
6194002430171,openfacts
6194002430195,openfacts
6194002430201,openfacts
6194002430218,openfacts
6194002430225,openfacts
6194002430256,openfacts
6194002430300,openfacts
6194002430331,openfacts
6194002430393,openfacts
6194002431000,openfacts
6194002431017,openfacts
6194002431024,openfacts
6194002431062,openfacts
6194002431086,openfacts
6194002439068,openfacts
6194002440200,openfacts
6194002450018,openfacts
6194002450049,openfacts
6194002450056,openfacts
6194002450070,openfacts
6194002450087,openfacts
6194002450094,openfacts
6194002460017,openfacts
6194002490076,openfacts
6194002490205,openfacts
6194002490359,openfacts
6194002490373,openfacts
6194002490397,openfacts
6194002490403,openfacts
6194002490465,openfacts
6194002490823,openfacts
6194002490960,openfacts
6194002490977,openfacts
6194002490984,openfacts
6194002490991,openfacts
6194002491004,openfacts
6194002491028,openfacts
6194002491189,openfacts
6194002491301,openfacts
6194002510064,openfacts
6194002510071,openfacts
6194002510187,openfacts
6194002510194,openfacts
6194002510217,openfacts
6194002510224,openfacts
6194002510231,openfacts
6194002510293,openfacts
6194002510309,openfacts
6194002510316,openfacts
6194002510323,openfacts
6194002510330,openfacts
6194002510347,openfacts
6194002510354,openfacts
6194002510361,openfacts
6194002510378,openfacts
6194002510385,openfacts
6194002530079,openfacts
6194002530093,openfacts
6194002530116,openfacts
6194002530130,openfacts
6194002530253,openfacts
6194002550015,openfacts
6194002560014,openfacts
6194002560076,openfacts
6194002560137,openfacts
6194002560144,openfacts
6194002982106,openfacts
6194003001219,openfacts
6194003010037,openfacts
6194003030035,openfacts
6194003030042,openfacts
6194003030066,openfacts
6194003030097,openfacts
6194003030158,openfacts
6194003030189,openfacts
6194003030264,openfacts
6194003030295,openfacts
6194003030394,openfacts
6194003050101,openfacts
6194003050231,openfacts
6194003050286,openfacts
6194003050354,openfacts
6194003050484,openfacts
6194003050491,openfacts
6194003050507,openfacts
6194003050514,openfacts
6194003050538,openfacts
6194003210024,openfacts
6194003220016,openfacts
6194003220023,openfacts
6194003220030,openfacts
6194003220054,openfacts
6194003220078,openfacts
6194003220092,openfacts
6194003220115,openfacts
6194003220153,openfacts
6194003220191,openfacts
6194003220207,openfacts
6194003220238,openfacts
6194003220245,openfacts
6194003220252,openfacts
6194003220290,openfacts
6194003220306,openfacts
6194003220313,openfacts
6194003220412,openfacts
6194003220481,openfacts
6194003220498,openfacts
6194003302132,openfacts
6194003302484,openfacts
6194003310007,openfacts
6194003310014,openfacts
6194003310021,openfacts
6194003310038,openfacts
6194003310045,openfacts
6194003310052,openfacts
6194003310069,openfacts
6194003310076,openfacts
6194003310083,openfacts
6194003310120,openfacts
6194003310137,openfacts
6194003310151,openfacts
6194003310168,openfacts
6194003310199,openfacts
6194003310205,openfacts
6194003310236,openfacts
6194003310243,openfacts
6194003310250,openfacts
6194003310274,openfacts
6194003310304,openfacts
6194003310311,openfacts
6194003310342,openfacts
6194003310359,openfacts
6194003310380,openfacts
6194003320068,openfacts
6194003320075,openfacts
6194003320082,openfacts
6194003320099,openfacts
6194003320129,openfacts
6194003320136,openfacts
6194003330012,openfacts
6194003330029,openfacts
6194003350003,openfacts
6194003360545,openfacts
6194003360590,openfacts
6194003360767,openfacts
6194003360774,openfacts
6194003360897,openfacts
6194003360910,openfacts
6194003360927,openfacts
6194003360989,openfacts
6194003361061,openfacts
6194003361184,openfacts
6194003361733,openfacts
6194003361740,openfacts
6194003361757,openfacts
6194003361832,openfacts
6194003361917,openfacts
6194003361924,openfacts
6194003361931,openfacts
6194003600870,openfacts
6194003600887,openfacts
6194003600894,openfacts
6194003600900,openfacts
6194003601044,openfacts
6194003601051,openfacts
6194003611012,openfacts
6194003612033,openfacts
6194003612064,openfacts
6194003612095,openfacts
6194003613160,openfacts
6194003642054,openfacts
6194003643440,openfacts
6194003700587,openfacts
6194003711019,openfacts
6194003712092,openfacts
6194003723609,openfacts
6194003741016,openfacts
6194003762325,openfacts
6194003762332,openfacts
6194003762349,openfacts
6194003800119,openfacts
6194003800126,openfacts
6194003800133,openfacts
6194003800140,openfacts
6194003800164,openfacts
6194003800171,openfacts
6194003800317,openfacts
6194003800904,openfacts
6194003801437,openfacts
6194003801543,openfacts
6194003801550,openfacts
6194003801758,openfacts
6194003801895,openfacts
6194003801932,openfacts
6194003802076,openfacts
6194003802564,openfacts
6194003802588,openfacts
6194003802595,openfacts
6194003802601,openfacts
6194003802618,openfacts
6194003802663,openfacts
6194003802687,openfacts
6194003802854,openfacts
6194003802885,openfacts
6194003803011,openfacts
6194003803028,openfacts
6194003803035,openfacts
6194003803042,openfacts
6194003803127,openfacts
6194003803196,openfacts
6194003803264,openfacts
6194003803271,openfacts
6194003803295,openfacts
6194003803301,openfacts
6194003803318,openfacts
6194003803325,openfacts
6194003803332,openfacts
6194003803400,openfacts
6194003803417,openfacts
6194003803523,openfacts
6194003803783,openfacts
6194003803813,openfacts
6194003803820,openfacts
6194003803882,openfacts
6194003803899,openfacts
6194003803905,openfacts
6194003803912,openfacts
6194003803929,openfacts
6194003804056,openfacts
6194003804070,openfacts
6194003804087,openfacts
6194003804094,openfacts
6194003804100,openfacts
6194003804155,openfacts
6194003804162,openfacts
6194003804223,openfacts
6194003804254,openfacts
6194003804261,openfacts
6194003804278,openfacts
6194003804285,openfacts
6194003804308,openfacts
6194003804315,openfacts
6194003804322,openfacts
6194003804360,openfacts
6194003804421,openfacts
6194003804438,openfacts
6194003804445,openfacts
6194003804452,openfacts
6194003804513,openfacts
6194003804544,openfacts
6194003804599,openfacts
6194003804643,openfacts
6194003804650,openfacts
6194003804667,openfacts
6194003804674,openfacts
6194003804742,openfacts
6194003804759,openfacts
6194003804766,openfacts
6194003804810,openfacts
6194003804865,openfacts
6194003804896,openfacts
6194003804902,openfacts
6194003804919,openfacts
6194003804926,openfacts
6194003804933,openfacts
6194004001027,openfacts
6194004001034,openfacts
6194004001065,openfacts
6194004001072,openfacts
6194004001096,openfacts
6194004001225,openfacts
6194004001249,openfacts
6194004001256,openfacts
6194004001270,openfacts
6194004001355,openfacts
6194004001393,openfacts
6194004001416,openfacts
6194004001515,openfacts
6194004001522,openfacts
6194004001539,openfacts
6194004001546,openfacts
6194004001560,openfacts
6194004001614,openfacts
6194004001706,openfacts
6194004001744,openfacts
6194004008040,openfacts
6194004008101,openfacts
6194004008132,openfacts
6194004250036,openfacts
6194004250241,openfacts
6194004250258,openfacts
6194004400134,openfacts
6194004400141,openfacts
6194004400158,openfacts
6194004400172,openfacts
6194004400240,openfacts
6194004400271,openfacts
6194004400288,openfacts
6194004400295,openfacts
6194004400318,openfacts
6194004400363,openfacts
6194004400394,openfacts
6194004400547,openfacts
6194004400554,openfacts
6194004400578,openfacts
6194004400615,openfacts
6194004400622,openfacts
6194004400639,openfacts
6194004401179,openfacts
6194004403012,openfacts
6194004609339,openfacts
6194004611035,openfacts
6194004612018,openfacts
6194004612025,openfacts
6194004612032,openfacts
6194004612117,openfacts
6194004612308,openfacts
6194004612322,openfacts
6194004612339,openfacts
6194004612353,openfacts
6194004612360,openfacts
6194004612391,openfacts
6194004612407,openfacts
6194004612414,openfacts
6194004612421,openfacts
6194004612438,openfacts
6194004612452,openfacts
6194004612469,openfacts
6194004612476,openfacts
6194004612483,openfacts
6194004612506,openfacts
6194004612513,openfacts
6194004612520,openfacts
6194004612537,openfacts
6194004612605,openfacts
6194004612650,openfacts
6194004613305,openfacts
6194004613442,openfacts
6194004613619,openfacts
6194004623496,openfacts
6194004641018,openfacts
6194004641025,openfacts
6194004651017,openfacts
6194004662013,openfacts
6194004662266,openfacts
6194004664093,openfacts
6194004664116,openfacts
6194004664123,openfacts
6194004664222,openfacts
6194004664284,openfacts
6194004664420,openfacts
6194004664437,openfacts
6194004665076,openfacts
6194004665113,openfacts
6194004665168,openfacts
6194004665182,openfacts
6194004665199,openfacts
6194004666899,openfacts
6194004667124,openfacts
6194004667131,openfacts
6194004667148,openfacts
6194004667254,openfacts
6194004667421,openfacts
6194004667827,openfacts
6194004667964,openfacts
6194004668053,openfacts
6194004668329,openfacts
6194004668428,openfacts
6194004801030,openfacts
6194004801047,openfacts
6194004801344,openfacts
6194004802020,openfacts
6194004802037,openfacts
6194004802044,openfacts
6194004804161,openfacts
6194004804253,openfacts
6194004804260,openfacts
6194004804277,openfacts
6194004804284,openfacts
6194004804291,openfacts
6194004804307,openfacts
6194004804482,openfacts
6194004804499,openfacts
6194004806011,openfacts
6194004900016,openfacts
6194004900023,openfacts
6194005006595,openfacts
6194005103119,openfacts
6194005103126,openfacts
6194005103133,openfacts
6194005293827,openfacts
6194005293834,openfacts
6194005293841,openfacts
6194005293858,openfacts
6194005293865,openfacts
6194005293872,openfacts
6194005295982,openfacts
6194005296002,openfacts
6194005296026,openfacts
6194005296484,openfacts
6194005296507,openfacts
6194005297023,openfacts
6194005297108,openfacts
6194005297221,openfacts
6194005297238,openfacts
6194005297245,openfacts
6194005297405,openfacts
6194005297870,openfacts
6194005298297,openfacts
6194005298365,openfacts
6194005298372,openfacts
6194005400102,openfacts
6194005400201,openfacts
6194005400300,openfacts
6194005400805,openfacts
6194005400867,item_master
6194005400904,item_master
6194005400973,openfacts
6194005401116,openfacts
6194005401901,openfacts
6194005401994,openfacts
6194005405039,openfacts
6194005412037,openfacts
6194005412044,openfacts
6194005412075,openfacts
6194005413058,openfacts
6194005413096,openfacts
6194005420049,openfacts
6194005420070,openfacts
6194005420100,openfacts
6194005420117,openfacts
6194005420124,openfacts
6194005420155,openfacts
6194005420186,openfacts
6194005420216,openfacts
6194005420223,openfacts
6194005420254,openfacts
6194005420285,openfacts
6194005420292,openfacts
6194005421015,openfacts
6194005421107,openfacts
6194005422104,openfacts
6194005434060,openfacts
6194005434077,openfacts
6194005434091,openfacts
6194005434107,openfacts
6194005434121,openfacts
6194005434152,openfacts
6194005434305,openfacts
6194005440283,openfacts
6194005440306,openfacts
6194005440313,openfacts
6194005441068,openfacts
6194005443031,openfacts
6194005444038,openfacts
6194005444991,openfacts
6194005445004,openfacts
6194005445080,openfacts
6194005446100,openfacts
6194005446155,openfacts
6194005446209,openfacts
6194005446537,openfacts
6194005446551,openfacts
6194005447039,openfacts
6194005447107,openfacts
6194005447282,openfacts
6194005447305,openfacts
6194005447329,openfacts
6194005447534,openfacts
6194005447541,openfacts
6194005447725,openfacts
6194005447916,openfacts
6194005448036,openfacts
6194005448074,openfacts
6194005448203,openfacts
6194005448449,openfacts
6194005448470,openfacts
6194005448487,openfacts
6194005448500,openfacts
6194005448562,openfacts
6194005448685,openfacts
6194005448852,item_master
6194005448975,openfacts
6194005449231,openfacts
6194005449422,item_master
6194005449439,item_master
6194005449897,item_master
6194005449903,item_master
6194005449910,item_master
6194005449927,openfacts
6194005451036,openfacts
6194005451135,openfacts
6194005451142,openfacts
6194005451227,openfacts
6194005452101,openfacts
6194005452118,openfacts
6194005452149,openfacts
6194005454143,openfacts
6194005454174,openfacts
6194005460007,openfacts
6194005460014,openfacts
6194005460021,openfacts
6194005460038,openfacts
6194005460243,openfacts
6194005461004,openfacts
6194005461103,openfacts
6194005461134,openfacts
6194005461233,openfacts
6194005480203,openfacts
6194005485000,openfacts
6194005492015,openfacts
6194005492060,openfacts
6194005492077,openfacts
6194005492084,openfacts
6194005492091,openfacts
6194005498024,openfacts
6194005498062,openfacts
6194005498116,openfacts
6194005498239,openfacts
6194005498284,openfacts
6194005498338,openfacts
6194005498413,openfacts
6194005498611,openfacts
6194005498673,openfacts
6194005499472,item_master
6194005499540,openfacts
6194005610013,openfacts
6194005660148,openfacts
6194005660407,openfacts
6194005660414,openfacts
6194005660421,openfacts
6194005660445,openfacts
6194005660452,openfacts
6194005800018,openfacts
6194005800049,openfacts
6194005800100,openfacts
6194005900015,openfacts
6194005904013,openfacts
6194006220013,openfacts
6194006230012,openfacts
6194006230029,openfacts
6194006230043,openfacts
6194006230067,openfacts
6194006230098,openfacts
6194006230128,openfacts
6194006230609,openfacts
6194006230616,openfacts
6194006260903,openfacts
6194006260934,openfacts
6194006261030,openfacts
6194006261429,openfacts
6194006261559,openfacts
6194006261771,openfacts
6194006261788,openfacts
6194006261863,openfacts
6194006262013,openfacts
6194006262020,openfacts
6194006262037,openfacts
6194006262181,openfacts
6194007510014,openfacts
6194007520013,openfacts
6194007530098,openfacts
6194007530104,openfacts
6194007530234,openfacts
6194007530241,openfacts
6194007530258,openfacts
6194007530265,openfacts
6194007530517,openfacts
6194007530562,openfacts
6194007530678,openfacts
6194007530715,openfacts
6194007530777,openfacts
6194007530784,openfacts
6194007530791,openfacts
6194007530807,openfacts
6194007804540,openfacts
6194007804588,openfacts
6194007804625,openfacts
6194007804632,openfacts
6194007804687,openfacts
6194007804694,openfacts
6194007804724,openfacts
6194007804731,openfacts
6194007804748,openfacts
6194007804830,openfacts
6194007804892,openfacts
6194007804915,openfacts
6194007840043,openfacts
6194007840050,openfacts
6194007850042,openfacts
6194007850066,openfacts
6194007850073,openfacts
6194007880018,openfacts
6194007880063,openfacts
6194007890161,openfacts
6194007890185,openfacts
6194007890208,openfacts
6194007890314,openfacts
6194007891045,openfacts
6194007891083,openfacts
6194007891090,openfacts
6194007891267,openfacts
6194007891779,openfacts
6194007891793,openfacts
6194007891939,openfacts
6194007891960,openfacts
6194007892134,openfacts
6194007892202,openfacts
6194007892455,openfacts
6194007892684,openfacts
6194007892691,openfacts
6194007892936,openfacts
6194007893223,openfacts
6194007893469,openfacts
6194007893568,openfacts
6194007893803,openfacts
6194007893872,openfacts
6194007970184,openfacts
6194008166555,openfacts
6194008511010,openfacts
6194008511027,openfacts
6194008514011,openfacts
6194008514028,openfacts
6194008515483,openfacts
6194008515520,openfacts
6194008515537,openfacts
6194008516015,item_master
6194008516046,openfacts
6194008516084,openfacts
6194008516107,openfacts
6194008518026,openfacts
6194008518040,openfacts
6194008525017,openfacts
6194008533630,openfacts
6194008533739,openfacts
6194008533791,openfacts
6194008533807,openfacts
6194008533913,item_master
6194008533920,item_master
6194008533975,openfacts
6194008533982,openfacts
6194008533999,openfacts
6194008534002,openfacts
6194008534019,openfacts
6194008534033,openfacts
6194008534040,openfacts
6194008534057,openfacts
6194008541055,openfacts
6194008541062,openfacts
6194008541079,openfacts
6194008541086,openfacts
6194008541093,openfacts
6194008541109,openfacts
6194008541116,openfacts
6194008541123,openfacts
6194008541147,openfacts
6194008541215,openfacts
6194008541222,openfacts
6194008541239,openfacts
6194008541246,openfacts
6194008541253,openfacts
6194008542106,openfacts
6194008542113,openfacts
6194008543028,openfacts
6194008543042,openfacts
6194008543059,openfacts
6194008543073,openfacts
6194008543134,openfacts
6194008551009,openfacts
6194008551016,openfacts
6194008551023,openfacts
6194008551054,openfacts
6194008551214,openfacts
6194008551221,openfacts
6194008552013,openfacts
6194008552020,openfacts
6194008552037,openfacts
6194008552143,openfacts
6194008552204,openfacts
6194008552211,openfacts
6194008552273,openfacts
6194008552341,openfacts
6194008552358,openfacts
6194008552853,openfacts
6194008553065,openfacts
6194008553126,openfacts
6194008553133,openfacts
6194008553430,openfacts
6194008553461,openfacts
6194008553553,openfacts
6194008553560,openfacts
6194008553744,openfacts
6194008553751,openfacts
6194008554093,openfacts
6194008554109,openfacts
6194008554178,openfacts
6194008554482,openfacts
6194008554710,openfacts
6194008554789,openfacts
6194008554802,openfacts
6194008554826,openfacts
6194008554833,openfacts
6194008554932,openfacts
6194008554949,openfacts
6194008554963,openfacts
6194008555038,openfacts
6194008555045,openfacts
6194008555076,openfacts
6194008555090,openfacts
6194008555199,item_master
6194008555212,openfacts
6194008555229,openfacts
6194008555236,openfacts
6194008555243,openfacts
6194008555250,openfacts
6194008555274,openfacts
6194008555281,openfacts
6194008555311,openfacts
6194008555335,openfacts
6194008555441,openfacts
6194008555519,openfacts
6194008555526,openfacts
6194008555557,openfacts
6194008555588,openfacts
6194008555595,openfacts
6194008555656,openfacts
6194008555724,openfacts
6194008555762,openfacts
6194008555779,openfacts
6194008555786,openfacts
6194008555885,openfacts
6194008555984,openfacts
6194008556035,openfacts
6194008556042,openfacts
6194008556080,openfacts
6194008556219,openfacts
6194008556226,openfacts
6194008585448,openfacts
6194008610027,openfacts
6194008610065,openfacts
6194008630018,openfacts
6194008630025,openfacts
6194008630032,openfacts
6194008650016,openfacts
6194008650054,openfacts
6194009710016,openfacts
6194009710252,openfacts
6194009710313,openfacts
6194009710351,openfacts
6194009710429,openfacts
6194009710436,openfacts
6194009710450,openfacts
6194009710474,openfacts
6194009710504,openfacts
6194009710566,openfacts
6194009710580,openfacts
6194009710771,openfacts
6194009710818,openfacts
6194010411063,openfacts
6194010413098,openfacts
6194010422014,openfacts
6194010422021,openfacts
6194011711100,openfacts
6194011712107,openfacts
6194011712305,openfacts
6194011713104,openfacts
6194011713203,openfacts
6194011713302,openfacts
6194011811107,openfacts
6194011811121,openfacts
6194011811305,openfacts
6194011812104,openfacts
6194011812166,openfacts
6194011812302,openfacts
6194011812708,openfacts
6194011812807,openfacts
6194011814108,openfacts
6194011821106,openfacts
6194011822103,openfacts
6194011832171,openfacts
6194011832379,openfacts
6194011833178,openfacts
6194011833376,openfacts
6194011836377,openfacts
6194011837374,openfacts
6194011841388,openfacts
6194011842385,openfacts
6194011847380,openfacts
6194011848387,openfacts
6194011849384,openfacts
6194011852384,openfacts
6194011852544,openfacts
6194011860501,openfacts
6194011860532,openfacts
6194011862154,openfacts
6194011862345,openfacts
6194011862512,openfacts
6194011862536,openfacts
6194011862543,openfacts
6194011863397,openfacts
6194011872382,openfacts
6194011873280,openfacts
6194011874386,openfacts
6194011877288,openfacts
6194011878384,openfacts
6194011890102,openfacts
6194011891109,openfacts
6194011892106,openfacts
6194012401031,openfacts
6194012401048,openfacts
6194012402038,openfacts
6194012403042,openfacts
6194012403080,openfacts
6194012403103,openfacts
6194012404025,openfacts
6194012404049,openfacts
6194012406265,openfacts
6194012406654,openfacts
6194012406890,openfacts
6194012506279,openfacts
6194012661503,openfacts
6194013210014,openfacts
6194013210076,openfacts
6194013213848,openfacts
6194013215293,openfacts
6194013215316,openfacts
6194013215897,openfacts
6194013216894,openfacts
6194013217631,openfacts
6194013217648,openfacts
6194013217679,openfacts
6194013217884,openfacts
6194013218102,openfacts
6194013218119,openfacts
6194013218157,openfacts
6194013218249,openfacts
6194013219130,openfacts
6194013219154,openfacts
6194013219161,openfacts
6194013219406,openfacts
6194013219413,openfacts
6194013219642,openfacts
6194013219659,openfacts
6194013219666,openfacts
6194013219673,openfacts
6194013219734,openfacts
6194013219741,openfacts
6194013219963,openfacts
6194013220723,openfacts
6194013222017,openfacts
6194013222505,openfacts
6194013222512,openfacts
6194013222826,openfacts
6194013224400,openfacts
6194013225513,openfacts
6194013225988,openfacts
6194013226169,openfacts
6194013228613,openfacts
6194013816025,openfacts
6194013850012,openfacts
6194013856564,openfacts
6194013922221,openfacts
6194013942151,openfacts
6194014000836,openfacts
6194014010538,openfacts
6194014010545,openfacts
6194014010613,openfacts
6194014010637,openfacts
6194014010668,openfacts
6194014010729,openfacts
6194014010965,openfacts
6194014011115,openfacts
6194014904165,openfacts
6194015102836,openfacts
6194015103505,openfacts
6194015801906,openfacts
6194016200104,openfacts
6194016905085,openfacts
6194016910263,openfacts
6194017100069,openfacts
6194017101578,openfacts
6194017101585,openfacts
6194017200172,openfacts
6194017200196,openfacts
6194017200318,openfacts
6194017200325,openfacts
6194017200837,openfacts
6194017200943,openfacts
6194017201445,item_master
6194017201506,item_master
6194017201513,item_master
6194017201575,item_master
6194017201780,item_master
6194017201827,item_master
6194017201902,openfacts
6194017301022,openfacts
6194017301039,openfacts
6194017302012,openfacts
6194017302029,openfacts
6194017302036,openfacts
6194017302043,openfacts
6194017302135,openfacts
6194017302289,openfacts
6194017302326,openfacts
6194017302517,openfacts
6194017302586,openfacts
6194017302630,openfacts
6194017302791,openfacts
6194017303613,openfacts
6194017303736,openfacts
6194017304207,openfacts
6194017304283,openfacts
6194017304412,openfacts
6194017304467,openfacts
6194017304689,openfacts
6194017400046,openfacts
6194017400374,openfacts
6194017401357,openfacts
6194017401401,openfacts
6194017401616,openfacts
6194017404051,openfacts
6194017409148,openfacts
6194017409186,openfacts
6194017410953,openfacts
6194017500012,openfacts
6194017500029,openfacts
6194017500067,openfacts
6194017500104,openfacts
6194017500111,openfacts
6194017500210,openfacts
6194017500548,openfacts
6194017500876,openfacts
6194017500951,openfacts
6194017500968,openfacts
6194017500975,openfacts
6194017501019,openfacts
6194017501293,openfacts
6194017501491,openfacts
6194017501743,openfacts
6194017501781,openfacts
6194017502528,openfacts
6194017502535,openfacts
6194017502542,openfacts
6194017503419,openfacts
6194017503761,openfacts
6194017503778,openfacts
6194017503785,openfacts
6194017503822,openfacts
6194017503839,openfacts
6194017503846,openfacts
6194017504522,openfacts
6194017504546,openfacts
6194017504638,openfacts
6194017504775,openfacts
6194017504782,openfacts
6194017504966,openfacts
6194017505154,openfacts
6194017506014,openfacts
6194017506113,openfacts
6194017506120,openfacts
6194017506137,openfacts
6194017506205,openfacts
6194017506700,openfacts
6194017506717,openfacts
6194017506724,openfacts
6194017506731,openfacts
6194017507219,openfacts
6194017507325,openfacts
6194017507547,openfacts
6194017507554,openfacts
6194017507639,openfacts
6194017507660,openfacts
6194017702089,openfacts
6194019202044,openfacts
6194019202211,openfacts
6194019205489,openfacts
6194019205878,openfacts
6194019205939,openfacts
6194019602363,openfacts
6194019602400,openfacts
6194019602424,openfacts
6194019602448,openfacts
6194019602455,openfacts
6194019602707,openfacts
6194019602721,openfacts
6194019602745,openfacts
6194019604244,openfacts
6194019604251,openfacts
6194019604282,openfacts
6194019605241,openfacts
6194019605258,openfacts
6194019605289,openfacts
6194019605319,openfacts
6194019605326,openfacts
6194019605333,openfacts
6194019605500,openfacts
6194019605586,openfacts
6194019605609,openfacts
6194019605616,openfacts
6194019605647,openfacts
6194019605807,openfacts
6194019605814,openfacts
6194019606880,openfacts
6194019606965,openfacts
6194019606972,openfacts
6194019607023,openfacts
6194019607030,openfacts
6194019607054,openfacts
6194019607382,openfacts
6194019607542,openfacts
6194019607573,openfacts
6194019607580,openfacts
6194019607696,openfacts
6194019608167,openfacts
6194019608181,openfacts
6194019608198,openfacts
6194019608273,openfacts
6194019608310,openfacts
6194019608358,openfacts
6194019608365,openfacts
6194019608396,openfacts
6194019801070,openfacts
6194019802244,openfacts
6194019802251,openfacts
6194019802282,openfacts
6194019802657,openfacts
6194019802756,openfacts
6194019803128,openfacts
6194019803142,openfacts
6194019803159,openfacts
6194019803166,openfacts
6194019803180,openfacts
6194019803395,openfacts
6194020100032,item_master
6194020100070,openfacts
6194020100117,openfacts
6194020100124,openfacts
6194020100797,item_master
6194020400064,openfacts
6194020400149,openfacts
6194020400156,openfacts
6194020400187,openfacts
6194020400224,openfacts
6194020400231,openfacts
6194020400248,openfacts
6194020400774,openfacts
6194020400880,openfacts
6194021100888,openfacts
6194021100925,openfacts
6194021101298,openfacts
6194021101311,openfacts
6194021101373,openfacts
6194021101397,openfacts
6194021101410,openfacts
6194021101427,openfacts
6194021101700,openfacts
6194021101892,openfacts
6194021101922,openfacts
6194021101946,openfacts
6194021102080,openfacts
6194021102097,openfacts
6194021102608,openfacts
6194021102622,openfacts
6194021111020,openfacts
6194021111051,openfacts
6194021111068,openfacts
6194021111259,openfacts
6194021111419,openfacts
6194021111426,openfacts
6194021111440,openfacts
6194021111518,openfacts
6194021111525,openfacts
6194021111938,openfacts
6194021114014,openfacts
6194021115011,openfacts
6194021115028,openfacts
6194021117114,openfacts
6194021117138,openfacts
6194021122101,openfacts
6194021122200,openfacts
6194021131929,openfacts
6194021131936,openfacts
6194021152023,openfacts
6194021155055,openfacts
6194021155086,openfacts
6194021155093,openfacts
6194021174407,openfacts
6194021175602,openfacts
6194021176548,openfacts
6194021176562,openfacts
6194021178702,openfacts
6194021178849,openfacts
6194021178863,openfacts
6194021178924,openfacts
6194021178979,openfacts
6194021178986,openfacts
6194021179013,openfacts
6194021179242,openfacts
6194021179266,openfacts
6194021179297,openfacts
6194021187117,openfacts
6194021189098,openfacts
6194021189890,openfacts
6194021189999,openfacts
6194021900556,openfacts
6194021900761,openfacts
6194022516046,openfacts
6194023500020,openfacts
6194023504707,openfacts
6194023504721,openfacts
6194023504738,openfacts
6194023506053,openfacts
6194023506213,openfacts
6194024400152,openfacts
6194024400398,openfacts
6194024502030,openfacts
6194024502047,openfacts
6194024504072,openfacts
6194024504089,openfacts
6194024504119,openfacts
6194024504126,openfacts
6194024504218,openfacts
6194025701005,openfacts
6194025701012,openfacts
6194025701029,openfacts
6194025701098,openfacts
6194025701166,openfacts
6194025701326,openfacts
6194025701333,openfacts
6194026702155,openfacts
6194026703312,openfacts
6194029100026,openfacts
6194029100033,openfacts
6194029100064,openfacts
6194029100217,openfacts
6194029100279,openfacts
6194029100286,item_master
6194029100293,openfacts
6194029100316,item_master
6194029100323,item_master
6194029100330,item_master
6194029100347,openfacts
6194029100378,openfacts
6194029100415,openfacts
6194029100422,openfacts
6194029100484,item_master
6194029100491,openfacts
6194029100514,openfacts
6194029100781,openfacts
6194029100798,openfacts
6194029100804,openfacts
6194029100972,openfacts
6194029100989,openfacts
6194029101009,openfacts
6194029101030,openfacts
6194029101047,openfacts
6194029101054,openfacts
6194029101061,openfacts
6194029101078,openfacts
6194029101092,openfacts
6194029101115,openfacts
6194029101122,openfacts
6194029101290,openfacts
6194029101306,openfacts
6194029101351,openfacts
6194029101412,openfacts
6194029101429,openfacts
6194029101566,openfacts
6194029101573,openfacts
6194029101580,openfacts
6194029101597,openfacts
6194029101603,openfacts
6194029101658,openfacts
6194029101696,openfacts
6194029101900,openfacts
6194029101948,openfacts
6194029102006,openfacts
6194029102037,openfacts
6194029102136,openfacts
6194029102518,openfacts
6194029102525,openfacts
6194029102563,openfacts
6194029102587,openfacts
6194029102709,openfacts
6194029102716,openfacts
6194029103232,openfacts
6194029103249,openfacts
6194029103379,openfacts
6194029103386,openfacts
6194029103393,openfacts
6194029103423,openfacts
6194029103461,openfacts
6194029103508,openfacts
6194029103522,openfacts
6194029103744,openfacts
6194029103874,openfacts
6194031110983,openfacts
6194032605303,openfacts
6194032710915,openfacts
6194036800438,openfacts
6194036800476,openfacts
6194036800506,openfacts
6194036800810,openfacts
6194036800926,openfacts
6194036800933,openfacts
6194036801220,openfacts
6194036801305,openfacts
6194036801343,openfacts
6194036801374,openfacts
6194036801572,openfacts
6194036801596,openfacts
6194036801701,openfacts
6194036802197,openfacts
6194036802203,openfacts
6194036802227,openfacts
6194036802234,openfacts
6194036802258,openfacts
6194036802265,openfacts
6194036802289,openfacts
6194036802296,openfacts
6194036802319,openfacts
6194036802326,openfacts
6194036802340,openfacts
6194036802654,openfacts
6194036802777,openfacts
6194036802821,openfacts
6194036802845,openfacts
6194036802869,openfacts
6194036802876,openfacts
6194036803101,openfacts
6194036803279,openfacts
6194036803569,openfacts
6194036803712,openfacts
6194036804382,openfacts
6194037810115,item_master
6194037810139,openfacts
6194037810214,openfacts
6194037810238,openfacts
6194037810412,openfacts
6194037810511,item_master
6194037810610,item_master
6194037810719,item_master
6194037850012,openfacts
6194037850029,openfacts
6194037850050,openfacts
6194037850067,openfacts
6194037850111,openfacts
6194037850159,openfacts
6194037850340,openfacts
6194037850357,openfacts
6194038900150,openfacts
6194038900426,openfacts
6194038900839,openfacts
6194038900846,openfacts
6194038900853,openfacts
6194038901003,openfacts
6194039500106,openfacts
6194039501011,openfacts
6194039501042,openfacts
6194039503015,openfacts
6194039506177,openfacts
6194041300244,openfacts
6194041301197,openfacts
6194041301807,openfacts
6194041302132,openfacts
6194041302149,openfacts
6194042400103,openfacts
6194042600121,openfacts
6194042600329,openfacts
6194042600855,openfacts
6194042600862,openfacts
6194042600893,openfacts
6194042600954,openfacts
6194042700029,openfacts
6194042700081,openfacts
6194042700098,openfacts
6194042700265,openfacts
6194042700364,openfacts
6194043001019,openfacts
6194043001026,openfacts
6194043001095,openfacts
6194043001255,openfacts
6194043001279,openfacts
6194043001286,openfacts
6194043001316,openfacts
6194043001361,openfacts
6194043001446,openfacts
6194043001460,openfacts
6194043001569,openfacts
6194043001620,openfacts
6194043001644,openfacts
6194043001668,openfacts
6194043001699,openfacts
6194043001750,openfacts
6194043001767,openfacts
6194043001804,openfacts
6194043001835,openfacts
6194043001866,openfacts
6194043001903,openfacts
6194043001996,openfacts
6194043002016,openfacts
6194043002078,openfacts
6194043002085,openfacts
6194043002108,openfacts
6194043002115,openfacts
6194043002122,openfacts
6194043002252,openfacts
6194043002283,openfacts
6194043002412,openfacts
6194043002467,openfacts
6194043002474,openfacts
6194043002498,openfacts
6194043002542,openfacts
6194043002566,openfacts
6194043002702,openfacts
6194043002719,openfacts
6194043002795,openfacts
6194043002863,openfacts
6194043002870,openfacts
6194043003150,openfacts
6194043401000,openfacts
6194043401024,openfacts
6194043401048,openfacts
6194043401055,openfacts
6194043401062,openfacts
6194043401079,openfacts
6194043401093,openfacts
6194043401116,openfacts
6194043401123,openfacts
6194043401154,openfacts
6194043401161,openfacts
6194043401178,openfacts
6194043401185,openfacts
6194043401222,openfacts
6194043401239,openfacts
6194043401246,openfacts
6194043401260,openfacts
6194043401277,openfacts
6194043401284,openfacts
6194043401307,openfacts
6194043401314,openfacts
6194043401338,openfacts
6194043401345,openfacts
6194043401437,openfacts
6194043401444,openfacts
6194043401451,openfacts
6194043401468,openfacts
6194043401475,openfacts
6194043401482,openfacts
6194043401505,openfacts
6194043401550,openfacts
6194043401833,openfacts
6194043401857,openfacts
6194043401949,openfacts
6194043401963,openfacts
6194043402007,openfacts
6194043402014,openfacts
6194043402120,openfacts
6194043402472,openfacts
6194043402571,openfacts
6194043402588,openfacts
6194043402748,openfacts
6194043402915,openfacts
6194043402922,openfacts
6194043402939,openfacts
6194043402946,openfacts
6194043403028,openfacts
6194043403134,openfacts
6194043403257,openfacts
6194043403264,openfacts
6194043403271,openfacts
6194043403356,openfacts
6194043403363,openfacts
6194043403424,openfacts
6194043403431,openfacts
6194043403462,openfacts
6194043403479,openfacts
6194043403547,openfacts
6194043403585,openfacts
6194043403592,openfacts
6194043403608,openfacts
6194043403622,openfacts
6194043403639,openfacts
6194043403646,openfacts
6194043403653,openfacts
6194043403684,openfacts
6194043404049,openfacts
6194044701017,openfacts
6194046800015,openfacts
6194046800121,openfacts
6194046800152,openfacts
6194046800244,openfacts
6194046800398,openfacts
6194046800909,openfacts
6194046800947,openfacts
6194046801302,openfacts
6194046801401,openfacts
6194046801500,openfacts
6194046801968,openfacts
6194046801975,openfacts
6194046802002,openfacts
6194046901774,openfacts
6194046901934,openfacts
6194048700016,openfacts
6194049100013,item_master
6194049100020,item_master
6194049100037,openfacts
6194049100044,item_master
6194049100051,openfacts
6194049100068,openfacts
6194049100075,openfacts
6194049100082,openfacts
6194049100105,item_master
6194049100389,openfacts
6194049100471,item_master
6194049100716,openfacts
6194049100754,openfacts
6194049100785,item_master
6194049100792,item_master
6194049100808,item_master
6194049100815,item_master
6194049101065,item_master
6194049101195,openfacts
6194049101416,item_master
6194049101447,openfacts
6194049101454,openfacts
6194049101461,openfacts
6194049101614,openfacts
6194049101676,openfacts
6194049270044,openfacts
6194049400625,openfacts
6194049400830,openfacts
6194049400861,openfacts
6194049400892,openfacts
6194049400908,openfacts
6194049400922,openfacts
6194049401172,openfacts
6194049401271,openfacts
6194049401332,openfacts
6194049401400,openfacts
6194049401547,openfacts
6194049401615,openfacts
6194049401752,openfacts
6194049401875,openfacts
6194049401882,openfacts
6194049402186,openfacts
6194049402193,openfacts
6194049402230,openfacts
6194049402315,openfacts
6194049402339,openfacts
6194049402346,openfacts
6194049402629,openfacts
6194049402797,openfacts
6194049402803,openfacts
6194049402827,openfacts
6194049403183,openfacts
6194049403220,openfacts
6194049403268,openfacts
6194049403275,openfacts
6194049403305,openfacts
6194049403329,openfacts
6194049403350,openfacts
6194049403602,openfacts
6194049403688,openfacts
6194049403794,openfacts
6194049403947,openfacts
6194049403954,openfacts
6194049404029,openfacts
6194049404043,openfacts
6194049404067,openfacts
6194049404111,openfacts
6194049404227,openfacts
6194049404265,openfacts
6194049404289,openfacts
6194049404296,openfacts
6194049404791,openfacts
6194049844689,openfacts
6194052000737,openfacts
6194052300448,openfacts
6194052300486,openfacts
6194052900082,openfacts
6194055500012,item_master
6194055500128,item_master
6194055500135,item_master
6194055500234,item_master
6194055500272,item_master
6194055500319,openfacts
6194055500517,openfacts
6194055500630,openfacts
6194055500951,openfacts
6194055500999,openfacts
6194055501415,openfacts
6194055501460,openfacts
6194055550673,item_master
6194055550789,item_master
6194055550857,item_master
6194055550963,item_master
6194055551007,item_master
6194055551014,openfacts
6194055551090,item_master
6194055551106,openfacts
6194055551212,openfacts
6194055551229,openfacts
6194055551328,openfacts
6194055551496,item_master
6194055551779,openfacts
6194055551847,item_master
6194055551939,openfacts
6194055552004,openfacts
6194055552028,item_master
6194055552189,openfacts
6194055552264,openfacts
6194055552301,openfacts
6194055552349,openfacts
6194055552356,openfacts
6194055552370,openfacts
6194055552387,openfacts
6194055552912,openfacts
6194055552929,openfacts
6194055552936,openfacts
6194057911120,openfacts
6194058000021,openfacts
6194058900017,openfacts
6194058900024,openfacts
6194058900031,openfacts
6194058900048,openfacts
6194058900055,openfacts
6194058900260,openfacts
6194058900628,openfacts
6194058900635,openfacts
6194058900727,openfacts
6194058901519,openfacts
6194058901526,openfacts
6194058901533,openfacts
6194058901540,openfacts
6194058903131,openfacts
6194058903650,item_master
6194058903674,item_master
6194058903704,item_master
6194058903728,item_master
6194058903742,item_master
6194058903933,item_master
6194058903940,item_master
6194058904138,item_master
6194058904244,openfacts
6194058904367,openfacts
6194058904398,openfacts
6194058905098,openfacts
6194058905494,item_master
6194058905838,openfacts
6194058906286,openfacts
6194058906293,openfacts
6194058906309,openfacts
6194058906316,openfacts
6194058906323,openfacts
6194058906330,openfacts
6194058906347,openfacts
6194058906613,openfacts
6194059800057,openfacts
6194059800552,openfacts
6194059800576,openfacts
6194059800583,openfacts
6194060000828,openfacts
6194061400030,item_master
6194061400054,openfacts
6194061400061,openfacts
6194061400214,openfacts
6194061400771,openfacts
6194061400849,openfacts
6194061401105,openfacts
6194061401273,openfacts
6194061401327,openfacts
6194061401631,openfacts
6194061500020,openfacts
6194061500051,openfacts
6194061500228,openfacts
6194061500259,openfacts
6194061500327,openfacts
6194061500365,openfacts
6194061500372,openfacts
6194061500433,openfacts
6194061500440,openfacts
6194061700031,openfacts
6194095004587,openfacts
6194098682157,openfacts
6194112001308,openfacts
6194141008101,openfacts
6194604678025,openfacts
6194620845616,openfacts
6194732009654,openfacts
6195002109296,openfacts
6195100302513,openfacts
6195122306100,openfacts
6195252745077,openfacts
6195350809022,openfacts
6195600447004,openfacts
6196590004246,openfacts
6196840100346,openfacts
6197222774070,openfacts
6197342688738,openfacts
6197426714872,openfacts
6197501849505,openfacts
6197515100050,openfacts
6198438308998,openfacts
6198495133151,openfacts
6198550402703,openfacts
6198550404981,openfacts
6198642687018,openfacts
6198750031390,openfacts
6198777198915,item_master
6199001000943,openfacts
6199001000950,openfacts
6199001000974,openfacts
6199001001049,openfacts
6199001001216,openfacts
6199001001230,openfacts
6199001001421,openfacts
6199001002053,openfacts
6199001003265,openfacts
6199001003890,openfacts
6199001004101,openfacts
6199001004118,openfacts
6199001004149,openfacts
6199001004156,openfacts
6199001004170,openfacts
6199001004309,openfacts
6199001004576,openfacts
6199001004781,openfacts
6199001005092,openfacts
6199001005764,openfacts
6199001006020,openfacts
6199001006204,openfacts
6199001006297,openfacts
6199001006310,openfacts
6199001006402,openfacts
6199001006525,openfacts
6199001008352,openfacts
6199001009335,openfacts
6199001009700,openfacts
6199001010034,openfacts
6199001010881,openfacts
6199001017057,openfacts
6199001017262,openfacts
6199001017279,openfacts
6199001017293,openfacts
6199001017378,openfacts
6199009000044,openfacts
6199009000082,openfacts
6199009000327,openfacts
6199009000495,openfacts
6199009000501,openfacts
6199009000754,openfacts
6199009001614,openfacts
6199009002611,openfacts
6199009002628,openfacts
6199009002635,openfacts
6199009002970,openfacts
6199009002994,openfacts
6199009003106,openfacts
6199009003274,openfacts
6199009003564,openfacts
6199009003601,openfacts
6199009003618,openfacts
6199009004028,openfacts
6199009004042,openfacts
6199020000955,openfacts
6199020003406,openfacts
6199020003420,openfacts
6199020003697,openfacts
6199020003703,openfacts
6199020004236,openfacts
6199020005233,openfacts
6199103900882,item_master
6199104900133,openfacts
6199104900140,openfacts
6199111200011,openfacts
6199111200028,openfacts
6199111200035,openfacts
6199111200042,openfacts
6199111200080,openfacts
6199113600017,openfacts
6199113600024,openfacts
6199113600031,openfacts
6199113600048,openfacts
6199113600055,openfacts
6199113600062,openfacts
6199113600093,openfacts
6199362353481,openfacts
6199756161654,item_master
6199992010044,openfacts
