ean13,source
8020005036080,openfacts
8020006012007,openfacts
8020006025106,openfacts
8020006040307,openfacts
8020006068400,openfacts
8020006069704,openfacts
8020006120108,openfacts
8020006120207,openfacts
8020006120306,openfacts
8020006120405,openfacts
8020006120504,openfacts
8020006120603,openfacts
8020006121204,openfacts
8020006121303,openfacts
8020006123000,openfacts
8020006123208,openfacts
8020008301000,openfacts
8020011001256,openfacts
8020013019761,openfacts
8020030053069,openfacts
8020033000053,openfacts
8020033000060,openfacts
8020033000077,openfacts
8020033000121,openfacts
8020033000138,openfacts
8020033000176,openfacts
8020033000190,openfacts
8020033000817,openfacts
8020033000824,openfacts
8020033000831,openfacts
8020033000848,openfacts
8020033000855,openfacts
8020033000862,openfacts
8020033000879,openfacts
8020033000909,openfacts
8020033000916,openfacts
8020035800828,openfacts
8020035889991,openfacts
8020037304041,openfacts
8020037304072,openfacts
8020046000101,openfacts
8020046000378,openfacts
8020046003317,openfacts
8020046003324,openfacts
8020046003331,openfacts
8020046003362,openfacts
8020046003379,openfacts
8020046003386,openfacts
8020046003393,openfacts
8020046003461,openfacts
8020046007186,openfacts
8020046008114,openfacts
8020046008145,openfacts
8020046008152,openfacts
8020046008190,openfacts
8020050000500,openfacts
8020050000609,openfacts
8020050001002,openfacts
8020050001101,openfacts
8020050120048,openfacts
8020050300501,openfacts
8020052454042,openfacts
8020053100061,openfacts
8020053100078,openfacts
8020053100245,openfacts
8020053100252,openfacts
8020053100504,openfacts
8020053100665,openfacts
8020053100689,openfacts
8020053100696,openfacts
8020053100757,openfacts
8020053101242,openfacts
8020053101259,openfacts
8020053101266,openfacts
8020053101273,openfacts
8020053101327,openfacts
8020053101358,openfacts
8020053101389,openfacts
8020053101396,openfacts
8020053101419,openfacts
8020053101426,openfacts
8020053101433,openfacts
8020053101945,openfacts
8020053102041,openfacts
8020053103130,openfacts
8020053103222,openfacts
8020053103420,openfacts
8020053103444,openfacts
8020053103918,openfacts
8020053104328,openfacts
8020053104816,openfacts
8020053104878,openfacts
8020053104915,openfacts
8020053104922,openfacts
8020053104939,openfacts
8020053104953,openfacts
8020053107817,openfacts
8020053107824,openfacts
8020053107831,openfacts
8020053107879,openfacts
8020053107909,openfacts
8020053107916,openfacts
8020053108128,openfacts
8020053108265,openfacts
8020053108326,openfacts
8020053108418,openfacts
8020053108425,openfacts
8020053108463,openfacts
8020053108470,openfacts
8020053108616,openfacts
8020053108623,openfacts
8020053108647,openfacts
8020053108654,openfacts
8020053108715,openfacts
8020053108722,openfacts
8020053108777,openfacts
8020053108869,openfacts
8020053108890,openfacts
8020053108906,openfacts
8020053108913,openfacts
8020053108937,openfacts
8020053108944,openfacts
8020053108951,openfacts
8020053108968,openfacts
8020053108999,openfacts
8020053109002,openfacts
8020053109026,openfacts
8020053109088,openfacts
8020053109095,openfacts
8020053109156,openfacts
8020053109217,openfacts
8020053109446,openfacts
8020053109675,openfacts
8020053109682,openfacts
8020053109729,openfacts
8020053109736,openfacts
8020053109750,openfacts
8020053109781,openfacts
8020053109828,openfacts
8020053109859,openfacts
8020053109866,openfacts
8020053109873,openfacts
8020053109880,openfacts
8020053109897,openfacts
8020053109903,openfacts
8020053109996,openfacts
8020053110008,openfacts
8020053110015,openfacts
8020053110046,openfacts
8020053110053,openfacts
8020053110176,openfacts
8020053110183,openfacts
8020053110190,openfacts
8020053111890,openfacts
8020053114990,openfacts
8020053115027,openfacts
8020053115034,openfacts
8020053115331,openfacts
8020053400413,openfacts
8020053400444,openfacts
8020053400451,openfacts
8020053400482,openfacts
8020053400499,openfacts
8020053400505,openfacts
8020053400512,openfacts
8020053400710,openfacts
8020053400963,openfacts
8020053401052,openfacts
8020053401069,openfacts
8020053401076,openfacts
8020053401137,openfacts
8020053401144,openfacts
8020053500083,openfacts
8020053500137,openfacts
8020053500359,openfacts
8020053500380,openfacts
8020053500397,openfacts
8020053500403,openfacts
8020053500410,openfacts
8020053500427,openfacts
8020053500434,openfacts
8020053500458,openfacts
8020053500496,openfacts
8020053500502,openfacts
8020053500670,openfacts
8020053500687,openfacts
8020053500694,openfacts
8020053500786,openfacts
8020053500854,openfacts
8020053500861,openfacts
8020053500878,openfacts
8020053500946,openfacts
8020053501110,openfacts
8020053501141,openfacts
8020053501219,openfacts
8020053501226,openfacts
8020053501295,openfacts
8020053501325,openfacts
8020053501332,openfacts
8020053501424,openfacts
8020053501448,openfacts
8020053501462,openfacts
8020053501622,openfacts
8020053501639,openfacts
8020053501646,openfacts
8020053501707,openfacts
8020053501844,openfacts
8020053501851,openfacts
8020053501868,openfacts
8020053501875,openfacts
8020053501882,openfacts
8020053501899,openfacts
8020053501936,openfacts
8020053501950,openfacts
8020053501967,openfacts
8020053501974,openfacts
8020053502001,openfacts
8020053502032,openfacts
8020053502094,openfacts
8020053502148,openfacts
8020053502155,openfacts
8020053502162,openfacts
8020053502179,openfacts
8020053502209,openfacts
8020053502346,openfacts
8020053502353,openfacts
8020053502384,openfacts
8020053502391,openfacts
8020053502407,openfacts
8020053502421,openfacts
8020053502445,openfacts
8020053502452,openfacts
8020053502506,openfacts
8020053502520,openfacts
8020053502537,openfacts
8020053502544,openfacts
8020053502551,openfacts
8020053502568,openfacts
8020053502605,openfacts
8020053502629,openfacts
8020053502650,openfacts
8020053502667,openfacts
8020053502681,openfacts
8020053502698,openfacts
8020053502711,openfacts
8020053502728,openfacts
8020053502735,openfacts
8020053502742,openfacts
8020053502759,openfacts
8020053502766,openfacts
8020053502773,openfacts
8020053502780,openfacts
8020053502797,openfacts
8020053502810,openfacts
8020053502919,openfacts
8020053502926,openfacts
8020053502933,openfacts
8020053502940,openfacts
8020053502957,openfacts
8020053502964,openfacts
8020053503008,openfacts
8020053503015,openfacts
8020053503022,openfacts
8020053503046,openfacts
8020053503060,openfacts
8020053503084,openfacts
8020053503091,openfacts
8020053503114,openfacts
8020053503145,openfacts
8020053503169,openfacts
8020053503176,openfacts
8020053503282,openfacts
8020053503299,openfacts
8020053503305,openfacts
8020053503312,openfacts
8020053503329,openfacts
8020053503336,openfacts
8020053503343,openfacts
8020053503350,openfacts
8020053503367,openfacts
8020053503374,openfacts
8020053503398,openfacts
8020053503404,openfacts
8020053503411,openfacts
8020053503428,openfacts
8020053503459,openfacts
8020053503466,openfacts
8020053503473,openfacts
8020053503541,openfacts
8020053503565,openfacts
8020053503589,openfacts
8020053503596,openfacts
8020053503602,openfacts
8020053503619,openfacts
8020053503626,openfacts
8020053503664,openfacts
8020053503671,openfacts
8020053503718,openfacts
8020053503732,openfacts
8020053503923,openfacts
8020053503947,openfacts
8020053503954,openfacts
8020053503978,openfacts
8020053503985,openfacts
8020053503992,openfacts
8020053504005,openfacts
8020053504012,openfacts
8020053504029,openfacts
8020053504036,openfacts
8020053504043,openfacts
8020053504067,openfacts
8020053504074,openfacts
8020053504098,openfacts
8020053504128,openfacts
8020053504135,openfacts
8020053504159,openfacts
8020053504166,openfacts
8020053504173,openfacts
8020053504289,openfacts
8020053504296,openfacts
8020053504333,openfacts
8020053504340,openfacts
8020053504357,openfacts
8020053504364,openfacts
8020053504388,openfacts
8020053504432,openfacts
8020053504463,openfacts
8020053504487,openfacts
8020053504531,openfacts
8020053504548,openfacts
8020053504555,openfacts
8020053504890,openfacts
8020053504906,openfacts
8020053504920,openfacts
8020053504937,openfacts
8020053504951,openfacts
8020053504975,openfacts
8020053504982,openfacts
8020053504999,openfacts
8020053505019,openfacts
8020053505033,openfacts
8020053505040,openfacts
8020053505088,openfacts
8020053505095,openfacts
8020053505101,openfacts
8020053505118,openfacts
8020053505125,openfacts
8020053505132,openfacts
8020053505156,openfacts
8020053505170,openfacts
8020053505187,openfacts
8020053505194,openfacts
8020053505200,openfacts
8020053505217,openfacts
8020053505224,openfacts
8020053505316,openfacts
8020053505330,openfacts
8020053505347,openfacts
8020053505354,openfacts
8020053505361,openfacts
8020053505378,openfacts
8020053505446,openfacts
8020053505453,openfacts
8020053505644,openfacts
8020053505651,openfacts
8020053505668,openfacts
8020053505705,openfacts
8020053505712,openfacts
8020053505729,openfacts
8020053505736,openfacts
8020053505743,openfacts
8020053505750,openfacts
8020053505767,openfacts
8020053505774,openfacts
8020053505798,openfacts
8020053505804,openfacts
8020053505811,openfacts
8020053505828,openfacts
8020053505835,openfacts
8020053505859,openfacts
8020053505903,openfacts
8020053505910,openfacts
8020053505927,openfacts
8020053505965,openfacts
8020053505972,openfacts
8020053505989,openfacts
8020053505996,openfacts
8020053506009,openfacts
8020053506016,openfacts
8020053506023,openfacts
8020053506030,openfacts
8020053506047,openfacts
8020053506054,openfacts
8020053506061,openfacts
8020053506078,openfacts
8020053506085,openfacts
8020053506092,openfacts
8020053506115,openfacts
8020053506122,openfacts
8020053506139,openfacts
8020053506146,openfacts
8020053506153,openfacts
8020053506177,openfacts
8020053506184,openfacts
8020053506214,openfacts
8020053506245,openfacts
8020053506252,openfacts
8020053506269,openfacts
8020053506276,openfacts
8020053506283,openfacts
8020053506306,openfacts
8020053506351,openfacts
8020053506375,openfacts
8020053506382,openfacts
8020053506399,openfacts
8020053506412,openfacts
8020053506429,openfacts
8020053506467,openfacts
8020053506597,openfacts
8020053506603,openfacts
8020053506610,openfacts
8020053506627,openfacts
8020053506634,openfacts
8020053506641,openfacts
8020053506658,openfacts
8020053506665,openfacts
8020053506672,openfacts
8020053506689,openfacts
8020053506702,openfacts
8020053506719,openfacts
8020053506757,openfacts
8020053506771,openfacts
8020053506788,openfacts
8020053506795,openfacts
8020053506801,openfacts
8020053506825,openfacts
8020053506849,openfacts
8020053506856,openfacts
8020053506870,openfacts
8020053506894,openfacts
8020053506900,openfacts
8020053506924,openfacts
8020053506931,openfacts
8020053506948,openfacts
8020053506955,openfacts
8020053506962,openfacts
8020053506979,openfacts
8020053507006,openfacts
8020053507013,openfacts
8020053507020,openfacts
8020053507037,openfacts
8020053507099,openfacts
8020053507105,openfacts
8020053507112,openfacts
8020053507129,openfacts
8020053507136,openfacts
8020053507204,openfacts
8020053507211,openfacts
8020053507259,openfacts
8020053507266,openfacts
8020053507303,openfacts
8020053507365,openfacts
8020053507372,openfacts
8020053507396,openfacts
8020053507402,openfacts
8020053507440,openfacts
8020053507488,openfacts
8020053507518,openfacts
8020053507525,openfacts
8020053507532,openfacts
8020053507549,openfacts
8020053507570,openfacts
8020053507587,openfacts
8020053507624,openfacts
8020053507754,openfacts
8020053507860,openfacts
8020053507914,openfacts
8020053507945,openfacts
8020053507976,openfacts
8020053508164,openfacts
8020053508171,openfacts
8020053508201,openfacts
8020053508263,openfacts
8020053508270,openfacts
8020053508287,openfacts
8020053508584,openfacts
8020053508607,openfacts
8020053508621,openfacts
8020053508669,openfacts
8020053508898,openfacts
8020053508980,openfacts
8020053509048,openfacts
8020053509161,openfacts
8020053509765,openfacts
8020053510099,openfacts
8020053510457,openfacts
8020053510518,openfacts
8020053510822,openfacts
8020064037318,openfacts
8020064038148,openfacts
8020064039022,openfacts
8020064039039,openfacts
8020072827161,openfacts
8020083000218,openfacts
8020083000911,openfacts
8020083002106,openfacts
8020083004209,openfacts
8020083010064,openfacts
8020083010095,openfacts
8020083010101,openfacts
8020083010170,openfacts
8020083040887,openfacts
8020083044533,openfacts
8020083050473,openfacts
8020083111112,openfacts
8020083120183,openfacts
8020083158728,openfacts
8020083160004,openfacts
8020083160707,openfacts
8020083160882,openfacts
8020083160905,openfacts
8020083168529,openfacts
8020083169939,openfacts
8020083170010,openfacts
8020083170423,openfacts
8020083181009,openfacts
8020083202490,openfacts
8020083204739,openfacts
8020083272851,openfacts
8020083272868,openfacts
8020083396540,openfacts
8020083444579,openfacts
8020083445729,openfacts
8020083452116,openfacts
8020083454400,openfacts
8020083555398,openfacts
8020083555985,openfacts
8020083666773,openfacts
8020083687419,openfacts
8020083851230,openfacts
8020083874598,openfacts
8020083874826,openfacts
8020083874871,openfacts
8020083874895,openfacts
8020083913594,openfacts
8020083915130,openfacts
8020083930454,openfacts
8020083959455,openfacts
8020083959554,openfacts
8020083995453,openfacts
8020087150346,openfacts
8020089861035,openfacts
8020095000169,openfacts
8020099006266,openfacts
8020107000231,openfacts
8020107000941,openfacts
8020107020222,openfacts
8020108048546,openfacts
8020108076471,openfacts
8020108091986,openfacts
8020108119505,openfacts
8020108119536,openfacts
8020108123687,openfacts
8020108140936,openfacts
8020108145313,openfacts
8020108145764,openfacts
8020108146785,openfacts
8020108147362,openfacts
8020108154582,openfacts
8020108164451,openfacts
8020108166097,openfacts
8020108614093,openfacts
8020108991125,openfacts
8020114000125,openfacts
8020115201033,openfacts
8020124001136,openfacts
8020124001198,openfacts
8020124002171,openfacts
8020124002393,openfacts
8020124006223,openfacts
8020124006452,openfacts
8020124006469,openfacts
8020124006483,openfacts
8020124006575,openfacts
8020124006605,openfacts
8020124007220,openfacts
8020124007879,openfacts
8020124008036,openfacts
8020124010190,openfacts
8020124011609,openfacts
8020134000020,openfacts
8020141100003,openfacts
8020141100058,openfacts
8020141100096,openfacts
8020141100133,openfacts
8020141100362,openfacts
8020141100379,openfacts
8020141100386,openfacts
8020141100539,openfacts
8020141100546,openfacts
8020141100591,openfacts
8020141100638,openfacts
8020141100645,openfacts
8020141100737,openfacts
8020141100744,openfacts
8020141100843,openfacts
8020141100928,openfacts
8020141100973,openfacts
8020141100997,openfacts
8020141101000,openfacts
8020141101048,openfacts
8020141101062,openfacts
8020141101130,openfacts
8020141101154,openfacts
8020141101376,openfacts
8020141101604,openfacts
8020141102007,openfacts
8020141103004,openfacts
8020141106005,openfacts
8020141108009,openfacts
8020141112006,openfacts
8020141113003,openfacts
8020141114000,openfacts
8020141124009,openfacts
8020141129004,openfacts
8020141148005,openfacts
8020141153009,openfacts
8020141158004,openfacts
8020141202004,openfacts
8020141203001,openfacts
8020141204008,openfacts
8020141205005,openfacts
8020141206002,openfacts
8020141207009,openfacts
8020141214007,openfacts
8020141241003,openfacts
8020141286004,openfacts
8020141524007,openfacts
8020141528005,openfacts
8020141531005,openfacts
8020141533009,openfacts
8020141561002,openfacts
8020141563006,openfacts
8020141630005,openfacts
8020141640004,openfacts
8020141650003,openfacts
8020141660002,openfacts
8020141670001,openfacts
8020141680000,openfacts
8020141700005,openfacts
8020141800002,openfacts
8020141810001,openfacts
8020141870005,openfacts
8020141890003,openfacts
8020141910008,openfacts
8020141930006,openfacts
8020141940005,openfacts
8020151111303,openfacts
8020151111327,openfacts
8020152001412,openfacts
8020152002037,openfacts
8020152002167,openfacts
8020152002457,openfacts
8020152002549,openfacts
8020152002556,openfacts
8020152002570,openfacts
8020152002587,openfacts
8020152002600,openfacts
8020152002624,openfacts
8020152002648,openfacts
8020152002655,openfacts
8020152002686,openfacts
8020152002693,openfacts
8020152002709,openfacts
8020152002716,openfacts
8020152002730,openfacts
8020152002747,openfacts
8020152002761,openfacts
8020152002778,openfacts
8020152002976,openfacts
8020170000923,openfacts
8020170000930,openfacts
8020170000954,openfacts
8020170004334,openfacts
8020170004389,openfacts
8020170007816,openfacts
8020170010199,openfacts
8020170010205,openfacts
8020170010212,openfacts
8020170010229,openfacts
8020170010236,openfacts
8020170010243,openfacts
8020170010250,openfacts
8020170010632,openfacts
8020170012711,openfacts
8020170012766,openfacts
8020170013008,openfacts
8020170013053,openfacts
8020170013077,openfacts
8020170013220,openfacts
8020170013299,openfacts
8020170013305,openfacts
8020170013312,openfacts
8020170013329,openfacts
8020170013435,openfacts
8020170013473,openfacts
8020170013497,openfacts
8020170013589,openfacts
8020170013732,openfacts
8020170013824,openfacts
8020170013930,openfacts
8020170013954,openfacts
8020170013978,openfacts
8020170013985,openfacts
8020170013992,openfacts
8020170014005,openfacts
8020170014104,openfacts
8020170014371,openfacts
8020170014630,openfacts
8020170014647,openfacts
8020170014654,openfacts
8020170014937,openfacts
8020170014982,openfacts
8020170015002,openfacts
8020170015200,openfacts
8020170015484,openfacts
8020170015552,openfacts
8020170500119,openfacts
8020170500126,openfacts
8020170500157,openfacts
8020170500164,openfacts
8020170500171,openfacts
8020170500195,openfacts
8020171000120,openfacts
8020173001026,openfacts
8020177000018,openfacts
8020177000025,openfacts
8020177000032,usda
8020177000063,openfacts
8020177000070,openfacts
8020177000087,openfacts
8020177000094,usda
8020177000100,openfacts
8020177000117,openfacts
8020177000131,openfacts
8020177000148,openfacts
8020177000155,openfacts
8020177000186,openfacts
8020177000216,openfacts
8020177000223,openfacts
8020177000278,openfacts
8020177000285,openfacts
8020177000353,openfacts
8020177000605,openfacts
8020177000629,openfacts
8020177000643,openfacts
8020177000674,openfacts
8020177000698,openfacts
8020177000827,openfacts
8020177000841,openfacts
8020177001015,openfacts
8020177001077,openfacts
8020177001084,openfacts
8020177001091,openfacts
8020177001138,openfacts
8020177001183,openfacts
8020177001190,openfacts
8020177001220,openfacts
8020177001398,openfacts
8020177001411,openfacts
8020177001466,openfacts
8020177001510,openfacts
8020177001572,openfacts
8020177003057,openfacts
8020180700653,openfacts
8020183000019,openfacts
8020196000372,openfacts
8020196000419,openfacts
8020196000433,openfacts
8020196000525,openfacts
8020196000587,openfacts
8020196000860,openfacts
8020196000907,openfacts
8020204314583,openfacts
8020204314606,openfacts
8020204314613,openfacts
8020204314637,openfacts
8020204314644,openfacts
8020204314651,openfacts
8020204314729,openfacts
8020204314835,openfacts
8020204315221,openfacts
8020204321901,openfacts
8020204322298,openfacts
8020204322304,openfacts
8020204322335,openfacts
8020204322342,openfacts
8020204322366,openfacts
8020204322373,openfacts
8020204322380,openfacts
8020204322694,openfacts
8020204322717,openfacts
8020204322915,openfacts
8020204323431,openfacts
8020204323462,openfacts
8020204323714,openfacts
8020204323967,openfacts
8020204324179,openfacts
8020204324186,openfacts
8020204324193,openfacts
8020204324209,openfacts
8020204324216,openfacts
8020204324223,openfacts
8020204324285,openfacts
8020204324292,openfacts
8020204324346,openfacts
8020204324353,openfacts
8020204324377,openfacts
8020204324414,openfacts
8020204324421,openfacts
8020204324438,openfacts
8020204324445,openfacts
8020204324452,openfacts
8020204324483,openfacts
8020204324490,openfacts
8020204325015,openfacts
8020204325046,openfacts
8020204325091,openfacts
8020204325220,openfacts
8020204325251,openfacts
8020204325350,openfacts
8020204325374,openfacts
8020204325381,openfacts
8020204325398,openfacts
8020204325404,openfacts
8020204325466,openfacts
8020204325503,openfacts
8020204325534,openfacts
8020204325558,openfacts
8020204325565,openfacts
8020204325572,openfacts
8020204325602,openfacts
8020204325619,openfacts
8020204325749,openfacts
8020204325923,openfacts
8020204325947,openfacts
8020204325954,openfacts
8020204325978,openfacts
8020204325992,openfacts
8020204326012,openfacts
8020204326234,openfacts
8020204326326,openfacts
8020204326418,openfacts
8020204326760,openfacts
8020204326777,openfacts
8020204326791,openfacts
8020204326814,openfacts
8020204326890,openfacts
8020204326944,openfacts
8020204326968,openfacts
8020204327101,openfacts
8020204327118,openfacts
8020204327125,openfacts
8020204327200,openfacts
8020204327422,openfacts
8020204327439,openfacts
8020204327446,openfacts
8020204327453,openfacts
8020204327576,openfacts
8020204327583,openfacts
8020204327606,openfacts
8020204327613,openfacts
8020204327729,openfacts
8020204327743,openfacts
8020204327750,openfacts
8020204327767,openfacts
8020204327774,openfacts
8020204327781,openfacts
8020204327798,openfacts
8020204327804,openfacts
8020204327811,openfacts
8020204327828,openfacts
8020204327835,openfacts
8020204327842,openfacts
8020204327859,openfacts
8020204327866,openfacts
8020204327873,openfacts
8020204327880,openfacts
8020204327897,openfacts
8020204327910,openfacts
8020204327927,openfacts
8020204327934,openfacts
8020204327941,openfacts
8020204327965,openfacts
8020204328016,openfacts
8020204328023,openfacts
8020204328054,openfacts
8020204328252,openfacts
8020204328344,openfacts
8020204328498,openfacts
8020204328511,openfacts
8020204722722,openfacts
8020205020087,openfacts
8020205449031,openfacts
8020205600036,openfacts
8020205609039,openfacts
8020205770036,openfacts
8020209008005,openfacts
8020209022001,openfacts
8020209022025,openfacts
8020214007017,openfacts
8020220001108,openfacts
8020223735284,openfacts
8020227000166,openfacts
8020227000296,openfacts
8020227010004,openfacts
8020236091049,openfacts
8020238000049,openfacts
8020238110045,openfacts
8020238111059,openfacts
8020238388871,openfacts
8020238500044,openfacts
8020238500051,openfacts
8020238505001,openfacts
8020238700901,openfacts
8020238701274,openfacts
8020238701298,openfacts
8020238701502,openfacts
8020238701526,openfacts
8020238710023,openfacts
8020238870802,openfacts
8020238870819,openfacts
8020238871786,openfacts
8020238872592,openfacts
8020238872622,openfacts
8020238873155,openfacts
8020238873292,openfacts
8020240001744,openfacts
8020240001874,openfacts
8020240003748,openfacts
8020241000951,openfacts
8020241002184,openfacts
8020241003815,openfacts
8020241003839,openfacts
8020241003990,openfacts
8020241004126,openfacts
8020241004676,openfacts
8020241017072,openfacts
8020241017089,openfacts
8020241017096,openfacts
8020241037315,openfacts
8020241050109,openfacts
8020241050147,openfacts
8020241054558,openfacts
8020241054657,openfacts
8020241080069,openfacts
8020241098255,openfacts
8020241098262,openfacts
8020241098279,openfacts
8020241121236,openfacts
8020241121380,openfacts
8020241800094,openfacts
8020241900015,openfacts
8020241900121,openfacts
8020241900138,openfacts
8020241900169,openfacts
8020241900176,openfacts
8020245091276,openfacts
8020245091313,openfacts
8020245100176,openfacts
8020245100633,openfacts
8020245101340,openfacts
8020245104259,openfacts
8020245202740,openfacts
8020245203594,openfacts
8020245705982,openfacts
8020254022537,openfacts
8020254022575,openfacts
8020254310573,openfacts
8020254865363,openfacts
8020255105024,openfacts
8020263000076,openfacts
8020263000311,openfacts
8020263000410,openfacts
8020263000519,openfacts
8020263000588,openfacts
8020263000908,openfacts
8020263001004,openfacts
8020263001011,openfacts
8020263001028,openfacts
8020263001035,openfacts
8020263001158,openfacts
8020263001172,openfacts
8020263001325,openfacts
8020263001677,openfacts
8020263001684,openfacts
8020263001714,openfacts
8020263001776,openfacts
8020263002605,openfacts
8020263002971,openfacts
8020263003022,openfacts
8020263003565,openfacts
8020263003794,openfacts
8020263004081,openfacts
8020263004104,openfacts
8020263004265,openfacts
8020263004272,openfacts
8020263004647,openfacts
8020263004784,openfacts
8020263004845,openfacts
8020263005095,openfacts
8020263005101,openfacts
8020263005491,openfacts
8020263006603,openfacts
8020263006863,openfacts
8020263007266,openfacts
8020263007488,openfacts
8020263008492,openfacts
8020263009567,openfacts
8020263009598,openfacts
8020263009604,openfacts
8020263009734,openfacts
8020263009758,openfacts
8020263009765,openfacts
8020263009857,openfacts
8020263009864,openfacts
8020263009871,openfacts
8020263009901,openfacts
8020269000001,openfacts
8020269010000,openfacts
8020269110502,openfacts
8020269713147,openfacts
8020269733145,openfacts
8020269741140,openfacts
8020269743144,openfacts
8020269810303,openfacts
8020269840508,openfacts
8020272001002,openfacts
8020272040056,openfacts
8020276000018,openfacts
8020277001809,openfacts
8020303000264,openfacts
8020312000156,openfacts
8020312000323,openfacts
8020312000422,openfacts
8020312002518,openfacts
8020312002532,openfacts
8020312002679,openfacts
8020312002723,openfacts
8020312002778,openfacts
8020312003058,openfacts
8020312003065,openfacts
8020312003836,openfacts
8020312003904,openfacts
8020312003911,openfacts
8020312003997,openfacts
8020312004031,openfacts
8020312004062,openfacts
8020312004093,openfacts
8020312004116,openfacts
8020312004192,openfacts
8020312004970,openfacts
8020312005441,openfacts
8020312005489,openfacts
8020312005540,openfacts
8020312005557,openfacts
8020312005564,openfacts
8020312005830,openfacts
8020312006004,openfacts
8020312006196,openfacts
8020312006219,openfacts
8020312006318,openfacts
8020312006493,openfacts
8020312006653,openfacts
8020312007377,openfacts
8020312007919,openfacts
8020312008114,openfacts
8020312008244,openfacts
8020312008251,openfacts
8020312008275,openfacts
8020312008633,openfacts
8020312008695,openfacts
8020312009500,openfacts
8020312009739,openfacts
8020312010049,openfacts
8020312010414,openfacts
8020312010520,openfacts
8020312010858,openfacts
8020312011404,openfacts
8020312011725,openfacts
8020312011732,openfacts
8020312011770,openfacts
8020312012142,openfacts
8020312012166,openfacts
8020312012234,openfacts
8020312012340,openfacts
8020312012364,openfacts
8020312012654,openfacts
8020312012777,openfacts
8020312012784,openfacts
8020312013033,openfacts
8020312013118,openfacts
8020312013514,openfacts
8020312013682,openfacts
8020312014269,openfacts
8020312014283,openfacts
8020312014450,openfacts
8020313002555,openfacts
8020313002609,openfacts
8020313002630,openfacts
8020313005341,openfacts
8020313005464,openfacts
8020313008502,openfacts
8020313008519,openfacts
8020313008540,openfacts
8020320063457,openfacts
8020322000009,openfacts
8020322000061,openfacts
8020322000078,openfacts
8020322000092,openfacts
8020322000139,openfacts
8020322000146,openfacts
8020322000153,openfacts
8020322000320,openfacts
8020322000337,openfacts
8020322000344,openfacts
8020322000351,openfacts
8020322000368,openfacts
8020323100029,openfacts
8020323100036,openfacts
8020323100067,openfacts
8020323100081,openfacts
8020323100098,openfacts
8020323100258,openfacts
8020323100272,openfacts
8020323100531,openfacts
8020323100685,openfacts
8020323100784,openfacts
8020323101019,openfacts
8020323101156,openfacts
8020323101347,openfacts
8020323101606,openfacts
8020323102306,openfacts
8020323102436,openfacts
8020323102443,openfacts
8020323102511,openfacts
8020323102535,openfacts
8020323103570,openfacts
8020323104034,openfacts
8020323104119,openfacts
8020323104317,openfacts
8020323104812,openfacts
8020323104928,openfacts
8020323104935,openfacts
8020323104942,openfacts
8020323105048,openfacts
8020323105260,openfacts
8020323105277,openfacts
8020323105284,openfacts
8020323105291,openfacts
8020323105307,openfacts
8020323105505,openfacts
8020323105628,openfacts
8020323106687,openfacts
8020323107196,openfacts
8020323107363,openfacts
8020323107370,openfacts
8020323107387,openfacts
8020323107677,openfacts
8020334144098,openfacts
8020334318307,openfacts
8020338002806,openfacts
8020340000029,openfacts
8020340000036,openfacts
8020340000128,openfacts
8020340000197,openfacts
8020340000203,openfacts
8020340000227,openfacts
8020340000241,openfacts
8020340000258,openfacts
8020340000289,openfacts
8020340000296,openfacts
8020340000357,openfacts
8020340000388,openfacts
8020340000395,openfacts
8020340000517,openfacts
8020340000531,openfacts
8020340000579,openfacts
8020340000661,openfacts
8020340000746,openfacts
8020340001736,openfacts
8020340001781,openfacts
8020340003297,openfacts
8020340004034,openfacts
8020340004171,openfacts
8020340004195,openfacts
8020340004294,openfacts
8020340004386,openfacts
8020340005017,openfacts
8020340005031,openfacts
8020340005178,openfacts
8020340005192,openfacts
8020340005291,openfacts
8020340005406,openfacts
8020340005697,openfacts
8020340014033,openfacts
8020340014194,openfacts
8020340014293,openfacts
8020340015030,openfacts
8020340015191,openfacts
8020340015252,openfacts
8020340015283,openfacts
8020340015382,openfacts
8020340016013,openfacts
8020340018383,openfacts
8020340019199,openfacts
8020340019298,openfacts
8020340020294,openfacts
8020340023035,openfacts
8020340023196,openfacts
8020340023387,openfacts
8020340026197,openfacts
8020340026296,openfacts
8020340026388,openfacts
8020340027194,openfacts
8020340027293,openfacts
8020340035014,openfacts
8020340041732,openfacts
8020340051335,openfacts
8020340051731,openfacts
8020340051762,openfacts
8020340051779,openfacts
8020340051793,openfacts
8020340051809,openfacts
8020340051823,openfacts
8020340061105,openfacts
8020340065103,openfacts
8020340481828,openfacts
8020369033404,openfacts
8020380000041,openfacts
8020389015565,openfacts
8020408004365,openfacts
8020408004860,openfacts
8020408005065,openfacts
8020408007403,openfacts
8020412185524,openfacts
8020422005010,openfacts
8020423000014,openfacts
8020435001009,openfacts
8020435001023,openfacts
8020438000023,openfacts
8020439000619,openfacts
8020439000695,openfacts
8020439001616,openfacts
8020439001722,openfacts
8020439001951,openfacts
8020439002422,openfacts
8020439002439,openfacts
8020439002965,openfacts
8020439003276,openfacts
8020439003856,openfacts
8020439003863,openfacts
8020439003887,openfacts
8020439003894,openfacts
8020439004358,openfacts
8020439005089,openfacts
8020439005201,openfacts
8020439005423,openfacts
8020439005430,openfacts
8020439005447,openfacts
8020439005515,openfacts
8020439005621,openfacts
8020439005638,openfacts
8020439005645,openfacts
8020439005652,openfacts
8020439005669,openfacts
8020439005898,openfacts
8020439006161,openfacts
8020439006215,openfacts
8020439006222,openfacts
8020439006239,openfacts
8020439006277,openfacts
8020439006338,openfacts
8020439006383,openfacts
8020439006468,openfacts
8020439006482,openfacts
8020439006499,openfacts
8020439006505,openfacts
8020439006512,openfacts
8020439006529,openfacts
8020439006611,openfacts
8020439006635,openfacts
8020439006659,openfacts
8020439006833,openfacts
8020439006864,openfacts
8020439006901,openfacts
8020439006956,openfacts
8020439006987,openfacts
8020439007007,openfacts
8020439007090,openfacts
8020439007144,openfacts
8020439007151,openfacts
8020439007168,openfacts
8020439007830,openfacts
8020439008110,openfacts
8020439008585,openfacts
8020444001021,openfacts
8020444005227,openfacts
8020449100019,openfacts
8020449100026,openfacts
8020449100033,openfacts
8020449100040,openfacts
8020449100057,openfacts
8020449100064,openfacts
8020449100088,openfacts
8020449100118,openfacts
8020449100125,openfacts
8020449100132,openfacts
8020449100255,openfacts
8020449100262,openfacts
8020449100286,openfacts
8020449100330,openfacts
8020449100408,openfacts
8020449200023,openfacts
8020449200061,openfacts
8020449200085,openfacts
8020449200108,openfacts
8020449200122,openfacts
8020449200139,openfacts
8020449200153,openfacts
8020449200269,openfacts
8020449200344,openfacts
8020449200375,openfacts
8020449200436,openfacts
8020449200474,openfacts
8020449300013,openfacts
8020449300020,openfacts
8020449300211,openfacts
8020449300273,openfacts
8020449300297,openfacts
8020449400126,openfacts
8020449400164,openfacts
8020449400171,openfacts
8020449400287,openfacts
8020449400294,openfacts
8020449400324,openfacts
8020449400409,openfacts
8020449400591,openfacts
8020449500024,openfacts
8020449500031,openfacts
8020449700042,openfacts
8020449700073,openfacts
8020449700158,openfacts
8020449700370,openfacts
8020454000120,openfacts
8020454000311,openfacts
8020454000328,openfacts
8020454000489,openfacts
8020454000540,openfacts
8020454000571,openfacts
8020454000618,openfacts
8020454000656,openfacts
8020454000663,openfacts
8020454000687,openfacts
8020454000694,openfacts
8020454000700,openfacts
8020454000908,openfacts
8020454001240,openfacts
8020454001721,openfacts
8020454002032,openfacts
8020454002490,openfacts
8020454002605,openfacts
8020454003312,openfacts
8020454003336,openfacts
8020454003343,openfacts
8020454003916,openfacts
8020454003930,openfacts
8020454004081,openfacts
8020454005163,openfacts
8020454005187,openfacts
8020454005224,openfacts
8020454005248,openfacts
8020454005293,openfacts
8020454005675,openfacts
8020454005927,openfacts
8020454006061,openfacts
8020454006238,openfacts
8020454006320,openfacts
8020454006337,openfacts
8020454006580,openfacts
8020454006603,openfacts
8020454006665,openfacts
8020454006825,openfacts
8020454006894,openfacts
8020454007013,openfacts
8020454007150,openfacts
8020454007327,openfacts
8020454007341,openfacts
8020454007754,openfacts
8020454007792,openfacts
8020454010242,openfacts
8020454010716,openfacts
8020454010778,openfacts
8020454011461,openfacts
8020455000013,openfacts
8020455000020,openfacts
8020455000075,openfacts
8020455000211,openfacts
8020455000808,openfacts
8020455001904,openfacts
8020455002031,openfacts
8020455002161,openfacts
8020455002185,openfacts
8020455002215,openfacts
8020455002314,openfacts
8020455002390,openfacts
8020455003540,openfacts
8020455003694,openfacts
8020455065968,openfacts
8020457444624,openfacts
8020458000010,openfacts
8020458000027,openfacts
8020458000034,openfacts
8020458000195,openfacts
8020458000232,openfacts
8020458000263,openfacts
8020458000270,openfacts
8020458000300,openfacts
8020458000324,openfacts
8020458000348,openfacts
8020458000362,openfacts
8020458000379,openfacts
8020458000409,openfacts
8020458000416,openfacts
8020458000423,openfacts
8020458000430,openfacts
8020458000447,openfacts
8020458000454,openfacts
8020458000461,openfacts
8020458000478,openfacts
8020458000553,openfacts
8020458000560,openfacts
8020458000584,openfacts
8020458000607,openfacts
8020458000638,openfacts
8020458000645,openfacts
8020459000019,openfacts
8020459000217,openfacts
8020459000231,openfacts
8020459000255,openfacts
8020459000477,openfacts
8020459001023,openfacts
8020459001092,openfacts
8020470925384,openfacts
8020472446894,openfacts
8020477000619,openfacts
8020477000626,openfacts
8020477001951,openfacts
8020477021744,openfacts
8020477064840,openfacts
8020477080130,openfacts
8020477100968,openfacts
8020477124186,openfacts
8020477126050,openfacts
8020479001072,openfacts
8020479001553,openfacts
8020481264014,openfacts
8020483000610,openfacts
8020487000142,openfacts
8020487000180,openfacts
8020502025037,openfacts
8020502040030,openfacts
8020502064036,openfacts
8020502085031,openfacts
8020510000231,openfacts
8020517000050,openfacts
8020519001512,openfacts
8020519001567,openfacts
8020519001574,openfacts
8020519001604,openfacts
8020529001441,openfacts
8020529001625,openfacts
8020529002349,openfacts
8020529002660,openfacts
8020529002714,openfacts
8020529002721,openfacts
8020529002738,openfacts
8020529002752,openfacts
8020529002776,openfacts
8020529002783,openfacts
8020529002813,openfacts
8020529002899,openfacts
8020529002981,openfacts
8020529003001,openfacts
8020529003032,openfacts
8020529003049,openfacts
8020529003070,openfacts
8020529003087,openfacts
8020529003131,openfacts
8020529003148,openfacts
8020529003162,openfacts
8020530000129,openfacts
8020530000143,openfacts
8020530000167,openfacts
8020530000822,openfacts
8020530010197,openfacts
8020530320326,openfacts
8020530603207,openfacts
8020533643606,openfacts
8020534000149,openfacts
8020534000156,openfacts
8020534000170,openfacts
8020534000286,openfacts
8020534000316,openfacts
8020534000484,openfacts
8020534000736,openfacts
8020534000835,openfacts
8020534000903,openfacts
8020534000958,openfacts
8020534100153,openfacts
8020534900289,openfacts
8020534900388,openfacts
8020537008425,openfacts
8020537023596,openfacts
8020537023602,openfacts
8020537023619,openfacts
8020537050103,openfacts
8020537118001,openfacts
8020537118605,openfacts
8020537118902,openfacts
8020537123609,openfacts
8020537124200,openfacts
8020537124309,openfacts
8020537124606,openfacts
8020537125504,openfacts
8020537155105,openfacts
8020537163506,openfacts
8020537165500,openfacts
8020537165524,openfacts
8020537170504,openfacts
8020537214208,openfacts
8020537214604,openfacts
8020537220018,openfacts
8020537220209,openfacts
8020537240801,openfacts
8020537241600,openfacts
8020537282504,openfacts
8020537301205,openfacts
8020537301601,openfacts
8020537302301,openfacts
8020537302400,openfacts
8020537303100,openfacts
8020537303308,openfacts
8020537303506,openfacts
8020537303605,openfacts
8020537304503,openfacts
8020537304602,openfacts
8020537304701,openfacts
8020537309102,openfacts
8020537313505,openfacts
8020537355000,openfacts
8020537393507,openfacts
8020537393606,openfacts
8020537394207,openfacts
8020537394306,openfacts
8020537394801,openfacts
8020537411102,openfacts
8020537412000,openfacts
8020537421002,openfacts
8020537422108,openfacts
8020537450507,openfacts
8020537540000,openfacts
8020537550603,openfacts
8020537551501,openfacts
8020537555004,openfacts
8020537640106,openfacts
8020537650105,openfacts
8020537650808,openfacts
8020537655605,openfacts
8020537655704,openfacts
8020537660401,openfacts
8020537663006,openfacts
8020537672107,openfacts
8020537680508,openfacts
8020537681505,openfacts
8020537681901,openfacts
8020537682106,openfacts
8020537682229,openfacts
8020537683004,openfacts
8020537683400,openfacts
8020537683509,openfacts
8020537683608,openfacts
8020537683707,openfacts
8020537730401,openfacts
8020537803501,openfacts
8020537804508,openfacts
8020537837001,openfacts
8020537841305,openfacts
8020537842104,openfacts
8020537910209,openfacts
8020537958010,openfacts
8020542110113,openfacts
8020542110151,openfacts
8020542110212,openfacts
8020542110618,openfacts
8020542110915,openfacts
8020542111011,openfacts
8020542111110,openfacts
8020542112018,openfacts
8020542113015,openfacts
8020542114012,openfacts
8020542115019,openfacts
8020542115217,openfacts
8020542116016,openfacts
8020542116818,openfacts
8020542116917,openfacts
8020542117013,openfacts
8020542118010,openfacts
8020542119017,openfacts
8020542119215,openfacts
8020542119611,openfacts
8020542120518,openfacts
8020542120617,openfacts
8020542120716,openfacts
8020542120815,openfacts
8020542120914,openfacts
8020542121416,openfacts
8020542122017,openfacts
8020542122215,openfacts
8020542123915,openfacts
8020542124011,openfacts
8020542124417,openfacts
8020542131019,openfacts
8020542132016,openfacts
8020542132115,openfacts
8020542132214,openfacts
8020542132511,openfacts
8020542136212,openfacts
8020542143319,openfacts
8020542311015,openfacts
8020542566514,openfacts
8020542566613,openfacts
8020542566712,openfacts
8020542569010,openfacts
8020542569614,openfacts
8020542734715,openfacts
8020542740112,openfacts
8020542740914,openfacts
8020542880412,openfacts
8020550000055,openfacts
8020555101153,openfacts
8020562000104,openfacts
8020562000111,openfacts
8020562000142,openfacts
8020562000159,openfacts
8020562000166,openfacts
8020562000210,openfacts
8020562018604,openfacts
8020562018703,openfacts
8020562122509,openfacts
8020562447718,openfacts
8020562500123,openfacts
8020562552504,openfacts
8020573106345,openfacts
8020577145005,openfacts
8020586010202,openfacts
8020591000069,openfacts
8020591000212,openfacts
8020591005002,openfacts
8020591050019,openfacts
8020591050026,openfacts
8020591050033,openfacts
8020591050040,openfacts
8020591050057,openfacts
8020591050071,openfacts
8020591050118,openfacts
8020591070109,openfacts
8020591070116,openfacts
8020591070123,openfacts
8020591070505,openfacts
8020591070512,openfacts
8020591070529,openfacts
8020591080078,openfacts
8020591100127,openfacts
8020591100158,openfacts
8020591100318,openfacts
8020591100516,openfacts
8020591100530,openfacts
8020591100547,openfacts
8020591102015,openfacts
8020591102039,openfacts
8020591102077,openfacts
8020591102084,openfacts
8020591102091,openfacts
8020591102107,openfacts
8020591255032,openfacts
8020591800010,openfacts
8020591800027,openfacts
8020591800034,openfacts
8020591888889,openfacts
8020591900017,openfacts
8020596010223,openfacts
8020600000370,openfacts
8020600000424,openfacts
8020600000462,openfacts
8020600001216,openfacts
8020600002053,openfacts
8020605036534,openfacts
8020605060287,openfacts
8020605153538,openfacts
8020605181241,openfacts
8020605285239,openfacts
8020605380712,openfacts
8020605380750,openfacts
8020605384819,openfacts
8020605385366,openfacts
8020605386431,openfacts
8020605386776,openfacts
8020605386899,openfacts
8020605386912,openfacts
8020605389630,openfacts
8020605423242,openfacts
8020619000019,openfacts
8020619000026,openfacts
8020619000033,openfacts
8020619000040,openfacts
8020619000132,openfacts
8020619000156,openfacts
8020619000187,openfacts
8020619000200,openfacts
8020619000217,openfacts
8020619000224,openfacts
8020619000231,openfacts
8020619000293,openfacts
8020619000309,openfacts
8020619000330,openfacts
8020619000347,openfacts
8020619000354,openfacts
8020619000859,openfacts
8020619000866,openfacts
8020619005120,openfacts
8020621200049,openfacts
8020621201015,openfacts
8020622000105,openfacts
8020622000204,openfacts
8020622000303,openfacts
8020622000709,openfacts
8020622000723,openfacts
8020622032038,openfacts
8020622111115,openfacts
8020622123484,openfacts
8020622844112,openfacts
8020622863212,openfacts
8020622932031,openfacts
8020622999911,openfacts
8020622999928,openfacts
8020622999935,openfacts
8020641000360,openfacts
8020648000011,openfacts
8020648000103,openfacts
8020659110020,openfacts
8020659111249,openfacts
8020675004495,openfacts
8020676000021,openfacts
8020676000038,openfacts
8020676000069,openfacts
8020676000083,openfacts
8020676000090,openfacts
8020676000120,openfacts
8020676000137,openfacts
8020676000205,openfacts
8020676000212,openfacts
8020676000229,openfacts
8020676000250,openfacts
8020676000274,openfacts
8020676000281,openfacts
8020676000304,openfacts
8020676000403,openfacts
8020676000502,openfacts
8020676000519,openfacts
8020676000526,openfacts
8020676000533,openfacts
8020676000540,openfacts
8020676000564,openfacts
8020676000588,openfacts
8020676000595,openfacts
8020676000601,openfacts
8020676000991,openfacts
8020676100004,openfacts
8020679053673,openfacts
8020682201108,openfacts
8020685002672,openfacts
8020685006489,openfacts
8020685006816,openfacts
8020685006861,openfacts
8020685006878,openfacts
8020685007356,openfacts
8020685007363,openfacts
8020685007370,openfacts
8020685007400,openfacts
8020685007875,openfacts
8020685007882,openfacts
8020685007899,openfacts
8020685008148,openfacts
8020685008339,openfacts
8020685008391,openfacts
8020685008926,openfacts
8020685008933,openfacts
8020685009206,openfacts
8020685010233,openfacts
8020685010608,openfacts
8020685010714,openfacts
8020685010738,openfacts
8020685010752,openfacts
8020685010776,openfacts
8020685010929,openfacts
8020685010998,openfacts
8020685011179,openfacts
8020685011261,openfacts
8020685011339,openfacts
8020685011629,openfacts
8020685011834,openfacts
8020685011841,openfacts
8020685012176,openfacts
8020685012183,openfacts
8020685012749,openfacts
8020685015986,openfacts
8020685017102,openfacts
8020685017256,openfacts
8020685017515,openfacts
8020685019755,openfacts
8020686120054,openfacts
8020686120108,openfacts
8020686400071,openfacts
8020686700126,openfacts
8020686900014,openfacts
8020686900076,openfacts
8020687015939,openfacts
8020687967337,openfacts
8020687967351,openfacts
8020687967368,openfacts
8020687967412,openfacts
8020689095717,openfacts
8020689095786,openfacts
8020693000035,openfacts
8020693000097,openfacts
8020693000141,openfacts
8020693000158,openfacts
8020693000400,openfacts
8020693000677,openfacts
8020693070090,openfacts
8020693070106,openfacts
8020693070137,openfacts
8020693070496,openfacts
8020693070564,openfacts
8020693071028,openfacts
8020693071080,openfacts
8020693100445,openfacts
8020693100711,openfacts
8020693100728,openfacts
8020693100735,openfacts
8020693100803,openfacts
8020693100872,openfacts
8020693100889,openfacts
8020693110000,openfacts
8020693110017,openfacts
8020693140007,openfacts
8020693140014,openfacts
8020693170431,openfacts
8020693230012,openfacts
8020693230029,openfacts
8020693230036,openfacts
8020693230050,openfacts
8020693230104,openfacts
8020702103054,openfacts
8020702161504,openfacts
8020702403017,openfacts
8020731001468,openfacts
8020731001567,openfacts
8020731001666,openfacts
8020731014048,openfacts
8020731034046,openfacts
8020731050794,openfacts
8020731085710,openfacts
8020731133046,openfacts
8020735000221,openfacts
8020735000238,openfacts
8020735000337,openfacts
8020735000443,openfacts
8020735001006,openfacts
8020735008005,openfacts
8020735009002,openfacts
8020735012002,openfacts
8020735037005,openfacts
8020737000113,openfacts
8020737004012,openfacts
8020737004043,openfacts
8020737004104,openfacts
8020740059160,openfacts
8020740059436,openfacts
8020740059498,openfacts
8020740059818,openfacts
8020740066731,openfacts
8020740090309,openfacts
8020740100206,openfacts
8020744000014,openfacts
8020744000090,openfacts
8020744000113,openfacts
8020744000120,openfacts
8020746000005,openfacts
8020754000059,openfacts
8020754000066,openfacts
8020754000073,openfacts
8020754000110,openfacts
8020754000134,openfacts
8020754000141,openfacts
8020754001346,openfacts
8020754001391,openfacts
8020754001407,openfacts
8020754003074,openfacts
8020754003494,openfacts
8020754003623,openfacts
8020754003807,openfacts
8020754003944,openfacts
8020754003951,openfacts
8020754003968,openfacts
8020754004026,openfacts
8020758000017,openfacts
8020758000024,openfacts
8020758000055,openfacts
8020758000086,openfacts
8020772011211,openfacts
8020772012515,openfacts
8020772017299,openfacts
8020772018005,openfacts
8020772018067,openfacts
8020775033258,openfacts
8020775037706,openfacts
8020775040768,openfacts
8020775040874,openfacts
8020776120285,openfacts
8020776230281,openfacts
8020776230328,openfacts
8020776440079,openfacts
8020776490012,openfacts
8020776600060,openfacts
8020776620044,openfacts
8020776620242,openfacts
8020776690016,openfacts
8020776700050,openfacts
8020776700074,openfacts
8020776700111,openfacts
8020776710028,openfacts
8020776730019,openfacts
8020776800026,openfacts
8020776800514,openfacts
8020776802020,openfacts
8020776802150,openfacts
8020776803010,openfacts
8020776803096,openfacts
8020776803485,openfacts
8020776803515,openfacts
8020788100015,openfacts
8020788143005,openfacts
8020788200012,openfacts
8020788473003,openfacts
8020803000603,openfacts
8020803001006,openfacts
8020803001273,openfacts
8020803001419,openfacts
8020803001723,openfacts
8020803002058,openfacts
8020803002072,openfacts
8020803002102,openfacts
8020803002119,openfacts
8020803002133,openfacts
8020803002331,openfacts
8020803002508,openfacts
8020804100210,openfacts
8020804100227,openfacts
8020804104003,openfacts
8020804104010,openfacts
8020804105789,openfacts
8020804105796,openfacts
8020804105840,openfacts
8020804105857,openfacts
8020804105864,openfacts
8020804105871,openfacts
8020804105888,openfacts
8020804105901,openfacts
8020804105918,openfacts
8020804105925,openfacts
8020804105932,openfacts
8020804107202,openfacts
8020804107288,openfacts
8020804108025,openfacts
8020804108322,openfacts
8020804111131,openfacts
8020810503395,openfacts
8020819000055,openfacts
8020819000062,openfacts
8020819000079,openfacts
8020819000093,openfacts
8020819000147,openfacts
8020819000185,openfacts
8020819000222,openfacts
8020819000239,openfacts
8020819000307,openfacts
8020819000314,openfacts
8020819000338,openfacts
8020819000345,openfacts
8020819000437,openfacts
8020819000444,openfacts
8020819000451,openfacts
8020819000642,openfacts
8020819001014,openfacts
8020819006231,openfacts
8020819006286,openfacts
8020819008082,openfacts
8020819008112,openfacts
8020819008143,openfacts
8020819008365,openfacts
8020819008396,openfacts
8020819008501,openfacts
8020819008518,openfacts
8020819008761,openfacts
8020819009003,openfacts
8020819009522,openfacts
8020819009645,openfacts
8020819009676,openfacts
8020819009683,openfacts
8020819009706,openfacts
8020819009713,openfacts
8020819009720,openfacts
8020819009737,openfacts
8020819009744,openfacts
8020819009768,openfacts
8020819009782,openfacts
8020819009867,openfacts
8020819009904,openfacts
8020819009911,openfacts
8020819009928,openfacts
8020831000019,openfacts
8020847035050,openfacts
8020847101427,openfacts
8020847101953,openfacts
8020847103056,openfacts
8020847103759,openfacts
8020847103995,openfacts
8020847105098,openfacts
8020847105210,openfacts
8020847105340,openfacts
8020847105470,openfacts
8020860000011,openfacts
8020864129442,openfacts
8020876000609,openfacts
8020876001743,openfacts
8020876001750,openfacts
8020876001774,openfacts
8020877116743,openfacts
8020878501005,openfacts
8020881000007,openfacts
8020886001085,openfacts
8020886200006,openfacts
8020886400000,openfacts
8020886530004,openfacts
8020886600004,openfacts
8020889070019,openfacts
8020889070026,openfacts
8020889070088,openfacts
8020889800333,openfacts
8020889800906,openfacts
8020889802122,openfacts
8020890000272,openfacts
8020890000289,openfacts
8020890000296,openfacts
8020890000326,openfacts
8020890000333,openfacts
8020890000340,openfacts
8020890000357,openfacts
8020896050035,openfacts
8020896100327,openfacts
8020910003047,openfacts
8020915000010,openfacts
8020915000744,openfacts
8020915200205,openfacts
8020915600029,openfacts
8020923000163,openfacts
8020923000170,openfacts
8020923000200,openfacts
8020923000279,openfacts
8020923000415,openfacts
8020923000422,openfacts
8020923000439,openfacts
8020923000446,openfacts
8020924001008,openfacts
8020924100008,openfacts
8020924150003,openfacts
8020924170001,openfacts
8020924190009,openfacts
8020924200005,openfacts
8020924280007,openfacts
8020924300002,openfacts
8020924500006,openfacts
8020924520004,openfacts
8020924530003,openfacts
8020924580008,openfacts
8020924600003,openfacts
8020924610002,openfacts
8020924690004,openfacts
8020924700000,openfacts
8020924860001,openfacts
8020924910003,openfacts
8020924940000,openfacts
8020924950009,openfacts
8020926000016,openfacts
8020926000054,openfacts
8020926000085,openfacts
8020926000214,openfacts
8020926000344,openfacts
8020926000351,openfacts
8020926000368,openfacts
8020926000443,openfacts
8020926000719,openfacts
8020926000771,openfacts
8020926000917,openfacts
8020926000924,openfacts
8020926000986,openfacts
8020926001020,openfacts
8020926001068,openfacts
8020926001075,openfacts
8020926001082,openfacts
8020926001099,openfacts
8020926001105,openfacts
8020926001129,openfacts
8020926001150,openfacts
8020926001174,openfacts
8020926001181,openfacts
8020926001198,openfacts
8020926001235,openfacts
8020926001709,openfacts
8020926001716,openfacts
8020926002195,openfacts
8020926002430,openfacts
8020926002447,openfacts
8020926002454,openfacts
8020926002485,openfacts
8020926002492,openfacts
8020926002539,openfacts
8020926002768,openfacts
8020926002812,openfacts
8020926002867,openfacts
8020926002980,openfacts
8020926003604,openfacts
8020927000077,openfacts
8020927000206,openfacts
8020927000213,openfacts
8020927000787,openfacts
8020927000831,openfacts
8020927000909,openfacts
8020927000923,openfacts
8020927001111,openfacts
8020927001487,openfacts
8020927001494,openfacts
8020927001500,openfacts
8020927001548,openfacts
8020927001555,openfacts
8020927001616,openfacts
8020927001760,openfacts
8020927001784,openfacts
8020927001982,openfacts
8020927002132,openfacts
8020927002149,openfacts
8020927002170,openfacts
8020927002194,openfacts
8020927002262,openfacts
8020927002316,openfacts
8020927002385,openfacts
8020927002477,openfacts
8020927002484,openfacts
8020927002736,openfacts
8020927002873,openfacts
8020927003023,openfacts
8020927120096,openfacts
8020927120102,openfacts
8020927120119,openfacts
8020927120188,openfacts
8020927120379,openfacts
8020927120492,openfacts
8020927120676,openfacts
8020927120737,openfacts
8020927120744,openfacts
8020927120768,openfacts
8020927120799,openfacts
8020927120836,openfacts
8020927120843,openfacts
8020927120997,openfacts
8020929111016,openfacts
8020929111856,openfacts
8020929111894,openfacts
8020929112303,openfacts
8020929112457,openfacts
8020929112617,openfacts
8020929112624,openfacts
8020929112679,openfacts
8020929112853,openfacts
8020929113034,openfacts
8020929113157,openfacts
8020929113300,openfacts
8020929113317,openfacts
8020929113669,openfacts
8020929113676,openfacts
8020931030190,openfacts
8020931034174,openfacts
8020931037397,openfacts
8020931037991,openfacts
8020931038257,openfacts
8020931039605,openfacts
8020931039728,openfacts
8020931040205,openfacts
8020931040229,openfacts
8020931040236,openfacts
8020931040243,openfacts
8020931040410,openfacts
8020931040656,openfacts
8020931040663,openfacts
8020931040670,openfacts
8020931040939,openfacts
8020931040946,openfacts
8020931040953,openfacts
8020931040960,openfacts
8020931040977,openfacts
8020931040984,openfacts
8020931042513,openfacts
8020931043671,openfacts
8020931043688,openfacts
8020931043718,openfacts
8020931043831,openfacts
8020931043886,openfacts
8020931043909,openfacts
8020931044364,openfacts
8020931044494,openfacts
8020931046085,openfacts
8020931047259,openfacts
8020931047921,openfacts
8020931049017,openfacts
8020931090026,openfacts
8020936043355,openfacts
8020945000011,openfacts
8020947000118,openfacts
8020947000613,openfacts
8020947000736,openfacts
8020947000934,openfacts
8020947001351,openfacts
8020947002860,openfacts
8020950000440,openfacts
8020950000631,openfacts
8020950004011,openfacts
8020950004318,openfacts
8020950008071,openfacts
8020950008408,openfacts
8020950008910,openfacts
8020962005150,openfacts
8020962007260,openfacts
8020985000101,openfacts
8020985000156,openfacts
8020985000859,openfacts
8020985000903,openfacts
8020985120403,openfacts
8020985130303,openfacts
8020985368225,openfacts
8020985433329,openfacts
8020997011010,openfacts
8020997011089,openfacts
8020997012246,openfacts
8020999000012,openfacts
8020999000043,openfacts
8020999000081,openfacts
8020999000135,openfacts
8020999000173,openfacts
8020999000203,openfacts
8020999000234,openfacts
8020999000241,openfacts
8020999000289,openfacts
8020999000319,openfacts
8020999000333,openfacts
8020999000340,openfacts
8020999000357,openfacts
8020999000517,openfacts
8020999000524,openfacts
8020999000531,openfacts
8020999000654,openfacts
8020999000661,openfacts
8020999000678,openfacts
8020999000821,openfacts
8020999000838,openfacts
8020999000920,openfacts
8020999000951,openfacts
8020999000968,openfacts
8020999010134,openfacts
8020999010141,openfacts
8020999010226,openfacts
8020999010288,openfacts
8020999010356,openfacts
8021003500047,openfacts
8021003500092,openfacts
8021003500115,openfacts
8021003500122,openfacts
8021003500139,openfacts
8021003500153,openfacts
8021003500160,openfacts
8021003500177,openfacts
8021003500184,openfacts
8021003500221,openfacts
8021003500238,openfacts
8021003500252,openfacts
8021003500276,openfacts
8021003500290,openfacts
8021003500306,openfacts
8021003500320,openfacts
8021003500399,openfacts
8021003500405,openfacts
8021003500481,openfacts
8021003500528,openfacts
8021003500542,openfacts
8021003500566,openfacts
8021003500610,openfacts
8021003500627,openfacts
8021003500634,openfacts
8021003500641,openfacts
8021003500658,openfacts
8021003500665,openfacts
8021003500672,openfacts
8021003500788,openfacts
8021003500795,openfacts
8021003500818,openfacts
8021003500832,openfacts
8021003500856,openfacts
8021003500870,openfacts
8021003500948,openfacts
8021003500955,openfacts
8021003500993,openfacts
8021003501006,openfacts
8021003501020,openfacts
8021003501037,openfacts
8021003501082,openfacts
8021003501136,openfacts
8021003501143,openfacts
8021003501181,openfacts
8021003501198,openfacts
8021003501204,openfacts
8021003501211,openfacts
8021003501228,openfacts
8021003501235,openfacts
8021003501242,openfacts
8021003501266,openfacts
8021003501273,openfacts
8021003501297,openfacts
8021003501310,openfacts
8021003501334,openfacts
8021003501341,openfacts
8021003501365,openfacts
8021003501389,openfacts
8021003501501,openfacts
8021003501587,openfacts
8021003501624,openfacts
8021003501877,openfacts
8021003501884,openfacts
8021003501891,openfacts
8021003502119,openfacts
8021003502126,openfacts
8021003502133,openfacts
8021003502157,openfacts
8021003502164,openfacts
8021003502171,openfacts
8021003502188,openfacts
8021003502195,openfacts
8021003502201,openfacts
8021003502225,openfacts
8021003502232,openfacts
8021003502249,openfacts
8021003502256,openfacts
8021003502287,openfacts
8021003502492,openfacts
8021003502522,openfacts
8021003502539,openfacts
8021004223891,openfacts
8021004651366,openfacts
8021008000092,openfacts
8021008000139,openfacts
8021008000160,openfacts
8021008000177,openfacts
8021008000184,openfacts
8021008000276,openfacts
8021008000696,openfacts
8021008020007,openfacts
8021008030006,openfacts
8021018000020,openfacts
8021018000099,openfacts
8021018000280,openfacts
8021018000303,openfacts
8021018000310,openfacts
8021018000365,openfacts
8021018001218,openfacts
8021018001690,openfacts
8021018002932,openfacts
8021018003113,openfacts
8021018003311,openfacts
8021018003328,openfacts
8021018003335,openfacts
8021018003366,openfacts
8021018003373,openfacts
8021018003380,openfacts
8021018003434,openfacts
8021018003489,openfacts
8021018003526,openfacts
8021018003564,openfacts
8021018003571,openfacts
8021018003595,openfacts
8021018003601,openfacts
8021018003649,openfacts
8021018003717,openfacts
8021018003755,openfacts
8021018003847,openfacts
8021018003885,openfacts
8021018004271,openfacts
8021018004288,openfacts
8021018004295,openfacts
8021018004585,openfacts
8021018004639,openfacts
8021018004820,openfacts
8021018004905,openfacts
8021018004998,openfacts
8021018005018,openfacts
8021018005025,openfacts
8021018005261,openfacts
8021018005414,openfacts
8021018005421,openfacts
8021018005490,openfacts
8021018005520,openfacts
8021018005735,openfacts
8021018005834,openfacts
8021018005872,openfacts
8021018005902,openfacts
8021018005940,openfacts
8021018006008,openfacts
8021018006015,openfacts
8021018006114,openfacts
8021018006138,openfacts
8021018006220,openfacts
8021018006305,openfacts
8021018006312,openfacts
8021018006336,openfacts
8021018006398,openfacts
8021018006435,openfacts
8021018006602,openfacts
8021018006619,openfacts
8021018006633,openfacts
8021018006640,openfacts
8021018006657,openfacts
8021018006664,openfacts
8021018006695,openfacts
8021018006701,openfacts
8021018006725,openfacts
8021018006756,openfacts
8021018006770,openfacts
8021018006800,openfacts
8021018006879,openfacts
8021019000012,openfacts
8021019000227,openfacts
8021022000122,openfacts
8021022000344,openfacts
8021022000399,openfacts
8021022000429,openfacts
8021022000696,openfacts
8021022001440,openfacts
8021022001464,openfacts
8021022001730,openfacts
8021022001747,openfacts
8021022001754,openfacts
8021022001761,openfacts
8021022001778,openfacts
8021022001792,openfacts
8021022001815,openfacts
8021022001839,openfacts
8021022001860,openfacts
8021022004540,openfacts
8021022006759,openfacts
8021022006810,openfacts
8021022006841,openfacts
8021022006858,openfacts
8021022007237,openfacts
8021022007251,openfacts
8021022007473,openfacts
8021022007480,openfacts
8021022007497,openfacts
8021022007503,openfacts
8021022007510,openfacts
8021022007527,openfacts
8021022007534,openfacts
8021022007541,openfacts
8021022007558,openfacts
8021022007565,openfacts
8021022007572,openfacts
8021022007589,openfacts
8021022007633,openfacts
8021022007640,openfacts
8021022007657,openfacts
8021022007664,openfacts
8021022007671,openfacts
8021022007695,openfacts
8021022007701,openfacts
8021022007718,openfacts
8021022007787,openfacts
8021022007794,openfacts
8021022007800,openfacts
8021022007817,openfacts
8021022007916,openfacts
8021022008029,openfacts
8021022008173,openfacts
8021022008609,openfacts
8021022008616,openfacts
8021022009507,openfacts
8021022009545,openfacts
8021022009552,openfacts
8021022009569,openfacts
8021022009613,openfacts
8021022009651,openfacts
8021028000652,openfacts
8021028001000,openfacts
8021028001024,openfacts
8021033000531,openfacts
8021033000623,openfacts
8021033001101,openfacts
8021033005116,openfacts
8021033005123,openfacts
8021033005475,openfacts
8021033006038,openfacts
8021033006243,openfacts
8021033006342,openfacts
8021033006441,openfacts
8021033006502,openfacts
8021033007318,openfacts
8021036000040,openfacts
8021036000071,openfacts
8021036100337,openfacts
8021036100412,openfacts
8021036101259,openfacts
8021036101501,openfacts
8021048000212,openfacts
8021048000939,openfacts
8021053000061,openfacts
8021055116739,openfacts
8021059113338,openfacts
8021066004889,openfacts
8021066013713,openfacts
8021066018626,openfacts
8021066058813,openfacts
8021066310041,openfacts
8021066310058,openfacts
8021066310065,openfacts
8021066310072,openfacts
8021066310089,openfacts
8021066310096,openfacts
8021066310102,openfacts
8021066326776,openfacts
8021066330179,openfacts
8021066330285,openfacts
8021066330438,openfacts
8021066330445,openfacts
8021066330452,openfacts
8021066368912,openfacts
8021066600067,openfacts
8021066600197,openfacts
8021066600258,openfacts
8021066600524,openfacts
8021066600579,openfacts
8021066600586,openfacts
8021066600685,openfacts
8021066600746,openfacts
8021066601040,openfacts
8021066601224,openfacts
8021066601255,openfacts
8021066601309,openfacts
8021066601422,openfacts
8021066601569,openfacts
8021066601583,openfacts
8021066602023,openfacts
8021066603068,openfacts
8021066603358,openfacts
8021066845673,openfacts
8021077800012,openfacts
8021082000209,openfacts
8021083003872,openfacts
8021083003889,openfacts
8021083004718,openfacts
8021083530019,openfacts
8021083915304,openfacts
8021091000047,openfacts
8021091000269,openfacts
8021092350448,openfacts
8021092432007,openfacts
8021092435701,openfacts
8021092436012,openfacts
8021092436029,openfacts
8021092436043,openfacts
8021092436050,openfacts
8021092436074,openfacts
8021092436197,openfacts
8021092436449,openfacts
8021092436548,openfacts
8021092436807,openfacts
8021092436814,openfacts
8021092436838,openfacts
8021092436937,openfacts
8021092437484,openfacts
8021092437491,openfacts
8021092437507,openfacts
8021092437903,openfacts
8021092509396,openfacts
8021098270665,openfacts
8021098270672,openfacts
8021098775146,openfacts
8021099000063,openfacts
8021099000186,openfacts
8021099000216,openfacts
8021099000278,openfacts
8021099000315,openfacts
8021099000322,openfacts
8021099000346,openfacts
8021099000759,openfacts
8021099001138,openfacts
8021099002258,openfacts
8021103700026,openfacts
8021103700033,openfacts
8021103700262,openfacts
8021103700705,openfacts
8021103701207,openfacts
8021103704291,openfacts
8021103704390,openfacts
8021103705687,openfacts
8021103705694,openfacts
8021103705717,openfacts
8021103705847,openfacts
8021103710971,openfacts
8021103717451,openfacts
8021103720918,openfacts
8021103782572,openfacts
8021103790188,openfacts
8021103790256,openfacts
8021103790638,openfacts
8021103792090,openfacts
8021105000636,openfacts
8021110101274,openfacts
8021110250002,openfacts
8021110250033,openfacts
8021110250149,openfacts
8021110252501,openfacts
8021110302503,openfacts
8021110302510,openfacts
8021110305009,openfacts
8021110550065,openfacts
8021112009004,openfacts
8021112009134,openfacts
8021115287652,openfacts
8021115290102,openfacts
8021115290119,openfacts
8021115290188,openfacts
8021115290195,openfacts
8021115290201,openfacts
8021115290218,openfacts
8021115290225,openfacts
8021115290232,openfacts
8021115290249,openfacts
8021115290256,openfacts
8021115290263,openfacts
8021115290270,openfacts
8021115290287,openfacts
8021115290294,openfacts
8021115290300,openfacts
8021115290317,openfacts
8021115290324,openfacts
8021115290331,openfacts
8021115290348,openfacts
8021115290355,openfacts
8021115290362,openfacts
8021115291321,openfacts
8021115291338,openfacts
8021115291888,openfacts
8021115292045,openfacts
8021115292502,openfacts
8021115292533,openfacts
8021115292540,openfacts
8021115292557,openfacts
8021115292564,openfacts
8021115292595,openfacts
8021115292731,openfacts
8021115292755,openfacts
8021115292762,openfacts
8021115292779,openfacts
8021115292786,openfacts
8021115292915,openfacts
8021115292953,openfacts
8021115292991,openfacts
8021115293271,openfacts
8021122921709,openfacts
8021129000056,openfacts
8021129000063,openfacts
8021129003002,openfacts
8021129004009,openfacts
8021132001101,openfacts
8021142075055,openfacts
8021143000087,openfacts
8021143000469,openfacts
8021146012261,openfacts
8021157007003,openfacts
8021157007010,openfacts
8021157007027,openfacts
8021157007034,openfacts
8021157007041,openfacts
8021163999996,openfacts
8021164001018,openfacts
8021164001070,openfacts
8021164001124,openfacts
8021164001186,openfacts
8021164002213,openfacts
8021164002688,openfacts
8021164002695,openfacts
8021164002930,openfacts
8021164003012,openfacts
8021164003036,openfacts
8021164003050,openfacts
8021164003128,openfacts
8021164003227,openfacts
8021164003241,openfacts
8021164003531,openfacts
8021164003562,openfacts
8021164003579,openfacts
8021164003586,openfacts
8021164004101,openfacts
8021164004125,openfacts
8021164004149,openfacts
8021164004217,openfacts
8021164005023,openfacts
8021164005474,openfacts
8021164006150,openfacts
8021164008116,openfacts
8021164008130,openfacts
8021164008147,openfacts
8021164008154,openfacts
8021164008543,openfacts
8021164008567,openfacts
8021164008611,openfacts
8021164008628,openfacts
8021164012021,openfacts
8021164012090,openfacts
8021164012205,openfacts
8021164012229,openfacts
8021164012236,openfacts
8021164012243,openfacts
8021164012380,openfacts
8021164013172,openfacts
8021164013196,openfacts
8021164013202,openfacts
8021164013295,openfacts
8021164013325,openfacts
8021164013615,openfacts
8021164013653,openfacts
8021167000742,openfacts
8021167001626,openfacts
8021174770959,openfacts
8021174772014,openfacts
8021174772038,openfacts
8021174777019,openfacts
8021174777026,openfacts
8021174777057,openfacts
8021174777071,openfacts
8021174777217,openfacts
8021174777224,openfacts
8021174777637,openfacts
8021174777651,openfacts
8021174777699,openfacts
8021174777842,openfacts
8021174777910,openfacts
8021175004107,openfacts
8021175004138,openfacts
8021175006743,openfacts
8021175007368,openfacts
8021175007672,openfacts
8021175008105,openfacts
8021179073109,openfacts
8021179083054,openfacts
8021179093107,openfacts
8021179103059,openfacts
8021179113058,openfacts
8021179401001,openfacts
8021179602101,openfacts
8021179632108,openfacts
8021182383752,openfacts
8021182411202,openfacts
8021182503778,openfacts
8021184010212,openfacts
8021190000757,openfacts
8021190000979,openfacts
8021190001464,openfacts
8021190002027,openfacts
8021190002188,openfacts
8021190002959,openfacts
8021202000041,openfacts
8021202000058,openfacts
8021202121005,openfacts
8021202122002,openfacts
8021202123009,openfacts
8021202123450,openfacts
8021202123467,openfacts
8021202131004,openfacts
8021202132001,openfacts
8021202133008,openfacts
8021202142000,openfacts
8021202143014,openfacts
8021202151002,openfacts
8021202152009,openfacts
8021202161001,openfacts
8021202219009,openfacts
8021212000536,openfacts
8021212000963,openfacts
8021212001007,openfacts
8021212001175,openfacts
8021212001212,openfacts
8021228000001,openfacts
8021228001688,openfacts
8021228110007,openfacts
8021228110014,openfacts
8021228210004,openfacts
8021228310001,openfacts
8021228310018,openfacts
8021228310025,openfacts
8021228310056,openfacts
8021228310063,openfacts
8021228310131,openfacts
8021228310148,openfacts
8021228310155,openfacts
8021228310179,openfacts
8021228310285,openfacts
8021228410015,openfacts
8021228410053,openfacts
8021228410077,openfacts
8021228410084,openfacts
8021228410091,openfacts
8021228410138,openfacts
8021228410206,openfacts
8021228410305,openfacts
8021228410459,openfacts
8021228410466,openfacts
8021228410473,openfacts
8021228410480,openfacts
8021228410497,openfacts
8021228410503,openfacts
8021228410510,openfacts
8021228410527,openfacts
8021228410596,openfacts
8021228430006,openfacts
8021228430013,openfacts
8021228430037,openfacts
8021228430044,openfacts
8021228510012,openfacts
8021228700024,openfacts
8021228700048,openfacts
8021228700055,openfacts
8021228700062,openfacts
8021228800007,openfacts
8021228800014,openfacts
8021228800021,openfacts
8021228800052,openfacts
8021228800236,openfacts
8021228900431,openfacts
8021228900486,openfacts
8021228901049,openfacts
8021228901056,openfacts
8021228901070,openfacts
8021228901322,openfacts
8021228901339,openfacts
8021228901346,openfacts
8021228901360,openfacts
8021228901452,openfacts
8021228901476,openfacts
8021228901483,openfacts
8021228901513,openfacts
8021228901643,openfacts
8021228901650,openfacts
8021228901667,openfacts
8021228901674,openfacts
8021228901681,openfacts
8021228901698,openfacts
8021228901735,openfacts
8021228901803,openfacts
8021228901810,openfacts
8021228901834,openfacts
8021228901858,openfacts
8021228901872,openfacts
8021228901919,openfacts
8021228901926,openfacts
8021228901933,openfacts
8021228901940,openfacts
8021228901964,openfacts
8021228902046,openfacts
8021228902077,openfacts
8021228902152,openfacts
8021228902169,openfacts
8021228902176,openfacts
8021228902237,openfacts
8021228902268,openfacts
8021228902275,openfacts
8021228902282,openfacts
8021228902299,openfacts
8021228902343,openfacts
8021228902350,openfacts
8021228902367,openfacts
8021228902374,openfacts
8021228902381,openfacts
8021228902398,openfacts
8021228902404,openfacts
8021228902428,openfacts
8021228902435,openfacts
8021228902442,openfacts
8021228902459,openfacts
8021228902466,openfacts
8021228902480,openfacts
8021228902497,openfacts
8021228902503,openfacts
8021228902510,openfacts
8021228902541,openfacts
8021228902596,openfacts
8021228902619,openfacts
8021228902626,openfacts
8021228902633,openfacts
8021228902640,openfacts
8021228902671,openfacts
8021228902688,openfacts
8021228902725,openfacts
8021228902824,openfacts
8021228902862,openfacts
8021228902879,openfacts
8021228902886,openfacts
8021228902978,openfacts
8021228902992,openfacts
8021228903005,openfacts
8021228903029,openfacts
8021228903135,openfacts
8021228903142,openfacts
8021228903296,openfacts
8021230000013,openfacts
8021230000037,openfacts
8021230000044,openfacts
8021230000136,openfacts
8021230000143,openfacts
8021230000150,openfacts
8021230000242,openfacts
8021230000266,openfacts
8021230000297,openfacts
8021230000303,openfacts
8021230000372,openfacts
8021230000433,openfacts
8021230000464,openfacts
8021230001119,openfacts
8021230021018,openfacts
8021230026013,openfacts
8021230030010,openfacts
8021230030034,openfacts
8021230030331,openfacts
8021230030416,openfacts
8021230030713,openfacts
8021230030812,openfacts
8021230030911,openfacts
8021230031017,openfacts
8021230031031,openfacts
8021230031314,openfacts
8021230031536,openfacts
8021230031611,openfacts
8021230031635,openfacts
8021230031819,openfacts
8021230031918,openfacts
8021230032014,openfacts
8021230032113,openfacts
8021230032311,openfacts
8021230034018,openfacts
8021230034315,openfacts
8021230034711,openfacts
8021230038016,openfacts
8021230038115,openfacts
8021230038214,openfacts
8021230051015,openfacts
8021230055013,openfacts
8021230058212,openfacts
8021230060017,openfacts
8021230092018,openfacts
8021235020368,openfacts
8021235021365,openfacts
8021235026513,openfacts
8021235030091,openfacts
8021235030107,openfacts
8021240910012,openfacts
8021241000088,openfacts
8021241000200,openfacts
8021241000385,openfacts
8021241000637,openfacts
8021241001085,openfacts
8021241001214,openfacts
8021241001320,openfacts
8021241001870,openfacts
8021241003355,openfacts
8021241003638,openfacts
8021241004628,openfacts
8021241004710,openfacts
8021241005014,openfacts
8021241005199,openfacts
8021241006875,openfacts
8021241006882,openfacts
8021241006912,openfacts
8021241006943,openfacts
8021241006998,openfacts
8021241007094,openfacts
8021241007261,openfacts
8021241008619,openfacts
8021241008657,openfacts
8021241008985,openfacts
8021241008992,openfacts
8021241009098,openfacts
8021241009326,openfacts
8021241009890,openfacts
8021241010384,openfacts
8021241010421,openfacts
8021241010889,openfacts
8021241012012,openfacts
8021241012166,openfacts
8021241012616,openfacts
8021241012968,openfacts
8021241013101,openfacts
8021241018502,openfacts
8021241018519,openfacts
8021241018533,openfacts
8021241018540,openfacts
8021241018557,openfacts
8021241018595,openfacts
8021251001068,openfacts
8021251001136,openfacts
8021251001518,openfacts
8021255810970,openfacts
8021256000127,openfacts
8021256001124,openfacts
8021256008123,openfacts
8021256010126,openfacts
8021256030124,openfacts
8021256067229,openfacts
8021256070120,openfacts
8021256080129,openfacts
8021256080990,openfacts
8021256448011,openfacts
8021264000416,openfacts
8021268001839,openfacts
8021274001007,usda
8021274003025,openfacts
8021274005029,openfacts
8021274006026,openfacts
8021274008013,openfacts
8021274008020,openfacts
8021274009010,openfacts
8021274026000,openfacts
8021274041003,openfacts
8021274041010,openfacts
8021274043014,openfacts
8021274049009,openfacts
8021274070010,openfacts
8021274070102,openfacts
8021277990094,openfacts
8021284000014,openfacts
8021284000137,openfacts
8021284000144,openfacts
8021284006016,openfacts
8021284006023,openfacts
8021284006030,openfacts
8021284555019,openfacts
8021284555026,openfacts
8021284888988,openfacts
8021284888995,openfacts
8021284999042,openfacts
8021289100221,openfacts
8021299004007,openfacts
8021299004069,openfacts
8021299005202,openfacts
8021299219906,openfacts
8021299990140,openfacts
8021299990157,openfacts
8021299990195,openfacts
8021299990249,openfacts
8021299992366,openfacts
8021299992373,openfacts
8021299992380,openfacts
8021299992403,openfacts
8021299992427,openfacts
8021299992502,openfacts
8021299992526,openfacts
8021299992540,openfacts
8021299992571,openfacts
8021299992588,openfacts
8021299992595,openfacts
8021299992601,openfacts
8021299992649,openfacts
8021299992656,openfacts
8021299992663,openfacts
8021299992670,openfacts
8021299992816,openfacts
8021299992977,openfacts
8021299992991,openfacts
8021299993004,openfacts
8021299993035,openfacts
8021311002493,openfacts
8021311005043,openfacts
8021314000038,openfacts
8021314000083,openfacts
8021314000328,openfacts
8021314000458,openfacts
8021314000472,openfacts
8021314000557,openfacts
8021314001233,openfacts
8021314200018,openfacts
8021314400111,openfacts
8021314600016,openfacts
8021320001517,openfacts
8021320002507,openfacts
8021321070710,openfacts
8021321080719,openfacts
8021321130018,openfacts
8021321210215,openfacts
8021321550014,openfacts
8021321730218,openfacts
8021321800010,openfacts
8021324000400,openfacts
8021324000929,openfacts
8021324000998,openfacts
8021324001018,openfacts
8021324001094,openfacts
8021324001292,openfacts
8021324001438,openfacts
8021324001568,openfacts
8021324001582,openfacts
8021324002053,openfacts
8021324070021,openfacts
8021324070083,openfacts
8021324099442,openfacts
8021327000018,openfacts
8021327000070,openfacts
8021327000094,openfacts
8021327000179,openfacts
8021327000254,openfacts
8021327000339,openfacts
8021327000506,openfacts
8021327000520,openfacts
8021327000612,openfacts
8021327000629,openfacts
8021327001206,openfacts
8021327001237,openfacts
8021327001299,openfacts
8021327001503,openfacts
8021327001602,openfacts
8021327001657,openfacts
8021339000051,openfacts
8021339000082,openfacts
8021339000150,openfacts
8021339000167,openfacts
8021339000198,openfacts
8021339000297,openfacts
8021339000303,openfacts
8021339000310,openfacts
8021339000327,openfacts
8021339000334,openfacts
8021339000365,openfacts
8021339000389,openfacts
8021339000433,openfacts
8021339000440,openfacts
8021339000457,openfacts
8021339000495,openfacts
8021339000587,openfacts
8021339000600,openfacts
8021339000631,openfacts
8021339000747,openfacts
8021339000808,openfacts
8021339000839,openfacts
8021339000846,openfacts
8021339000860,openfacts
8021339024668,openfacts
8021339478522,openfacts
8021339900047,openfacts
8021341000353,openfacts
8021346000006,openfacts
8021346002000,openfacts
8021346004165,openfacts
8021346008002,openfacts
8021346008972,openfacts
8021346010098,openfacts
8021346100430,openfacts
8021346304814,openfacts
8021346647348,openfacts
8021346923831,openfacts
8021346923855,openfacts
8021349011016,openfacts
8021349011023,openfacts
8021349011054,openfacts
8021349013539,openfacts
8021349018527,openfacts
8021349018534,openfacts
8021349018558,openfacts
8021349018596,openfacts
8021349019654,openfacts
8021351023007,openfacts
8021354004423,openfacts
8021354004447,openfacts
8021354004515,openfacts
8021354004713,openfacts
8021354004799,openfacts
8021354004805,openfacts
8021354004850,openfacts
8021354004959,openfacts
8021354005079,openfacts
8021354005086,openfacts
8021354005529,openfacts
8021354005604,openfacts
8021354005611,openfacts
8021354005772,openfacts
8021354005789,openfacts
8021354006229,openfacts
8021354006236,openfacts
8021354006458,openfacts
8021354006519,openfacts
8021354006533,openfacts
8021354006540,openfacts
8021354006601,openfacts
8021354006700,openfacts
8021354006724,openfacts
8021354006816,openfacts
8021354006830,openfacts
8021354006847,openfacts
8021354006908,openfacts
8021354007028,openfacts
8021354007110,openfacts
8021354007745,openfacts
8021360000006,openfacts
8021360000235,openfacts
8021360003410,openfacts
8021360026068,openfacts
8021367000108,openfacts
8021374123418,openfacts
8021374123449,openfacts
8021374123463,openfacts
8021374423457,openfacts
8021374423464,openfacts
8021374423488,openfacts
8021374423532,openfacts
8021382033013,openfacts
8021386080525,openfacts
8021389001015,openfacts
8021389001022,openfacts
8021389443891,openfacts
8021393110208,openfacts
8021398256703,openfacts
8021398256802,openfacts
8021398300208,openfacts
8021398300260,openfacts
8021398300550,openfacts
8021398300666,openfacts
8021398301038,openfacts
8021398301267,openfacts
8021398301274,openfacts
8021398301304,openfacts
8021398301397,openfacts
8021398301403,openfacts
8021398301427,openfacts
8021398301434,openfacts
8021398301472,openfacts
8021398301496,openfacts
8021398301526,openfacts
8021398301557,openfacts
8021398301571,openfacts
8021398301588,openfacts
8021398301793,openfacts
8021398301809,openfacts
8021398301939,openfacts
8021398302004,openfacts
8021398303025,openfacts
8021398303056,openfacts
8021398303117,openfacts
8021398303193,openfacts
8021398303223,openfacts
8021398303254,openfacts
8021398303285,openfacts
8021398303322,openfacts
8021398303476,openfacts
8021398303513,openfacts
8021398400014,openfacts
8021398400021,openfacts
8021398400069,openfacts
8021398443882,openfacts
8021398443899,openfacts
8021398443905,openfacts
8021398443912,openfacts
8021398443936,openfacts
8021398443967,openfacts
8021398443974,openfacts
8021398443998,openfacts
8021398444032,openfacts
8021398444070,openfacts
8021398444599,openfacts
8021398500028,openfacts
8021398500042,openfacts
8021398500066,openfacts
8021398553338,openfacts
8021417000751,openfacts
8021417000775,openfacts
8021417000942,openfacts
8021417001505,openfacts
8021417001512,openfacts
8021417001529,openfacts
8021417001550,openfacts
8021417001604,openfacts
8021417001611,openfacts
8021417001628,openfacts
8021417001635,openfacts
8021417001659,openfacts
8021417001666,openfacts
8021417001857,openfacts
8021417001888,openfacts
8021417001987,openfacts
8021417001994,openfacts
8021417002007,openfacts
8021417002021,openfacts
8021417002199,openfacts
8021417002205,openfacts
8021417002250,openfacts
8021417002311,openfacts
8021417002434,openfacts
8021417002441,openfacts
8021417002458,openfacts
8021417002618,openfacts
8021417002625,openfacts
8021417002649,openfacts
8021417002656,openfacts
8021417002885,openfacts
8021417002908,openfacts
8021417002915,openfacts
8021417003042,openfacts
8021417003257,openfacts
8021417003288,openfacts
8021417004025,openfacts
8021417004513,openfacts
8021417004582,openfacts
8021417006098,openfacts
8021417006111,openfacts
8021417006135,openfacts
8021417006142,openfacts
8021417006159,openfacts
8021417006173,openfacts
8021417006180,openfacts
8021417006227,openfacts
8021417006289,openfacts
8021417006395,openfacts
8021417007033,openfacts
8021417007088,openfacts
8021417007156,openfacts
8021417007163,openfacts
8021417007170,openfacts
8021417007187,openfacts
8021417007194,openfacts
8021417007200,openfacts
8021417007330,openfacts
8021418530103,openfacts
8021418600202,openfacts
8021423000318,openfacts
8021423000783,openfacts
8021423001315,openfacts
8021423001322,openfacts
8021423001360,openfacts
8021423001674,openfacts
8021423001704,openfacts
8021423001827,openfacts
8021423002053,openfacts
8021423002237,openfacts
8021423002480,openfacts
8021423002572,openfacts
8021423002602,openfacts
8021423002633,openfacts
8021423003463,openfacts
8021423004255,openfacts
8021423004378,openfacts
8021423004651,openfacts
8021423005948,openfacts
8021423006464,openfacts
8021423007218,openfacts
8021423007256,openfacts
8021423007263,openfacts
8021423007362,openfacts
8021423008260,openfacts
8021423008673,openfacts
8021423009465,openfacts
8021423011024,openfacts
8021423011031,openfacts
8021423011048,openfacts
8021423011055,openfacts
8021423011345,openfacts
8021423011499,openfacts
8021423011758,openfacts
8021423012175,openfacts
8021423013387,openfacts
8021423013400,openfacts
8021423013486,openfacts
8021423013820,openfacts
8021423014346,openfacts
8021423014377,openfacts
8021423014445,openfacts
8021423014582,openfacts
8021423014605,openfacts
8021423014667,openfacts
8021423014674,openfacts
8021423014988,openfacts
8021423015107,openfacts
8021423015206,openfacts
8021423015336,openfacts
8021423015398,openfacts
8021423015596,openfacts
8021423015640,openfacts
8021423015695,openfacts
8021423015947,openfacts
8021423488468,openfacts
8021424001284,openfacts
8021424001314,openfacts
8021424001321,openfacts
8021424117015,openfacts
8021424315008,openfacts
8021425002020,openfacts
8021425074508,openfacts
8021425103604,openfacts
8021425308801,openfacts
8021427001502,openfacts
8021427001519,openfacts
8021427003728,openfacts
8021436460086,openfacts
8021437029206,openfacts
8021437219201,openfacts
8021437221204,openfacts
8021437223208,openfacts
8021437263501,openfacts
8021437965207,openfacts
8021439000050,openfacts
8021439000067,openfacts
8021439000203,openfacts
8021439000227,openfacts
8021439000234,openfacts
8021439999200,openfacts
8021439999224,openfacts
8021444601037,openfacts
8021444602539,openfacts
8021444604540,openfacts
8021444604694,openfacts
8021444606025,openfacts
8021444606032,openfacts
8021444607015,openfacts
8021444609019,openfacts
8021444609026,openfacts
8021444804575,openfacts
8021444804698,openfacts
8021444804711,openfacts
8021444807002,openfacts
8021444809006,openfacts
8021444809112,openfacts
8021444901007,openfacts
8021457000018,openfacts
8021457009219,openfacts
8021457009455,openfacts
8021457011137,openfacts
8021457100114,openfacts
8021459004762,openfacts
8021459012132,openfacts
8021459012149,openfacts
8021459012156,openfacts
8021459012187,openfacts
8021459012200,openfacts
8021459012835,openfacts
8021459013115,openfacts
8021459013641,openfacts
8021459014372,openfacts
8021459014853,openfacts
8021459019667,openfacts
8021459019971,openfacts
8021459020809,openfacts
8021459020816,openfacts
8021459020830,openfacts
8021459020847,openfacts
8021459034073,openfacts
8021459034080,openfacts
8021459034530,openfacts
8021459034769,openfacts
8021459035018,openfacts
8021459035056,openfacts
8021459035070,openfacts
8021459035100,openfacts
8021459035117,openfacts
8021459035162,openfacts
8021459035179,openfacts
8021459035186,openfacts
8021459035216,openfacts
8021459040265,openfacts
8021459040289,openfacts
8021459045345,openfacts
8021459050301,openfacts
8021459067514,openfacts
8021459067521,openfacts
8021459067644,openfacts
8021459068207,openfacts
8021459068900,openfacts
8021465000017,openfacts
8021465000048,openfacts
8021465000062,openfacts
8021465000086,openfacts
8021465000178,openfacts
8021465000215,openfacts
8021465000246,openfacts
8021465000253,openfacts
8021465000291,openfacts
8021465000307,openfacts
8021465000321,openfacts
8021465000468,openfacts
8021465001205,openfacts
8021465001328,openfacts
8021465001335,openfacts
8021465001342,openfacts
8021465001397,openfacts
8021465001427,openfacts
8021465001434,openfacts
8021465001502,openfacts
8021465001519,openfacts
8021465001526,openfacts
8021465001533,openfacts
8021465001557,openfacts
8021465001564,openfacts
8021465001588,openfacts
8021465001625,openfacts
8021465001649,openfacts
8021465001656,openfacts
8021465001670,openfacts
8021465001694,openfacts
8021465001724,openfacts
8021465001762,openfacts
8021465001809,openfacts
8021465001830,openfacts
8021465001946,openfacts
8021465001953,openfacts
8021465001960,openfacts
8021465001977,openfacts
8021465001984,openfacts
8021465002004,openfacts
8021465002028,openfacts
8021465002035,openfacts
8021465002172,openfacts
8021465003513,openfacts
8021465003636,openfacts
8021465004008,openfacts
8021485001742,openfacts
8021493325298,openfacts
8021507714667,openfacts
8021507719624,openfacts
8021507739608,openfacts
8021515400743,openfacts
8021519000062,openfacts
8021519000574,openfacts
8021519000789,openfacts
8021519000895,openfacts
8021519000956,openfacts
8021519000963,openfacts
8021548034564,openfacts
8021548035820,openfacts
8021548040084,openfacts
8021548045270,openfacts
8021548045706,openfacts
8021548045720,openfacts
8021548100054,openfacts
8021548104083,openfacts
8021548109774,openfacts
8021548110114,openfacts
8021548110121,openfacts
8021548112446,openfacts
8021548113917,openfacts
8021548120670,openfacts
8021548142399,openfacts
8021548150097,openfacts
8021548167057,openfacts
8021548210982,openfacts
8021548221322,openfacts
8021550579701,openfacts
8021559002095,openfacts
8021559003023,openfacts
8021559003047,openfacts
8021559003108,openfacts
8021559003191,openfacts
8021559003221,openfacts
8021559003238,openfacts
8021559003252,openfacts
8021559003580,openfacts
8021559006017,openfacts
8021559006031,openfacts
8021559009377,openfacts
8021559009384,openfacts
8021572000207,openfacts
8021573010656,openfacts
8021573010854,openfacts
8021573010908,openfacts
8021573660158,openfacts
8021573660806,openfacts
8021573700304,openfacts
8021573990019,openfacts
8021573990118,openfacts
8021578450334,openfacts
8021580000176,openfacts
8021580000800,openfacts
8021580000817,openfacts
8021580001029,openfacts
8021580001074,openfacts
8021580001111,openfacts
8021580001401,openfacts
8021580001593,openfacts
8021580001678,openfacts
8021580001814,openfacts
8021580001821,openfacts
8021580001968,openfacts
8021580001982,openfacts
8021580002057,openfacts
8021580002125,openfacts
8021580002170,openfacts
8021580002255,openfacts
8021580002293,openfacts
8021580002538,openfacts
8021581000830,openfacts
8021581010365,openfacts
8021581010631,openfacts
8021581010730,openfacts
8021581040058,openfacts
8021581040515,openfacts
8021581040522,openfacts
8021581040539,openfacts
8021581040812,openfacts
8021581040911,openfacts
8021581040935,openfacts
8021581040942,openfacts
8021581040959,openfacts
8021581040966,openfacts
8021581040980,openfacts
8021581041901,openfacts
8021581045190,openfacts
8021581050170,openfacts
8021581080504,openfacts
8021581080658,openfacts
8021581090022,openfacts
8021581090039,openfacts
8021581090251,openfacts
8021581090350,openfacts
8021581100011,openfacts
8021581100028,openfacts
8021581100059,openfacts
8021581100554,openfacts
8021581110034,openfacts
8021581110096,openfacts
8021581110263,openfacts
8021581110461,openfacts
8021581110478,openfacts
8021581110485,openfacts
8021581110492,openfacts
8021581110652,openfacts
8021581110768,openfacts
8021581110782,openfacts
8021581110799,openfacts
8021581110805,openfacts
8021581110812,openfacts
8021581110829,openfacts
8021581110836,openfacts
8021581110935,openfacts
8021581110959,openfacts
8021581110966,openfacts
8021581112052,openfacts
8021581112304,openfacts
8021581112359,openfacts
8021581112403,openfacts
8021581112502,openfacts
8021581113011,openfacts
8021581113028,openfacts
8021581113318,openfacts
8021581113325,openfacts
8021581113332,openfacts
8021581113363,openfacts
8021581120057,openfacts
8021581140017,openfacts
8021581140024,openfacts
8021581180013,openfacts
8021581180211,openfacts
8021581180228,openfacts
8021581180259,openfacts
8021581180266,openfacts
8021581180273,openfacts
8021581180280,openfacts
8021581180297,openfacts
8021581180327,openfacts
8021581180716,openfacts
8021581180761,openfacts
8021581180815,openfacts
8021581180853,openfacts
8021581180877,openfacts
8021581180884,openfacts
8021581180952,openfacts
8021581180969,openfacts
8021581180976,openfacts
8021581180983,openfacts
8021581210017,openfacts
8021581210024,openfacts
8021581210031,openfacts
8021581210109,openfacts
8021581210208,openfacts
8021581210253,openfacts
8021581210260,openfacts
8021581220108,openfacts
8021581220153,openfacts
8021581220207,openfacts
8021581220252,openfacts
8021581220306,openfacts
8021581220351,openfacts
8021581220405,openfacts
8021581220504,openfacts
8021581220559,openfacts
8021581230053,openfacts
8021581230060,openfacts
8021581230077,openfacts
8021581230107,openfacts
8021581230251,openfacts
8021581230305,openfacts
8021581250051,openfacts
8021581250105,openfacts
8021581260050,openfacts
8021581270011,openfacts
8021581280010,openfacts
8021581290019,openfacts
8021581310021,openfacts
8021581310052,openfacts
8021581310892,openfacts
8021581320013,openfacts
8021581320051,openfacts
8021581350058,openfacts
8021581390023,openfacts
8021581400159,openfacts
8021581400203,openfacts
8021581500125,openfacts
8021581500132,openfacts
8021581500170,openfacts
8021581500460,openfacts
8021581500521,openfacts
8021581500583,openfacts
8021581500606,openfacts
8021581500613,openfacts
8021581500620,openfacts
8021581500637,openfacts
8021581500644,openfacts
8021581500651,openfacts
8021581500682,openfacts
8021581500712,openfacts
8021581600047,openfacts
8021581600092,openfacts
8021581600559,openfacts
8021581600610,openfacts
8021581710012,openfacts
8021581710050,openfacts
8021581710067,openfacts
8021581710098,openfacts
8021581710104,openfacts
8021581710159,openfacts
8021581710203,openfacts
8021581900352,openfacts
8021591005191,openfacts
8021602100129,openfacts
8021602100150,openfacts
8021602100174,openfacts
8021602100198,openfacts
8021602100204,openfacts
8021602100266,openfacts
8021602100709,openfacts
8021602100907,openfacts
8021602100921,openfacts
8021602101317,openfacts
8021602101379,openfacts
8021602101485,openfacts
8021602101607,openfacts
8021602101966,openfacts
8021602102147,openfacts
8021602102215,openfacts
8021602102246,openfacts
8021602103175,openfacts
8021602121308,openfacts
8021602150001,openfacts
8021602150018,openfacts
8021602150025,openfacts
8021616000033,openfacts
8021616000064,openfacts
8021616000071,openfacts
8021616000118,openfacts
8021616000125,openfacts
8021616000163,openfacts
8021616000200,openfacts
8021616000255,openfacts
8021616000361,openfacts
8021616000415,openfacts
8021616000477,openfacts
8021616000576,openfacts
8021616000613,openfacts
8021616000620,openfacts
8021616000637,openfacts
8021616000842,openfacts
8021616000859,openfacts
8021616000873,openfacts
8021616001658,openfacts
8021616001740,openfacts
8021616001757,openfacts
8021616001764,openfacts
8021616001818,openfacts
8021616001856,openfacts
8021616002013,openfacts
8021616002174,openfacts
8021644300105,openfacts
8021644500109,openfacts
8021644500314,openfacts
8021644500550,openfacts
8021644600106,openfacts
8021644600205,openfacts
8021644600304,openfacts
8021644600403,openfacts
8021644600502,openfacts
8021644600601,openfacts
8021644601004,openfacts
8021658000015,openfacts
8021658000022,openfacts
8021670025324,openfacts
8021671070248,openfacts
8021676020866,openfacts
8021676021436,openfacts
8021680168004,openfacts
8021681060055,openfacts
8021681109006,openfacts
8021681109051,openfacts
8021681113027,openfacts
8021681121008,openfacts
8021681134008,openfacts
8021681135005,openfacts
8021681630425,openfacts
8021685012364,openfacts
8021685012401,openfacts
8021685012609,openfacts
8021685012692,openfacts
8021685600035,openfacts
8021694126168,openfacts
8021694330374,openfacts
8021699011049,openfacts
8021705097036,openfacts
8021708100016,openfacts
8021708100368,openfacts
8021708101112,openfacts
8021708411419,openfacts
8021708411426,openfacts
8021708500328,openfacts
8021708500908,openfacts
8021708512345,openfacts
8021708915009,openfacts
8021708936738,openfacts
8021709000032,openfacts
8021709000216,openfacts
8021709001695,openfacts
8021709001787,openfacts
8021709003002,openfacts
8021716000018,openfacts
8021716000049,openfacts
8021716000124,openfacts
8021716000209,openfacts
8021716000421,openfacts
8021716000681,openfacts
8021716001039,openfacts
8021716001152,openfacts
8021716900011,openfacts
8021719001340,openfacts
8021719002019,openfacts
8021722000033,openfacts
8021722000064,openfacts
8021722000309,openfacts
8021722000903,openfacts
8021722000910,openfacts
8021731025744,openfacts
8021731168939,openfacts
8021731331531,openfacts
8021731508506,openfacts
8021731508605,openfacts
8021731931113,openfacts
8021731931182,openfacts
8021733200019,openfacts
8021733200026,openfacts
8021733200040,openfacts
8021733200057,openfacts
8021733200071,openfacts
8021733200224,openfacts
8021733210032,openfacts
8021733210049,openfacts
8021733210056,openfacts
8021733210162,openfacts
8021733210292,openfacts
8021733211152,openfacts
8021733213460,openfacts
8021733220017,openfacts
8021733220154,openfacts
8021733222325,openfacts
8021733222332,openfacts
8021733226675,openfacts
8021733227603,openfacts
8021733227610,openfacts
8021733230085,openfacts
8021733240015,openfacts
8021733240299,openfacts
8021733240312,openfacts
8021733240329,openfacts
8021733250472,openfacts
8021733250557,openfacts
8021733250786,openfacts
8021733250793,openfacts
8021733250892,openfacts
8021733251189,openfacts
8021733251349,openfacts
8021733260068,openfacts
8021733260075,openfacts
8021733280301,openfacts
8021733280325,openfacts
8021734052006,openfacts
8021734100158,openfacts
8021745006968,openfacts
8021745007026,openfacts
8021745007040,openfacts
8021745007248,openfacts
8021745007811,openfacts
8021745008443,openfacts
8021745008986,openfacts
8021745009488,openfacts
8021745011160,openfacts
8021745011344,openfacts
8021745051937,openfacts
8021745054464,openfacts
8021745999871,openfacts
8021756001167,openfacts
8021756001389,openfacts
8021756001679,openfacts
8021769100208,openfacts
8021769100260,openfacts
8021769100390,openfacts
8021769100420,openfacts
8021769100499,openfacts
8021775002008,openfacts
8021775003654,openfacts
8021775008994,openfacts
8021780075011,openfacts
8021786443234,openfacts
8021786445290,openfacts
8021803311041,openfacts
8021814001191,openfacts
8021835000425,openfacts
8021835000807,openfacts
8021835000920,openfacts
8021835000937,openfacts
8021835001446,openfacts
8021846122024,openfacts
8021850006495,openfacts
8021850006501,openfacts
8021850006594,openfacts
8021850008390,openfacts
8021850008413,openfacts
8021850008529,openfacts
8021850010355,openfacts
8021850010584,openfacts
8021850010607,openfacts
8021850010614,openfacts
8021850010713,openfacts
8021850010744,openfacts
8021850010775,openfacts
8021850010805,openfacts
8021850010812,openfacts
8021850010829,openfacts
8021850010836,openfacts
8021850010843,openfacts
8021850010867,openfacts
8021850010881,openfacts
8021850010911,openfacts
8021850011031,openfacts
8021850011048,openfacts
8021850011055,openfacts
8021850011093,openfacts
8021850011147,openfacts
8021850011222,openfacts
8021850011345,openfacts
8021850011437,openfacts
8021850011444,openfacts
8021850011451,openfacts
8021850011604,openfacts
8021850011727,openfacts
8021850011826,openfacts
8021850012397,openfacts
8021850016746,openfacts
8021850018399,openfacts
8021850019259,openfacts
8021850020033,openfacts
8021850020224,openfacts
8021850022662,openfacts
8021851100017,openfacts
8021851100031,openfacts
8021851100086,openfacts
8021851100093,openfacts
8021851100192,openfacts
8021851100215,openfacts
8021851100253,openfacts
8021851100277,openfacts
8021851100284,openfacts
8021851100291,openfacts
8021851100307,openfacts
8021851100314,openfacts
8021851100338,openfacts
8021851100345,openfacts
8021851100413,openfacts
8021851100420,openfacts
8021851100550,openfacts
8021851100604,openfacts
8021851100611,openfacts
8021851100628,openfacts
8021851100635,openfacts
8021851100642,openfacts
8021851100659,openfacts
8021851100666,openfacts
8021851100673,openfacts
8021851100680,openfacts
8021851100697,openfacts
8021851100727,openfacts
8021851100734,openfacts
8021851100772,openfacts
8021851100789,openfacts
8021851100796,openfacts
8021851100802,openfacts
8021851100819,openfacts
8021851100826,openfacts
8021851100857,openfacts
8021851100864,openfacts
8021851100871,openfacts
8021851100918,openfacts
8021851100949,openfacts
8021851100970,openfacts
8021851200168,openfacts
8021851200175,openfacts
8021851200182,openfacts
8021851200199,openfacts
8021851200373,openfacts
8021851200380,openfacts
8021851200397,openfacts
8021851200403,openfacts
8021851200502,openfacts
8021851200519,openfacts
8021851200526,openfacts
8021851200564,openfacts
8021851200571,openfacts
8021851600005,openfacts
8021851600012,openfacts
8021851600029,openfacts
8021851600036,openfacts
8021851600043,openfacts
8021851600050,openfacts
8021851600074,openfacts
8021851600081,openfacts
8021851600098,openfacts
8021851600104,openfacts
8021851600111,openfacts
8021851600128,openfacts
8021851600135,openfacts
8021851600142,openfacts
8021851600159,openfacts
8021851600203,openfacts
8021851600227,openfacts
8021851600241,openfacts
8021851600272,openfacts
8021851600296,openfacts
8021851600319,openfacts
8021851600340,openfacts
8021851600418,openfacts
8021851800009,openfacts
8021851800016,openfacts
8021851800023,openfacts
8021851800030,openfacts
8021851800047,openfacts
8021851800054,openfacts
8021851800061,openfacts
8021851800085,openfacts
8021851800092,openfacts
8021851900075,openfacts
8021851900129,openfacts
8021851900624,openfacts
8021851900723,openfacts
8021851900730,openfacts
8021851901553,openfacts
8021851901867,openfacts
8021851901874,openfacts
8021851901911,openfacts
8021851902031,openfacts
8021851902048,openfacts
8021851902055,openfacts
8021851902062,openfacts
8021851902079,openfacts
8021851902086,openfacts
8021851902352,openfacts
8021851902413,openfacts
8021851902499,openfacts
8021851902505,openfacts
8021851902512,openfacts
8021851902529,openfacts
8021851902581,openfacts
8021851902604,openfacts
8021851902611,openfacts
8021851902697,openfacts
8021851902703,openfacts
8021851902741,openfacts
8021851902765,openfacts
8021851902789,openfacts
8021851902796,openfacts
8021851902802,openfacts
8021851902864,openfacts
8021851902895,openfacts
8021851903212,openfacts
8021851903229,openfacts
8021851903236,openfacts
8021851903243,openfacts
8021851903250,openfacts
8021851903267,openfacts
8021851903700,openfacts
8021851903809,openfacts
8021851903854,openfacts
8021851903892,openfacts
8021851904110,openfacts
8021855000023,openfacts
8021855000030,openfacts
8021860000209,openfacts
8021860000223,openfacts
8021860022089,openfacts
8021860022157,openfacts
8021860033023,openfacts
8021867000035,openfacts
8021869010209,openfacts
8021869010216,openfacts
8021869010223,openfacts
8021869010261,openfacts
8021869010407,openfacts
8021869010421,openfacts
8021871102305,openfacts
8021877000308,openfacts
8021886309966,openfacts
8021887000022,openfacts
8021887000251,openfacts
8021896010210,openfacts
8021896011415,openfacts
8021896012023,openfacts
8021896014812,openfacts
8021896022015,openfacts
8021896030713,openfacts
8021896031314,openfacts
8021896058519,openfacts
8021896348214,openfacts
8021898000066,openfacts
8021898000073,openfacts
8021898022143,openfacts
8021898035143,openfacts
8021898035167,openfacts
8021898050276,openfacts
8021904003111,openfacts
8021904057114,openfacts
8021904206116,openfacts
8021904304119,openfacts
8021904306113,openfacts
8021904317119,openfacts
8021904320119,openfacts
8021904320614,openfacts
8021904326111,openfacts
8021904341114,openfacts
8021904346119,openfacts
8021904350116,openfacts
8021904355111,openfacts
8021904356118,openfacts
8021904363116,openfacts
8021904368111,openfacts
8021904502119,openfacts
8021904515119,openfacts
8021904527112,openfacts
8021904620110,openfacts
8021904838119,openfacts
8021907000025,openfacts
8021907000032,openfacts
8021907000070,openfacts
8021907000087,openfacts
8021907000100,openfacts
8021907000124,openfacts
8021907000186,openfacts
8021907000247,openfacts
8021907000254,openfacts
8021907000292,openfacts
8021907000308,openfacts
8021907000346,openfacts
8021907000490,openfacts
8021907000506,openfacts
8021907000704,openfacts
8021907000872,openfacts
8021907001398,openfacts
8021908000109,openfacts
8021908000116,openfacts
8021908000161,openfacts
8021913000026,openfacts
8021913000132,openfacts
8021913000279,openfacts
8021913000286,openfacts
8021917001128,openfacts
8021921000841,openfacts
8021921001367,openfacts
8021936000355,openfacts
8021953000031,openfacts
8021953000062,openfacts
8021953000130,openfacts
8021955030012,openfacts
8021955140506,openfacts
8021960015004,openfacts
8021960017008,openfacts
8021960025003,openfacts
8021960035002,openfacts
8021963000021,openfacts
8021975005045,openfacts
8021975008077,openfacts
8021976000049,openfacts
8021976000513,openfacts
8021976001022,openfacts
8021976477667,openfacts
8021977001014,openfacts
8021977001236,openfacts
8021977001861,openfacts
8021977008785,openfacts
8021977008808,openfacts
8021977009416,openfacts
8021977010290,openfacts
8021977010665,openfacts
8021977010788,openfacts
8021983411357,openfacts
8021983810020,openfacts
8021983810051,openfacts
8021983810075,openfacts
8021983810082,openfacts
8021983810631,openfacts
8021983810921,openfacts
8021983811058,openfacts
8021983811072,openfacts
8021983812475,openfacts
8021983812680,openfacts
8021983812772,openfacts
8021985040081,openfacts
8021985102055,openfacts
8021985313482,openfacts
8021993423579,openfacts
8021993423777,openfacts
8021993654324,openfacts
8021993666662,openfacts
8021995003069,openfacts
8021995004141,openfacts
8021995005025,openfacts
8021995006299,openfacts
8021995011132,openfacts
8021995011149,openfacts
8021995012108,openfacts
8021995012146,openfacts
8021995014003,openfacts
8021995014034,openfacts
8021995014065,openfacts
8021995014072,openfacts
8021995014089,openfacts
8021995014096,openfacts
8021995014126,openfacts
8021995014195,openfacts
8021995014263,openfacts
8021995014270,openfacts
8021995014287,openfacts
8021995014294,openfacts
8021995014317,openfacts
8021995014379,openfacts
8021995210252,openfacts
8021995210276,openfacts
8021995210283,openfacts
8021995210306,openfacts
8021995210337,openfacts
8021996000012,openfacts
8021996000036,openfacts
8021996001026,openfacts
8021996001088,openfacts
8021996001309,openfacts
8021996003907,openfacts
8021996004027,openfacts
8021996004423,openfacts
8021996004591,openfacts
8021996004652,openfacts
8021997000363,openfacts
8022000006396,openfacts
8022000006419,openfacts
8022004000017,openfacts
8022004211161,openfacts
8022004211215,openfacts
8022004211246,openfacts
8022004211529,openfacts
8022004211550,openfacts
8022004300391,openfacts
8022004300704,openfacts
8022004300728,openfacts
8022004300841,openfacts
8022004301114,openfacts
8022004301121,openfacts
8022004301138,openfacts
8022004301145,openfacts
8022004301305,openfacts
8022004301329,openfacts
8022004301343,openfacts
8022004301626,openfacts
8022004301664,openfacts
8022004301817,openfacts
8022004301824,openfacts
8022004301831,openfacts
8022004301848,openfacts
8022004302104,openfacts
8022004991278,openfacts
8022004991308,usda
8022004991315,openfacts
8022004991322,openfacts
8022030398225,openfacts
8022033006875,openfacts
8022041130333,openfacts
8022041170025,openfacts
8022041181212,openfacts
8022041190276,openfacts
8022041200029,openfacts
8022041200333,openfacts
8022061982226,usda
8022063000690,openfacts
8022064000491,openfacts
8022065005969,openfacts
8022074001143,openfacts
8022074002256,openfacts
8022074005103,openfacts
8022078000029,openfacts
8022078000142,openfacts
8022078000159,openfacts
8022079000301,openfacts
8022079007102,openfacts
8022079007201,openfacts
8022095000132,openfacts
8022095000194,openfacts
8022095000330,openfacts
8022095000521,openfacts
8022095000927,openfacts
8022095001078,openfacts
8022095001436,openfacts
8022095001528,openfacts
8022095001566,openfacts
8022095001733,openfacts
8022095001788,openfacts
8022095001962,openfacts
8022095002068,openfacts
8022095002235,openfacts
8022095002266,openfacts
8022095002334,openfacts
8022095002648,openfacts
8022095002747,openfacts
8022095002907,openfacts
8022095003256,openfacts
8022095003348,openfacts
8022095003379,openfacts
8022095003478,openfacts
8022095003492,openfacts
8022095003713,openfacts
8022095003751,openfacts
8022095004116,openfacts
8022095004420,openfacts
8022106000014,openfacts
8022106000137,openfacts
8022106002018,openfacts
8022106002162,openfacts
8022106006498,openfacts
8022106011768,openfacts
8022106011966,openfacts
8022115000067,openfacts
8022115000074,openfacts
8022117000324,openfacts
8022117000515,openfacts
8022128001006,openfacts
8022128001204,openfacts
8022128001297,openfacts
8022128001396,openfacts
8022128001723,openfacts
8022128002126,openfacts
8022130000813,openfacts
8022130000912,openfacts
8022130002237,openfacts
8022130002725,openfacts
8022130002756,openfacts
8022130002824,openfacts
8022130003272,openfacts
8022130003289,openfacts
8022130003531,openfacts
8022130004279,openfacts
8022130005054,openfacts
8022130005085,openfacts
8022130005115,openfacts
8022130005139,openfacts
8022130005160,openfacts
8022130005191,openfacts
8022130005351,openfacts
8022130006280,openfacts
8022130006358,openfacts
8022130007027,openfacts
8022130008031,openfacts
8022130028527,openfacts
8022130029050,openfacts
8022130040154,openfacts
8022130047207,openfacts
8022130050023,openfacts
8022138000037,openfacts
8022140117532,openfacts
8022141001106,openfacts
8022159074017,openfacts
8022159090062,openfacts
8022159400021,openfacts
8022159400045,openfacts
8022162000072,openfacts
8022165010030,openfacts
8022166000184,openfacts
8022166001198,openfacts
8022166101201,openfacts
8022166101225,openfacts
8022166101256,openfacts
8022171000292,openfacts
8022171000308,openfacts
8022171000421,openfacts
8022171000506,openfacts
8022171001114,openfacts
8022171001121,openfacts
8022171483460,openfacts
8022173003284,openfacts
8022173011111,openfacts
8022173011142,openfacts
8022174002125,openfacts
8022174002132,openfacts
8022174002163,openfacts
8022174002507,openfacts
8022174002651,openfacts
8022174003412,openfacts
8022174003429,openfacts
8022174003580,openfacts
8022174003603,openfacts
8022174003634,openfacts
8022174003641,openfacts
8022174004044,openfacts
8022174004105,openfacts
8022174004365,openfacts
8022174004648,openfacts
8022174004655,openfacts
8022174005171,openfacts
8022174005539,openfacts
8022174005546,openfacts
8022174005553,openfacts
8022174005560,openfacts
8022174005614,openfacts
8022174005973,openfacts
8022174006017,openfacts
8022174006031,openfacts
8022174006086,openfacts
8022174006116,openfacts
8022174006529,openfacts
8022174007274,openfacts
8022174007427,openfacts
8022174007434,openfacts
8022174007465,openfacts
8022174007496,openfacts
8022174007885,openfacts
8022174007960,openfacts
8022174008073,openfacts
8022174008172,openfacts
8022174008325,openfacts
8022174008332,openfacts
8022174008349,openfacts
8022174008431,openfacts
8022174008646,openfacts
8022174008936,openfacts
8022174009063,openfacts
8022174009124,openfacts
8022174009155,openfacts
8022174009421,openfacts
8022174009445,openfacts
8022174009834,openfacts
8022174009926,openfacts
8022174009964,openfacts
8022180000207,openfacts
8022180000320,openfacts
8022180001983,openfacts
8022180003949,openfacts
8022180003970,openfacts
8022180009538,openfacts
8022180010008,openfacts
8022180010534,openfacts
8022180012583,openfacts
8022180012590,openfacts
8022180014488,openfacts
8022180022469,openfacts
8022180022476,openfacts
8022180024852,openfacts
8022180025545,openfacts
8022180027235,openfacts
8022180027396,openfacts
8022180027921,openfacts
8022180028201,openfacts
8022180028287,openfacts
8022180028430,openfacts
8022180028782,openfacts
8022180028805,openfacts
8022180029130,openfacts
8022180029963,openfacts
8022180029994,openfacts
8022180030006,openfacts
8022180030013,openfacts
8022180030020,openfacts
8022180030105,openfacts
8022180032130,openfacts
8022183000099,openfacts
8022185000516,openfacts
8022185000622,openfacts
8022185000714,openfacts
8022197000030,openfacts
8022197000047,openfacts
8022197000054,openfacts
8022197000061,openfacts
8022197000108,openfacts
8022197000122,openfacts
8022197000146,openfacts
8022213001010,openfacts
8022213011002,openfacts
8022213012016,openfacts
8022213012054,openfacts
8022213016014,openfacts
8022216000805,openfacts
8022216000850,openfacts
8022216000881,openfacts
8022216000904,openfacts
8022216000911,openfacts
8022216000935,openfacts
8022216000942,openfacts
8022216000966,openfacts
8022216000980,openfacts
8022216001000,openfacts
8022216001024,openfacts
8022216001031,openfacts
8022216001086,openfacts
8022216001109,openfacts
8022216001116,openfacts
8022216001123,openfacts
8022216001130,openfacts
8022216001147,openfacts
8022216001161,openfacts
8022216001178,openfacts
8022216001185,openfacts
8022216001208,openfacts
8022216001260,openfacts
8022216001284,openfacts
8022216010057,openfacts
8022216010095,openfacts
8022216010132,openfacts
8022216010194,openfacts
8022216010255,openfacts
8022216010293,openfacts
8022216010316,openfacts
8022216010330,openfacts
8022216010347,openfacts
8022216010354,openfacts
8022216010361,openfacts
8022216010378,openfacts
8022216010385,openfacts
8022216010392,openfacts
8022216010408,openfacts
8022216010415,openfacts
8022216010422,openfacts
8022216010439,openfacts
8022216010477,openfacts
8022216010484,openfacts
8022216015892,openfacts
8022216021220,openfacts
8022216070303,openfacts
8022216761546,openfacts
8022217100511,openfacts
8022222150693,openfacts
8022230000096,openfacts
8022230000225,openfacts
8022230000300,openfacts
8022230000317,openfacts
8022230000409,openfacts
8022230000652,openfacts
8022230000713,openfacts
8022230000812,openfacts
8022230000836,openfacts
8022230000867,openfacts
8022230010002,openfacts
8022230010606,openfacts
8022230010705,openfacts
8022230020018,openfacts
8022230020537,openfacts
8022230020704,openfacts
8022230031052,openfacts
8022230042232,openfacts
8022230050114,openfacts
8022230050305,openfacts
8022230050701,openfacts
8022230050800,openfacts
8022230060380,openfacts
8022230060533,openfacts
8022230060618,openfacts
8022230060632,openfacts
8022230060717,openfacts
8022230060755,openfacts
8022230060892,openfacts
8022230060908,openfacts
8022230060922,openfacts
8022230060939,openfacts
8022230061394,openfacts
8022230061431,openfacts
8022230061479,openfacts
8022230061530,openfacts
8022230061547,openfacts
8022230061578,openfacts
8022230061653,openfacts
8022230061660,openfacts
8022230061882,openfacts
8022230062230,openfacts
8022230062315,openfacts
8022230062353,openfacts
8022230062421,openfacts
8022230062681,openfacts
8022230062797,openfacts
8022239003005,openfacts
8022248100108,openfacts
8022248100115,openfacts
8022248200211,openfacts
8022248400406,openfacts
8022248400413,openfacts
8022248400420,openfacts
8022248600615,openfacts
8022251011170,openfacts
8022252211715,openfacts
8022252211722,openfacts
8022264764452,openfacts
8022277000103,openfacts
8022280001357,openfacts
8022280001722,openfacts
8022280001937,openfacts
8022280005553,openfacts
8022280006659,openfacts
8022284000011,openfacts
8022284000028,openfacts
8022284000226,openfacts
8022284000271,openfacts
8022284000288,openfacts
8022284000622,openfacts
8022284000660,openfacts
8022284000875,openfacts
8022284000943,openfacts
8022284000950,openfacts
8022284001292,openfacts
8022284001513,openfacts
8022284001889,openfacts
8022284002077,openfacts
8022284002107,openfacts
8022284002114,openfacts
8022284002138,openfacts
8022284002145,openfacts
8022284002206,openfacts
8022284002442,openfacts
8022284002466,openfacts
8022284002510,openfacts
8022284002886,openfacts
8022284003029,openfacts
8022284003203,openfacts
8022284003449,openfacts
8022288000017,openfacts
8022290010004,openfacts
8022293190024,openfacts
8022293190048,openfacts
8022293730121,openfacts
8022293900012,openfacts
8022297064253,openfacts
8022297064932,openfacts
8022297067513,openfacts
8022297095455,openfacts
8022297156378,openfacts
8022297182995,openfacts
8022297304335,openfacts
8022297304366,openfacts
8022297304373,openfacts
8022309300669,openfacts
8022309300676,openfacts
8022315600883,openfacts
8022321000011,openfacts
8022321000028,openfacts
8022321000073,openfacts
8022321000080,openfacts
8022321000158,openfacts
8022321000165,openfacts
8022327000008,openfacts
8022327000015,openfacts
8022327000022,openfacts
8022327000039,openfacts
8022327000053,openfacts
8022327000077,openfacts
8022327000107,openfacts
8022327000114,openfacts
8022327000152,openfacts
8022327000169,openfacts
8022327000206,openfacts
8022327000244,openfacts
8022327000268,openfacts
8022327000275,openfacts
8022327000299,openfacts
8022327000305,openfacts
8022327000312,openfacts
8022328102886,openfacts
8022328103180,openfacts
8022328103883,openfacts
8022328104057,openfacts
8022328111116,openfacts
8022328111574,openfacts
8022328113677,openfacts
8022328115077,openfacts
8022340000023,openfacts
8022340000047,openfacts
8022340000054,openfacts
8022340000061,openfacts
8022340000085,openfacts
8022340000429,openfacts
8022341010052,openfacts
8022341050010,openfacts
8022341080031,openfacts
8022341100203,openfacts
8022341100258,openfacts
8022351000159,openfacts
8022351000173,openfacts
8022351000319,openfacts
8022351000449,openfacts
8022351000678,openfacts
8022351000999,openfacts
8022351001248,openfacts
8022351001378,openfacts
8022351001590,openfacts
8022351001767,openfacts
8022351001774,openfacts
8022351001781,openfacts
8022351002115,openfacts
8022351002139,openfacts
8022351002146,openfacts
8022351002153,openfacts
8022351002160,openfacts
8022351023165,openfacts
8022351023172,openfacts
8022354000910,openfacts
8022354001108,openfacts
8022354001115,openfacts
8022354001405,openfacts
8022354001412,openfacts
8022354001429,openfacts
8022354003928,openfacts
8022354004215,openfacts
8022354004918,openfacts
8022354006318,openfacts
8022354006417,openfacts
8022354006516,openfacts
8022354006714,openfacts
8022354007209,openfacts
8022354007308,openfacts
8022354009906,openfacts
8022354011718,openfacts
8022354015006,openfacts
8022355009998,openfacts
8022355021617,openfacts
8022355021648,openfacts
8022355021693,openfacts
8022358225012,openfacts
8022358225258,openfacts
8022358225265,openfacts
8022358225395,openfacts
8022368001408,openfacts
8022368001453,openfacts
8022368001477,openfacts
8022380000083,openfacts
8022380000106,openfacts
8022390000011,openfacts
8022390000059,openfacts
8022390000134,openfacts
8022390000141,openfacts
8022390000189,openfacts
8022390000219,openfacts
8022390000233,openfacts
8022390000264,openfacts
8022390000271,openfacts
8022390000318,openfacts
8022390000387,openfacts
8022390000615,openfacts
8022390001032,openfacts
8022390001056,openfacts
8022390002053,openfacts
8022390002251,openfacts
8022390002268,openfacts
8022390005269,openfacts
8022390900090,openfacts
8022407000089,openfacts
8022407200038,openfacts
8022411000143,openfacts
8022411000174,openfacts
8022411000181,openfacts
8022411000211,openfacts
8022411000228,openfacts
8022411000235,openfacts
8022411000297,openfacts
8022411000310,openfacts
8022411000327,openfacts
8022411000341,openfacts
8022411000433,openfacts
8022411000488,openfacts
8022411000495,openfacts
8022411000594,openfacts
8022411000631,openfacts
8022411000648,openfacts
8022411000655,openfacts
8022411000662,openfacts
8022411000723,openfacts
8022411000778,openfacts
8022411000808,openfacts
8022411000815,openfacts
8022411000822,openfacts
8022411000853,openfacts
8022411000860,openfacts
8022411000877,openfacts
8022411000884,openfacts
8022411000891,openfacts
8022411000907,openfacts
8022411000914,openfacts
8022411000983,openfacts
8022411001027,openfacts
8022411001300,openfacts
8022411001379,openfacts
8022411001904,openfacts
8022411003007,openfacts
8022411003045,openfacts
8022411003151,openfacts
8022411006244,openfacts
8022415000712,openfacts
8022422012012,openfacts
8022422017512,openfacts
8022422017529,openfacts
8022422017550,openfacts
8022422018021,openfacts
8022422018038,openfacts
8022422018045,openfacts
8022422027429,openfacts
8022422028013,openfacts
8022422031310,openfacts
8022422032003,openfacts
8022422038012,openfacts
8022422117502,openfacts
8022422121004,openfacts
8022422211101,openfacts
8022422222206,openfacts
8022422223104,openfacts
8022422332011,openfacts
8022422422019,openfacts
8022422431011,openfacts
8022422435019,openfacts
8022422810014,openfacts
8022422921000,openfacts
8022422925015,openfacts
8022422931009,openfacts
8022424000017,openfacts
8022424000024,openfacts
8022424000062,openfacts
8022424000079,openfacts
8022424000109,openfacts
8022424000116,openfacts
8022424000130,openfacts
8022424000147,openfacts
8022424000154,openfacts
8022424000161,openfacts
8022424000178,openfacts
8022424000185,openfacts
8022424000192,openfacts
8022424000208,openfacts
8022424000222,openfacts
8022424000277,openfacts
8022424000284,openfacts
8022424000307,openfacts
8022424000314,openfacts
8022424000321,openfacts
8022424000345,openfacts
8022424000352,openfacts
8022424000369,openfacts
8022424000376,openfacts
8022424000437,openfacts
8022424000444,openfacts
8022424000468,openfacts
8022424000673,openfacts
8022424000734,openfacts
8022424000888,openfacts
8022424002042,openfacts
8022424002509,openfacts
8022424002530,openfacts
8022424002639,openfacts
8022424002691,openfacts
8022424002783,openfacts
8022424003278,openfacts
8022424003292,openfacts
8022424003308,openfacts
8022424003339,openfacts
8022424003346,openfacts
8022424003353,openfacts
8022424003421,openfacts
8022424003469,openfacts
8022424003476,openfacts
8022424003865,openfacts
8022424003933,openfacts
8022424004008,openfacts
8022424004183,openfacts
8022424004442,openfacts
8022424004459,openfacts
8022424004473,openfacts
8022424004503,openfacts
8022424004527,openfacts
8022424005012,openfacts
8022424005029,openfacts
8022424005074,openfacts
8022424005104,openfacts
8022424005111,openfacts
8022424005128,openfacts
8022424005135,openfacts
8022424005142,openfacts
8022424005159,openfacts
8022424005173,openfacts
8022424005180,openfacts
8022424005197,openfacts
8022424005258,openfacts
8022424005272,openfacts
8022424005289,openfacts
8022424005296,openfacts
8022424005302,openfacts
8022424005319,openfacts
8022424005326,openfacts
8022424005333,openfacts
8022424005340,openfacts
8022424005357,openfacts
8022424005579,openfacts
8022424005586,openfacts
8022424005593,openfacts
8022424005609,openfacts
8022424005616,openfacts
8022424005654,openfacts
8022424005678,openfacts
8022424005685,openfacts
8022424005692,openfacts
8022424005760,openfacts
8022424005777,openfacts
8022424005890,openfacts
8022424005975,openfacts
8022424006132,openfacts
8022424006224,openfacts
8022424006552,openfacts
8022424006569,openfacts
8022424006583,openfacts
8022424006613,openfacts
8022424006620,openfacts
8022424006637,openfacts
8022424006712,openfacts
8022424006729,openfacts
8022424006781,openfacts
8022424006828,openfacts
8022424006835,openfacts
8022424006842,openfacts
8022424006958,openfacts
8022424007221,openfacts
8022424007429,openfacts
8022424007436,openfacts
8022424007443,openfacts
8022424007641,openfacts
8022424007832,openfacts
8022424007849,openfacts
8022424007856,openfacts
8022424007863,openfacts
8022424007870,openfacts
8022424007887,openfacts
8022424007894,openfacts
8022424007917,openfacts
8022424007948,openfacts
8022424007955,openfacts
8022424007962,openfacts
8022424008044,openfacts
8022424008051,openfacts
8022424008099,openfacts
8022424008129,openfacts
8022424008136,openfacts
8022424008143,openfacts
8022424008167,openfacts
8022424008174,openfacts
8022424008181,openfacts
8022424008228,openfacts
8022424008242,openfacts
8022424008266,openfacts
8022424008297,openfacts
8022424008303,openfacts
8022424008457,openfacts
8022424008471,openfacts
8022424008518,openfacts
8022424008525,openfacts
8022424008570,openfacts
8022424008587,openfacts
8022424008594,openfacts
8022424008730,openfacts
8022424008761,openfacts
8022424008822,openfacts
8022424008839,openfacts
8022424008853,openfacts
8022424008860,openfacts
8022424008877,openfacts
8022424008969,openfacts
8022424008976,openfacts
8022424008983,openfacts
8022424008990,openfacts
8022424009331,openfacts
8022424009348,openfacts
8022424051828,openfacts
8022424444668,openfacts
8022434000021,openfacts
8022434000038,openfacts
8022434000045,openfacts
8022434000137,openfacts
8022434000168,openfacts
8022435000167,openfacts
8022435000532,openfacts
8022435000594,openfacts
8022435000877,openfacts
8022435000945,openfacts
8022435000969,openfacts
8022435001478,openfacts
8022435001812,openfacts
8022435002093,openfacts
8022435002352,openfacts
8022435002390,openfacts
8022435002475,openfacts
8022435003038,openfacts
8022435003199,openfacts
8022435003212,openfacts
8022435003236,openfacts
8022435003496,openfacts
8022435003519,openfacts
8022435003557,openfacts
8022435003755,openfacts
8022435003762,openfacts
8022435003816,openfacts
8022435004233,openfacts
8022435004257,openfacts
8022435004363,openfacts
8022435004400,openfacts
8022435004424,openfacts
8022435004462,openfacts
8022435004943,openfacts
8022435004967,openfacts
8022435005483,openfacts
8022435005506,openfacts
8022435005520,openfacts
8022435005766,openfacts
8022435100232,openfacts
8022435100270,openfacts
8022435100331,openfacts
8022435600008,openfacts
8022435600015,openfacts
8022435600077,openfacts
8022435700012,openfacts
8022435880301,openfacts
8022435880318,openfacts
8022435880325,openfacts
8022435880639,openfacts
8022435880752,openfacts
8022435881162,openfacts
8022436110100,openfacts
8022436160037,openfacts
8022436999019,openfacts
8022452010149,openfacts
8022452010156,openfacts
8022452010163,openfacts
8022452010170,openfacts
8022452010187,openfacts
8022452010194,openfacts
8022452010200,openfacts
8022452010217,openfacts
8022452010224,openfacts
8022452010255,openfacts
8022452010279,openfacts
8022452010408,openfacts
8022452035463,openfacts
8022452037269,openfacts
8022452040146,openfacts
8022452052958,openfacts
8022452060793,openfacts
8022452074448,openfacts
8022452074523,openfacts
8022452076800,openfacts
8022452076923,openfacts
8022452077012,openfacts
8022452077050,openfacts
8022452102813,openfacts
8022452103674,openfacts
8022452103681,openfacts
8022452103698,openfacts
8022452103810,openfacts
8022452103827,openfacts
8022452103834,openfacts
8022452103841,openfacts
8022452103858,openfacts
8022452103872,openfacts
8022452103902,openfacts
8022452104558,openfacts
8022452104565,openfacts
8022452104572,openfacts
8022452104589,openfacts
8022452104596,openfacts
8022452104602,openfacts
8022452104619,openfacts
8022452104626,openfacts
8022452104640,openfacts
8022452104671,openfacts
8022452104695,openfacts
8022452120886,openfacts
8022452120893,openfacts
8022452134890,openfacts
8022452241093,openfacts
8022452241123,openfacts
8022452241130,openfacts
8022452241598,openfacts
8022452241611,openfacts
8022452242489,openfacts
8022452242496,openfacts
8022452242922,openfacts
8022452242946,openfacts
8022452246678,openfacts
8022452247705,openfacts
8022465000144,openfacts
8022465000397,openfacts
8022467000012,openfacts
8022467000319,openfacts
8022467110100,openfacts
8022467110124,openfacts
8022467110148,openfacts
8022467110278,openfacts
8022467110285,openfacts
8022467110360,openfacts
8022467110384,openfacts
8022467120031,openfacts
8022467150151,openfacts
8022467150168,openfacts
8022467150298,openfacts
8022467150427,openfacts
8022467200610,openfacts
8022467300631,openfacts
8022467493012,openfacts
8022467494040,openfacts
8022467500611,openfacts
8022467961023,openfacts
8022467961030,openfacts
8022467961047,openfacts
8022467961641,openfacts
8022467961863,openfacts
8022470003147,openfacts
8022470203547,openfacts
8022470203745,openfacts
8022470205077,openfacts
8022470205305,openfacts
8022470205428,openfacts
8022470205435,openfacts
8022470205671,openfacts
8022470206593,openfacts
8022470207347,openfacts
8022470208832,openfacts
8022470210620,openfacts
8022470210736,openfacts
8022470212808,openfacts
8022470213171,openfacts
8022470213256,openfacts
8022470213942,openfacts
8022470218060,openfacts
8022470219524,openfacts
8022470220698,openfacts
8022470221541,openfacts
8022470222449,openfacts
8022470222944,openfacts
8022470224986,openfacts
8022470226003,openfacts
8022470226058,openfacts
8022470227123,openfacts
8022470227154,openfacts
8022470227222,openfacts
8022470227239,openfacts
8022470227284,openfacts
8022470227338,openfacts
8022470227369,openfacts
8022470227413,openfacts
8022470227833,openfacts
8022470227888,openfacts
8022470228038,openfacts
8022470228137,openfacts
8022470229547,openfacts
8022470231823,openfacts
8022470231908,openfacts
8022470231939,openfacts
8022470231953,openfacts
8022470232158,openfacts
8022470235784,openfacts
8022470236811,openfacts
8022470236828,openfacts
8022470236835,openfacts
8022470236859,openfacts
8022470236866,openfacts
8022470236873,openfacts
8022470236903,openfacts
8022470237726,openfacts
8022470238389,openfacts
8022470238419,openfacts
8022470238433,openfacts
8022470238617,openfacts
8022470239522,openfacts
8022470240061,openfacts
8022470240283,openfacts
8022470240306,openfacts
8022470240337,openfacts
8022470243987,openfacts
8022470244069,openfacts
8022470244540,openfacts
8022470244564,openfacts
8022470245950,openfacts
8022470245998,openfacts
8022470248135,openfacts
8022470248326,openfacts
8022470248333,openfacts
8022470248593,openfacts
8022470248821,openfacts
8022470248937,openfacts
8022470249354,openfacts
8022470249361,openfacts
8022470249859,openfacts
8022470250114,openfacts
8022470250121,openfacts
8022470250138,openfacts
8022470251609,openfacts
8022470252149,openfacts
8022470252163,openfacts
8022470252170,openfacts
8022470252187,openfacts
8022470252705,openfacts
8022470252828,openfacts
8022470252835,openfacts
8022470252842,openfacts
8022470253641,openfacts
8022470253719,openfacts
8022470253726,openfacts
8022470253801,openfacts
8022470253818,openfacts
8022470253825,openfacts
8022470253948,openfacts
8022470254280,openfacts
8022470254297,openfacts
8022470254341,openfacts
8022470254563,openfacts
8022470254877,openfacts
8022470254907,openfacts
8022470255157,openfacts
8022470255164,openfacts
8022470255171,openfacts
8022470255188,openfacts
8022470255195,openfacts
8022470255201,openfacts
8022470255270,openfacts
8022470504804,openfacts
8022470863888,openfacts
8022470864151,openfacts
8022470864793,openfacts
8022470864861,openfacts
8022470865745,openfacts
8022470866001,openfacts
8022470866018,openfacts
8022470866025,openfacts
8022470866032,openfacts
8022470866049,openfacts
8022470866476,openfacts
8022470866506,openfacts
8022470866568,openfacts
8022470866575,openfacts
8022470866735,openfacts
8022470867534,openfacts
8022470867541,openfacts
8022470867558,openfacts
8022470867565,openfacts
8022470867572,openfacts
8022470868104,openfacts
8022470869286,openfacts
8022470869293,openfacts
8022470869637,openfacts
8022470871234,openfacts
8022470871258,openfacts
8022470879643,openfacts
8022471595573,openfacts
8022496000144,openfacts
8022496210017,openfacts
8022496210789,openfacts
8022496219553,openfacts
8022496220191,openfacts
8022496221181,openfacts
8022496271155,openfacts
8022496400012,openfacts
8022496400029,openfacts
8022496401316,openfacts
8022496410059,openfacts
8022496430002,openfacts
8022496430125,openfacts
8022496430705,openfacts
8022496431900,openfacts
8022496460771,openfacts
8022496460856,openfacts
8022496461976,openfacts
8022496570425,openfacts
8022496600078,openfacts
8022496600313,openfacts
8022496600412,openfacts
8022496600719,openfacts
8022496650417,openfacts
8022496650714,openfacts
8022496650813,openfacts
8022496651186,openfacts
8022496651919,openfacts
8022496701966,openfacts
8022496730010,openfacts
8022496730614,openfacts
8022496731918,openfacts
8022496732113,openfacts
8022496740729,openfacts
8022496750728,openfacts
8022508003026,openfacts
8022508003149,openfacts
8022508003194,openfacts
8022508003200,openfacts
8022508003255,openfacts
8022508003279,openfacts
8022508016071,openfacts
8022508170223,openfacts
8022508900202,openfacts
8022508900264,openfacts
8022510040101,openfacts
8022514000002,openfacts
8022514001788,openfacts
8022514002150,openfacts
8022514002174,openfacts
8022515000001,openfacts
8022515000025,openfacts
8022515000056,openfacts
8022515000131,openfacts
8022515000629,openfacts
8022523000642,openfacts
8022529000561,openfacts
8022529001711,openfacts
8022529020019,openfacts
8022529020033,openfacts
8022529020095,openfacts
8022529021719,openfacts
8022529050221,openfacts
8022529050450,openfacts
8022529055608,openfacts
8022529204006,openfacts
8022532370088,openfacts
8022538067050,openfacts
8022538069214,openfacts
8022550012113,openfacts
8022551000010,openfacts
8022551000027,openfacts
8022551070402,openfacts
8022551071775,openfacts
8022559000210,openfacts
8022559000470,openfacts
8022566000012,openfacts
8022566000029,openfacts
8022566001101,openfacts
8022566011117,openfacts
8022566040070,openfacts
8022566100101,openfacts
8022583100016,openfacts
8022583100092,openfacts
8022583100115,openfacts
8022583100283,openfacts
8022583100313,openfacts
8022583100351,openfacts
8022589000044,openfacts
8022589000716,openfacts
8022592131001,openfacts
8022592137010,openfacts
8022592152006,openfacts
8022592220019,openfacts
8022592220026,openfacts
8022624000305,openfacts
8022630400007,openfacts
8022630410006,openfacts
8022630510003,openfacts
8022630600018,openfacts
8022630700107,openfacts
8022630810004,openfacts
8022630910001,openfacts
8022630990003,openfacts
8022630991321,openfacts
8022630991338,openfacts
8022630991352,openfacts
8022639001205,openfacts
8022639001304,openfacts
8022639001823,openfacts
8022641000715,openfacts
8022641003129,openfacts
8022641003143,openfacts
8022641003297,openfacts
8022641003303,openfacts
8022641003327,openfacts
8022649101018,openfacts
8022650018794,openfacts
8022654000122,openfacts
8022654000429,openfacts
8022654000627,openfacts
8022654001518,openfacts
8022654001723,openfacts
8022654001952,openfacts
8022657020486,openfacts
8022659001018,openfacts
8022680000028,openfacts
8022680000066,openfacts
8022680000165,openfacts
8022683000025,openfacts
8022683000445,openfacts
8022683000452,openfacts
8022683001435,openfacts
8022683001503,openfacts
8022683001527,openfacts
8022683001565,openfacts
8022683001794,openfacts
8022683003446,openfacts
8022683003590,openfacts
8022683003637,openfacts
8022683003736,openfacts
8022689000036,openfacts
8022689000104,openfacts
8022689000111,openfacts
8022689000166,openfacts
8022689000203,openfacts
8022689000210,openfacts
8022689000227,openfacts
8022689000234,openfacts
8022689000241,openfacts
8022689000265,openfacts
8022689000272,openfacts
8022689000401,openfacts
8022689000517,openfacts
8022689000531,openfacts
8022689000548,openfacts
8022689000555,openfacts
8022689000586,openfacts
8022689000593,openfacts
8022689000609,openfacts
8022689000616,openfacts
8022689000623,openfacts
8022689000630,openfacts
8022689000654,openfacts
8022689000661,openfacts
8022689000678,openfacts
8022689000692,openfacts
8022689000708,openfacts
8022689000807,openfacts
8022689000821,openfacts
8022689000869,openfacts
8022689000937,openfacts
8022689000951,openfacts
8022689001033,openfacts
8022689001057,openfacts
8022689001118,openfacts
8022689001156,openfacts
8022689001200,openfacts
8022689001224,openfacts
8022689001231,openfacts
8022689001248,openfacts
8022689001255,openfacts
8022689001262,openfacts
8022689001316,openfacts
8022689001323,openfacts
8022689001415,openfacts
8022689002016,openfacts
8022689002023,openfacts
8022689002030,openfacts
8022689002047,openfacts
8022689004065,openfacts
8022689004072,openfacts
8022689004089,openfacts
8022689004096,openfacts
8022689004102,openfacts
8022689004119,openfacts
8022689004171,openfacts
8022689004201,openfacts
8022689004225,openfacts
8022689004232,openfacts
8022689004249,openfacts
8022689004256,openfacts
8022689004263,openfacts
8022689004270,openfacts
8022689004287,openfacts
8022689004317,openfacts
8022689004324,openfacts
8022689005017,openfacts
8022689005079,openfacts
8022689006007,openfacts
8022689006014,openfacts
8022689006038,openfacts
8022689006045,openfacts
8022689006052,openfacts
8022689006069,openfacts
8022689006076,openfacts
8022689006151,openfacts
8022690000605,openfacts
8022691000062,openfacts
8022703000028,openfacts
8022703000035,openfacts
8022703000042,openfacts
8022703000219,openfacts
8022703000271,openfacts
8022713003804,openfacts
8022714074438,openfacts
8022716067360,openfacts
8022716207506,openfacts
8022717100035,openfacts
8022717100479,usda
8022717102886,openfacts
8022717102916,openfacts
8022717102985,openfacts
8022717102992,openfacts
8022719000241,openfacts
8022719000326,openfacts
8022723000527,openfacts
8022729000330,openfacts
8022729000606,openfacts
8022729001139,openfacts
8022730010434,openfacts
8022734000103,openfacts
8022734000134,openfacts
8022734000158,openfacts
8022734000165,openfacts
8022734000172,openfacts
8022734000226,openfacts
8022734000240,openfacts
8022734000318,openfacts
8022734000691,openfacts
8022734001100,openfacts
8022734001308,openfacts
8022734002121,openfacts
8022734010003,usda
8022734010010,openfacts
8022734010041,openfacts
8022734010065,openfacts
8022734019594,openfacts
8022734019815,openfacts
8022734111625,openfacts
8022734111663,openfacts
8022734111687,openfacts
8022734111731,openfacts
8022734111748,openfacts
8022734111762,openfacts
8022734111779,openfacts
8022734111816,openfacts
8022734111885,openfacts
8022734111922,openfacts
8022734111946,openfacts
8022734111960,openfacts
8022734111977,openfacts
8022734112011,openfacts
8022734112028,openfacts
8022734112066,openfacts
8022734112073,openfacts
8022734112141,openfacts
8022734444846,openfacts
8022734448844,openfacts
8022736006011,openfacts
8022736012746,openfacts
8022736012845,openfacts
8022736013132,openfacts
8022736015389,openfacts
8022736016737,openfacts
8022736016799,openfacts
8022736016881,openfacts
8022754000107,openfacts
8022754000213,openfacts
8022754001005,openfacts
8022754001012,openfacts
8022754002002,openfacts
8022754011127,openfacts
8022754080000,openfacts
8022754090900,openfacts
8022754123455,openfacts
8022754160009,openfacts
8022754170916,openfacts
8022754200002,openfacts
8022754200101,openfacts
8022754200408,openfacts
8022754200439,openfacts
8022754234564,openfacts
8022754252513,openfacts
8022754262611,openfacts
8022754262628,openfacts
8022754400211,openfacts
8022754674377,openfacts
8022754778846,openfacts
8022754803005,openfacts
8022754803012,openfacts
8022754803029,openfacts
8022754803036,openfacts
8022754997865,openfacts
8022757001194,openfacts
8022761347264,openfacts
8022764000029,openfacts
8022764000036,openfacts
8022764000067,openfacts
8022764000081,openfacts
8022764000173,openfacts
8022764000197,openfacts
8022764000227,openfacts
8022764000593,openfacts
8022764000616,openfacts
8022764000647,openfacts
8022764000685,openfacts
8022764000708,openfacts
8022764000777,openfacts
8022764000838,openfacts
8022764000999,openfacts
8022765000684,openfacts
8022767048073,openfacts
8022775076396,openfacts
8022775300057,openfacts
8022775300101,openfacts
8022776000017,openfacts
8022780000454,openfacts
8022780000461,openfacts
8022780000492,openfacts
8022780000508,openfacts
8022780000546,openfacts
8022780000607,openfacts
8022780000614,openfacts
8022780000621,openfacts
8022780000638,openfacts
8022780000645,openfacts
8022780000652,openfacts
8022780000669,openfacts
8022780000676,openfacts
8022780001062,openfacts
8022780001284,openfacts
8022780001703,openfacts
8022780001789,openfacts
8022780001796,openfacts
8022780001802,openfacts
8022780001819,openfacts
8022780001826,openfacts
8022780001833,openfacts
8022780001857,openfacts
8022780001864,openfacts
8022780001871,openfacts
8022780001888,openfacts
8022780001895,openfacts
8022780001932,openfacts
8022780001949,openfacts
8022780001956,openfacts
8022780001994,openfacts
8022780002281,openfacts
8022780002298,openfacts
8022780002397,openfacts
8022780002403,openfacts
8022780002410,openfacts
8022780002502,openfacts
8022780002571,openfacts
8022780002595,openfacts
8022780002779,openfacts
8022780004889,openfacts
8022780004896,openfacts
8022780005206,openfacts
8022780005213,openfacts
8022780006005,openfacts
8022780006012,openfacts
8022780020049,openfacts
8022780020223,openfacts
8022780020247,openfacts
8022780020346,openfacts
8022780020513,openfacts
8022780020537,openfacts
8022780020629,openfacts
8022780020643,openfacts
8022780020667,openfacts
8022780020674,openfacts
8022780080746,openfacts
8022780099014,openfacts
8022780112072,openfacts
8022780120015,openfacts
8022780120022,openfacts
8022780120039,openfacts
8022780120046,openfacts
8022780122095,openfacts
8022780125041,openfacts
8022780125072,openfacts
8022780125089,openfacts
8022780130014,openfacts
8022780199899,openfacts
8022780199905,openfacts
8022780199912,openfacts
8022780199929,openfacts
8022780199936,openfacts
8022780223082,openfacts
8022780223150,openfacts
8022780224003,openfacts
8022780224010,openfacts
8022780267017,openfacts
8022780267024,openfacts
8022780299971,openfacts
8022780300080,openfacts
8022780300110,openfacts
8022780400001,openfacts
8022780400018,openfacts
8022780400070,openfacts
8022780400162,openfacts
8022780400186,openfacts
8022780400216,openfacts
8022780607066,openfacts
8022780850103,openfacts
8022780850127,openfacts
8022780900013,openfacts
8022780900037,openfacts
8022780900044,openfacts
8022780900051,openfacts
8022780900068,openfacts
8022780900112,openfacts
8022780900136,openfacts
8022780900150,openfacts
8022780900181,openfacts
8022780900198,openfacts
8022780900235,openfacts
8022780900501,openfacts
8022780900525,openfacts
8022780900532,openfacts
8022784001532,openfacts
8022784001549,openfacts
8022784001594,openfacts
8022784001686,openfacts
8022785002101,openfacts
8022789000028,openfacts
8022789000035,openfacts
8022789106171,openfacts
8022793100394,openfacts
8022798001122,openfacts
8022798001351,openfacts
8022798001368,openfacts
8022798001405,openfacts
8022798004246,openfacts
8022798004307,openfacts
8022798005212,openfacts
8022798005335,openfacts
8022798005380,openfacts
8022798005403,openfacts
8022798005410,openfacts
8022798005458,openfacts
8022798005472,openfacts
8022798005489,openfacts
8022798005847,openfacts
8022798007711,openfacts
8022798007902,openfacts
8022798008930,openfacts
8022798009029,openfacts
8022798009036,openfacts
8022798009043,openfacts
8022798009067,openfacts
8022798009142,openfacts
8022798009364,openfacts
8022798009555,openfacts
8022798009562,openfacts
8022798009579,openfacts
8022798009586,openfacts
8022798010612,openfacts
8022798011626,openfacts
8022798011770,openfacts
8022798011923,openfacts
8022798011947,openfacts
8022798011954,openfacts
8022798011978,openfacts
8022798012012,openfacts
8022798012906,openfacts
8022798012913,openfacts
8022798013132,openfacts
8022798013149,openfacts
8022798013156,openfacts
8022798013170,openfacts
8022798013255,openfacts
8022798013293,openfacts
8022798013323,openfacts
8022798013347,openfacts
8022798013644,openfacts
8022798013675,openfacts
8022798013842,openfacts
8022798013859,openfacts
8022798013866,openfacts
8022798013873,openfacts
8022798013897,openfacts
8022798013941,openfacts
8022798014047,openfacts
8022798014054,openfacts
8022798014085,openfacts
8022798014146,openfacts
8022798014481,openfacts
8022798014610,openfacts
8022798014832,openfacts
8022798014887,openfacts
8022798014924,openfacts
8022798015587,openfacts
8022798016140,openfacts
8022798016157,openfacts
8022798016300,openfacts
8022798017321,openfacts
8022798018397,openfacts
8022798018427,openfacts
8022798019196,openfacts
8022802100285,openfacts
8022802500115,openfacts
8022802600075,openfacts
8022803100437,openfacts
8022806001021,openfacts
8022806002042,openfacts
8022806013024,openfacts
8022806100465,openfacts
8022809100493,openfacts
8022810000102,openfacts
8022810000119,openfacts
8022810000133,openfacts
8022810000140,openfacts
8022810000157,openfacts
8022810000188,openfacts
8022810000232,openfacts
8022810000492,openfacts
8022810000676,openfacts
8022810000843,openfacts
8022810000881,openfacts
8022813000109,openfacts
8022813000116,openfacts
8022813000123,openfacts
8022813000130,openfacts
8022813000178,openfacts
8022813000185,openfacts
8022813000215,openfacts
8022813000222,openfacts
8022813000246,openfacts
8022813000253,openfacts
8022813000314,openfacts
8022813000376,openfacts
8022813000383,openfacts
8022813000406,openfacts
8022813000468,openfacts
8022813000567,openfacts
8022813000604,openfacts
8022813000628,openfacts
8022813000635,openfacts
8022813000642,openfacts
8022813000666,openfacts
8022813000673,openfacts
8022813000680,openfacts
8022813000703,openfacts
8022813000710,openfacts
8022813000727,openfacts
8022813000734,openfacts
8022813000765,openfacts
8022813000772,openfacts
8022813000826,openfacts
8022813000833,openfacts
8022813001021,openfacts
8022813001045,openfacts
8022813001151,openfacts
8022813001250,openfacts
8022813001298,openfacts
8022813001595,openfacts
8022813001601,openfacts
8022813001700,openfacts
8022813002202,openfacts
8022813002233,openfacts
8022813002257,openfacts
8022813002264,openfacts
8022813002301,openfacts
8022813002578,openfacts
8022813002585,openfacts
8022813002615,openfacts
8022813002622,openfacts
8022813002721,openfacts
8022813002929,openfacts
8022813002998,openfacts
8022813003001,openfacts
8022813003193,openfacts
8022813003230,openfacts
8022813003247,openfacts
8022813003254,openfacts
8022813003261,openfacts
8022813003308,openfacts
8022813003322,openfacts
8022813003384,openfacts
8022813003650,openfacts
8022813003667,openfacts
8022813003766,openfacts
8022813003964,openfacts
8022813004053,openfacts
8022813004107,openfacts
8022813004329,openfacts
8022813004336,openfacts
8022813004343,openfacts
8022813004367,openfacts
8022813004466,openfacts
8022813004473,openfacts
8022813004572,openfacts
8022813004589,openfacts
8022813004664,openfacts
8022813004930,openfacts
8022813004947,openfacts
8022813005012,openfacts
8022813005050,openfacts
8022813005067,openfacts
8022813005074,openfacts
8022813005081,openfacts
8022813005098,openfacts
8022813005135,openfacts
8022813005210,openfacts
8022813005371,openfacts
8022813005418,openfacts
8022813005425,openfacts
8022813005449,openfacts
8022813005548,openfacts
8022813005630,openfacts
8022813005647,openfacts
8022813005661,openfacts
8022813005715,openfacts
8022813005746,openfacts
8022813005821,openfacts
8022813006095,openfacts
8022813006149,openfacts
8022813006156,openfacts
8022813006163,openfacts
8022813006453,openfacts
8022813006613,openfacts
8022813006668,openfacts
8022813006736,openfacts
8022813006811,openfacts
8022813006828,openfacts
8022813006835,openfacts
8022813006842,openfacts
8022820000079,openfacts
8022820000086,openfacts
8022820000291,openfacts
8022820000505,openfacts
8022820000567,openfacts
8022822000756,openfacts
8022822000916,openfacts
8022822000978,openfacts
8022822000985,openfacts
8022822000992,openfacts
8022822001029,openfacts
8022822001036,openfacts
8022822001043,openfacts
8022822001067,openfacts
8022822001111,openfacts
8022822001203,openfacts
8022822001210,openfacts
8022822001647,openfacts
8022822001678,openfacts
8022822001975,openfacts
8022822001999,openfacts
8022822002323,openfacts
8022822002385,openfacts
8022822002460,openfacts
8022822002484,openfacts
8022822002521,openfacts
8022822002545,openfacts
8022822002866,openfacts
8022822002880,openfacts
8022822002965,openfacts
8022822003023,openfacts
8022822003283,openfacts
8022822003429,openfacts
8022822003443,openfacts
8022822003467,openfacts
8022822003504,openfacts
8022822003788,openfacts
8022822003801,openfacts
8022822003955,openfacts
8022822003979,openfacts
8022822003993,openfacts
8022822004051,openfacts
8022822004150,openfacts
8022822004235,openfacts
8022822004310,openfacts
8022822004358,openfacts
8022822200026,openfacts
8022822200057,openfacts
8022822200071,openfacts
8022822200095,openfacts
8022822200101,openfacts
8022822200132,openfacts
8022822200149,openfacts
8022822200224,openfacts
8022822200248,openfacts
8022822200262,openfacts
8022822200286,openfacts
8022822200323,openfacts
8022822200330,openfacts
8022822200347,openfacts
8022822200354,openfacts
8022822200378,openfacts
8022822200392,openfacts
8022822200446,openfacts
8022822201047,openfacts
8022822201146,openfacts
8022822201306,openfacts
8022822201528,openfacts
8022822201542,openfacts
8022822201603,openfacts
8022822201627,openfacts
8022822201641,openfacts
8022822201665,openfacts
8022822201689,openfacts
8022822201702,openfacts
8022822201788,openfacts
8022822201801,openfacts
8022822201825,openfacts
8022822201849,openfacts
8022822201863,openfacts
8022822201887,openfacts
8022822201900,openfacts
8022822201948,openfacts
8022822201962,openfacts
8022822202020,openfacts
8022822202044,openfacts
8022822202105,openfacts
8022822202181,openfacts
8022822202204,openfacts
8022822202228,openfacts
8022822202327,openfacts
8022822202341,openfacts
8022822202426,openfacts
8022822202440,openfacts
8022822202464,openfacts
8022822202488,openfacts
8022822202662,openfacts
8022822300160,openfacts
8022822300184,openfacts
8022822300481,openfacts
8022822400112,openfacts
8022822400136,openfacts
8022822400174,openfacts
8022822444475,openfacts
8022822500003,openfacts
8022822500027,openfacts
8022822500041,openfacts
8022822500065,openfacts
8022822500089,openfacts
8022822500126,openfacts
8022822500140,openfacts
8022822500164,openfacts
8022822500249,openfacts
8022822600024,openfacts
8022822600062,openfacts
8022822600086,openfacts
8022823600047,openfacts
8022825940653,openfacts
8022836000100,openfacts
8022836000148,openfacts
8022836000216,openfacts
8022836000223,openfacts
8022836000308,openfacts
8022836001206,openfacts
8022836001237,openfacts
8022836001282,openfacts
8022836001299,openfacts
8022836001398,openfacts
8022836002944,openfacts
8022836005426,openfacts
8022836005464,openfacts
8022836005488,openfacts
8022836006096,openfacts
8022836006263,openfacts
8022836006546,openfacts
8022836006843,openfacts
8022840750084,openfacts
8022842000187,openfacts
8022842000279,openfacts
8022842000286,openfacts
8022842002495,openfacts
8022842006011,openfacts
8022842006257,openfacts
8022842100108,openfacts
8022842100993,openfacts
8022850000209,openfacts
8022850101609,openfacts
8022858001338,openfacts
8022859001269,openfacts
8022859003041,openfacts
8022859004017,openfacts
8022859004062,openfacts
8022859004321,openfacts
8022859004420,openfacts
8022859004468,openfacts
8022859004536,openfacts
8022859004963,openfacts
8022859008466,openfacts
8022859008558,openfacts
8022859008565,openfacts
8022859009326,openfacts
8022859009623,openfacts
8022859016812,openfacts
8022859040046,openfacts
8022859040138,openfacts
8022859050540,openfacts
8022859050557,openfacts
8022859056207,openfacts
8022859056405,openfacts
8022859056702,openfacts
8022859060143,openfacts
8022859060259,openfacts
8022859060280,openfacts
8022859070081,openfacts
8022859070272,openfacts
8022859070289,openfacts
8022859070371,openfacts
8022859070494,openfacts
8022859070692,openfacts
8022879000266,openfacts
8022880100047,openfacts
8022880100054,openfacts
8022880100108,openfacts
8022880100160,openfacts
8022880100177,openfacts
8022880100184,openfacts
8022880200020,openfacts
8022880201027,openfacts
8022880210128,openfacts
8022880211125,openfacts
8022880220226,openfacts
8022880300034,openfacts
8022880411013,openfacts
8022880411051,openfacts
8022880411075,openfacts
8022880900012,openfacts
8022882000086,openfacts
8022888007010,openfacts
8022888103019,openfacts
8022888115012,openfacts
8022888159016,openfacts
8022888162016,openfacts
8022888280017,openfacts
8022888310011,openfacts
8022888317010,openfacts
8022888350017,openfacts
8022888355012,openfacts
8022888361013,openfacts
8022888380014,openfacts
8022888650018,openfacts
8022888695019,openfacts
8022888951016,openfacts
8022888956011,openfacts
8022888960018,openfacts
8022892000021,openfacts
8022892000045,openfacts
8022892000083,openfacts
8022892000120,openfacts
8022892000144,openfacts
8022892000182,openfacts
8022892000410,openfacts
8022896000102,openfacts
8022896000119,openfacts
8022896000126,openfacts
8022896000133,openfacts
8022896000225,openfacts
8022896000300,openfacts
8022896000409,openfacts
8022896000515,openfacts
8022901001285,openfacts
8022901001445,openfacts
8022901001469,openfacts
8022901001568,openfacts
8022901001636,openfacts
8022901002022,openfacts
8022901002152,openfacts
8022901002183,openfacts
8022901002619,openfacts
8022901002626,openfacts
8022901002732,openfacts
8022901002848,openfacts
8022901002862,openfacts
8022901003395,openfacts
8022901003791,openfacts
8022903000125,openfacts
8022903000187,openfacts
8022903000194,openfacts
8022903000279,openfacts
8022903000286,openfacts
8022903000293,openfacts
8022903000347,openfacts
8022903000460,openfacts
8022903000477,openfacts
8022903000514,openfacts
8022903000538,openfacts
8022903000569,openfacts
8022903000576,openfacts
8022903000590,openfacts
8022903000705,openfacts
8022903000712,openfacts
8022903000736,openfacts
8022903000750,openfacts
8022903000804,openfacts
8022903000958,openfacts
8022903001689,openfacts
8022903001696,openfacts
8022903001856,openfacts
8022903001870,openfacts
8022903003300,openfacts
8022903103017,openfacts
8022909007692,openfacts
8022909050643,openfacts
8022916008187,openfacts
8022931213009,openfacts
8022931234004,openfacts
8022944900392,openfacts
8022944902006,openfacts
8022944920871,openfacts
8022944970814,openfacts
8022944977417,openfacts
8022947000112,openfacts
8022949132415,openfacts
8022949134228,openfacts
8022949165000,openfacts
8022949182199,openfacts
8022949182212,openfacts
8022950007054,openfacts
8022951000023,openfacts
8022951000085,openfacts
8022951000139,openfacts
8022951001242,openfacts
8022951003000,openfacts
8022951003017,openfacts
8022951003024,openfacts
8022951003048,openfacts
8022951003093,openfacts
8022951004441,openfacts
8022951004472,openfacts
8022951404043,openfacts
8022951985009,openfacts
8022952000183,openfacts
8022964000010,openfacts
8022966000360,openfacts
8022966000544,openfacts
8022966000780,openfacts
8022966001015,openfacts
8022966110014,openfacts
8022966110021,openfacts
8022966110045,openfacts
8022966130005,openfacts
8022966130012,openfacts
8022966130029,openfacts
8022966130043,openfacts
8022966310001,openfacts
8022966310025,openfacts
8022966312005,openfacts
8022966312043,openfacts
8022966332003,openfacts
8022966332041,openfacts
8022966350106,openfacts
8022966351103,openfacts
8022966352100,openfacts
8022966353107,openfacts
8022966354104,openfacts
8022966355101,openfacts
8022966356108,openfacts
8022966358102,openfacts
8022966510012,openfacts
8022966510029,openfacts
8022966510043,openfacts
8022966510104,openfacts
8022966520004,openfacts
8022966520042,openfacts
8022966530003,openfacts
8022966530010,openfacts
8022966530027,openfacts
8022966581005,openfacts
8022966710009,openfacts
8022966910003,openfacts
8022966910027,openfacts
8022966930001,openfacts
8022973000100,openfacts
8023001000079,openfacts
8023001000239,openfacts
8023001000246,openfacts
8023001000727,openfacts
8023001001311,openfacts
8023001001342,openfacts
8023001001373,openfacts
8023001001380,openfacts
8023001001885,openfacts
8023003020037,openfacts
8023003020068,openfacts
8023003021065,openfacts
8023003250700,openfacts
8023003900001,openfacts
8023003930824,openfacts
8023003931340,openfacts
8023003931593,openfacts
8023003931678,openfacts
8023003931807,openfacts
8023003931838,openfacts
8023003931869,openfacts
8023003931920,openfacts
8023003931937,openfacts
8023003932163,openfacts
8023003932286,openfacts
8023003932293,openfacts
8023003932309,openfacts
8023003932316,openfacts
8023003932453,openfacts
8023003932477,openfacts
8023003932576,openfacts
8023003932767,openfacts
8023003932804,openfacts
8023003932842,openfacts
8023003933504,openfacts
8023003933535,openfacts
8023003933696,openfacts
8023003934280,openfacts
8023003935508,openfacts
8023003935515,openfacts
8023003935638,openfacts
8023003938004,openfacts
8023003939803,openfacts
8023004100004,openfacts
8023004571675,openfacts
8023004573402,openfacts
8023004590393,openfacts
8023004590454,openfacts
8023005010906,openfacts
8023009005090,openfacts
8023009005106,openfacts
8023016000163,openfacts
8023016001382,openfacts
8023016001405,openfacts
8023016001627,openfacts
8023016002013,openfacts
8023016002020,openfacts
8023016002181,openfacts
8023016002211,openfacts
8023016003010,openfacts
8023016003041,openfacts
8023016003072,openfacts
8023016003553,openfacts
8023016003614,openfacts
8023016004109,openfacts
8023016005533,openfacts
8023016005540,openfacts
8023016010209,openfacts
8023016013019,openfacts
8023016013033,openfacts
8023016013040,openfacts
8023016014818,openfacts
8023016018045,openfacts
8023016021021,openfacts
8023016023018,openfacts
8023016023025,openfacts
8023016023148,openfacts
8023016023162,openfacts
8023016023193,openfacts
8023016023230,openfacts
8023016023421,openfacts
8023016023506,openfacts
8023016023629,openfacts
8023016023971,openfacts
8023016024015,openfacts
8023016024022,openfacts
8023016024251,openfacts
8023016026040,openfacts
8023016026217,openfacts
8023016030160,openfacts
8023016030245,openfacts
8023016033154,openfacts
8023016037817,openfacts
8023016038708,openfacts
8023016040060,openfacts
8023016040091,openfacts
8023016050601,openfacts
8023016080028,openfacts
8023016080035,openfacts
8023016080288,openfacts
8023016080295,openfacts
8023016080509,openfacts
8023016090645,openfacts
8023016090690,openfacts
8023016114006,openfacts
8023016121004,openfacts
8023016225009,openfacts
8023016238009,openfacts
8023016250100,openfacts
8023016310408,openfacts
8023016310507,openfacts
8023016903082,openfacts
8023016918024,openfacts
8023016990303,openfacts
8023021000066,openfacts
8023022032004,openfacts
8023022032011,openfacts
8023022072055,openfacts
8023022073052,openfacts
8023022073458,openfacts
8023026001884,openfacts
8023026001976,openfacts
8023026002034,openfacts
8023026002508,openfacts
8023026002546,openfacts
8023026002898,openfacts
8023026003215,openfacts
8023026003239,openfacts
8023026003512,openfacts
8023026003697,openfacts
8023026003970,openfacts
8023026003987,openfacts
8023026004656,openfacts
8023026004793,openfacts
8023026004847,openfacts
8023026004854,openfacts
8023026005424,openfacts
8023026005431,openfacts
8023026005523,openfacts
8023036000013,openfacts
8023036001065,openfacts
8023037107018,openfacts
8023037302017,openfacts
8023037305018,openfacts
8023037405015,openfacts
8023037500062,openfacts
8023045000073,openfacts
8023045001001,openfacts
8023045004767,openfacts
8023045005368,openfacts
8023045007027,openfacts
8023045007126,openfacts
8023045007188,openfacts
8023045007201,openfacts
8023045007225,openfacts
8023045007270,openfacts
8023045007287,openfacts
8023045007546,openfacts
8023045007577,openfacts
8023045007621,openfacts
8023045007867,openfacts
8023045007904,openfacts
8023045008635,openfacts
8023045071400,openfacts
8023045072407,openfacts
8023045072506,openfacts
8023045072605,openfacts
8023045200701,openfacts
8023045200718,openfacts
8023045201159,openfacts
8023045201180,openfacts
8023045205010,openfacts
8023045207182,openfacts
8023045207199,openfacts
8023045207205,openfacts
8023045207373,openfacts
8023045207380,openfacts
8023045207397,openfacts
8023045207427,openfacts
8023045207519,openfacts
8023045207977,openfacts
8023045208592,openfacts
8023045303501,openfacts
8023045332006,openfacts
8023045509842,openfacts
8023045777005,openfacts
8023045779009,openfacts
8023045885007,openfacts
8023049020183,openfacts
8023050000068,openfacts
8023050000082,openfacts
8023050000280,openfacts
8023050000389,openfacts
8023050000921,openfacts
8023051001460,openfacts
8023065108186,openfacts
8023065113173,openfacts
8023065113241,openfacts
8023065113272,openfacts
8023065113777,openfacts
8023065114286,openfacts
8023065114323,openfacts
8023065114422,openfacts
8023065115542,openfacts
8023065115917,openfacts
8023065116006,openfacts
8023065116013,openfacts
8023065116020,openfacts
8023065116044,openfacts
8023065116143,openfacts
8023065116150,openfacts
8023065117225,openfacts
8023065117300,openfacts
8023065117324,openfacts
8023065117331,openfacts
8023065117348,openfacts
8023065117935,openfacts
8023065118017,openfacts
8023065118031,openfacts
8023065118055,openfacts
8023065118079,openfacts
8023065118864,openfacts
8023065119106,openfacts
8023065119175,openfacts
8023065119526,openfacts
8023065119533,openfacts
8023065119564,openfacts
8023065119601,openfacts
8023065119694,openfacts
8023065119700,openfacts
8023065119939,openfacts
8023065120034,openfacts
8023065120232,openfacts
8023065120324,openfacts
8023065120331,openfacts
8023065120348,openfacts
8023065120546,openfacts
8023065120768,openfacts
8023065121307,openfacts
8023065121314,openfacts
8023065121703,openfacts
8023065121925,openfacts
8023065121932,openfacts
8023065121949,openfacts
8023065122052,openfacts
8023065122083,openfacts
8023065122656,openfacts
8023065123356,openfacts
8023074000013,openfacts
8023074000020,openfacts
8023074000037,openfacts
8023074000075,openfacts
8023074000082,openfacts
8023074000099,openfacts
8023074000105,openfacts
8023074000150,usda
8023074000181,openfacts
8023074000228,openfacts
8023074000266,openfacts
8023074000297,openfacts
8023074000303,openfacts
8023074000310,openfacts
8023074000402,openfacts
8023074000426,openfacts
8023074000440,openfacts
8023074000488,openfacts
8023074000556,openfacts
8023074000563,openfacts
8023074000570,openfacts
8023074000617,openfacts
8023074002178,openfacts
8023074002291,openfacts
8023074002307,openfacts
8023074002598,openfacts
8023074002734,openfacts
8023074002741,openfacts
8023074002758,openfacts
8023074003014,openfacts
8023074003021,openfacts
8023074003045,openfacts
8023074003076,openfacts
8023074003083,openfacts
8023074003366,openfacts
8023074003557,openfacts
8023074004202,openfacts
8023074004295,openfacts
8023074004493,openfacts
8023074004523,openfacts
8023074004530,openfacts
8023074004547,openfacts
8023074004592,openfacts
8023074004677,openfacts
8023074004721,openfacts
8023074004899,openfacts
8023074004936,openfacts
8023074005094,openfacts
8023074005469,openfacts
8023074005506,openfacts
8023074006077,openfacts
8023074006442,openfacts
8023074006510,openfacts
8023074006633,openfacts
8023074006640,openfacts
8023074006848,openfacts
8023083002848,openfacts
8023083004767,openfacts
8023083005702,openfacts
8023083005771,openfacts
8023083100124,openfacts
8023083100575,openfacts
8023083100728,openfacts
8023083100841,openfacts
8023083101022,openfacts
8023083101053,openfacts
8023083101213,openfacts
8023083102012,openfacts
8023083200312,openfacts
8023083200558,openfacts
8023083200763,openfacts
8023083204921,openfacts
8023083300265,openfacts
8023083300296,openfacts
8023083300326,openfacts
8023083301422,openfacts
8023083301453,openfacts
8023083302368,openfacts
8023083302665,openfacts
8023085090447,openfacts
8023085090454,openfacts
8023085090461,openfacts
8023085090485,openfacts
8023085090492,openfacts
8023085090515,openfacts
8023085090553,openfacts
8023085090621,openfacts
8023085090638,openfacts
8023085090652,openfacts
8023085090744,openfacts
8023085090768,openfacts
8023085090874,openfacts
8023085090997,openfacts
8023085091864,openfacts
8023085092175,openfacts
8023085092229,openfacts
8023085092717,openfacts
8023085092939,openfacts
8023085093035,openfacts
8023085093134,openfacts
8023085093226,openfacts
8023085093233,openfacts
8023085093752,openfacts
8023085094285,openfacts
8023085095435,openfacts
8023085300652,openfacts
8023088080209,openfacts
8023088081008,openfacts
8023088081503,openfacts
8023088081510,openfacts
8023088081527,openfacts
8023088081541,openfacts
8023088082401,openfacts
8023088082586,openfacts
8023088082593,openfacts
8023088083026,openfacts
8023088089554,openfacts
8023088089561,openfacts
8023088089714,openfacts
8023088089745,openfacts
8023088815504,openfacts
8023098000136,openfacts
8023098000143,openfacts
8023098001621,openfacts
8023098002123,openfacts
8023099000203,openfacts
8023099005000,openfacts
8023099038046,openfacts
8023106100018,openfacts
8023107000003,openfacts
8023107000775,openfacts
8023107002120,openfacts
8023107003325,openfacts
8023109000179,openfacts
8023112823192,openfacts
8023114101014,openfacts
8023137000691,openfacts
8023137061005,openfacts
8023137107710,openfacts
8023137209667,openfacts
8023137222222,openfacts
8023137231217,openfacts
8023137444440,openfacts
8023138000966,openfacts
8023138000980,openfacts
8023138200052,openfacts
8023139000026,openfacts
8023139000033,openfacts
8023139000439,openfacts
8023139000460,openfacts
8023139000705,openfacts
8023139000934,openfacts
8023139000941,openfacts
8023139001009,openfacts
8023139007032,openfacts
8023139007094,openfacts
8023139007353,openfacts
8023139007384,openfacts
8023147557628,openfacts
8023166000167,openfacts
8023166000501,openfacts
8023166000709,openfacts
8023166000761,openfacts
8023166000808,openfacts
8023166003007,openfacts
8023166004004,openfacts
8023166010005,openfacts
8023166120001,openfacts
8023166130000,openfacts
8023166555780,openfacts
8023166555797,openfacts
8023166555858,openfacts
8023166555865,openfacts
8023166555926,openfacts
8023166600169,openfacts
8023166600275,openfacts
8023166600428,openfacts
8023166600442,openfacts
8023166600534,openfacts
8023169026171,openfacts
8023171033518,openfacts
8023171037745,openfacts
8023171037820,openfacts
8023174000180,openfacts
8023174010615,openfacts
8023174020157,openfacts
8023174020164,openfacts
8023174021697,openfacts
8023179000727,openfacts
8023179000741,openfacts
8023179851008,openfacts
8023179854009,openfacts
8023179856003,openfacts
8023179857000,openfacts
8023180001515,openfacts
8023180001614,openfacts
8023180010562,openfacts
8023180010814,openfacts
8023180010944,openfacts
8023180011446,openfacts
8023180011453,openfacts
8023180011477,openfacts
8023180011569,openfacts
8023180011620,openfacts
8023181002580,openfacts
8023181002689,openfacts
8023188700083,openfacts
8023192000032,openfacts
8023192000087,openfacts
8023192000155,openfacts
8023192000162,openfacts
8023192000186,openfacts
8023192000285,openfacts
8023192000520,openfacts
8023192000544,openfacts
8023192000551,openfacts
8023192000568,openfacts
8023192000599,openfacts
8023192000605,openfacts
8023192000643,openfacts
8023192000766,openfacts
8023192000797,openfacts
8023192000803,openfacts
8023192000957,openfacts
8023192000964,openfacts
8023192001107,openfacts
8023192001275,openfacts
8023192001442,openfacts
8023192001664,openfacts
8023192001985,openfacts
8023192003187,openfacts
8023192003729,openfacts
8023192003859,openfacts
8023192006805,openfacts
8023192008687,openfacts
8023192008762,openfacts
8023192008779,openfacts
8023192008892,openfacts
8023192009226,openfacts
8023192009233,openfacts
8023192009271,openfacts
8023192009349,openfacts
8023192009370,openfacts
8023192009486,openfacts
8023192009776,usda
8023192009783,usda
8023192009899,openfacts
8023192009905,openfacts
8023192010147,openfacts
8023192010192,openfacts
8023192010406,openfacts
8023192011434,openfacts
8023192011465,openfacts
8023192012073,openfacts
8023192012110,openfacts
8023192012134,openfacts
8023192012158,openfacts
8023192012509,openfacts
8023192013087,openfacts
8023192013094,openfacts
8023192013117,openfacts
8023192013643,openfacts
8023192014169,openfacts
8023192014572,openfacts
8023192015982,openfacts
8023192016026,openfacts
8023192016477,openfacts
8023192016590,openfacts
8023192016620,openfacts
8023192016675,openfacts
8023192016729,openfacts
8023192016736,openfacts
8023192016774,openfacts
8023192016798,openfacts
8023192017214,openfacts
8023192018266,openfacts
8023192018273,openfacts
8023192018280,openfacts
8023192018518,openfacts
8023201010083,openfacts
8023211402755,openfacts
8023211402786,openfacts
8023211402823,openfacts
8023219100158,openfacts
8023219100639,openfacts
8023219101001,openfacts
8023219101018,openfacts
8023219101025,openfacts
8023219101032,openfacts
8023219101049,openfacts
8023219102008,openfacts
8023219102015,openfacts
8023219102022,openfacts
8023219102039,openfacts
8023219102046,openfacts
8023219104019,openfacts
8023219104026,openfacts
8023219104033,openfacts
8023219104040,openfacts
8023219104910,openfacts
8023219104941,openfacts
8023219105009,openfacts
8023219105016,openfacts
8023219105030,openfacts
8023219105078,openfacts
8023219105108,openfacts
8023219106020,openfacts
8023219107119,openfacts
8023219107133,openfacts
8023219151020,openfacts
8023219152027,openfacts
8023219181065,openfacts
8023222012301,openfacts
8023222044074,openfacts
8023222143616,openfacts
8023222196681,openfacts
8023222219656,openfacts
8023230001533,openfacts
8023233151020,openfacts
8023236001490,openfacts
8023236006709,openfacts
8023236007478,openfacts
8023237042126,openfacts
8023237111112,openfacts
8023237122811,openfacts
8023237123115,openfacts
8023237155109,openfacts
8023237155192,openfacts
8023237222221,openfacts
8023237333330,openfacts
8023237604218,openfacts
8023239010253,openfacts
8023239010260,openfacts
8023239010284,openfacts
8023239010659,openfacts
8023239030268,openfacts
8023239040250,openfacts
8023240000076,openfacts
8023240000908,openfacts
8023240002186,openfacts
8023240002193,openfacts
8023240002445,openfacts
8023242000012,openfacts
8023242000302,openfacts
8023242000319,openfacts
8023242000326,openfacts
8023242000333,openfacts
8023242000401,openfacts
8023242000418,openfacts
8023242000449,openfacts
8023242000463,openfacts
8023242000470,openfacts
8023242000494,openfacts
8023242000500,openfacts
8023242000548,openfacts
8023242000555,openfacts
8023242000562,openfacts
8023242000647,openfacts
8023244000386,openfacts
8023263000015,openfacts
8023263000039,openfacts
8023263000176,openfacts
8023263000480,openfacts
8023263000527,openfacts
8023263000534,openfacts
8023263000541,openfacts
8023263000565,openfacts
8023263000589,openfacts
8023263000602,openfacts
8023263000701,openfacts
8023263000718,openfacts
8023263000732,openfacts
8023263000749,openfacts
8023263000756,openfacts
8023263000770,openfacts
8023263000787,openfacts
8023263000794,openfacts
8023267000011,openfacts
8023290610027,openfacts
8023290610034,openfacts
8023290610041,openfacts
8023290610249,openfacts
8023293071061,openfacts
8023298119225,openfacts
8023301166208,openfacts
8023304041861,openfacts
8023312000089,openfacts
8023312000577,openfacts
8023312000584,openfacts
8023312000591,openfacts
8023312001659,openfacts
8023312001673,openfacts
8023312001680,openfacts
8023312001802,openfacts
8023312001840,openfacts
8023312001857,openfacts
8023312002670,openfacts
8023312003363,openfacts
8023312004322,openfacts
8023312004964,openfacts
8023312005336,openfacts
8023312007019,openfacts
8023312007071,openfacts
8023312311123,openfacts
8023317010557,openfacts
8023317011103,openfacts
8023324000022,openfacts
8023324000404,openfacts
8023327000005,openfacts
8023327000104,openfacts
8023327000210,openfacts
8023327000609,openfacts
8023328210212,openfacts
8023330740578,openfacts
8023331040097,openfacts
8023331040219,openfacts
8023331040332,openfacts
8023331040349,openfacts
8023331040363,openfacts
8023331040622,openfacts
8023331040639,openfacts
8023331040653,openfacts
8023331040684,openfacts
8023331040783,openfacts
8023331040820,openfacts
8023331040844,openfacts
8023331040967,openfacts
8023331041315,openfacts
8023331041452,openfacts
8023331041544,openfacts
8023331041568,openfacts
8023331041575,openfacts
8023331041599,openfacts
8023331041681,openfacts
8023331041742,openfacts
8023331042138,openfacts
8023331042169,openfacts
8023331042176,openfacts
8023331042459,openfacts
8023331043661,openfacts
8023331044194,openfacts
8023331044293,openfacts
8023331044620,openfacts
8023331045252,openfacts
8023331045276,openfacts
8023331045474,openfacts
8023331045818,openfacts
8023331045849,openfacts
8023331046327,openfacts
8023331047225,openfacts
8023331047294,openfacts
8023331047317,openfacts
8023331047324,openfacts
8023331047331,openfacts
8023331047355,openfacts
8023331047362,openfacts
8023331047379,openfacts
8023331047386,openfacts
8023331047393,openfacts
8023331047416,openfacts
8023331047454,openfacts
8023331047492,openfacts
8023331047508,openfacts
8023331047515,openfacts
8023331047522,openfacts
8023331047539,openfacts
8023331047546,openfacts
8023331047553,openfacts
8023331047560,openfacts
8023331047621,openfacts
8023331047638,openfacts
8023331047737,openfacts
8023331047744,openfacts
8023331047805,openfacts
8023331047829,openfacts
8023331047843,openfacts
8023331048932,openfacts
8023331048970,openfacts
8023331048994,openfacts
8023331049212,openfacts
8023331049229,openfacts
8023331049236,openfacts
8023331049243,openfacts
8023331049250,openfacts
8023331049267,openfacts
8023331049274,openfacts
8023331049298,openfacts
8023331049304,openfacts
8023331049335,openfacts
8023331049342,openfacts
8023331049359,openfacts
8023331049373,openfacts
8023331049380,openfacts
8023331049397,openfacts
8023331049403,openfacts
8023331049410,openfacts
8023331049427,openfacts
8023331049434,openfacts
8023331049458,openfacts
8023331049465,openfacts
8023331049502,openfacts
8023331049533,openfacts
8023331049564,openfacts
8023331049571,openfacts
8023331049588,openfacts
8023331049601,openfacts
8023331049618,openfacts
8023331049625,openfacts
8023331049632,openfacts
8023331049656,openfacts
8023331049663,openfacts
8023331049670,openfacts
8023331049694,openfacts
8023331049700,openfacts
8023331049717,openfacts
8023331049724,openfacts
8023331049731,openfacts
8023331049748,openfacts
8023331049755,openfacts
8023331049762,openfacts
8023331049779,openfacts
8023331049786,openfacts
8023331049793,openfacts
8023331049809,openfacts
8023331049878,openfacts
8023331049892,openfacts
8023331049908,openfacts
8023331049939,openfacts
8023331049977,openfacts
8023331231334,openfacts
8023331444499,openfacts
8023336339011,openfacts
8023336340017,openfacts
8023336340024,openfacts
8023336343018,openfacts
8023336344039,openfacts
8023336344053,openfacts
8023342001025,openfacts
8023346000017,openfacts
8023346000093,openfacts
8023346000178,openfacts
8023352000018,openfacts
8023352000049,openfacts
8023352000193,openfacts
8023354014112,openfacts
8023354020113,openfacts
8023354022810,openfacts
8023354024418,openfacts
8023354024517,openfacts
8023354030112,openfacts
8023354033618,openfacts
8023354040111,openfacts
8023354040968,openfacts
8023354041316,openfacts
8023354042818,openfacts
8023354046311,openfacts
8023354050912,openfacts
8023354060119,openfacts
8023354060317,openfacts
8023354060713,openfacts
8023354060911,openfacts
8023354060966,openfacts
8023354061017,openfacts
8023354062816,openfacts
8023354063318,openfacts
8023354066012,openfacts
8023354066319,openfacts
8023354072518,openfacts
8023354080117,openfacts
8023354091311,openfacts
8023354092912,openfacts
8023354130812,openfacts
8023354130911,openfacts
8023354131314,openfacts
8023354131918,openfacts
8023354132113,openfacts
8023354132410,openfacts
8023354132519,openfacts
8023354133714,openfacts
8023354133738,openfacts
8023354150117,openfacts
8023354161250,openfacts
8023354161267,openfacts
8023354170917,openfacts
8023354320916,openfacts
8023354325010,openfacts
8023358000012,openfacts
8023358000036,openfacts
8023358000043,openfacts
8023358000098,openfacts
8023358000104,openfacts
8023358000111,openfacts
8023358000135,openfacts
8023358000166,openfacts
8023358000258,openfacts
8023358000265,openfacts
8023358000272,openfacts
8023358000289,openfacts
8023358000470,openfacts
8023358000524,openfacts
8023358000548,openfacts
8023358000586,openfacts
8023358000838,openfacts
8023358000845,openfacts
8023358000937,openfacts
8023358000968,openfacts
8023358001941,openfacts
8023358001996,openfacts
8023358002955,openfacts
8023358071838,openfacts
8023361019421,openfacts
8023376860308,openfacts
8023384579964,openfacts
8023388462316,openfacts
8023396000173,openfacts
8023400000243,openfacts
8023400001110,openfacts
8023400001660,openfacts
8023400002681,openfacts
8023400002698,openfacts
8023400003145,openfacts
8023400003817,openfacts
8023400003848,openfacts
8023400003862,openfacts
8023400004029,openfacts
8023400004036,openfacts
8023400004050,openfacts
8023400006313,openfacts
8023400006436,openfacts
8023400006566,openfacts
8023400007068,openfacts
8023400007181,openfacts
8023400007358,openfacts
8023400025918,openfacts
8023400034033,openfacts
8023400036433,openfacts
8023400037355,openfacts
8023400040782,openfacts
8023400041499,openfacts
8023400043882,openfacts
8023400046388,openfacts
8023400046586,openfacts
8023400052914,openfacts
8023400063743,openfacts
8023400102657,openfacts
8023401000129,openfacts
8023401000310,openfacts
8023401000327,openfacts
8023401000334,openfacts
8023401000341,openfacts
8023401000365,openfacts
8023401000389,openfacts
8023401000396,openfacts
8023401000709,openfacts
8023401001119,openfacts
8023401002307,openfacts
8023401005018,openfacts
8023401005254,openfacts
8023401005605,openfacts
8023401005803,openfacts
8023401006305,openfacts
8023401021001,openfacts
8023401026228,openfacts
8023401099017,openfacts
8023401099031,openfacts
8023401099048,openfacts
8023401099055,openfacts
8023401099062,openfacts
8023401099079,openfacts
8023401099086,openfacts
8023410000738,openfacts
8023410000783,openfacts
8023410000813,openfacts
8023410000967,openfacts
8023410001100,openfacts
8023410001704,openfacts
8023410002305,openfacts
8023410002503,openfacts
8023410074005,openfacts
8023415000047,openfacts
8023417000076,openfacts
8023417000083,openfacts
8023422188875,openfacts
8023422188882,openfacts
8023422188899,openfacts
8023422188905,openfacts
8023422188912,openfacts
8023422188936,openfacts
8023422188943,openfacts
8023422188974,openfacts
8023422188981,openfacts
8023422190779,openfacts
8023422190816,openfacts
8023422190823,openfacts
8023422190830,openfacts
8023422190847,openfacts
8023422190854,openfacts
8023422198744,openfacts
8023422198768,openfacts
8023422211245,openfacts
8023422211290,openfacts
8023422211306,openfacts
8023422211320,openfacts
8023422211337,openfacts
8023422228502,openfacts
8023422235005,openfacts
8023422240306,openfacts
8023422269864,openfacts
8023422295184,openfacts
8023422389968,openfacts
8023432900306,openfacts
8023436000040,openfacts
8023436000187,openfacts
8023436000743,openfacts
8023436001856,openfacts
8023436002105,openfacts
8023436002235,openfacts
8023436002297,openfacts
8023452000048,openfacts
8023452000482,openfacts
8023452000512,openfacts
8023452000536,openfacts
8023452000543,openfacts
8023453488432,openfacts
8023469000048,openfacts
8023469000055,openfacts
8023477065046,openfacts
8023481000033,openfacts
8023483004305,openfacts
8023483004428,openfacts
8023483004466,openfacts
8023483005081,openfacts
8023483005098,openfacts
8023483005685,openfacts
8023492000015,openfacts
8023492000022,openfacts
8023492000039,openfacts
8023492000046,openfacts
8023492000053,openfacts
8023492000060,openfacts
8023492000077,openfacts
8023492000084,openfacts
8023492000091,openfacts
8023492000114,openfacts
8023492000176,openfacts
8023492000237,openfacts
8023492000244,openfacts
8023492000268,openfacts
8023492000312,openfacts
8023492000329,openfacts
8023492000336,openfacts
8023492000343,openfacts
8023492000350,openfacts
8023492000367,openfacts
8023492000404,openfacts
8023492000411,openfacts
8023492000435,openfacts
8023492000442,openfacts
8023492000459,openfacts
8023492000480,openfacts
8023492000541,openfacts
8023492000589,openfacts
8023492000640,openfacts
8023492000671,openfacts
8023492000695,openfacts
8023492000824,openfacts
8023492000916,openfacts
8023492000961,openfacts
8023492000985,openfacts
8023492001012,openfacts
8023492001029,openfacts
8023492001043,openfacts
8023492001104,openfacts
8023492001197,openfacts
8023492001357,openfacts
8023492001371,openfacts
8023492001418,openfacts
8023492001425,openfacts
8023492001487,openfacts
8023492001531,openfacts
8023492001555,openfacts
8023492001562,openfacts
8023492001579,openfacts
8023492001586,openfacts
8023492001616,openfacts
8023492001623,openfacts
8023492001715,openfacts
8023492001746,openfacts
8023492001753,openfacts
8023492001807,openfacts
8023492001845,openfacts
8023492001852,openfacts
8023492001982,openfacts
8023492001999,openfacts
8023492002149,openfacts
8023492002323,openfacts
8023492002354,openfacts
8023492002385,openfacts
8023492002521,openfacts
8023492002613,openfacts
8023492002620,openfacts
8023492002699,openfacts
8023492002705,openfacts
8023492002736,openfacts
8023492002750,openfacts
8023492002804,openfacts
8023492002811,openfacts
8023492002835,openfacts
8023492002866,openfacts
8023492002873,openfacts
8023492002880,openfacts
8023492002897,openfacts
8023492002903,openfacts
8023492002927,openfacts
8023492002934,openfacts
8023492002941,openfacts
8023492002965,openfacts
8023492003016,openfacts
8023492003023,openfacts
8023492003047,openfacts
8023492003191,openfacts
8023492003214,openfacts
8023492003252,openfacts
8023492003269,openfacts
8023492003344,openfacts
8023492003733,openfacts
8023492003740,openfacts
8023492003757,openfacts
8023492003764,openfacts
8023492003795,openfacts
8023492003825,openfacts
8023492003986,openfacts
8023492003993,openfacts
8023492004051,openfacts
8023492004068,openfacts
8023492004211,openfacts
8023492004228,openfacts
8023492004235,openfacts
8023492004259,openfacts
8023492004273,openfacts
8023492004280,openfacts
8023492004297,openfacts
8023492004303,openfacts
8023492004358,openfacts
8023492004365,openfacts
8023492004372,openfacts
8023492004464,openfacts
8023492004518,openfacts
8023492004532,openfacts
8023492004549,openfacts
8023492004556,openfacts
8023492004587,openfacts
8023492004617,openfacts
8023492004624,openfacts
8023492004655,openfacts
8023492004679,openfacts
8023492004693,openfacts
8023492004709,openfacts
8023492004716,openfacts
8023492004723,openfacts
8023492004785,openfacts
8023492004952,openfacts
8023492006314,openfacts
8023492006444,openfacts
8023492930176,openfacts
8023496010942,openfacts
8023498031013,openfacts
8023498071316,openfacts
8023498131218,openfacts
8023498181152,openfacts
8023498200228,openfacts
8023498200419,openfacts
8023498291080,openfacts
8023498369468,openfacts
8023498651754,openfacts
8023498716781,openfacts
8023504000064,openfacts
8023504000095,openfacts
8023504000187,openfacts
8023504000200,openfacts
8023504000477,openfacts
8023504000484,openfacts
8023504000644,openfacts
8023504000804,openfacts
8023504000828,openfacts
8023511000132,openfacts
8023511000194,openfacts
8023518001019,openfacts
8023518001149,openfacts
8023519232320,openfacts
8023519505035,openfacts
8023537000437,openfacts
8023537000598,openfacts
8023537003360,openfacts
8023537503549,openfacts
8023537504157,openfacts
8023537600125,openfacts
8023537901291,openfacts
8023542321152,openfacts
8023542331151,openfacts
8023542466013,openfacts
8023542561831,openfacts
8023542561855,openfacts
8023542562319,openfacts
8023542770196,openfacts
8023542770202,openfacts
8023545000016,openfacts
8023545002102,openfacts
8023545011760,openfacts
8023545017335,openfacts
8023545019551,openfacts
8023545060379,openfacts
8023545120226,openfacts
8023550207516,openfacts
8023570937301,openfacts
8023574100008,openfacts
8023588100162,openfacts
8023588160081,openfacts
8023589501838,openfacts
8023589501920,openfacts
8023592000007,openfacts
8023592000014,openfacts
8023592000083,openfacts
8023592000090,openfacts
8023592007082,openfacts
8023592007112,openfacts
8023594000593,openfacts
8023619000065,openfacts
8023619001086,openfacts
8023629400015,openfacts
8023629400046,openfacts
8023629400060,openfacts
8023630010203,openfacts
8023636030175,openfacts
8023636030267,openfacts
8023637000016,openfacts
8023637000023,openfacts
8023637000030,openfacts
8023637000054,openfacts
8023637000061,openfacts
8023637000078,openfacts
8023637000085,openfacts
8023637000092,openfacts
8023637000122,openfacts
8023637000146,openfacts
8023637000153,openfacts
8023637000160,openfacts
8023637000177,openfacts
8023637000184,openfacts
8023637000191,openfacts
8023637000207,openfacts
8023637000245,openfacts
8023637000269,openfacts
8023637000276,openfacts
8023637000290,openfacts
8023637000306,openfacts
8023637000313,openfacts
8023637000320,openfacts
8023637000337,openfacts
8023637000375,openfacts
8023637000405,openfacts
8023637000429,openfacts
8023637000436,openfacts
8023637000528,openfacts
8023637000658,openfacts
8023637000665,openfacts
8023637200294,openfacts
8023637200485,openfacts
8023637200508,openfacts
8023637200539,openfacts
8023637200751,openfacts
8023637200911,openfacts
8023637201079,openfacts
8023637201130,openfacts
8023637201475,openfacts
8023637201994,openfacts
8023637202113,openfacts
8023637202304,openfacts
8023652000367,openfacts
8023665000026,openfacts
8023665000033,openfacts
8023665000064,openfacts
8023666000667,openfacts
8023666001077,openfacts
8023666001282,openfacts
8023666004368,openfacts
8023666104532,openfacts
8023666195691,openfacts
8023666195714,openfacts
8023666197862,openfacts
8023666503014,openfacts
8023666503045,openfacts
8023666504080,openfacts
8023666700321,openfacts
8023666700529,openfacts
8023666703001,openfacts
8023666704138,openfacts
8023666704152,openfacts
8023666704176,openfacts
8023666803503,openfacts
8023666805019,openfacts
8023666861015,openfacts
8023666961234,openfacts
8023676561332,openfacts
8023678161288,openfacts
8023678161332,openfacts
8023678161363,openfacts
8023678161387,openfacts
8023678161394,openfacts
8023678161455,openfacts
8023678161486,openfacts
8023678161493,openfacts
8023678161707,openfacts
8023678162209,openfacts
8023678162216,openfacts
8023678162315,openfacts
8023678162322,openfacts
8023678162346,openfacts
8023678162360,openfacts
8023678162384,openfacts
8023678162391,openfacts
8023678162438,openfacts
8023678162445,openfacts
8023678162452,openfacts
8023678162476,openfacts
8023678162506,openfacts
8023678162520,openfacts
8023678162575,openfacts
8023678162612,openfacts
8023678163121,openfacts
8023678164517,openfacts
8023678164807,openfacts
8023678165101,openfacts
8023678261353,openfacts
8023678261407,openfacts
8023678261421,openfacts
8023678261438,openfacts
8023678262305,openfacts
8023678263104,openfacts
8023678263128,openfacts
8023678423102,openfacts
8023678423225,openfacts
8023678423300,openfacts
8023678423409,openfacts
8023678424154,openfacts
8023678425106,openfacts
8023678425205,openfacts
8023678425304,openfacts
8023678425403,openfacts
8023678426103,openfacts
8023678427100,openfacts
8023678427124,openfacts
8023678427162,openfacts
8023678427186,openfacts
8023678427209,openfacts
8023678427223,openfacts
8023678444206,openfacts
8023678447443,openfacts
8023678451501,openfacts
8023678451518,openfacts
8023678452409,openfacts
8023678452416,openfacts
8023678457206,openfacts
8023678457220,openfacts
8023678458500,openfacts
8023678458555,openfacts
8023678459200,openfacts
8023678459224,openfacts
8023678459309,openfacts
8023678459316,openfacts
8023678461227,openfacts
8023678461234,openfacts
8023678727248,openfacts
8023678727866,openfacts
8023678727927,openfacts
8023678727958,openfacts
8023678727972,openfacts
8023678727996,openfacts
8023678728047,openfacts
8023678728078,openfacts
8023678728191,openfacts
8023678728238,openfacts
8023678728269,openfacts
8023678728290,openfacts
8023678728337,openfacts
8023678728344,openfacts
8023678728351,openfacts
8023678728382,openfacts
8023678728399,openfacts
8023678728405,openfacts
8023678728566,openfacts
8023678728580,openfacts
8023678728641,openfacts
8023678728658,openfacts
8023678728672,openfacts
8023678728689,openfacts
8023678728702,openfacts
8023678728719,openfacts
8023678728726,openfacts
8023678728733,openfacts
8023678728757,openfacts
8023678728764,openfacts
8023678728832,openfacts
8023678728856,openfacts
8023678728870,openfacts
8023678728894,openfacts
8023678728917,openfacts
8023678728931,openfacts
8023678728955,openfacts
8023678728979,openfacts
8023678729013,openfacts
8023678729037,openfacts
8023678729051,openfacts
8023678729099,openfacts
8023678729112,openfacts
8023678729136,openfacts
8023678729150,openfacts
8023678729310,openfacts
8023678729372,openfacts
8023678729396,openfacts
8023678729419,openfacts
8023678729433,openfacts
8023678729563,openfacts
8023678729570,openfacts
8023678729594,openfacts
8023678729600,openfacts
8023678729624,openfacts
8023678729631,openfacts
8023678729655,openfacts
8023678729662,openfacts
8023678729686,openfacts
8023678729693,openfacts
8023678729716,openfacts
8023678729723,openfacts
8023678729747,openfacts
8023678729808,openfacts
8023678729822,openfacts
8023678729846,openfacts
8023678729860,openfacts
8023678729884,openfacts
8023678729907,openfacts
8023678729921,openfacts
8023678730033,openfacts
8023678730057,openfacts
8023678730095,openfacts
8023678730118,openfacts
8023678730132,openfacts
8023678730194,openfacts
8023678730217,openfacts
8023678730231,openfacts
8023678730262,openfacts
8023678730323,openfacts
8023678730347,openfacts
8023678730361,openfacts
8023678730439,openfacts
8023678730477,openfacts
8023678730491,openfacts
8023678730552,openfacts
8023678730606,openfacts
8023678730668,openfacts
8023678730873,openfacts
8023678731344,openfacts
8023678731368,openfacts
8023678731382,openfacts
8023678731689,openfacts
8023678731702,openfacts
8023678731771,openfacts
8023678732068,openfacts
8023678732228,openfacts
8023678744313,openfacts
8023684030165,openfacts
8023684030202,openfacts
8023684030226,openfacts
8023684032435,openfacts
8023684036761,openfacts
8023684037157,openfacts
8023684037959,openfacts
8023684037997,openfacts
8023684038048,openfacts
8023684039359,openfacts
8023684050163,openfacts
8023691000014,openfacts
8023691000076,openfacts
8023691000175,openfacts
8023691000281,openfacts
8023691000335,openfacts
8023691000489,openfacts
8023691000502,openfacts
8023691000557,openfacts
8023691000588,openfacts
8023691000601,openfacts
8023696000088,openfacts
8023696000279,openfacts
8023696000309,openfacts
8023696000354,openfacts
8023696000422,openfacts
8023696000453,openfacts
8023696000460,openfacts
8023696000491,openfacts
8023696000620,openfacts
8023696000651,openfacts
8023696000675,openfacts
8023696001467,openfacts
8023696001795,openfacts
8023696002174,openfacts
8023696002181,openfacts
8023696002235,openfacts
8023696003331,openfacts
8023696003461,openfacts
8023696004994,openfacts
8023696005120,openfacts
8023696005137,openfacts
8023696005441,openfacts
8023696005458,openfacts
8023696005762,openfacts
8023696005908,openfacts
8023696005991,openfacts
8023696006004,openfacts
8023696006073,openfacts
8023696006127,openfacts
8023696006202,openfacts
8023696006257,openfacts
8023696006288,openfacts
8023696006356,openfacts
8023696006370,openfacts
8023696006387,openfacts
8023696006394,openfacts
8023696006417,openfacts
8023696006424,openfacts
8023696006431,openfacts
8023696006455,openfacts
8023696006462,openfacts
8023696006554,openfacts
8023696006578,openfacts
8023696006707,openfacts
8023696006738,openfacts
8023696006745,openfacts
8023696006752,openfacts
8023696006776,openfacts
8023696006806,openfacts
8023696006813,openfacts
8023696007001,openfacts
8023696007193,openfacts
8023696007308,openfacts
8023696007315,openfacts
8023696007346,openfacts
8023696007377,openfacts
8023696007384,openfacts
8023696007391,openfacts
8023696007407,openfacts
8023696007445,openfacts
8023696007490,openfacts
8023696007506,openfacts
8023696007544,openfacts
8023696007551,openfacts
8023696007582,openfacts
8023696007599,openfacts
8023696007605,openfacts
8023696007650,openfacts
8023696007681,openfacts
8023696007773,openfacts
8023696007797,openfacts
8023696007872,openfacts
8023696007889,openfacts
8023696007896,openfacts
8023696007933,openfacts
8023696008015,openfacts
8023696008046,openfacts
8023696008053,openfacts
8023696008060,openfacts
8023696008084,openfacts
8023696008091,openfacts
8023696008114,openfacts
8023696008176,openfacts
8023696008183,openfacts
8023696008190,openfacts
8023696008206,openfacts
8023696008237,openfacts
8023696008244,openfacts
8023696008251,openfacts
8023696008275,openfacts
8023696008398,openfacts
8023696008404,openfacts
8023696008411,openfacts
8023696008428,openfacts
8023696008473,openfacts
8023696008480,openfacts
8023696008527,openfacts
8023696008534,openfacts
8023696008541,openfacts
8023696008565,openfacts
8023696008572,openfacts
8023696008589,openfacts
8023696008596,openfacts
8023696008664,openfacts
8023696008688,openfacts
8023696008763,openfacts
8023696008817,openfacts
8023696008824,openfacts
8023696008831,openfacts
8023696009081,openfacts
8023696009098,openfacts
8023696009104,openfacts
8023696009210,openfacts
8023700004217,openfacts
8023701000096,openfacts
8023701000492,openfacts
8023701005374,openfacts
8023701006890,openfacts
8023701021114,openfacts
8023701021435,openfacts
8023701021893,usda
8023701024757,openfacts
8023701024764,openfacts
8023701025129,openfacts
8023701025174,openfacts
8023701025198,openfacts
8023701665776,openfacts
8023701665790,openfacts
8023715157106,openfacts
8023715226352,openfacts
8023715227601,openfacts
8023720002187,openfacts
8023721000021,openfacts
8023721000045,openfacts
8023721000083,openfacts
8023730003006,openfacts
8023734000025,openfacts
8023734000070,openfacts
8023734000087,openfacts
8023734000100,openfacts
8023734000117,openfacts
8023734000186,openfacts
8023734000216,openfacts
8023734000278,openfacts
8023734000292,openfacts
8023734000308,openfacts
8023734000322,openfacts
8023734000339,openfacts
8023734000414,openfacts
8023734000728,openfacts
8023734000735,openfacts
8023734000742,openfacts
8023734000759,openfacts
8023734001022,openfacts
8023734001152,openfacts
8023734001169,openfacts
8023734001176,openfacts
8023734001183,openfacts
8023734001190,openfacts
8023734001206,openfacts
8023734001459,openfacts
8023734001855,openfacts
8023734002111,openfacts
8023734002142,openfacts
8023734002289,openfacts
8023734002333,openfacts
8023734002456,openfacts
8023734003125,openfacts
8023734003194,openfacts
8023734003255,openfacts
8023734003262,openfacts
8023734003330,openfacts
8023734004139,openfacts
8023734004221,openfacts
8023734004252,openfacts
8023734004382,openfacts
8023734004641,openfacts
8023734004658,openfacts
8023734004672,openfacts
8023734004702,openfacts
8023734004719,openfacts
8023734004757,openfacts
8023734004771,openfacts
8023734004849,openfacts
8023734004894,openfacts
8023734005174,openfacts
8023734005181,openfacts
8023734005198,openfacts
8023734005204,openfacts
8023734005242,openfacts
8023734005457,openfacts
8023734005563,openfacts
8023734005600,openfacts
8023734005617,openfacts
8023734005716,openfacts
8023734005723,openfacts
8023734005730,openfacts
8023734005747,openfacts
8023734005877,openfacts
8023734006126,openfacts
8023734006157,openfacts
8023734006386,openfacts
8023734006393,openfacts
8023734006409,openfacts
8023734006416,openfacts
8023734006461,openfacts
8023734006478,openfacts
8023734007048,openfacts
8023734007055,openfacts
8023734007444,openfacts
8023734007451,openfacts
8023734007468,openfacts
8023734007475,openfacts
8023734007536,openfacts
8023734007567,openfacts
8023734007574,openfacts
8023734007741,openfacts
8023734007772,openfacts
8023734007819,openfacts
8023734007826,openfacts
8023734007833,openfacts
8023734007840,openfacts
8023734007987,openfacts
8023734008038,openfacts
8023734008076,openfacts
8023734008106,openfacts
8023734008113,openfacts
8023734008335,openfacts
8023734008410,openfacts
8023734008427,openfacts
8023734008717,openfacts
8023734008724,openfacts
8023734008779,openfacts
8023734008830,openfacts
8023734008854,openfacts
8023734008885,openfacts
8023734008892,openfacts
8023734008939,openfacts
8023734008946,openfacts
8023734008953,openfacts
8023734008984,openfacts
8023734009066,openfacts
8023734009196,openfacts
8023742000031,openfacts
8023742000062,openfacts
8023742000123,openfacts
8023742000147,openfacts
8023742000154,openfacts
8023742000161,openfacts
8023742000208,openfacts
8023742000239,openfacts
8023742000253,openfacts
8023742000352,openfacts
8023742000369,openfacts
8023742000543,openfacts
8023742000628,openfacts
8023742000635,openfacts
8023742030748,openfacts
8023742030755,openfacts
8023742030779,openfacts
8023742030793,openfacts
8023742030816,openfacts
8023742030847,openfacts
8023742030854,openfacts
8023742030885,openfacts
8023742030922,openfacts
8023742031196,openfacts
8023742031219,openfacts
8023742031431,openfacts
8023742031455,openfacts
8023742031479,openfacts
8023742031608,openfacts
8023742032063,openfacts
8023742038034,openfacts
8023742038164,openfacts
8023742038171,openfacts
8023742038188,openfacts
8023742038195,openfacts
8023742038201,openfacts
8023742038218,openfacts
8023742038522,openfacts
8023742039123,openfacts
8023742039451,openfacts
8023742039468,openfacts
8023742039475,openfacts
8023742039482,openfacts
8023742039505,openfacts
8023742039512,openfacts
8023742039529,openfacts
8023742039536,openfacts
8023742039581,openfacts
8023742040198,openfacts
8023742040204,openfacts
8023742040211,openfacts
8023742040228,openfacts
8023742040334,openfacts
8023742042451,openfacts
8023750000016,openfacts
8023750000054,openfacts
8023750000269,openfacts
8023750000306,openfacts
8023750000320,openfacts
8023750000375,openfacts
8023750000597,openfacts
8023750000764,openfacts
8023750000993,openfacts
8023750001327,openfacts
8023750002003,openfacts
8023750002409,openfacts
8023750100013,openfacts
8023766053181,openfacts
8023766053235,openfacts
8023766053976,openfacts
8023766054126,openfacts
8023766054164,openfacts
8023766054652,openfacts
8023766055123,openfacts
8023772000018,openfacts
8023772000087,openfacts
8023772000674,openfacts
8023772000742,openfacts
8023772000797,openfacts
8023772000865,openfacts
8023772001077,openfacts
8023772001695,openfacts
8023772001701,openfacts
8023772001848,openfacts
8023788000156,openfacts
8023788000293,openfacts
8023788000309,openfacts
8023788000316,openfacts
8023788000583,openfacts
8023788000606,openfacts
8023788000941,openfacts
8023788000958,openfacts
8023788001139,openfacts
8023788001146,openfacts
8023788001184,openfacts
8023788001368,openfacts
8023788001399,openfacts
8023788001627,openfacts
8023788002242,openfacts
8023788002389,openfacts
8023788002877,openfacts
8023788002914,openfacts
8023788002983,openfacts
8023788002990,openfacts
8023788003072,openfacts
8023788003119,openfacts
8023788003577,openfacts
8023788003720,openfacts
8023788003737,openfacts
8023788003829,openfacts
8023788004109,openfacts
8023788004376,openfacts
8023788004383,openfacts
8023788004611,openfacts
8023788004826,openfacts
8023788004833,openfacts
8023788004840,openfacts
8023788004949,openfacts
8023788004956,openfacts
8023788004963,openfacts
8023788005038,openfacts
8023788005052,openfacts
8023788005137,openfacts
8023788005274,openfacts
8023788005519,openfacts
8023788005526,openfacts
8023788005533,openfacts
8023788005540,openfacts
8023788005557,openfacts
8023788005571,openfacts
8023788005588,openfacts
8023788005595,openfacts
8023788005717,openfacts
8023788006233,openfacts
8023788006332,openfacts
8023788006349,openfacts
8023788006622,openfacts
8023788006639,openfacts
8023788006653,openfacts
8023788006752,openfacts
8023788006769,openfacts
8023788006875,openfacts
8023788006974,openfacts
8023788006981,openfacts
8023788007063,openfacts
8023788007087,openfacts
8023788007094,openfacts
8023788007100,openfacts
8023788007148,openfacts
8023788007209,openfacts
8023788007278,openfacts
8023788007292,openfacts
8023788007308,openfacts
8023788007315,openfacts
8023788007322,openfacts
8023788007339,openfacts
8023788007346,openfacts
8023788007834,openfacts
8023788007841,openfacts
8023788007872,openfacts
8023788007889,openfacts
8023788007896,openfacts
8023788007902,openfacts
8023788007964,openfacts
8023788007988,openfacts
8023788007995,openfacts
8023788008008,openfacts
8023788008824,openfacts
8023788008848,openfacts
8023788008862,openfacts
8023788009111,openfacts
8023788009241,openfacts
8023788009265,openfacts
8023788009272,openfacts
8023788009326,openfacts
8023788009401,openfacts
8023788009418,openfacts
8023788009425,openfacts
8023788009654,openfacts
8023788009692,openfacts
8023788009807,openfacts
8023788009999,openfacts
8023788010001,openfacts
8023788010025,openfacts
8023788010087,openfacts
8023788010117,openfacts
8023788010124,openfacts
8023788010131,openfacts
8023788010148,openfacts
8023788010162,openfacts
8023788010179,openfacts
8023788010216,openfacts
8023788010261,openfacts
8023788010315,openfacts
8023788010360,openfacts
8023788010421,openfacts
8023788010599,openfacts
8023788010605,openfacts
8023788010612,openfacts
8023788010629,openfacts
8023788010698,openfacts
8023788010704,openfacts
8023788010711,openfacts
8023788010728,openfacts
8023788010810,openfacts
8023788010858,openfacts
8023788010872,openfacts
8023788010889,openfacts
8023788010926,openfacts
8023788010964,openfacts
8023788010988,openfacts
8023788010995,openfacts
8023788011015,openfacts
8023788011060,openfacts
8023788011107,openfacts
8023788011121,openfacts
8023788011152,openfacts
8023788011169,openfacts
8023788011176,openfacts
8023788011183,openfacts
8023788011190,openfacts
8023788011213,openfacts
8023788011220,openfacts
8023788011237,openfacts
8023788011299,openfacts
8023788011756,openfacts
8023788011763,openfacts
8023788011770,openfacts
8023788011787,openfacts
8023788012753,openfacts
8023788015860,openfacts
8023788015907,openfacts
8023788015921,openfacts
8023788015976,openfacts
8023788015990,openfacts
8023788016164,openfacts
8023788017017,openfacts
8023788018939,openfacts
8023788018960,openfacts
8023788018977,openfacts
8023788018984,openfacts
8023788018991,openfacts
8023788019004,openfacts
8023788019011,openfacts
8023788019028,openfacts
8023788019035,openfacts
8023788019233,openfacts
8023788019240,openfacts
8023788019257,openfacts
8023788019875,openfacts
8023788019882,openfacts
8023788019912,openfacts
8023788021960,openfacts
8023788022011,openfacts
8023788022028,openfacts
8023788022196,openfacts
8023788022226,openfacts
8023788022233,openfacts
8023788022240,openfacts
8023788022264,openfacts
8023788022387,openfacts
8023788022417,openfacts
8023788022592,openfacts
8023788022745,openfacts
8023788022844,openfacts
8023788022868,openfacts
8023788022875,openfacts
8023788022882,openfacts
8023788022998,openfacts
8023788023124,openfacts
8023788023346,openfacts
8023788023360,openfacts
8023788023582,openfacts
8023788023827,openfacts
8023788023841,openfacts
8023788025678,openfacts
8023788025685,openfacts
8023788025692,openfacts
8023788025739,openfacts
8023788025777,openfacts
8023788025784,openfacts
8023788025852,openfacts
8023788025869,openfacts
8023788026149,openfacts
8023788026651,openfacts
8023788026668,openfacts
8023788026675,openfacts
8023788026729,openfacts
8023788026767,openfacts
8023788026774,openfacts
8023788026781,openfacts
8023788026798,openfacts
8023788029492,openfacts
8023788029645,openfacts
8023788029652,openfacts
8023788029669,openfacts
8023788029676,openfacts
8023788029683,openfacts
8023788029690,openfacts
8023788029751,openfacts
8023788030337,openfacts
8023788030375,openfacts
8023788030443,openfacts
8023788030450,openfacts
8023788030993,openfacts
8023788031044,openfacts
8023788031099,openfacts
8023788033550,openfacts
8023788033789,openfacts
8023788033796,openfacts
8023788034502,openfacts
8023788035516,openfacts
8023788035646,openfacts
8023788035660,openfacts
8023788035769,openfacts
8023788035783,openfacts
8023788035943,openfacts
8023788037817,openfacts
8023788037831,openfacts
8023788038692,openfacts
8023788038999,openfacts
8023788039231,openfacts
8023788039279,openfacts
8023788039415,openfacts
8023788039446,openfacts
8023788039484,openfacts
8023788039507,openfacts
8023788039729,openfacts
8023788040626,openfacts
8023788041081,openfacts
8023788041180,openfacts
8023788042521,openfacts
8023788042545,openfacts
8023788042576,openfacts
8023788042811,openfacts
8023788042835,openfacts
8023788042859,openfacts
8023788043450,openfacts
8023788044709,openfacts
8023788045133,openfacts
8023788045348,openfacts
8023788045478,openfacts
8023788046413,openfacts
8023788046543,openfacts
8023788046581,openfacts
8023788047922,openfacts
8023788047939,openfacts
8023788048509,openfacts
8023788048592,openfacts
8023788048615,openfacts
8023788048721,openfacts
8023788048745,openfacts
8023788049056,openfacts
8023788049582,openfacts
8023788049674,openfacts
8023788049773,openfacts
8023788049896,openfacts
8023788049902,openfacts
8023788050304,openfacts
8023788050342,openfacts
8023788050373,openfacts
8023788050960,openfacts
8023788064387,openfacts
8023788446558,openfacts
8023788446862,openfacts
8023795023049,openfacts
8023797000512,openfacts
8023797001458,openfacts
8023797001465,openfacts
8023797001489,openfacts
8023797002103,openfacts
8023797002110,openfacts
8023797002127,openfacts
8023797002158,openfacts
8023797002172,openfacts
8023797002189,openfacts
8023797002196,openfacts
8023797002202,openfacts
8023797002226,openfacts
8023797003018,openfacts
8023797003025,openfacts
8023797003032,openfacts
8023797003056,openfacts
8023797003544,openfacts
8023797003605,openfacts
8023797004015,openfacts
8023797004022,openfacts
8023797004121,openfacts
8023797004145,openfacts
8023797004176,openfacts
8023797004190,openfacts
8023797004206,openfacts
8023797005630,openfacts
8023797005654,openfacts
8023797005661,openfacts
8023797005678,openfacts
8023797005685,openfacts
8023797005692,openfacts
8023797006637,openfacts
8023797006651,openfacts
8023797006682,openfacts
8023797006699,openfacts
8023797006705,openfacts
8023797006712,openfacts
8023797010511,openfacts
8023797011068,openfacts
8023797011105,openfacts
8023797014908,openfacts
8023797014922,openfacts
8023797015004,openfacts
8023797015011,openfacts
8023797015028,openfacts
8023797015035,openfacts
8023797015059,openfacts
8023797015424,openfacts
8023797015462,openfacts
8023797015493,openfacts
8023797015509,openfacts
8023797015516,openfacts
8023797015547,openfacts
8023797015554,openfacts
8023797015561,openfacts
8023797015837,openfacts
8023797016070,openfacts
8023797016209,openfacts
8023797016216,openfacts
8023797017343,openfacts
8023797017602,openfacts
8023797017626,openfacts
8023797017671,openfacts
8023797018272,openfacts
8023797019002,openfacts
8023797019019,openfacts
8023797019583,openfacts
8023797019590,openfacts
8023797019606,openfacts
8023797019637,openfacts
8023797019651,openfacts
8023797019675,openfacts
8023797019682,openfacts
8023797019699,openfacts
8023797019705,openfacts
8023797019736,openfacts
8023797019743,openfacts
8023797019750,openfacts
8023797019767,openfacts
8023797019774,openfacts
8023797019781,openfacts
8023797019798,openfacts
8023797019811,openfacts
8023797019842,openfacts
8023797019859,openfacts
8023797019873,openfacts
8023797019880,openfacts
8023797019941,openfacts
8023797019965,openfacts
8023797019989,openfacts
8023797019996,openfacts
8023797021074,openfacts
8023797021654,openfacts
8023797021661,openfacts
8023797022255,openfacts
8023797022262,openfacts
8023797022279,openfacts
8023797022286,openfacts
8023797022323,openfacts
8023797022330,openfacts
8023797022354,openfacts
8023797022378,openfacts
8023797022408,openfacts
8023797022415,openfacts
8023797028998,openfacts
8023797029018,openfacts
8023797029025,openfacts
8023797029285,openfacts
8023797029308,openfacts
8023797029315,openfacts
8023797029322,openfacts
8023797029339,openfacts
8023797029346,openfacts
8023797029391,openfacts
8023797029650,openfacts
8023797029667,openfacts
8023797029728,openfacts
8023797029827,openfacts
8023797029834,openfacts
8023797029865,openfacts
8023797029872,openfacts
8023797029896,openfacts
8023797032902,openfacts
8023797032919,openfacts
8023797032926,openfacts
8023797032933,openfacts
8023797032940,openfacts
8023797033206,openfacts
8023797033213,openfacts
8023797033268,openfacts
8023797033732,openfacts
8023797033756,openfacts
8023797036399,openfacts
8023797036405,openfacts
8023797037099,openfacts
8023797037105,openfacts
8023797040891,openfacts
8023797040907,openfacts
8023797042901,openfacts
8023797043717,openfacts
8023797043885,openfacts
8023797043922,openfacts
8023797043939,openfacts
8023797043977,openfacts
8023797043984,openfacts
8023797043991,openfacts
8023797044332,openfacts
8023797044592,openfacts
8023797044608,openfacts
8023797046039,openfacts
8023797046046,openfacts
8023797046589,openfacts
8023797048576,openfacts
8023797048606,openfacts
8023797048637,openfacts
8023797048644,openfacts
8023797048675,openfacts
8023797048712,openfacts
8023797048729,openfacts
8023797048736,openfacts
8023797051477,openfacts
8023797052245,openfacts
8023797052252,openfacts
8023797052498,openfacts
8023797053389,openfacts
8023797055710,openfacts
8023797057233,openfacts
8023797057240,openfacts
8023797057523,openfacts
8023797057530,openfacts
8023797057547,openfacts
8023797057554,openfacts
8023797057806,openfacts
8023797057820,openfacts
8023797057851,openfacts
8023797057875,openfacts
8023797058148,openfacts
8023797061353,openfacts
8023797061360,openfacts
8023797062701,openfacts
8023797064187,openfacts
8023797068093,openfacts
8023797068321,openfacts
8023797070027,openfacts
8023797070171,openfacts
8023797071154,openfacts
8023797071215,openfacts
8023797073639,openfacts
8023797080873,openfacts
8023797080903,openfacts
8023797084895,openfacts
8023797084901,openfacts
8023797084918,openfacts
8023797084925,openfacts
8023797084932,openfacts
8023797084949,openfacts
8023797084956,openfacts
8023797084970,openfacts
8023797084987,openfacts
8023797084994,openfacts
8023797085007,openfacts
8023797085014,openfacts
8023797085021,openfacts
8023797085038,openfacts
8023797085045,openfacts
8023797085052,openfacts
8023797085069,openfacts
8023797086899,openfacts
8023797086905,openfacts
8023797086929,openfacts
8023797087742,openfacts
8023797087773,openfacts
8023797090810,openfacts
8023797092593,openfacts
8023797092609,openfacts
8023797092616,openfacts
8023797092623,openfacts
8023797092630,openfacts
8023797092647,openfacts
8023797092654,openfacts
8023797095839,openfacts
8023797096157,openfacts
8023797096164,openfacts
8023797097307,openfacts
8023797097345,openfacts
8023797097635,openfacts
8023797097642,openfacts
8023797097680,openfacts
8023797101370,openfacts
8023797101387,openfacts
8023797101400,openfacts
8023797101677,openfacts
8023797101707,openfacts
8023797102261,openfacts
8023797102322,openfacts
8023797102339,openfacts
8023797102346,openfacts
8023797102988,openfacts
8023797102995,openfacts
8023797103626,openfacts
8023797103633,openfacts
8023797104418,openfacts
8023797104425,openfacts
8023797104432,openfacts
8023797104449,openfacts
8023797104456,openfacts
8023797104463,openfacts
8023797104470,openfacts
8023797105996,openfacts
8023797106054,openfacts
8023797107044,openfacts
8023797107051,openfacts
8023797107068,openfacts
8023797107525,openfacts
8023797107532,openfacts
8023797109062,openfacts
8023797109086,openfacts
8023797109093,openfacts
8023797109109,openfacts
8023797109123,openfacts
8023797109147,openfacts
8023797109178,openfacts
8023797109192,openfacts
8023797109208,openfacts
8023797109222,openfacts
8023797109260,openfacts
8023797109307,openfacts
8023797111652,openfacts
8023797111980,openfacts
8023797112611,openfacts
8023797114103,openfacts
8023797114127,openfacts
8023797114141,openfacts
8023797114158,openfacts
8023797115698,openfacts
8023797120388,openfacts
8023797123372,openfacts
8023797123389,openfacts
8023797128568,openfacts
8023797131681,openfacts
8023797132701,openfacts
8023797133333,openfacts
8023797133814,openfacts
8023797136297,openfacts
8023797141604,openfacts
8023797143967,openfacts
8023797145862,openfacts
8023797145879,openfacts
8023797150071,openfacts
8023797150088,openfacts
8023797150095,openfacts
8023797150101,openfacts
8023797150118,openfacts
8023797150163,openfacts
8023797150170,openfacts
8023797150187,openfacts
8023797150309,openfacts
8023797150316,openfacts
8023797150323,openfacts
8023797150330,openfacts
8023797150347,openfacts
8023797155533,openfacts
8023797156844,openfacts
8023797160353,openfacts
8023797165792,openfacts
8023797166737,openfacts
8023797166751,openfacts
8023797202404,openfacts
8023797205795,openfacts
8023797212137,openfacts
8023797212144,openfacts
8023797216906,openfacts
8023797216913,openfacts
8023797217835,openfacts
8023797219754,openfacts
8023797219938,openfacts
8023797219945,openfacts
8023797219952,openfacts
8023797219969,openfacts
8023797219976,openfacts
8023797219983,openfacts
8023797219990,openfacts
8023797224642,openfacts
8023797226691,openfacts
8023797226707,openfacts
8023797226721,openfacts
8023797230148,openfacts
8023797232739,openfacts
8023797232784,openfacts
8023797234306,openfacts
8023797235822,openfacts
8023797238403,openfacts
8023797244480,openfacts
8023797254403,openfacts
8023797255776,openfacts
8023797255783,openfacts
8023797262996,openfacts
8023797263078,openfacts
8023797263849,openfacts
8023797266703,openfacts
8023797273749,openfacts
8023797274050,openfacts
8023797277112,openfacts
8023797277556,openfacts
8023797277822,openfacts
8023797277945,openfacts
8023797277969,openfacts
8023797277983,openfacts
8023797277990,openfacts
8023797280327,openfacts
8023797280341,openfacts
8023797280358,openfacts
8023797283489,openfacts
8023797283496,openfacts
8023797283540,openfacts
8023797283649,openfacts
8023797283717,openfacts
8023797283755,openfacts
8023797283762,openfacts
8023797283779,openfacts
8023797283793,openfacts
8023797283809,openfacts
8023797283816,openfacts
8023797283830,openfacts
8023797283847,openfacts
8023797283854,openfacts
8023797284127,openfacts
8023797284134,openfacts
8023797286749,openfacts
8023797286770,openfacts
8023797289849,openfacts
8023797290289,openfacts
8023797298070,openfacts
8023797303910,openfacts
8023797306614,openfacts
8023797310505,openfacts
8023797310512,openfacts
8023797310529,openfacts
8023797310567,openfacts
8023797314565,openfacts
8023797322218,openfacts
8023797322225,openfacts
8023797322232,openfacts
8023797322249,openfacts
8023797324472,openfacts
8023797331739,openfacts
8023797334396,openfacts
8023797339438,openfacts
8023797339445,openfacts
8023797339469,openfacts
8023797339513,openfacts
8023797339711,openfacts
8023797344364,openfacts
8023797344395,openfacts
8023797344401,openfacts
8023797344494,openfacts
8023797359788,openfacts
8023797359801,openfacts
8023797360524,openfacts
8023797361170,openfacts
8023797361187,openfacts
8023797361194,openfacts
8023797368940,openfacts
8023797368964,openfacts
8023797368995,openfacts
8023797376099,openfacts
8023797376532,openfacts
8023797376549,openfacts
8023797376570,openfacts
8023797376587,openfacts
8023797376594,openfacts
8023797379502,openfacts
8023797380959,openfacts
8023797384766,openfacts
8023797384773,openfacts
8023797395649,openfacts
8023797395670,openfacts
8023797395687,openfacts
8023797396738,openfacts
8023797403450,openfacts
8023797415064,openfacts
8023797415071,openfacts
8023797415088,openfacts
8023797417662,openfacts
8023797417679,openfacts
8023797425032,openfacts
8023797429481,openfacts
8023797429498,openfacts
8023797429504,openfacts
8023797435970,openfacts
8023797437486,openfacts
8023797437516,openfacts
8023797443920,openfacts
8023797444682,openfacts
8023797444705,openfacts
8023797444729,openfacts
8023797444736,openfacts
8023797444750,openfacts
8023797444774,openfacts
8023797445085,openfacts
8023797445108,openfacts
8023797445146,openfacts
8023797450836,openfacts
8023797451123,openfacts
8023797454117,openfacts
8023797454124,openfacts
8023797454131,openfacts
8023797455183,openfacts
8023797455190,openfacts
8023797455206,openfacts
8023797455213,openfacts
8023797455220,openfacts
8023797457927,openfacts
8023797464314,openfacts
8023797465335,openfacts
8023797465359,openfacts
8023797465366,openfacts
8023797465373,openfacts
8023797465403,openfacts
8023797465427,openfacts
8023797465793,openfacts
8023797465809,openfacts
8023797465816,openfacts
8023797465823,openfacts
8023797466929,openfacts
8023797466936,openfacts
8023797467711,openfacts
8023797469821,openfacts
8023797469838,openfacts
8023797477062,openfacts
8023797477918,openfacts
8023797478533,openfacts
8023797479431,openfacts
8023797479448,openfacts
8023797479455,openfacts
8023797479462,openfacts
8023797479479,openfacts
8023797479486,openfacts
8023797479516,openfacts
8023797479523,openfacts
8023797479530,openfacts
8023797482233,openfacts
8023797494991,openfacts
8023797497671,openfacts
8023797497688,openfacts
8023797497695,openfacts
8023797497701,openfacts
8023797497749,openfacts
8023797498210,openfacts
8023797498227,openfacts
8023797498838,openfacts
8023797499538,openfacts
8023797499545,openfacts
8023797499569,openfacts
8023797499781,openfacts
8023797499798,openfacts
8023797500012,openfacts
8023797500494,openfacts
8023797501033,openfacts
8023797501040,openfacts
8023797501057,openfacts
8023797501071,openfacts
8023797501088,openfacts
8023797501095,openfacts
8023797501309,openfacts
8023797501316,openfacts
8023797501323,openfacts
8023797501330,openfacts
8023797501354,openfacts
8023797501453,openfacts
8023797501460,openfacts
8023797501477,openfacts
8023797501484,openfacts
8023797501491,openfacts
8023797501507,openfacts
8023797501514,openfacts
8023797501521,openfacts
8023797501538,openfacts
8023797501545,openfacts
8023797501552,openfacts
8023797501569,openfacts
8023797501576,openfacts
8023797503020,openfacts
8023797503037,openfacts
8023797503044,openfacts
8023797503051,openfacts
8023797503068,openfacts
8023797503075,openfacts
8023797503105,openfacts
8023797503266,openfacts
8023797503273,openfacts
8023797503525,openfacts
8023797503761,openfacts
8023797503785,openfacts
8023797505710,openfacts
8023797505727,openfacts
8023797508711,openfacts
8023797514026,openfacts
8023797524667,openfacts
8023797525596,openfacts
8023797525602,openfacts
8023797528832,openfacts
8023797529389,openfacts
8023797529464,openfacts
8023797529518,openfacts
8023797533720,openfacts
8023797542425,openfacts
8023797542432,openfacts
8023797542456,openfacts
8023797548083,openfacts
8023797553551,openfacts
8023797553599,openfacts
8023797553605,openfacts
8023797553681,openfacts
8023797553704,openfacts
8023797553889,openfacts
8023797553902,openfacts
8023797555852,openfacts
8023797555869,openfacts
8023797555876,openfacts
8023797558365,openfacts
8023797558389,openfacts
8023797561358,openfacts
8023797562324,openfacts
8023797562331,openfacts
8023797562522,openfacts
8023797563901,openfacts
8023797563925,openfacts
8023797563932,openfacts
8023797567374,openfacts
8023797567541,openfacts
8023797572019,openfacts
8023797577021,openfacts
8023797577038,openfacts
8023797577045,openfacts
8023797577052,openfacts
8023797577069,openfacts
8023797577076,openfacts
8023797577700,openfacts
8023797577724,openfacts
8023797581202,openfacts
8023797588645,openfacts
8023797591294,openfacts
8023797591317,openfacts
8023797591836,openfacts
8023797591911,openfacts
8023797592307,openfacts
8023797592369,openfacts
8023797592383,openfacts
8023797592406,openfacts
8023797597463,openfacts
8023797597470,openfacts
8023797598866,openfacts
8023797600293,openfacts
8023797608527,openfacts
8023797610322,openfacts
8023797612388,openfacts
8023797612401,openfacts
8023797626019,openfacts
8023797626057,openfacts
8023797636780,openfacts
8023797650113,openfacts
8023797651738,openfacts
8023797669719,openfacts
8023797678544,openfacts
8023801000064,openfacts
8023801004024,openfacts
8023801004123,openfacts
8023801004314,openfacts
8023801005519,openfacts
8023801009661,openfacts
8023801009883,openfacts
8023801010469,openfacts
8023801015419,openfacts
8023801015457,openfacts
8023801021014,openfacts
8023801021021,openfacts
8023801021038,openfacts
8023801021045,openfacts
8023826111134,openfacts
8023826111141,openfacts
8023826111202,openfacts
8023826111295,openfacts
8023826111301,openfacts
8023826111318,openfacts
8023826111325,openfacts
8023826111646,openfacts
8023826111752,openfacts
8023826111769,openfacts
8023826111882,openfacts
8023826111950,openfacts
8023826111967,openfacts
8023826112032,openfacts
8023826112056,openfacts
8023826112063,openfacts
8023826112070,openfacts
8023826112285,openfacts
8023826112568,openfacts
8023826112582,openfacts
8023826112735,openfacts
8023826112810,openfacts
8023826112988,openfacts
8023826112995,openfacts
8023826113978,openfacts
8023826114302,openfacts
8023826114333,openfacts
8023826114616,openfacts
8023826114623,openfacts
8023826114937,openfacts
8023826115019,openfacts
8023826115101,openfacts
8023826115279,openfacts
8023826115606,openfacts
8023826115736,openfacts
8023826115835,openfacts
8023826115859,openfacts
8023826116016,openfacts
8023826116351,openfacts
8023826116481,openfacts
8023826116894,openfacts
8023826117129,openfacts
8023826117143,openfacts
8023826117211,openfacts
8023826117228,openfacts
8023826117341,openfacts
8023826117372,openfacts
8023826117426,openfacts
8023826117471,openfacts
8023826117495,openfacts
8023826117556,openfacts
8023826117723,openfacts
8023826117730,openfacts
8023826117747,openfacts
8023826117785,openfacts
8023826117921,openfacts
8023826117983,openfacts
8023826118027,openfacts
8023826118102,openfacts
8023826118256,openfacts
8023826118263,openfacts
8023826118522,openfacts
8023826118553,openfacts
8023826118560,openfacts
8023826118706,openfacts
8023826118720,openfacts
8023826118744,openfacts
8023826118768,openfacts
8023826118775,openfacts
8023826118782,openfacts
8023826118997,openfacts
8023826119000,openfacts
8023826119017,openfacts
8023826119024,openfacts
8023826119253,openfacts
8023826119284,openfacts
8023826119307,openfacts
8023826119314,openfacts
8023826119413,openfacts
8023826119420,openfacts
8023826119437,openfacts
8023826119451,openfacts
8023826119468,openfacts
8023826119475,openfacts
8023826119482,openfacts
8023826119499,openfacts
8023826119505,openfacts
8023826119529,openfacts
8023826119536,openfacts
8023826119543,openfacts
8023826119550,openfacts
8023826119567,openfacts
8023826119598,openfacts
8023826119635,openfacts
8023826119819,openfacts
8023826119833,openfacts
8023826119840,openfacts
8023826119918,openfacts
8023826120013,openfacts
8023826120679,openfacts
8023826120693,openfacts
8023826120952,openfacts
8023826120969,openfacts
8023826121157,openfacts
8023826121188,openfacts
8023826121355,openfacts
8023826121454,openfacts
8023826121782,openfacts
8023826121799,openfacts
8023826121898,openfacts
8023826121904,openfacts
8023826121980,openfacts
8023826122024,openfacts
8023826122031,openfacts
8023826122055,openfacts
8023826122062,openfacts
8023826122321,openfacts
8023826122338,openfacts
8023826122345,openfacts
8023826122451,openfacts
8023826122574,openfacts
8023826122598,openfacts
8023826122611,openfacts
8023826122673,openfacts
8023826122741,openfacts
8023826122758,openfacts
8023826122789,openfacts
8023826122857,openfacts
8023826122864,openfacts
8023826122932,openfacts
8023826123410,openfacts
8023826123960,openfacts
8023833000070,openfacts
8023833012004,openfacts
8023836006512,openfacts
8023837000250,openfacts
8023848003127,openfacts
8023848104787,openfacts
8023854000011,openfacts
8023854000080,openfacts
8023854000523,openfacts
8023854000677,openfacts
8023861210106,openfacts
8023861211103,openfacts
8023861211905,openfacts
8023861212001,openfacts
8023861214005,openfacts
8023861216009,openfacts
8023861217006,openfacts
8023861220112,openfacts
8023861220204,openfacts
8023861220303,openfacts
8023861220549,openfacts
8023861220600,openfacts
8023861220709,openfacts
8023861220747,openfacts
8023861220808,openfacts
8023861220907,openfacts
8023861220921,openfacts
8023861221133,openfacts
8023861221195,openfacts
8023861222222,openfacts
8023861222536,openfacts
8023861222628,openfacts
8023861222635,openfacts
8023861222680,openfacts
8023861222710,openfacts
8023861222727,openfacts
8023861222734,openfacts
8023861222833,openfacts
8023861224004,openfacts
8023861224127,openfacts
8023861224134,openfacts
8023864000452,openfacts
8023864000490,openfacts
8023864000506,openfacts
8023864100022,openfacts
8023864100107,openfacts
8023864100183,openfacts
8023864100206,openfacts
8023864100619,openfacts
8023864100626,openfacts
8023864100640,openfacts
8023864100992,openfacts
8023865000079,openfacts
8023876427124,openfacts
8023884001156,openfacts
8023884002634,openfacts
8023884003679,openfacts
8023893000010,openfacts
8023893000331,openfacts
8023893000355,openfacts
8023896300100,openfacts
8023896700023,openfacts
8023898000206,openfacts
8023898000459,openfacts
8023898000787,openfacts
8023898111124,openfacts
8023903246919,openfacts
8023909010149,openfacts
8023909010637,openfacts
8023909011115,openfacts
8023910010367,openfacts
8023910010398,openfacts
8023910012316,openfacts
8023910012477,openfacts
8023910012484,openfacts
8023910013238,openfacts
8023910013405,openfacts
8023910020045,openfacts
8023910022018,openfacts
8023910022094,openfacts
8023910032710,openfacts
8023910090277,openfacts
8023910093018,openfacts
8023910510256,openfacts
8023918010703,openfacts
8023918010901,openfacts
8023918011007,openfacts
8023918011403,openfacts
8023918019003,openfacts
8023918030909,openfacts
8023918040908,openfacts
8023918100022,openfacts
8023918100053,openfacts
8023918110809,openfacts
8023918124035,openfacts
8023918160804,openfacts
8023918232105,openfacts
8023918501003,openfacts
8023918581005,openfacts
8023918705005,openfacts
8023918715004,openfacts
8023918725003,openfacts
8023918732506,openfacts
8023918735002,openfacts
8023918745001,openfacts
8023918752504,openfacts
8023918762503,openfacts
8023929090039,openfacts
8023930013492,openfacts
8023936000359,openfacts
8023936000748,openfacts
8023936000946,openfacts
8023936001813,openfacts
8023936001851,openfacts
8023936002292,openfacts
8023936004616,openfacts
8023936007013,openfacts
8023936007068,openfacts
8023936007075,openfacts
8023936007082,openfacts
8023936007228,openfacts
8023936007303,openfacts
8023936007310,openfacts
8023936007525,openfacts
8023936009413,openfacts
8023936010389,openfacts
8023936020388,openfacts
8023936020562,openfacts
8023936021095,openfacts
8023936021903,openfacts
8023936022450,openfacts
8023936022467,openfacts
8023936022849,openfacts
8023936023518,openfacts
8023937021087,openfacts
8023951000020,openfacts
8023951000358,openfacts
8023951000938,openfacts
8023951000945,openfacts
8023951001003,openfacts
8023951001058,openfacts
8023951001263,openfacts
8023951001522,openfacts
8023951002505,openfacts
8023951002604,openfacts
8023951002956,openfacts
8023951010012,openfacts
8023951010050,openfacts
8023960200077,openfacts
8023960600457,openfacts
8023963022669,openfacts
8023966005034,openfacts
8023966222240,openfacts
8023966700137,openfacts
8023966991580,openfacts
8023966994116,openfacts
8023968000457,openfacts
8023980050027,openfacts
8023982005063,openfacts
8023990000227,openfacts
8023995800006,openfacts
8023996824070,openfacts
8023997600000,openfacts
8024001030028,openfacts
8024001040072,openfacts
8024003000142,openfacts
8024003000326,openfacts
8024003000449,openfacts
8024010215966,openfacts
8024011000035,openfacts
8024011000103,openfacts
8024016201437,openfacts
8024022686051,openfacts
8024045014015,openfacts
8024045125001,openfacts
8024045125100,openfacts
8024045130098,openfacts
8024045140028,openfacts
8024045200036,openfacts
8024045200524,openfacts
8024045200784,openfacts
8024045200852,openfacts
8024045201002,openfacts
8024046000222,openfacts
8024046000291,openfacts
8024046000635,openfacts
8024046001618,openfacts
8024046001663,openfacts
8024046002011,openfacts
8024046003001,openfacts
8024046003018,openfacts
8024046003100,openfacts
8024046003209,openfacts
8024046003308,openfacts
8024046003322,openfacts
8024046003537,openfacts
8024046003544,openfacts
8024046003599,openfacts
8024046004107,openfacts
8024046004206,openfacts
8024046004237,openfacts
8024046004244,openfacts
8024046004305,openfacts
8024046004404,openfacts
8024046004435,openfacts
8024046004503,openfacts
8024046004909,openfacts
8024046005005,openfacts
8024046005012,openfacts
8024046005029,openfacts
8024046005036,openfacts
8024046005043,openfacts
8024046006002,openfacts
8024046006026,openfacts
8024046007016,openfacts
8024046009010,openfacts
8024046009027,openfacts
8024046009058,openfacts
8024046014014,openfacts
8024046017015,openfacts
8024046046015,openfacts
8024046047012,openfacts
8024046053013,openfacts
8024046054010,openfacts
8024046066327,openfacts
8024046071017,openfacts
8024046072014,openfacts
8024046161107,openfacts
8024046170017,openfacts
8024046171014,openfacts
8024046172011,openfacts
8024046174015,openfacts
8024046200011,openfacts
8024046201018,openfacts
8024046202015,openfacts
8024046203012,openfacts
8024046204019,openfacts
8024046205016,openfacts
8024046207010,openfacts
8024046208017,openfacts
8024046232012,openfacts
8024046233019,openfacts
8024046236010,openfacts
8024046239011,openfacts
8024046242011,openfacts
8024046244015,openfacts
8024046245012,openfacts
8024046247016,openfacts
8024046248013,openfacts
8024046249010,openfacts
8024046251259,openfacts
8024046310109,openfacts
8024046313025,openfacts
8024046317016,openfacts
8024046324014,openfacts
8024046326100,openfacts
8024046327039,openfacts
8024046330107,openfacts
8024046334013,openfacts
8024046336017,openfacts
8024046338011,openfacts
8024046357012,openfacts
8024046409018,openfacts
8024046430104,openfacts
8024046445016,openfacts
8024046445566,openfacts
8024046456012,openfacts
8024046457019,openfacts
8024046457101,openfacts
8024046458016,openfacts
8024046460019,openfacts
8024046470032,openfacts
8024046486019,openfacts
8024046496018,openfacts
8024046497015,openfacts
8024046503136,openfacts
8024046505017,openfacts
8024046509107,openfacts
8024046708500,openfacts
8024046718011,openfacts
8024046748018,openfacts
8024046768016,openfacts
8024046831017,openfacts
8024046837019,openfacts
8024046839013,openfacts
8024046845014,openfacts
8024046850018,openfacts
8024046850407,openfacts
8024046855013,openfacts
8024046859967,openfacts
8024046865012,openfacts
8024046865401,openfacts
8024053200011,openfacts
8024053690157,openfacts
8024059000127,openfacts
8024067011115,openfacts
8024077000024,openfacts
8024077000031,openfacts
8024077000093,openfacts
8024077000116,openfacts
8024077000123,openfacts
8024077000239,openfacts
8024077000369,openfacts
8024077000376,openfacts
8024077000680,openfacts
8024077000697,openfacts
8024077000772,openfacts
8024077001038,openfacts
8024077001069,openfacts
8024077001472,openfacts
8024077001526,openfacts
8024077001571,openfacts
8024077001649,openfacts
8024077001656,openfacts
8024077001694,openfacts
8024077001731,openfacts
8024077001786,openfacts
8024077001793,openfacts
8024077001915,openfacts
8024077002257,openfacts
8024077002516,openfacts
8024077002523,openfacts
8024084000420,openfacts
8024084000543,openfacts
8024084000710,openfacts
8024084000925,openfacts
8024084001007,openfacts
8024084001052,openfacts
8024084001083,openfacts
8024084001243,openfacts
8024084001250,openfacts
8024084001267,openfacts
8024084001274,openfacts
8024084001298,openfacts
8024084001304,openfacts
8024084001311,openfacts
8024084001373,openfacts
8024084001380,openfacts
8024084001526,openfacts
8024084001571,openfacts
8024084001694,openfacts
8024084002011,openfacts
8024084002059,openfacts
8024084002073,openfacts
8024084515443,openfacts
8024091044011,openfacts
8024096000128,openfacts
8024096000838,openfacts
8024096000975,openfacts
8024096000982,openfacts
8024096001934,openfacts
8024096001996,openfacts
8024096002597,openfacts
8024096003211,openfacts
8024096003228,openfacts
8024096003570,openfacts
8024096007264,openfacts
8024096007677,openfacts
8024096007776,openfacts
8024096081110,openfacts
8024096180004,openfacts
8024096180011,openfacts
8024100000038,openfacts
8024101863151,openfacts
8024104001055,openfacts
8024104001246,openfacts
8024104001260,openfacts
8024116000152,openfacts
8024116000213,openfacts
8024122046007,openfacts
8024122760002,openfacts
8024124000083,openfacts
8024129000026,openfacts
8024129000033,openfacts
8024130005690,openfacts
8024130053769,openfacts
8024131000083,openfacts
8024131000113,openfacts
8024131000120,openfacts
8024131000472,openfacts
8024131000724,openfacts
8024131000731,openfacts
8024131000755,openfacts
8024131000878,openfacts
8024131001448,openfacts
8024131001516,openfacts
8024131001608,openfacts
8024133000258,openfacts
8024133001156,openfacts
8024133002092,openfacts
8024133005291,openfacts
8024133005314,openfacts
8024133005352,openfacts
8024133005369,openfacts
8024133005383,openfacts
8024133005406,openfacts
8024133005420,openfacts
8024133005444,openfacts
8024133005550,openfacts
8024133006113,openfacts
8024133006120,openfacts
8024133006137,openfacts
8024133006151,openfacts
8024133006199,openfacts
8024133006250,openfacts
8024133006274,openfacts
8024133006311,openfacts
8024133006359,openfacts
8024133006397,openfacts
8024133006403,openfacts
8024133006410,openfacts
8024133006519,openfacts
8024133006540,openfacts
8024133006557,openfacts
8024133006588,openfacts
8024133006601,openfacts
8024133006649,openfacts
8024133006656,openfacts
8024133006670,openfacts
8024133006687,openfacts
8024133006694,openfacts
8024133006717,openfacts
8024133006724,openfacts
8024133006755,openfacts
8024133006762,openfacts
8024133006786,openfacts
8024133006823,openfacts
8024133006830,openfacts
8024133007127,openfacts
8024133007325,openfacts
8024134005559,openfacts
8024134009311,openfacts
8024135001543,openfacts
8024151900035,openfacts
8024158055233,openfacts
8024158057138,openfacts
8024158057336,openfacts
8024158057435,openfacts
8024158057534,openfacts
8024158057732,openfacts
8024158058036,openfacts
8024158071295,openfacts
8024158071332,openfacts
8024158071608,openfacts
8024158071776,openfacts
8024158072117,openfacts
8024164000036,openfacts
8024164000098,openfacts
8024164000135,openfacts
8024164000180,openfacts
8024164000227,openfacts
8024164000296,openfacts
8024164000685,openfacts
8024164000869,openfacts
8024164005611,openfacts
8024164005628,openfacts
8024164005642,openfacts
8024164005666,openfacts
8024170000013,openfacts
8024170000044,openfacts
8024170001041,openfacts
8024170001065,openfacts
8024170001096,openfacts
8024170001119,openfacts
8024170002017,openfacts
8024170002024,openfacts
8024171000050,openfacts
8024178000107,openfacts
8024181000002,openfacts
8024181000163,openfacts
8024181000323,openfacts
8024181000330,openfacts
8024181000620,openfacts
8024181000668,openfacts
8024181000750,openfacts
8024181000804,openfacts
8024181000965,openfacts
8024181000996,openfacts
8024181002907,openfacts
8024190120852,openfacts
8024194022015,openfacts
8024199037137,openfacts
8024203000096,openfacts
8024206516501,openfacts
8024207010176,openfacts
8024207010190,openfacts
8024207010251,openfacts
8024209005712,openfacts
8024209007846,openfacts
8024209008300,openfacts
8024209008577,openfacts
8024209008621,openfacts
8024209010341,openfacts
8024209010365,openfacts
8024209010471,openfacts
8024209010662,openfacts
8024209010686,openfacts
8024209011799,openfacts
8024209012437,openfacts
8024209012482,openfacts
8024209012581,openfacts
8024209012741,openfacts
8024209012857,openfacts
8024221242140,openfacts
8024222120126,openfacts
8024230080139,openfacts
8024232000098,openfacts
8024232000166,openfacts
8024232000913,openfacts
8024232000920,openfacts
8024232000937,openfacts
8024232002009,openfacts
8024232002269,openfacts
8024232002306,openfacts
8024232002375,openfacts
8024232002382,openfacts
8024232002399,openfacts
8024232002405,openfacts
8024232002436,openfacts
8024232002573,openfacts
8024232002580,openfacts
8024232002665,openfacts
8024232002795,openfacts
8024232002818,openfacts
8024232002870,openfacts
8024232003211,openfacts
8024232003303,openfacts
8024232003310,openfacts
8024232003334,openfacts
8024232003358,openfacts
8024232003426,openfacts
8024232003440,openfacts
8024232003495,openfacts
8024232003532,openfacts
8024232003563,openfacts
8024232003570,openfacts
8024232003594,openfacts
8024232003686,openfacts
8024232003723,openfacts
8024232004089,openfacts
8024232004478,openfacts
8024232004676,openfacts
8024232004775,openfacts
8024232004867,openfacts
8024232004874,openfacts
8024232005048,openfacts
8024232005147,openfacts
8024232111121,openfacts
8024239000008,openfacts
8024239000039,openfacts
8024239000237,openfacts
8024239000244,openfacts
8024239000251,openfacts
8024241000126,openfacts
8024241000133,openfacts
8024241000140,openfacts
8024241000157,openfacts
8024241000232,openfacts
8024241000454,openfacts
8024241000461,openfacts
8024241000478,openfacts
8024241000485,openfacts
8024241000997,openfacts
8024241001253,openfacts
8024241001420,openfacts
8024241001758,openfacts
8024241002540,openfacts
8024241002618,openfacts
8024241002816,openfacts
8024241003028,openfacts
8024241003141,openfacts
8024241003196,openfacts
8024241003288,openfacts
8024241003820,openfacts
8024241005558,openfacts
8024241005701,openfacts
8024241006005,openfacts
8024241006548,openfacts
8024241006753,openfacts
8024241006814,openfacts
8024241006906,openfacts
8024241007026,openfacts
8024241007156,openfacts
8024241007675,openfacts
8024241007774,openfacts
8024241008023,openfacts
8024241008030,openfacts
8024241008047,openfacts
8024241008061,openfacts
8024241008078,openfacts
8024241008085,openfacts
8024241008092,openfacts
8024241008108,openfacts
8024241008146,openfacts
8024241008887,openfacts
8024241008894,openfacts
8024241008900,openfacts
8024241009877,openfacts
8024241009884,openfacts
8024241009976,openfacts
8024241012617,openfacts
8024241013034,openfacts
8024241018084,openfacts
8024241023460,openfacts
8024241025822,openfacts
8024241031304,openfacts
8024241031311,openfacts
8024241031328,openfacts
8024241042294,openfacts
8024241052620,openfacts
8024241053016,openfacts
8024241053122,openfacts
8024241057410,openfacts
8024241058455,openfacts
8024241065477,openfacts
8024241065651,openfacts
8024241077746,openfacts
8024241093647,openfacts
8024241094569,openfacts
8024241110047,openfacts
8024241111112,openfacts
8024241111228,openfacts
8024241164842,openfacts
8024241235900,openfacts
8024241299995,openfacts
8024241302718,openfacts
8024241432651,openfacts
8024241445569,openfacts
8024241445989,openfacts
8024241546549,openfacts
8024242000002,openfacts
8024243000995,openfacts
8024243001046,openfacts
8024243200999,openfacts
8024244442817,openfacts
8024245032673,openfacts
8024246015002,openfacts
8024247005002,openfacts
8024247770009,openfacts
8024248739746,openfacts
8024248739753,openfacts
8024248883012,openfacts
8024249993024,openfacts
8024257001001,openfacts
8024257270032,openfacts
8024257270063,openfacts
8024257270094,openfacts
8024257270100,openfacts
8024257270117,openfacts
8024257271114,openfacts
8024257271176,openfacts
8024257272142,openfacts
8024257272203,openfacts
8024258029318,openfacts
8024267010017,openfacts
8024267010024,openfacts
8024267010123,openfacts
8024267010185,openfacts
8024267010260,openfacts
8024267010284,openfacts
8024267010505,openfacts
8024267020016,openfacts
8024267020061,openfacts
8024267020085,openfacts
8024267020092,openfacts
8024267020139,openfacts
8024267030015,openfacts
8024267040021,openfacts
8024267042230,openfacts
8024267050020,openfacts
8024267050129,openfacts
8024267070011,openfacts
8024267070189,openfacts
8024267070271,openfacts
8024267070288,openfacts
8024267070318,openfacts
8024267080201,openfacts
8024267080225,openfacts
8024267080232,openfacts
8024267080270,openfacts
8024267090019,openfacts
8024267090071,openfacts
8024267090125,openfacts
8024267090149,openfacts
8024268001335,openfacts
8024268011112,openfacts
8024268978125,openfacts
8024268978149,openfacts
8024268978163,openfacts
8024268978194,openfacts
8024269000153,openfacts
8024271001636,openfacts
8024271002763,openfacts
8024271002886,openfacts
8024271002961,openfacts
8024271003791,openfacts
8024271004842,openfacts
8024271009908,openfacts
8024271051105,openfacts
8024271090036,openfacts
8024271201449,openfacts
8024272010064,openfacts
8024272010507,openfacts
8024272010798,openfacts
8024272011047,openfacts
8024272011108,openfacts
8024272011122,openfacts
8024273120670,openfacts
8024274500006,openfacts
8024274500105,openfacts
8024274501010,openfacts
8024274501027,openfacts
8024274503007,openfacts
8024274503106,openfacts
8024274503120,openfacts
8024286000020,openfacts
8024286000044,openfacts
8024286000082,openfacts
8024286000099,openfacts
8024286000167,openfacts
8024291171128,openfacts
8024293000204,openfacts
8024293100010,openfacts
8024295105006,openfacts
8024295107000,openfacts
8024295113001,openfacts
8024295213008,openfacts
8024301001018,openfacts
8024301002022,openfacts
8024301006006,openfacts
8024301006020,openfacts
8024303000101,openfacts
8024303000200,openfacts
8024303000255,openfacts
8024303000408,openfacts
8024303000705,openfacts
8024303000903,openfacts
8024303000958,openfacts
8024303001009,openfacts
8024303002037,openfacts
8024307000060,openfacts
8024315000021,openfacts
8024315000069,openfacts
8024324000173,openfacts
8024324001606,openfacts
8024324001620,openfacts
8024324001903,openfacts
8024324001934,openfacts
8024324001941,openfacts
8024324002283,openfacts
8024324002382,openfacts
8024324002399,openfacts
8024324002405,openfacts
8024324002412,openfacts
8024324002429,openfacts
8024324002436,openfacts
8024324003341,openfacts
8024324003358,openfacts
8024324003365,openfacts
8024324003372,openfacts
8024324003389,openfacts
8024324003396,openfacts
8024324003402,openfacts
8024324003419,openfacts
8024324003556,openfacts
8024324003570,openfacts
8024324003594,openfacts
8024324004096,openfacts
8024324004607,openfacts
8024324004751,openfacts
8024324004799,openfacts
8024324004805,openfacts
8024324004812,openfacts
8024324004829,openfacts
8024324004836,openfacts
8024324005642,openfacts
8024324005666,openfacts
8024324005871,openfacts
8024324005888,openfacts
8024324005895,openfacts
8024324005918,openfacts
8024324005949,openfacts
8024324005956,openfacts
8024324005994,openfacts
8024324006007,openfacts
8024324006014,openfacts
8024324006021,openfacts
8024332000011,openfacts
8024332000189,openfacts
8024336000017,openfacts
8024336000031,openfacts
8024336000062,openfacts
8024336000116,openfacts
8024336000147,openfacts
8024336000161,openfacts
8024336000253,openfacts
8024336000260,openfacts
8024336000277,openfacts
8024336000307,openfacts
8024336000406,openfacts
8024336000451,openfacts
8024336000499,openfacts
8024336000642,openfacts
8024336000697,openfacts
8024336000734,openfacts
8024336000840,openfacts
8024336000901,openfacts
8024336000932,openfacts
8024336000956,openfacts
8024336000970,openfacts
8024336001045,openfacts
8024336001069,openfacts
8024336001083,openfacts
8024336001090,openfacts
8024336001113,openfacts
8024336001274,openfacts
8024336001793,openfacts
8024336001823,openfacts
8024336001830,openfacts
8024336001847,openfacts
8024336001854,openfacts
8024336001892,openfacts
8024336001915,openfacts
8024336001953,openfacts
8024336001960,openfacts
8024336001977,openfacts
8024336002684,openfacts
8024336002790,openfacts
8024336003216,openfacts
8024336003223,openfacts
8024336003285,openfacts
8024336003667,openfacts
8024336003803,openfacts
8024336004312,openfacts
8024336004374,openfacts
8024336005982,openfacts
8024336009034,openfacts
8024336010313,openfacts
8024336014137,openfacts
8024336014342,openfacts
8024336014359,openfacts
8024336014366,openfacts
8024336014410,openfacts
8024336014427,openfacts
8024336014434,openfacts
8024336014441,openfacts
8024336014458,openfacts
8024336014489,openfacts
8024336014533,openfacts
8024336015226,openfacts
8024336015233,openfacts
8024336015240,openfacts
8024336015264,openfacts
8024336015271,openfacts
8024336015288,openfacts
8024336015295,openfacts
8024336015301,openfacts
8024336015318,openfacts
8024336015325,openfacts
8024336017213,openfacts
8024336017251,openfacts
8024336030014,openfacts
8024342100442,openfacts
8024342100497,openfacts
8024342100534,openfacts
8024342100916,openfacts
8024342170100,openfacts
8024342600218,openfacts
8024342600362,openfacts
8024346000014,openfacts
8024346000090,openfacts
8024354000037,openfacts
8024354000044,openfacts
8024354000051,openfacts
8024354000068,openfacts
8024354000075,openfacts
8024354000082,openfacts
8024354000099,openfacts
8024354000129,openfacts
8024354016809,openfacts
8024354043515,openfacts
8024354043539,openfacts
8024354043591,openfacts
8024358000002,openfacts
8024358200235,openfacts
8024358200242,openfacts
8024358200327,openfacts
8024358200419,openfacts
8024358200617,openfacts
8024358201140,openfacts
8024358225078,openfacts
8024358226013,openfacts
8024358501714,openfacts
8024358600240,openfacts
8024358601179,openfacts
8024358701138,openfacts
8024358900029,openfacts
8024358900074,openfacts
8024358900142,openfacts
8024358900173,openfacts
8024358901064,openfacts
8024358901248,openfacts
8024358901323,openfacts
8024358901330,openfacts
8024358901347,openfacts
8024358901378,openfacts
8024358901637,openfacts
8024358902009,openfacts
8024358902085,openfacts
8024358902436,openfacts
8024358902788,openfacts
8024358902818,openfacts
8024358902825,openfacts
8024358903037,openfacts
8024358903280,openfacts
8024358903389,openfacts
8024358903631,openfacts
8024358903648,openfacts
8024358907141,openfacts
8024360964323,openfacts
8024367004190,openfacts
8024367004213,openfacts
8024367004275,openfacts
8024367004367,openfacts
8024367004565,openfacts
8024367004619,openfacts
8024367004800,openfacts
8024367004817,openfacts
8024367004848,openfacts
8024367005319,openfacts
8024367005579,openfacts
8024367006378,openfacts
8024367006422,openfacts
8024367006729,openfacts
8024367006736,openfacts
8024367006767,openfacts
8024367006842,openfacts
8024367007184,openfacts
8024367007191,openfacts
8024367007344,openfacts
8024367007368,openfacts
8024367007481,openfacts
8024367007559,openfacts
8024367007566,openfacts
8024367007610,openfacts
8024367007641,openfacts
8024367007658,openfacts
8024367007689,openfacts
8024367007696,openfacts
8024367007719,openfacts
8024367007788,openfacts
8024367007795,openfacts
8024367007924,openfacts
8024367007962,openfacts
8024367007993,openfacts
8024367008082,openfacts
8024367008105,openfacts
8024367008112,openfacts
8024367008136,openfacts
8024367008150,openfacts
8024367008167,openfacts
8024367008174,openfacts
8024367008181,openfacts
8024367008242,openfacts
8024367008327,openfacts
8024367008365,openfacts
8024367008402,openfacts
8024367008488,openfacts
8024370000202,openfacts
8024370000219,openfacts
8024370000226,openfacts
8024370000295,openfacts
8024370000363,openfacts
8024370000370,openfacts
8024370000530,openfacts
8024370000561,openfacts
8024370000608,openfacts
8024370000639,openfacts
8024370000738,openfacts
8024370000929,openfacts
8024370001629,openfacts
8024370001810,openfacts
8024370002022,openfacts
8024370002657,openfacts
8024370002688,openfacts
8024370002701,openfacts
8024370002763,openfacts
8024370002800,openfacts
8024370003005,openfacts
8024370003197,openfacts
8024370003579,openfacts
8024370003593,openfacts
8024370003715,openfacts
8024370003722,openfacts
8024370003821,openfacts
8024370003975,openfacts
8024370003982,openfacts
8024370004064,openfacts
8024370004071,openfacts
8024370004088,openfacts
8024370004507,openfacts
8024370004583,openfacts
8024370004699,openfacts
8024370004705,openfacts
8024370004712,openfacts
8024370004729,openfacts
8024370004736,openfacts
8024370004743,openfacts
8024370004750,openfacts
8024370004798,openfacts
8024370004859,openfacts
8024370004866,openfacts
8024370004897,openfacts
8024370004910,openfacts
8024370004958,openfacts
8024370004965,openfacts
8024370005252,openfacts
8024370005276,openfacts
8024370005283,openfacts
8024370005368,openfacts
8024370005375,openfacts
8024370005498,openfacts
8024370005542,openfacts
8024370005559,openfacts
8024370005566,openfacts
8024370005573,openfacts
8024370005580,openfacts
8024370005733,openfacts
8024370006099,openfacts
8024370006273,openfacts
8024370006280,openfacts
8024370006297,openfacts
8024370006303,openfacts
8024370006341,openfacts
8024370006402,openfacts
8024370006419,openfacts
8024370006426,openfacts
8024370006969,openfacts
8024370006983,openfacts
8024370006990,openfacts
8024370007027,openfacts
8024370007065,openfacts
8024370007188,openfacts
8024370007195,openfacts
8024370007201,openfacts
8024370007423,openfacts
8024370007539,openfacts
8024370007782,openfacts
8024370007829,openfacts
8024370007881,openfacts
8024370007997,openfacts
8024370008048,openfacts
8024370008062,openfacts
8024370008192,openfacts
8024370008239,openfacts
8024370008345,openfacts
8024370008383,openfacts
8024370009267,openfacts
8024370009311,openfacts
8024370009342,openfacts
8024370009373,openfacts
8024370009380,openfacts
8024370009489,openfacts
8024370009496,openfacts
8024370009632,openfacts
8024370009687,openfacts
8024370009717,openfacts
8024370009731,openfacts
8024370009748,openfacts
8024370009878,openfacts
8024370009922,openfacts
8024370009984,openfacts
8024370010003,openfacts
8024370010058,openfacts
8024370010096,openfacts
8024370010157,openfacts
8024370010171,openfacts
8024370010188,openfacts
8024370010195,openfacts
8024370010430,openfacts
8024370010447,openfacts
8024370010522,openfacts
8024370010546,openfacts
8024370010553,openfacts
8024370010621,openfacts
8024370010652,openfacts
8024370010669,openfacts
8024370010676,openfacts
8024370010683,openfacts
8024370010690,openfacts
8024370010713,openfacts
8024370010720,openfacts
8024370010737,openfacts
8024370010744,openfacts
8024370010751,openfacts
8024370010799,openfacts
8024370010805,openfacts
8024370010881,openfacts
8024370010898,openfacts
8024370010904,openfacts
8024370010911,openfacts
8024370011222,openfacts
8024370011345,openfacts
8024370011529,openfacts
8024370011536,openfacts
8024370011581,openfacts
8024370011598,openfacts
8024370011604,openfacts
8024370011611,openfacts
8024370011871,openfacts
8024370011949,openfacts
8024370013134,openfacts
8024370013158,openfacts
8024370013387,openfacts
8024370013394,openfacts
8024370013400,openfacts
8024370013417,openfacts
8024370013615,openfacts
8024370013622,openfacts
8024370013868,openfacts
8024370014506,openfacts
8024370014513,openfacts
8024370014803,openfacts
8024370015176,openfacts
8024370015237,openfacts
8024370015367,openfacts
8024370015763,openfacts
8024370015770,openfacts
8024370015831,openfacts
8024370015930,openfacts
8024370015961,openfacts
8024370015978,openfacts
8024370016654,openfacts
8024370016661,openfacts
8024370016678,openfacts
8024370016937,openfacts
8024370016944,openfacts
8024370016951,openfacts
8024370016968,openfacts
8024370016999,openfacts
8024370017149,openfacts
8024370017163,openfacts
8024370017170,openfacts
8024370017187,openfacts
8024370017194,openfacts
8024370017200,openfacts
8024370017231,openfacts
8024370017330,openfacts
8024370017354,openfacts
8024370017378,openfacts
8024370017446,openfacts
8024370017866,openfacts
8024370017934,openfacts
8024370017941,openfacts
8024370017958,openfacts
8024370018085,openfacts
8024370018399,openfacts
8024370018412,openfacts
8024370018467,openfacts
8024370018580,openfacts
8024370018641,openfacts
8024370018658,openfacts
8024370018665,openfacts
8024370018672,openfacts
8024370018689,openfacts
8024370018696,openfacts
8024370018702,openfacts
8024370018757,openfacts
8024370018832,openfacts
8024370018849,openfacts
8024370018894,openfacts
8024370018948,openfacts
8024370018955,openfacts
8024370018962,openfacts
8024370018979,openfacts
8024370018993,openfacts
8024370019204,openfacts
8024370019242,openfacts
8024370019297,openfacts
8024370019303,openfacts
8024370019310,openfacts
8024370019365,openfacts
8024370019389,openfacts
8024370019402,openfacts
8024370019648,openfacts
8024370019754,openfacts
8024370019785,openfacts
8024370019938,openfacts
8024370019945,openfacts
8024370027773,openfacts
8024370028190,openfacts
8024370029043,openfacts
8024370029142,openfacts
8024370040550,openfacts
8024370047658,openfacts
8024370050009,openfacts
8024370050016,openfacts
8024370050177,openfacts
8024370050184,openfacts
8024370050207,openfacts
8024370050214,openfacts
8024370050245,openfacts
8024370050252,openfacts
8024370050269,openfacts
8024370050276,openfacts
8024370050283,openfacts
8024370050290,openfacts
8024370050320,openfacts
8024370050498,openfacts
8024370050511,openfacts
8024370050542,openfacts
8024370050559,openfacts
8024370050573,openfacts
8024370050641,openfacts
8024370050658,openfacts
8024370050665,openfacts
8024370050689,openfacts
8024370050696,openfacts
8024370050740,openfacts
8024370050764,openfacts
8024370050771,openfacts
8024370050788,openfacts
8024370050917,openfacts
8024370050955,openfacts
8024370050979,openfacts
8024370051112,openfacts
8024370051129,openfacts
8024370051181,openfacts
8024370051204,openfacts
8024370051228,openfacts
8024370051235,openfacts
8024370051242,openfacts
8024370051259,openfacts
8024370051266,openfacts
8024370051297,openfacts
8024370051303,openfacts
8024370051310,openfacts
8024370051396,openfacts
8024370051433,openfacts
8024370051440,openfacts
8024370051464,openfacts
8024370051471,openfacts
8024370051488,openfacts
8024370051495,openfacts
8024370051501,openfacts
8024370051518,openfacts
8024370051532,openfacts
8024370051549,openfacts
8024370051563,openfacts
8024370051662,openfacts
8024370051679,openfacts
8024370051686,openfacts
8024370051709,openfacts
8024370051822,openfacts
8024370051846,openfacts
8024370051891,openfacts
8024370051907,openfacts
8024370051952,openfacts
8024370052072,openfacts
8024370052089,openfacts
8024370052096,openfacts
8024370052102,openfacts
8024370052119,openfacts
8024370052126,openfacts
8024370052133,openfacts
8024370052157,openfacts
8024370052195,openfacts
8024370052201,openfacts
8024370052218,openfacts
8024370052263,openfacts
8024370052287,openfacts
8024370052331,openfacts
8024370052348,openfacts
8024370052355,openfacts
8024370052478,openfacts
8024370052485,openfacts
8024370052546,openfacts
8024370052553,openfacts
8024370052560,openfacts
8024370052577,openfacts
8024370052621,openfacts
8024370052638,openfacts
8024370052652,openfacts
8024370052669,openfacts
8024370052676,openfacts
8024370052683,openfacts
8024370052713,openfacts
8024370052720,openfacts
8024370052737,openfacts
8024370052850,openfacts
8024370052874,openfacts
8024370052898,openfacts
8024370052928,openfacts
8024370052966,openfacts
8024370052973,openfacts
8024370052980,openfacts
8024370052997,openfacts
8024370053000,openfacts
8024370053086,openfacts
8024370053147,openfacts
8024370053154,openfacts
8024370053253,openfacts
8024370053260,openfacts
8024370053291,openfacts
8024370053321,openfacts
8024370053338,openfacts
8024370053345,openfacts
8024370053376,openfacts
8024370053383,openfacts
8024370053413,openfacts
8024370053420,openfacts
8024370053437,openfacts
8024370053444,openfacts
8024370053451,openfacts
8024370053468,openfacts
8024370053475,openfacts
8024370053482,openfacts
8024370053499,openfacts
8024370053505,openfacts
8024370053512,openfacts
8024370053529,openfacts
8024370053550,openfacts
8024370053567,openfacts
8024370053574,openfacts
8024370053628,openfacts
8024370053703,openfacts
8024370053710,openfacts
8024370053901,openfacts
8024370053987,openfacts
8024370053994,openfacts
8024370054007,openfacts
8024370054014,openfacts
8024370054021,openfacts
8024370054038,openfacts
8024370054045,openfacts
8024370054076,openfacts
8024370054083,openfacts
8024370054144,openfacts
8024370054175,openfacts
8024370054243,openfacts
8024370054250,openfacts
8024370054267,openfacts
8024370054311,openfacts
8024370054410,openfacts
8024370054472,openfacts
8024370054502,openfacts
8024370054526,openfacts
8024370054533,openfacts
8024370054540,openfacts
8024370054557,openfacts
8024370054571,openfacts
8024370054595,openfacts
8024370054601,openfacts
8024370054618,openfacts
8024370054625,openfacts
8024370054656,openfacts
8024370054663,openfacts
8024370054687,openfacts
8024370054694,openfacts
8024370054731,openfacts
8024370054748,openfacts
8024370054779,openfacts
8024370054809,openfacts
8024370054816,openfacts
8024370054823,openfacts
8024370054830,openfacts
8024370054885,openfacts
8024370054892,openfacts
8024370054915,openfacts
8024370054922,openfacts
8024370054939,openfacts
8024370054946,openfacts
8024370054953,openfacts
8024370054960,openfacts
8024370054984,openfacts
8024370055004,openfacts
8024370055011,openfacts
8024370055028,openfacts
8024370055035,openfacts
8024370055042,openfacts
8024370055059,openfacts
8024370055066,openfacts
8024370055240,openfacts
8024370055257,openfacts
8024370055325,openfacts
8024370055387,openfacts
8024370055394,openfacts
8024370055400,openfacts
8024370055417,openfacts
8024370055554,openfacts
8024370055561,openfacts
8024370055578,openfacts
8024370055585,openfacts
8024370055592,openfacts
8024370055622,openfacts
8024370055639,openfacts
8024370055646,openfacts
8024370055783,openfacts
8024370055806,openfacts
8024370055820,openfacts
8024370055837,openfacts
8024370055844,openfacts
8024370055851,openfacts
8024370055868,openfacts
8024370055882,openfacts
8024370055899,openfacts
8024370055905,openfacts
8024370055912,openfacts
8024370055929,openfacts
8024370055936,openfacts
8024370055950,openfacts
8024370055967,openfacts
8024370055974,openfacts
8024370055981,openfacts
8024370055998,openfacts
8024370056001,openfacts
8024370056018,openfacts
8024370056025,openfacts
8024370056032,openfacts
8024370056049,openfacts
8024370056087,openfacts
8024370056094,openfacts
8024370056100,openfacts
8024370056117,openfacts
8024370056131,openfacts
8024370056148,openfacts
8024370056162,openfacts
8024370056179,openfacts
8024370056193,openfacts
8024370056209,openfacts
8024370056216,openfacts
8024370056223,openfacts
8024370056254,openfacts
8024370056261,openfacts
8024370056278,openfacts
8024370056285,openfacts
8024370056292,openfacts
8024370056322,openfacts
8024370056339,openfacts
8024370056346,openfacts
8024370056353,openfacts
8024370056360,openfacts
8024370056377,openfacts
8024370056384,openfacts
8024370056483,openfacts
8024370056551,openfacts
8024370056568,openfacts
8024370056599,openfacts
8024370056612,openfacts
8024370056636,openfacts
8024370056681,openfacts
8024370056698,openfacts
8024370056704,openfacts
8024370056711,openfacts
8024370056735,openfacts
8024370056742,openfacts
8024370056797,openfacts
8024370056803,openfacts
8024370056841,openfacts
8024370056872,openfacts
8024370056889,openfacts
8024370056896,openfacts
8024370056926,openfacts
8024370056964,openfacts
8024370056971,openfacts
8024370056988,openfacts
8024370056995,openfacts
8024370057022,openfacts
8024370057039,openfacts
8024370057077,openfacts
8024370057107,openfacts
8024370057121,openfacts
8024370057138,openfacts
8024370057145,openfacts
8024370057176,openfacts
8024370057190,openfacts
8024370057206,openfacts
8024370057220,openfacts
8024370057251,openfacts
8024370057299,openfacts
8024370057305,openfacts
8024370057336,openfacts
8024370057343,openfacts
8024370057350,openfacts
8024370057367,openfacts
8024370057381,openfacts
8024370057398,openfacts
8024370057404,openfacts
8024370057411,openfacts
8024370057428,openfacts
8024370057435,openfacts
8024370057442,openfacts
8024370057459,openfacts
8024370057466,openfacts
8024370057480,openfacts
8024370057497,openfacts
8024370057503,openfacts
8024370057510,openfacts
8024370057527,openfacts
8024370057534,openfacts
8024370057572,openfacts
8024370057589,openfacts
8024370057596,openfacts
8024370057602,openfacts
8024370057619,openfacts
8024370057626,openfacts
8024370057633,openfacts
8024370057640,openfacts
8024370057657,openfacts
8024370057664,openfacts
8024370057671,openfacts
8024370057688,openfacts
8024370057695,openfacts
8024370057701,openfacts
8024370057725,openfacts
8024370057732,openfacts
8024370057749,openfacts
8024370057756,openfacts
8024370057763,openfacts
8024370057770,openfacts
8024370057817,openfacts
8024370057862,openfacts
8024370057879,openfacts
8024370057886,openfacts
8024370057893,openfacts
8024370057909,openfacts
8024370057916,openfacts
8024370057923,openfacts
8024370057930,openfacts
8024370057947,openfacts
8024370057954,openfacts
8024370057961,openfacts
8024370057978,openfacts
8024370057985,openfacts
8024370057992,openfacts
8024370058005,openfacts
8024370058012,openfacts
8024370058029,openfacts
8024370058036,openfacts
8024370058043,openfacts
8024370058050,openfacts
8024370058067,openfacts
8024370058074,openfacts
8024370058081,openfacts
8024370058098,openfacts
8024370058104,openfacts
8024370058128,openfacts
8024370058135,openfacts
8024370058142,openfacts
8024370058159,openfacts
8024370058166,openfacts
8024370058173,openfacts
8024370058180,openfacts
8024370058197,openfacts
8024370058203,openfacts
8024370058210,openfacts
8024370058227,openfacts
8024370058234,openfacts
8024370058241,openfacts
8024370058258,openfacts
8024370058265,openfacts
8024370058272,openfacts
8024370058289,openfacts
8024370058296,openfacts
8024370058302,openfacts
8024370058319,openfacts
8024370058326,openfacts
8024370058333,openfacts
8024370058357,openfacts
8024370058364,openfacts
8024370058371,openfacts
8024370058388,openfacts
8024370058395,openfacts
8024370058401,openfacts
8024370058418,openfacts
8024370058432,openfacts
8024370058449,openfacts
8024370058463,openfacts
8024370058470,openfacts
8024370058487,openfacts
8024370058494,openfacts
8024370058500,openfacts
8024370058517,openfacts
8024370058531,openfacts
8024370058548,openfacts
8024370058555,openfacts
8024370058593,openfacts
8024370058609,openfacts
8024370058616,openfacts
8024370058623,openfacts
8024370058630,openfacts
8024370058654,openfacts
8024370058661,openfacts
8024370058678,openfacts
8024370058685,openfacts
8024370058692,openfacts
8024370058708,openfacts
8024370058715,openfacts
8024370058722,openfacts
8024370058739,openfacts
8024370058746,openfacts
8024370058753,openfacts
8024370058760,openfacts
8024370058777,openfacts
8024370058784,openfacts
8024370058807,openfacts
8024370058814,openfacts
8024370058821,openfacts
8024370058838,openfacts
8024370058845,openfacts
8024370058852,openfacts
8024370058869,openfacts
8024370058876,openfacts
8024370058883,openfacts
8024370058890,openfacts
8024370058906,openfacts
8024370058913,openfacts
8024370058920,openfacts
8024370058937,openfacts
8024370058944,openfacts
8024370058951,openfacts
8024370058968,openfacts
8024370058975,openfacts
8024370058982,openfacts
8024370058999,openfacts
8024370059002,openfacts
8024370059019,openfacts
8024370059026,openfacts
8024370059057,openfacts
8024370059064,openfacts
8024370059071,openfacts
8024370059088,openfacts
8024370059095,openfacts
8024370059118,openfacts
8024370059125,openfacts
8024370059132,openfacts
8024370059149,openfacts
8024370059156,openfacts
8024370059163,openfacts
8024370059187,openfacts
8024370059200,openfacts
8024370059217,openfacts
8024370059224,openfacts
8024370059255,openfacts
8024370059262,openfacts
8024370059279,openfacts
8024370059286,openfacts
8024370059293,openfacts
8024370059309,openfacts
8024370059323,openfacts
8024370059330,openfacts
8024370059347,openfacts
8024370059354,openfacts
8024370059361,openfacts
8024370059378,openfacts
8024370059385,openfacts
8024370059392,openfacts
8024370059408,openfacts
8024370059415,openfacts
8024370059439,openfacts
8024370059446,openfacts
8024370059453,openfacts
8024370059460,openfacts
8024370059477,openfacts
8024370059484,openfacts
8024370059491,openfacts
8024370059507,openfacts
8024370059514,openfacts
8024370059521,openfacts
8024370059538,openfacts
8024370059545,openfacts
8024370059552,openfacts
8024370059569,openfacts
8024370059576,openfacts
8024370059583,openfacts
8024370059620,openfacts
8024370059637,openfacts
8024370059644,openfacts
8024370059651,openfacts
8024370059668,openfacts
8024370059675,openfacts
8024370059750,openfacts
8024370059767,openfacts
8024370059774,openfacts
8024370059781,openfacts
8024370059798,openfacts
8024370059804,openfacts
8024370059811,openfacts
8024370059828,openfacts
8024370059835,openfacts
8024370059842,openfacts
8024370059866,openfacts
8024370059873,openfacts
8024370059880,openfacts
8024370059897,openfacts
8024370059903,openfacts
8024370059927,openfacts
8024370059934,openfacts
8024370059941,openfacts
8024370059958,openfacts
8024370059965,openfacts
8024370059972,openfacts
8024370059989,openfacts
8024370059996,openfacts
8024370060008,openfacts
8024370060015,openfacts
8024370060022,openfacts
8024370060039,openfacts
8024370060046,openfacts
8024370060053,openfacts
8024370060060,openfacts
8024370060077,openfacts
8024370060084,openfacts
8024370060091,openfacts
8024370060107,openfacts
8024370060114,openfacts
8024370060121,openfacts
8024370060138,openfacts
8024370060145,openfacts
8024370060152,openfacts
8024370060169,openfacts
8024370060183,openfacts
8024370060190,openfacts
8024370060206,openfacts
8024370060213,openfacts
8024370060220,openfacts
8024370060237,openfacts
8024370060268,openfacts
8024370060275,openfacts
8024370060282,openfacts
8024370060299,openfacts
8024370060305,openfacts
8024370060312,openfacts
8024370060336,openfacts
8024370060350,openfacts
8024370060367,openfacts
8024370060374,openfacts
8024370060381,openfacts
8024370060398,openfacts
8024370060404,openfacts
8024370060411,openfacts
8024370060428,openfacts
8024370060435,openfacts
8024370060442,openfacts
8024370060459,openfacts
8024370060466,openfacts
8024370060473,openfacts
8024370060480,openfacts
8024370060497,openfacts
8024370060503,openfacts
8024370060534,openfacts
8024370060541,openfacts
8024370060558,openfacts
8024370060565,openfacts
8024370060572,openfacts
8024370060596,openfacts
8024370060602,openfacts
8024370060619,openfacts
8024370060633,openfacts
8024370060640,openfacts
8024370060657,openfacts
8024370060664,openfacts
8024370060671,openfacts
8024370060688,openfacts
8024370060695,openfacts
8024370060701,openfacts
8024370060718,openfacts
8024370060725,openfacts
8024370060732,openfacts
8024370060749,openfacts
8024370060756,openfacts
8024370060770,openfacts
8024370060787,openfacts
8024370060794,openfacts
8024370060800,openfacts
8024370060817,openfacts
8024370060824,openfacts
8024370060848,openfacts
8024370060855,openfacts
8024370060862,openfacts
8024370060879,openfacts
8024370060985,openfacts
8024370060992,openfacts
8024370061043,openfacts
8024370061050,openfacts
8024370061067,openfacts
8024370061074,openfacts
8024370061081,openfacts
8024370061098,openfacts
8024370061104,openfacts
8024370061166,openfacts
8024370061173,openfacts
8024370061180,openfacts
8024370061197,openfacts
8024370061203,openfacts
8024370061227,openfacts
8024370061234,openfacts
8024370061241,openfacts
8024370061265,openfacts
8024370061272,openfacts
8024370061289,openfacts
8024370061296,openfacts
8024370061302,openfacts
8024370061319,openfacts
8024370061326,openfacts
8024370061357,openfacts
8024370061364,openfacts
8024370061371,openfacts
8024370061388,openfacts
8024370061395,openfacts
8024370061401,openfacts
8024370061432,openfacts
8024370061449,openfacts
8024370061456,openfacts
8024370061463,openfacts
8024370061470,openfacts
8024370061500,openfacts
8024370061517,openfacts
8024370061524,openfacts
8024370061531,openfacts
8024370061555,openfacts
8024370061562,openfacts
8024370061579,openfacts
8024370061609,openfacts
8024370061616,openfacts
8024370061623,openfacts
8024370061630,openfacts
8024370061647,openfacts
8024370061654,openfacts
8024370061661,openfacts
8024370061678,openfacts
8024370061722,openfacts
8024370061739,openfacts
8024370061753,openfacts
8024370061791,openfacts
8024370061807,openfacts
8024370061814,openfacts
8024370061821,openfacts
8024370061838,openfacts
8024370061845,openfacts
8024370061852,openfacts
8024370061869,openfacts
8024370061876,openfacts
8024370061883,openfacts
8024370061890,openfacts
8024370061906,openfacts
8024370061920,openfacts
8024370061968,openfacts
8024370061975,openfacts
8024370061982,openfacts
8024370061999,openfacts
8024370062026,openfacts
8024370062033,openfacts
8024370062064,openfacts
8024370062118,openfacts
8024370062125,openfacts
8024370062156,openfacts
8024370062163,openfacts
8024370062231,openfacts
8024370062248,openfacts
8024370062262,openfacts
8024370062361,openfacts
8024370062378,openfacts
8024370062392,openfacts
8024370062408,openfacts
8024370062415,openfacts
8024370062422,openfacts
8024370062439,openfacts
8024370062446,openfacts
8024370062453,openfacts
8024370062460,openfacts
8024370062477,openfacts
8024370062484,openfacts
8024370062491,openfacts
8024370062507,openfacts
8024370062514,openfacts
8024370062521,openfacts
8024370062538,openfacts
8024370062545,openfacts
8024370062569,openfacts
8024370062576,openfacts
8024370062583,openfacts
8024370062590,openfacts
8024370062613,openfacts
8024370062620,openfacts
8024370062668,openfacts
8024370062675,openfacts
8024370062682,openfacts
8024370062729,openfacts
8024370062781,openfacts
8024370062828,openfacts
8024370062859,openfacts
8024370062866,openfacts
8024370062873,openfacts
8024370062880,openfacts
8024370062897,openfacts
8024370062903,openfacts
8024370062910,openfacts
8024370062927,openfacts
8024370062934,openfacts
8024370062941,openfacts
8024370062958,openfacts
8024370062965,openfacts
8024370062989,openfacts
8024370062996,openfacts
8024370063009,openfacts
8024370063023,openfacts
8024370063030,openfacts
8024370063092,openfacts
8024370063115,openfacts
8024370063122,openfacts
8024370063146,openfacts
8024370063153,openfacts
8024370063160,openfacts
8024370063177,openfacts
8024370063184,openfacts
8024370063207,openfacts
8024370063214,openfacts
8024370063221,openfacts
8024370063245,openfacts
8024370063276,openfacts
8024370063283,openfacts
8024370063290,openfacts
8024370063306,openfacts
8024370063368,openfacts
8024370063375,openfacts
8024370063382,openfacts
8024370063399,openfacts
8024370063429,openfacts
8024370063436,openfacts
8024370063443,openfacts
8024370063528,openfacts
8024370063535,openfacts
8024370063542,openfacts
8024370063603,openfacts
8024370063627,openfacts
8024370063641,openfacts
8024370063658,openfacts
8024370063665,openfacts
8024370063689,openfacts
8024370063702,openfacts
8024370063719,openfacts
8024370063726,openfacts
8024370063733,openfacts
8024370063740,openfacts
8024370063757,openfacts
8024370063764,openfacts
8024370063788,openfacts
8024370063856,openfacts
8024370063894,openfacts
8024370063900,openfacts
8024370063917,openfacts
8024370063924,openfacts
8024370063931,openfacts
8024370063962,openfacts
8024370064006,openfacts
8024370064068,openfacts
8024370064136,openfacts
8024370064167,openfacts
8024370064174,openfacts
8024370064181,openfacts
8024370064204,openfacts
8024370064211,openfacts
8024370064228,openfacts
8024370064235,openfacts
8024370064242,openfacts
8024370064266,openfacts
8024370064273,openfacts
8024370064310,openfacts
8024370064327,openfacts
8024370064358,openfacts
8024370064365,openfacts
8024370064372,openfacts
8024370064402,openfacts
8024370064419,openfacts
8024370064426,openfacts
8024370064433,openfacts
8024370064457,openfacts
8024370064464,openfacts
8024370064488,openfacts
8024370064495,openfacts
8024370064501,openfacts
8024370064518,openfacts
8024370064525,openfacts
8024370064549,openfacts
8024370064556,openfacts
8024370064570,openfacts
8024370064587,openfacts
8024370064648,openfacts
8024370064662,openfacts
8024370064679,openfacts
8024370064693,openfacts
8024370064716,openfacts
8024370064723,openfacts
8024370064730,openfacts
8024370064747,openfacts
8024370064754,openfacts
8024370064761,openfacts
8024370064853,openfacts
8024370064860,openfacts
8024370064921,openfacts
8024370064952,openfacts
8024370065041,openfacts
8024370065058,openfacts
8024370065102,openfacts
8024370065140,openfacts
8024370065218,openfacts
8024370065225,openfacts
8024370065232,openfacts
8024370065249,openfacts
8024370065256,openfacts
8024370065270,openfacts
8024370065300,openfacts
8024370065324,openfacts
8024370065393,openfacts
8024370065423,openfacts
8024370065430,openfacts
8024370065447,openfacts
8024370065454,openfacts
8024370065461,openfacts
8024370065515,openfacts
8024370065522,openfacts
8024370065546,openfacts
8024370065607,openfacts
8024370065614,openfacts
8024370065638,openfacts
8024370065669,openfacts
8024370065683,openfacts
8024370065874,openfacts
8024370066024,openfacts
8024370066031,openfacts
8024370066185,openfacts
8024370066406,openfacts
8024370066413,openfacts
8024370066420,openfacts
8024370066475,openfacts
8024370066604,openfacts
8024370066659,openfacts
8024370066666,openfacts
8024370066673,openfacts
8024370066680,openfacts
8024370066703,openfacts
8024370066727,openfacts
8024370066796,openfacts
8024370066802,openfacts
8024370066949,openfacts
8024370067069,openfacts
8024370067137,openfacts
8024370067144,openfacts
8024370067151,openfacts
8024370067175,openfacts
8024370067182,openfacts
8024370067199,openfacts
8024370067205,openfacts
8024370067212,openfacts
8024370067243,openfacts
8024370067366,openfacts
8024370067373,openfacts
8024370067533,openfacts
8024370067540,openfacts
8024370067557,openfacts
8024370067588,openfacts
8024370067595,openfacts
8024370067656,openfacts
8024370067670,openfacts
8024370067687,openfacts
8024370067717,openfacts
8024370067960,openfacts
8024370067991,openfacts
8024370068158,openfacts
8024370068165,openfacts
8024370068233,openfacts
8024370068288,openfacts
8024370068424,openfacts
8024370068455,openfacts
8024370068493,openfacts
8024370068677,openfacts
8024370068851,openfacts
8024370069179,openfacts
8024370069216,openfacts
8024370069223,openfacts
8024370069308,openfacts
8024370069629,openfacts
8024370069643,openfacts
8024370069780,openfacts
8024370069889,openfacts
8024370069995,openfacts
8024370070038,openfacts
8024370070120,openfacts
8024370070373,openfacts
8024370070380,openfacts
8024370071165,openfacts
8024370071295,openfacts
8024370071301,openfacts
8024370071318,openfacts
8024370071349,openfacts
8024370071356,openfacts
8024370071363,openfacts
8024370071387,openfacts
8024370071486,openfacts
8024370071547,openfacts
8024370071561,openfacts
8024370071691,openfacts
8024370071721,openfacts
8024370071738,openfacts
8024370071745,openfacts
8024370071844,openfacts
8024370071851,openfacts
8024370071868,openfacts
8024370071875,openfacts
8024370071905,openfacts
8024370071912,openfacts
8024370072063,openfacts
8024370072100,openfacts
8024370072131,openfacts
8024370072148,openfacts
8024370072155,openfacts
8024370072162,openfacts
8024370072179,openfacts
8024370072216,openfacts
8024370072247,openfacts
8024370072261,openfacts
8024370072278,openfacts
8024370072285,openfacts
8024370072292,openfacts
8024370072308,openfacts
8024370072315,openfacts
8024370072346,openfacts
8024370072353,openfacts
8024370072377,openfacts
8024370072391,openfacts
8024370072414,openfacts
8024370072438,openfacts
8024370072490,openfacts
8024370072513,openfacts
8024370072520,openfacts
8024370072537,openfacts
8024370072582,openfacts
8024370072599,openfacts
8024370072605,openfacts
8024370072681,openfacts
8024370072728,openfacts
8024370072735,openfacts
8024370072742,openfacts
8024370072773,openfacts
8024370072780,openfacts
8024370072797,openfacts
8024370072803,openfacts
8024370072810,openfacts
8024370072834,openfacts
8024370072841,openfacts
8024370072858,openfacts
8024370072865,openfacts
8024370072872,openfacts
8024370072902,openfacts
8024370072919,openfacts
8024370072926,openfacts
8024370072933,openfacts
8024370072940,openfacts
8024370072988,openfacts
8024370072995,openfacts
8024370073077,openfacts
8024370073084,openfacts
8024370073091,openfacts
8024370073114,openfacts
8024370073152,openfacts
8024370073282,openfacts
8024370073312,openfacts
8024370073336,openfacts
8024370073343,openfacts
8024370073367,openfacts
8024370073381,openfacts
8024370073442,openfacts
8024370073459,openfacts
8024370073480,openfacts
8024370073497,openfacts
8024370073503,openfacts
8024370073510,openfacts
8024370073565,openfacts
8024370073572,openfacts
8024370073602,openfacts
8024370073619,openfacts
8024370073626,openfacts
8024370073633,openfacts
8024370073787,openfacts
8024370073893,openfacts
8024370073909,openfacts
8024370073923,openfacts
8024370073930,openfacts
8024370073978,openfacts
8024370073992,openfacts
8024370074005,openfacts
8024370074012,openfacts
8024370074036,openfacts
8024370074067,openfacts
8024370074104,openfacts
8024370074111,openfacts
8024370074166,openfacts
8024370074173,openfacts
8024370074180,openfacts
8024370074197,openfacts
8024370074203,openfacts
8024370074210,openfacts
8024370074227,openfacts
8024370074319,openfacts
8024370074326,openfacts
8024370074333,openfacts
8024370074340,openfacts
8024370074371,openfacts
8024370074388,openfacts
8024370074425,openfacts
8024370074456,openfacts
8024370074463,openfacts
8024370074487,openfacts
8024370074494,openfacts
8024370074500,openfacts
8024370074517,openfacts
8024370074555,openfacts
8024370074562,openfacts
8024370074579,openfacts
8024370074586,openfacts
8024370074593,openfacts
8024370074609,openfacts
8024370074623,openfacts
8024370074630,openfacts
8024370074647,openfacts
8024370074654,openfacts
8024370074661,openfacts
8024370074678,openfacts
8024370074685,openfacts
8024370074692,openfacts
8024370074708,openfacts
8024370074715,openfacts
8024370074722,openfacts
8024370074814,openfacts
8024370074821,openfacts
8024370074845,openfacts
8024370074852,openfacts
8024370074869,openfacts
8024370074876,openfacts
8024370074883,openfacts
8024370074913,openfacts
8024370074920,openfacts
8024370074937,openfacts
8024370074944,openfacts
8024370074968,openfacts
8024370074975,openfacts
8024370074982,openfacts
8024370075057,openfacts
8024370075064,openfacts
8024370075071,openfacts
8024370075088,openfacts
8024370075149,openfacts
8024370075156,openfacts
8024370075163,openfacts
8024370075170,openfacts
8024370075262,openfacts
8024370075279,openfacts
8024370075286,openfacts
8024370075293,openfacts
8024370075309,openfacts
8024370075330,openfacts
8024370075354,openfacts
8024370075361,openfacts
8024370075392,openfacts
8024370075408,openfacts
8024370075583,openfacts
8024370075590,openfacts
8024370075774,openfacts
8024370075781,openfacts
8024370075798,openfacts
8024370075828,openfacts
8024370075842,openfacts
8024370075859,openfacts
8024370075866,openfacts
8024370075873,openfacts
8024370075972,openfacts
8024370075989,openfacts
8024370075996,openfacts
8024370076016,openfacts
8024370076023,openfacts
8024370076047,openfacts
8024370076061,openfacts
8024370076078,openfacts
8024370076085,openfacts
8024370076092,openfacts
8024370076108,openfacts
8024370076153,openfacts
8024370076160,openfacts
8024370076207,openfacts
8024370076221,openfacts
8024370076238,openfacts
8024370076252,openfacts
8024370076337,openfacts
8024370076344,openfacts
8024370076351,openfacts
8024370076375,openfacts
8024370076382,openfacts
8024370076405,openfacts
8024370076412,openfacts
8024370076429,openfacts
8024370076436,openfacts
8024370076443,openfacts
8024370076498,openfacts
8024370076504,openfacts
8024370076542,openfacts
8024370076559,openfacts
8024370076597,openfacts
8024370076603,openfacts
8024370076610,openfacts
8024370076627,openfacts
8024370076702,openfacts
8024370076764,openfacts
8024370076825,openfacts
8024370076832,openfacts
8024370076849,openfacts
8024370076856,openfacts
8024370076863,openfacts
8024370076870,openfacts
8024370076887,openfacts
8024370076894,openfacts
8024370076900,openfacts
8024370076917,openfacts
8024370076955,openfacts
8024370076986,openfacts
8024370077051,openfacts
8024370077068,openfacts
8024370077167,openfacts
8024370077198,openfacts
8024370077228,openfacts
8024370077235,openfacts
8024370077273,openfacts
8024370077280,openfacts
8024370077297,openfacts
8024370077303,openfacts
8024370077310,openfacts
8024370077327,openfacts
8024370077334,openfacts
8024370077341,openfacts
8024370077365,openfacts
8024370077372,openfacts
8024370077389,openfacts
8024370077426,openfacts
8024370077471,openfacts
8024370077488,openfacts
8024370077518,openfacts
8024370077532,openfacts
8024370077556,openfacts
8024370077570,openfacts
8024370077587,openfacts
8024370077594,openfacts
8024370077600,openfacts
8024370077617,openfacts
8024370077624,openfacts
8024370077662,openfacts
8024370077679,openfacts
8024370077686,openfacts
8024370077693,openfacts
8024370077709,openfacts
8024370077716,openfacts
8024370077723,openfacts
8024370077730,openfacts
8024370077747,openfacts
8024370077754,openfacts
8024370077785,openfacts
8024370077792,openfacts
8024370077815,openfacts
8024370077853,openfacts
8024370077860,openfacts
8024370077907,openfacts
8024370077921,openfacts
8024370077945,openfacts
8024370077976,openfacts
8024370077990,openfacts
8024370078072,openfacts
8024370078096,openfacts
8024370078119,openfacts
8024370078164,openfacts
8024370078188,openfacts
8024370078201,openfacts
8024370078218,openfacts
8024370078386,openfacts
8024370078478,openfacts
8024370078485,openfacts
8024370078683,openfacts
8024370078775,openfacts
8024370078799,openfacts
8024370078805,openfacts
8024370078812,openfacts
8024370078904,openfacts
8024370078973,openfacts
8024370078980,openfacts
8024370078997,openfacts
8024370079000,openfacts
8024370079123,openfacts
8024370079130,openfacts
8024370079147,openfacts
8024370079208,openfacts
8024370079239,openfacts
8024370079390,openfacts
8024370079413,openfacts
8024370079420,openfacts
8024370079468,openfacts
8024370079482,openfacts
8024370079499,openfacts
8024370079505,openfacts
8024370079512,openfacts
8024370079529,openfacts
8024370079536,openfacts
8024370079543,openfacts
8024370079550,openfacts
8024370079567,openfacts
8024370079574,openfacts
8024370079598,openfacts
8024370079611,openfacts
8024370079628,openfacts
8024370079635,openfacts
8024370079642,openfacts
8024370079659,openfacts
8024370079673,openfacts
8024370079680,openfacts
8024370079697,openfacts
8024370079703,openfacts
8024370079710,openfacts
8024370079727,openfacts
8024370079796,openfacts
8024370079802,openfacts
8024370079819,openfacts
8024370079826,openfacts
8024370079833,openfacts
8024370079840,openfacts
8024370079864,openfacts
8024370079871,openfacts
8024370079888,openfacts
8024370079895,openfacts
8024370079901,openfacts
8024370079918,openfacts
8024370079925,openfacts
8024370079932,openfacts
8024370081980,openfacts
8024370081997,openfacts
8024370082000,openfacts
8024370082017,openfacts
8024370083045,openfacts
8024370088576,openfacts
8024370092351,openfacts
8024370100018,openfacts
8024370100032,openfacts
8024370100049,openfacts
8024370100094,openfacts
8024370100100,openfacts
8024370100117,openfacts
8024370100162,openfacts
8024370100179,openfacts
8024370100254,openfacts
8024370100278,openfacts
8024370100322,openfacts
8024370100339,openfacts
8024370100346,openfacts
8024370100353,openfacts
8024370100360,openfacts
8024370100445,openfacts
8024370100452,openfacts
8024370100483,openfacts
8024370100490,openfacts
8024370100506,openfacts
8024370100513,openfacts
8024370100520,openfacts
8024370100544,openfacts
8024370100575,openfacts
8024370100599,openfacts
8024370100605,openfacts
8024370100612,openfacts
8024370100698,openfacts
8024370100704,openfacts
8024370100742,openfacts
8024370100803,openfacts
8024370100858,openfacts
8024370100865,openfacts
8024370100896,openfacts
8024370100933,openfacts
8024370100940,openfacts
8024370100957,openfacts
8024370100964,openfacts
8024370100971,openfacts
8024370100988,openfacts
8024370100995,openfacts
8024370101008,openfacts
8024370101022,openfacts
8024370101053,openfacts
8024370101114,openfacts
8024370101121,openfacts
8024370101138,openfacts
8024370101145,openfacts
8024370101169,openfacts
8024370101176,openfacts
8024370101213,openfacts
8024370101237,openfacts
8024370101244,openfacts
8024370101251,openfacts
8024370101268,openfacts
8024370101275,openfacts
8024370101299,openfacts
8024370101305,openfacts
8024370101329,openfacts
8024370101343,openfacts
8024370101350,openfacts
8024370101374,openfacts
8024370101404,openfacts
8024370101411,openfacts
8024370101428,openfacts
8024370101442,openfacts
8024370101459,openfacts
8024370101466,openfacts
8024370101473,openfacts
8024370101480,openfacts
8024370101497,openfacts
8024370101503,openfacts
8024370101510,openfacts
8024370101527,openfacts
8024370101534,openfacts
8024370101541,openfacts
8024370101558,openfacts
8024370101565,openfacts
8024370101572,openfacts
8024370101589,openfacts
8024370101596,openfacts
8024370101602,openfacts
8024370101619,openfacts
8024370101626,openfacts
8024370101640,openfacts
8024370101657,openfacts
8024370101664,openfacts
8024370101671,openfacts
8024370101688,openfacts
8024370101725,openfacts
8024370101732,openfacts
8024370101763,openfacts
8024370101787,openfacts
8024370101817,openfacts
8024370101824,openfacts
8024370101831,openfacts
8024370101848,openfacts
8024370101893,openfacts
8024370101909,openfacts
8024370101923,openfacts
8024370101930,openfacts
8024370101954,openfacts
8024370101961,openfacts
8024370101978,openfacts
8024370101985,openfacts
8024370101992,openfacts
8024370102005,openfacts
8024370102012,openfacts
8024370102029,openfacts
8024370102036,openfacts
8024370102043,openfacts
8024370102135,openfacts
8024370102180,openfacts
8024370102210,openfacts
8024370102227,openfacts
8024370102302,openfacts
8024370102357,openfacts
8024370102364,openfacts
8024370102388,openfacts
8024370102432,openfacts
8024370102449,openfacts
8024370102456,openfacts
8024370102463,openfacts
8024370102470,openfacts
8024370102487,openfacts
8024370102494,openfacts
8024370102500,openfacts
8024370102517,openfacts
8024370102524,openfacts
8024370102531,openfacts
8024370102548,openfacts
8024370102555,openfacts
8024370102562,openfacts
8024370102586,openfacts
8024370102616,openfacts
8024370102661,openfacts
8024370102678,openfacts
8024370102708,openfacts
8024370102715,openfacts
8024370102722,openfacts
8024370102869,openfacts
8024370102883,openfacts
8024370102890,openfacts
8024370102906,openfacts
8024370102913,openfacts
8024370102920,openfacts
8024370102944,openfacts
8024370103095,openfacts
8024370103293,openfacts
8024370103309,openfacts
8024370103316,openfacts
8024370103323,openfacts
8024370103378,openfacts
8024370103385,openfacts
8024370103392,openfacts
8024370103408,openfacts
8024370103439,openfacts
8024370103446,openfacts
8024370103453,openfacts
8024370103460,openfacts
8024370103477,openfacts
8024370103590,openfacts
8024370103606,openfacts
8024370103613,openfacts
8024370103620,openfacts
8024370103637,openfacts
8024370104139,openfacts
8024370104191,openfacts
8024370104320,openfacts
8024370104337,openfacts
8024370104351,openfacts
8024370104368,openfacts
8024370104375,openfacts
8024370104405,openfacts
8024370104412,openfacts
8024370104429,openfacts
8024370104436,openfacts
8024370104443,openfacts
8024370104450,openfacts
8024370104467,openfacts
8024370104474,openfacts
8024370104481,openfacts
8024370104498,openfacts
8024370104504,openfacts
8024370104528,openfacts
8024370104535,openfacts
8024370104542,openfacts
8024370104559,openfacts
8024370104566,openfacts
8024370104573,openfacts
8024370104580,openfacts
8024370104597,openfacts
8024370104603,openfacts
8024370104610,openfacts
8024370104627,openfacts
8024370104641,openfacts
8024370104658,openfacts
8024370104665,openfacts
8024370104689,openfacts
8024370104696,openfacts
8024370104702,openfacts
8024370104740,openfacts
8024370104757,openfacts
8024370104764,openfacts
8024370104832,openfacts
8024370104849,openfacts
8024370104856,openfacts
8024370104863,openfacts
8024370104870,openfacts
8024370104887,openfacts
8024370104894,openfacts
8024370104900,openfacts
8024370104955,openfacts
8024370104962,openfacts
8024370104979,openfacts
8024370104986,openfacts
8024370104993,openfacts
8024370105013,openfacts
8024370105020,openfacts
8024370105037,openfacts
8024370105051,openfacts
8024370105068,openfacts
8024370105075,openfacts
8024370105082,openfacts
8024370105099,openfacts
8024370105105,openfacts
8024370105112,openfacts
8024370105129,openfacts
8024370105136,openfacts
8024370105143,openfacts
8024370105150,openfacts
8024370105167,openfacts
8024370105181,openfacts
8024370105198,openfacts
8024370105204,openfacts
8024370105419,openfacts
8024370106812,openfacts
8024370106829,openfacts
8024370106836,openfacts
8024370106843,openfacts
8024370106850,openfacts
8024370106867,openfacts
8024370106874,openfacts
8024370106881,openfacts
8024370106935,openfacts
8024370106959,openfacts
8024370106966,openfacts
8024370106973,openfacts
8024370106980,openfacts
8024370107000,openfacts
8024370107017,openfacts
8024370107024,openfacts
8024370107031,openfacts
8024370107048,openfacts
8024370107062,openfacts
8024370107222,openfacts
8024370107260,openfacts
8024370107284,openfacts
8024370107291,openfacts
8024370107314,openfacts
8024370107321,openfacts
8024370107338,openfacts
8024370107352,openfacts
8024370107376,openfacts
8024370107444,openfacts
8024370107475,openfacts
8024370107505,openfacts
8024370107536,openfacts
8024370107567,openfacts
8024370107574,openfacts
8024370107581,openfacts
8024370107598,openfacts
8024370107604,openfacts
8024370107611,openfacts
8024370107628,openfacts
8024370107635,openfacts
8024370107642,openfacts
8024370107659,openfacts
8024370107666,openfacts
8024370107796,openfacts
8024370107802,openfacts
8024370107819,openfacts
8024370107833,openfacts
8024370107840,openfacts
8024370107963,openfacts
8024370107987,openfacts
8024370108014,openfacts
8024370108021,openfacts
8024370108038,openfacts
8024370108045,openfacts
8024370108052,openfacts
8024370108069,openfacts
8024370108076,openfacts
8024370108083,openfacts
8024370108090,openfacts
8024370108106,openfacts
8024370108113,openfacts
8024370108120,openfacts
8024370108137,openfacts
8024370108144,openfacts
8024370108168,openfacts
8024370108175,openfacts
8024370108182,openfacts
8024370108212,openfacts
8024370108229,openfacts
8024370108236,openfacts
8024370108274,openfacts
8024370108304,openfacts
8024370108311,openfacts
8024370108328,openfacts
8024370108335,openfacts
8024370108342,openfacts
8024370108359,openfacts
8024370108571,openfacts
8024370108588,openfacts
8024370108618,openfacts
8024370108625,openfacts
8024370108632,openfacts
8024370108649,openfacts
8024370108656,openfacts
8024370108663,openfacts
8024370108670,openfacts
8024370108687,openfacts
8024370108694,openfacts
8024370108700,openfacts
8024370108717,openfacts
8024370108731,openfacts
8024370108748,openfacts
8024370108755,openfacts
8024370108762,openfacts
8024370108779,openfacts
8024370108793,openfacts
8024370108878,openfacts
8024370108908,openfacts
8024370108915,openfacts
8024370108922,openfacts
8024370108939,openfacts
8024370108946,openfacts
8024370108953,openfacts
8024370108960,openfacts
8024370109004,openfacts
8024370109028,openfacts
8024370109035,openfacts
8024370109042,openfacts
8024370109059,openfacts
8024370109073,openfacts
8024370109080,openfacts
8024370109134,openfacts
8024370109141,openfacts
8024370109158,openfacts
8024370109165,openfacts
8024370109172,openfacts
8024370109202,openfacts
8024370109219,openfacts
8024370109226,openfacts
8024370109233,openfacts
8024370109240,openfacts
8024370109257,openfacts
8024370109264,openfacts
8024370109271,openfacts
8024370109288,openfacts
8024370109295,openfacts
8024370109301,openfacts
8024370109318,openfacts
8024370109332,openfacts
8024370109356,openfacts
8024370109363,openfacts
8024370109370,openfacts
8024370109387,openfacts
8024370109394,openfacts
8024370109400,openfacts
8024370109417,openfacts
8024370109424,openfacts
8024370109431,openfacts
8024370109448,openfacts
8024370109455,openfacts
8024370109509,openfacts
8024370109523,openfacts
8024370109530,openfacts
8024370109554,openfacts
8024370109561,openfacts
8024370109578,openfacts
8024370109585,openfacts
8024370109592,openfacts
8024370109622,openfacts
8024370109639,openfacts
8024370109646,openfacts
8024370109677,openfacts
8024370109684,openfacts
8024370109691,openfacts
8024370109776,openfacts
8024370109783,openfacts
8024370109813,openfacts
8024370109820,openfacts
8024370109837,openfacts
8024370109844,openfacts
8024370109851,openfacts
8024370109868,openfacts
8024370109875,openfacts
8024370109882,openfacts
8024370109905,openfacts
8024370109912,openfacts
8024370109929,openfacts
8024370109936,openfacts
8024370109943,openfacts
8024370109950,openfacts
8024370110055,openfacts
8024370110062,openfacts
8024370110109,openfacts
8024370110178,openfacts
8024370110246,openfacts
8024370110253,openfacts
8024370110260,openfacts
8024370110277,openfacts
8024370110352,openfacts
8024370110369,openfacts
8024370110376,openfacts
8024370110383,openfacts
8024370110390,openfacts
8024370110413,openfacts
8024370110420,openfacts
8024370110468,openfacts
8024370110475,openfacts
8024370110482,openfacts
8024370110505,openfacts
8024370110512,openfacts
8024370110536,openfacts
8024370110543,openfacts
8024370110567,openfacts
8024370110574,openfacts
8024370110581,openfacts
8024370110598,openfacts
8024370110604,openfacts
8024370110611,openfacts
8024370110628,openfacts
8024370110635,openfacts
8024370110642,openfacts
8024370110659,openfacts
8024370110673,openfacts
8024370110680,openfacts
8024370110710,openfacts
8024370110734,openfacts
8024370110741,openfacts
8024370110765,openfacts
8024370110789,openfacts
8024370110796,openfacts
8024370110826,openfacts
8024370110833,openfacts
8024370110840,openfacts
8024370110857,openfacts
8024370110864,openfacts
8024370110871,openfacts
8024370110895,openfacts
8024370110949,openfacts
8024370110956,openfacts
8024370110963,openfacts
8024370110970,openfacts
8024370110987,openfacts
8024370110994,openfacts
8024370111007,openfacts
8024370111014,openfacts
8024370111076,openfacts
8024370111106,openfacts
8024370111113,openfacts
8024370111120,openfacts
8024370111137,openfacts
8024370111144,openfacts
8024370111168,openfacts
8024370111175,openfacts
8024370111182,openfacts
8024370111199,openfacts
8024370111205,openfacts
8024370111212,openfacts
8024370111229,openfacts
8024370111250,openfacts
8024370111281,openfacts
8024370111335,openfacts
8024370111359,openfacts
8024370111366,openfacts
8024370111373,openfacts
8024370111434,openfacts
8024370111441,openfacts
8024370111465,openfacts
8024370111472,openfacts
8024370111489,openfacts
8024370111502,openfacts
8024370111540,openfacts
8024370111557,openfacts
8024370111564,openfacts
8024370111588,openfacts
8024370111595,openfacts
8024370111601,openfacts
8024370111618,openfacts
8024370111625,openfacts
8024370111649,openfacts
8024370112615,openfacts
8024370112622,openfacts
8024370112820,openfacts
8024370112837,openfacts
8024370112851,openfacts
8024370112868,openfacts
8024370112875,openfacts
8024370112882,openfacts
8024370112899,openfacts
8024370112912,openfacts
8024370112929,openfacts
8024370112936,openfacts
8024370112950,openfacts
8024370113070,openfacts
8024370113124,openfacts
8024370113148,openfacts
8024370113155,openfacts
8024370113162,openfacts
8024370113179,openfacts
8024370113278,openfacts
8024370113322,openfacts
8024370113339,openfacts
8024370113360,openfacts
8024370113391,openfacts
8024370113469,openfacts
8024370113476,openfacts
8024370113483,openfacts
8024370113490,openfacts
8024370113520,openfacts
8024370113551,openfacts
8024370113575,openfacts
8024370113582,openfacts
8024370113599,openfacts
8024370113605,openfacts
8024370113636,openfacts
8024370113667,openfacts
8024370113681,openfacts
8024370113698,openfacts
8024370113711,openfacts
8024370113728,openfacts
8024370113735,openfacts
8024370113766,openfacts
8024370113780,openfacts
8024370113803,openfacts
8024370113810,openfacts
8024370113827,openfacts
8024370113865,openfacts
8024370113896,openfacts
8024370113902,openfacts
8024370113971,openfacts
8024370114046,openfacts
8024370114060,openfacts
8024370114084,openfacts
8024370114152,openfacts
8024370114176,openfacts
8024370114213,openfacts
8024370114237,openfacts
8024370114299,openfacts
8024370114381,openfacts
8024370114398,openfacts
8024370114404,openfacts
8024370114411,openfacts
8024370114473,openfacts
8024370114480,openfacts
8024370114497,openfacts
8024370114503,openfacts
8024370114510,openfacts
8024370114527,openfacts
8024370114534,openfacts
8024370114565,openfacts
8024370114572,openfacts
8024370114589,openfacts
8024370114596,openfacts
8024370114626,openfacts
8024370114688,openfacts
8024370114794,openfacts
8024370114893,openfacts
8024370114909,openfacts
8024370114916,openfacts
8024370114961,openfacts
8024370115012,openfacts
8024370115029,openfacts
8024370115074,openfacts
8024370115081,openfacts
8024370115098,openfacts
8024370115104,openfacts
8024370115111,openfacts
8024370115142,openfacts
8024370115173,openfacts
8024370115180,openfacts
8024370115197,openfacts
8024370115210,openfacts
8024370115265,openfacts
8024370115289,openfacts
8024370115296,openfacts
8024370115302,openfacts
8024370115319,openfacts
8024370115326,openfacts
8024370115371,openfacts
8024370115470,openfacts
8024370115494,openfacts
8024370115500,openfacts
8024370115517,openfacts
8024370115548,openfacts
8024370115555,openfacts
8024370115654,openfacts
8024370115685,openfacts
8024370115715,openfacts
8024370115722,openfacts
8024370115777,openfacts
8024370115784,openfacts
8024370115791,openfacts
8024370115869,openfacts
8024370115906,openfacts
8024370115913,openfacts
8024370116040,openfacts
8024370116507,openfacts
8024370116576,openfacts
8024370116606,openfacts
8024370116637,openfacts
8024370116644,openfacts
8024370116682,openfacts
8024370116781,openfacts
8024370116811,openfacts
8024370116842,openfacts
8024370116880,openfacts
8024370116897,openfacts
8024370116941,openfacts
8024370116958,openfacts
8024370117009,openfacts
8024370117016,openfacts
8024370117047,openfacts
8024370117054,openfacts
8024370117061,openfacts
8024370117078,openfacts
8024370117115,openfacts
8024370117146,openfacts
8024370117184,openfacts
8024370117191,openfacts
8024370117252,openfacts
8024370117283,openfacts
8024370117320,openfacts
8024370117344,openfacts
8024370117481,openfacts
8024370117504,openfacts
8024370117528,openfacts
8024370117542,openfacts
8024370117696,openfacts
8024370117702,openfacts
8024370118136,openfacts
8024370118181,openfacts
8024370118198,openfacts
8024370118273,openfacts
8024370118280,openfacts
8024370118372,openfacts
8024370118402,openfacts
8024370118457,openfacts
8024370118464,openfacts
8024370118471,openfacts
8024370118488,openfacts
8024370118518,openfacts
8024370118525,openfacts
8024370118594,openfacts
8024370118686,openfacts
8024370118716,openfacts
8024370118723,openfacts
8024370118754,openfacts
8024370118815,openfacts
8024370118839,openfacts
8024370118877,openfacts
8024370118914,openfacts
8024370118969,openfacts
8024370119478,openfacts
8024370119836,openfacts
8024370119874,openfacts
8024370140021,openfacts
8024370140045,openfacts
8024370140144,openfacts
8024370140472,openfacts
8024370140595,openfacts
8024370140687,openfacts
8024370140847,openfacts
8024370141233,openfacts
8024370141417,openfacts
8024370141806,openfacts
8024370142117,openfacts
8024370142148,openfacts
8024370142193,openfacts
8024370160302,openfacts
8024370160340,openfacts
8024370160401,openfacts
8024370160555,openfacts
8024370160869,openfacts
8024370160890,openfacts
8024370161194,openfacts
8024370161286,openfacts
8024370161293,openfacts
8024370161446,openfacts
8024370161453,openfacts
8024370161910,openfacts
8024370161934,openfacts
8024370162139,openfacts
8024370162320,openfacts
8024370222666,openfacts
8024370410261,openfacts
8024370431891,openfacts
8024371378980,openfacts
8024372113702,openfacts
8024379001804,openfacts
8024379002009,openfacts
8024384023648,openfacts
8024384024706,openfacts
8024384024928,openfacts
8024384025390,openfacts
8024384026595,openfacts
8024384027639,openfacts
8024384027943,openfacts
8024392003946,openfacts
8024398000116,openfacts
8024398000147,openfacts
8024398214469,openfacts
8024409000074,openfacts
8024409000340,openfacts
8024409000395,openfacts
8024409000500,openfacts
8024409000593,openfacts
8024409000661,openfacts
8024409000739,openfacts
8024409000784,openfacts
8024409000890,openfacts
8024409001125,openfacts
8024409001262,openfacts
8024409001422,openfacts
8024409001439,openfacts
8024409001699,openfacts
8024409001767,openfacts
8024409002115,openfacts
8024409002153,openfacts
8024409002245,openfacts
8024409002429,openfacts
8024409002603,openfacts
8024409002887,openfacts
8024409003747,openfacts
8024409003792,openfacts
8024409003884,openfacts
8024409004119,openfacts
8024409004232,openfacts
8024409004287,openfacts
8024409004294,openfacts
8024409004485,openfacts
8024409004546,openfacts
8024409004706,openfacts
8024409004713,openfacts
8024417011215,openfacts
8024417105686,openfacts
8024417151799,openfacts
8024424123413,openfacts
8024424123444,openfacts
8024424123512,openfacts
8024424123642,openfacts
8024425000027,openfacts
8024425000065,openfacts
8024425000072,openfacts
8024425000089,openfacts
8024425000102,openfacts
8024425000119,openfacts
8024425000188,openfacts
8024429605068,openfacts
8024431001483,openfacts
8024431001940,openfacts
8024431002947,openfacts
8024431003265,openfacts
8024431006365,openfacts
8024431006891,openfacts
8024431006907,openfacts
8024431006945,openfacts
8024431007034,openfacts
8024431007973,openfacts
8024431007980,openfacts
8024431008239,openfacts
8024431008703,openfacts
8024431009014,openfacts
8024431009489,openfacts
8024431009496,openfacts
8024431009571,openfacts
8024431009618,openfacts
8024431009625,openfacts
8024431009984,openfacts
8024431009991,openfacts
8024431010522,openfacts
8024432763021,openfacts
8024432773020,openfacts
8024436000122,openfacts
8024436000146,openfacts
8024436002003,openfacts
8024436002041,openfacts
8024438310014,openfacts
8024449000027,openfacts
8024449000997,openfacts
8024449030000,openfacts
8024451000169,openfacts
8024451000183,openfacts
8024451000213,openfacts
8024451000305,openfacts
8024451000510,openfacts
8024451000527,openfacts
8024451000602,openfacts
8024451000619,openfacts
8024451001197,openfacts
8024451001753,openfacts
8024451001807,openfacts
8024451002163,openfacts
8024451002309,openfacts
8024451002392,openfacts
8024451002613,openfacts
8024451002620,openfacts
8024451003498,openfacts
8024451003504,openfacts
8024451003573,openfacts
8024451003627,openfacts
8024451003757,openfacts
8024458050013,openfacts
8024458090064,openfacts
8024458090477,openfacts
8024459052504,openfacts
8024460004004,openfacts
8024460004042,openfacts
8024460008002,openfacts
8024460010104,openfacts
8024460030003,openfacts
8024460100041,openfacts
8024460100089,openfacts
8024460125006,openfacts
8024460125037,openfacts
8024460150510,openfacts
8024460150541,openfacts
8024460150596,openfacts
8024460175018,openfacts
8024460175056,openfacts
8024460900108,openfacts
8024460900504,openfacts
8024460900757,openfacts
8024462002008,openfacts
8024466000055,openfacts
8024466000611,openfacts
8024466000659,openfacts
8024466000673,openfacts
8024466000680,openfacts
8024466000697,openfacts
8024466000734,openfacts
8024466000758,openfacts
8024468000527,openfacts
8024468004334,openfacts
8024471000163,openfacts
8024472000049,openfacts
8024493000042,openfacts
8024493000080,openfacts
8024493000097,openfacts
8024493000516,openfacts
8024493000530,openfacts
8024493001230,openfacts
8024493931728,openfacts
8024501001788,openfacts
8024501001955,openfacts
8024501006622,openfacts
8024501009302,openfacts
8024506000007,openfacts
8024506001783,openfacts
8024506001875,openfacts
8024508000012,openfacts
8024511000016,openfacts
8024511000061,openfacts
8024512000299,openfacts
8024516001018,openfacts
8024516001025,openfacts
8024516002015,openfacts
8024516002022,openfacts
8024516002060,openfacts
8024516002107,openfacts
8024516002152,openfacts
8024516002190,openfacts
8024516002220,openfacts
8024516007041,openfacts
8024517000010,openfacts
8024517000027,openfacts
8024517000034,openfacts
8024517000065,openfacts
8024517000072,openfacts
8024517000096,openfacts
8024517000263,openfacts
8024517000270,openfacts
8024526000063,openfacts
8024526000407,openfacts
8024526000476,openfacts
8024532001016,openfacts
8024532001412,openfacts
8024532001429,openfacts
8024532001436,openfacts
8024532001498,openfacts
8024532001542,openfacts
8024532001610,openfacts
8024532001696,openfacts
8024536007038,openfacts
8024540111110,openfacts
8024540111240,openfacts
8024540111318,openfacts
8024540111677,openfacts
8024540112179,openfacts
8024549000033,openfacts
8024549000255,openfacts
8024550000152,openfacts
8024550000251,openfacts
8024550000756,openfacts
8024550020204,openfacts
8024550020228,openfacts
8024555000409,openfacts
8024555000508,openfacts
8024555000607,openfacts
8024555000706,openfacts
8024555010088,openfacts
8024555010095,openfacts
8024555010125,openfacts
8024555010149,openfacts
8024555010293,openfacts
8024555010323,openfacts
8024555010347,openfacts
8024555010507,openfacts
8024555010514,openfacts
8024555010606,openfacts
8024555010781,openfacts
8024555010842,openfacts
8024555010859,openfacts
8024555010958,openfacts
8024555011016,openfacts
8024555011450,openfacts
8024555011986,openfacts
8024555012013,openfacts
8024555012075,openfacts
8024555012099,openfacts
8024555012105,openfacts
8024555012365,openfacts
8024555012396,openfacts
8024555012402,openfacts
8024555012440,openfacts
8024555012563,openfacts
8024555012600,openfacts
8024555012631,openfacts
8024555012716,openfacts
8024555012884,openfacts
8024555013140,openfacts
8024555013157,openfacts
8024555013164,openfacts
8024555013171,openfacts
8024555013201,openfacts
8024555013225,openfacts
8024555013324,openfacts
8024555013546,openfacts
8024555013614,openfacts
8024555013621,openfacts
8024555013775,openfacts
8024555013782,openfacts
8024555013799,openfacts
8024555013836,openfacts
8024555013843,openfacts
8024555013911,openfacts
8024555014024,openfacts
8024555014048,openfacts
8024555014062,openfacts
8024555014178,openfacts
8024555014239,openfacts
8024555014246,openfacts
8024555014253,openfacts
8024555014260,openfacts
8024555014284,openfacts
8024555014338,openfacts
8024555014420,openfacts
8024555014444,openfacts
8024555014451,openfacts
8024555014499,openfacts
8024555014673,openfacts
8024557700048,openfacts
8024561000509,openfacts
8024561000608,openfacts
8024561000714,openfacts
8024568040256,openfacts
8024568042915,openfacts
8024568057346,openfacts
8024568057483,openfacts
8024568127452,openfacts
8024568277348,openfacts
8024568307342,openfacts
8024568312193,openfacts
8024568312346,openfacts
8024568332344,openfacts
8024568332573,openfacts
8024568347348,openfacts
8024568352458,openfacts
8024568352915,openfacts
8024568517918,openfacts
8024568542453,openfacts
8024568567333,openfacts
8024571000216,openfacts
8024571000605,openfacts
8024571001282,openfacts
8024572000017,openfacts
8024572000024,openfacts
8024572000031,openfacts
8024572000048,openfacts
8024572000079,openfacts
8024572000123,openfacts
8024572000185,openfacts
8024572000376,openfacts
8024581000091,openfacts
8024581000107,openfacts
8024581000251,openfacts
8024581000275,openfacts
8024581000282,openfacts
8024581000510,openfacts
8024581000527,openfacts
8024581000589,openfacts
8024581000619,openfacts
8024581000701,openfacts
8024581000824,openfacts
8024581000978,openfacts
8024581001180,openfacts
8024581001685,openfacts
8024581001692,openfacts
8024581002118,openfacts
8024581002989,openfacts
8024581003337,openfacts
8024581003788,openfacts
8024581003863,openfacts
8024581003870,openfacts
8024581003917,openfacts
8024581003924,openfacts
8024581003931,openfacts
8024581003948,openfacts
8024581004655,openfacts
8024581004730,openfacts
8024581006734,openfacts
8024581006772,openfacts
8024581007052,openfacts
8024581007069,openfacts
8024581007090,openfacts
8024581007595,openfacts
8024581007700,openfacts
8024581007922,openfacts
8024581008059,openfacts
8024581008080,openfacts
8024581008912,openfacts
8024581010281,openfacts
8024581010779,openfacts
8024581011172,openfacts
8024581011479,openfacts
8024583000037,openfacts
8024585027995,openfacts
8024586002045,openfacts
8024586009006,openfacts
8024601000674,openfacts
8024604606064,openfacts
8024608002039,openfacts
8024608002053,openfacts
8024608002787,openfacts
8024608002985,openfacts
8024608003203,openfacts
8024608003210,openfacts
8024608003296,openfacts
8024608003319,openfacts
8024608003654,openfacts
8024608003760,openfacts
8024608003791,openfacts
8024608004163,openfacts
8024608005023,openfacts
8024608006105,openfacts
8024608006150,openfacts
8024608009038,openfacts
8024608009144,openfacts
8024608009151,openfacts
8024608010065,openfacts
8024608010195,openfacts
8024608010218,openfacts
8024608010225,openfacts
8024608010232,openfacts
8024608010287,openfacts
8024608010294,openfacts
8024608010379,openfacts
8024608010416,openfacts
8024608010423,openfacts
8024608010478,openfacts
8024608010485,openfacts
8024608010515,openfacts
8024608010638,openfacts
8024608010676,openfacts
8024608010720,openfacts
8024608010904,openfacts
8024608050955,openfacts
8024608054014,openfacts
8024611000114,openfacts
8024611000138,openfacts
8024611000442,openfacts
8024611000473,openfacts
8024611000541,openfacts
8024612003909,openfacts
8024612004005,openfacts
8024612006047,openfacts
8024612006092,openfacts
8024612006115,openfacts
8024612006207,openfacts
8024612008201,openfacts
8024612013403,openfacts
8024612017401,openfacts
8024612020210,openfacts
8024612020227,openfacts
8024612050323,openfacts
8024612050385,openfacts
8024612400012,openfacts
8024619008013,openfacts
8024622013523,openfacts
8024622038267,openfacts
8024622040024,openfacts
8024622042882,openfacts
8024622043032,openfacts
8024622044770,openfacts
8024622047252,openfacts
8024622047368,openfacts
8024622047382,openfacts
8024622047412,openfacts
8024622047719,openfacts
8024622050252,openfacts
8024622054953,openfacts
8024622056667,openfacts
8024622062392,openfacts
8024622067823,openfacts
8024622068042,openfacts
8024622068103,openfacts
8024622068127,openfacts
8024622068134,openfacts
8024622068233,openfacts
8024622068431,openfacts
8024622072131,openfacts
8024622072162,openfacts
8024622072384,openfacts
8024622074241,openfacts
8024622077099,openfacts
8024622080716,openfacts
8024622080938,openfacts
8024624000040,openfacts
8024636100035,openfacts
8024636100196,openfacts
8024636100264,openfacts
8024636100745,openfacts
8024636100776,openfacts
8024636100783,openfacts
8024636100882,openfacts
8024636101438,openfacts
8024636102169,openfacts
8024636102213,openfacts
8024636102237,openfacts
8024636102367,openfacts
8024636102480,openfacts
8024636102671,openfacts
8024636102817,openfacts
8024636102848,openfacts
8024636102879,openfacts
8024636103241,openfacts
8024636103647,openfacts
8024636110737,openfacts
8024636110799,openfacts
8024636111178,openfacts
8024636111512,openfacts
8024636111529,openfacts
8024636111543,openfacts
8024636111598,openfacts
8024636111703,openfacts
8024636112090,openfacts
8024636112267,openfacts
8024636112434,openfacts
8024636112588,openfacts
8024636112595,openfacts
8024636112960,openfacts
8024636113004,openfacts
8024636123294,openfacts
8024636123317,openfacts
8024636123324,openfacts
8024636123331,openfacts
8024636123348,openfacts
8024636123355,openfacts
8024636123485,openfacts
8024636123591,openfacts
8024636123607,openfacts
8024636124079,openfacts
8024636124314,openfacts
8024640000246,openfacts
8024650050156,openfacts
8024654002335,openfacts
8024654040009,openfacts
8024656070165,openfacts
8024659012056,openfacts
8024659012407,openfacts
8024659012452,openfacts
8024659015170,openfacts
8024659070094,openfacts
8024659070377,openfacts
8024659071008,openfacts
8024659072043,openfacts
8024659072098,openfacts
8024659072135,openfacts
8024659072203,openfacts
8024659072234,openfacts
8024659072326,openfacts
8024659072562,openfacts
8024659072692,openfacts
8024659075136,openfacts
8024659077581,openfacts
8024659079004,openfacts
8024659090467,openfacts
8024659092010,openfacts
8024659092201,openfacts
8024659092249,openfacts
8024659094526,openfacts
8024659101200,openfacts
8024659102016,openfacts
8024659102030,openfacts
8024659102146,openfacts
8024659102221,openfacts
8024659102252,openfacts
8024659102269,openfacts
8024659102412,openfacts
8024659112299,openfacts
8024659122120,openfacts
8024659122540,openfacts
8024659132464,openfacts
8024659134031,openfacts
8024659152431,openfacts
8024659202075,openfacts
8024659232553,openfacts
8024666001210,openfacts
8024666002620,openfacts
8024666002804,openfacts
8024666002903,openfacts
8024666110400,openfacts
8024666500263,openfacts
8024666500997,openfacts
8024666501253,openfacts
8024666501277,openfacts
8024666501352,openfacts
8024666501369,openfacts
8024668001263,openfacts
8024668001485,openfacts
8024668008842,openfacts
8024668008880,openfacts
8024668009184,openfacts
8024668009634,openfacts
8024668009924,openfacts
8024668010524,openfacts
8024668010555,openfacts
8024668010562,openfacts
8024668011255,openfacts
8024680005010,openfacts
8024685000010,openfacts
8024687005990,openfacts
8024698025123,openfacts
8024698050132,openfacts
8024698131558,openfacts
8024698131565,openfacts
8024698500019,openfacts
8024700011403,openfacts
8024700200548,openfacts
8024700201323,openfacts
8024706000012,openfacts
8024706000098,openfacts
8024706000104,openfacts
8024706000128,openfacts
8024706000135,openfacts
8024706000142,openfacts
8024707000516,openfacts
8024707000530,openfacts
8024707200039,openfacts
8024707300012,openfacts
8024707890056,openfacts
8024707890834,openfacts
8024707890865,openfacts
8024707900076,openfacts
8024707900335,openfacts
8024707900366,openfacts
8024707900410,openfacts
8024707900595,openfacts
8024707900649,openfacts
8024707900731,openfacts
8024707900748,openfacts
8024708468759,openfacts
8024708468889,openfacts
8024712000532,openfacts
8024712001683,openfacts
8024712004622,openfacts
8024712006312,openfacts
8024712008439,openfacts
8024712009764,openfacts
8024712011446,openfacts
8024712012610,openfacts
8024712013310,openfacts
8024712013525,openfacts
8024712014195,openfacts
8024714200138,openfacts
8024724000025,openfacts
8024724000094,openfacts
8024724000186,openfacts
8024724000339,openfacts
8024724000346,openfacts
8024724000469,openfacts
8024724000490,openfacts
8024724000513,openfacts
8024724000520,openfacts
8024724000575,openfacts
8024724000643,openfacts
8024724000841,openfacts
8024724001077,openfacts
8024724001367,openfacts
8024724001381,openfacts
8024724001428,openfacts
8024724001480,openfacts
8024724001510,openfacts
8024724001527,openfacts
8024724001619,openfacts
8024724001787,openfacts
8024724001855,openfacts
8024724001916,openfacts
8024724002098,openfacts
8024724002104,openfacts
8024724002142,openfacts
8024724002258,openfacts
8024724002272,openfacts
8024724002845,openfacts
8024724002852,openfacts
8024724002876,openfacts
8024724002883,openfacts
8024724002890,openfacts
8024724002937,openfacts
8024724002944,openfacts
8024731000261,openfacts
8024749000376,openfacts
8024749000505,openfacts
8024749000710,openfacts
8024749000727,openfacts
8024749000734,openfacts
8024749000840,openfacts
8024749001212,openfacts
8024749001243,openfacts
8024749001250,openfacts
8024749001267,openfacts
8024749001274,openfacts
8024749001328,openfacts
8024749001366,openfacts
8024749001465,openfacts
8024749001472,openfacts
8024749001489,openfacts
8024749001519,openfacts
8024749001526,openfacts
8024749001588,openfacts
8024749001632,openfacts
8024749001649,openfacts
8024749001663,openfacts
8024749001670,openfacts
8024749001687,openfacts
8024749001724,openfacts
8024749001731,openfacts
8024749501590,openfacts
8024749501620,openfacts
8024749501637,openfacts
8024749600019,openfacts
8024749600026,openfacts
8024749600040,openfacts
8024749600057,openfacts
8024749600064,openfacts
8024749600071,openfacts
8024749600088,openfacts
8024749600101,openfacts
8024749600118,openfacts
8024749600125,openfacts
8024749600170,openfacts
8024749600187,openfacts
8024749600194,openfacts
8024749600200,openfacts
8024749600217,openfacts
8024749600231,openfacts
8024749600248,openfacts
8024749600255,openfacts
8024749600262,openfacts
8024749600392,openfacts
8024749600408,openfacts
8024749600415,openfacts
8024749600422,openfacts
8024749600439,openfacts
8024749600446,openfacts
8024749600453,openfacts
8024749600460,openfacts
8024749600712,openfacts
8024749600767,openfacts
8024749600859,openfacts
8024749600866,openfacts
8024749600927,openfacts
8024749601122,openfacts
8024749601139,openfacts
8024749601146,openfacts
8024749601269,openfacts
8024749601276,openfacts
8024749601306,openfacts
8024749601320,openfacts
8024749601375,openfacts
8024749601405,openfacts
8024749601436,openfacts
8024749601443,openfacts
8024749601498,openfacts
8024749601504,openfacts
8024749601528,openfacts
8024749601702,openfacts
8024749601719,openfacts
8024749601795,openfacts
8024749601856,openfacts
8024749601870,openfacts
8024749601887,openfacts
8024749601894,openfacts
8024749601900,openfacts
8024749601917,openfacts
8024749601924,openfacts
8024749601931,openfacts
8024749601948,openfacts
8024749601955,openfacts
8024749602389,openfacts
8024749602396,openfacts
8024749602631,openfacts
8024749602655,openfacts
8024749602679,openfacts
8024749602693,openfacts
8024749602709,openfacts
8024749602778,openfacts
8024749602785,openfacts
8024749602792,openfacts
8024749602808,openfacts
8024749602860,openfacts
8024749602914,openfacts
8024749603027,openfacts
8024749603089,openfacts
8024749603096,openfacts
8024749603133,openfacts
8024749603195,openfacts
8024749603232,openfacts
8024749603256,openfacts
8024749603263,openfacts
8024749603270,openfacts
8024749603416,openfacts
8024749700429,openfacts
8024752003876,openfacts
8024752446017,openfacts
8024754002877,openfacts
8024759000014,openfacts
8024759001028,openfacts
8024759001035,openfacts
8024759001059,openfacts
8024759001066,openfacts
8024759004005,openfacts
8024759004524,openfacts
8024759005231,openfacts
8024759005255,openfacts
8024759005408,openfacts
8024759005989,openfacts
8024759005996,openfacts
8024759006115,openfacts
8024759006412,openfacts
8024759007112,openfacts
8024767100041,openfacts
8024770058216,openfacts
8024772000015,openfacts
8024772020259,openfacts
8024772020327,openfacts
8024772020334,openfacts
8024772020341,openfacts
8024772020358,openfacts
8024772020365,openfacts
8024772020372,openfacts
8024772020778,openfacts
8024775000012,openfacts
8024775000036,openfacts
8024780000038,openfacts
8024780000120,openfacts
8024780000656,openfacts
8024780000892,openfacts
8024781000181,openfacts
8024781193784,openfacts
8024793112032,openfacts
8024793201002,openfacts
8024793206007,openfacts
8024797000212,openfacts
8024797000243,openfacts
8024797011508,openfacts
8024797011522,openfacts
8024797011539,openfacts
8024797011546,openfacts
8024797100004,openfacts
8024797100035,openfacts
8024797100059,openfacts
8024797100073,openfacts
8024797500019,openfacts
8024797500026,openfacts
8024797500033,openfacts
8024797500071,openfacts
8024797500149,openfacts
8024797500156,openfacts
8024797500163,openfacts
8024797500187,openfacts
8024797500194,openfacts
8024797500200,openfacts
8024797500217,openfacts
8024797500231,openfacts
8024797500255,openfacts
8024797500262,openfacts
8024797500286,openfacts
8024797500347,openfacts
8024802005294,openfacts
8024802949215,openfacts
8024805601509,openfacts
8024811000006,openfacts
8024811000013,openfacts
8024811000020,openfacts
8024811000235,openfacts
8024818025866,openfacts
8024819005706,openfacts
8024819024035,openfacts
8024819031743,openfacts
8024819031934,openfacts
8024819031958,openfacts
8024819034324,openfacts
8024819034348,openfacts
8024819082752,openfacts
8024819084169,openfacts
8024819086941,openfacts
8024824000048,openfacts
8024824000079,openfacts
8024825000153,openfacts
8024825000191,openfacts
8024825001181,openfacts
8024825001198,openfacts
8024825001211,openfacts
8024829001200,openfacts
8024829001217,openfacts
8024829001224,openfacts
8024829001248,openfacts
8024829001262,openfacts
8024829001408,openfacts
8024829001552,openfacts
8024829002078,openfacts
8024829004058,openfacts
8024829004669,openfacts
8024829004683,openfacts
8024829004706,openfacts
8024829004768,openfacts
8024829005017,openfacts
8024829005031,openfacts
8024829005635,openfacts
8024829006007,openfacts
8024829006472,openfacts
8024829006496,openfacts
8024829009022,openfacts
8024829009039,openfacts
8024829009046,openfacts
8024829009053,openfacts
8024829009060,openfacts
8024829009145,openfacts
8024829009299,openfacts
8024829009428,openfacts
8024829038121,openfacts
8024834002162,openfacts
8024834002179,openfacts
8024834002292,openfacts
8024834004043,openfacts
8024834004241,openfacts
8024834004258,openfacts
8024834004265,openfacts
8024834004272,openfacts
8024834004319,openfacts
8024834004661,openfacts
8024834006351,openfacts
8024834006436,openfacts
8024834006511,openfacts
8024834006559,openfacts
8024834017012,openfacts
8024834017067,openfacts
8024834017074,openfacts
8024834017104,openfacts
8024834017180,openfacts
8024834017340,openfacts
8024834017746,openfacts
8024834021224,openfacts
8024834022115,openfacts
8024834022146,openfacts
8024834051016,openfacts
8024834051047,openfacts
8024834051085,openfacts
8024834051108,openfacts
8024834051214,openfacts
8024834051221,openfacts
8024834051276,openfacts
8024834051764,openfacts
8024834053010,openfacts
8024834054000,openfacts
8024834054017,openfacts
8024834054062,openfacts
8024834054192,openfacts
8024834055014,openfacts
8024834055021,openfacts
8024838000027,openfacts
8024845000034,openfacts
8024845000058,openfacts
8024845000102,openfacts
8024845000362,openfacts
8024845000379,openfacts
8024845000713,openfacts
8024845000805,openfacts
8024845000898,openfacts
8024845000942,openfacts
8024845001024,openfacts
8024845001055,openfacts
8024848001298,openfacts
8024848003230,openfacts
8024848033510,openfacts
8024848130028,openfacts
8024848130035,openfacts
8024848130196,openfacts
8024848131032,openfacts
8024852000027,openfacts
8024866000617,openfacts
8024866000624,openfacts
8024866000662,openfacts
8024866001003,openfacts
8024866001010,openfacts
8024866001041,openfacts
8024881015511,openfacts
8024881040025,openfacts
8024881150038,openfacts
8024881280025,openfacts
8024881360024,openfacts
8024881420018,openfacts
8024881670017,openfacts
8024881880010,openfacts
8024881890019,openfacts
8024881990023,openfacts
8024884117809,openfacts
8024884118400,openfacts
8024884120700,openfacts
8024884122360,openfacts
8024884124548,openfacts
8024884125088,openfacts
8024884125170,openfacts
8024884147288,openfacts
8024884147615,openfacts
8024884148292,openfacts
8024884157478,openfacts
8024884217806,openfacts
8024884220707,openfacts
8024884247612,openfacts
8024884248299,openfacts
8024884255136,openfacts
8024884410306,openfacts
8024884410405,openfacts
8024884500403,openfacts
8024884501400,openfacts
8024884600301,openfacts
8024884601308,openfacts
8024884601711,openfacts
8024895190013,openfacts
8024895240022,openfacts
8024895240046,openfacts
8024899060947,openfacts
8024899105167,openfacts
8024899193096,openfacts
8024912019518,openfacts
8024912019525,openfacts
8024912019556,openfacts
8024912019570,openfacts
8024912019587,openfacts
8024912020118,openfacts
8024916000246,openfacts
8024927000075,openfacts
8024927000105,openfacts
8024927000150,openfacts
8024927000204,openfacts
8024927000211,openfacts
8024927000228,openfacts
8024927000235,openfacts
8024927000259,openfacts
8024927000280,openfacts
8024927000297,openfacts
8024927000341,openfacts
8024927010654,openfacts
8024927013624,openfacts
8024927159902,openfacts
8024927160069,openfacts
8024927164692,openfacts
8024927174264,openfacts
8024927194224,openfacts
8024927201151,openfacts
8024927211969,openfacts
8024927212041,openfacts
8024927212386,openfacts
8024927217251,openfacts
8024927230854,openfacts
8024927236221,openfacts
8024927251897,openfacts
8024927312291,openfacts
8024927322504,openfacts
8024927405191,openfacts
8024927405276,openfacts
8024929009205,openfacts
8024929266196,openfacts
8024932005683,openfacts
8024943002954,openfacts
8024948112009,openfacts
8024953100060,openfacts
8024953100237,openfacts
8024953100350,openfacts
8024953100398,openfacts
8024953100442,openfacts
8024953100459,openfacts
8024953100671,openfacts
8024953100763,openfacts
8024973000012,openfacts
8024977810006,openfacts
8024978000222,openfacts
8024978000239,openfacts
8024978001168,openfacts
8024982230318,openfacts
8024982230394,openfacts
8024982230677,openfacts
8024982230684,openfacts
8024982230691,openfacts
8024982230707,openfacts
8024982230967,openfacts
8024982231018,openfacts
8024982231094,openfacts
8024982231179,openfacts
8024982231186,openfacts
8024982231278,openfacts
8024982231308,openfacts
8024982231605,openfacts
8024982231704,openfacts
8024982231728,openfacts
8024982231735,openfacts
8024982231766,openfacts
8024982231773,openfacts
8024982231803,openfacts
8024982231827,openfacts
8024982231902,openfacts
8024982231919,openfacts
8024982232008,openfacts
8024982232015,openfacts
8024982232053,openfacts
8024982232121,openfacts
8024982232138,openfacts
8024982232145,openfacts
8024982232152,openfacts
8024982232169,openfacts
8024982232176,openfacts
8024982232183,openfacts
8024982232190,openfacts
8024982232206,openfacts
8024982232213,openfacts
8024982232220,openfacts
8024982232237,openfacts
8024982232251,openfacts
8024982232268,openfacts
8024982232299,openfacts
8024982232312,openfacts
8024982232404,openfacts
8024982232411,openfacts
8024982232428,openfacts
8024982232497,openfacts
8024982232534,openfacts
8024982232558,openfacts
8024982232565,openfacts
8024982232572,openfacts
8024982232589,openfacts
8024982232596,openfacts
8024982232602,openfacts
8024982232619,openfacts
8024982232626,openfacts
8024982232633,openfacts
8024982232640,openfacts
8024982232817,openfacts
8024982233609,openfacts
8024982233623,openfacts
8024985000024,openfacts
8024985000048,openfacts
8024985000062,openfacts
8024985000079,openfacts
8024985000086,openfacts
8024985000093,openfacts
8024985000109,openfacts
8024985000116,openfacts
8024985000154,openfacts
8024985000161,openfacts
8024985000178,openfacts
8024985000185,openfacts
8024985000192,openfacts
8024985000215,openfacts
8024985000345,openfacts
8024985000390,openfacts
8024985000406,openfacts
8024985000413,openfacts
8024985000444,openfacts
8024985000451,openfacts
8024985000468,openfacts
8024985000482,openfacts
8024985000499,openfacts
8024985000505,openfacts
8024985000512,openfacts
8024985000543,openfacts
8024985000550,openfacts
8024985000567,openfacts
8024985000581,openfacts
8024985000802,openfacts
8024985000925,openfacts
8024985000963,openfacts
8024985000994,openfacts
8024985001113,openfacts
8024985001137,openfacts
8024985001168,openfacts
8024985001199,openfacts
8024985001205,openfacts
8024985001212,openfacts
8024985001267,openfacts
8024985001274,openfacts
8024985001281,openfacts
8024985001342,openfacts
8024985001465,openfacts
8024985001472,openfacts
8024985001496,openfacts
8024985001564,openfacts
8024985001571,openfacts
8024985002141,openfacts
8024985002400,openfacts
8024985002417,openfacts
8024985002486,openfacts
8024985002509,openfacts
8024985002523,openfacts
8024985002547,openfacts
8024985002639,openfacts
8024985002684,openfacts
8024985002691,openfacts
8024985002721,openfacts
8024985002745,openfacts
8024985002752,openfacts
8024985002929,openfacts
8024985002967,openfacts
8024985003537,openfacts
8024985003629,openfacts
8024985003636,openfacts
8024985003797,openfacts
8024985003803,openfacts
8024985003810,openfacts
8024985003827,openfacts
8024985003896,openfacts
8024985003902,openfacts
8024985003919,openfacts
8024985003933,openfacts
8024985003988,openfacts
8024985004077,openfacts
8024985004084,openfacts
8024985004282,openfacts
8024985004299,openfacts
8024985004305,openfacts
8024985004367,openfacts
8024985004633,openfacts
8024985004695,openfacts
8024985005104,openfacts
8024985005111,openfacts
8024985005234,openfacts
8024985005272,openfacts
8024985005289,openfacts
8024985005296,openfacts
8024985005302,openfacts
8024985006231,openfacts
8024985006279,openfacts
8024985006408,openfacts
8024985006415,openfacts
8024985006422,openfacts
8024985008006,openfacts
8024985008013,openfacts
8024985008020,openfacts
8024985008037,openfacts
8024985008044,openfacts
8024985008051,openfacts
8024985008167,openfacts
8024985010153,openfacts
8024985010214,openfacts
8024985010320,openfacts
8024985010375,openfacts
8024985010382,openfacts
8024985010528,openfacts
8024985011044,openfacts
8024985011129,openfacts
8024985011136,openfacts
8024985011198,openfacts
8024985011259,openfacts
8024985011266,openfacts
8024985011297,openfacts
8024985011440,openfacts
8024985011457,openfacts
8024985011495,openfacts
8024985011655,openfacts
8024985011693,openfacts
8024985011938,openfacts
8024985012041,openfacts
8024985012379,openfacts
8024985012607,openfacts
8024985013581,openfacts
8024985013604,openfacts
8024985013758,openfacts
8024985014069,openfacts
8024985020015,openfacts
8024985020022,openfacts
8024985020039,openfacts
8024985440448,openfacts
8024991010017,openfacts
8024991010024,openfacts
8024991040007,openfacts
8024991040045,openfacts
8024991080027,openfacts
8024991310056,openfacts
8025005000086,openfacts
8025013701029,openfacts
8025013701036,openfacts
8025013701951,openfacts
8025020000221,openfacts
8025020005615,openfacts
8025021210803,openfacts
8025022000014,openfacts
8025023032038,openfacts
8025025000011,openfacts
8025025000189,openfacts
8025025000264,openfacts
8025025000387,openfacts
8025025000509,openfacts
8025025001001,openfacts
8025025002305,openfacts
8025025005443,openfacts
8025025005597,openfacts
8025026008313,openfacts
8025026008481,openfacts
8025026008993,openfacts
8025026273810,openfacts
8025026277863,openfacts
8025046000137,openfacts
8025046003367,openfacts
8025046003404,openfacts
8025046004494,openfacts
8025046004609,openfacts
8025046004913,openfacts
8025046005149,openfacts
8025046005606,openfacts
8025046005743,openfacts
8025046006009,openfacts
8025046006016,openfacts
8025046006191,openfacts
8025046006344,openfacts
8025046006351,openfacts
8025046006382,openfacts
8025046007044,openfacts
8025046007051,openfacts
8025046007907,openfacts
8025048010165,openfacts
8025050001502,openfacts
8025050001595,openfacts
8025050011846,openfacts
8025050012065,openfacts
8025050028189,openfacts
8025050033060,openfacts
8025050033107,openfacts
8025050033800,openfacts
8025050047340,openfacts
8025050048019,openfacts
8025050048057,openfacts
8025050080156,openfacts
8025050090056,openfacts
8025050816328,openfacts
8025050816502,openfacts
8025050817509,openfacts
8025076123479,openfacts
8025092000105,openfacts
8025093130009,openfacts
8025093130016,openfacts
8025093130023,openfacts
8025093130030,openfacts
8025093130047,openfacts
8025093130054,openfacts
8025093130061,openfacts
8025093140015,openfacts
8025093140053,openfacts
8025093140060,openfacts
8025093140077,openfacts
8025093140176,openfacts
8025093140190,openfacts
8025093140206,openfacts
8025093140213,openfacts
8025093140220,openfacts
8025093140237,openfacts
8025093140244,openfacts
8025093140251,openfacts
8025093140268,openfacts
8025093140312,openfacts
8025093160105,openfacts
8025093180011,openfacts
8025093200016,openfacts
8025093200054,openfacts
8025093200061,openfacts
8025099500011,openfacts
8025099500035,openfacts
8025099500059,openfacts
8025099500103,openfacts
8025110012004,openfacts
8025127000643,openfacts
8025127000698,openfacts
8025127000728,openfacts
8025127000759,openfacts
8025127000858,openfacts
8025127000926,openfacts
8025127000971,openfacts
8025127001749,openfacts
8025127001947,openfacts
8025128000352,openfacts
8025128000420,openfacts
8025128000581,openfacts
8025128000666,openfacts
8025128000680,openfacts
8025128001069,openfacts
8025128001342,openfacts
8025128001564,openfacts
8025128001960,openfacts
8025128002165,openfacts
8025128002271,openfacts
8025128002288,openfacts
8025128002301,openfacts
8025128002776,openfacts
8025128002837,openfacts
8025128002844,openfacts
8025128003247,openfacts
8025128003544,openfacts
8025128003551,openfacts
8025128003568,openfacts
8025128004893,openfacts
8025128004909,openfacts
8025128005050,openfacts
8025128005067,openfacts
8025128005074,openfacts
8025128005081,openfacts
8025128005098,openfacts
8025128005494,openfacts
8025128005524,openfacts
8025128005548,openfacts
8025128005555,openfacts
8025128005586,openfacts
8025128005593,openfacts
8025128005647,openfacts
8025128005722,openfacts
8025128005838,openfacts
8025128005869,openfacts
8025128006064,openfacts
8025128006194,openfacts
8025128006347,openfacts
8025128006361,openfacts
8025128006385,openfacts
8025128006408,openfacts
8025128006538,openfacts
8025128006682,openfacts
8025128007641,openfacts
8025128007849,openfacts
8025128008037,openfacts
8025128008167,openfacts
8025128008211,openfacts
8025128008228,openfacts
8025128008235,openfacts
8025128008365,openfacts
8025128009140,openfacts
8025128009157,openfacts
8025128009164,openfacts
8025128009188,openfacts
8025128009225,openfacts
8025128009263,openfacts
8025128009270,openfacts
8025128009300,openfacts
8025128009317,openfacts
8025128009331,openfacts
8025128009348,openfacts
8025128009355,openfacts
8025128009362,openfacts
8025128009485,openfacts
8025128009560,openfacts
8025128009621,openfacts
8025128009768,openfacts
8025128010023,openfacts
8025128010030,openfacts
8025128010047,openfacts
8025128010054,openfacts
8025128010061,openfacts
8025128010191,openfacts
8025128010207,openfacts
8025128010214,openfacts
8025128010221,openfacts
8025128010252,openfacts
8025128010269,openfacts
8025128010276,openfacts
8025128010283,openfacts
8025128010290,openfacts
8025128010306,openfacts
8025128010337,openfacts
8025128010344,openfacts
8025128010351,openfacts
8025128010368,openfacts
8025128010429,openfacts
8025128010504,openfacts
8025128010535,openfacts
8025128010573,openfacts
8025128010580,openfacts
8025128010627,openfacts
8025128010740,openfacts
8025128010795,openfacts
8025128010801,openfacts
8025128011280,openfacts
8025128011495,openfacts
8025145000021,openfacts
8025146000921,openfacts
8025152000410,openfacts
8025152001615,openfacts
8025153003533,openfacts
8025153004554,openfacts
8025153007630,openfacts
8025153008415,openfacts
8025157000040,openfacts
8025157000101,openfacts
8025157001238,openfacts
8025171000040,openfacts
8025174000054,openfacts
8025175001913,openfacts
8025175001920,openfacts
8025175061009,openfacts
8025175150116,openfacts
8025175200132,openfacts
8025175250007,openfacts
8025182024349,openfacts
8025195003799,openfacts
8025197001267,openfacts
8025197002196,openfacts
8025197002592,openfacts
8025197002745,openfacts
8025197002868,openfacts
8025197002882,openfacts
8025202000780,openfacts
8025202001220,openfacts
8025202001329,openfacts
8025202001343,openfacts
8025202001350,openfacts
8025202001404,openfacts
8025202001428,openfacts
8025202001435,openfacts
8025202001459,openfacts
8025202002531,openfacts
8025202002579,openfacts
8025202002593,openfacts
8025202002616,openfacts
8025202002623,openfacts
8025202002654,openfacts
8025202003347,openfacts
8025202005198,openfacts
8025202007246,openfacts
8025202008007,openfacts
8025202011618,openfacts
8025202011625,openfacts
8025202011632,openfacts
8025202011649,openfacts
8025202015395,openfacts
8025202016477,openfacts
8025202017429,openfacts
8025202034785,openfacts
8025202040793,openfacts
8025202045767,openfacts
8025202045774,openfacts
8025202045781,openfacts
8025202057265,openfacts
8025202210059,openfacts
8025202211445,openfacts
8025202211605,openfacts
8025202311350,openfacts
8025202311442,openfacts
8025202311602,openfacts
8025202312975,openfacts
8025202312982,openfacts
8025202314825,openfacts
8025202314832,openfacts
8025202314849,openfacts
8025202314863,openfacts
8025202314870,openfacts
8025202314887,openfacts
8025202314894,openfacts
8025202314900,openfacts
8025202321274,openfacts
8025202340435,openfacts
8025202341333,openfacts
8025202342026,openfacts
8025202352681,openfacts
8025202364066,openfacts
8025202368040,openfacts
8025202368491,openfacts
8025202368583,openfacts
8025202370753,openfacts
8025202376441,openfacts
8025202376472,openfacts
8025202376489,openfacts
8025202384293,openfacts
8025202384422,openfacts
8025202387577,openfacts
8025202387584,openfacts
8025202387614,openfacts
8025202388314,openfacts
8025213000557,openfacts
8025213000564,openfacts
8025213505090,openfacts
8025218040008,openfacts
8025218040015,openfacts
8025218040046,openfacts
8025218040053,openfacts
8025218040084,openfacts
8025218041685,openfacts
8025218042101,openfacts
8025218042439,openfacts
8025218042644,openfacts
8025218042880,openfacts
8025218080059,openfacts
8025220027721,openfacts
8025227049757,openfacts
8025227114332,openfacts
8025227304795,openfacts
8025227305075,openfacts
8025227305136,openfacts
8025227305389,openfacts
8025227400039,openfacts
8025233001008,openfacts
8025239003952,openfacts
8025239004195,openfacts
8025242003031,openfacts
8025242005059,openfacts
8025242006063,openfacts
8025242007077,openfacts
8025244370049,openfacts
8025270000231,openfacts
8025271000018,openfacts
8025271000032,openfacts
8025271000049,openfacts
8025272027984,openfacts
8025272028059,openfacts
8025272552530,openfacts
8025272552561,openfacts
8025272553537,openfacts
8025272557030,openfacts
8025272589383,openfacts
8025272610780,openfacts
8025272618434,openfacts
8025272621700,openfacts
8025272622981,openfacts
8025272623575,openfacts
8025272626835,openfacts
8025272627276,openfacts
8025272630603,openfacts
8025272634373,openfacts
8025272634472,openfacts
8025272641302,openfacts
8025272641500,openfacts
8025272644396,openfacts
8025272645249,openfacts
8025272645980,openfacts
8025272646727,openfacts
8025272646741,openfacts
8025272648615,openfacts
8025272648677,openfacts
8025272912716,openfacts
8025272926324,openfacts
8025272928281,openfacts
8025272971775,openfacts
8025272972833,openfacts
8025272977784,openfacts
8025272979948,openfacts
8025272980937,openfacts
8025272982252,openfacts
8025272982504,openfacts
8025272983693,openfacts
8025272984706,openfacts
8025285000516,openfacts
8025285002046,openfacts
8025285002510,openfacts
8025287003195,openfacts
8025294000033,openfacts
8025297000108,openfacts
8025297000115,openfacts
8025297000177,openfacts
8025297011111,openfacts
8025297011135,openfacts
8025300003003,openfacts
8025300014009,openfacts
8025300500014,openfacts
8025304100296,openfacts
8025314001224,openfacts
8025314001231,openfacts
8025314001347,openfacts
8025314001354,openfacts
8025314001361,openfacts
8025316100420,openfacts
8025316100710,openfacts
8025316100871,openfacts
8025316100925,openfacts
8025316102004,openfacts
8025316102110,openfacts
8025316102554,openfacts
8025316102660,openfacts
8025316200014,openfacts
8025316200434,openfacts
8025316200687,openfacts
8025316200847,openfacts
8025316200915,openfacts
8025316201899,openfacts
8025316202056,openfacts
8025316202742,openfacts
8025316202995,openfacts
8025316203039,openfacts
8025316203565,openfacts
8025316203596,openfacts
8025316203626,openfacts
8025316203978,openfacts
8025316204050,openfacts
8025316204128,openfacts
8025316204135,openfacts
8025316204142,openfacts
8025316204166,openfacts
8025316204180,openfacts
8025316204227,openfacts
8025316204326,openfacts
8025316204531,openfacts
8025316204555,openfacts
8025316205347,openfacts
8025316205415,openfacts
8025316222856,openfacts
8025316300028,openfacts
8025316300417,openfacts
8025316300479,openfacts
8025316300516,openfacts
8025316300660,openfacts
8025316300677,openfacts
8025316300714,openfacts
8025316300912,openfacts
8025316300943,openfacts
8025316300974,openfacts
8025316301193,openfacts
8025316301551,openfacts
8025323000119,openfacts
8025325000025,openfacts
8025328461236,openfacts
8025330004704,openfacts
8025330004742,openfacts
8025330004797,openfacts
8025330004803,openfacts
8025330005817,openfacts
8025332000209,openfacts
8025335600123,openfacts
8025348002266,openfacts
8025348004512,openfacts
8025352000029,openfacts
8025360040130,openfacts
8025360801106,openfacts
8025367000014,openfacts
8025367000045,openfacts
8025367000052,openfacts
8025367000076,openfacts
8025367000113,openfacts
8025367000151,openfacts
8025367000267,openfacts
8025367000274,openfacts
8025367000298,openfacts
8025367000380,openfacts
8025367000526,openfacts
8025367000656,openfacts
8025367000670,openfacts
8025367000687,openfacts
8025367000694,openfacts
8025367000724,openfacts
8025367000731,openfacts
8025367000786,openfacts
8025367000823,openfacts
8025367000915,openfacts
8025367000953,openfacts
8025367000991,openfacts
8025367001394,openfacts
8025367001400,openfacts
8025367001448,openfacts
8025367001455,openfacts
8025367001547,openfacts
8025367001738,openfacts
8025367001752,openfacts
8025367001769,openfacts
8025367001837,openfacts
8025367001844,openfacts
8025367001912,openfacts
8025367001943,openfacts
8025367001967,openfacts
8025367001974,openfacts
8025367001981,openfacts
8025367002155,openfacts
8025367002193,openfacts
8025367002582,openfacts
8025367008119,openfacts
8025367008560,openfacts
8025367008638,openfacts
8025367008737,openfacts
8025367008898,openfacts
8025367008904,openfacts
8025367008911,openfacts
8025367009215,openfacts
8025367009284,openfacts
8025367009352,openfacts
8025367009437,openfacts
8025367009475,openfacts
8025368001058,openfacts
8025368001065,openfacts
8025368001188,openfacts
8025368001195,openfacts
8025368001713,openfacts
8025368001720,openfacts
8025368001737,openfacts
8025368002581,openfacts
8025368003540,openfacts
8025368005926,openfacts
8025368005940,openfacts
8025377133122,openfacts
8025377133412,openfacts
8025377234614,openfacts
8025386000019,openfacts
8025386000026,openfacts
8025386000033,openfacts
8025386000040,openfacts
8025386000057,openfacts
8025386000064,openfacts
8025386000088,openfacts
8025386000095,openfacts
8025386000125,openfacts
8025386000170,openfacts
8025386000231,openfacts
8025386000248,openfacts
8025386000255,openfacts
8025386000309,openfacts
8025386000347,openfacts
8025386000460,openfacts
8025386000521,openfacts
8025386000545,openfacts
8025386000576,openfacts
8025386000590,openfacts
8025386000613,openfacts
8025386000620,openfacts
8025386000637,openfacts
8025386000712,openfacts
8025386000736,openfacts
8025386000743,openfacts
8025386000804,openfacts
8025386000811,openfacts
8025386000828,openfacts
8025386000897,openfacts
8025386000989,openfacts
8025386001047,openfacts
8025386001122,openfacts
8025386001139,openfacts
8025386001214,openfacts
8025386001252,openfacts
8025386001269,openfacts
8025386001290,openfacts
8025386001306,openfacts
8025386001320,openfacts
8025386001337,openfacts
8025386001368,openfacts
8025386001528,openfacts
8025386001542,openfacts
8025386001689,openfacts
8025386001757,openfacts
8025386001801,openfacts
8025386001818,openfacts
8025386001832,openfacts
8025386001894,openfacts
8025386001924,openfacts
8025386001948,openfacts
8025386001955,openfacts
8025386002044,openfacts
8025386002136,openfacts
8025386002143,openfacts
8025386002174,openfacts
8025386002181,openfacts
8025386002259,openfacts
8025386002266,openfacts
8025386002396,openfacts
8025386002402,openfacts
8025386002495,openfacts
8025386002570,openfacts
8025386002648,openfacts
8025386002716,openfacts
8025386003003,openfacts
8025386003010,openfacts
8025386003089,openfacts
8025386003171,openfacts
8025386003522,openfacts
8025386003584,openfacts
8025386003751,openfacts
8025386003874,openfacts
8025386003966,openfacts
8025386004116,openfacts
8025386004475,openfacts
8025386004581,openfacts
8025386004598,openfacts
8025386004635,openfacts
8025386004680,openfacts
8025386004857,openfacts
8025386004864,openfacts
8025386004871,openfacts
8025386004888,openfacts
8025386004895,openfacts
8025386004918,openfacts
8025386004925,openfacts
8025386004949,openfacts
8025386004956,openfacts
8025386004963,openfacts
8025386004970,openfacts
8025386004987,openfacts
8025386004994,openfacts
8025386005007,openfacts
8025386005014,openfacts
8025386005021,openfacts
8025386005038,openfacts
8025386005045,openfacts
8025386005052,openfacts
8025386005069,openfacts
8025386005090,openfacts
8025386005106,openfacts
8025386005113,openfacts
8025386005137,openfacts
8025386005144,openfacts
8025386005151,openfacts
8025386005168,openfacts
8025386005205,openfacts
8025386005212,openfacts
8025386005229,openfacts
8025386005236,openfacts
8025386005243,openfacts
8025386005274,openfacts
8025386005298,openfacts
8025386005304,openfacts
8025386005311,openfacts
8025386005335,openfacts
8025386005359,openfacts
8025386005366,openfacts
8025386005373,openfacts
8025386005397,openfacts
8025386005403,openfacts
8025386005410,openfacts
8025386005458,openfacts
8025386005502,openfacts
8025386005526,openfacts
8025386005564,openfacts
8025386005571,openfacts
8025386005625,openfacts
8025386005700,openfacts
8025386005717,openfacts
8025386005724,openfacts
8025386005892,openfacts
8025386005953,openfacts
8025386006004,openfacts
8025386006943,openfacts
8025386007261,openfacts
8025386007407,openfacts
8025386007636,openfacts
8025386007650,openfacts
8025386007667,openfacts
8025386007674,openfacts
8025386007681,openfacts
8025386007728,openfacts
8025386008152,openfacts
8025386008442,openfacts
8025386008459,openfacts
8025386008466,openfacts
8025386008510,openfacts
8025386008527,openfacts
8025386008534,openfacts
8025386008541,openfacts
8025386008565,openfacts
8025386008589,openfacts
8025386008909,openfacts
8025386008916,openfacts
8025386008947,openfacts
8025386008954,openfacts
8025386008961,openfacts
8025386008978,openfacts
8025386008985,openfacts
8025386009012,openfacts
8025386009050,openfacts
8025386009104,openfacts
8025386009128,openfacts
8025386009173,openfacts
8025386009180,openfacts
8025386009227,openfacts
8025386009234,openfacts
8025386009326,openfacts
8025386009487,openfacts
8025386009531,openfacts
8025386009562,openfacts
8025386009586,openfacts
8025386009951,openfacts
8025386009968,openfacts
8025386010964,openfacts
8025386020116,openfacts
8025386020161,openfacts
8025386020222,openfacts
8025386020291,openfacts
8025386020307,openfacts
8025386020352,openfacts
8025386020666,openfacts
8025386020697,openfacts
8025386020819,openfacts
8025386021205,openfacts
8025386021229,openfacts
8025386021250,openfacts
8025386021298,openfacts
8025386021304,openfacts
8025386021496,openfacts
8025386021557,openfacts
8025386021885,openfacts
8025386022011,openfacts
8025386022479,openfacts
8025386022486,openfacts
8025386022509,openfacts
8025386022530,openfacts
8025386022578,openfacts
8025386023216,openfacts
8025386023339,openfacts
8025386024107,openfacts
8025386024855,openfacts
8025386024879,openfacts
8025386025265,openfacts
8025386046246,openfacts
8025386046529,openfacts
8025386048264,openfacts
8025386565730,openfacts
8025390140022,openfacts
8025390140053,openfacts
8025390140107,openfacts
8025390143122,openfacts
8025390143917,openfacts
8025390221134,openfacts
8025393000019,openfacts
8025393000040,openfacts
8025393000057,openfacts
8025393000064,openfacts
8025393000071,openfacts
8025393000088,openfacts
8025393000118,openfacts
8025393000187,openfacts
8025393000194,openfacts
8025393000200,openfacts
8025393000217,openfacts
8025393000224,openfacts
8025393000231,openfacts
8025393000255,openfacts
8025393000309,openfacts
8025393000538,openfacts
8025393000620,openfacts
8025393000644,openfacts
8025393002013,openfacts
8025393002020,openfacts
8025393002037,openfacts
8025393002082,openfacts
8025393002112,openfacts
8025393005007,openfacts
8025393005014,openfacts
8025393007018,openfacts
8025393008015,openfacts
8025393008022,openfacts
8025393009029,openfacts
8025398005576,openfacts
8025403000121,openfacts
8025403000657,openfacts
8025403002804,openfacts
8025403002903,openfacts
8025403003511,openfacts
8025403006925,openfacts
8025403009018,openfacts
8025403009278,openfacts
8025403009292,openfacts
8025403009353,openfacts
8025403009391,openfacts
8025403009445,openfacts
8025403009490,openfacts
8025403009582,openfacts
8025403009605,openfacts
8025403009612,openfacts
8025403009667,openfacts
8025403009681,openfacts
8025403015606,openfacts
8025403015804,openfacts
8025403016436,openfacts
8025403029177,openfacts
8025403030111,openfacts
8025403030159,openfacts
8025412400042,openfacts
8025412430049,openfacts
8025419000016,openfacts
8025419000023,openfacts
8025419000061,openfacts
8025419000085,openfacts
8025419000597,openfacts
8025419001549,openfacts
8025419001556,openfacts
8025419001563,openfacts
8025419001570,openfacts
8025419001587,openfacts
8025435000144,openfacts
8025436000044,openfacts
8025436000068,openfacts
8025436000273,openfacts
8025436000501,openfacts
8025436001003,openfacts
8025440000047,openfacts
8025442000373,openfacts
8025442002391,openfacts
8025447175014,openfacts
8025447500014,openfacts
8025447500021,openfacts
8025447700018,openfacts
8025447700056,openfacts
8025447700100,openfacts
8025450001232,openfacts
8025450005049,openfacts
8025461004925,openfacts
8025464001501,openfacts
8025464005202,openfacts
8025464008104,openfacts
8025465105109,openfacts
8025465402505,openfacts
8025465502007,openfacts
8025465502502,openfacts
8025465702506,openfacts
8025486000452,openfacts
8025486044005,openfacts
8025488000153,openfacts
8025488000191,openfacts
8025488000481,openfacts
8025498000013,openfacts
8025498000051,openfacts
8025504001201,openfacts
8025504001225,openfacts
8025504001232,openfacts
8025504001249,openfacts
8025506001018,openfacts
8025506001025,openfacts
8025506001056,openfacts
8025506006013,openfacts
8025508182616,openfacts
8025516102040,openfacts
8025516105041,openfacts
8025519230085,openfacts
8025528011224,openfacts
8025528220022,openfacts
8025532200102,openfacts
8025543000012,openfacts
8025543000104,openfacts
8025543000234,openfacts
8025543000401,openfacts
8025543000579,openfacts
8025543000739,openfacts
8025543001248,openfacts
8025543001828,openfacts
8025543001835,openfacts
8025543001859,openfacts
8025543002214,openfacts
8025544305185,openfacts
8025544316150,openfacts
8025565554210,openfacts
8025566001003,openfacts
8025566001157,openfacts
8025566001218,openfacts
8025566001478,usda
8025566001713,openfacts
8025566003694,openfacts
8025566003984,openfacts
8025566004509,openfacts
8025566004561,openfacts
8025566004608,openfacts
8025566004653,openfacts
8025566004752,openfacts
8025566004806,openfacts
8025566005636,openfacts
8025566005704,openfacts
8025566006848,openfacts
8025566006862,openfacts
8025566006909,openfacts
8025566007203,openfacts
8025566007319,openfacts
8025566007364,openfacts
8025566007371,openfacts
8025566009559,openfacts
8025567000319,openfacts
8025567000326,openfacts
8025567000333,openfacts
8025567000357,openfacts
8025567000401,openfacts
8025567000456,openfacts
8025567000500,openfacts
8025567000586,openfacts
8025567000593,openfacts
8025567004133,openfacts
8025567004157,openfacts
8025567004201,openfacts
8025567004225,openfacts
8025567004294,openfacts
8025567004317,openfacts
8025567005017,openfacts
8025567005611,openfacts
8025576100321,openfacts
8025576130106,openfacts
8025576140518,openfacts
8025576146121,openfacts
8025576162527,openfacts
8025576162701,openfacts
8025576163005,openfacts
8025576163012,openfacts
8025576163029,openfacts
8025576168222,openfacts
8025576600388,openfacts
8025579110013,openfacts
8025579110020,openfacts
8025579110037,openfacts
8025579110068,openfacts
8025579110075,openfacts
8025579110082,openfacts
8025579110099,openfacts
8025579110211,openfacts
8025579110235,openfacts
8025579110259,openfacts
8025579110266,openfacts
8025579110327,openfacts
8025579110334,openfacts
8025579110341,openfacts
8025579111010,openfacts
8025579111034,openfacts
8025579111041,openfacts
8025579111058,openfacts
8025579111065,openfacts
8025579111072,openfacts
8025579111102,openfacts
8025579111119,openfacts
8025579111126,openfacts
8025579111133,openfacts
8025579111140,openfacts
8025579111157,openfacts
8025579111164,openfacts
8025579111171,openfacts
8025579111188,openfacts
8025579111195,openfacts
8025579111201,openfacts
8025579111218,openfacts
8025579111225,openfacts
8025579111232,openfacts
8025579111249,openfacts
8025579111256,openfacts
8025579111263,openfacts
8025579111287,openfacts
8025579111294,openfacts
8025579111300,openfacts
8025579111317,openfacts
8025579111324,openfacts
8025579111331,openfacts
8025579111348,openfacts
8025579111355,openfacts
8025579111362,openfacts
8025579111393,openfacts
8025579111409,openfacts
8025579111416,openfacts
8025579111430,openfacts
8025579111447,openfacts
8025579111454,openfacts
8025579111461,openfacts
8025579111478,openfacts
8025579111492,openfacts
8025579111508,openfacts
8025579111638,openfacts
8025579111645,openfacts
8025579112215,openfacts
8025579120012,openfacts
8025579120029,openfacts
8025579120036,openfacts
8025579120043,openfacts
8025579120067,openfacts
8025579120074,openfacts
8025579120081,openfacts
8025579120098,openfacts
8025579120128,openfacts
8025579120135,openfacts
8025579120159,openfacts
8025579120173,openfacts
8025579120180,openfacts
8025579120197,openfacts
8025579120210,openfacts
8025579120234,openfacts
8025579130011,openfacts
8025579130103,openfacts
8025579130134,openfacts
8025579130141,openfacts
8025579130158,openfacts
8025579140010,openfacts
8025579150101,openfacts
8025579150118,openfacts
8025579150125,openfacts
8025579160025,openfacts
8025579210034,openfacts
8025579210157,openfacts
8025579210171,openfacts
8025579210188,openfacts
8025579211031,openfacts
8025579211086,openfacts
8025579211093,openfacts
8025579220071,openfacts
8025579220088,openfacts
8025579220095,openfacts
8025579220217,openfacts
8025579220224,openfacts
8025579230025,openfacts
8025579230063,openfacts
8025579230117,openfacts
8025579240031,openfacts
8025579241014,openfacts
8025579310109,openfacts
8025579310185,openfacts
8025579310192,openfacts
8025579310215,openfacts
8025579310246,openfacts
8025579310253,openfacts
8025579310277,openfacts
8025579310284,openfacts
8025579310307,openfacts
8025579310314,openfacts
8025579310345,openfacts
8025579320115,openfacts
8025579320122,openfacts
8025579320139,openfacts
8025579330022,openfacts
8025579330039,openfacts
8025579410021,openfacts
8025579410069,openfacts
8025579410076,openfacts
8025579410106,openfacts
8025579410113,openfacts
8025579410199,openfacts
8025579410212,openfacts
8025579410342,openfacts
8025579510042,openfacts
8025579664462,openfacts
8025585001022,openfacts
8025585001039,openfacts
8025585001046,openfacts
8025585001077,openfacts
8025585001152,openfacts
8025585010031,openfacts
8025585010048,openfacts
8025585010062,openfacts
8025585010093,openfacts
8025585010123,openfacts
8025585010130,openfacts
8025585010222,openfacts
8025585010758,openfacts
8025585018761,openfacts
8025585020023,openfacts
8025585020030,openfacts
8025585020047,openfacts
8025585020078,openfacts
8025585020085,openfacts
8025585020146,openfacts
8025585020153,openfacts
8025585020160,openfacts
8025585020177,openfacts
8025585020184,openfacts
8025585020245,openfacts
8025585020252,openfacts
8025585021235,openfacts
8025585022003,openfacts
8025585030015,openfacts
8025585030046,openfacts
8025585030077,openfacts
8025585030084,openfacts
8025585040014,openfacts
8025585999923,openfacts
8025585999947,openfacts
8025586000031,openfacts
8025586000048,openfacts
8025593100236,openfacts
8025593100267,openfacts
8025593100359,openfacts
8025593101295,openfacts
8025593101448,openfacts
8025593101530,openfacts
8025593113212,openfacts
8025593118651,openfacts
8025593118859,openfacts
8025593119719,openfacts
8025593119894,openfacts
8025593121781,openfacts
8025593121965,openfacts
8025593123136,openfacts
8025593123594,openfacts
8025593125147,openfacts
8025593125222,openfacts
8025593125246,openfacts
8025593127875,openfacts
8025593129176,openfacts
8025593129756,openfacts
8025607000705,openfacts
8025607000798,openfacts
8025607001030,openfacts
8025607001467,openfacts
8025607001825,openfacts
8025607003195,openfacts
8025607003492,openfacts
8025607003539,openfacts
8025607003560,openfacts
8025607003652,openfacts
8025607003669,openfacts
8025607003751,openfacts
8025607004031,openfacts
8025607004116,openfacts
8025607004482,openfacts
8025607004659,openfacts
8025607004994,openfacts
8025607005199,openfacts
8025607005243,openfacts
8025607005694,openfacts
8025615000254,openfacts
8025620422003,openfacts
8025621000286,openfacts
8025624010701,openfacts
8025640000045,openfacts
8025640000137,openfacts
8025640000144,openfacts
8025640000571,openfacts
8025640000595,openfacts
8025640000632,openfacts
8025640000656,openfacts
8025640000694,openfacts
8025640000762,openfacts
8025640000779,openfacts
8025640001059,openfacts
8025643001087,openfacts
8025643001322,openfacts
8025643001407,openfacts
8025643001452,openfacts
8025643001483,openfacts
8025643001506,openfacts
8025643001513,openfacts
8025643001520,openfacts
8025643001537,openfacts
8025643001544,openfacts
8025643001551,openfacts
8025643001582,openfacts
8025645002563,openfacts
8025645113405,openfacts
8025649003047,openfacts
8025649006406,openfacts
8025649008134,openfacts
8025649009117,openfacts
8025649010175,openfacts
8025649010182,openfacts
8025649010199,openfacts
8025649010236,openfacts
8025649010250,openfacts
8025649010267,openfacts
8025649010502,openfacts
8025649010564,openfacts
8025649010571,openfacts
8025649010625,openfacts
8025649010830,openfacts
8025649010854,openfacts
8025649011998,openfacts
8025649012001,openfacts
8025649012025,openfacts
8025649012049,openfacts
8025649012056,openfacts
8025654940023,openfacts
8025658011101,openfacts
8025658020004,openfacts
8025658020066,openfacts
8025658020110,openfacts
8025658020127,openfacts
8025658020141,openfacts
8025658020158,openfacts
8025658020165,openfacts
8025658020202,openfacts
8025658020219,openfacts
8025658021018,openfacts
8025658021025,openfacts
8025658021049,openfacts
8025658021094,openfacts
8025658021308,openfacts
8025658022213,openfacts
8025658022237,openfacts
8025658022305,openfacts
8025658022527,openfacts
8025658022619,openfacts
8025658030119,openfacts
8025658030157,openfacts
8025658030201,openfacts
8025658030331,openfacts
8025658032601,openfacts
8025658040156,openfacts
8025658050209,openfacts
8025658091059,openfacts
8025659000005,openfacts
8025659110025,openfacts
8025669020390,openfacts
8025669052360,openfacts
8025669271280,openfacts
8025669940124,openfacts
8025669986344,openfacts
8025672000006,openfacts
8025672000020,openfacts
8025672000068,openfacts
8025672000129,openfacts
8025672000136,openfacts
8025672000198,openfacts
8025672000280,openfacts
8025672000341,openfacts
8025672000419,openfacts
8025672000426,openfacts
8025672000433,openfacts
8025672000563,openfacts
8025672000624,openfacts
8025672000655,openfacts
8025672000716,openfacts
8025672000853,openfacts
8025672000860,openfacts
8025672001003,openfacts
8025672001072,openfacts
8025672001133,openfacts
8025672001157,openfacts
8025672008040,openfacts
8025673091928,openfacts
8025673091980,openfacts
8025675013102,openfacts
8025675016400,openfacts
8025675788369,openfacts
8025675788376,openfacts
8025675788383,openfacts
8025675900099,openfacts
8025677222212,openfacts
8025683000156,openfacts
8025684100107,openfacts
8025684200067,openfacts
8025684400061,openfacts
8025684500075,openfacts
8025685000093,openfacts
8025685000185,openfacts
8025685000239,openfacts
8025685000253,openfacts
8025685000277,openfacts
8025685000697,openfacts
8025685000802,openfacts
8025685000963,openfacts
8025685001373,openfacts
8025685001519,openfacts
8025685001526,openfacts
8025685001533,openfacts
8025685001724,openfacts
8025685003162,openfacts
8025698130251,openfacts
8025698148966,openfacts
8025698163655,openfacts
8025700000152,openfacts
8025700001180,openfacts
8025700001470,openfacts
8025707000148,openfacts
8025707000193,openfacts
8025707000216,openfacts
8025707000223,openfacts
8025708100205,openfacts
8025708300704,openfacts
8025708300759,openfacts
8025745050563,openfacts
8025752000025,openfacts
8025752000070,openfacts
8025752000100,openfacts
8025752000148,openfacts
8025752000179,openfacts
8025752000254,openfacts
8025752000438,openfacts
8025752001244,openfacts
8025752001640,openfacts
8025752002067,openfacts
8025752002098,openfacts
8025752002104,openfacts
8025752002111,openfacts
8025752002128,openfacts
8025752002142,openfacts
8025752002166,openfacts
8025752002180,openfacts
8025752002258,openfacts
8025752002807,openfacts
8025752003804,openfacts
8025752004160,openfacts
8025752004245,openfacts
8025752004368,openfacts
8025752004412,openfacts
8025752004481,openfacts
8025760000062,openfacts
8025760021524,openfacts
8025760221597,openfacts
8025760307499,openfacts
8025760472890,openfacts
8025760582599,openfacts
8025760628198,openfacts
8025760635295,openfacts
8025760756297,openfacts
8025762005577,openfacts
8025762007366,openfacts
8025767002014,openfacts
8025767629679,openfacts
8025772725915,openfacts
8025773000028,openfacts
8025773000097,openfacts
8025773000103,openfacts
8025779003481,openfacts
8025779004020,openfacts
8025779004204,openfacts
8025779004228,openfacts
8025779423043,openfacts
8025779932156,openfacts
8025779962061,openfacts
8025779981161,openfacts
8025780810504,openfacts
8025780810511,openfacts
8025780810559,openfacts
8025780810740,openfacts
8025789000029,openfacts
8025789000159,openfacts
8025789000562,openfacts
8025796000074,openfacts
8025796000173,openfacts
8025796000210,openfacts
8025796000234,openfacts
8025796001316,openfacts
8025796001514,openfacts
8025796001538,openfacts
8025796001934,openfacts
8025796003594,openfacts
8025796003822,openfacts
8025796004218,openfacts
8025796007356,openfacts
8025796007578,openfacts
8025796009466,openfacts
8025796011193,openfacts
8025797006709,openfacts
8025797013240,openfacts
8025797030414,openfacts
8025797053505,openfacts
8025797060039,openfacts
8025797060107,openfacts
8025797060114,openfacts
8025797060145,openfacts
8025797060152,openfacts
8025797060367,openfacts
8025797071509,openfacts
8025797090043,openfacts
8025797090050,openfacts
8025797090111,openfacts
8025797090234,openfacts
8025797090937,openfacts
8025797091002,openfacts
8025797100445,openfacts
8025797131616,openfacts
8025797140045,openfacts
8025797140182,openfacts
8025797140205,openfacts
8025797150006,openfacts
8025797150419,openfacts
8025797150952,openfacts
8025797151010,openfacts
8025797151034,openfacts
8025797151447,openfacts
8025797151454,openfacts
8025797152093,openfacts
8025797153076,openfacts
8025797153083,openfacts
8025797153625,openfacts
8025797153700,openfacts
8025797153717,openfacts
8025797153731,openfacts
8025797153779,openfacts
8025797160517,openfacts
8025797160579,openfacts
8025797180607,openfacts
8025797181604,openfacts
8025797182014,openfacts
8025797183752,openfacts
8025797184476,openfacts
8025797184568,openfacts
8025797184902,openfacts
8025797201005,openfacts
8025797201647,openfacts
8025797251451,openfacts
8025797251819,openfacts
8025797252007,openfacts
8025797252021,openfacts
8025797252038,openfacts
8025797253301,openfacts
8025797302108,openfacts
8025797400446,openfacts
8025800006597,openfacts
8025800056202,openfacts
8025800109328,openfacts
8025800132463,openfacts
8025800201763,openfacts
8025800226094,openfacts
8025803000035,openfacts
8025836006356,openfacts
8025840000012,openfacts
8025840000036,openfacts
8025840000050,openfacts
8025846377101,openfacts
8025848000021,openfacts
8025848000052,openfacts
8025848000250,openfacts
8025848001424,openfacts
8025848001455,usda
8025848001547,openfacts
8025848001561,openfacts
8025848001585,openfacts
8025848001608,openfacts
8025848001677,openfacts
8025848001752,openfacts
8025848001837,openfacts
8025848001875,openfacts
8025848002247,openfacts
8025848002254,openfacts
8025848012116,openfacts
8025848121313,usda
8025848131329,openfacts
8025848131435,openfacts
8025848141533,openfacts
8025848151648,usda
8025848161753,openfacts
8025848999011,openfacts
8025852000420,openfacts
8025852000437,openfacts
8025852000475,openfacts
8025852000543,openfacts
8025852000741,openfacts
8025852001519,openfacts
8025852001540,openfacts
8025852001663,openfacts
8025852001779,openfacts
8025852001830,openfacts
8025852001885,openfacts
8025852001939,openfacts
8025852001960,openfacts
8025852002189,openfacts
8025852002394,openfacts
8025852010016,openfacts
8025870004059,openfacts
8025881000064,openfacts
8025881002242,openfacts
8025886000021,openfacts
8025890335706,openfacts
8025890336604,openfacts
8025895566426,openfacts
8025916100073,openfacts
8025916100080,openfacts
8025916100288,openfacts
8025916100295,openfacts
8025916100301,openfacts
8025916100318,openfacts
8025916100332,openfacts
8025916100349,openfacts
8025916100356,openfacts
8025916100363,openfacts
8025916100370,openfacts
8025916100387,openfacts
8025916100394,openfacts
8025916100400,openfacts
8025916100417,openfacts
8025916100424,openfacts
8025916100509,openfacts
8025916100516,openfacts
8025916100523,openfacts
8025916100530,openfacts
8025916100547,openfacts
8025916100554,openfacts
8025916100561,openfacts
8025916100585,openfacts
8025916100592,openfacts
8025916100608,openfacts
8025916100615,openfacts
8025916100622,openfacts
8025916100646,openfacts
8025916100653,openfacts
8025916100851,openfacts
8025916100868,openfacts
8025916100929,openfacts
8025916100950,openfacts
8025916100974,openfacts
8025916100981,openfacts
8025916100998,openfacts
8025916101001,openfacts
8025916101018,openfacts
8025916101025,openfacts
8025916101063,openfacts
8025916101070,openfacts
8025916101087,openfacts
8025916101094,openfacts
8025916101100,openfacts
8025916101117,openfacts
8025916101124,openfacts
8025916101148,openfacts
8025916101155,openfacts
8025916101162,openfacts
8025916101179,openfacts
8025916101186,openfacts
8025916101193,openfacts
8025916101209,openfacts
8025916101216,openfacts
8025916101223,openfacts
8025916101230,openfacts
8025916101247,openfacts
8025916101254,openfacts
8025916101261,openfacts
8025916101278,openfacts
8025916101315,openfacts
8025916101322,openfacts
8025916101445,openfacts
8025916101452,openfacts
8025916101469,openfacts
8025916101476,openfacts
8025916101483,openfacts
8025916101490,openfacts
8025916101506,openfacts
8025916101520,openfacts
8025916101537,openfacts
8025916101544,openfacts
8025916101551,openfacts
8025916101568,openfacts
8025916101575,openfacts
8025916101902,openfacts
8025916101919,openfacts
8025916101995,openfacts
8025916102015,openfacts
8025916102237,openfacts
8025916102244,openfacts
8025916102251,openfacts
8025916102268,openfacts
8025916102398,openfacts
8025916102404,openfacts
8025916102473,openfacts
8025916102510,openfacts
8025916102527,openfacts
8025916102596,openfacts
8025916102602,openfacts
8025916102619,openfacts
8025916102626,openfacts
8025916102633,openfacts
8025916102671,openfacts
8025916102688,openfacts
8025916102695,openfacts
8025916102701,openfacts
8025916102718,openfacts
8025916102725,openfacts
8025916102848,openfacts
8025916102855,openfacts
8025916102879,openfacts
8025916102893,openfacts
8025916102923,openfacts
8025916102947,openfacts
8025916102954,openfacts
8025916102978,openfacts
8025916102985,openfacts
8025916102992,openfacts
8025916103005,openfacts
8025916103012,openfacts
8025916103166,openfacts
8025916103463,openfacts
8025916103593,openfacts
8025916103685,openfacts
8025916103746,openfacts
8025916103821,openfacts
8025916103999,openfacts
8025916104026,openfacts
8025916104040,openfacts
8025916104057,openfacts
8025916104064,openfacts
8025916104071,openfacts
8025916104088,openfacts
8025916104095,openfacts
8025916104101,openfacts
8025916104132,openfacts
8025916104194,openfacts
8025916104217,openfacts
8025916104248,openfacts
8025916104255,openfacts
8025916104521,openfacts
8025916104538,openfacts
8025916104750,openfacts
8025916104767,openfacts
8025916104774,openfacts
8025916104835,openfacts
8025916104866,openfacts
8025916104897,openfacts
8025916104941,openfacts
8025916104958,openfacts
8025916105016,openfacts
8025916105047,openfacts
8025916105115,openfacts
8025916105146,openfacts
8025916105153,openfacts
8025916105160,openfacts
8025916105221,openfacts
8025916105313,openfacts
8025916105337,openfacts
8025916105450,openfacts
8025916105467,openfacts
8025916105481,openfacts
8025916105498,openfacts
8025916105511,openfacts
8025916105528,openfacts
8025916105566,openfacts
8025916105627,openfacts
8025916105634,openfacts
8025916105658,openfacts
8025916105665,openfacts
8025916105924,openfacts
8025916105931,openfacts
8025916105962,openfacts
8025916105979,openfacts
8025916105986,openfacts
8025916105993,openfacts
8025916106051,openfacts
8025916106136,openfacts
8025916106280,openfacts
8025916106648,openfacts
8025916106662,openfacts
8025916106679,openfacts
8025916106686,openfacts
8025916106747,openfacts
8025916106822,openfacts
8025916106846,openfacts
8025916106860,openfacts
8025916106877,openfacts
8025916106884,openfacts
8025916106914,openfacts
8025916106921,openfacts
8025916106938,openfacts
8025916106945,openfacts
8025916106952,openfacts
8025916107034,openfacts
8025916107072,openfacts
8025916107126,openfacts
8025916107133,openfacts
8025916107140,openfacts
8025916107157,openfacts
8025916107164,openfacts
8025916107317,openfacts
8025916107409,openfacts
8025916107560,openfacts
8025916107645,openfacts
8025916107652,openfacts
8025916107799,openfacts
8025916107898,openfacts
8025916107904,openfacts
8025916107911,openfacts
8025916107928,openfacts
8025916108031,openfacts
8025916108048,openfacts
8025916108239,openfacts
8025916108253,openfacts
8025916108260,openfacts
8025916108277,openfacts
8025916108291,openfacts
8025916108307,openfacts
8025916108314,openfacts
8025916108321,openfacts
8025916108338,openfacts
8025916108345,openfacts
8025916108352,openfacts
8025916108437,openfacts
8025916108475,openfacts
8025916108482,openfacts
8025916108505,openfacts
8025916108543,openfacts
8025916108574,openfacts
8025916108628,openfacts
8025916108635,openfacts
8025916108642,openfacts
8025916108659,openfacts
8025916108666,openfacts
8025916108673,openfacts
8025916108741,openfacts
8025916108765,openfacts
8025916108772,openfacts
8025916108833,openfacts
8025916108857,openfacts
8025916108864,openfacts
8025916108949,openfacts
8025916108956,openfacts
8025916108970,openfacts
8025916109014,openfacts
8025916109021,openfacts
8025916109038,openfacts
8025916109045,openfacts
8025916109069,openfacts
8025916109076,openfacts
8025916109083,openfacts
8025916109090,openfacts
8025916109229,openfacts
8025916109236,openfacts
8025916109267,openfacts
8025916109298,openfacts
8025916109304,openfacts
8025916109311,openfacts
8025916109328,openfacts
8025916109335,openfacts
8025916109342,openfacts
8025916109359,openfacts
8025916109366,openfacts
8025916109458,openfacts
8025916109465,openfacts
8025916109564,openfacts
8025916109571,openfacts
8025916109588,openfacts
8025916109595,openfacts
8025916109601,openfacts
8025916109656,openfacts
8025916109755,openfacts
8025916109762,openfacts
8025916109779,openfacts
8025916109786,openfacts
8025916109809,openfacts
8025916109816,openfacts
8025916109854,openfacts
8025916109922,openfacts
8025916110003,openfacts
8025916110010,openfacts
8025916110027,openfacts
8025916110157,openfacts
8025916110164,openfacts
8025916110317,openfacts
8025916110423,openfacts
8025916110430,openfacts
8025916110454,openfacts
8025916110461,openfacts
8025916110669,openfacts
8025916110676,openfacts
8025916110683,openfacts
8025916110706,openfacts
8025916110713,openfacts
8025916110737,openfacts
8025916110744,openfacts
8025916110751,openfacts
8025916110805,openfacts
8025916110812,openfacts
8025916110843,openfacts
8025916110881,openfacts
8025916110904,openfacts
8025916111000,openfacts
8025916111017,openfacts
8025916111024,openfacts
8025916111062,openfacts
8025916111079,openfacts
8025916111086,openfacts
8025916111093,openfacts
8025916111109,openfacts
8025916111130,openfacts
8025916111161,openfacts
8025916111178,openfacts
8025916111185,openfacts
8025916111246,openfacts
8025916111253,openfacts
8025916111260,openfacts
8025916111277,openfacts
8025916111284,openfacts
8025916111307,openfacts
8025916111314,openfacts
8025916111321,openfacts
8025916111338,openfacts
8025916111345,openfacts
8025916111352,openfacts
8025916111369,openfacts
8025916111444,openfacts
8025916111451,openfacts
8025916111468,openfacts
8025916111475,openfacts
8025916111482,openfacts
8025916111499,openfacts
8025916111505,openfacts
8025916111512,openfacts
8025916111574,openfacts
8025916111581,openfacts
8025916111659,openfacts
8025916111666,openfacts
8025916111673,openfacts
8025916111680,openfacts
8025916111710,openfacts
8025916111901,openfacts
8025916111932,openfacts
8025916111956,openfacts
8025916111963,openfacts
8025916111970,openfacts
8025916111987,openfacts
8025916111994,openfacts
8025916112007,openfacts
8025916112014,openfacts
8025916112021,openfacts
8025916112038,openfacts
8025916112045,openfacts
8025916112083,openfacts
8025916112090,openfacts
8025916112106,openfacts
8025916112281,openfacts
8025916112298,openfacts
8025916112304,openfacts
8025916112328,openfacts
8025916112366,openfacts
8025916112373,openfacts
8025916112380,openfacts
8025916112458,openfacts
8025916112465,openfacts
8025916112472,openfacts
8025916112489,openfacts
8025916112496,openfacts
8025916112502,openfacts
8025916112519,openfacts
8025916112526,openfacts
8025916112533,openfacts
8025916112540,openfacts
8025916112557,openfacts
8025916112564,openfacts
8025916112571,openfacts
8025916112588,openfacts
8025916112595,openfacts
8025916112601,openfacts
8025916112618,openfacts
8025916112625,openfacts
8025916112649,openfacts
8025916112656,openfacts
8025916112748,openfacts
8025916112762,openfacts
8025916112779,openfacts
8025916112786,openfacts
8025916112793,openfacts
8025916112809,openfacts
8025916112816,openfacts
8025916112823,openfacts
8025916112830,openfacts
8025916112885,openfacts
8025916112908,openfacts
8025916112977,openfacts
8025916112984,openfacts
8025916113073,openfacts
8025916113080,openfacts
8025916113134,openfacts
8025916113240,openfacts
8025916113257,openfacts
8025916113264,openfacts
8025916113271,openfacts
8025916113288,openfacts
8025916113301,openfacts
8025916113318,openfacts
8025916113325,openfacts
8025916113332,openfacts
8025916113349,openfacts
8025916113356,openfacts
8025916113400,openfacts
8025916113431,openfacts
8025916113448,openfacts
8025916113455,openfacts
8025916113462,openfacts
8025916113479,openfacts
8025916113691,openfacts
8025916113707,openfacts
8025916113714,openfacts
8025916113721,openfacts
8025916113738,openfacts
8025916113769,openfacts
8025916113806,openfacts
8025916113813,openfacts
8025916113820,openfacts
8025916113837,openfacts
8025916113844,openfacts
8025916113851,openfacts
8025916113868,openfacts
8025916113899,openfacts
8025916113912,openfacts
8025916113929,openfacts
8025916113936,openfacts
8025916113967,openfacts
8025916113981,openfacts
8025916113998,openfacts
8025916114001,openfacts
8025916114032,openfacts
8025916114124,openfacts
8025916114148,openfacts
8025916114155,openfacts
8025916114162,openfacts
8025916114261,openfacts
8025916114278,openfacts
8025916114292,openfacts
8025916114322,openfacts
8025916114339,openfacts
8025916114346,openfacts
8025916114384,openfacts
8025916114391,openfacts
8025916114407,openfacts
8025916114414,openfacts
8025916114421,openfacts
8025916114438,openfacts
8025916114445,openfacts
8025916114452,openfacts
8025916114469,openfacts
8025916114476,openfacts
8025916114483,openfacts
8025916114490,openfacts
8025916114506,openfacts
8025916114513,openfacts
8025916114520,openfacts
8025916114537,openfacts
8025916114544,openfacts
8025916114551,openfacts
8025916114568,openfacts
8025916114575,openfacts
8025916114582,openfacts
8025916114605,openfacts
8025916114612,openfacts
8025916114629,openfacts
8025916114636,openfacts
8025916114643,openfacts
8025916114650,openfacts
8025916114667,openfacts
8025916114674,openfacts
8025916114681,openfacts
8025916114698,openfacts
8025916114704,openfacts
8025916114711,openfacts
8025916114728,openfacts
8025916114834,openfacts
8025916114841,openfacts
8025916114858,openfacts
8025916114865,openfacts
8025916114872,openfacts
8025916114940,openfacts
8025916114971,openfacts
8025916114988,openfacts
8025916115008,openfacts
8025916115015,openfacts
8025916115046,openfacts
8025916115084,openfacts
8025916115091,openfacts
8025916115107,openfacts
8025916115114,openfacts
8025916115121,openfacts
8025916115138,openfacts
8025916115152,openfacts
8025916115176,openfacts
8025916115282,openfacts
8025916115299,openfacts
8025916115305,openfacts
8025916115312,openfacts
8025916115329,openfacts
8025916115336,openfacts
8025916115343,openfacts
8025916115350,openfacts
8025916115367,openfacts
8025916115442,openfacts
8025916115459,openfacts
8025916115466,openfacts
8025916115473,openfacts
8025916115480,openfacts
8025916115503,openfacts
8025916115510,openfacts
8025916115527,openfacts
8025916115534,openfacts
8025916115541,openfacts
8025916115558,openfacts
8025916115565,openfacts
8025916115572,openfacts
8025916115589,openfacts
8025916115596,openfacts
8025916115602,openfacts
8025916115619,openfacts
8025916115626,openfacts
8025916115633,openfacts
8025916115640,openfacts
8025916115671,openfacts
8025916115695,openfacts
8025916115701,openfacts
8025916115732,openfacts
8025916115749,openfacts
8025916115756,openfacts
8025916115770,openfacts
8025916115787,openfacts
8025916115800,openfacts
8025916115817,openfacts
8025916115824,openfacts
8025916115831,openfacts
8025916115848,openfacts
8025916115855,openfacts
8025916115862,openfacts
8025916115879,openfacts
8025916115886,openfacts
8025916115909,openfacts
8025916115916,openfacts
8025916115930,openfacts
8025916115947,openfacts
8025916115954,openfacts
8025916115961,openfacts
8025916115978,openfacts
8025916115985,openfacts
8025916115992,openfacts
8025916116005,openfacts
8025916116012,openfacts
8025916116029,openfacts
8025916116036,openfacts
8025916116043,openfacts
8025916116074,openfacts
8025916116098,openfacts
8025916116159,openfacts
8025916116166,openfacts
8025916116180,openfacts
8025916116197,openfacts
8025916116210,openfacts
8025916116227,openfacts
8025916116234,openfacts
8025916116265,openfacts
8025916116272,openfacts
8025916116296,openfacts
8025916116302,openfacts
8025916116326,openfacts
8025916116340,openfacts
8025916116364,openfacts
8025916116371,openfacts
8025916116401,openfacts
8025916116418,openfacts
8025916116463,openfacts
8025916116494,openfacts
8025916116500,openfacts
8025916116531,openfacts
8025916116586,openfacts
8025916116623,openfacts
8025916116654,openfacts
8025916116678,openfacts
8025916116685,openfacts
8025916116692,openfacts
8025916116777,openfacts
8025916116784,openfacts
8025916116791,openfacts
8025916116807,openfacts
8025916116814,openfacts
8025916116821,openfacts
8025916116838,openfacts
8025916116852,openfacts
8025916116869,openfacts
8025916116876,openfacts
8025916116883,openfacts
8025916116890,openfacts
8025916116913,openfacts
8025916116937,openfacts
8025916116944,openfacts
8025916116951,openfacts
8025916116968,openfacts
8025916116975,openfacts
8025916116982,openfacts
8025916116999,openfacts
8025916117002,openfacts
8025916117019,openfacts
8025916117033,openfacts
8025916117040,openfacts
8025916117057,openfacts
8025916117064,openfacts
8025916117071,openfacts
8025916117095,openfacts
8025916117125,openfacts
8025916117132,openfacts
8025916117187,openfacts
8025916117194,openfacts
8025916117200,openfacts
8025916117217,openfacts
8025916117224,openfacts
8025916117248,openfacts
8025916117255,openfacts
8025916117262,openfacts
8025916117279,openfacts
8025916117286,openfacts
8025916117323,openfacts
8025916117354,openfacts
8025916117378,openfacts
8025916117392,openfacts
8025916117408,openfacts
8025916117446,openfacts
8025916117453,openfacts
8025916117491,openfacts
8025916117507,openfacts
8025916117521,openfacts
8025916117538,openfacts
8025916117545,openfacts
8025916117576,openfacts
8025916117583,openfacts
8025916117637,openfacts
8025916117644,openfacts
8025916117651,openfacts
8025916117668,openfacts
8025916117675,openfacts
8025916117682,openfacts
8025916117705,openfacts
8025916117729,openfacts
8025916117736,openfacts
8025916117743,openfacts
8025916117750,openfacts
8025916117767,openfacts
8025916117774,openfacts
8025916117781,openfacts
8025916117798,openfacts
8025916117811,openfacts
8025916117835,openfacts
8025916117842,openfacts
8025916117859,openfacts
8025916117866,openfacts
8025916117873,openfacts
8025916117880,openfacts
8025916117897,openfacts
8025916117903,openfacts
8025916117910,openfacts
8025916117958,openfacts
8025916117965,openfacts
8025916117989,openfacts
8025916117996,openfacts
8025916118009,openfacts
8025916118016,openfacts
8025916118078,openfacts
8025916118139,openfacts
8025916118146,openfacts
8025916118153,openfacts
8025916118160,openfacts
8025916118184,openfacts
8025916118191,openfacts
8025916118207,openfacts
8025916118214,openfacts
8025916118252,openfacts
8025916118269,openfacts
8025916118313,openfacts
8025916118320,openfacts
8025916118337,openfacts
8025916118344,openfacts
8025916118443,openfacts
8025916118474,openfacts
8025916118511,openfacts
8025916118535,openfacts
8025916118542,openfacts
8025916118573,openfacts
8025916118580,openfacts
8025916118597,openfacts
8025916118603,openfacts
8025916118610,openfacts
8025916118658,openfacts
8025916118665,openfacts
8025916118672,openfacts
8025916118689,openfacts
8025916118702,openfacts
8025916118719,openfacts
8025916118740,openfacts
8025916118757,openfacts
8025916118764,openfacts
8025916118788,openfacts
8025916118801,openfacts
8025916118818,openfacts
8025916118825,openfacts
8025916118887,openfacts
8025916118894,openfacts
8025916118900,openfacts
8025916118917,openfacts
8025916118962,openfacts
8025916118979,openfacts
8025916119013,openfacts
8025916119020,openfacts
8025916119037,openfacts
8025916119044,openfacts
8025916119105,openfacts
8025916119112,openfacts
8025916119129,openfacts
8025916119136,openfacts
8025916119204,openfacts
8025916119211,openfacts
8025916119228,openfacts
8025916119235,openfacts
8025916119273,openfacts
8025916119280,openfacts
8025916119297,openfacts
8025916119303,openfacts
8025916119310,openfacts
8025916119327,openfacts
8025916119334,openfacts
8025916119341,openfacts
8025916119358,openfacts
8025916119365,openfacts
8025916119396,openfacts
8025916119402,openfacts
8025916119426,openfacts
8025916119464,openfacts
8025916119488,openfacts
8025916119495,openfacts
8025916119532,openfacts
8025916119549,openfacts
8025916119556,openfacts
8025916119563,openfacts
8025916119570,openfacts
8025916119587,openfacts
8025916119648,openfacts
8025916119655,openfacts
8025916119662,openfacts
8025916119679,openfacts
8025916119686,openfacts
8025916119754,openfacts
8025916119761,openfacts
8025916119778,openfacts
8025916119785,openfacts
8025916119792,openfacts
8025916119808,openfacts
8025916119822,openfacts
8025916119839,openfacts
8025916119846,openfacts
8025916119853,openfacts
8025916119860,openfacts
8025916119877,openfacts
8025916119891,openfacts
8025916119938,openfacts
8025916119952,openfacts
8025916119969,openfacts
8025916119983,openfacts
8025916119990,openfacts
8025916120002,openfacts
8025916120019,openfacts
8025916120026,openfacts
8025916120033,openfacts
8025916120057,openfacts
8025916120064,openfacts
8025916120071,openfacts
8025916120088,openfacts
8025916120095,openfacts
8025916120101,openfacts
8025916120118,openfacts
8025916120125,openfacts
8025916120163,openfacts
8025916120170,openfacts
8025916120187,openfacts
8025916120194,openfacts
8025916120200,openfacts
8025916120217,openfacts
8025916120224,openfacts
8025916120231,openfacts
8025916120248,openfacts
8025916120255,openfacts
8025916120262,openfacts
8025916120279,openfacts
8025916120286,openfacts
8025916120293,openfacts
8025916120309,openfacts
8025916120439,openfacts
8025916120453,openfacts
8025916120460,openfacts
8025916120491,openfacts
8025916120590,openfacts
8025916120606,openfacts
8025916120613,openfacts
8025916120620,openfacts
8025916120637,openfacts
8025916120682,openfacts
8025916120699,openfacts
8025916120866,openfacts
8025916120880,openfacts
8025916120897,openfacts
8025916120903,openfacts
8025916120910,openfacts
8025916120927,openfacts
8025916120941,openfacts
8025916120958,openfacts
8025916120972,openfacts
8025916121016,openfacts
8025916121030,openfacts
8025916121047,openfacts
8025916121078,openfacts
8025916121115,openfacts
8025916121122,openfacts
8025916121153,openfacts
8025916121160,openfacts
8025916121177,openfacts
8025916121184,openfacts
8025916121221,openfacts
8025916121245,openfacts
8025916121375,openfacts
8025916121382,openfacts
8025916121399,openfacts
8025916121405,openfacts
8025916121450,openfacts
8025916121467,openfacts
8025916121474,openfacts
8025916121481,openfacts
8025916121498,openfacts
8025916121504,openfacts
8025916121511,openfacts
8025916121535,openfacts
8025916121573,openfacts
8025916121580,openfacts
8025916121610,openfacts
8025916121641,openfacts
8025916121672,openfacts
8025916121696,openfacts
8025916121719,openfacts
8025916121733,openfacts
8025916121757,openfacts
8025916121771,openfacts
8025916121795,openfacts
8025916121818,openfacts
8025916121825,openfacts
8025916121924,openfacts
8025916121931,openfacts
8025916121962,openfacts
8025916121979,openfacts
8025916121993,openfacts
8025916122006,openfacts
8025916122020,openfacts
8025916122068,openfacts
8025916122075,openfacts
8025916122082,openfacts
8025916122099,openfacts
8025916122105,openfacts
8025916122112,openfacts
8025916122129,openfacts
8025916122136,openfacts
8025916122143,openfacts
8025916122150,openfacts
8025916122167,openfacts
8025916122174,openfacts
8025916122181,openfacts
8025916122198,openfacts
8025916122204,openfacts
8025916122211,openfacts
8025916122228,openfacts
8025916122235,openfacts
8025916122402,openfacts
8025916122495,openfacts
8025916122501,openfacts
8025916122525,openfacts
8025916122532,openfacts
8025916122600,openfacts
8025916122617,openfacts
8025916122624,openfacts
8025916122631,openfacts
8025916122655,openfacts
8025916122662,openfacts
8025916122686,openfacts
8025916122693,openfacts
8025916122716,openfacts
8025916122723,openfacts
8025916122730,openfacts
8025916122747,openfacts
8025916122754,openfacts
8025916122792,openfacts
8025916122815,openfacts
8025916122822,openfacts
8025916122839,openfacts
8025916122846,openfacts
8025916122853,openfacts
8025916122860,openfacts
8025916122877,openfacts
8025916122884,openfacts
8025916122891,openfacts
8025916122907,openfacts
8025916122914,openfacts
8025916122921,openfacts
8025916122952,openfacts
8025916122976,openfacts
8025916122983,openfacts
8025916122990,openfacts
8025916123003,openfacts
8025916123027,openfacts
8025916123034,openfacts
8025916123041,openfacts
8025916123058,openfacts
8025916123072,openfacts
8025916123089,openfacts
8025916123096,openfacts
8025916123102,openfacts
8025916123119,openfacts
8025916123126,openfacts
8025916123133,openfacts
8025916123188,openfacts
8025916123195,openfacts
8025916123201,openfacts
8025916123393,openfacts
8025916123447,openfacts
8025916123515,openfacts
8025916123522,openfacts
8025916123539,openfacts
8025916123546,openfacts
8025916123553,openfacts
8025916123560,openfacts
8025916123577,openfacts
8025916123584,openfacts
8025916123591,openfacts
8025916123638,openfacts
8025916123645,openfacts
8025916123652,openfacts
8025916123669,openfacts
8025916123676,openfacts
8025916123683,openfacts
8025916123690,openfacts
8025916123706,openfacts
8025916123713,openfacts
8025916123720,openfacts
8025916123737,openfacts
8025916123744,openfacts
8025916123751,openfacts
8025916123775,openfacts
8025916123812,openfacts
8025916123829,openfacts
8025916123836,openfacts
8025916123874,openfacts
8025916123911,openfacts
8025916123928,openfacts
8025916123997,openfacts
8025916124000,openfacts
8025916124017,openfacts
8025916124024,openfacts
8025916124031,openfacts
8025916124048,openfacts
8025916124055,openfacts
8025916124062,openfacts
8025916124079,openfacts
8025916124086,openfacts
8025916124093,openfacts
8025916124109,openfacts
8025916124116,openfacts
8025916124123,openfacts
8025916124161,openfacts
8025916124178,openfacts
8025916124185,openfacts
8025916124192,openfacts
8025916124208,openfacts
8025916124215,openfacts
8025916124222,openfacts
8025916124253,openfacts
8025916124260,openfacts
8025916124277,openfacts
8025916124284,openfacts
8025916124307,openfacts
8025916124321,openfacts
8025916124338,openfacts
8025916124437,openfacts
8025916124444,openfacts
8025916124451,openfacts
8025916124468,openfacts
8025916124475,openfacts
8025916124482,openfacts
8025916124529,openfacts
8025916124581,openfacts
8025916124598,openfacts
8025916124611,openfacts
8025916124628,openfacts
8025916124635,openfacts
8025916124642,openfacts
8025916124659,openfacts
8025916124703,openfacts
8025916124710,openfacts
8025916124727,openfacts
8025916124734,openfacts
8025916124758,openfacts
8025916124772,openfacts
8025916124789,openfacts
8025916124796,openfacts
8025916124802,openfacts
8025916124819,openfacts
8025916124826,openfacts
8025916124833,openfacts
8025916124840,openfacts
8025916124857,openfacts
8025916124864,openfacts
8025916124871,openfacts
8025916124925,openfacts
8025916124932,openfacts
8025916124949,openfacts
8025916124956,openfacts
8025916124963,openfacts
8025916124970,openfacts
8025916124987,openfacts
8025916124994,openfacts
8025916125007,openfacts
8025916125021,openfacts
8025916125038,openfacts
8025916125069,openfacts
8025916125076,openfacts
8025916125083,openfacts
8025916125090,openfacts
8025916125106,openfacts
8025916125137,openfacts
8025916125144,openfacts
8025916125168,openfacts
8025916125175,openfacts
8025916125182,openfacts
8025916125199,openfacts
8025916125205,openfacts
8025916125212,openfacts
8025916125229,openfacts
8025916125236,openfacts
8025916125243,openfacts
8025916125250,openfacts
8025916125274,openfacts
8025916125281,openfacts
8025916125298,openfacts
8025916125304,openfacts
8025916125311,openfacts
8025916125328,openfacts
8025916125335,openfacts
8025916125342,openfacts
8025916125359,openfacts
8025916125366,openfacts
8025916125373,openfacts
8025916125397,openfacts
8025916125403,openfacts
8025916125427,openfacts
8025916125434,openfacts
8025916125441,openfacts
8025916125458,openfacts
8025916125465,openfacts
8025916125472,openfacts
8025916125502,openfacts
8025916125533,openfacts
8025916125540,openfacts
8025916125557,openfacts
8025916125564,openfacts
8025916125571,openfacts
8025916125588,openfacts
8025916125595,openfacts
8025916125618,openfacts
8025916125625,openfacts
8025916125632,openfacts
8025916125694,openfacts
8025916125762,openfacts
8025916125779,openfacts
8025916125786,openfacts
8025916125809,openfacts
8025916125823,openfacts
8025916125830,openfacts
8025916125847,openfacts
8025916125854,openfacts
8025916125861,openfacts
8025916125878,openfacts
8025916125946,openfacts
8025916125991,openfacts
8025916126004,openfacts
8025916126011,openfacts
8025916126066,openfacts
8025916126073,openfacts
8025916126080,openfacts
8025916126110,openfacts
8025916126127,openfacts
8025916126134,openfacts
8025916126141,openfacts
8025916126172,openfacts
8025916126189,openfacts
8025916126202,openfacts
8025916126219,openfacts
8025916126226,openfacts
8025916126233,openfacts
8025916126240,openfacts
8025916126257,openfacts
8025916126271,openfacts
8025916126288,openfacts
8025916126295,openfacts
8025916126301,openfacts
8025916126318,openfacts
8025916126349,openfacts
8025916126356,openfacts
8025916126363,openfacts
8025916126370,openfacts
8025916126394,openfacts
8025916126417,openfacts
8025916126424,openfacts
8025916126431,openfacts
8025916126448,openfacts
8025916126455,openfacts
8025916126486,openfacts
8025916126493,openfacts
8025916126509,openfacts
8025916126516,openfacts
8025916126530,openfacts
8025916126585,openfacts
8025916126592,openfacts
8025916126608,openfacts
8025916126615,openfacts
8025916126622,openfacts
8025916126646,openfacts
8025916126653,openfacts
8025916126660,openfacts
8025916126691,openfacts
8025916126745,openfacts
8025916126752,openfacts
8025916126776,openfacts
8025916126783,openfacts
8025916126813,openfacts
8025916126868,openfacts
8025916126875,openfacts
8025916126882,openfacts
8025916126912,openfacts
8025916126929,openfacts
8025916126936,openfacts
8025916126967,openfacts
8025916126974,openfacts
8025916127001,openfacts
8025916127018,openfacts
8025916127056,openfacts
8025916127063,openfacts
8025916127070,openfacts
8025916127117,openfacts
8025916127124,openfacts
8025916127131,openfacts
8025916127155,openfacts
8025916127209,openfacts
8025916127308,openfacts
8025916127322,openfacts
8025916127414,openfacts
8025916127421,openfacts
8025916127438,openfacts
8025916127445,openfacts
8025916127452,openfacts
8025916127520,openfacts
8025916127537,openfacts
8025916127544,openfacts
8025916127551,openfacts
8025916127568,openfacts
8025916127575,openfacts
8025916127605,openfacts
8025916127612,openfacts
8025916127629,openfacts
8025916127728,openfacts
8025916127735,openfacts
8025916127759,openfacts
8025916127766,openfacts
8025916127797,openfacts
8025916127803,openfacts
8025916127827,openfacts
8025916127834,openfacts
8025916127858,openfacts
8025916127896,openfacts
8025916127902,openfacts
8025916127933,openfacts
8025916127964,openfacts
8025916127971,openfacts
8025916127995,openfacts
8025916128008,openfacts
8025916128039,openfacts
8025916128046,openfacts
8025916128053,openfacts
8025916128077,openfacts
8025916128084,openfacts
8025916128138,openfacts
8025916128268,openfacts
8025916128282,openfacts
8025916128336,openfacts
8025916128442,openfacts
8025916128527,openfacts
8025916128589,openfacts
8025916128756,openfacts
8025916128794,openfacts
8025916128817,openfacts
8025916128909,openfacts
8025916129043,openfacts
8025916129050,openfacts
8025916129081,openfacts
8025916129166,openfacts
8025916129203,openfacts
8025916129210,openfacts
8025916129326,openfacts
8025916129425,openfacts
8025916129432,openfacts
8025916129487,openfacts
8025916129548,openfacts
8025916129586,openfacts
8025916129654,openfacts
8025916129715,openfacts
8025916129913,openfacts
8025916129968,openfacts
8025916130643,openfacts
8025916130780,openfacts
8025916130797,openfacts
8025916131213,openfacts
8025916132234,openfacts
8025916200162,openfacts
8025916200179,openfacts
8025916200278,openfacts
8025916200285,openfacts
8025916200308,openfacts
8025916200315,openfacts
8025916200322,openfacts
8025916200353,openfacts
8025916200766,openfacts
8025916200889,openfacts
8025916200896,openfacts
8025916200902,openfacts
8025916200940,openfacts
8025916200957,openfacts
8025916200964,openfacts
8025916200988,openfacts
8025916200995,openfacts
8025916201008,openfacts
8025916201022,openfacts
8025916201039,openfacts
8025916201046,openfacts
8025916201053,openfacts
8025916201060,openfacts
8025916201091,openfacts
8025916201107,openfacts
8025916201114,openfacts
8025916201169,openfacts
8025916201176,openfacts
8025916201190,openfacts
8025916201237,openfacts
8025916201244,openfacts
8025916201251,openfacts
8025916201275,openfacts
8025916201305,openfacts
8025916201312,openfacts
8025916201350,openfacts
8025916201381,openfacts
8025916201435,openfacts
8025916201596,openfacts
8025916201602,openfacts
8025916201626,openfacts
8025916201688,openfacts
8025916201718,openfacts
8025916201725,openfacts
8025916201763,openfacts
8025916201770,openfacts
8025916201787,openfacts
8025916201800,openfacts
8025916201831,openfacts
8025916201848,openfacts
8025916201916,openfacts
8025916201923,openfacts
8025916201930,openfacts
8025916201947,openfacts
8025916201954,openfacts
8025916201961,openfacts
8025916201992,openfacts
8025916202029,openfacts
8025916202036,openfacts
8025916202043,openfacts
8025916202050,openfacts
8025916202104,openfacts
8025916202111,openfacts
8025916202128,openfacts
8025916202135,openfacts
8025916202142,openfacts
8025916202173,openfacts
8025916202197,openfacts
8025916202203,openfacts
8025916202210,openfacts
8025916202227,openfacts
8025916202234,openfacts
8025916202241,openfacts
8025916202258,openfacts
8025916202265,openfacts
8025916202272,openfacts
8025916202289,openfacts
8025916202296,openfacts
8025916202302,openfacts
8025916202319,openfacts
8025916202326,openfacts
8025916202333,openfacts
8025916202357,openfacts
8025916202371,openfacts
8025916202388,openfacts
8025916202401,openfacts
8025916202418,openfacts
8025916202425,openfacts
8025916202432,openfacts
8025916202449,openfacts
8025916202456,openfacts
8025916202470,openfacts
8025916202487,openfacts
8025916202494,openfacts
8025916202517,openfacts
8025916202524,openfacts
8025916202531,openfacts
8025916202548,openfacts
8025916202586,openfacts
8025916202647,openfacts
8025916202739,openfacts
8025916202838,openfacts
8025916202845,openfacts
8025916202852,openfacts
8025916202869,openfacts
8025916202876,openfacts
8025916202906,openfacts
8025916202920,openfacts
8025916203088,openfacts
8025916203101,openfacts
8025916203125,openfacts
8025916203132,openfacts
8025916203149,openfacts
8025916203156,openfacts
8025916203163,openfacts
8025916203170,openfacts
8025916203187,openfacts
8025916203200,openfacts
8025916203217,openfacts
8025916203224,openfacts
8025916203231,openfacts
8025916203255,openfacts
8025916203262,openfacts
8025916203279,openfacts
8025916203286,openfacts
8025916203316,openfacts
8025916203323,openfacts
8025916203330,openfacts
8025916203347,openfacts
8025916203361,openfacts
8025916203408,openfacts
8025916203415,openfacts
8025916203422,openfacts
8025916203439,openfacts
8025916203446,openfacts
8025916203460,openfacts
8025916203477,openfacts
8025916203484,openfacts
8025916203491,openfacts
8025916203507,openfacts
8025916203514,openfacts
8025916203521,openfacts
8025916203538,openfacts
8025916203583,openfacts
8025916203606,openfacts
8025916203613,openfacts
8025916203620,openfacts
8025916203644,openfacts
8025916203651,openfacts
8025916203668,openfacts
8025916203675,openfacts
8025916203682,openfacts
8025916203699,openfacts
8025916203705,openfacts
8025916203729,openfacts
8025916203736,openfacts
8025916203897,openfacts
8025916203903,openfacts
8025916203958,openfacts
8025916203965,openfacts
8025916203972,openfacts
8025916203989,openfacts
8025916203996,openfacts
8025916204009,openfacts
8025916204016,openfacts
8025916204023,openfacts
8025916204030,openfacts
8025916204047,openfacts
8025916204054,openfacts
8025916204078,openfacts
8025916204085,openfacts
8025916204092,openfacts
8025916204108,openfacts
8025916204115,openfacts
8025916204122,openfacts
8025916204139,openfacts
8025916204146,openfacts
8025916204184,openfacts
8025916204191,openfacts
8025916204207,openfacts
8025916204214,openfacts
8025916204221,openfacts
8025916204245,openfacts
8025916204252,openfacts
8025916204269,openfacts
8025916204276,openfacts
8025916204283,openfacts
8025916204290,openfacts
8025916204306,openfacts
8025916204320,openfacts
8025916204337,openfacts
8025916204344,openfacts
8025916204351,openfacts
8025916204368,openfacts
8025916204375,openfacts
8025916204382,openfacts
8025916204399,openfacts
8025916204405,openfacts
8025916204429,openfacts
8025916204436,openfacts
8025916204443,openfacts
8025916204450,openfacts
8025916204467,openfacts
8025916204528,openfacts
8025916204535,openfacts
8025916204559,openfacts
8025916204566,openfacts
8025916204580,openfacts
8025916204603,openfacts
8025916204610,openfacts
8025916204627,openfacts
8025916204634,openfacts
8025916204641,openfacts
8025916204658,openfacts
8025916204665,openfacts
8025916204672,openfacts
8025916204689,openfacts
8025916204696,openfacts
8025916204702,openfacts
8025916204719,openfacts
8025916204726,openfacts
8025916204733,openfacts
8025916204757,openfacts
8025916204764,openfacts
8025916204771,openfacts
8025916204788,openfacts
8025916204795,openfacts
8025916204801,openfacts
8025916204818,openfacts
8025916204825,openfacts
8025916204832,openfacts
8025916204856,openfacts
8025916204863,openfacts
8025916204887,openfacts
8025916204900,openfacts
8025916204917,openfacts
8025916204955,openfacts
8025916204962,openfacts
8025916205006,openfacts
8025916205013,openfacts
8025916205044,openfacts
8025916205051,openfacts
8025916205099,openfacts
8025916205112,openfacts
8025916205150,openfacts
8025916205174,openfacts
8025916205198,openfacts
8025916205297,openfacts
8025916205303,openfacts
8025916205310,openfacts
8025916205327,openfacts
8025916205334,openfacts
8025916205341,openfacts
8025916205358,openfacts
8025916205365,openfacts
8025916205372,openfacts
8025916205389,openfacts
8025916205419,openfacts
8025916205426,openfacts
8025916205433,openfacts
8025916205440,openfacts
8025916205457,openfacts
8025916205464,openfacts
8025916205471,openfacts
8025916205488,openfacts
8025916205518,openfacts
8025916205525,openfacts
8025916205556,openfacts
8025916205563,openfacts
8025916205570,openfacts
8025916205587,openfacts
8025916205594,openfacts
8025916205600,openfacts
8025916205617,openfacts
8025916205624,openfacts
8025916205631,openfacts
8025916205648,openfacts
8025916205655,openfacts
8025916205662,openfacts
8025916205679,openfacts
8025916205686,openfacts
8025916205693,openfacts
8025916205709,openfacts
8025916205716,openfacts
8025916205723,openfacts
8025916205730,openfacts
8025916205754,openfacts
8025916205761,openfacts
8025916205778,openfacts
8025916205785,openfacts
8025916205792,openfacts
8025916205808,openfacts
8025916205815,openfacts
8025916205822,openfacts
8025916205839,openfacts
8025916205846,openfacts
8025916205853,openfacts
8025916205860,openfacts
8025916205877,openfacts
8025916205884,openfacts
8025916205891,openfacts
8025916205945,openfacts
8025916205952,openfacts
8025916205969,openfacts
8025916205976,openfacts
8025916205983,openfacts
8025916205990,openfacts
8025916206003,openfacts
8025916206010,openfacts
8025916206027,openfacts
8025916206034,openfacts
8025916206041,openfacts
8025916206065,openfacts
8025916206072,openfacts
8025916206089,openfacts
8025916206096,openfacts
8025916206102,openfacts
8025916206119,openfacts
8025916206126,openfacts
8025916206133,openfacts
8025916206140,openfacts
8025916206157,openfacts
8025916206164,openfacts
8025916206171,openfacts
8025916206249,openfacts
8025916206256,openfacts
8025916206263,openfacts
8025916206270,openfacts
8025916206287,openfacts
8025916206294,openfacts
8025916206300,openfacts
8025916206324,openfacts
8025916206331,openfacts
8025916206348,openfacts
8025916206355,openfacts
8025916206393,openfacts
8025916206478,openfacts
8025916206485,openfacts
8025916206492,openfacts
8025916206515,openfacts
8025916206553,openfacts
8025916206584,openfacts
8025916206591,openfacts
8025916206607,openfacts
8025916206614,openfacts
8025916206690,openfacts
8025916206737,openfacts
8025916206904,openfacts
8025916300015,openfacts
8025916300046,openfacts
8025916300053,openfacts
8025916300060,openfacts
8025916300084,openfacts
8025916300091,openfacts
8025916300107,openfacts
8025916300138,openfacts
8025916300152,openfacts
8025916300169,openfacts
8025916300176,openfacts
8025916300183,openfacts
8025916300213,openfacts
8025916300220,openfacts
8025916300244,openfacts
8025916300312,openfacts
8025916300336,openfacts
8025916300343,openfacts
8025916300428,openfacts
8025916300435,openfacts
8025916300541,openfacts
8025916300558,openfacts
8025916300572,openfacts
8025916300589,openfacts
8025916300633,openfacts
8025916300688,openfacts
8025916300725,openfacts
8025916300732,openfacts
8025916300770,openfacts
8025916300787,openfacts
8025916300794,openfacts
8025916300817,openfacts
8025916300879,openfacts
8025916300954,openfacts
8025916300961,openfacts
8025916300985,openfacts
8025916300992,openfacts
8025916301074,openfacts
8025916301081,openfacts
8025916301104,openfacts
8025916301111,openfacts
8025916301128,openfacts
8025916301180,openfacts
8025916301265,openfacts
8025916301272,openfacts
8025916301289,openfacts
8025916301296,openfacts
8025916301302,openfacts
8025916301319,openfacts
8025916301333,openfacts
8025916301340,openfacts
8025916301364,openfacts
8025916301371,openfacts
8025916301418,openfacts
8025916301432,openfacts
8025916301449,openfacts
8025916301456,openfacts
8025916301487,openfacts
8025916301531,openfacts
8025916301548,openfacts
8025916301562,openfacts
8025916301579,openfacts
8025916301586,openfacts
8025916301593,openfacts
8025916301609,openfacts
8025916301616,openfacts
8025916301623,openfacts
8025916301678,openfacts
8025916301692,openfacts
8025916301715,openfacts
8025916301784,openfacts
8025916301807,openfacts
8025916301814,openfacts
8025916301821,openfacts
8025916301838,openfacts
8025916301869,openfacts
8025916301876,openfacts
8025916301913,openfacts
8025916301920,openfacts
8025916301937,openfacts
8025916301944,openfacts
8025916301951,openfacts
8025916301968,openfacts
8025916301975,openfacts
8025916301982,openfacts
8025916301999,openfacts
8025916302002,openfacts
8025916302019,openfacts
8025916302057,openfacts
8025916302064,openfacts
8025916302071,openfacts
8025916302088,openfacts
8025916302095,openfacts
8025916302118,openfacts
8025916302132,openfacts
8025916302149,openfacts
8025916302156,openfacts
8025916302163,openfacts
8025916302170,openfacts
8025916302187,openfacts
8025916302194,openfacts
8025916302200,openfacts
8025916302217,openfacts
8025916302224,openfacts
8025916302231,openfacts
8025916302255,openfacts
8025916302262,openfacts
8025916302279,openfacts
8025916302293,openfacts
8025916302316,openfacts
8025916302323,openfacts
8025916302347,openfacts
8025916302354,openfacts
8025916302378,openfacts
8025916302385,openfacts
8025916302408,openfacts
8025916302415,openfacts
8025916302422,openfacts
8025916302453,openfacts
8025916302460,openfacts
8025916302477,openfacts
8025916302484,openfacts
8025916302491,openfacts
8025916302507,openfacts
8025916302514,openfacts
8025916302521,openfacts
8025916302545,openfacts
8025916302552,openfacts
8025916302569,openfacts
8025916302576,openfacts
8025916302583,openfacts
8025916302590,openfacts
8025916302613,openfacts
8025916302620,openfacts
8025916302637,openfacts
8025916302644,openfacts
8025916302668,openfacts
8025916302675,openfacts
8025916302699,openfacts
8025916302705,openfacts
8025916302712,openfacts
8025916302729,openfacts
8025916302743,openfacts
8025916302750,openfacts
8025916302767,openfacts
8025916302774,openfacts
8025916302798,openfacts
8025916302804,openfacts
8025916302828,openfacts
8025916302835,openfacts
8025916302866,openfacts
8025916302873,openfacts
8025916302880,openfacts
8025916302897,openfacts
8025916302903,openfacts
8025916302941,openfacts
8025916302965,openfacts
8025916302972,openfacts
8025916302989,openfacts
8025916303009,openfacts
8025916303016,openfacts
8025916303023,openfacts
8025916303047,openfacts
8025916303061,openfacts
8025916303078,openfacts
8025916303092,openfacts
8025916303139,openfacts
8025916303160,openfacts
8025916303177,openfacts
8025916303184,openfacts
8025916303191,openfacts
8025916303207,openfacts
8025916303252,openfacts
8025916303269,openfacts
8025916303276,openfacts
8025916303283,openfacts
8025916303306,openfacts
8025916303313,openfacts
8025916303320,openfacts
8025916303351,openfacts
8025916303368,openfacts
8025916303375,openfacts
8025916303382,openfacts
8025916303399,openfacts
8025916303405,openfacts
8025916303412,openfacts
8025916303429,openfacts
8025916303436,openfacts
8025916303450,openfacts
8025916303474,openfacts
8025916303481,openfacts
8025916303498,openfacts
8025916303511,openfacts
8025916303528,openfacts
8025916303535,openfacts
8025916303542,openfacts
8025916303559,openfacts
8025916303634,openfacts
8025916303641,openfacts
8025916303665,openfacts
8025916303689,openfacts
8025916303702,openfacts
8025916303719,openfacts
8025916303726,openfacts
8025916303733,openfacts
8025916303764,openfacts
8025916303788,openfacts
8025916303795,openfacts
8025916303849,openfacts
8025916303931,openfacts
8025916303979,openfacts
8025916304037,openfacts
8025916400104,openfacts
8025916400111,openfacts
8025916400128,openfacts
8025916400135,openfacts
8025916400142,openfacts
8025916400159,openfacts
8025916400180,openfacts
8025916400203,openfacts
8025916500200,openfacts
8025916500323,openfacts
8025916500378,openfacts
8025916500408,openfacts
8025916500958,openfacts
8025916501603,openfacts
8025916520406,openfacts
8025916622919,openfacts
8025916804063,openfacts
8025919000325,openfacts
8025920000055,openfacts
8025920000178,openfacts
8025920000215,openfacts
8025920000222,openfacts
8025920000239,openfacts
8025920000710,openfacts
8025920001052,openfacts
8025920001717,openfacts
8025920002967,openfacts
8025920003636,openfacts
8025920034029,openfacts
8025920034401,openfacts
8025920034456,openfacts
8025920035026,openfacts
8025920036085,openfacts
8025920036399,openfacts
8025920036405,openfacts
8025920036443,openfacts
8025920037419,openfacts
8025920038478,openfacts
8025920038492,openfacts
8025920038508,openfacts
8025920038812,openfacts
8025920038898,openfacts
8025920040136,openfacts
8025920040143,openfacts
8025930118016,openfacts
8025931102151,openfacts
8025931203186,openfacts
8025931209997,openfacts
8025933000103,openfacts
8025933444884,openfacts
8025936333970,openfacts
8025942040206,openfacts
8025942040480,openfacts
8025942043085,openfacts
8025948000082,openfacts
8025948000150,openfacts
8025948000174,openfacts
8025948000280,openfacts
8025948001782,openfacts
8025948001881,openfacts
8025948002055,openfacts
8025948012498,openfacts
8025948587644,openfacts
8025948859772,openfacts
8025948987246,openfacts
8025954198223,openfacts
8025954198261,openfacts
8025954505007,openfacts
8025954509401,openfacts
8025955004134,openfacts
8025960000015,openfacts
8025960000039,openfacts
8025960000046,openfacts
8025961002506,openfacts
8025964300692,openfacts
8025964300814,openfacts
8025966001153,openfacts
8025966001184,openfacts
8025966001191,openfacts
8025966001573,openfacts
8025966001825,openfacts
8025966002310,openfacts
8025966002402,openfacts
8025966002419,openfacts
8025966002426,openfacts
8025966002440,openfacts
8025966002525,openfacts
8025966002754,openfacts
8025966401885,openfacts
8025966402011,openfacts
8025966402301,openfacts
8025966402318,openfacts
8025966402448,openfacts
8025966402912,openfacts
8025976127768,openfacts
8025976605440,openfacts
8025986250081,openfacts
8025986250111,openfacts
8025995000035,openfacts
8025995000103,openfacts
8025995000226,openfacts
8025995000318,openfacts
8025995000363,openfacts
8025995000370,openfacts
8025995000424,openfacts
8025995000431,openfacts
8025995000479,openfacts
8025995000585,openfacts
8025995000653,openfacts
8025995000684,openfacts
8025995000691,openfacts
8025995000714,openfacts
8025995001506,openfacts
8025995100018,openfacts
8025997003928,openfacts
8025997040787,openfacts
8025997040831,openfacts
8025997041326,openfacts
8025997045072,openfacts
8025997051325,openfacts
8025997054548,openfacts
8025997094025,openfacts
8026007000012,openfacts
8026007000067,openfacts
8026007000074,openfacts
8026007000234,openfacts
8026007000241,openfacts
8026007000258,openfacts
8026007000265,openfacts
8026007000272,openfacts
8026007000289,openfacts
8026007000296,openfacts
8026007000302,openfacts
8026007000357,openfacts
8026007000364,openfacts
8026007000371,openfacts
8026007000388,openfacts
8026007000395,openfacts
8026007000739,openfacts
8026007000869,openfacts
8026007000951,openfacts
8026007000968,openfacts
8026007001033,openfacts
8026007001040,openfacts
8026007001057,openfacts
8026007001064,openfacts
8026007001071,openfacts
8026007001088,openfacts
8026007001101,openfacts
8026007001118,openfacts
8026007001125,openfacts
8026007001132,openfacts
8026007001149,openfacts
8026007001156,openfacts
8026007001163,openfacts
8026007001170,openfacts
8026007001187,openfacts
8026007001217,openfacts
8026007001279,openfacts
8026007001323,openfacts
8026007001361,openfacts
8026007001385,openfacts
8026007001392,openfacts
8026007001408,openfacts
8026007001415,openfacts
8026007005024,openfacts
8026007005031,openfacts
8026007005154,openfacts
8026007005161,openfacts
8026007005208,openfacts
8026007005222,openfacts
8026007005321,openfacts
8026007005338,openfacts
8026007005345,openfacts
8026007005369,openfacts
8026007005451,openfacts
8026007010011,openfacts
8026007010028,openfacts
8026007010035,openfacts
8026007010042,openfacts
8026008011000,openfacts
8026008030001,openfacts
8026008040024,openfacts
8026009000164,openfacts
8026014000012,openfacts
8026014000029,openfacts
8026014000036,openfacts
8026014000074,openfacts
8026014000104,openfacts
8026014000142,openfacts
8026014532506,openfacts
8026028001210,openfacts
8026028003344,openfacts
8026030140518,openfacts
8026030140730,openfacts
8026030141003,openfacts
8026030141027,openfacts
8026030145001,openfacts
8026030145629,openfacts
8026030146077,openfacts
8026030146503,openfacts
8026030146718,openfacts
8026030146930,openfacts
8026030147357,openfacts
8026030147678,openfacts
8026030147791,openfacts
8026030148804,openfacts
8026030149122,openfacts
8026030149153,openfacts
8026030149320,openfacts
8026030149344,openfacts
8026037000013,openfacts
8026037000020,openfacts
8026037000143,openfacts
8026042002002,openfacts
8026042002057,openfacts
8026042010298,openfacts
8026042011134,openfacts
8026042011141,openfacts
8026042013015,openfacts
8026042013022,openfacts
8026042013053,openfacts
8026042013084,openfacts
8026042013091,openfacts
8026042013114,openfacts
8026042016023,openfacts
8026042016030,openfacts
8026042016054,openfacts
8026042016085,openfacts
8026042016108,openfacts
8026042016115,openfacts
8026042016122,openfacts
8026042021058,openfacts
8026042021065,openfacts
8026042021140,openfacts
8026042021157,openfacts
8026042021164,openfacts
8026042021171,openfacts
8026042021188,openfacts
8026042021195,openfacts
8026042021218,openfacts
8026042021317,openfacts
8026042021409,openfacts
8026042021416,openfacts
8026042021423,openfacts
8026042021430,openfacts
8026042021447,openfacts
8026042021454,openfacts
8026042021515,openfacts
8026042021546,openfacts
8026042023038,openfacts
8026042023045,openfacts
8026042025001,openfacts
8026042025018,openfacts
8026042025025,openfacts
8026042025032,openfacts
8026042025049,openfacts
8026042025155,openfacts
8026042030005,openfacts
8026042030159,openfacts
8026042030173,openfacts
8026042030180,openfacts
8026042030197,openfacts
8026042042060,openfacts
8026042042107,openfacts
8026042043623,openfacts
8026042045061,openfacts
8026042076003,openfacts
8026042077062,openfacts
8026042077079,openfacts
8026042077109,openfacts
8026042077307,openfacts
8026042077345,openfacts
8026042077369,openfacts
8026042077413,openfacts
8026042078014,openfacts
8026042078021,openfacts
8026042078038,openfacts
8026042078045,openfacts
8026042078052,openfacts
8026042078069,openfacts
8026042078083,openfacts
8026042078090,openfacts
8026042078205,openfacts
8026042078212,openfacts
8026042079011,openfacts
8026042079028,openfacts
8026042079035,openfacts
8026042079042,openfacts
8026044027454,openfacts
8026048000026,openfacts
8026048000040,openfacts
8026048000088,openfacts
8026048000101,openfacts
8026048000163,openfacts
8026048000507,openfacts
8026051210054,openfacts
8026051210160,openfacts
8026051210177,openfacts
8026051210184,openfacts
8026051210191,openfacts
8026051210290,openfacts
8026051210306,openfacts
8026051210313,openfacts
8026051280781,openfacts
8026051281078,openfacts
8026051281238,openfacts
8026051281306,openfacts
8026051281382,openfacts
8026051281481,openfacts
8026051281801,openfacts
8026051283164,openfacts
8026051286028,openfacts
8026051286035,openfacts
8026051286097,openfacts
8026051286141,openfacts
8026051286165,openfacts
8026051286189,openfacts
8026051286202,openfacts
8026051286226,openfacts
8026051286448,openfacts
8026051286486,openfacts
8026051286493,openfacts
8026051286646,openfacts
8026051286776,openfacts
8026051287049,openfacts
8026051287056,openfacts
8026051287070,openfacts
8026051287131,openfacts
8026051287179,openfacts
8026051287247,openfacts
8026051287445,openfacts
8026051287483,openfacts
8026051287506,openfacts
8026051287629,openfacts
8026051287773,openfacts
8026051288022,openfacts
8026051288220,openfacts
8026051288893,openfacts
8026051289029,openfacts
8026051289050,openfacts
8026051289067,openfacts
8026051289081,openfacts
8026051289098,openfacts
8026051289111,openfacts
8026051289142,openfacts
8026051289166,openfacts
8026051289173,openfacts
8026051289180,openfacts
8026051289203,openfacts
8026051289241,openfacts
8026051289296,openfacts
8026051289319,openfacts
8026051289333,openfacts
8026051289418,openfacts
8026051289487,openfacts
8026051289517,openfacts
8026051289623,openfacts
8026051289777,openfacts
8026051289890,openfacts
8026053003517,openfacts
8026053005016,openfacts
8026053005412,openfacts
8026053005474,openfacts
8026053010010,openfacts
8026053010324,openfacts
8026053013806,openfacts
8026053014445,openfacts
8026053014674,openfacts
8026053016722,openfacts
8026053018672,openfacts
8026053018832,openfacts
8026053020514,openfacts
8026053020521,openfacts
8026053020576,openfacts
8026053025786,openfacts
8026053028206,openfacts
8026053030049,openfacts
8026053039905,openfacts
8026053046804,openfacts
8026053046941,openfacts
8026053058739,openfacts
8026053058760,openfacts
8026053058777,openfacts
8026053124663,openfacts
8026053137175,openfacts
8026053143688,openfacts
8026053145729,openfacts
8026053145798,openfacts
8026053145873,openfacts
8026053165536,openfacts
8026053177218,openfacts
8026053177782,openfacts
8026053180478,openfacts
8026053187965,openfacts
8026053197810,openfacts
8026053204778,openfacts
8026053209896,openfacts
8026053220006,openfacts
8026053220129,openfacts
8026053221751,openfacts
8026053225483,openfacts
8026053225490,openfacts
8026053225582,openfacts
8026053225599,openfacts
8026053225605,openfacts
8026053227562,openfacts
8026053230548,openfacts
8026053260149,openfacts
8026053269685,openfacts
8026053271961,openfacts
8026053276614,openfacts
8026053276621,openfacts
8026053276638,openfacts
8026053279264,openfacts
8026053279271,openfacts
8026053290931,openfacts
8026053369019,openfacts
8026053369248,openfacts
8026053371555,openfacts
8026053373931,openfacts
8026053426200,openfacts
8026053472399,openfacts
8026053590345,openfacts
8026053605179,openfacts
8026053615352,openfacts
8026053616946,openfacts
8026053617295,openfacts
8026053617301,openfacts
8026053620400,openfacts
8026053881054,openfacts
8026058000023,openfacts
8026069005024,openfacts
8026074000052,openfacts
8026082003335,openfacts
8026082444442,openfacts
8026083750146,openfacts
8026083754137,openfacts
8026086000071,openfacts
8026086000095,openfacts
8026086000194,openfacts
8026086000224,openfacts
8026086000231,openfacts
8026086000248,openfacts
8026086002174,openfacts
8026086003010,openfacts
8026086009180,openfacts
8026086009340,openfacts
8026086993366,openfacts
8026086995421,openfacts
8026101000017,openfacts
8026101000031,openfacts
8026101000048,openfacts
8026101000055,openfacts
8026101000079,openfacts
8026101000109,openfacts
8026101000116,openfacts
8026101000123,openfacts
8026101000185,openfacts
8026101000192,openfacts
8026101000222,openfacts
8026101000291,openfacts
8026101000314,openfacts
8026101000338,openfacts
8026101000352,openfacts
8026101000369,openfacts
8026101000529,openfacts
8026101000574,openfacts
8026101000598,openfacts
8026101000635,openfacts
8026101000642,openfacts
8026101000659,openfacts
8026101000666,openfacts
8026101000673,openfacts
8026101000680,openfacts
8026101000703,openfacts
8026101000734,openfacts
8026101000796,openfacts
8026101000802,openfacts
8026101000819,openfacts
8026101000826,openfacts
8026101001021,openfacts
8026101001038,openfacts
8026101001045,openfacts
8026101001076,openfacts
8026101001083,openfacts
8026101001090,openfacts
8026101001120,openfacts
8026101001182,openfacts
8026101001199,openfacts
8026101001205,openfacts
8026101001229,openfacts
8026101001236,openfacts
8026101001380,openfacts
8026122000003,openfacts
8026122000027,openfacts
8026134000022,openfacts
8026134000077,openfacts
8026144000012,openfacts
8026146010071,openfacts
8026146020018,openfacts
8026146051036,openfacts
8026146070365,openfacts
8026146070648,openfacts
8026146071331,openfacts
8026146071348,openfacts
8026146080210,openfacts
8026146080265,openfacts
8026146183201,openfacts
8026146200663,openfacts
8026146900303,openfacts
8026146901645,openfacts
8026146903052,openfacts
8026146903182,openfacts
8026146906121,openfacts
8026146943072,openfacts
8026146947056,openfacts
8026147000101,openfacts
8026152444655,openfacts
8026156000062,openfacts
8026156000079,openfacts
8026156000109,openfacts
8026156000116,openfacts
8026156000130,openfacts
8026156000147,openfacts
8026156000154,openfacts
8026156000161,openfacts
8026156000178,openfacts
8026156000260,openfacts
8026156000277,openfacts
8026156000284,openfacts
8026156000321,openfacts
8026156000345,openfacts
8026156000352,openfacts
8026156000598,openfacts
8026156000611,openfacts
8026156000628,openfacts
8026156000642,openfacts
8026156000659,openfacts
8026156000666,openfacts
8026156000673,openfacts
8026156000680,openfacts
8026156000697,openfacts
8026156000703,openfacts
8026156000710,openfacts
8026156000727,openfacts
8026156000734,openfacts
8026156000741,openfacts
8026156000758,openfacts
8026156000765,openfacts
8026156000772,openfacts
8026156000796,openfacts
8026156000802,openfacts
8026156000819,openfacts
8026156000840,openfacts
8026156001069,openfacts
8026156001137,openfacts
8026156001151,openfacts
8026156001168,openfacts
8026156001298,openfacts
8026156001304,openfacts
8026156001311,openfacts
8026156001335,openfacts
8026156001359,openfacts
8026156001366,openfacts
8026156001373,openfacts
8026156001403,openfacts
8026156001410,openfacts
8026156001427,openfacts
8026156001434,openfacts
8026156001441,openfacts
8026156001458,openfacts
8026156001472,openfacts
8026156001489,openfacts
8026156001496,openfacts
8026156001502,openfacts
8026156001519,openfacts
8026156001526,openfacts
8026156001557,openfacts
8026156001564,openfacts
8026156001571,openfacts
8026156001595,openfacts
8026156001618,openfacts
8026156001632,openfacts
8026156001649,openfacts
8026156001830,openfacts
8026156001861,openfacts
8026156001885,openfacts
8026156001892,openfacts
8026156001908,openfacts
8026156001915,openfacts
8026156001922,openfacts
8026156001939,openfacts
8026156001991,openfacts
8026156002004,openfacts
8026156002011,openfacts
8026156002028,openfacts
8026156002035,openfacts
8026156002059,openfacts
8026156002066,openfacts
8026156002073,openfacts
8026156002080,openfacts
8026156002097,openfacts
8026156002103,openfacts
8026156002134,openfacts
8026156002141,openfacts
8026156002158,openfacts
8026156002165,openfacts
8026156002172,openfacts
8026156002189,openfacts
8026156002196,openfacts
8026156002202,openfacts
8026156002219,openfacts
8026156002226,openfacts
8026156002233,openfacts
8026156002240,openfacts
8026156002257,openfacts
8026156002271,openfacts
8026156002288,openfacts
8026156002318,openfacts
8026156002325,openfacts
8026156002387,openfacts
8026156002424,openfacts
8026156002455,openfacts
8026156002554,openfacts
8026156002592,openfacts
8026156002615,openfacts
8026156002707,openfacts
8026156002882,openfacts
8026156002899,openfacts
8026156002905,openfacts
8026156002912,openfacts
8026156002929,openfacts
8026156002936,openfacts
8026156002943,openfacts
8026156003018,openfacts
8026156003025,openfacts
8026156003032,openfacts
8026156003056,openfacts
8026156003087,openfacts
8026156003407,openfacts
8026156003414,openfacts
8026156003421,openfacts
8026156003643,openfacts
8026156003667,openfacts
8026156003759,openfacts
8026156003810,openfacts
8026156003834,openfacts
8026156003858,openfacts
8026156003919,openfacts
8026156004060,openfacts
8026156004107,openfacts
8026156004251,openfacts
8026156004497,openfacts
8026156004510,openfacts
8026156004527,openfacts
8026156004534,openfacts
8026156004565,openfacts
8026156004572,openfacts
8026156004589,openfacts
8026156004596,openfacts
8026156004633,openfacts
8026156004688,openfacts
8026156004695,openfacts
8026156004824,openfacts
8026156004855,openfacts
8026156004862,openfacts
8026156004886,openfacts
8026156004992,openfacts
8026156005005,openfacts
8026156005012,openfacts
8026156005029,openfacts
8026156005036,openfacts
8026156005050,openfacts
8026156005067,openfacts
8026156005111,openfacts
8026156005128,openfacts
8026156005142,openfacts
8026156005159,openfacts
8026156005166,openfacts
8026156005180,openfacts
8026156005203,openfacts
8026156005210,openfacts
8026156005302,openfacts
8026156005333,openfacts
8026156005340,openfacts
8026156005357,openfacts
8026156005371,openfacts
8026156005388,openfacts
8026156005395,openfacts
8026156005449,openfacts
8026156005586,openfacts
8026156005593,openfacts
8026156005609,openfacts
8026156005616,openfacts
8026156005708,openfacts
8026156005777,openfacts
8026156005784,openfacts
8026156005869,openfacts
8026156005890,openfacts
8026156005906,openfacts
8026156005920,openfacts
8026156005937,openfacts
8026156005944,openfacts
8026156005951,openfacts
8026156005975,openfacts
8026156005982,openfacts
8026156006026,openfacts
8026156006040,openfacts
8026156006057,openfacts
8026156006187,openfacts
8026156006194,openfacts
8026156006200,openfacts
8026156006224,openfacts
8026156006255,openfacts
8026156006477,openfacts
8026156006484,openfacts
8026156006491,openfacts
8026156006507,openfacts
8026156006514,openfacts
8026156006606,openfacts
8026156006712,openfacts
8026156006736,openfacts
8026156006750,openfacts
8026156006774,openfacts
8026156006781,openfacts
8026156006996,openfacts
8026156007009,openfacts
8026156007016,openfacts
8026156007115,openfacts
8026156007139,openfacts
8026156007146,openfacts
8026156007160,openfacts
8026156007177,openfacts
8026156007184,openfacts
8026156007207,openfacts
8026156007238,openfacts
8026156007320,openfacts
8026156007375,openfacts
8026156007382,openfacts
8026156007528,openfacts
8026156007535,openfacts
8026156007559,openfacts
8026156007597,openfacts
8026156008006,openfacts
8026156008013,openfacts
8026156008037,openfacts
8026156008051,openfacts
8026156008068,openfacts
8026156008242,openfacts
8026156008280,openfacts
8026156008303,openfacts
8026156008327,openfacts
8026156008334,openfacts
8026156008341,openfacts
8026156008365,openfacts
8026156008396,openfacts
8026156008419,openfacts
8026156008426,openfacts
8026156008433,openfacts
8026156008464,openfacts
8026156008471,openfacts
8026156008518,openfacts
8026156008587,openfacts
8026156008594,openfacts
8026156008617,openfacts
8026156008662,openfacts
8026156008679,openfacts
8026156008686,openfacts
8026156008716,openfacts
8026156008730,openfacts
8026156008822,openfacts
8026156008839,openfacts
8026156008846,openfacts
8026156008853,openfacts
8026156008877,openfacts
8026156008884,openfacts
8026156008891,openfacts
8026156008907,openfacts
8026156008914,openfacts
8026156008921,openfacts
8026156008938,openfacts
8026156008945,openfacts
8026156008983,openfacts
8026156008990,openfacts
8026156009027,openfacts
8026156009041,openfacts
8026156009058,openfacts
8026156009065,openfacts
8026156009072,openfacts
8026156009096,openfacts
8026156009119,openfacts
8026156009133,openfacts
8026156009140,openfacts
8026156009157,openfacts
8026156009164,openfacts
8026156009249,openfacts
8026156009256,openfacts
8026156009263,openfacts
8026156009287,openfacts
8026156009294,openfacts
8026156009300,openfacts
8026156009317,openfacts
8026156009331,openfacts
8026156009355,openfacts
8026156009362,openfacts
8026156009379,openfacts
8026156009393,openfacts
8026156009409,openfacts
8026156009416,openfacts
8026156009423,openfacts
8026156009447,openfacts
8026156009454,openfacts
8026156009461,openfacts
8026156009492,openfacts
8026156009546,openfacts
8026156009560,openfacts
8026156009645,openfacts
8026156009652,openfacts
8026156009669,openfacts
8026156009676,openfacts
8026156009690,openfacts
8026156009744,openfacts
8026156009751,openfacts
8026156009768,openfacts
8026156009775,openfacts
8026156009782,openfacts
8026156009799,openfacts
8026156009805,openfacts
8026156009829,openfacts
8026156009836,openfacts
8026156009843,openfacts
8026156009898,openfacts
8026156009904,openfacts
8026156009980,openfacts
8026156009997,openfacts
8026156010016,openfacts
8026156010030,openfacts
8026156010078,openfacts
8026156010085,openfacts
8026156010092,openfacts
8026156010108,openfacts
8026156010115,openfacts
8026156010191,openfacts
8026156010214,openfacts
8026156010245,openfacts
8026156010276,openfacts
8026156010313,openfacts
8026156010344,openfacts
8026156010375,openfacts
8026156010436,openfacts
8026156010443,openfacts
8026156010450,openfacts
8026156010528,openfacts
8026156010535,openfacts
8026156010566,openfacts
8026156010795,openfacts
8026156010849,openfacts
8026156010863,openfacts
8026156010870,openfacts
8026156010887,openfacts
8026156010894,openfacts
8026156010924,openfacts
8026156010931,openfacts
8026156010955,openfacts
8026156010986,openfacts
8026156011105,openfacts
8026156011112,openfacts
8026156011129,openfacts
8026156011136,openfacts
8026156011143,openfacts
8026156011389,openfacts
8026156011426,openfacts
8026156011440,openfacts
8026156011471,openfacts
8026156011525,openfacts
8026156011532,openfacts
8026156011709,openfacts
8026156012508,openfacts
8026156444446,openfacts
8026160000010,openfacts
8026160000614,openfacts
8026160000706,openfacts
8026160001109,openfacts
8026160001178,openfacts
8026160001260,openfacts
8026160002182,openfacts
8026160002304,openfacts
8026160002441,openfacts
8026160002564,openfacts
8026160002717,openfacts
8026160003813,openfacts
8026160003820,openfacts
8026160003875,openfacts
8026160003905,openfacts
8026160003912,openfacts
8026160004193,openfacts
8026160004568,openfacts
8026160004599,openfacts
8026160004964,openfacts
8026160004971,openfacts
8026160005190,openfacts
8026160005213,openfacts
8026160005268,openfacts
8026160005541,openfacts
8026160006920,openfacts
8026160006951,openfacts
8026160006968,openfacts
8026160007125,openfacts
8026160007132,openfacts
8026160007149,openfacts
8026160007187,openfacts
8026160007453,openfacts
8026160007460,openfacts
8026160007545,openfacts
8026160007552,openfacts
8026160007576,openfacts
8026160007675,openfacts
8026160007699,openfacts
8026160007705,openfacts
8026160007798,openfacts
8026160008146,openfacts
8026160008184,openfacts
8026160008351,openfacts
8026160008511,openfacts
8026160008658,openfacts
8026160008795,openfacts
8026160008962,openfacts
8026160009006,openfacts
8026160009105,openfacts
8026160009136,openfacts
8026160009419,openfacts
8026160009501,openfacts
8026160009655,openfacts
8026160009877,openfacts
8026160010071,openfacts
8026160010088,openfacts
8026160010262,openfacts
8026160010279,openfacts
8026160010354,openfacts
8026160010361,openfacts
8026160011320,openfacts
8026160011351,openfacts
8026160011382,openfacts
8026160011498,openfacts
8026160011504,openfacts
8026160011733,openfacts
8026160011771,openfacts
8026160012068,openfacts
8026160012112,openfacts
8026160012181,openfacts
8026160012228,openfacts
8026160012389,openfacts
8026160012402,openfacts
8026160012860,openfacts
8026160446641,openfacts
8026168000098,openfacts
8026168000142,openfacts
8026174444572,openfacts
8026180000250,openfacts
8026180000472,openfacts
8026180000717,openfacts
8026180001097,openfacts
8026180001189,openfacts
8026180001608,openfacts
8026180001615,openfacts
8026180001622,openfacts
8026180001639,openfacts
8026184000010,openfacts
8026184000041,openfacts
8026188243109,openfacts
8026194021012,openfacts
8026198011224,openfacts
8026198011231,openfacts
8026198012344,openfacts
8026198012351,openfacts
8026198012368,openfacts
8026198012405,openfacts
8026198012504,openfacts
8026198012511,openfacts
8026198012528,openfacts
8026198013105,openfacts
8026198013129,openfacts
8026198013273,openfacts
8026198018001,openfacts
8026198018018,openfacts
8026198033301,openfacts
8026198033417,openfacts
8026198051015,openfacts
8026198051022,openfacts
8026198051039,openfacts
8026198051046,openfacts
8026198051060,openfacts
8026198051152,openfacts
8026198051169,openfacts
8026198051176,openfacts
8026198051206,openfacts
8026198051213,openfacts
8026198051237,openfacts
8026198070122,openfacts
8026198111245,openfacts
8026203000014,openfacts
8026203000052,openfacts
8026203000076,openfacts
8026203000328,openfacts
8026203000373,openfacts
8026203000410,openfacts
8026203000441,openfacts
8026203000458,openfacts
8026203000496,openfacts
8026203000526,openfacts
8026203000557,openfacts
8026203000601,openfacts
8026203002001,openfacts
8026203002032,openfacts
8026203002063,openfacts
8026203002070,openfacts
8026203003046,openfacts
8026203003077,openfacts
8026203005002,openfacts
8026203005101,openfacts
8026203009208,openfacts
8026203009307,openfacts
8026204100041,openfacts
8026204500124,openfacts
8026204750024,openfacts
8026205000739,openfacts
8026205000753,openfacts
8026205009206,openfacts
8026211008019,openfacts
8026211008033,openfacts
8026211008040,openfacts
8026211008071,openfacts
8026212001019,openfacts
8026212001101,openfacts
8026220202507,openfacts
8026220202514,openfacts
8026220202521,openfacts
8026234001813,openfacts
8026234001851,openfacts
8026234061190,openfacts
8026234101834,openfacts
8026237000493,openfacts
8026237191023,openfacts
8026248000000,openfacts
8026251010003,openfacts
8026251012502,openfacts
8026251015008,openfacts
8026251021252,openfacts
8026251032005,openfacts
8026252000195,openfacts
8026252000324,openfacts
8026252000331,openfacts
8026252000607,openfacts
8026252000850,openfacts
8026252001000,openfacts
8026252001055,openfacts
8026252001123,openfacts
8026252001130,openfacts
8026252001222,openfacts
8026252001246,openfacts
8026252001321,openfacts
8026252001390,openfacts
8026252001536,openfacts
8026252001550,openfacts
8026252001758,openfacts
8026252002038,openfacts
8026252002076,openfacts
8026252002540,openfacts
8026252002557,openfacts
8026252002571,openfacts
8026252002700,openfacts
8026252002724,openfacts
8026252002748,openfacts
8026252002991,openfacts
8026252003325,openfacts
8026252003776,openfacts
8026252003875,openfacts
8026252003899,openfacts
8026253001115,openfacts
8026253001122,openfacts
8026253001139,openfacts
8026253001184,openfacts
8026253001207,openfacts
8026253002501,openfacts
8026253004109,openfacts
8026253004116,openfacts
8026266000761,openfacts
8026266101192,openfacts
8026266103486,openfacts
8026266110057,openfacts
8026266111009,openfacts
8026267020027,openfacts
8026267100064,openfacts
8026267100279,openfacts
8026267200306,openfacts
8026272603611,openfacts
8026277000088,openfacts
8026277000118,openfacts
8026277000347,usda
8026277000378,openfacts
8026277000620,openfacts
8026277000996,usda
8026277001948,usda
8026277002334,openfacts
8026277002402,openfacts
8026277002426,openfacts
8026277002716,openfacts
8026277002846,openfacts
8026277002884,openfacts
8026277002921,openfacts
8026277002976,openfacts
8026277002983,openfacts
8026277002990,openfacts
8026277003027,openfacts
8026277003072,openfacts
8026277003089,openfacts
8026277003096,openfacts
8026277003102,openfacts
8026277003126,openfacts
8026277003300,openfacts
8026277003317,openfacts
8026277003393,openfacts
8026277003430,openfacts
8026277003447,openfacts
8026277003478,openfacts
8026277003485,openfacts
8026277003508,openfacts
8026277003652,openfacts
8026277003690,openfacts
8026277003720,openfacts
8026277003850,openfacts
8026277003881,openfacts
8026277003898,openfacts
8026277003904,openfacts
8026277003997,openfacts
8026277004239,openfacts
8026277004529,openfacts
8026277004536,openfacts
8026277004543,openfacts
8026277004574,openfacts
8026277004635,openfacts
8026277004680,openfacts
8026277004772,openfacts
8026277004932,openfacts
8026277004949,openfacts
8026277005465,openfacts
8026277005502,openfacts
8026277005519,openfacts
8026277005526,openfacts
8026277005618,openfacts
8026277005625,openfacts
8026277005717,openfacts
8026277005823,openfacts
8026277006035,openfacts
8026277006042,openfacts
8026277006134,openfacts
8026277006240,openfacts
8026281000012,openfacts
8026281001323,openfacts
8026282000080,openfacts
8026282000462,openfacts
8026282000509,openfacts
8026282000547,openfacts
8026282000639,openfacts
8026282000677,openfacts
8026282000790,openfacts
8026286000079,openfacts
8026286000239,openfacts
8026286000420,openfacts
8026288111520,openfacts
8026288222172,openfacts
8026290000126,openfacts
8026290000140,openfacts
8026290002878,openfacts
8026290002885,openfacts
8026290006630,openfacts
8026290006654,openfacts
8026290007408,openfacts
8026290007415,openfacts
8026290021633,openfacts
8026290021640,openfacts
8026290022760,openfacts
8026302011966,openfacts
8026302012048,openfacts
8026302012307,openfacts
8026302013014,openfacts
8026302013069,openfacts
8026302013427,openfacts
8026302013441,openfacts
8026302013465,openfacts
8026302013489,openfacts
8026302013502,openfacts
8026302015186,openfacts
8026302015575,openfacts
8026302015773,openfacts
8026302015834,openfacts
8026302015896,openfacts
8026302016046,openfacts
8026302016220,openfacts
8026302017043,openfacts
8026302017265,openfacts
8026302017852,openfacts
8026302017982,openfacts
8026302018002,openfacts
8026302018026,openfacts
8026302018040,openfacts
8026302018064,openfacts
8026302018088,openfacts
8026302018224,openfacts
8026302018248,openfacts
8026302018446,openfacts
8026302018545,openfacts
8026302018583,openfacts
8026302018620,openfacts
8026302018705,openfacts
8026302018958,openfacts
8026302018965,openfacts
8026302019009,openfacts
8026302019023,openfacts
8026302019115,openfacts
8026302019207,openfacts
8026302019306,openfacts
8026302019429,openfacts
8026302019443,openfacts
8026302019467,openfacts
8026302019672,openfacts
8026302019696,openfacts
8026302020180,openfacts
8026302020586,openfacts
8026302020609,openfacts
8026302020623,openfacts
8026302020944,openfacts
8026302021101,openfacts
8026302021934,openfacts
8026310000181,openfacts
8026329003067,openfacts
8026329061821,openfacts
8026329081249,openfacts
8026329101800,openfacts
8026329130220,openfacts
8026329171223,openfacts
8026329210625,openfacts
8026329220228,openfacts
8026329301811,openfacts
8026329330118,openfacts
8026329333225,openfacts
8026329440107,openfacts
8026329550011,openfacts
8026329550028,openfacts
8026329550035,openfacts
8026329550042,openfacts
8026329550059,openfacts
8026329550103,openfacts
8026329550158,openfacts
8026329553326,openfacts
8026329553333,openfacts
8026329553340,openfacts
8026329553357,openfacts
8026329553395,openfacts
8026329553418,openfacts
8026329553425,openfacts
8026329553432,openfacts
8026329553661,openfacts
8026329553678,openfacts
8026329553692,openfacts
8026329560171,openfacts
8026329585907,openfacts
8026329610029,openfacts
8026329610081,openfacts
8026329666019,openfacts
8026329666088,openfacts
8026329700010,openfacts
8026329700027,openfacts
8026329710033,openfacts
8026329773311,openfacts
8026329880019,openfacts
8026329990138,openfacts
8026332000121,openfacts
8026332000701,openfacts
8026332000756,openfacts
8026332000978,openfacts
8026332000992,openfacts
8026332001906,openfacts
8026332002255,openfacts
8026333010020,openfacts
8026333020029,openfacts
8026333090077,openfacts
8026333132128,openfacts
8026333142127,openfacts
8026336562519,openfacts
8026341770633,openfacts
8026341778547,openfacts
8026365311546,openfacts
8026365311553,openfacts
8026365311560,openfacts
8026365311577,openfacts
8026365613244,openfacts
8026365613251,openfacts
8026365613411,openfacts
8026365613473,openfacts
8026365613503,openfacts
8026365613657,openfacts
8026365712640,openfacts
8026365713661,openfacts
8026365713678,openfacts
8026365714231,openfacts
8026365715368,openfacts
8026365715399,openfacts
8026365715818,openfacts
8026365716112,openfacts
8026365716136,openfacts
8026365719106,openfacts
8026365721000,openfacts
8026365721147,openfacts
8026365721154,openfacts
8026365721697,openfacts
8026365722922,openfacts
8026365722939,openfacts
8026365723684,openfacts
8026365724018,openfacts
8026365724032,openfacts
8026365724056,openfacts
8026365724070,openfacts
8026365724117,openfacts
8026365724575,openfacts
8026365725695,openfacts
8026365725732,openfacts
8026365726180,openfacts
8026365726555,openfacts
8026365727798,openfacts
8026365727866,openfacts
8026365728610,openfacts
8026375000386,openfacts
8026375001116,openfacts
8026379000030,openfacts
8026379000085,openfacts
8026379000092,openfacts
8026379000238,openfacts
8026379000252,openfacts
8026379000283,openfacts
8026379000306,openfacts
8026379000337,openfacts
8026379000528,openfacts
8026379000559,openfacts
8026379000573,openfacts
8026379000665,openfacts
8026379000689,openfacts
8026379001181,openfacts
8026379001303,openfacts
8026379001358,openfacts
8026379001778,openfacts
8026379001976,openfacts
8026379001990,openfacts
8026379002003,openfacts
8026379002041,openfacts
8026379002072,openfacts
8026379002201,openfacts
8026379002911,openfacts
8026379003024,openfacts
8026379003147,openfacts
8026379004182,openfacts
8026379004205,openfacts
8026379004212,openfacts
8026379004267,openfacts
8026379004342,openfacts
8026379004359,openfacts
8026379004366,openfacts
8026379005509,openfacts
8026379005660,openfacts
8026379005882,openfacts
8026379005950,openfacts
8026379006858,openfacts
8026379007350,openfacts
8026379400434,openfacts
8026379600223,openfacts
8026379600230,openfacts
8026379600322,openfacts
8026379600391,openfacts
8026379600421,openfacts
8026379600438,openfacts
8026379600469,openfacts
8026379600889,openfacts
8026379600957,openfacts
8026379600971,openfacts
8026379601190,openfacts
8026380037179,openfacts
8026380049004,openfacts
8026380055005,openfacts
8026380111145,openfacts
8026380200009,openfacts
8026380201006,openfacts
8026380300013,openfacts
8026380300044,openfacts
8026380300051,openfacts
8026380300068,openfacts
8026380300082,openfacts
8026380300099,openfacts
8026380300112,openfacts
8026380300136,openfacts
8026380706082,openfacts
8026380706167,openfacts
8026380706181,openfacts
8026380707201,openfacts
8026380707232,openfacts
8026380708000,openfacts
8026380708093,openfacts
8026380708109,openfacts
8026380708123,openfacts
8026380708130,openfacts
8026380708161,openfacts
8026380801008,openfacts
8026380801015,openfacts
8026380801039,openfacts
8026380802203,openfacts
8026380802234,openfacts
8026380802388,openfacts
8026380802562,openfacts
8026380803002,openfacts
8026380804016,openfacts
8026380805174,openfacts
8026387000411,openfacts
8026387000657,openfacts
8026387000688,openfacts
8026387000701,openfacts
8026387001432,openfacts
8026387001449,openfacts
8026387002002,openfacts
8026387091440,openfacts
8026387492001,openfacts
8026389000051,openfacts
8026389001003,openfacts
8026396000877,openfacts
8026396001119,openfacts
8026396001164,openfacts
8026396001225,openfacts
8026396001256,openfacts
8026396001331,openfacts
8026396001355,openfacts
8026396001447,openfacts
8026396001454,openfacts
8026396001478,openfacts
8026396001492,openfacts
8026396002246,openfacts
8026396002321,openfacts
8026396002451,openfacts
8026396002949,openfacts
8026396010135,openfacts
8026396010296,openfacts
8026396010364,openfacts
8026396010463,openfacts
8026396010616,openfacts
8026396010739,openfacts
8026396010968,openfacts
8026396011019,openfacts
8026396011385,openfacts
8026396011729,openfacts
8026396011859,openfacts
8026396012634,openfacts
8026396014119,openfacts
8026396014522,openfacts
8026396015130,openfacts
8026396015161,openfacts
8026396015185,openfacts
8026396015703,openfacts
8026396015956,openfacts
8026396015970,openfacts
8026396016021,openfacts
8026396016038,openfacts
8026396016052,openfacts
8026396016144,openfacts
8026396016212,openfacts
8026396016250,openfacts
8026396016281,openfacts
8026396016366,openfacts
8026396016380,openfacts
8026396016588,openfacts
8026396016663,openfacts
8026396016717,openfacts
8026396016847,openfacts
8026396016878,openfacts
8026396017295,openfacts
8026396017301,openfacts
8026396017325,openfacts
8026396017363,openfacts
8026396017387,openfacts
8026396017486,openfacts
8026396017950,openfacts
8026396784371,openfacts
8026396824237,openfacts
8026396914266,openfacts
8026398001513,openfacts
8026398001919,openfacts
8026398004217,openfacts
8026398004613,openfacts
8026398005511,openfacts
8026398005535,openfacts
8026398006211,openfacts
8026398007140,openfacts
8026403002818,openfacts
8026408000048,openfacts
8026415111171,openfacts
8026415111195,openfacts
8026415111744,openfacts
8026415111751,openfacts
8026415213080,openfacts
8026415444545,openfacts
8026415666633,openfacts
8026415730716,openfacts
8026415909082,openfacts
8026424000350,openfacts
8026424000374,openfacts
8026424000398,openfacts
8026424000404,openfacts
8026424000435,openfacts
8026424000442,openfacts
8026424000558,openfacts
8026424100272,openfacts
8026424100470,openfacts
8026424100494,openfacts
8026424100500,openfacts
8026424100517,openfacts
8026424100531,openfacts
8026424111124,openfacts
8026424111131,openfacts
8026424111148,openfacts
8026424111155,openfacts
8026424111162,openfacts
8026424111193,openfacts
8026424300009,openfacts
8026424300023,openfacts
8026424300047,openfacts
8026424300061,openfacts
8026424300078,openfacts
8026424300085,openfacts
8026424300092,openfacts
8026424300108,openfacts
8026424500034,openfacts
8026424500126,openfacts
8026434400010,openfacts
8026434400072,openfacts
8026434400096,openfacts
8026434400133,openfacts
8026434400935,openfacts
8026434401789,openfacts
8026434402243,openfacts
8026434402847,openfacts
8026434402854,openfacts
8026434402878,openfacts
8026434402915,openfacts
8026434402960,openfacts
8026434402977,openfacts
8026434403110,openfacts
8026434403127,openfacts
8026434403523,openfacts
8026434403561,openfacts
8026434403899,openfacts
8026434405220,openfacts
8026434405237,openfacts
8026434405299,openfacts
8026434405329,openfacts
8026434405459,openfacts
8026434405534,openfacts
8026434405602,openfacts
8026434406005,openfacts
8026434406081,openfacts
8026434406098,openfacts
8026434406104,openfacts
8026434406173,openfacts
8026434406180,openfacts
8026435010089,openfacts
8026435010188,openfacts
8026435010263,openfacts
8026435050016,openfacts
8026435090012,openfacts
8026451000002,openfacts
8026451000088,openfacts
8026451000118,openfacts
8026451000132,openfacts
8026451000248,openfacts
8026451000309,openfacts
8026451000316,openfacts
8026451000330,openfacts
8026451000453,openfacts
8026451000569,openfacts
8026456421512,openfacts
8026458012015,openfacts
8026458012022,openfacts
8026458012046,openfacts
8026458012060,openfacts
8026482332059,openfacts
8026482332097,openfacts
8026485000801,openfacts
8026485000900,openfacts
8026485001709,openfacts
8026486008707,openfacts
8026486009285,openfacts
8026486009322,openfacts
8026486012094,openfacts
8026486017105,openfacts
8026486018294,openfacts
8026489100019,openfacts
8026489100927,openfacts
8026489100958,openfacts
8026495662297,openfacts
8026512111197,openfacts
8026512140401,openfacts
8026512161451,openfacts
8026512161512,openfacts
8026512162427,openfacts
8026512183330,openfacts
8026512200006,openfacts
8026512240507,openfacts
8026512300003,openfacts
8026512330000,openfacts
8026512412300,openfacts
8026512420015,openfacts
8026512500014,openfacts
8026512840301,openfacts
8026512840424,openfacts
8026512900043,openfacts
8026512900135,openfacts
8026517000076,openfacts
8026517000113,openfacts
8026517000298,openfacts
8026517000304,openfacts
8026517000328,openfacts
8026517000557,openfacts
8026517000601,openfacts
8026517007020,openfacts
8026517008003,openfacts
8026517008010,openfacts
8026517008027,openfacts
8026517008102,openfacts
8026517008331,openfacts
8026517008348,openfacts
8026517008379,openfacts
8026517008409,openfacts
8026517009239,openfacts
8026517009253,openfacts
8026517009819,openfacts
8026517010266,openfacts
8026519000142,openfacts
8026523000077,openfacts
8026523000190,openfacts
8026523000282,openfacts
8026523000299,openfacts
8026523000435,openfacts
8026523140124,openfacts
8026523140247,openfacts
8026523184067,openfacts
8026530000015,openfacts
8026530000039,openfacts
8026530000091,openfacts
8026530000176,openfacts
8026530000336,openfacts
8026530000480,openfacts
8026530000602,openfacts
8026530001371,openfacts
8026530002002,openfacts
8026530702117,openfacts
8026545000185,openfacts
8026545000369,openfacts
8026545000376,openfacts
8026545000543,openfacts
8026545000611,openfacts
8026545001014,openfacts
8026545001144,openfacts
8026548120002,openfacts
8026548120132,openfacts
8026559001178,openfacts
8026562000106,openfacts
8026562000120,openfacts
8026562000151,openfacts
8026562110515,openfacts
8026562444689,openfacts
8026562999974,openfacts
8026563000013,openfacts
8026563000136,openfacts
8026563100102,openfacts
8026563100126,openfacts
8026563100232,openfacts
8026563500018,openfacts
8026563600015,openfacts
8026563700081,openfacts
8026563701293,openfacts
8026563705000,openfacts
8026563705017,openfacts
8026563709084,openfacts
8026563709251,openfacts
8026563709305,openfacts
8026563710004,openfacts
8026564000012,openfacts
8026564000029,openfacts
8026565001544,openfacts
8026567540102,openfacts
8026574000842,openfacts
8026574000989,openfacts
8026574004253,openfacts
8026580000010,openfacts
8026580000126,openfacts
8026583000819,openfacts
8026583000833,openfacts
8026583000840,openfacts
8026583000949,openfacts
8026584000320,openfacts
8026584000993,openfacts
8026585000541,openfacts
8026585000558,openfacts
8026585200170,openfacts
8026585200330,openfacts
8026585200569,openfacts
8026585800172,openfacts
8026585800219,openfacts
8026590000017,openfacts
8026590000024,openfacts
8026590000031,openfacts
8026590000048,openfacts
8026590000055,openfacts
8026590000086,openfacts
8026590000109,openfacts
8026590000154,openfacts
8026590000161,openfacts
8026590000215,openfacts
8026590000222,openfacts
8026590000253,openfacts
8026590000277,openfacts
8026590000314,openfacts
8026590000567,openfacts
8026590000703,openfacts
8026590001014,openfacts
8026590001076,openfacts
8026590001083,openfacts
8026590001090,openfacts
8026590001151,openfacts
8026590002035,openfacts
8026609001509,openfacts
8026609002506,openfacts
8026609008010,openfacts
8026624626503,openfacts
8026625052011,openfacts
8026631000068,openfacts
8026633000349,openfacts
8026633001520,openfacts
8026633002541,openfacts
8026633003005,openfacts
8026633003111,openfacts
8026633003388,openfacts
8026633003531,openfacts
8026633004156,openfacts
8026633005016,openfacts
8026633005023,openfacts
8026633005047,openfacts
8026633005054,openfacts
8026633005078,openfacts
8026633005696,openfacts
8026633007119,openfacts
8026633007218,openfacts
8026633030216,openfacts
8026633073008,openfacts
8026633073336,openfacts
8026633073350,openfacts
8026633073558,openfacts
8026633073626,openfacts
8026633077099,openfacts
8026633090111,openfacts
8026650000032,openfacts
8026650000049,openfacts
8026650000124,openfacts
8026650000131,openfacts
8026650000193,openfacts
8026650000247,openfacts
8026666000217,openfacts
8026666000286,openfacts
8026667040854,openfacts
8026674000414,openfacts
8026674000513,openfacts
8026674001114,openfacts
8026678000342,openfacts
8026678001523,openfacts
8026678001561,openfacts
8026678001646,openfacts
8026678001653,openfacts
8026678001844,openfacts
8026678001875,openfacts
8026678001967,openfacts
8026678001974,openfacts
8026678001998,openfacts
8026682990011,openfacts
8026700001019,openfacts
8026700001088,openfacts
8026700001101,openfacts
8026700001132,openfacts
8026700001149,openfacts
8026700001156,openfacts
8026700001170,openfacts
8026700001187,openfacts
8026700001330,openfacts
8026700001361,openfacts
8026700001378,openfacts
8026700001385,openfacts
8026700001620,openfacts
8026700001668,openfacts
8026700001873,openfacts
8026700002085,openfacts
8026700002429,openfacts
8026700002740,openfacts
8026700002887,openfacts
8026700003037,openfacts
8026700003211,openfacts
8026700006649,openfacts
8026700008179,openfacts
8026700008209,openfacts
8026700008773,openfacts
8026700009039,openfacts
8026700009336,openfacts
8026702000058,openfacts
8026702000799,openfacts
8026702001352,openfacts
8026705101103,openfacts
8026705301206,openfacts
8026707000176,openfacts
8026713001105,openfacts
8026713007527,openfacts
8026713007602,openfacts
8026720112122,openfacts
8026736010108,openfacts
8026736010122,openfacts
8026736011501,openfacts
8026736012003,openfacts
8026736012126,openfacts
8026736012133,openfacts
8026736012508,openfacts
8026736211154,openfacts
8026736211161,openfacts
8026736288811,openfacts
8026736299985,openfacts
8026736299992,openfacts
8026737007541,openfacts
8026739000113,openfacts
8026739000984,openfacts
8026739001127,openfacts
8026739001158,openfacts
8026739001172,openfacts
8026739011508,openfacts
8026744002010,openfacts
8026744012002,openfacts
8026744021523,openfacts
8026744021530,openfacts
8026744030082,openfacts
8026744030617,openfacts
8026755003013,openfacts
8026755005017,openfacts
8026755046010,openfacts
8026755046027,openfacts
8026755046034,openfacts
8026760999998,openfacts
8026766007505,openfacts
8026775000542,openfacts
8026780010017,openfacts
8026780010086,openfacts
8026780180017,openfacts
8026780500020,openfacts
8026780600041,openfacts
8026780600096,openfacts
8026780600102,openfacts
8026780600515,openfacts
8026780650053,openfacts
8026780800106,openfacts
8026782080872,openfacts
8026782301274,openfacts
8026782325461,openfacts
8026788001284,openfacts
8026788001352,openfacts
8026788001437,openfacts
8026788001611,openfacts
8026788001765,openfacts
8026788006067,openfacts
8026788007040,openfacts
8026788007187,openfacts
8026790040011,openfacts
8026792725039,openfacts
8026805000320,openfacts
8026805000337,openfacts
8026805000351,openfacts
8026805080254,openfacts
8026805160383,openfacts
8026805181005,openfacts
8026805190250,openfacts
8026810013728,openfacts
8026822211174,openfacts
8026832312359,openfacts
8026832332012,openfacts
8026832343216,openfacts
8026832344237,openfacts
8026832344251,openfacts
8026832344282,openfacts
8026837000084,openfacts
8026840057129,openfacts
8026840057136,openfacts
8026840057549,openfacts
8026841100732,openfacts
8026841100855,openfacts
8026841101043,openfacts
8026841101128,openfacts
8026841104112,openfacts
8026841106857,openfacts
8026841117273,openfacts
8026841120211,openfacts
8026841122352,openfacts
8026841122444,openfacts
8026841126053,openfacts
8026841126077,openfacts
8026841129863,openfacts
8026841130296,openfacts
8026841131125,openfacts
8026841132245,openfacts
8026841154155,openfacts
8026841158429,openfacts
8026841166660,openfacts
8026841172487,openfacts
8026841177703,openfacts
8026841199668,openfacts
8026850000030,openfacts
8026850001037,openfacts
8026855030247,openfacts
8026855304157,openfacts
8026855304188,openfacts
8026856000201,openfacts
8026861000203,openfacts
8026861012008,openfacts
8026861026463,openfacts
8026861027033,openfacts
8026861027217,openfacts
8026861029099,openfacts
8026861029112,openfacts
8026861029860,openfacts
8026861032044,openfacts
8026861032426,openfacts
8026861032792,openfacts
8026861032969,openfacts
8026861038435,openfacts
8026861038565,openfacts
8026861038602,openfacts
8026861038954,openfacts
8026861039081,openfacts
8026861039128,openfacts
8026861039142,openfacts
8026861039166,openfacts
8026861039180,openfacts
8026861039203,openfacts
8026861040070,openfacts
8026861042203,openfacts
8026861042579,openfacts
8026861044047,openfacts
8026861044061,openfacts
8026861044085,openfacts
8026861044108,openfacts
8026861044122,openfacts
8026861044146,openfacts
8026861044160,openfacts
8026861044184,openfacts
8026861044207,openfacts
8026861044252,openfacts
8026861044351,openfacts
8026861044436,openfacts
8026861044450,openfacts
8026861044757,openfacts
8026861044771,openfacts
8026861044795,openfacts
8026861044863,openfacts
8026861044900,openfacts
8026861045761,openfacts
8026861046072,openfacts
8026861046324,openfacts
8026861046331,openfacts
8026861046348,openfacts
8026861046577,openfacts
8026861046621,openfacts
8026861046720,openfacts
8026861046737,openfacts
8026861046744,openfacts
8026861046751,openfacts
8026861046768,openfacts
8026861046775,openfacts
8026861046782,openfacts
8026861046799,openfacts
8026861046812,openfacts
8026861046997,openfacts
8026861047208,openfacts
8026861047307,openfacts
8026861047383,openfacts
8026861047406,openfacts
8026861047420,openfacts
8026861047444,openfacts
8026861047482,openfacts
8026861047505,openfacts
8026861047796,openfacts
8026861048076,openfacts
8026861048670,openfacts
8026861048847,openfacts
8026861048861,openfacts
8026861048908,openfacts
8026861048946,openfacts
8026861048984,openfacts
8026861049004,openfacts
8026861049134,openfacts
8026861049172,openfacts
8026861049752,openfacts
8026861050543,openfacts
8026861050567,openfacts
8026861050758,openfacts
8026861050819,openfacts
8026861051878,openfacts
8026861051953,openfacts
8026861052059,openfacts
8026861052165,openfacts
8026861052189,openfacts
8026861052202,openfacts
8026861052301,openfacts
8026861052349,openfacts
8026861052400,openfacts
8026861052424,openfacts
8026861052462,openfacts
8026861052592,openfacts
8026861053377,openfacts
8026861053391,openfacts
8026861054022,openfacts
8026861054046,openfacts
8026861072576,openfacts
8026862772147,openfacts
8026862773151,openfacts
8026862773175,openfacts
8026862773519,openfacts
8026862773557,openfacts
8026862774042,openfacts
8026862774073,openfacts
8026862774349,openfacts
8026862775032,openfacts
8026862777715,openfacts
8026871105684,openfacts
8026874000177,openfacts
8026876003527,openfacts
8026876010006,openfacts
8026883423011,openfacts
8026885002450,openfacts
8026886000066,openfacts
8026886000332,openfacts
8026886001315,openfacts
8026886002046,openfacts
8026886002541,openfacts
8026886002787,openfacts
8026886002862,openfacts
8026886005214,openfacts
8026886009038,openfacts
8026886009045,openfacts
8026886010034,openfacts
8026886015077,openfacts
8026886015114,openfacts
8026886015343,openfacts
8026886015930,openfacts
8026888000156,openfacts
8026888000194,openfacts
8026888001122,openfacts
8026888001153,openfacts
8026888002112,openfacts
8026888002129,openfacts
8026888100115,openfacts
8026888100122,openfacts
8026888100139,openfacts
8026888113344,openfacts
8026888556677,openfacts
8026888991119,openfacts
8026888991126,openfacts
8026888991133,openfacts
8026888991140,openfacts
8026889291621,openfacts
8026889291638,openfacts
8026901000064,openfacts
8026901000200,openfacts
8026901000606,openfacts
8026901000804,openfacts
8026904601114,openfacts
8026904701012,openfacts
8026907000389,openfacts
8026912801827,openfacts
8026912983165,openfacts
8026921000013,openfacts
8026921000020,openfacts
8026921000037,openfacts
8026921000051,openfacts
8026921000068,openfacts
8026921000075,openfacts
8026921000105,openfacts
8026921010050,openfacts
8026924001536,openfacts
8026924002168,openfacts
8026924002182,openfacts
8026924002267,openfacts
8026924003134,openfacts
8026924003325,openfacts
8026924003899,openfacts
8026924003929,openfacts
8026924003943,openfacts
8026924003974,openfacts
8026924004001,openfacts
8026924004056,openfacts
8026924004063,openfacts
8026924004100,openfacts
8026924005626,openfacts
8026924006326,openfacts
8026924010088,openfacts
8026924010194,openfacts
8026924010279,openfacts
8026924010910,openfacts
8026924011559,openfacts
8026924011832,openfacts
8026924011979,openfacts
8026924012334,openfacts
8026924012495,openfacts
8026924012501,openfacts
8026924014901,openfacts
8026924015489,openfacts
8026924015731,openfacts
8026924015748,openfacts
8026924015762,openfacts
8026924015786,openfacts
8026924015809,openfacts
8026924015908,openfacts
8026924018176,openfacts
8026924018190,openfacts
8026924018206,openfacts
8026924018459,openfacts
8026924018992,openfacts
8026924019340,openfacts
8026924019364,openfacts
8026924019388,openfacts
8026924019432,openfacts
8026924023781,openfacts
8026924023804,openfacts
8026924023941,openfacts
8026924024160,openfacts
8026924024320,openfacts
8026924026317,openfacts
8026924026812,openfacts
8026924027390,openfacts
8026924027420,openfacts
8026924027451,openfacts
8026924028410,openfacts
8026924028595,openfacts
8026924029387,openfacts
8026924029394,openfacts
8026924029400,openfacts
8026924029639,openfacts
8026924029714,openfacts
8026924030000,openfacts
8026924030284,openfacts
8026924030833,openfacts
8026924030925,openfacts
8026924031304,openfacts
8026924031380,openfacts
8026924031410,openfacts
8026924031557,openfacts
8026924032059,openfacts
8026924032684,openfacts
8026924033025,openfacts
8026924033582,openfacts
8026924033599,openfacts
8026924033650,openfacts
8026924033667,openfacts
8026924034046,openfacts
8026924034176,openfacts
8026924034336,openfacts
8026924034374,openfacts
8026924034428,openfacts
8026924034435,openfacts
8026924034442,openfacts
8026924034466,openfacts
8026924034664,openfacts
8026924034862,openfacts
8026924034985,openfacts
8026924035067,openfacts
8026924035883,openfacts
8026924035890,openfacts
8026924035913,openfacts
8026924036101,openfacts
8026924036286,openfacts
8026924036507,openfacts
8026924037207,openfacts
8026924037269,openfacts
8026924037382,openfacts
8026924037481,openfacts
8026924039324,openfacts
8026924039799,openfacts
8026924040610,openfacts
8026924041716,openfacts
8026924041730,openfacts
8026924042386,openfacts
8026924042911,openfacts
8026924044120,openfacts
8026924044144,openfacts
8026924044205,openfacts
8026924044304,openfacts
8026924044335,openfacts
8026924045479,openfacts
8026924045967,openfacts
8026924045998,openfacts
8026924046001,openfacts
8026924046438,openfacts
8026924046575,openfacts
8026924046803,openfacts
8026924047138,openfacts
8026924047213,openfacts
8026924047251,openfacts
8026924047657,openfacts
8026924047671,openfacts
8026924048272,openfacts
8026924048760,openfacts
8026924048937,openfacts
8026924049446,openfacts
8026924049477,openfacts
8026924049484,openfacts
8026924049699,openfacts
8026924049705,openfacts
8026924049712,openfacts
8026924050077,openfacts
8026924050091,openfacts
8026924050312,openfacts
8026924050664,openfacts
8026924050800,openfacts
8026924050817,openfacts
8026924051104,openfacts
8026924051241,openfacts
8026924051265,openfacts
8026924052378,openfacts
8026924052392,openfacts
8026924052415,openfacts
8026924052569,openfacts
8026924053313,openfacts
8026924053344,openfacts
8026924053351,openfacts
8026924053573,openfacts
8026924053702,openfacts
8026924053740,openfacts
8026924053788,openfacts
8026924053801,openfacts
8026924054136,openfacts
8026924054242,openfacts
8026924054259,openfacts
8026924054327,openfacts
8026924054334,openfacts
8026924054358,openfacts
8026924054433,openfacts
8026924054440,openfacts
8026924054457,openfacts
8026924054464,openfacts
8026924054723,openfacts
8026924054969,openfacts
8026924054976,openfacts
8026924055065,openfacts
8026924055089,openfacts
8026924055119,openfacts
8026924055584,openfacts
8026924055607,openfacts
8026924055669,openfacts
8026924055850,openfacts
8026924055867,openfacts
8026924056437,openfacts
8026924056444,openfacts
8026924056475,openfacts
8026924056796,openfacts
8026924056840,openfacts
8026924057014,openfacts
8026924057076,openfacts
8026924057090,openfacts
8026924057182,openfacts
8026924057465,openfacts
8026924057472,openfacts
8026924057991,openfacts
8026924058646,openfacts
8026924058745,openfacts
8026924058769,openfacts
8026924059063,openfacts
8026924059100,openfacts
8026924059605,openfacts
8026924059759,openfacts
8026924059841,openfacts
8026924059858,openfacts
8026924059865,openfacts
8026924059957,openfacts
8026924059971,openfacts
8026924060052,openfacts
8026924060113,openfacts
8026924060182,openfacts
8026924060571,openfacts
8026924060786,openfacts
8026924061400,openfacts
8026924061578,openfacts
8026924061585,openfacts
8026924061608,openfacts
8026924061691,openfacts
8026924061776,openfacts
8026924061912,openfacts
8026924061936,openfacts
8026924062070,openfacts
8026924062797,openfacts
8026924062841,openfacts
8026924063039,openfacts
8026924063381,openfacts
8026924064074,openfacts
8026924064111,openfacts
8026924064722,openfacts
8026924064883,openfacts
8026924064968,openfacts
8026924064975,openfacts
8026924064982,openfacts
8026924064999,openfacts
8026924065019,openfacts
8026924065033,openfacts
8026924065057,openfacts
8026924065125,openfacts
8026924065354,openfacts
8026924065392,openfacts
8026924065491,openfacts
8026924065507,openfacts
8026924065569,openfacts
8026924065743,openfacts
8026924065750,openfacts
8026924065767,openfacts
8026924065774,openfacts
8026924065804,openfacts
8026924065811,openfacts
8026924065842,openfacts
8026924065859,openfacts
8026924065866,openfacts
8026924065873,openfacts
8026924066115,openfacts
8026924066160,openfacts
8026924066177,openfacts
8026924066191,openfacts
8026924066399,openfacts
8026924066467,openfacts
8026924066542,openfacts
8026924066580,openfacts
8026924066603,openfacts
8026924066689,openfacts
8026924066849,openfacts
8026924067297,openfacts
8026924067419,openfacts
8026924067426,openfacts
8026924067433,openfacts
8026924067440,openfacts
8026924067457,openfacts
8026924067464,openfacts
8026924067631,openfacts
8026924067648,openfacts
8026924067655,openfacts
8026924068171,openfacts
8026924068201,openfacts
8026924068218,openfacts
8026924068287,openfacts
8026924068294,openfacts
8026924068300,openfacts
8026924068317,openfacts
8026924068324,openfacts
8026924068331,openfacts
8026924068355,openfacts
8026924068751,openfacts
8026924068768,openfacts
8026924068843,openfacts
8026924068850,openfacts
8026924068867,openfacts
8026924068959,openfacts
8026924068966,openfacts
8026924069192,openfacts
8026924069208,openfacts
8026924069215,openfacts
8026924069222,openfacts
8026924069239,openfacts
8026924069246,openfacts
8026924069499,openfacts
8026924069512,openfacts
8026924069581,openfacts
8026924069604,openfacts
8026924069840,openfacts
8026924069857,openfacts
8026924069871,openfacts
8026924069949,openfacts
8026924069956,openfacts
8026924069963,openfacts
8026924069987,openfacts
8026924070037,openfacts
8026924070518,openfacts
8026924070570,openfacts
8026924070679,openfacts
8026924071218,openfacts
8026924071232,openfacts
8026924071324,openfacts
8026924071331,openfacts
8026924071355,openfacts
8026924071362,openfacts
8026924071386,openfacts
8026924071393,openfacts
8026924071416,openfacts
8026924071423,openfacts
8026924071430,openfacts
8026924071454,openfacts
8026924071461,openfacts
8026924071478,openfacts
8026924071485,openfacts
8026924071522,openfacts
8026924071577,openfacts
8026924071652,openfacts
8026924071874,openfacts
8026924071911,openfacts
8026924071966,openfacts
8026924071973,openfacts
8026924072055,openfacts
8026924072062,openfacts
8026924072086,openfacts
8026924072154,openfacts
8026924073533,openfacts
8026924074714,openfacts
8026924074943,openfacts
8026924075087,openfacts
8026924075148,openfacts
8026924075407,openfacts
8026924075544,openfacts
8026924075551,openfacts
8026924075612,openfacts
8026924075629,openfacts
8026924075636,openfacts
8026924075643,openfacts
8026924075698,openfacts
8026924075834,openfacts
8026924075995,openfacts
8026924076053,openfacts
8026924076077,openfacts
8026924076138,openfacts
8026924076237,openfacts
8026924076336,openfacts
8026924076343,openfacts
8026924076596,openfacts
8026924076787,openfacts
8026924076855,openfacts
8026924683763,openfacts
8026929001203,openfacts
8026929001272,openfacts
8026929001814,openfacts
8026929002415,openfacts
8026929100036,openfacts
8026930157623,openfacts
8026933000612,openfacts
8026933001107,openfacts
8026933001114,openfacts
8026933005082,openfacts
8026933005167,openfacts
8026933005174,openfacts
8026956006035,openfacts
8026960000074,openfacts
8026963005205,openfacts
8026965603263,openfacts
8026965603492,openfacts
8026972000109,openfacts
8026972000116,openfacts
8026972000123,openfacts
8026972000147,openfacts
8026972000154,openfacts
8026972001021,openfacts
8026972001038,openfacts
8026972001045,openfacts
8026972001090,openfacts
8026972002011,openfacts
8026972002059,openfacts
8026972002066,openfacts
8026972002073,openfacts
8026972002516,openfacts
8026972002523,openfacts
8026972002707,openfacts
8026972002721,openfacts
8026972002806,openfacts
8026972002813,openfacts
8026972002820,openfacts
8026972002905,openfacts
8026972002912,openfacts
8026972002929,openfacts
8026972003001,openfacts
8026972003216,openfacts
8026972004039,openfacts
8026972005012,openfacts
8026972005029,openfacts
8026972005036,openfacts
8026972005050,openfacts
8026972005159,openfacts
8026972005258,openfacts
8026972005357,openfacts
8026972006040,openfacts
8026972006057,openfacts
8026972006064,openfacts
8026972006071,openfacts
8026972006101,openfacts
8026972006118,openfacts
8026972007139,openfacts
8026972007146,openfacts
8026972007153,openfacts
8026972007207,openfacts
8026972008006,openfacts
8026982000571,openfacts
8026982001769,openfacts
8026982001967,openfacts
8026982002841,openfacts
8026982003107,openfacts
8026982003589,openfacts
8026982003732,openfacts
8026985000790,openfacts
8026985000813,openfacts
8026985000820,openfacts
8026985000950,openfacts
8026985001438,openfacts
8026985001797,openfacts
8026985001858,openfacts
8026985001865,openfacts
8026985001872,openfacts
8026985001889,openfacts
8026985002022,openfacts
8026985002268,openfacts
8026985002404,openfacts
8026985002411,openfacts
8026985002602,openfacts
8026985002619,openfacts
8026985002626,openfacts
8026985002633,openfacts
8026985002640,openfacts
8026985002688,openfacts
8026985009922,openfacts
8026985021184,openfacts
8026985032012,openfacts
8026985032029,openfacts
8026985032043,openfacts
8026985032067,openfacts
8026985032074,openfacts
8026985032081,openfacts
8026985032098,openfacts
8026985032104,openfacts
8026985201067,openfacts
8026985201074,openfacts
8026985201098,openfacts
8026985444655,openfacts
8026985900984,openfacts
8026985900991,openfacts
8026985909925,openfacts
8026985998851,openfacts
8026985998868,openfacts
8026985999087,openfacts
8026985999209,openfacts
8026985999254,openfacts
8026985999322,openfacts
8026985999506,openfacts
8026985999537,openfacts
8026985999544,openfacts
8026991011025,openfacts
8026991013081,openfacts
8026991013098,openfacts
8026991014071,openfacts
8026991021024,openfacts
8026991023080,openfacts
8027015000100,openfacts
8027015026070,openfacts
8027015102019,openfacts
8027015410091,openfacts
8027015410152,openfacts
8027015860070,openfacts
8027017000016,openfacts
8027017000023,openfacts
8027017000030,openfacts
8027017000054,openfacts
8027017000078,openfacts
8027017000535,openfacts
8027017000610,openfacts
8027017000672,openfacts
8027017000993,openfacts
8027017001020,openfacts
8027017030006,openfacts
8027017222210,openfacts
8027017222227,openfacts
8027023202008,openfacts
8027023202312,openfacts
8027023202411,openfacts
8027023203005,openfacts
8027023204002,openfacts
8027023300353,openfacts
8027023400206,openfacts
8027023884532,openfacts
8027023888806,openfacts
8027023888905,openfacts
8027024000030,openfacts
8027024005295,openfacts
8027036025328,openfacts
8027036025489,openfacts
8027036026011,openfacts
8027036026028,openfacts
8027036100155,openfacts
8027036100162,openfacts
8027036100193,openfacts
8027036100216,openfacts
8027036100223,openfacts
8027036100254,openfacts
8027036200015,openfacts
8027036200060,openfacts
8027036300005,openfacts
8027036300012,openfacts
8027036300104,openfacts
8027036300111,openfacts
8027036300173,openfacts
8027046001152,openfacts
8027046001169,openfacts
8027046001220,openfacts
8027046001305,openfacts
8027046001329,openfacts
8027046001367,openfacts
8027046002159,openfacts
8027046002180,openfacts
8027046002203,openfacts
8027046002241,openfacts
8027046002302,openfacts
8027046002609,openfacts
8027046002616,openfacts
8027046002623,openfacts
8027046002647,openfacts
8027046002654,openfacts
8027046002661,openfacts
8027046002678,openfacts
8027046006041,openfacts
8027046009097,openfacts
8027063000473,openfacts
8027070615974,openfacts
8027083000484,openfacts
8027083001764,openfacts
8027083002020,openfacts
8027083002532,openfacts
8027083003010,openfacts
8027083005021,openfacts
8027091020054,openfacts
8027091020337,openfacts
8027091020412,openfacts
8027091020450,openfacts
8027091020757,openfacts
8027091022997,openfacts
8027097002856,openfacts
8027097003273,openfacts
8027097003464,openfacts
8027099000010,openfacts
8027099000034,openfacts
8027099000669,openfacts
8027113000002,openfacts
8027113000040,openfacts
8027113001009,openfacts
8027113001016,openfacts
8027113001054,openfacts
8027113004154,openfacts
8027113004444,openfacts
8027113004802,openfacts
8027113004833,openfacts
8027113005120,openfacts
8027113005137,openfacts
8027113006035,openfacts
8027119000303,openfacts
8027119000501,openfacts
8027119000693,openfacts
8027120931481,openfacts
8027125000960,openfacts
8027145311107,openfacts
8027145315754,openfacts
8027145385009,openfacts
8027145534018,openfacts
8027145534032,openfacts
8027145561922,openfacts
8027145562028,openfacts
8027145600041,openfacts
8027145600089,openfacts
8027145600102,openfacts
8027145600157,openfacts
8027145600409,openfacts
8027145601048,openfacts
8027145601116,openfacts
8027145605107,openfacts
8027145606555,openfacts
8027145620025,openfacts
8027145620063,openfacts
8027145620537,openfacts
8027145622517,openfacts
8027145640658,openfacts
8027145640818,openfacts
8027145640931,openfacts
8027145642232,openfacts
8027145644045,openfacts
8027145723511,openfacts
8027145725058,openfacts
8027145743816,openfacts
8027145780026,openfacts
8027145780125,openfacts
8027145780224,openfacts
8027145789104,openfacts
8027145790803,openfacts
8027147002003,openfacts
8027151000118,openfacts
8027153811071,openfacts
8027153850292,openfacts
8027153850360,openfacts
8027153850377,openfacts
8027153850391,openfacts
8027153850742,openfacts
8027153850803,openfacts
8027153850919,openfacts
8027153850940,openfacts
8027153851510,openfacts
8027153851589,openfacts
8027153851756,openfacts
8027153851916,openfacts
8027160331289,openfacts
8027171001263,openfacts
8027180000202,openfacts
8027180000950,openfacts
8027180000998,openfacts
8027200133330,openfacts
8027200200070,openfacts
8027200200087,openfacts
8027200801178,openfacts
8027200801246,openfacts
8027200802281,openfacts
8027200853795,openfacts
8027200864791,openfacts
8027207000086,openfacts
8027207000376,openfacts
8027207000383,openfacts
8027207000543,openfacts
8027207000673,openfacts
8027207001601,openfacts
8027210001148,openfacts
8027217020593,openfacts
8027250001191,openfacts
8027264000012,openfacts
8027264000029,openfacts
8027264000272,openfacts
8027265000196,openfacts
8027265000226,openfacts
8027265000363,openfacts
8027265000370,openfacts
8027265001223,openfacts
8027265001285,openfacts
8027265009298,openfacts
8027265009434,openfacts
8027265009687,openfacts
8027265009878,openfacts
8027265010188,openfacts
8027265010201,openfacts
8027265010225,openfacts
8027265010232,openfacts
8027265010614,openfacts
8027265010621,openfacts
8027265010638,openfacts
8027265011000,openfacts
8027265269135,openfacts
8027266001017,openfacts
8027266001031,openfacts
8027266002106,openfacts
8027269040280,openfacts
8027269105125,usda
8027269131124,openfacts
8027269142151,openfacts
8027269142557,openfacts
8027269142755,openfacts
8027269143530,openfacts
8027269156950,openfacts
8027269174121,openfacts
8027269185103,openfacts
8027269185127,openfacts
8027269185134,openfacts
8027269185202,openfacts
8027269185257,openfacts
8027269185424,openfacts
8027269185608,openfacts
8027269185707,openfacts
8027269185820,openfacts
8027269185851,openfacts
8027269185905,openfacts
8027269186155,openfacts
8027269186964,openfacts
8027269202121,usda
8027269202428,openfacts
8027269202626,openfacts
8027269207256,openfacts
8027269207355,openfacts
8027269207454,openfacts
8027269207577,openfacts
8027269207751,openfacts
8027269207959,openfacts
8027269221122,openfacts
8027269221221,openfacts
8027269221320,openfacts
8027269221825,openfacts
8027269231138,openfacts
8027269231237,openfacts
8027269242011,openfacts
8027269242110,openfacts
8027269242417,openfacts
8027269242431,openfacts
8027269242615,openfacts
8027269242639,openfacts
8027269242714,openfacts
8027269242738,openfacts
8027269243155,openfacts
8027269243179,openfacts
8027269247627,openfacts
8027269252119,openfacts
8027269517232,openfacts
8027269542173,openfacts
8027269616959,openfacts
8027271023059,openfacts
8027274000040,openfacts
8027274000118,openfacts
8027283002202,openfacts
8027283002455,openfacts
8027304010025,openfacts
8027304010339,openfacts
8027308000084,openfacts
8027308000091,openfacts
8027308000138,openfacts
8027308000145,openfacts
8027308000923,openfacts
8027308000930,openfacts
8027308000961,openfacts
8027308000992,openfacts
8027309000038,openfacts
8027309000045,openfacts
8027309000106,openfacts
8027309000168,openfacts
8027309000229,openfacts
8027309000328,openfacts
8027309000366,openfacts
8027309000380,openfacts
8027309000410,openfacts
8027309000496,openfacts
8027309001110,openfacts
8027309001417,openfacts
8027309001851,openfacts
8027309002001,openfacts
8027309005026,openfacts
8027309005071,openfacts
8027309007037,openfacts
8027327000256,openfacts
8027327000386,openfacts
8027327000546,openfacts
8027327000737,openfacts
8027330000021,openfacts
8027330000038,openfacts
8027330000045,openfacts
8027330000052,openfacts
8027330000113,openfacts
8027330000236,openfacts
8027330000786,openfacts
8027330000816,openfacts
8027330009994,openfacts
8027330888889,openfacts
8027331000617,openfacts
8027331000624,openfacts
8027331000686,openfacts
8027332111015,openfacts
8027332111053,openfacts
8027336000605,openfacts
8027336001732,openfacts
8027336002678,openfacts
8027336002760,openfacts
8027336003132,openfacts
8027336003170,openfacts
8027336003576,openfacts
8027336003583,openfacts
8027336003644,openfacts
8027336004313,openfacts
8027336004719,openfacts
8027341000218,openfacts
8027349100019,openfacts
8027349101108,openfacts
8027349101115,openfacts
8027349101214,openfacts
8027349101306,openfacts
8027349101313,openfacts
8027349101320,openfacts
8027349101405,openfacts
8027349101436,openfacts
8027349101511,openfacts
8027349101610,openfacts
8027349101634,openfacts
8027349101641,openfacts
8027349101658,openfacts
8027349202102,openfacts
8027349202126,openfacts
8027349202140,openfacts
8027349202164,openfacts
8027349202300,openfacts
8027349202317,openfacts
8027349202416,openfacts
8027349202430,openfacts
8027349202447,openfacts
8027349202478,openfacts
8027349202539,openfacts
8027349500017,openfacts
8027349500031,openfacts
8027349500048,openfacts
8027349500079,openfacts
8027349500109,openfacts
8027349500154,openfacts
8027349500161,openfacts
8027349500185,openfacts
8027349600007,openfacts
8027349600021,openfacts
8027349600038,openfacts
8027349600090,openfacts
8027349600113,openfacts
8027349600205,openfacts
8027349600243,openfacts
8027349600281,openfacts
8027349600304,openfacts
8027349600342,openfacts
8027349600434,openfacts
8027349600472,openfacts
8027349600519,openfacts
8027349600571,openfacts
8027349600694,openfacts
8027349600724,openfacts
8027349600779,openfacts
8027349600786,openfacts
8027349600809,openfacts
8027349600946,openfacts
8027349601059,openfacts
8027349601134,openfacts
8027349601141,openfacts
8027349601196,openfacts
8027349601219,openfacts
8027349601295,openfacts
8027349601301,openfacts
8027349601318,openfacts
8027349601325,openfacts
8027349601370,openfacts
8027349601400,openfacts
8027349601417,openfacts
8027349601462,openfacts
8027349601479,openfacts
8027349601615,openfacts
8027349601639,openfacts
8027349601677,openfacts
8027349601875,openfacts
8027349601899,openfacts
8027349601912,openfacts
8027349601974,openfacts
8027349601981,openfacts
8027349601998,openfacts
8027349602001,openfacts
8027349602056,openfacts
8027349602087,openfacts
8027349602148,openfacts
8027349602216,openfacts
8027349602223,openfacts
8027349602230,openfacts
8027349602445,openfacts
8027353000015,openfacts
8027353000336,openfacts
8027353000350,openfacts
8027353000374,openfacts
8027353000480,openfacts
8027353001579,openfacts
8027353001654,openfacts
8027353001739,openfacts
8027353001760,openfacts
8027353001784,openfacts
8027353001807,openfacts
8027353005003,openfacts
8027355002673,openfacts
8027355002864,openfacts
8027355002949,openfacts
8027355002970,openfacts
8027355003021,openfacts
8027355003038,openfacts
8027355003120,openfacts
8027355003304,openfacts
8027355003427,openfacts
8027355003434,openfacts
8027355003472,openfacts
8027355003540,openfacts
8027355003861,openfacts
8027355003991,openfacts
8027355004011,openfacts
8027355004028,openfacts
8027355004073,openfacts
8027355004141,openfacts
8027355004158,openfacts
8027355004745,openfacts
8027355004820,openfacts
8027355004837,openfacts
8027355005308,openfacts
8027355005360,openfacts
8027355005483,openfacts
8027355005667,openfacts
8027355006770,openfacts
8027355007524,openfacts
8027382000406,openfacts
8027382000437,openfacts
8027382000598,openfacts
8027383000917,openfacts
8027383001891,openfacts
8027394050352,openfacts
8027397227003,openfacts
8027403000019,openfacts
8027403000156,openfacts
8027403000422,openfacts
8027403001108,openfacts
8027403001177,openfacts
8027403001832,openfacts
8027403002709,openfacts
8027403002747,openfacts
8027403002754,openfacts
8027403003522,openfacts
8027403004574,openfacts
8027403005007,openfacts
8027403005106,openfacts
8027403005113,openfacts
8027403005236,openfacts
8027403005496,openfacts
8027403005809,openfacts
8027403006936,openfacts
8027403008480,openfacts
8027403008565,openfacts
8027403008589,openfacts
8027403008817,openfacts
8027403008824,openfacts
8027403009173,openfacts
8027403009197,openfacts
8027403009494,openfacts
8027403009647,openfacts
8027403009876,openfacts
8027419000638,openfacts
8027419110184,openfacts
8027422000014,openfacts
8027422000021,openfacts
8027433005008,openfacts
8027433010002,openfacts
8027434016003,openfacts
8027434016218,openfacts
8027434016270,openfacts
8027434016423,openfacts
8027440008375,openfacts
8027445000657,openfacts
8027445001142,openfacts
8027445003986,openfacts
8027445004495,openfacts
8027445005317,openfacts
8027445005768,openfacts
8027445006543,openfacts
8027458065551,openfacts
8027458065650,openfacts
8027459000032,openfacts
8027463976828,openfacts
8027464000461,openfacts
8027464000522,openfacts
8027464000546,openfacts
8027464000553,openfacts
8027464001277,openfacts
8027464002724,openfacts
8027465001221,openfacts
8027478110002,openfacts
8027480000025,openfacts
8027480000056,openfacts
8027480000087,openfacts
8027480000094,openfacts
8027480000124,openfacts
8027480000148,openfacts
8027480000155,openfacts
8027480000162,openfacts
8027480000223,openfacts
8027480000278,openfacts
8027480000322,openfacts
8027480000339,openfacts
8027480000384,openfacts
8027480000483,openfacts
8027480000506,openfacts
8027480000544,openfacts
8027480000568,openfacts
8027480000711,openfacts
8027480000735,openfacts
8027480000773,openfacts
8027480000810,openfacts
8027480000889,openfacts
8027480001114,openfacts
8027480001237,openfacts
8027480001244,openfacts
8027480001251,openfacts
8027480002067,openfacts
8027480002128,openfacts
8027480002852,openfacts
8027480007536,openfacts
8027480008922,openfacts
8027480009691,openfacts
8027480009998,openfacts
8027480010437,openfacts
8027480017061,openfacts
8027480018181,openfacts
8027480021006,openfacts
8027480022058,openfacts
8027480023055,openfacts
8027480027107,openfacts
8027480032088,openfacts
8027480032996,openfacts
8027480055728,openfacts
8027480080621,openfacts
8027480087002,openfacts
8027480089501,openfacts
8027480096684,openfacts
8027480100114,openfacts
8027480101258,openfacts
8027480102149,openfacts
8027480186798,openfacts
8027480230217,openfacts
8027480231009,openfacts
8027480233102,openfacts
8027480244108,openfacts
8027480297968,openfacts
8027480444416,openfacts
8027480509627,openfacts
8027480609204,openfacts
8027480666665,openfacts
8027480818316,openfacts
8027480876200,openfacts
8027480896307,openfacts
8027480932975,openfacts
8027480951334,openfacts
8027480955110,openfacts
8027480958951,openfacts
8027480959118,openfacts
8027480967274,openfacts
8027483918044,openfacts
8027491111017,openfacts
8027491111024,openfacts
8027491111154,openfacts
8027491111291,openfacts
8027491600009,openfacts
8027495000102,openfacts
8027498010801,openfacts
8027498011006,openfacts
8027498011228,openfacts
8027498011358,openfacts
8027498011396,openfacts
8027498011426,openfacts
8027498011433,openfacts
8027498011440,openfacts
8027498011457,openfacts
8027498011464,openfacts
8027498011488,openfacts
8027498011495,openfacts
8027498011549,openfacts
8027498011556,openfacts
8027498011587,openfacts
8027498011617,openfacts
8027498011624,openfacts
8027498011754,openfacts
8027498015004,openfacts
8027498015028,openfacts
8027498015066,openfacts
8027498015097,openfacts
8027498015127,openfacts
8027498019057,openfacts
8027498019101,openfacts
8027498019200,openfacts
8027498019248,openfacts
8027498021326,openfacts
8027498025003,openfacts
8027498025058,openfacts
8027498025102,openfacts
8027498025133,openfacts
8027498025157,openfacts
8027498025256,openfacts
8027498025317,openfacts
8027498025423,openfacts
8027498025430,openfacts
8027498025447,openfacts
8027498025454,openfacts
8027498025485,openfacts
8027498025508,openfacts
8027498025584,openfacts
8027498025591,openfacts
8027498025614,openfacts
8027498025638,openfacts
8027498025669,openfacts
8027498025737,openfacts
8027498025744,openfacts
8027498026000,openfacts
8027498026048,openfacts
8027498029001,openfacts
8027498029100,openfacts
8027501476044,openfacts
8027512001235,openfacts
8027514100035,openfacts
8027520000107,openfacts
8027520000121,openfacts
8027520000138,openfacts
8027520000145,openfacts
8027520000152,openfacts
8027520000176,openfacts
8027520000183,openfacts
8027520000190,openfacts
8027520000206,openfacts
8027520000213,openfacts
8027520000251,openfacts
8027520000268,openfacts
8027520000275,openfacts
8027520000282,openfacts
8027520000299,openfacts
8027520000305,openfacts
8027520000312,openfacts
8027520000329,openfacts
8027520000336,openfacts
8027520000343,openfacts
8027520000350,openfacts
8027520000367,openfacts
8027520000374,openfacts
8027520000398,openfacts
8027520000404,openfacts
8027531003524,openfacts
8027531007355,openfacts
8027547000012,openfacts
8027547000029,openfacts
8027547000043,openfacts
8027547000081,openfacts
8027547000111,openfacts
8027547000128,openfacts
8027547000142,openfacts
8027547000166,openfacts
8027547000180,openfacts
8027547000203,openfacts
8027547000425,openfacts
8027547000449,openfacts
8027547000814,openfacts
8027547100736,openfacts
8027547100750,openfacts
8027547200023,openfacts
8027547300662,openfacts
8027547300679,openfacts
8027547500017,openfacts
8027547800001,openfacts
8027547800018,openfacts
8027547800025,openfacts
8027551000060,openfacts
8027551000138,openfacts
8027551008004,openfacts
8027551200026,openfacts
8027551200033,openfacts
8027551200064,openfacts
8027551200224,openfacts
8027551200231,openfacts
8027551200248,openfacts
8027551200255,openfacts
8027555310196,openfacts
8027555331009,openfacts
8027563010118,openfacts
8027563010125,openfacts
8027563010149,openfacts
8027563010156,openfacts
8027563010194,openfacts
8027563010200,openfacts
8027563010262,openfacts
8027564100078,openfacts
8027566000062,openfacts
8027566000079,openfacts
8027566000161,openfacts
8027566000178,openfacts
8027566000819,openfacts
8027566004572,openfacts
8027566004671,openfacts
8027566008044,openfacts
8027566008150,openfacts
8027566008815,openfacts
8027577000198,openfacts
8027577000204,openfacts
8027577000259,openfacts
8027577000273,openfacts
8027577000440,openfacts
8027577001195,openfacts
8027577001850,openfacts
8027577001874,openfacts
8027577001881,openfacts
8027577001898,openfacts
8027577110361,openfacts
8027577111597,openfacts
8027577111733,openfacts
8027579000455,openfacts
8027579000608,openfacts
8027579000639,openfacts
8027579001148,openfacts
8027579001254,openfacts
8027579001261,openfacts
8027580001014,openfacts
8027601017512,openfacts
8027601020505,openfacts
8027601105073,openfacts
8027603003612,openfacts
8027603005371,openfacts
8027603006095,openfacts
8027603007634,openfacts
8027603007917,openfacts
8027603008815,openfacts
8027613000311,openfacts
8027613004395,openfacts
8027620000236,openfacts
8027624000669,openfacts
8027625003256,openfacts
8027625004376,openfacts
8027629002668,openfacts
8027631000010,openfacts
8027631000027,openfacts
8027631000041,openfacts
8027631000072,openfacts
8027631000089,openfacts
8027631000119,openfacts
8027631000126,openfacts
8027631000157,openfacts
8027631000195,openfacts
8027631000201,openfacts
8027631000454,openfacts
8027631250026,openfacts
8027631250064,openfacts
8027631250101,openfacts
8027631350009,openfacts
8027631350016,openfacts
8027631350023,openfacts
8027631350047,openfacts
8027631350078,openfacts
8027631350085,openfacts
8027631351075,openfacts
8027642010008,openfacts
8027642050004,openfacts
8027649000019,openfacts
8027649000064,openfacts
8027649000118,openfacts
8027649000248,openfacts
8027649000262,openfacts
8027653100019,openfacts
8027653100378,openfacts
8027653100422,openfacts
8027653100439,openfacts
8027653100460,openfacts
8027653100811,openfacts
8027653100859,openfacts
8027653110032,openfacts
8027655013522,openfacts
8027655013546,openfacts
8027655016233,openfacts
8027656401106,openfacts
8027657020993,openfacts
8027657021662,openfacts
8027657023529,openfacts
8027657023550,openfacts
8027657023567,openfacts
8027657023901,openfacts
8027657024373,openfacts
8027657024502,openfacts
8027657024519,openfacts
8027657024533,openfacts
8027657024656,openfacts
8027657024755,openfacts
8027657024878,openfacts
8027657024984,openfacts
8027672455602,openfacts
8027691110155,openfacts
8027691110179,openfacts
8027695124240,openfacts
8027697000009,openfacts
8027697000542,openfacts
8027697000689,openfacts
8027697001020,openfacts
8027697001044,openfacts
8027697001068,openfacts
8027697001082,openfacts
8027697001105,openfacts
8027697001365,openfacts
8027697001402,openfacts
8027697001426,openfacts
8027697001440,openfacts
8027697001464,openfacts
8027697001488,openfacts
8027697001600,openfacts
8027697001624,openfacts
8027697001648,openfacts
8027697001662,openfacts
8027697001969,openfacts
8027697001983,openfacts
8027697002003,openfacts
8027697002027,openfacts
8027697002065,openfacts
8027697002386,openfacts
8027697151404,openfacts
8027703000177,openfacts
8027703000221,openfacts
8027703000344,openfacts
8027703000351,openfacts
8027703000368,openfacts
8027703001259,openfacts
8027706050148,openfacts
8027708001537,openfacts
8027732000018,openfacts
8027732000063,openfacts
8027732000148,openfacts
8027732000230,openfacts
8027732000315,openfacts
8027732000353,openfacts
8027732000377,openfacts
8027732000605,openfacts
8027738000012,openfacts
8027740000277,openfacts
8027740000468,openfacts
8027740000604,openfacts
8027740000925,openfacts
8027740000994,openfacts
8027740001694,openfacts
8027748000064,openfacts
8027748001320,openfacts
8027748001375,openfacts
8027748001528,openfacts
8027749100015,openfacts
8027749156012,openfacts
8027749156036,openfacts
8027749156081,openfacts
8027749200043,openfacts
8027749200050,openfacts
8027749200142,openfacts
8027749212077,openfacts
8027749212084,openfacts
8027749212091,openfacts
8027749212114,openfacts
8027749212121,openfacts
8027749212206,openfacts
8027749500198,openfacts
8027749580015,openfacts
8027749580046,openfacts
8027749580060,openfacts
8027749580176,openfacts
8027750006627,openfacts
8027754654015,openfacts
8027754755309,openfacts
8027772001013,openfacts
8027772100204,usda
8027772100211,usda
8027772100235,usda
8027772100518,openfacts
8027772100556,openfacts
8027772300017,usda
8027772300079,openfacts
8027772400151,openfacts
8027772400182,openfacts
8027772500028,openfacts
8027772500035,openfacts
8027772500103,openfacts
8027772500127,openfacts
8027772500134,openfacts
8027772500141,openfacts
8027772500165,usda
8027772500240,openfacts
8027772700107,openfacts
8027772700114,openfacts
8027772700121,openfacts
8027772700138,openfacts
8027772700152,openfacts
8027772700459,openfacts
8027772800012,usda
8027772800036,openfacts
8027772900149,openfacts
8027787000018,openfacts
8027799000020,openfacts
8027799000051,openfacts
8027800011748,openfacts
8027802220971,openfacts
8027802318104,openfacts
8027802318135,openfacts
8027805000013,openfacts
8027805000143,openfacts
8027805000167,openfacts
8027805000181,openfacts
8027807002831,openfacts
8027807008284,openfacts
8027815100529,openfacts
8027815100543,openfacts
8027815102523,openfacts
8027815105012,openfacts
8027815105043,openfacts
8027815105074,openfacts
8027815112515,openfacts
8027815112539,openfacts
8027815112553,openfacts
8027815112560,openfacts
8027815112584,openfacts
8027815112751,openfacts
8027815200519,openfacts
8027815200526,openfacts
8027815200540,openfacts
8027815201028,openfacts
8027815205019,openfacts
8027815212512,openfacts
8027815212543,openfacts
8027815212550,openfacts
8027815401060,openfacts
8027815403040,openfacts
8027815500503,openfacts
8027815500510,openfacts
8027815500527,openfacts
8027815500534,openfacts
8027815500565,openfacts
8027815500572,openfacts
8027815500589,openfacts
8027815500596,openfacts
8027815501012,openfacts
8027815501036,openfacts
8027815501050,openfacts
8027815501098,openfacts
8027815502521,openfacts
8027815505010,openfacts
8027815505027,openfacts
8027815512513,openfacts
8027815512520,openfacts
8027815700507,openfacts
8027815700514,openfacts
8027815712517,openfacts
8027816100016,openfacts
8027816100023,openfacts
8027816100047,openfacts
8027816100061,openfacts
8027816100078,openfacts
8027816100085,openfacts
8027816100092,openfacts
8027816100108,openfacts
8027816100115,openfacts
8027816100122,openfacts
8027816100139,openfacts
8027816100146,openfacts
8027816100153,openfacts
8027816100177,openfacts
8027816100184,openfacts
8027816100191,openfacts
8027816100207,openfacts
8027816100214,openfacts
8027816100221,openfacts
8027816100238,openfacts
8027816100252,openfacts
8027816100269,openfacts
8027816100290,openfacts
8027816100306,openfacts
8027816100313,openfacts
8027816100337,openfacts
8027816100344,openfacts
8027816100801,openfacts
8027816100818,openfacts
8027816100825,openfacts
8027816100832,openfacts
8027816110015,openfacts
8027816110022,openfacts
8027816110039,openfacts
8027816110060,openfacts
8027816110084,openfacts
8027816110107,openfacts
8027816110145,openfacts
8027816110183,openfacts
8027816110206,openfacts
8027816110220,openfacts
8027816110237,openfacts
8027816111166,openfacts
8027816120021,openfacts
8027816120038,openfacts
8027816140036,openfacts
8027816150011,openfacts
8027816150028,openfacts
8027816150035,openfacts
8027816160010,openfacts
8027816160041,openfacts
8027816160058,openfacts
8027816160072,openfacts
8027816160096,openfacts
8027816210012,openfacts
8027816210029,openfacts
8027816210036,openfacts
8027816210043,openfacts
8027816210050,openfacts
8027816210081,openfacts
8027816300027,openfacts
8027816300034,openfacts
8027816300089,openfacts
8027816301031,openfacts
8027816400024,openfacts
8027816400031,openfacts
8027816400048,openfacts
8027816500014,openfacts
8027816500038,openfacts
8027816500045,openfacts
8027816500052,openfacts
8027816500069,openfacts
8027816500076,openfacts
8027816500083,openfacts
8027816500090,openfacts
8027816500120,openfacts
8027816510037,openfacts
8027816510051,openfacts
8027816510082,openfacts
8027816510099,openfacts
8027816600011,openfacts
8027816600028,openfacts
8027816600035,openfacts
8027816600042,openfacts
8027816600059,openfacts
8027816610034,openfacts
8027816700049,openfacts
8027816950031,openfacts
8027823000002,openfacts
8027823000019,openfacts
8027823000026,openfacts
8027823001214,openfacts
8027823001238,openfacts
8027829000112,openfacts
8027836000815,openfacts
8027836000884,openfacts
8027836001058,openfacts
8027836001119,openfacts
8027836010333,openfacts
8027836011620,openfacts
8027836012016,openfacts
8027836012856,openfacts
8027836014508,openfacts
8027836015642,openfacts
8027836016533,openfacts
8027836016601,openfacts
8027836017011,openfacts
8027836017042,openfacts
8027836017059,openfacts
8027836017110,openfacts
8027836017271,openfacts
8027836017301,openfacts
8027836017516,openfacts
8027836017523,openfacts
8027836017561,openfacts
8027836017592,openfacts
8027836017608,openfacts
8027836017639,openfacts
8027836018254,openfacts
8027836018292,openfacts
8027836018490,openfacts
8027836018506,openfacts
8027836018513,openfacts
8027836018520,openfacts
8027836019169,openfacts
8027836022701,openfacts
8027836022749,openfacts
8027836022763,openfacts
8027836022770,openfacts
8027836022817,openfacts
8027836022824,openfacts
8027836022831,openfacts
8027836022909,openfacts
8027836022947,openfacts
8027836022954,openfacts
8027836023517,openfacts
8027836023524,openfacts
8027836023654,openfacts
8027836023685,openfacts
8027836023692,openfacts
8027836023708,openfacts
8027839020032,openfacts
8027839030291,openfacts
8027839061318,openfacts
8027839500510,openfacts
8027839500534,openfacts
8027839500541,openfacts
8027842001608,openfacts
8027842001738,openfacts
8027847000507,openfacts
8027848000018,openfacts
8027848000056,openfacts
8027848000100,openfacts
8027848000131,openfacts
8027848000254,openfacts
8027848000278,openfacts
8027848000292,openfacts
8027848000322,openfacts
8027848000513,openfacts
8027848000636,openfacts
8027848000735,openfacts
8027848000827,openfacts
8027848000834,openfacts
8027848000933,openfacts
8027848000940,openfacts
8027848002012,openfacts
8027856100007,openfacts
8027856500005,openfacts
8027868000098,openfacts
8027868000128,openfacts
8027868000142,openfacts
8027874071037,openfacts
8027874077251,openfacts
8027881803805,openfacts
8027890007164,openfacts
8027890007348,openfacts
8027890008512,openfacts
8027890008796,openfacts
8027890009137,openfacts
8027890009151,openfacts
8027890009175,openfacts
8027890009199,openfacts
8027890009212,openfacts
8027890009236,openfacts
8027890009403,openfacts
8027890009694,openfacts
8027890009700,openfacts
8027890009762,openfacts
8027890009779,openfacts
8027890009786,openfacts
8027890009816,openfacts
8027890009823,openfacts
8027890009830,openfacts
8027890009878,openfacts
8027890009885,openfacts
8027890010034,openfacts
8027890010089,openfacts
8027890010096,openfacts
8027890010119,openfacts
8027890010126,openfacts
8027890010140,openfacts
8027890010157,openfacts
8027890010232,openfacts
8027890010249,openfacts
8027890010256,openfacts
8027890010270,openfacts
8027890010287,openfacts
8027890010294,openfacts
8027890010300,openfacts
8027890010379,openfacts
8027890010386,openfacts
8027890010393,openfacts
8027890010409,openfacts
8027890010416,openfacts
8027890010423,openfacts
8027890010430,openfacts
8027890010584,openfacts
8027890010591,openfacts
8027890010607,openfacts
8027890010614,openfacts
8027890010621,openfacts
8027890010638,openfacts
8027890010645,openfacts
8027890010652,openfacts
8027890010669,openfacts
8027890010768,openfacts
8027890010775,openfacts
8027890010850,openfacts
8027890010867,openfacts
8027890010935,openfacts
8027890010942,openfacts
8027890010966,openfacts
8027890010973,openfacts
8027890010980,openfacts
8027890010997,openfacts
8027890011000,openfacts
8027890011017,openfacts
8027890011024,openfacts
8027890011031,openfacts
8027890011048,openfacts
8027890011055,openfacts
8027890011062,openfacts
8027890011079,openfacts
8027890011086,openfacts
8027890011093,openfacts
8027890011253,openfacts
8027890011284,openfacts
8027890011291,openfacts
8027890011314,openfacts
8027890011338,openfacts
8027890011420,openfacts
8027890011437,openfacts
8027890011444,openfacts
8027890011512,openfacts
8027890011536,openfacts
8027890011567,openfacts
8027890011574,openfacts
8027890011581,openfacts
8027890011598,openfacts
8027890011642,openfacts
8027890011659,openfacts
8027890011666,openfacts
8027890011673,openfacts
8027890011680,openfacts
8027890011697,openfacts
8027890011734,openfacts
8027890011758,openfacts
8027890011765,openfacts
8027890011772,openfacts
8027890011789,openfacts
8027890011819,openfacts
8027890011826,openfacts
8027890011840,openfacts
8027890011949,openfacts
8027890011956,openfacts
8027890011963,openfacts
8027890012021,openfacts
8027890012267,openfacts
8027890012274,openfacts
8027890012281,openfacts
8027890012328,openfacts
8027890012335,openfacts
8027890012359,openfacts
8027890012366,openfacts
8027890012373,openfacts
8027890058852,openfacts
8027907000195,openfacts
8027907000539,openfacts
8027933005232,openfacts
8027933007748,openfacts
8027946000033,openfacts
8027946000200,openfacts
8027946000217,openfacts
8027946000279,openfacts
8027946000392,openfacts
8027946000422,openfacts
8027946001016,openfacts
8027946001023,openfacts
8027946001047,openfacts
8027946001283,openfacts
8027946002051,openfacts
8027946002075,openfacts
8027946002129,openfacts
8027946002136,openfacts
8027946002143,openfacts
8027946002150,openfacts
8027946002167,openfacts
8027946002174,openfacts
8027946002211,openfacts
8027946002266,openfacts
8027946008466,openfacts
8027946111210,openfacts
8027953000347,openfacts
8027962000031,openfacts
8027965000014,openfacts
8027965000038,openfacts
8027965000045,openfacts
8027965000052,openfacts
8027965000069,openfacts
8027965000243,openfacts
8027965004074,openfacts
8027971000114,openfacts
8027971000220,openfacts
8027971000237,openfacts
8027971000534,openfacts
8027971000602,openfacts
8027971000633,openfacts
8027971000718,openfacts
8027971000732,openfacts
8027971000756,openfacts
8027971000831,openfacts
8027971000879,openfacts
8027971000985,openfacts
8027971001067,openfacts
8027976053160,openfacts
8027980001751,openfacts
8027980003052,openfacts
8027998005567,openfacts
8028000001607,openfacts
8028000002017,openfacts
8028000002031,openfacts
8028000020196,openfacts
8028000020202,openfacts
8028000020233,openfacts
8028000020301,openfacts
8028000020318,openfacts
8028000020332,openfacts
8028000020356,openfacts
8028000020394,openfacts
8028000030621,openfacts
8028000101789,openfacts
8028000101796,openfacts
8028000101802,openfacts
8028000101819,openfacts
8028000101826,openfacts
8028000101833,openfacts
8028000101970,openfacts
8028000101987,openfacts
8028000102021,openfacts
8028000131649,openfacts
8028000132059,openfacts
8028000133377,openfacts
8028000133384,openfacts
8028000133391,openfacts
8028000133414,openfacts
8028000133421,openfacts
8028000133438,openfacts
8028000133452,openfacts
8028000133469,openfacts
8028000133650,openfacts
8028000133728,openfacts
8028000134145,usda
8028000134534,openfacts
8028000134541,openfacts
8028000134558,openfacts
8028000134565,openfacts
8028000134572,openfacts
8028000134589,openfacts
8028000134596,openfacts
8028000134626,openfacts
8028000134732,openfacts
8028000135982,openfacts
8028000136071,openfacts
8028000136194,openfacts
8028000136200,openfacts
8028000136217,openfacts
8028000136224,openfacts
8028000138037,openfacts
8028000138044,openfacts
8028000138082,openfacts
8028000138112,openfacts
8028000138174,openfacts
8028000138181,openfacts
8028000138211,openfacts
8028000138273,openfacts
8028000138402,openfacts
8028000138426,openfacts
8028000138433,openfacts
8028000138587,openfacts
8028000138631,openfacts
8028000138693,openfacts
8028000138709,openfacts
8028000138723,openfacts
8028000138938,openfacts
8028000138952,openfacts
8028000139416,openfacts
8028002000318,openfacts
8028002009984,openfacts
8028002024895,openfacts
8028002025502,openfacts
8028002028329,openfacts
8028003000300,openfacts
8028003001161,openfacts
8028003001536,openfacts
8028003001925,openfacts
8028006001625,openfacts
8028006001816,openfacts
8028006002103,openfacts
8028006150118,openfacts
8028006151306,openfacts
8028006410069,openfacts
8028010100130,openfacts
8028010300172,openfacts
8028010400018,openfacts
8028010400025,openfacts
8028016101001,openfacts
8028016101100,openfacts
8028016104101,openfacts
8028016301012,openfacts
8028016301111,openfacts
8028041100109,openfacts
8028044040006,openfacts
8028047100998,openfacts
8028047101056,openfacts
8028047101919,openfacts
8028047101957,openfacts
8028047101995,openfacts
8028050160071,openfacts
8028057332099,openfacts
8028057370695,openfacts
8028065000119,openfacts
8028065000133,openfacts
8028065000638,openfacts
8028065036415,openfacts
8028065036514,openfacts
8028065036606,openfacts
8028065039164,openfacts
8028065040511,openfacts
8028065040542,openfacts
8028065040573,openfacts
8028065040665,openfacts
8028065040672,openfacts
8028065040719,openfacts
8028065040764,openfacts
8028065040771,openfacts
8028065044052,openfacts
8028065050022,openfacts
8028065050039,openfacts
8028065052057,openfacts
8028065053009,openfacts
8028065053016,openfacts
8028065053047,openfacts
8028065053092,openfacts
8028065054037,openfacts
8028065054044,openfacts
8028065054051,openfacts
8028065054099,openfacts
8028065054129,openfacts
8028065057144,openfacts
8028065058004,openfacts
8028065058011,openfacts
8028065058073,openfacts
8028065058097,openfacts
8028065058103,openfacts
8028065058196,openfacts
8028065058325,openfacts
8028065080043,openfacts
8028065080159,openfacts
8028065080166,openfacts
8028065080180,openfacts
8028065080234,openfacts
8028065080425,openfacts
8028066005007,openfacts
8028079001591,openfacts
8028079001881,openfacts
8028084002866,openfacts
8028091001074,openfacts
8028093341413,openfacts
8028093341499,openfacts
8028093341581,openfacts
8028093341680,openfacts
8028094230006,openfacts
8028094230013,openfacts
8028095000035,openfacts
8028095000356,openfacts
8028095000400,openfacts
8028095008413,openfacts
8028095100056,openfacts
8028095100384,openfacts
8028104120198,openfacts
8028107507064,openfacts
8028111000018,openfacts
8028113080056,openfacts
8028113080520,openfacts
8028113080537,openfacts
8028113990720,openfacts
8028116010357,openfacts
8028116020165,openfacts
8028116020226,openfacts
8028116020240,openfacts
8028116020257,openfacts
8028116020264,openfacts
8028116020301,openfacts
8028116020318,openfacts
8028116020325,openfacts
8028116020356,openfacts
8028116020363,openfacts
8028116020370,openfacts
8028116020387,openfacts
8028116020431,openfacts
8028116020479,openfacts
8028116020530,openfacts
8028116020561,openfacts
8028116020592,openfacts
8028116020622,openfacts
8028116020660,openfacts
8028116020677,openfacts
8028116020714,openfacts
8028116020721,openfacts
8028116020738,openfacts
8028116020783,openfacts
8028116020806,openfacts
8028116020837,openfacts
8028116020868,openfacts
8028116020875,openfacts
8028116020882,openfacts
8028116020905,openfacts
8028116020912,openfacts
8028116020929,openfacts
8028116020936,openfacts
8028116020943,openfacts
8028116020974,openfacts
8028116020981,openfacts
8028116020998,openfacts
8028116021001,openfacts
8028116028116,openfacts
8028116028161,openfacts
8028116028253,openfacts
8028116030089,openfacts
8028116030119,openfacts
8028116030140,openfacts
8028116038955,openfacts
8028116038986,openfacts
8028116039006,openfacts
8028116039013,openfacts
8028116039020,openfacts
8028116039037,openfacts
8028116039075,openfacts
8028116039082,openfacts
8028116039099,openfacts
8028116039105,openfacts
8028116039129,openfacts
8028116039198,openfacts
8028116039501,openfacts
8028116050148,openfacts
8028116050209,openfacts
8028116110002,openfacts
8028116120018,openfacts
8028116120506,openfacts
8028116120513,openfacts
8028119200144,openfacts
8028119200151,openfacts
8028119401541,openfacts
8028129000055,openfacts
8028129000390,openfacts
8028129000406,openfacts
8028129000413,openfacts
8028129000949,openfacts
8028129001144,openfacts
8028129001236,openfacts
8028129001274,openfacts
8028129001298,openfacts
8028129001311,openfacts
8028129001335,openfacts
8028129001359,openfacts
8028129001380,openfacts
8028129001441,openfacts
8028129001489,openfacts
8028129001540,openfacts
8028129001625,openfacts
8028129001663,openfacts
8028129001687,openfacts
8028129001700,openfacts
8028129001724,openfacts
8028129001762,openfacts
8028129001786,openfacts
8028129001823,openfacts
8028129001885,openfacts
8028129001908,openfacts
8028129001922,openfacts
8028129001960,openfacts
8028129002011,openfacts
8028129002059,openfacts
8028129002103,openfacts
8028129002127,openfacts
8028129002141,openfacts
8028129002165,openfacts
8028129002189,openfacts
8028129002196,openfacts
8028129002202,openfacts
8028129002226,openfacts
8028129002240,openfacts
8028129002318,openfacts
8028129002479,openfacts
8028129002493,openfacts
8028129002578,openfacts
8028129002677,openfacts
8028129002745,openfacts
8028129002998,openfacts
8028129003094,openfacts
8028129003117,openfacts
8028129003131,openfacts
8028129003179,openfacts
8028129003193,openfacts
8028129003216,openfacts
8028129003230,openfacts
8028129003346,openfacts
8028129003391,openfacts
8028129003445,openfacts
8028129003568,openfacts
8028129003643,openfacts
8028129003667,openfacts
8028143970488,openfacts
8028143970716,openfacts
8028143971836,openfacts
8028143971843,openfacts
8028143972246,openfacts
8028143972390,openfacts
8028143972437,openfacts
8028143973007,openfacts
8028143973120,openfacts
8028143973922,openfacts
8028143974790,openfacts
8028143974981,openfacts
8028143981828,openfacts
8028143992374,openfacts
8028143992787,openfacts
8028143992923,openfacts
8028143992930,openfacts
8028143992947,openfacts
8028148011018,openfacts
8028148011216,openfacts
8028148011254,openfacts
8028148011414,openfacts
8028148021017,openfacts
8028148021215,openfacts
8028148021819,openfacts
8028148021949,openfacts
8028148101016,openfacts
8028148101092,openfacts
8028148102006,openfacts
8028148103102,openfacts
8028148103119,openfacts
8028148103317,openfacts
8028148110735,openfacts
8028148110759,openfacts
8028148206018,openfacts
8028148206025,openfacts
8028148208012,openfacts
8028148301478,openfacts
8028148301577,openfacts
8028148301584,openfacts
8028148302543,openfacts
8028148302550,openfacts
8028148302598,openfacts
8028148302659,openfacts
8028148304431,openfacts
8028148304509,openfacts
8028148304523,openfacts
8028148304547,openfacts
8028148304561,openfacts
8028148304622,openfacts
8028148304721,openfacts
8028148306510,openfacts
8028148306572,openfacts
8028148306725,openfacts
8028148308507,openfacts
8028148400027,openfacts
8028154001256,openfacts
8028154020011,openfacts
8028154020066,openfacts
8028154020110,openfacts
8028154020219,openfacts
8028154030140,openfacts
8028154140115,openfacts
8028154160113,openfacts
8028167000109,openfacts
8028167000130,openfacts
8028167000147,openfacts
8028167000222,openfacts
8028167000680,openfacts
8028167001168,openfacts
8028169200187,openfacts
8028169200248,openfacts
8028169200293,openfacts
8028169200330,openfacts
8028169201580,openfacts
8028169201597,openfacts
8028169201603,openfacts
8028169201610,openfacts
8028169202563,openfacts
8028169202662,openfacts
8028169202808,openfacts
8028169202891,openfacts
8028169202914,openfacts
8028169202921,openfacts
8028169203164,openfacts
8028169203171,openfacts
8028169203201,openfacts
8028169203218,openfacts
8028169203225,openfacts
8028169203232,openfacts
8028169203249,openfacts
8028169203379,openfacts
8028169203386,openfacts
8028169203423,openfacts
8028169203515,openfacts
8028169203645,openfacts
8028169203652,openfacts
8028169203669,openfacts
8028169203676,openfacts
8028169203713,openfacts
8028169203973,openfacts
8028169204031,openfacts
8028169204222,openfacts
8028169204413,openfacts
8028169204659,openfacts
8028169204703,openfacts
8028169204727,openfacts
8028169204734,openfacts
8028169204741,openfacts
8028169204758,openfacts
8028169204802,openfacts
8028169204819,openfacts
8028169204871,openfacts
8028169204932,openfacts
8028169205052,openfacts
8028169205090,openfacts
8028169205106,openfacts
8028169205199,openfacts
8028169205205,openfacts
8028169205212,openfacts
8028169205298,openfacts
8028169205304,openfacts
8028169205335,openfacts
8028169205342,openfacts
8028169205557,openfacts
8028169205632,openfacts
8028169205663,openfacts
8028169205670,openfacts
8028169205687,openfacts
8028169205694,openfacts
8028169205700,openfacts
8028169205731,openfacts
8028169205748,openfacts
8028169206189,openfacts
8028169206196,openfacts
8028169206202,openfacts
8028169206219,openfacts
8028169206844,openfacts
8028169206899,openfacts
8028169206905,openfacts
8028169206912,openfacts
8028169206936,openfacts
8028169207063,openfacts
8028169207070,openfacts
8028169207087,openfacts
8028169207094,openfacts
8028169207100,openfacts
8028169207117,openfacts
8028169207124,openfacts
8028169207131,openfacts
8028169207155,openfacts
8028169207186,openfacts
8028169207193,openfacts
8028169207209,openfacts
8028169207247,openfacts
8028169207254,openfacts
8028169207261,openfacts
8028169207278,openfacts
8028169207285,openfacts
8028169207292,openfacts
8028169207308,openfacts
8028169207315,openfacts
8028169207322,openfacts
8028169207339,openfacts
8028169207353,openfacts
8028169207360,openfacts
8028169207377,openfacts
8028169207384,openfacts
8028169207391,openfacts
8028169207407,openfacts
8028169207414,openfacts
8028169207544,openfacts
8028169207551,openfacts
8028169207568,openfacts
8028169207582,openfacts
8028169207599,openfacts
8028169207612,openfacts
8028169207629,openfacts
8028169207650,openfacts
8028169207667,openfacts
8028169207674,openfacts
8028169207681,openfacts
8028169207728,openfacts
8028169207735,openfacts
8028169207742,openfacts
8028169207766,openfacts
8028169207780,openfacts
8028169207797,openfacts
8028169207803,openfacts
8028169207810,openfacts
8028169207827,openfacts
8028169207834,openfacts
8028169207841,openfacts
8028169207858,openfacts
8028169207865,openfacts
8028169207872,openfacts
8028169207889,openfacts
8028169207896,openfacts
8028169207902,openfacts
8028169207919,openfacts
8028169207964,openfacts
8028169207971,openfacts
8028169208008,openfacts
8028169208015,openfacts
8028169208022,openfacts
8028169208084,openfacts
8028169208169,openfacts
8028169208176,openfacts
8028169208183,openfacts
8028169208190,openfacts
8028169208206,openfacts
8028169208213,openfacts
8028169208336,openfacts
8028169208343,openfacts
8028169208350,openfacts
8028169208466,openfacts
8028169208657,openfacts
8028169208664,openfacts
8028169208732,openfacts
8028169208749,openfacts
8028169208787,openfacts
8028169208817,openfacts
8028169208930,openfacts
8028169209241,openfacts
8028169209258,openfacts
8028169209371,openfacts
8028176000220,openfacts
8028178000204,openfacts
8028178000242,openfacts
8028181000017,openfacts
8028181000024,openfacts
8028185000204,openfacts
8028192010418,openfacts
8028196000071,openfacts
8028196000095,openfacts
8028196000118,openfacts
8028196000125,openfacts
8028196000170,openfacts
8028196000194,openfacts
8028196000224,openfacts
8028196000231,openfacts
8028196000248,openfacts
8028196000316,openfacts
8028196000415,openfacts
8028196000439,openfacts
8028196000477,openfacts
8028196000484,openfacts
8028196000521,openfacts
8028196000569,openfacts
8028196000750,openfacts
8028196000767,openfacts
8028196000859,openfacts
8028196001009,openfacts
8028196001078,openfacts
8028196001122,openfacts
8028196001139,openfacts
8028196002068,openfacts
8028196002228,openfacts
8028196002235,openfacts
8028196002303,openfacts
8028196002419,openfacts
8028196560018,openfacts
8028198000109,openfacts
8028198000116,openfacts
8028198000208,openfacts
8028198000307,openfacts
8028198062039,openfacts
8028198062053,openfacts
8028198062084,openfacts
8028198062091,openfacts
8028198062107,openfacts
8028198062121,openfacts
8028198062138,openfacts
8028198062152,openfacts
8028198062176,openfacts
8028198062299,openfacts
8028198062305,openfacts
8028198062329,openfacts
8028198062343,openfacts
8028198062367,openfacts
8028198062435,openfacts
8028198062497,openfacts
8028203035508,openfacts
8028203035676,openfacts
8028203078703,openfacts
8028203078710,openfacts
8028203158009,openfacts
8028205100013,openfacts
8028205100587,openfacts
8028205100662,openfacts
8028205100723,openfacts
8028206001036,openfacts
8028206030227,openfacts
8028206030234,openfacts
8028206030241,openfacts
8028206030340,openfacts
8028206030449,openfacts
8028206030517,openfacts
8028206030647,openfacts
8028206031118,openfacts
8028206031125,openfacts
8028206031231,openfacts
8028206031248,openfacts
8028206031323,openfacts
8028206031347,openfacts
8028206032115,openfacts
8028206032122,openfacts
8028206032221,openfacts
8028206032238,openfacts
8028206050300,openfacts
8028206050423,openfacts
8028206090214,openfacts
8028206091051,openfacts
8028207030097,openfacts
8028207070130,openfacts
8028207074435,openfacts
8028207944103,openfacts
8028207944110,openfacts
8028209145003,openfacts
8028209865024,openfacts
8028211510431,openfacts
8028218000010,openfacts
8028218000065,openfacts
8028218000089,openfacts
8028218000096,openfacts
8028218000607,openfacts
8028218000614,openfacts
8028218000621,openfacts
8028218002021,openfacts
8028218002038,openfacts
8028218003011,openfacts
8028218003028,openfacts
8028218003035,openfacts
8028218004018,openfacts
8028218004100,openfacts
8028218005015,openfacts
8028218005084,openfacts
8028225000096,openfacts
8028227000186,openfacts
8028229000184,openfacts
8028229000269,openfacts
8028233000187,openfacts
8028248200022,openfacts
8028248200039,openfacts
8028249100093,openfacts
8028249100178,openfacts
8028249100307,openfacts
8028249120022,openfacts
8028249120039,openfacts
8028249200014,openfacts
8028254000098,openfacts
8028254000111,openfacts
8028257000378,openfacts
8028257000460,openfacts
8028257000477,openfacts
8028257000842,openfacts
8028257000866,openfacts
8028257000880,openfacts
8028257000965,openfacts
8028257000989,openfacts
8028257001061,openfacts
8028257001290,openfacts
8028257001399,openfacts
8028257001580,openfacts
8028257002020,openfacts
8028257002235,openfacts
8028257002310,openfacts
8028257002365,openfacts
8028257002389,openfacts
8028257002396,openfacts
8028257002426,openfacts
8028257002495,openfacts
8028257002556,openfacts
8028257002747,openfacts
8028257002761,openfacts
8028257002785,openfacts
8028257002808,openfacts
8028257002815,openfacts
8028257002860,openfacts
8028257002907,openfacts
8028257002945,openfacts
8028257003485,openfacts
8028257003935,openfacts
8028257003959,openfacts
8028257004055,openfacts
8028257004062,openfacts
8028257004079,openfacts
8028257004093,openfacts
8028257004116,openfacts
8028257004130,openfacts
8028257004154,openfacts
8028257004178,openfacts
8028257004192,openfacts
8028257004215,openfacts
8028257004253,openfacts
8028257004260,openfacts
8028257004284,openfacts
8028257004307,openfacts
8028257004765,openfacts
8028257004772,openfacts
8028257005199,openfacts
8028257005359,openfacts
8028257005434,openfacts
8028257005458,openfacts
8028257005519,openfacts
8028257005694,openfacts
8028257005892,openfacts
8028257006288,openfacts
8028257006370,openfacts
8028257006400,openfacts
8028257006455,openfacts
8028257006516,openfacts
8028257006615,openfacts
8028257006653,openfacts
8028257006752,openfacts
8028257007599,openfacts
8028257007773,openfacts
8028257007872,openfacts
8028257008237,openfacts
8028257008244,openfacts
8028257008312,openfacts
8028257008343,openfacts
8028257008350,openfacts
8028257008602,openfacts
8028257008763,openfacts
8028257008909,openfacts
8028257009579,openfacts
8028257009692,openfacts
8028257009739,openfacts
8028257009746,openfacts
8028257009753,openfacts
8028257009845,openfacts
8028257009999,openfacts
8028257010247,openfacts
8028257010339,openfacts
8028257010346,openfacts
8028257010353,openfacts
8028257010360,openfacts
8028257010377,openfacts
8028257010384,openfacts
8028257010391,openfacts
8028257010407,openfacts
8028257010414,openfacts
8028257010438,openfacts
8028257010445,openfacts
8028257010452,openfacts
8028257010940,openfacts
8028257011107,openfacts
8028257011466,openfacts
8028257011473,openfacts
8028257011480,openfacts
8028257011503,openfacts
8028257011510,openfacts
8028257011527,openfacts
8028257011893,openfacts
8028257011978,openfacts
8028257012005,openfacts
8028257012012,openfacts
8028257012081,openfacts
8028257012234,openfacts
8028257012241,openfacts
8028257012685,openfacts
8028257012920,openfacts
8028257012937,openfacts
8028257012944,openfacts
8028257012982,openfacts
8028257013323,openfacts
8028257013330,openfacts
8028257013347,openfacts
8028257013354,openfacts
8028257013361,openfacts
8028257013378,openfacts
8028257013385,openfacts
8028257013460,openfacts
8028257013484,openfacts
8028257013613,openfacts
8028257013620,openfacts
8028257013637,openfacts
8028257013644,openfacts
8028257013651,openfacts
8028257013668,openfacts
8028257013675,openfacts
8028257014009,openfacts
8028257014016,openfacts
8028257014023,openfacts
8028257014085,openfacts
8028257014092,openfacts
8028257014139,openfacts
8028257014313,openfacts
8028257014320,openfacts
8028257014337,openfacts
8028257014344,openfacts
8028257014351,openfacts
8028257014368,openfacts
8028257014375,openfacts
8028257014689,openfacts
8028257014870,openfacts
8028257014962,openfacts
8028257014979,openfacts
8028257014986,openfacts
8028257014993,openfacts
8028257015044,openfacts
8028257015921,openfacts
8028257015969,openfacts
8028257015983,openfacts
8028257016126,openfacts
8028257016133,openfacts
8028257016140,openfacts
8028257016959,openfacts
8028262000042,openfacts
8028262000073,openfacts
8028262000141,openfacts
8028262000165,openfacts
8028262000257,openfacts
8028262000448,openfacts
8028262000455,openfacts
8028262000646,openfacts
8028262000653,openfacts
8028262001377,openfacts
8028262001414,openfacts
8028262001421,openfacts
8028262010010,openfacts
8028269000243,openfacts
8028269000519,openfacts
8028270101205,openfacts
8028270101298,openfacts
8028277000563,openfacts
8028277000617,openfacts
8028277000648,openfacts
8028277000679,openfacts
8028277001225,openfacts
8028277001324,openfacts
8028277001515,openfacts
8028277001546,openfacts
8028277002062,openfacts
8028277002154,openfacts
8028277002192,openfacts
8028277002222,openfacts
8028277002307,openfacts
8028277002437,openfacts
8028277002536,openfacts
8028277002543,openfacts
8028277004899,openfacts
8028277005087,openfacts
8028277005964,openfacts
8028277006398,openfacts
8028277006589,openfacts
8028277006596,openfacts
8028277007739,openfacts
8028277007746,openfacts
8028278000203,openfacts
8028278000302,openfacts
8028278002771,openfacts
8028278002856,openfacts
8028278003006,openfacts
8028278003112,openfacts
8028278009749,openfacts
8028284010005,openfacts
8028284042044,openfacts
8028284060956,openfacts
8028284090922,openfacts
8028284123453,openfacts
8028284141457,openfacts
8028284165118,openfacts
8028284165125,openfacts
8028284165156,openfacts
8028284165163,openfacts
8028284165187,openfacts
8028284180326,openfacts
8028284201373,openfacts
8028284251453,openfacts
8028284273035,openfacts
8028284353775,openfacts
8028284363651,openfacts
8028284379621,openfacts
8028284379638,openfacts
8028284511236,openfacts
8028284551522,openfacts
8028284656364,openfacts
8028284777434,openfacts
8028284884026,openfacts
8028284888871,openfacts
8028284888888,openfacts
8028284894643,openfacts
8028284912347,openfacts
8028286000226,openfacts
8028286000240,openfacts
8028286000264,openfacts
8028286000301,openfacts
8028297000062,openfacts
8028297000109,openfacts
8028297000239,openfacts
8028297000499,openfacts
8028306000014,openfacts
8028306000151,openfacts
8028306000298,openfacts
8028306000311,openfacts
8028306000441,openfacts
8028306000465,openfacts
8028306000731,openfacts
8028306000991,openfacts
8028306001035,openfacts
8028306001059,openfacts
8028306001080,openfacts
8028306001097,openfacts
8028306001127,openfacts
8028313000625,openfacts
8028315100019,openfacts
8028316010089,openfacts
8028316010720,openfacts
8028316011543,openfacts
8028330000011,openfacts
8028330000028,openfacts
8028330000035,openfacts
8028330000066,openfacts
8028330000080,openfacts
8028330000103,openfacts
8028330000127,openfacts
8028330000134,openfacts
8028330000141,openfacts
8028330000158,openfacts
8028330000172,openfacts
8028330000189,openfacts
8028330000196,openfacts
8028330000219,openfacts
8028330000240,openfacts
8028330000264,openfacts
8028330000271,openfacts
8028330000288,openfacts
8028330000295,openfacts
8028330000431,openfacts
8028330001087,openfacts
8028330001506,openfacts
8028330001513,openfacts
8028330001520,openfacts
8028330001537,openfacts
8028330001544,openfacts
8028330001803,openfacts
8028330001810,openfacts
8028330001827,openfacts
8028330001858,openfacts
8028330004200,openfacts
8028330004217,openfacts
8028330004224,openfacts
8028330004231,openfacts
8028330004248,openfacts
8028330004255,openfacts
8028330004392,openfacts
8028330004408,openfacts
8028330004415,openfacts
8028330004439,openfacts
8028330004453,openfacts
8028330004460,openfacts
8028330004477,openfacts
8028330004484,openfacts
8028330004583,openfacts
8028330004613,openfacts
8028330004637,openfacts
8028330004682,openfacts
8028337000113,openfacts
8028337000182,openfacts
8028337000199,openfacts
8028337000212,openfacts
8028337000502,openfacts
8028337000670,openfacts
8028337000694,openfacts
8028337001004,openfacts
8028337001066,openfacts
8028337001127,openfacts
8028337001158,openfacts
8028337001165,openfacts
8028337001172,openfacts
8028337001257,openfacts
8028337001325,openfacts
8028337001356,openfacts
8028337001431,openfacts
8028337001523,openfacts
8028337001547,openfacts
8028337001592,openfacts
8028337001639,openfacts
8028338990208,openfacts
8028338990635,openfacts
8028338990642,openfacts
8028338990659,openfacts
8028338990666,openfacts
8028338991045,openfacts
8028339017195,openfacts
8028343001159,openfacts
8028343001722,openfacts
8028347049300,openfacts
8028347051303,openfacts
8028355001000,openfacts
8028355001093,openfacts
8028355001161,openfacts
8028355001604,openfacts
8028360017171,openfacts
8028366000337,openfacts
8028370000095,openfacts
8028370010032,openfacts
8028387000231,openfacts
8028387008701,openfacts
8028387008725,openfacts
8028393017513,openfacts
8028393517518,openfacts
8028394000026,openfacts
8028394000033,openfacts
8028394000040,openfacts
8028394000071,openfacts
8028394000095,openfacts
8028410007282,openfacts
8028413000204,openfacts
8028413000518,openfacts
8028413011224,openfacts
8028413172567,openfacts
8028413180517,openfacts
8028413210016,openfacts
8028413211358,openfacts
8028413321040,openfacts
8028420011019,openfacts
8028420021018,openfacts
8028420070115,openfacts
8028420931072,openfacts
8028420931126,openfacts
8028431010308,openfacts
8028433004213,openfacts
8028433008181,openfacts
8028447000287,openfacts
8028447000539,openfacts
8028447001260,openfacts
8028447001666,openfacts
8028447001741,openfacts
8028447001802,openfacts
8028447002953,openfacts
8028447005107,openfacts
8028447007101,openfacts
8028447007248,openfacts
8028447007620,openfacts
8028447010071,openfacts
8028447010217,openfacts
8028447100710,openfacts
8028451000020,openfacts
8028451000037,openfacts
8028451000051,openfacts
8028451000129,openfacts
8028451001126,openfacts
8028451001218,openfacts
8028451020110,openfacts
8028451020318,openfacts
8028451022121,openfacts
8028452513680,openfacts
8028462000033,openfacts
8028462000422,openfacts
8028468001058,openfacts
8028468004042,openfacts
8028468004059,openfacts
8028468004066,openfacts
8028468004141,openfacts
8028468009962,openfacts
8028480008196,openfacts
8028482000013,openfacts
8028482000143,openfacts
8028491000011,openfacts
8028491000103,openfacts
8028491000110,openfacts
8028491000127,openfacts
8028491000141,openfacts
8028491000202,openfacts
8028491000226,openfacts
8028491000301,openfacts
8028491000318,openfacts
8028491000325,openfacts
8028491000356,openfacts
8028491000370,openfacts
8028491000400,openfacts
8028491000417,openfacts
8028491006303,openfacts
8028491006402,openfacts
8028495000529,openfacts
8028495000543,openfacts
8028495000574,openfacts
8028498021262,openfacts
8028500000032,openfacts
8028500000117,openfacts
8028500000131,openfacts
8028500000155,openfacts
8028500000254,openfacts
8028500000391,openfacts
8028516000019,openfacts
8028516000040,openfacts
8028516003423,openfacts
8028516100009,openfacts
8028522100048,openfacts
8028536100010,openfacts
8028536100058,openfacts
8028546001475,openfacts
8028546005015,openfacts
8028546005022,openfacts
8028546014017,openfacts
8028546015014,openfacts
8028546015021,openfacts
8028553000102,openfacts
8028553000485,openfacts
8028559000014,openfacts
8028559000236,openfacts
8028568000517,openfacts
8028575000104,openfacts
8028575027613,openfacts
8028575039715,openfacts
8028584002007,openfacts
8028584004568,openfacts
8028584006784,openfacts
8028588000078,openfacts
8028588000191,openfacts
8028589000176,openfacts
8028590525002,openfacts
8028591000119,openfacts
8028595001860,openfacts
8028595002331,openfacts
8028595002348,openfacts
8028595003444,openfacts
8028595004168,openfacts
8028618000009,openfacts
8028618000030,openfacts
8028618000054,openfacts
8028618000078,openfacts
8028618000085,openfacts
8028618000122,openfacts
8028618000146,openfacts
8028618000153,openfacts
8028618000160,openfacts
8028618000177,openfacts
8028618000207,openfacts
8028618000290,openfacts
8028618000368,openfacts
8028618000399,openfacts
8028618000405,openfacts
8028618000535,openfacts
8028618000641,openfacts
8028618000795,openfacts
8028618000801,openfacts
8028618000818,openfacts
8028618000825,openfacts
8028618001044,openfacts
8028618001099,openfacts
8028618001112,openfacts
8028618001181,openfacts
8028618001297,openfacts
8028618001358,openfacts
8028618001372,openfacts
8028618001396,openfacts
8028618001402,openfacts
8028618001440,openfacts
8028618001501,openfacts
8028618001518,openfacts
8028618001525,openfacts
8028618001532,openfacts
8028618001624,openfacts
8028618001631,openfacts
8028618001648,openfacts
8028618001730,openfacts
8028618001747,openfacts
8028618001754,openfacts
8028618001778,openfacts
8028618001785,openfacts
8028618001808,openfacts
8028618001815,openfacts
8028618001853,openfacts
8028618001945,openfacts
8028618002065,openfacts
8028618002089,openfacts
8028618002140,openfacts
8028618002256,openfacts
8028618002270,openfacts
8028618002294,openfacts
8028618002300,openfacts
8028618002317,openfacts
8028618002348,openfacts
8028618002423,openfacts
8028618002508,openfacts
8028618002515,openfacts
8028618002539,openfacts
8028618002553,openfacts
8028618002706,openfacts
8028618002713,openfacts
8028618002720,openfacts
8028618002751,openfacts
8028618002843,openfacts
8028618002867,openfacts
8028618002942,openfacts
8028618003123,openfacts
8028618003260,openfacts
8028618003284,openfacts
8028618003291,openfacts
8028618003338,openfacts
8028618003345,openfacts
8028618003352,openfacts
8028618003376,openfacts
8028618003390,openfacts
8028618003420,openfacts
8028618003451,openfacts
8028618003475,openfacts
8028618003604,openfacts
8028618003918,openfacts
8028618003932,openfacts
8028618003949,openfacts
8028618003963,openfacts
8028618004052,openfacts
8028618004069,openfacts
8028618004083,openfacts
8028618004106,openfacts
8028618004113,openfacts
8028618004144,openfacts
8028618004151,openfacts
8028618004199,openfacts
8028618004205,openfacts
8028618004212,openfacts
8028618004229,openfacts
8028618004267,openfacts
8028618004274,openfacts
8028618004281,openfacts
8028618004526,openfacts
8028618004533,openfacts
8028618004540,openfacts
8028618004557,openfacts
8028618004564,openfacts
8028618004571,openfacts
8028618004984,openfacts
8028618005028,openfacts
8028618005042,openfacts
8028618005059,openfacts
8028618005073,openfacts
8028618005080,openfacts
8028618005097,openfacts
8028618005103,openfacts
8028618005134,openfacts
8028618005158,openfacts
8028618005165,openfacts
8028618005226,openfacts
8028618005233,openfacts
8028618005240,openfacts
8028618005257,openfacts
8028618005264,openfacts
8028618005271,openfacts
8028618005288,openfacts
8028618005295,openfacts
8028618005318,openfacts
8028618005325,openfacts
8028618005332,openfacts
8028618005356,openfacts
8028618005424,openfacts
8028618005431,openfacts
8028618005462,openfacts
8028618005493,openfacts
8028618005509,openfacts
8028618005516,openfacts
8028618005547,openfacts
8028618005554,openfacts
8028618005585,openfacts
8028618005608,openfacts
8028618005615,openfacts
8028618005684,openfacts
8028618005691,openfacts
8028618005769,openfacts
8028618005851,openfacts
8028618006056,openfacts
8028618013078,openfacts
8028618013092,openfacts
8028618013108,openfacts
8028618013139,openfacts
8028618013160,openfacts
8028618013177,openfacts
8028618013184,openfacts
8028618013238,openfacts
8028618013276,openfacts
8028618013283,openfacts
8028618013412,openfacts
8028618013528,openfacts
8028618013535,openfacts
8028618013580,openfacts
8028618013597,openfacts
8028618013603,openfacts
8028618013702,openfacts
8028618013719,openfacts
8028618013726,openfacts
8028618013764,openfacts
8028618013788,openfacts
8028618013900,openfacts
8028618013924,openfacts
8028618013986,openfacts
8028618014051,openfacts
8028618014075,openfacts
8028618014099,openfacts
8028618014112,openfacts
8028618014136,openfacts
8028618014143,openfacts
8028618014198,openfacts
8028618014204,openfacts
8028618014242,openfacts
8028618014334,openfacts
8028618014358,openfacts
8028618014396,openfacts
8028618014402,openfacts
8028618014433,openfacts
8028618014464,openfacts
8028618014471,openfacts
8028618014495,openfacts
8028618014501,openfacts
8028618014518,openfacts
8028618014525,openfacts
8028618014600,openfacts
8028618014624,openfacts
8028618014686,openfacts
8028618014709,openfacts
8028618014716,openfacts
8028618014747,openfacts
8028618014754,openfacts
8028618014761,openfacts
8028618014778,openfacts
8028618014785,openfacts
8028618014914,openfacts
8028618014938,openfacts
8028618015027,openfacts
8028618015034,openfacts
8028618015041,openfacts
8028618015065,openfacts
8028618015072,openfacts
8028618015096,openfacts
8028618015102,openfacts
8028618015119,openfacts
8028618015164,openfacts
8028618015171,openfacts
8028618015188,openfacts
8028618015195,openfacts
8028618015201,openfacts
8028618015218,openfacts
8028618015225,openfacts
8028618015232,openfacts
8028618015256,openfacts
8028618015270,openfacts
8028618015287,openfacts
8028618015294,openfacts
8028618015362,openfacts
8028618015416,openfacts
8028618015454,openfacts
8028618015485,openfacts
8028618015492,openfacts
8028618015690,openfacts
8028618015805,openfacts
8028618015867,openfacts
8028618015874,openfacts
8028618015881,openfacts
8028618015928,openfacts
8028618015942,openfacts
8028618015959,openfacts
8028618016116,openfacts
8028618016123,openfacts
8028618016185,openfacts
8028618016277,openfacts
8028618016314,openfacts
8028618016321,openfacts
8028618016338,openfacts
8028618016352,openfacts
8028618016369,openfacts
8028618016376,openfacts
8028618016383,openfacts
8028618016390,openfacts
8028618016406,openfacts
8028618016413,openfacts
8028618016444,openfacts
8028618016475,openfacts
8028618016482,openfacts
8028618016499,openfacts
8028618016505,openfacts
8028618016512,openfacts
8028618016529,openfacts
8028618016536,openfacts
8028618016543,openfacts
8028618016550,openfacts
8028618016567,openfacts
8028618016574,openfacts
8028618016598,openfacts
8028618016642,openfacts
8028618016659,openfacts
8028618016666,openfacts
8028618016673,openfacts
8028618016680,openfacts
8028618016697,openfacts
8028618071795,openfacts
8028620000400,openfacts
8028622005007,openfacts
8028622005106,openfacts
8028622005205,openfacts
8028622010001,openfacts
8028622010209,openfacts
8028622015006,openfacts
8028622015105,openfacts
8028622016102,openfacts
8028622016300,openfacts
8028622020307,openfacts
8028622021014,openfacts
8028623013551,openfacts
8028623013568,openfacts
8028623034044,openfacts
8028623035638,openfacts
8028623064089,openfacts
8028623064126,openfacts
8028623064188,openfacts
8028623064232,openfacts
8028623064287,openfacts
8028623064317,openfacts
8028623064324,openfacts
8028623064454,openfacts
8028623064478,openfacts
8028623064508,openfacts
8028623064553,openfacts
8028623064607,openfacts
8028623064669,openfacts
8028623064676,openfacts
8028623064751,openfacts
8028623064768,openfacts
8028623066809,openfacts
8028623066878,openfacts
8028623067448,openfacts
8028623074040,openfacts
8028623097964,openfacts
8028623099098,openfacts
8028623099395,openfacts
8028623099838,openfacts
8028623099999,openfacts
8028630000810,openfacts
8028630011021,openfacts
8028630011038,openfacts
8028630011045,openfacts
8028630011076,openfacts
8028630011120,openfacts
8028630011137,openfacts
8028630011144,openfacts
8028630011175,openfacts
8028630011250,openfacts
8028630011328,openfacts
8028630090514,openfacts
8028630090538,openfacts
8028631022897,openfacts
8028631022958,openfacts
8028631023177,openfacts
8028631024815,openfacts
8028631024822,openfacts
8028631027069,openfacts
8028632002010,openfacts
8028632003017,openfacts
8028632005011,openfacts
8028632005127,openfacts
8028632006018,openfacts
8028632006315,openfacts
8028632007305,openfacts
8028632008104,openfacts
8028632008203,openfacts
8028632008302,openfacts
8028632011012,openfacts
8028632018103,openfacts
8028632091038,openfacts
8028632202052,openfacts
8028632203028,openfacts
8028632204018,openfacts
8028632302011,openfacts
8028632402018,openfacts
8028632422016,openfacts
8028632832013,openfacts
8028633000015,openfacts
8028633000022,openfacts
8028633000091,openfacts
8028633000152,openfacts
8028633000664,openfacts
8028633001012,openfacts
8028633001128,openfacts
8028633001319,openfacts
8028635000013,openfacts
8028636001019,openfacts
8028636003013,openfacts
8028636012534,openfacts
8028636013111,openfacts
8028636013296,openfacts
8028636013678,openfacts
8028636013821,openfacts
8028636014071,openfacts
8028636014088,openfacts
8028636014095,openfacts
8028636014118,openfacts
8028636014361,openfacts
8028636015948,openfacts
8028636015993,openfacts
8028636016280,openfacts
8028636016785,openfacts
8028636017126,openfacts
8028636017492,openfacts
8028636018215,openfacts
8028636018970,openfacts
8028636019137,openfacts
8028636019885,openfacts
8028636020669,openfacts
8028636020683,openfacts
8028636021031,openfacts
8028636021284,openfacts
8028636021437,openfacts
8028636021451,openfacts
8028636021468,openfacts
8028636021475,openfacts
8028636021710,openfacts
8028636048687,openfacts
8028636721320,openfacts
8028636751327,openfacts
8028636761326,openfacts
8028636791323,openfacts
8028636821327,openfacts
8028636831357,openfacts
8028636871421,openfacts
8028636881321,openfacts
8028636921324,openfacts
8028639000125,openfacts
8028639000439,openfacts
8028642000136,openfacts
8028642000143,openfacts
8028642000150,openfacts
8028642000280,openfacts
8028642000983,openfacts
8028642001348,openfacts
8028642002093,openfacts
8028642002697,openfacts
8028642003564,openfacts
8028645000010,openfacts
8028645000027,openfacts
8028645000058,openfacts
8028645000126,openfacts
8028645000355,openfacts
8028645000454,openfacts
8028673104377,openfacts
8028677270207,openfacts
8028677425010,openfacts
8028677462015,openfacts
8028681189977,openfacts
8028691777782,openfacts
8028695000039,openfacts
8028695002002,openfacts
8028695002033,openfacts
8028695002057,openfacts
8028695002125,openfacts
8028695002170,openfacts
8028695002187,openfacts
8028695002255,openfacts
8028695002439,openfacts
8028695003351,openfacts
8028695004013,openfacts
8028695004471,openfacts
8028695004662,openfacts
8028695006048,openfacts
8028695006215,openfacts
8028695006260,openfacts
8028695006277,openfacts
8028695006284,openfacts
8028695007014,openfacts
8028695007861,openfacts
8028695007878,openfacts
8028695008035,openfacts
8028695008226,openfacts
8028695009155,openfacts
8028695041742,openfacts
8028695057750,openfacts
8028695200019,openfacts
8028695200026,openfacts
8028695200118,openfacts
8028695200231,openfacts
8028695200705,openfacts
8028695200743,openfacts
8028695200750,openfacts
8028695200804,openfacts
8028695200859,openfacts
8028695201023,openfacts
8028695700212,openfacts
8028696000021,openfacts
8028696000984,openfacts
8028696001202,openfacts
8028696001745,openfacts
8028696001929,openfacts
8028696001950,openfacts
8028696243671,openfacts
8028696262092,openfacts
8028696262344,openfacts
8028696262351,openfacts
8028696262696,openfacts
8028696263303,openfacts
8028696263327,openfacts
8028696264010,openfacts
8028696264584,openfacts
8028696264829,openfacts
8028696264836,openfacts
8028696267196,openfacts
8028696267516,openfacts
8028696267974,openfacts
8028696268070,openfacts
8028696268117,openfacts
8028696268131,openfacts
8028696268155,openfacts
8028696268179,openfacts
8028696268193,openfacts
8028696268230,openfacts
8028696268254,openfacts
8028696268278,openfacts
8028696268582,openfacts
8028696268742,openfacts
8028696268889,openfacts
8028696269107,openfacts
8028696269183,openfacts
8028696269725,openfacts
8028696270035,openfacts
8028696270639,openfacts
8028696270769,openfacts
8028696271209,openfacts
8028696271339,openfacts
8028696271353,openfacts
8028696271421,openfacts
8028696271742,openfacts
8028696271827,openfacts
8028696271858,openfacts
8028696272244,openfacts
8028696272336,openfacts
8028696272367,openfacts
8028696272404,openfacts
8028696272473,openfacts
8028696272558,openfacts
8028696272619,openfacts
8028696272824,openfacts
8028696272954,openfacts
8028696272961,openfacts
8028696272978,openfacts
8028696273005,openfacts
8028696273388,openfacts
8028696273456,openfacts
8028696273937,openfacts
8028696273944,openfacts
8028696273951,openfacts
8028696274132,openfacts
8028696274620,openfacts
8028696274798,openfacts
8028696274811,openfacts
8028696275023,openfacts
8028696275245,openfacts
8028696275290,openfacts
8028696275306,openfacts
8028696275788,openfacts
8028696276389,openfacts
8028696277492,openfacts
8028696277515,openfacts
8028696277577,openfacts
8028696277997,openfacts
8028696278000,openfacts
8028696278024,openfacts
8028696278031,openfacts
8028696278048,openfacts
8028696278086,openfacts
8028696278093,openfacts
8028696278116,openfacts
8028696278147,openfacts
8028696278192,openfacts
8028696278222,openfacts
8028696278246,openfacts
8028696278802,openfacts
8028696278819,openfacts
8028696278918,openfacts
8028696278932,openfacts
8028696279014,openfacts
8028696279052,openfacts
8028696279342,openfacts
8028696279397,openfacts
8028696279403,openfacts
8028696279427,openfacts
8028696280126,openfacts
8028696280140,openfacts
8028696280799,openfacts
8028696280805,openfacts
8028696280966,openfacts
8028696281734,openfacts
8028696281871,openfacts
8028696281901,openfacts
8028696283912,openfacts
8028696283929,openfacts
8028696284544,openfacts
8028696284568,openfacts
8028696285312,openfacts
8028696285329,openfacts
8028696285336,openfacts
8028696285343,openfacts
8028696285367,openfacts
8028696285916,openfacts
8028696286951,openfacts
8028696288306,openfacts
8028696288801,openfacts
8028696288849,openfacts
8028696289082,openfacts
8028696289112,openfacts
8028696289228,openfacts
8028696289259,openfacts
8028696291375,openfacts
8028696292518,openfacts
8028696294109,openfacts
8028696297018,openfacts
8028696298190,openfacts
8028696299487,openfacts
8028700000016,openfacts
8028700000047,openfacts
8028700000078,openfacts
8028700000153,openfacts
8028700000160,openfacts
8028700000177,openfacts
8028700000184,openfacts
8028700000207,openfacts
8028700000290,openfacts
8028700000405,openfacts
8028700000412,openfacts
8028700000429,openfacts
8028700000436,openfacts
8028700000498,openfacts
8028700000573,openfacts
8028700001365,openfacts
8028700578904,openfacts
8028713000096,openfacts
8028713001147,openfacts
8028713240010,openfacts
8028713270024,openfacts
8028713470011,openfacts
8028713570261,openfacts
8028713570278,openfacts
8028713570285,openfacts
8028713570292,openfacts
8028713570308,openfacts
8028713816291,openfacts
8028713816307,openfacts
8028713816314,openfacts
8028713816611,openfacts
8028713816628,openfacts
8028713816635,openfacts
8028713816659,openfacts
8028713816666,openfacts
8028713816673,openfacts
8028713816680,openfacts
8028713826009,openfacts
8028716162548,openfacts
8028716175708,openfacts
8028716192743,openfacts
8028743095024,openfacts
8028746000025,openfacts
8028752000019,openfacts
8028752000200,openfacts
8028752000231,openfacts
8028752000279,openfacts
8028752002433,openfacts
8028759000067,openfacts
8028759000494,openfacts
8028759000708,openfacts
8028759000746,openfacts
8028759002016,openfacts
8028759008001,openfacts
8028759010134,openfacts
8028759820009,openfacts
8028772000204,openfacts
8028772002239,openfacts
8028784000094,openfacts
8028784006720,openfacts
8028784019683,openfacts
8028784020542,openfacts
8028786000016,openfacts
8028786000023,openfacts
8028786100006,openfacts
8028786100013,openfacts
8028786100051,openfacts
8028786100099,openfacts
8028786100112,openfacts
8028786100150,openfacts
8028786100167,openfacts
8028786100204,openfacts
8028786100228,openfacts
8028786100242,openfacts
8028786100259,openfacts
8028786100273,openfacts
8028786100488,openfacts
8028786100532,openfacts
8028786100549,openfacts
8028786100556,openfacts
8028786100563,openfacts
8028786100570,openfacts
8028786100594,openfacts
8028786100655,openfacts
8028786100662,openfacts
8028786100679,openfacts
8028786100686,openfacts
8028786100693,openfacts
8028786100709,openfacts
8028786100716,openfacts
8028786100747,openfacts
8028786100754,openfacts
8028786100761,openfacts
8028786100778,openfacts
8028786100785,openfacts
8028786100792,openfacts
8028786100808,openfacts
8028786100815,openfacts
8028786100846,openfacts
8028786100921,openfacts
8028786100938,openfacts
8028786100976,openfacts
8028786101003,openfacts
8028786101140,openfacts
8028789000013,openfacts
8028793001112,openfacts
8028793001419,openfacts
8028793002065,openfacts
8028793002119,openfacts
8028793003116,openfacts
8028793005110,openfacts
8028793014112,openfacts
8028793021615,openfacts
8028793024616,openfacts
8028793028416,openfacts
8028810551156,openfacts
8028812000805,openfacts
8028812004605,openfacts
8028833003670,openfacts
8028833004141,openfacts
8028833005216,openfacts
8028833005568,openfacts
8028833005698,openfacts
8028833006114,openfacts
8028842000028,openfacts
8028842000059,openfacts
8028842000103,openfacts
8028842000110,openfacts
8028842000158,openfacts
8028842000530,openfacts
8028842000653,openfacts
8028842000677,openfacts
8028842000691,openfacts
8028842000738,openfacts
8028842000745,openfacts
8028842000752,openfacts
8028842000851,openfacts
8028842001063,openfacts
8028842001070,openfacts
8028842001094,openfacts
8028842001117,openfacts
8028842005016,openfacts
8028842011017,openfacts
8028842011079,openfacts
8028842050382,openfacts
8028842050856,openfacts
8028842050863,openfacts
8028842060015,openfacts
8028842060039,openfacts
8028842060060,openfacts
8028842060138,openfacts
8028842060176,openfacts
8028842060206,openfacts
8028842801694,openfacts
8028842801809,openfacts
8028842802141,openfacts
8028842802158,openfacts
8028842802172,openfacts
8028842802189,openfacts
8028842802233,openfacts
8028842802387,openfacts
8028842802417,openfacts
8028842802424,openfacts
8028842802431,openfacts
8028842802486,openfacts
8028842802509,openfacts
8028842802530,openfacts
8028842802547,openfacts
8028842802554,openfacts
8028842802691,openfacts
8028842802714,openfacts
8028842802721,openfacts
8028842802738,openfacts
8028842802745,openfacts
8028842802752,openfacts
8028842802776,openfacts
8028842802783,openfacts
8028842802912,openfacts
8028842802943,openfacts
8028842803469,openfacts
8028842803988,openfacts
8028842804152,openfacts
8028842804176,openfacts
8028842804251,openfacts
8028842804350,openfacts
8028842804756,openfacts
8028842804770,openfacts
8028842804886,openfacts
8028842805371,openfacts
8028842805388,openfacts
8028842805395,openfacts
8028842805500,openfacts
8028842805555,openfacts
8028845000681,openfacts
8028846000086,openfacts
8028846000208,openfacts
8028846000413,openfacts
8028846000475,openfacts
8028855000114,openfacts
8028855000183,openfacts
8028855000398,openfacts
8028855001609,openfacts
8028855002002,openfacts
8028855002019,openfacts
8028855002118,openfacts
8028855002897,openfacts
8028855003474,openfacts
8028855003542,openfacts
8028855003900,openfacts
8028855003924,openfacts
8028855004358,openfacts
8028858030408,openfacts
8028860001014,openfacts
8028860001168,openfacts
8028860003520,openfacts
8028868001306,openfacts
8028868001320,openfacts
8028868001405,openfacts
8028868001504,openfacts
8028868031006,openfacts
8028868060020,openfacts
8028868110015,openfacts
8028868500021,openfacts
8028870750032,openfacts
8028873001322,openfacts
8028873001414,openfacts
8028873001476,openfacts
8028873001568,openfacts
8028873001728,openfacts
8028873001797,openfacts
8028873001834,openfacts
8028873002008,openfacts
8028873002534,openfacts
8028873002671,openfacts
8028873004132,openfacts
8028873004149,openfacts
8028873006549,openfacts
8028873006662,openfacts
8028873008314,openfacts
8028873008321,openfacts
8028873008376,openfacts
8028873008635,openfacts
8028873008642,openfacts
8028873008833,openfacts
8028873009038,openfacts
8028873009342,openfacts
8028873009380,openfacts
8028873009472,openfacts
8028873009540,openfacts
8028873009762,openfacts
8028873011307,openfacts
8028873012182,openfacts
8028873012267,openfacts
8028873012342,openfacts
8028873012380,openfacts
8028873012410,openfacts
8028873012496,openfacts
8028873012533,openfacts
8028873012557,openfacts
8028873012588,openfacts
8028873012595,openfacts
8028873012601,openfacts
8028873012649,openfacts
8028873012922,openfacts
8028873013028,openfacts
8028873013165,openfacts
8028873013493,openfacts
8028873013646,openfacts
8028873014254,openfacts
8028873014278,openfacts
8028873014391,openfacts
8028873014483,openfacts
8028873014643,openfacts
8028873014667,openfacts
8028873015312,openfacts
8028873015572,openfacts
8028873016036,openfacts
8028873016234,openfacts
8028873016401,openfacts
8028873016555,openfacts
8028873017040,openfacts
8028873017385,openfacts
8028873017972,openfacts
8028873018382,openfacts
8028873020088,openfacts
8028887000014,openfacts
8028887004029,openfacts
8028896001132,openfacts
8028902002726,openfacts
8028907316750,openfacts
8028907657792,openfacts
8028907682831,openfacts
8028907766401,openfacts
8028910000028,openfacts
8028910000073,openfacts
8028917000021,openfacts
8028920000049,openfacts
8028920000063,openfacts
8028920009110,openfacts
8028920010000,openfacts
8028920010147,openfacts
8028920010246,openfacts
8028922240801,openfacts
8028922290806,openfacts
8028922351002,openfacts
8028922560800,openfacts
8028922711004,openfacts
8028922940701,openfacts
8028922940909,openfacts
8028928000089,openfacts
8028928000164,openfacts
8028928000232,openfacts
8028928001093,openfacts
8028928001116,openfacts
8028928001130,openfacts
8028928001406,openfacts
8028928001420,openfacts
8028928001444,openfacts
8028928001482,openfacts
8028928001772,openfacts
8028928001918,openfacts
8028928001987,openfacts
8028928002304,openfacts
8028928002328,openfacts
8028928002526,openfacts
8028928002557,openfacts
8028928002892,openfacts
8028928004223,openfacts
8028928004513,openfacts
8028928005909,openfacts
8028928006043,openfacts
8028928008771,openfacts
8028928009051,openfacts
8028928009488,openfacts
8028928012532,openfacts
8028932002789,openfacts
8028938011082,openfacts
8028938011099,openfacts
8028938020091,openfacts
8028938070003,openfacts
8028938090247,openfacts
8028938090452,openfacts
8028938090902,openfacts
8028938090919,openfacts
8028938091008,openfacts
8028938091015,openfacts
8028947000015,openfacts
8028947000022,openfacts
8028947000039,openfacts
8028947000053,openfacts
8028947000220,openfacts
8028947010137,openfacts
8028947010168,openfacts
8028947010199,openfacts
8028947010212,openfacts
8028947010373,openfacts
8028947042008,openfacts
8028947080475,openfacts
8028947080505,openfacts
8028947083414,openfacts
8028947083599,openfacts
8028947083612,openfacts
8028947083629,openfacts
8028947083704,openfacts
8028947083780,openfacts
8028947083810,openfacts
8028947083827,openfacts
8028947083858,openfacts
8028947083872,openfacts
8028947083889,openfacts
8028947083940,openfacts
8028947084008,openfacts
8028947084053,openfacts
8028947084060,openfacts
8028947084084,openfacts
8028947084114,openfacts
8028947085623,openfacts
8028947087344,openfacts
8028947087528,openfacts
8028947087559,openfacts
8028947087603,openfacts
8028947087801,openfacts
8028947087856,openfacts
8028947087870,openfacts
8028947087887,openfacts
8028947087900,openfacts
8028947087931,openfacts
8028947087979,openfacts
8028947088006,openfacts
8028947088013,openfacts
8028947088037,openfacts
8028947088068,openfacts
8028947089508,openfacts
8028947089522,openfacts
8028947089546,openfacts
8028947103563,openfacts
8028947103570,openfacts
8028947103617,openfacts
8028947272252,openfacts
8028947321530,openfacts
8028947321547,openfacts
8028957124930,openfacts
8028957140534,openfacts
8028957180301,openfacts
8028970040187,openfacts
8028983000116,openfacts
8028983000161,openfacts
8028983000321,openfacts
8028983000659,openfacts
8028983000680,openfacts
8028983000772,openfacts
8028983000864,openfacts
8028983000895,openfacts
8028983001045,openfacts
8028983001052,openfacts
8028983001069,openfacts
8028983001144,openfacts
8028983001168,openfacts
8028983001656,openfacts
8028983001755,openfacts
8028983002585,openfacts
8028994000204,openfacts
8028994001171,openfacts
8028997015175,openfacts
8028997501975,openfacts
8029001000149,openfacts
8029002006003,openfacts
8029002012004,openfacts
8029002014008,openfacts
8029002015005,openfacts
8029006000199,openfacts
8029012000015,openfacts
8029012000046,openfacts
8029013000014,openfacts
8029013000021,openfacts
8029013000038,openfacts
8029013000151,openfacts
8029013000229,openfacts
8029013130018,openfacts
8029013141007,openfacts
8029013170007,openfacts
8029013170014,openfacts
8029013180006,openfacts
8029013181003,openfacts
8029013182000,openfacts
8029013184004,openfacts
8029013185001,openfacts
8029013200025,openfacts
8029013200087,openfacts
8029013200094,openfacts
8029013201114,openfacts
8029013230008,openfacts
8029013245774,openfacts
8029013245781,openfacts
8029013245798,openfacts
8029013245804,openfacts
8029013245811,openfacts
8029013245842,openfacts
8029013250006,openfacts
8029013270004,openfacts
8029013320006,openfacts
8029013340004,openfacts
8029013405031,openfacts
8029013410004,openfacts
8029013640005,openfacts
8029013650004,openfacts
8029013660003,openfacts
8029013660010,openfacts
8029013660027,openfacts
8029013660034,openfacts
8029013660041,openfacts
8029013660058,openfacts
8029013660072,openfacts
8029013660089,openfacts
8029013760000,openfacts
8029013761007,openfacts
8029013780008,openfacts
8029013842652,openfacts
8029013911006,openfacts
8029013911105,openfacts
8029013914007,openfacts
8029013920008,openfacts
8029013927007,openfacts
8029013999004,openfacts
8029013999400,openfacts
8029013999707,openfacts
8029041109130,openfacts
8029041109147,openfacts
8029041111485,openfacts
8029041122153,openfacts
8029041122368,openfacts
8029041148016,openfacts
8029041165891,openfacts
8029041181112,openfacts
8029041182010,openfacts
8029041182058,openfacts
8029041184052,openfacts
8029041211017,openfacts
8029041212151,openfacts
8029041223553,openfacts
8029042000030,openfacts
8029042000047,openfacts
8029042000108,openfacts
8029042000115,openfacts
8029042000221,openfacts
8029042000283,openfacts
8029042000290,openfacts
8029042000306,openfacts
8029042001013,openfacts
8029042001037,openfacts
8029042001044,openfacts
8029042001150,openfacts
8029042001204,openfacts
8029042001228,openfacts
8029042001273,openfacts
8029042001303,openfacts
8029042001310,openfacts
8029042001327,openfacts
8029042001341,openfacts
8029042001419,openfacts
8029042002010,openfacts
8029042002034,openfacts
8029042002041,openfacts
8029042002072,openfacts
8029042002119,openfacts
8029042007565,openfacts
8029042007572,openfacts
8029042008029,openfacts
8029042008036,openfacts
8029044000014,openfacts
8029044000045,openfacts
8029044000076,openfacts
8029044000366,openfacts
8029044000496,openfacts
8029044000656,openfacts
8029044000793,openfacts
8029044000809,openfacts
8029044000892,openfacts
8029044001219,openfacts
8029044001233,openfacts
8029044001240,openfacts
8029044001288,openfacts
8029044001356,openfacts
8029044001738,openfacts
8029044002155,openfacts
8029044005095,openfacts
8029044005309,openfacts
8029044006450,openfacts
8029044007860,openfacts
8029044009314,openfacts
8029044009703,openfacts
8029044009864,openfacts
8029044100431,openfacts
8029044100837,openfacts
8029044100844,openfacts
8029044100875,openfacts
8029044101216,openfacts
8029044101490,openfacts
8029044101698,openfacts
8029044101834,openfacts
8029044101889,openfacts
8029044101926,openfacts
8029044102138,openfacts
8029044102183,openfacts
8029044102220,openfacts
8029044102435,openfacts
8029044102763,openfacts
8029044102770,openfacts
8029044102930,openfacts
8029044102985,openfacts
8029044102992,openfacts
8029044103005,openfacts
8029044103012,openfacts
8029044103029,openfacts
8029044103036,openfacts
8029044103074,openfacts
8029044103159,openfacts
8029044103227,openfacts
8029044103241,openfacts
8029044103272,openfacts
8029044103395,openfacts
8029044103401,openfacts
8029044103463,openfacts
8029044103524,openfacts
8029044103548,openfacts
8029044103609,openfacts
8029044104217,openfacts
8029044104255,openfacts
8029044104378,openfacts
8029044104453,openfacts
8029044104651,openfacts
8029044104736,openfacts
8029044104781,openfacts
8029044104798,openfacts
8029044104811,openfacts
8029044105085,openfacts
8029044105337,openfacts
8029044105610,openfacts
8029044105979,openfacts
8029044106013,openfacts
8029044106020,openfacts
8029044106532,openfacts
8029044106563,openfacts
8029044106839,openfacts
8029044107089,openfacts
8029044107102,openfacts
8029044107119,openfacts
8029044107225,openfacts
8029044107720,openfacts
8029044107874,openfacts
8029044107881,openfacts
8029044107911,openfacts
8029044108109,openfacts
8029044110201,openfacts
8029044110225,openfacts
8029044110256,openfacts
8029044110270,openfacts
8029044110287,openfacts
8029044110300,openfacts
8029044110331,openfacts
8029044110355,openfacts
8029044110362,openfacts
8029044110393,openfacts
8029044110416,openfacts
8029044110423,openfacts
8029044110430,openfacts
8029044110522,openfacts
8029044110539,openfacts
8029044110546,openfacts
8029044110553,openfacts
8029044110560,openfacts
8029044110577,openfacts
8029044110652,openfacts
8029044110737,openfacts
8029044110751,openfacts
8029044110775,openfacts
8029044111109,openfacts
8029044111123,openfacts
8029044111130,openfacts
8029044111147,openfacts
8029044111758,openfacts
8029044111826,openfacts
8029044111833,openfacts
8029044111871,openfacts
8029044111888,openfacts
8029044111987,openfacts
8029044112021,openfacts
8029044112052,openfacts
8029044112106,openfacts
8029044112502,openfacts
8029044112519,openfacts
8029044113738,openfacts
8029044114001,openfacts
8029044114018,openfacts
8029044114490,openfacts
8029044114513,openfacts
8029044116036,openfacts
8029044119235,openfacts
8029054067007,openfacts
8029054067717,openfacts
8029054067724,openfacts
8029054067748,openfacts
8029054114206,openfacts
8029054240240,openfacts
8029054888671,openfacts
8029054889029,openfacts
8029054890131,openfacts
8029054890681,openfacts
8029054890742,openfacts
8029054890759,openfacts
8029054890797,openfacts
8029054890803,openfacts
8029054891053,openfacts
8029054891084,openfacts
8029054892296,openfacts
8029054893200,openfacts
8029054893491,openfacts
8029054893613,openfacts
8029054893750,openfacts
8029054894986,openfacts
8029054895754,usda
8029054896126,usda
8029054896133,usda
8029054896195,usda
8029054896225,usda
8029054896232,usda
8029054896256,openfacts
8029054896621,openfacts
8029054896706,usda
8029054896713,usda
8029054897000,openfacts
8029054897192,openfacts
8029054897383,openfacts
8029054898311,openfacts
8029054898526,openfacts
8029054898908,openfacts
8029054898915,openfacts
8029054898953,openfacts
8029054898960,openfacts
8029054899004,openfacts
8029054899080,openfacts
8029054899547,openfacts
8029054899622,openfacts
8029054899660,openfacts
8029054899677,openfacts
8029054899684,openfacts
8029054900199,openfacts
8029054900250,openfacts
8029054900281,openfacts
8029054900649,openfacts
8029054900663,openfacts
8029054901325,openfacts
8029054901356,openfacts
8029054901363,openfacts
8029054901370,openfacts
8029054901592,openfacts
8029054901608,openfacts
8029054901691,openfacts
8029054902384,openfacts
8029054902407,openfacts
8029054902551,openfacts
8029054902971,openfacts
8029054903329,openfacts
8029054903343,openfacts
8029054903374,openfacts
8029054903381,openfacts
8029054903428,openfacts
8029054903480,openfacts
8029054903503,openfacts
8029054903534,openfacts
8029054903572,openfacts
8029054903602,openfacts
8029054903626,openfacts
8029054903633,openfacts
8029063000026,openfacts
8029065000017,openfacts
8029065000130,openfacts
8029065000390,openfacts
8029065000406,openfacts
8029065000611,openfacts
8029065000642,openfacts
8029065000741,openfacts
8029065000895,openfacts
8029065000949,openfacts
8029065000987,openfacts
8029065001038,openfacts
8029065001199,openfacts
8029065001236,openfacts
8029065001250,openfacts
8029065001441,openfacts
8029065001540,openfacts
8029065001564,openfacts
8029065001588,openfacts
8029065001595,openfacts
8029065001601,openfacts
8029065001724,openfacts
8029065001823,openfacts
8029065001878,openfacts
8029065001915,openfacts
8029065001939,openfacts
8029065001960,openfacts
8029065002011,openfacts
8029065002028,openfacts
8029065002042,openfacts
8029065002196,openfacts
8029065002219,openfacts
8029065002318,openfacts
8029065002356,openfacts
8029065002363,openfacts
8029065002387,openfacts
8029065002516,openfacts
8029065002530,openfacts
8029065002691,openfacts
8029065002790,openfacts
8029065002899,openfacts
8029065002936,openfacts
8029065002981,openfacts
8029065002998,openfacts
8029065003001,openfacts
8029065003193,openfacts
8029065003209,openfacts
8029065003346,openfacts
8029065003360,openfacts
8029065003599,openfacts
8029065003605,openfacts
8029065003612,openfacts
8029065003650,openfacts
8029065003728,openfacts
8029065003735,openfacts
8029065003803,openfacts
8029065003841,openfacts
8029065004220,openfacts
8029065009003,openfacts
8029065009034,openfacts
8029065009058,openfacts
8029065009522,openfacts
8029065009553,openfacts
8029065009577,openfacts
8029065446129,openfacts
8029069000037,openfacts
8029069000044,openfacts
8029069000075,openfacts
8029069000082,openfacts
8029069000150,openfacts
8029075000045,openfacts
8029075000076,openfacts
8029075000083,openfacts
8029075000151,openfacts
8029075000168,openfacts
8029075000212,openfacts
8029075000724,openfacts
8029075000762,openfacts
8029075001110,openfacts
8029075001820,openfacts
8029080000030,openfacts
8029081300023,usda
8029081300047,openfacts
8029081300085,openfacts
8029081400013,openfacts
8029081400068,openfacts
8029081400204,openfacts
8029082101681,openfacts
8029089000277,openfacts
8029089000833,openfacts
8029101314016,openfacts
8029105000441,openfacts
8029112000014,openfacts
8029119550055,openfacts
8029125000070,openfacts
8029126010108,openfacts
8029126270106,openfacts
8029127040753,openfacts
8029127203172,openfacts
8029127308174,openfacts
8029127327175,openfacts
8029127330175,openfacts
8029127341171,openfacts
8029127343175,openfacts
8029131075598,openfacts
8029132001527,openfacts
8029132001855,openfacts
8029132002029,openfacts
8029132002067,openfacts
8029132002111,openfacts
8029132002197,openfacts
8029132002715,openfacts
8029132005396,openfacts
8029132007154,openfacts
8029135000015,openfacts
8029139000011,openfacts
8029140111010,openfacts
8029145000159,openfacts
8029146005269,openfacts
8029146005290,openfacts
8029146005313,openfacts
8029146005320,openfacts
8029146005344,openfacts
8029146005351,openfacts
8029153037123,openfacts
8029161004209,openfacts
8029166221724,openfacts
8029175070313,openfacts
8029175073017,openfacts
8029175073024,openfacts
8029175073130,openfacts
8029175073239,openfacts
8029175073246,openfacts
8029175073253,openfacts
8029175073314,openfacts
8029175073420,openfacts
8029175073536,openfacts
8029175073642,openfacts
8029175073758,openfacts
8029175073864,openfacts
8029175073970,openfacts
8029175074083,openfacts
8029175074199,openfacts
8029175074205,openfacts
8029175074311,openfacts
8029175075622,openfacts
8029175075738,openfacts
8029175075776,openfacts
8029175075844,openfacts
8029175075882,openfacts
8029175076025,openfacts
8029175076131,openfacts
8029175076247,openfacts
8029175076520,openfacts
8029175076728,openfacts
8029175077329,openfacts
8029175080237,openfacts
8029175080725,openfacts
8029175090021,openfacts
8029175090038,openfacts
8029175090212,openfacts
8029175090434,openfacts
8029175090816,openfacts
8029175091721,openfacts
8029175092414,openfacts
8029175092537,openfacts
8029175092551,openfacts
8029175092728,openfacts
8029175092742,openfacts
8029175092858,openfacts
8029175092964,openfacts
8029175093183,openfacts
8029175093299,openfacts
8029175093664,openfacts
8029175093961,openfacts
8029175093978,openfacts
8029175093985,openfacts
8029175093992,openfacts
8029175094005,openfacts
8029175094074,openfacts
8029175094166,openfacts
8029175094173,openfacts
8029175094180,openfacts
8029175094272,openfacts
8029175094289,openfacts
8029175094296,openfacts
8029175094388,openfacts
8029175094395,openfacts
8029175094449,openfacts
8029175094470,openfacts
8029175094487,openfacts
8029175094579,openfacts
8029175094586,openfacts
8029175094883,openfacts
8029175094890,openfacts
8029175095606,openfacts
8029175095705,openfacts
8029175095804,openfacts
8029175096009,openfacts
8029175097044,openfacts
8029175097600,openfacts
8029175097709,openfacts
8029175097808,openfacts
8029175097907,openfacts
8029175098522,openfacts
8029175098638,openfacts
8029175098645,openfacts
8029175099239,openfacts
8029175101574,openfacts
8029175194125,openfacts
8029175194132,openfacts
8029175797005,openfacts
8029175930013,openfacts
8029175931003,openfacts
8029175932017,openfacts
8029175933021,openfacts
8029175934127,openfacts
8029175936008,openfacts
8029175939009,openfacts
8029175940128,openfacts
8029175941231,openfacts
8029182000181,openfacts
8029182000198,openfacts
8029182000211,openfacts
8029182000723,openfacts
8029182009290,openfacts
8029182010142,openfacts
8029182010197,openfacts
8029182010517,openfacts
8029182011781,openfacts
8029184302771,openfacts
8029184302818,openfacts
8029184302894,openfacts
8029184303846,openfacts
8029190182213,openfacts
8029192202506,openfacts
8029202000016,openfacts
8029202000092,openfacts
8029202000580,openfacts
8029202000597,openfacts
8029202000719,openfacts
8029202000917,openfacts
8029202002034,openfacts
8029202004366,openfacts
8029202006827,openfacts
8029218000055,openfacts
8029218002011,openfacts
8029220000081,openfacts
8029220000135,openfacts
8029241100456,openfacts
8029241102061,openfacts
8029241103754,openfacts
8029241103761,openfacts
8029241105659,openfacts
8029241107028,openfacts
8029241110066,openfacts
8029241114927,openfacts
8029241130187,openfacts
8029241130361,openfacts
8029241132150,openfacts
8029241133249,openfacts
8029241134352,openfacts
8029248260528,openfacts
8029250000808,openfacts
8029250000815,openfacts
8029250000822,openfacts
8029250000839,openfacts
8029250000877,openfacts
8029250000884,openfacts
8029250000891,openfacts
8029250000921,openfacts
8029250000938,openfacts
8029250000945,openfacts
8029250001065,openfacts
8029250001072,openfacts
8029250001126,openfacts
8029250001225,openfacts
8029250001256,openfacts
8029250001263,openfacts
8029250001379,openfacts
8029250001560,openfacts
8029250001577,openfacts
8029250001812,openfacts
8029250001829,openfacts
8029250001836,openfacts
8029250001881,openfacts
8029250002017,openfacts
8029250002024,openfacts
8029250002222,openfacts
8029250002352,openfacts
8029251003112,openfacts
8029251003129,openfacts
8029251003136,openfacts
8029251003143,openfacts
8029251003181,openfacts
8029251003228,openfacts
8029251003235,openfacts
8029251003259,openfacts
8029251003266,openfacts
8029251003273,openfacts
8029251003297,openfacts
8029251003341,openfacts
8029251003525,openfacts
8029251004225,openfacts
8029251004256,openfacts
8029251004416,openfacts
8029251004539,openfacts
8029251004607,openfacts
8029251004614,openfacts
8029251004645,openfacts
8029251004652,openfacts
8029251004669,openfacts
8029251004850,openfacts
8029251005062,openfacts
8029251005369,openfacts
8029251005420,openfacts
8029251005604,openfacts
8029251005611,openfacts
8029251005628,openfacts
8029251015504,openfacts
8029251015771,openfacts
8029251023837,openfacts
8029251094066,openfacts
8029251094127,openfacts
8029251094196,openfacts
8029251094288,openfacts
8029251094295,openfacts
8029251204175,openfacts
8029252525439,openfacts
8029255346932,openfacts
8029286000155,openfacts
8029286000179,openfacts
8029286000186,openfacts
8029286000223,openfacts
8029303010112,openfacts
8029303010143,openfacts
8029303010150,openfacts
8029303010228,openfacts
8029303027509,openfacts
8029303035108,openfacts
8029303040065,openfacts
8029303050200,openfacts
8029303050217,openfacts
8029303050224,openfacts
8029303050231,openfacts
8029303050248,openfacts
8029303050255,openfacts
8029303050262,openfacts
8029303050330,openfacts
8029303050842,openfacts
8029303060209,openfacts
8029303060803,openfacts
8029303070260,openfacts
8029303070277,openfacts
8029303070284,openfacts
8029303070291,openfacts
8029303070307,openfacts
8029303070314,openfacts
8029303070345,openfacts
8029303070352,openfacts
8029303070383,openfacts
8029303080399,openfacts
8029303080443,openfacts
8029303080467,openfacts
8029303090114,openfacts
8029303090121,openfacts
8029303090138,openfacts
8029303090190,openfacts
8029303090251,openfacts
8029305060191,openfacts
8029305060207,openfacts
8029319008394,openfacts
8029319008400,openfacts
8029320000820,openfacts
8029322000057,openfacts
8029322000095,openfacts
8029322000101,openfacts
8029322000132,openfacts
8029322000194,openfacts
8029322000217,openfacts
8029322000392,openfacts
8029322000903,openfacts
8029322001016,openfacts
8029322001023,openfacts
8029322001146,openfacts
8029322001177,openfacts
8029322001245,openfacts
8029322002679,openfacts
8029324001311,openfacts
8029324012096,openfacts
8029324012713,openfacts
8029324013895,openfacts
8029324021005,openfacts
8029324040594,openfacts
8029324117012,openfacts
8029324117050,openfacts
8029324119429,openfacts
8029324119504,openfacts
8029339000019,openfacts
8029339000026,openfacts
8029339000552,openfacts
8029339000590,openfacts
8029339000927,openfacts
8029339001115,openfacts
8029339002228,openfacts
8029342000013,openfacts
8029342000020,openfacts
8029342000037,openfacts
8029342000051,openfacts
8029342000136,openfacts
8029342000143,openfacts
8029342000167,openfacts
8029342000228,openfacts
8029342000235,openfacts
8029342000273,openfacts
8029342007906,openfacts
8029342007944,openfacts
8029342008002,openfacts
8029342022183,openfacts
8029342023050,openfacts
8029342027218,openfacts
8029342031048,openfacts
8029342032014,openfacts
8029342032021,openfacts
8029342032168,openfacts
8029342040019,openfacts
8029342040033,openfacts
8029342040101,openfacts
8029342040125,openfacts
8029342040309,openfacts
8029342046035,openfacts
8029342053545,openfacts
8029342053637,openfacts
8029342065968,openfacts
8029342069140,openfacts
8029342444411,openfacts
8029342444442,openfacts
8029343197101,openfacts
8029343197118,openfacts
8029343197149,openfacts
8029343197910,openfacts
8029343197934,openfacts
8029343197958,openfacts
8029343197996,openfacts
8029346000071,openfacts
8029346001030,openfacts
8029346001719,openfacts
8029346002105,openfacts
8029352353307,openfacts
8029352353888,openfacts
8029352460043,openfacts
8029354070202,openfacts
8029354070349,openfacts
8029354070400,openfacts
8029354081000,openfacts
8029354090101,openfacts
8029354100107,openfacts
8029354100602,openfacts
8029354100701,openfacts
8029354305069,openfacts
8029354306332,openfacts
8029354306370,openfacts
8029354306660,openfacts
8029354306684,openfacts
8029354306721,openfacts
8029354306745,openfacts
8029354307131,openfacts
8029354307155,openfacts
8029354307254,openfacts
8029354309425,openfacts
8029354309548,openfacts
8029354310698,openfacts
8029354467026,openfacts
8029356000047,openfacts
8029356003666,openfacts
8029358002155,openfacts
8029358007174,openfacts
8029362000017,openfacts
8029362000062,openfacts
8029363201185,openfacts
8029363201192,openfacts
8029363203110,openfacts
8029363203189,openfacts
8029363203196,openfacts
8029363203288,openfacts
8029363204186,openfacts
8029363205114,openfacts
8029363205183,openfacts
8029363205282,openfacts
8029363206180,openfacts
8029363206289,openfacts
8029363208184,openfacts
8029363208283,openfacts
8029363503418,openfacts
8029363704198,openfacts
8029363705157,openfacts
8029363705195,openfacts
8029363736113,openfacts
8029363759419,openfacts
8029371037172,openfacts
8029371050171,openfacts
8029371051178,openfacts
8029371070179,openfacts
8029371101170,openfacts
8029371113173,openfacts
8029371362175,openfacts
8029371623771,openfacts
8029371625171,openfacts
8029371800172,openfacts
8029371875170,openfacts
8029375000059,openfacts
8029375000103,openfacts
8029375002039,openfacts
8029387210019,openfacts
8029387210033,openfacts
8029387210408,openfacts
8029387210552,openfacts
8029402017081,openfacts
8029404000319,openfacts
8029404000333,openfacts
8029404000777,openfacts
8029404000784,openfacts
8029404000890,openfacts
8029404000982,openfacts
8029404001286,openfacts
8029404001705,openfacts
8029404001712,openfacts
8029404001729,openfacts
8029404002115,openfacts
8029404002191,openfacts
8029404002245,openfacts
8029404002269,openfacts
8029404002276,openfacts
8029404002368,openfacts
8029404002399,openfacts
8029404002443,openfacts
8029404002450,openfacts
8029404002481,openfacts
8029404002498,openfacts
8029404002504,openfacts
8029404002603,openfacts
8029404002733,openfacts
8029404002801,openfacts
8029404002825,openfacts
8029404002863,openfacts
8029404002870,openfacts
8029404003228,openfacts
8029404003235,openfacts
8029404003402,openfacts
8029404003495,openfacts
8029404003525,openfacts
8029404003648,openfacts
8029404003662,openfacts
8029404003761,openfacts
8029404003785,openfacts
8029404003808,openfacts
8029404003969,openfacts
8029404004119,openfacts
8029404004195,openfacts
8029404004263,openfacts
8029404004287,openfacts
8029404004324,openfacts
8029404004478,openfacts
8029404004652,openfacts
8029404004775,openfacts
8029404004782,openfacts
8029404004836,openfacts
8029404004850,openfacts
8029404004904,openfacts
8029404005024,openfacts
8029404005208,openfacts
8029404005239,openfacts
8029404005246,openfacts
8029404005291,openfacts
8029404005307,openfacts
8029404005390,openfacts
8029404005536,openfacts
8029404005598,openfacts
8029404005697,openfacts
8029404005741,openfacts
8029404005826,openfacts
8029404005895,openfacts
8029404005901,openfacts
8029404005932,openfacts
8029404005949,openfacts
8029404005970,openfacts
8029404006007,openfacts
8029404006038,openfacts
8029404006045,openfacts
8029404006069,openfacts
8029404006076,openfacts
8029404006182,openfacts
8029404006250,openfacts
8029404006335,openfacts
8029404006342,openfacts
8029404006359,openfacts
8029404006366,openfacts
8029404006380,openfacts
8029404006410,openfacts
8029404006465,openfacts
8029404006472,openfacts
8029404006496,openfacts
8029404006533,openfacts
8029404006540,openfacts
8029404006557,openfacts
8029404006564,openfacts
8029404006724,openfacts
8029404006748,openfacts
8029404006892,openfacts
8029404006915,openfacts
8029404006960,openfacts
8029404006984,openfacts
8029404007097,openfacts
8029404007158,openfacts
8029404007172,openfacts
8029404007257,openfacts
8029404007370,openfacts
8029404007400,openfacts
8029404007424,openfacts
8029404007639,openfacts
8029404007707,openfacts
8029404007745,openfacts
8029404007790,openfacts
8029404007851,openfacts
8029404007882,openfacts
8029404007899,openfacts
8029404007905,openfacts
8029404007912,openfacts
8029404007929,openfacts
8029404007936,openfacts
8029404007981,openfacts
8029404008032,openfacts
8029404008094,openfacts
8029404008100,openfacts
8029404008117,openfacts
8029404008131,openfacts
8029404008148,openfacts
8029404008155,openfacts
8029404008292,openfacts
8029404008322,openfacts
8029404008339,openfacts
8029404008346,openfacts
8029404008353,openfacts
8029404008391,openfacts
8029404008407,openfacts
8029404008414,openfacts
8029404008445,openfacts
8029404008544,openfacts
8029404008551,openfacts
8029404008568,openfacts
8029404008650,openfacts
8029404008667,openfacts
8029404008773,openfacts
8029404008780,openfacts
8029404008803,openfacts
8029404009008,openfacts
8029404009145,openfacts
8029404009374,openfacts
8029404009442,openfacts
8029404009459,openfacts
8029404009466,openfacts
8029404009534,openfacts
8029404009633,openfacts
8029404009640,openfacts
8029404009657,openfacts
8029404009763,openfacts
8029404009824,openfacts
8029404009978,openfacts
8029404010059,openfacts
8029404010103,openfacts
8029404010189,openfacts
8029404010196,openfacts
8029404010257,openfacts
8029404010288,openfacts
8029404010295,openfacts
8029404010417,openfacts
8029404010424,openfacts
8029404010608,openfacts
8029404010639,openfacts
8029404010660,openfacts
8029404010769,openfacts
8029404010806,openfacts
8029404010820,openfacts
8029404011018,openfacts
8029404011025,openfacts
8029404011056,openfacts
8029404011230,openfacts
8029404011247,openfacts
8029404011285,openfacts
8029404011339,openfacts
8029404011360,openfacts
8029404011391,openfacts
8029404011407,openfacts
8029404011414,openfacts
8029404011421,openfacts
8029404011476,openfacts
8029404011537,openfacts
8029404011544,openfacts
8029404011711,openfacts
8029404012121,openfacts
8029404012138,openfacts
8029404012145,openfacts
8029404012152,openfacts
8029404012312,openfacts
8029404012329,openfacts
8029404012350,openfacts
8029404012367,openfacts
8029404012374,openfacts
8029404012381,openfacts
8029404012466,openfacts
8029404012527,openfacts
8029404012534,openfacts
8029404012572,openfacts
8029404012589,openfacts
8029404012688,openfacts
8029404012763,openfacts
8029404012787,openfacts
8029404012794,openfacts
8029404012800,openfacts
8029404012879,openfacts
8029404013036,openfacts
8029404013159,openfacts
8029404013258,openfacts
8029404013265,openfacts
8029404013289,openfacts
8029404013340,openfacts
8029404013401,openfacts
8029404013418,openfacts
8029404013449,openfacts
8029404013487,openfacts
8029404013531,openfacts
8029404013616,openfacts
8029404013623,openfacts
8029404013685,openfacts
8029404013692,openfacts
8029404013708,openfacts
8029404013715,openfacts
8029404013746,openfacts
8029404013753,openfacts
8029404013869,openfacts
8029404013951,openfacts
8029404013968,openfacts
8029404013975,openfacts
8029404014019,openfacts
8029404014071,openfacts
8029404014118,openfacts
8029404014170,openfacts
8029404014187,openfacts
8029404014323,openfacts
8029404014330,openfacts
8029404014347,openfacts
8029404014354,openfacts
8029404014392,openfacts
8029404014446,openfacts
8029404014514,openfacts
8029404014521,openfacts
8029404014538,openfacts
8029404014613,openfacts
8029404014620,openfacts
8029404014675,openfacts
8029404014743,openfacts
8029404014798,openfacts
8029404014958,openfacts
8029404014965,openfacts
8029404014989,openfacts
8029404014996,openfacts
8029404015030,openfacts
8029404015122,openfacts
8029404015139,openfacts
8029404015245,openfacts
8029404015283,openfacts
8029404015887,openfacts
8029404016075,openfacts
8029404016167,openfacts
8029404016495,openfacts
8029404034802,openfacts
8029404034932,openfacts
8029404082964,openfacts
8029404704828,openfacts
8029408006430,openfacts
8029408008076,openfacts
8029408017290,openfacts
8029408021747,openfacts
8029408022522,openfacts
8029408025905,openfacts
8029408029705,openfacts
8029408030664,openfacts
8029408033177,openfacts
8029408040809,openfacts
8029408044159,openfacts
8029408048263,openfacts
8029408052277,openfacts
8029408064003,openfacts
8029408071575,openfacts
8029408076297,openfacts
8029408076358,openfacts
8029408076389,openfacts
8029408080171,openfacts
8029408081734,openfacts
8029408083431,openfacts
8029408088085,openfacts
8029408091498,openfacts
8029408091542,openfacts
8029408103412,openfacts
8029408109629,openfacts
8029408111684,openfacts
8029408112605,openfacts
8029408117860,openfacts
8029408125353,openfacts
8029408139312,openfacts
8029408146631,openfacts
8029408157958,openfacts
8029408168640,openfacts
8029408183612,openfacts
8029410002734,openfacts
8029410002833,openfacts
8029410003151,openfacts
8029422020078,openfacts
8029422024595,openfacts
8029436000011,openfacts
8029436000028,openfacts
8029439000056,openfacts
8029439000131,openfacts
8029439000148,openfacts
8029439000162,openfacts
8029439000230,openfacts
8029439000728,openfacts
8029439001213,openfacts
8029454000048,openfacts
8029454000130,openfacts
8029454000161,openfacts
8029454000185,openfacts
8029454000215,openfacts
8029454000222,openfacts
8029454000246,openfacts
8029454000253,openfacts
8029454000314,openfacts
8029454000437,openfacts
8029454000741,openfacts
8029454000833,openfacts
8029454000857,openfacts
8029454001052,openfacts
8029454001069,openfacts
8029454001090,openfacts
8029454001120,openfacts
8029454001236,openfacts
8029454001304,openfacts
8029454001359,openfacts
8029454001366,openfacts
8029454001373,openfacts
8029454001564,openfacts
8029454001571,openfacts
8029454001687,openfacts
8029454001700,openfacts
8029454001717,openfacts
8029454001922,openfacts
8029454002271,openfacts
8029454002790,openfacts
8029454002912,openfacts
8029454003155,openfacts
8029454003179,openfacts
8029454003926,openfacts
8029454003995,openfacts
8029454004206,openfacts
8029454004213,openfacts
8029454004817,openfacts
8029454004824,openfacts
8029454004831,openfacts
8029454004855,openfacts
8029454005340,openfacts
8029454005357,openfacts
8029454005401,openfacts
8029454005937,openfacts
8029454101356,openfacts
8029454200066,openfacts
8029454200615,openfacts
8029454201063,openfacts
8029454201094,openfacts
8029454201315,openfacts
8029454203128,openfacts
8029454400022,openfacts
8029454401050,openfacts
8029454401067,openfacts
8029454401074,openfacts
8029454401081,openfacts
8029454401098,openfacts
8029454401920,openfacts
8029454402156,openfacts
8029454402798,openfacts
8029457000014,openfacts
8029457000106,openfacts
8029457000700,openfacts
8029457001905,openfacts
8029457005507,openfacts
8029465000013,openfacts
8029465000037,openfacts
8029465000044,openfacts
8029465000068,openfacts
8029475144004,openfacts
8029475344008,openfacts
8029475375002,openfacts
8029475554001,openfacts
8029475999918,openfacts
8029483000019,openfacts
8029494010069,openfacts
8029494010076,openfacts
8029494010106,openfacts
8029504656027,openfacts
8029508010009,openfacts
8029508012027,openfacts
8029508012034,openfacts
8029508100014,openfacts
8029509001075,openfacts
8029510010158,openfacts
8029512000133,openfacts
8029512000775,openfacts
8029513000002,openfacts
8029513100023,openfacts
8029513100047,openfacts
8029513100054,openfacts
8029513100061,openfacts
8029513100085,openfacts
8029513100092,openfacts
8029513100221,openfacts
8029513100238,openfacts
8029513100252,openfacts
8029513100283,openfacts
8029513100290,openfacts
8029513100306,openfacts
8029513100337,openfacts
8029513100344,openfacts
8029513100351,openfacts
8029513100399,openfacts
8029513100405,openfacts
8029513100429,openfacts
8029513100436,openfacts
8029513100443,openfacts
8029513100450,openfacts
8029513100467,openfacts
8029513100498,openfacts
8029513100504,openfacts
8029513100511,openfacts
8029513100535,openfacts
8029513100559,openfacts
8029513100566,openfacts
8029513100597,openfacts
8029513100603,openfacts
8029513100610,openfacts
8029513100627,openfacts
8029513100634,openfacts
8029513100641,openfacts
8029513100702,openfacts
8029513100719,openfacts
8029513100726,openfacts
8029513100733,openfacts
8029513100740,openfacts
8029513100757,openfacts
8029513100764,openfacts
8029513100832,openfacts
8029513100849,openfacts
8029513100863,openfacts
8029513100870,openfacts
8029513101471,openfacts
8029513101525,openfacts
8029513101532,openfacts
8029513101600,openfacts
8029513101617,openfacts
8029513101624,openfacts
8029513101655,openfacts
8029513101716,openfacts
8029513101723,openfacts
8029513101785,openfacts
8029513101808,openfacts
8029513101846,openfacts
8029513101877,openfacts
8029513101884,openfacts
8029513101907,openfacts
8029513101914,openfacts
8029513101921,openfacts
8029513101990,openfacts
8029513102102,openfacts
8029513102126,openfacts
8029513102140,openfacts
8029513102195,openfacts
8029513102409,openfacts
8029513102423,openfacts
8029513102652,openfacts
8029513102669,openfacts
8029513102683,openfacts
8029513102690,openfacts
8029513102829,openfacts
8029513102836,openfacts
8029513102843,openfacts
8029513102850,openfacts
8029513102942,openfacts
8029513103000,openfacts
8029513103017,openfacts
8029513103024,openfacts
8029513103031,openfacts
8029513103116,openfacts
8029513103123,openfacts
8029513103154,openfacts
8029513103529,openfacts
8029513103536,openfacts
8029513103543,openfacts
8029513103628,openfacts
8029513103819,openfacts
8029513103826,openfacts
8029513104472,openfacts
8029513104540,openfacts
8029513104663,openfacts
8029513104670,openfacts
8029513104724,openfacts
8029513104816,openfacts
8029513104823,openfacts
8029513104830,openfacts
8029513104847,openfacts
8029513104854,openfacts
8029513104861,openfacts
8029513105110,openfacts
8029513105127,openfacts
8029513105196,openfacts
8029513105219,openfacts
8029513105226,openfacts
8029513105233,openfacts
8029513105295,openfacts
8029513105394,openfacts
8029513105417,openfacts
8029513105424,openfacts
8029513105431,openfacts
8029513105448,openfacts
8029513105455,openfacts
8029513105608,openfacts
8029513105684,openfacts
8029513105806,openfacts
8029513105813,openfacts
8029513105912,openfacts
8029513106056,openfacts
8029513106063,openfacts
8029513106070,openfacts
8029513106162,openfacts
8029513106186,openfacts
8029513106223,openfacts
8029513106292,openfacts
8029513106308,openfacts
8029513106322,openfacts
8029513106353,openfacts
8029513106377,openfacts
8029513107053,openfacts
8029513107084,openfacts
8029513107367,openfacts
8029513107374,openfacts
8029513107411,openfacts
8029513107435,openfacts
8029513107442,openfacts
8029513107596,openfacts
8029513107701,openfacts
8029513107862,openfacts
8029513107954,openfacts
8029513107985,openfacts
8029513108098,openfacts
8029513108104,openfacts
8029513108111,openfacts
8029513108159,openfacts
8029513108364,openfacts
8029513108395,openfacts
8029513108418,openfacts
8029513108432,openfacts
8029513108494,openfacts
8029513108500,openfacts
8029513108517,openfacts
8029513108531,openfacts
8029513108548,openfacts
8029513108555,openfacts
8029513108579,openfacts
8029513108593,openfacts
8029513108661,openfacts
8029513108913,openfacts
8029513108920,openfacts
8029513108937,openfacts
8029513108944,openfacts
8029513108951,openfacts
8029513108968,openfacts
8029513108975,openfacts
8029513109040,openfacts
8029513109149,openfacts
8029513109286,openfacts
8029513109293,openfacts
8029513109316,openfacts
8029513109347,openfacts
8029513109378,openfacts
8029513109408,openfacts
8029513109590,openfacts
8029513109859,openfacts
8029513109866,openfacts
8029513109903,openfacts
8029513109996,openfacts
8029513110008,openfacts
8029513110015,openfacts
8029513110022,openfacts
8029513110039,openfacts
8029513110046,openfacts
8029513110053,openfacts
8029513110060,openfacts
8029513110091,openfacts
8029513110121,openfacts
8029513110220,openfacts
8029513110268,openfacts
8029513110275,openfacts
8029513110299,openfacts
8029513110329,openfacts
8029513110497,openfacts
8029513110589,openfacts
8029513110749,openfacts
8029513110794,openfacts
8029513110855,openfacts
8029513111210,openfacts
8029513111227,openfacts
8029513111234,openfacts
8029513111241,openfacts
8029513111265,openfacts
8029513111500,openfacts
8029513111517,openfacts
8029513111609,openfacts
8029513111616,openfacts
8029513111623,openfacts
8029513111869,openfacts
8029513111890,openfacts
8029513111944,openfacts
8029513112064,openfacts
8029513112071,openfacts
8029513112446,openfacts
8029513112460,openfacts
8029513112811,openfacts
8029513112835,openfacts
8029513112941,openfacts
8029513112958,openfacts
8029513112989,openfacts
8029513113009,openfacts
8029513113016,openfacts
8029513113023,openfacts
8029513113573,openfacts
8029513113580,openfacts
8029513113634,openfacts
8029513113641,openfacts
8029513113658,openfacts
8029513113740,openfacts
8029513113764,openfacts
8029513113818,openfacts
8029513113825,openfacts
8029513113832,openfacts
8029513113849,openfacts
8029513113856,openfacts
8029513113863,openfacts
8029513113870,openfacts
8029513113887,openfacts
8029513113931,openfacts
8029513113948,openfacts
8029513113955,openfacts
8029513114075,openfacts
8029513114280,openfacts
8029513114488,openfacts
8029513115133,openfacts
8029513115539,openfacts
8029513115935,openfacts
8029513116161,openfacts
8029513116178,openfacts
8029513116185,openfacts
8029513116192,openfacts
8029513116208,openfacts
8029513116321,openfacts
8029513116338,openfacts
8029513116550,openfacts
8029513116611,openfacts
8029513116710,openfacts
8029513116734,openfacts
8029513116741,openfacts
8029513116871,openfacts
8029513116895,openfacts
8029513116956,openfacts
8029513117038,openfacts
8029513117052,openfacts
8029513117076,openfacts
8029513117182,openfacts
8029513117199,openfacts
8029513117212,openfacts
8029513117403,openfacts
8029513117892,openfacts
8029513118127,openfacts
8029513118585,openfacts
8029513118615,openfacts
8029513118646,openfacts
8029513118653,openfacts
8029513118660,openfacts
8029513118691,openfacts
8029513118783,openfacts
8029513118790,openfacts
8029513118806,openfacts
8029513119230,openfacts
8029513119247,openfacts
8029513119254,openfacts
8029513119278,openfacts
8029513119285,openfacts
8029513119292,openfacts
8029513119308,openfacts
8029513119315,openfacts
8029513119322,openfacts
8029513119339,openfacts
8029513119360,openfacts
8029513119438,openfacts
8029513119445,openfacts
8029513119452,openfacts
8029513119469,openfacts
8029513119476,openfacts
8029513119483,openfacts
8029513119490,openfacts
8029513119582,openfacts
8029513119599,openfacts
8029513119612,openfacts
8029513119629,openfacts
8029513119636,openfacts
8029513119735,openfacts
8029513119759,openfacts
8029513119780,openfacts
8029513119797,openfacts
8029513119803,openfacts
8029513119827,openfacts
8029513119834,openfacts
8029513119841,openfacts
8029513119896,openfacts
8029513119940,openfacts
8029513119957,openfacts
8029513119964,openfacts
8029513119988,openfacts
8029513120021,openfacts
8029513120106,openfacts
8029513120113,openfacts
8029513120298,openfacts
8029513120304,openfacts
8029513120311,openfacts
8029513120328,openfacts
8029513120335,openfacts
8029513120342,openfacts
8029513120366,openfacts
8029513120373,openfacts
8029513120380,openfacts
8029513120496,openfacts
8029513120588,openfacts
8029513120595,openfacts
8029513120601,openfacts
8029513120625,openfacts
8029513120632,openfacts
8029513120649,openfacts
8029513120656,openfacts
8029513120670,openfacts
8029513120687,openfacts
8029513120694,openfacts
8029513120731,openfacts
8029513120748,openfacts
8029513120755,openfacts
8029513120786,openfacts
8029513120793,openfacts
8029513120816,openfacts
8029513120854,openfacts
8029513120861,openfacts
8029513120878,openfacts
8029513120885,openfacts
8029513120892,openfacts
8029513120908,openfacts
8029513120915,openfacts
8029513120922,openfacts
8029513120939,openfacts
8029513120946,openfacts
8029513120953,openfacts
8029513120960,openfacts
8029513120977,openfacts
8029513120984,openfacts
8029513120991,openfacts
8029513121004,openfacts
8029513121028,openfacts
8029513121097,openfacts
8029513121103,openfacts
8029513121110,openfacts
8029513121127,openfacts
8029513121134,openfacts
8029513121158,openfacts
8029513121165,openfacts
8029513121172,openfacts
8029513121189,openfacts
8029513121219,openfacts
8029513121240,openfacts
8029513121257,openfacts
8029513121264,openfacts
8029513121288,openfacts
8029513121295,openfacts
8029513121318,openfacts
8029513121530,openfacts
8029513121547,openfacts
8029513121554,openfacts
8029513121561,openfacts
8029513121646,openfacts
8029513121660,openfacts
8029513121677,openfacts
8029513121684,openfacts
8029513121875,openfacts
8029513121882,openfacts
8029513121899,openfacts
8029513122247,openfacts
8029513122254,openfacts
8029513122285,openfacts
8029513122346,openfacts
8029513122353,openfacts
8029513122360,openfacts
8029513122377,openfacts
8029513122384,openfacts
8029513122391,openfacts
8029513122407,openfacts
8029513122414,openfacts
8029513122421,openfacts
8029513122438,openfacts
8029513122452,openfacts
8029513122469,openfacts
8029513122483,openfacts
8029513122513,openfacts
8029513122520,openfacts
8029513122537,openfacts
8029513122544,openfacts
8029513122575,openfacts
8029513122643,openfacts
8029513122667,openfacts
8029513122698,openfacts
8029513122759,openfacts
8029513122766,openfacts
8029513122773,openfacts
8029513123046,openfacts
8029513123152,openfacts
8029513123169,openfacts
8029513123176,openfacts
8029513123183,openfacts
8029513123220,openfacts
8029513123251,openfacts
8029513123268,openfacts
8029513123275,openfacts
8029513123381,openfacts
8029513123404,openfacts
8029513123411,openfacts
8029513123428,openfacts
8029513123497,openfacts
8029513123527,openfacts
8029513123589,openfacts
8029513123596,openfacts
8029513123602,openfacts
8029513123626,openfacts
8029513123633,openfacts
8029513123671,openfacts
8029513123794,openfacts
8029513123824,openfacts
8029513124074,openfacts
8029513124104,openfacts
8029513124159,openfacts
8029513124760,openfacts
8029513124777,openfacts
8029513124807,openfacts
8029513124920,openfacts
8029513124944,openfacts
8029513124968,openfacts
8029513124975,openfacts
8029513124982,openfacts
8029513125156,openfacts
8029513125187,openfacts
8029513125200,openfacts
8029513125217,openfacts
8029513125224,openfacts
8029513125439,openfacts
8029513125446,openfacts
8029513125453,openfacts
8029513125460,openfacts
8029513125576,openfacts
8029513125675,openfacts
8029513126085,openfacts
8029513126092,openfacts
8029513126108,openfacts
8029513126139,openfacts
8029513126146,openfacts
8029513126153,openfacts
8029513126160,openfacts
8029513126177,openfacts
8029513126191,openfacts
8029513126207,openfacts
8029513126221,openfacts
8029513126238,openfacts
8029513126252,openfacts
8029513126269,openfacts
8029513126276,openfacts
8029513126283,openfacts
8029513126290,openfacts
8029513126313,openfacts
8029513126320,openfacts
8029513126337,openfacts
8029513126344,openfacts
8029513126399,openfacts
8029513126634,openfacts
8029513126641,openfacts
8029513126672,openfacts
8029513126702,openfacts
8029513126726,openfacts
8029513126801,openfacts
8029513126818,openfacts
8029513126917,openfacts
8029513126924,openfacts
8029513126979,openfacts
8029513127013,openfacts
8029513127044,openfacts
8029513127051,openfacts
8029513127112,openfacts
8029513127150,openfacts
8029513127181,openfacts
8029513127211,openfacts
8029513127228,openfacts
8029513127419,openfacts
8029513127433,openfacts
8029513127624,openfacts
8029513127877,openfacts
8029513128003,openfacts
8029513128034,openfacts
8029513128058,openfacts
8029513128065,openfacts
8029513128089,openfacts
8029513128133,openfacts
8029513128225,openfacts
8029513130129,openfacts
8029513130372,openfacts
8029513200044,openfacts
8029513200204,openfacts
8029513200372,openfacts
8029513200426,openfacts
8029513200433,openfacts
8029513200518,openfacts
8029513200617,openfacts
8029513200693,openfacts
8029513200723,openfacts
8029513200808,openfacts
8029513200815,openfacts
8029513200938,openfacts
8029513200969,openfacts
8029513200990,openfacts
8029513201003,openfacts
8029513201010,openfacts
8029513201027,openfacts
8029513201034,openfacts
8029513201249,openfacts
8029513201256,openfacts
8029513201409,openfacts
8029513201416,openfacts
8029513201478,openfacts
8029513201492,openfacts
8029513201522,openfacts
8029513201546,openfacts
8029513201607,openfacts
8029513201638,openfacts
8029513201669,openfacts
8029513201683,openfacts
8029513201966,openfacts
8029513202031,openfacts
8029513202079,openfacts
8029513202536,openfacts
8029513202543,openfacts
8029513202598,openfacts
8029513202604,openfacts
8029513202802,openfacts
8029513202901,openfacts
8029513204356,openfacts
8029513204578,openfacts
8029513204653,openfacts
8029513204813,openfacts
8029513205063,openfacts
8029513205919,openfacts
8029513205926,openfacts
8029513206244,openfacts
8029513206275,openfacts
8029513206282,openfacts
8029513206299,openfacts
8029513206541,openfacts
8029513206909,openfacts
8029513207388,openfacts
8029513207425,openfacts
8029513207449,openfacts
8029513207463,openfacts
8029513207470,openfacts
8029513207494,openfacts
8029513208422,openfacts
8029513208828,openfacts
8029513208873,openfacts
8029513209030,openfacts
8029513209207,openfacts
8029513209559,openfacts
8029513209573,openfacts
8029513209597,openfacts
8029513209672,openfacts
8029513209702,openfacts
8029513209740,openfacts
8029513209832,openfacts
8029513209849,openfacts
8029513210012,openfacts
8029513210098,openfacts
8029513210616,openfacts
8029513210821,openfacts
8029513210845,openfacts
8029513210852,openfacts
8029513210869,openfacts
8029513210876,openfacts
8029513210883,openfacts
8029513210890,openfacts
8029513211125,openfacts
8029513211132,openfacts
8029513211156,openfacts
8029513211491,openfacts
8029513211538,openfacts
8029513211552,openfacts
8029513211675,openfacts
8029513211712,openfacts
8029513211743,openfacts
8029513211750,openfacts
8029513211774,openfacts
8029513212504,openfacts
8029513212702,openfacts
8029513213129,openfacts
8029513213266,openfacts
8029513213310,openfacts
8029513213389,openfacts
8029513213402,openfacts
8029513213655,openfacts
8029513213662,openfacts
8029513213679,openfacts
8029513213716,openfacts
8029513213754,openfacts
8029513213785,openfacts
8029513214089,openfacts
8029513214102,openfacts
8029513214119,openfacts
8029513214126,openfacts
8029513214133,openfacts
8029513214157,openfacts
8029513214164,openfacts
8029513214355,openfacts
8029513214362,openfacts
8029513214409,openfacts
8029513214416,openfacts
8029513214423,openfacts
8029513214447,openfacts
8029513214591,openfacts
8029513214751,openfacts
8029513214836,openfacts
8029513214843,openfacts
8029513214850,openfacts
8029513214874,openfacts
8029513214935,openfacts
8029513214966,openfacts
8029513215024,openfacts
8029513215048,openfacts
8029513215086,openfacts
8029513215109,openfacts
8029513215116,openfacts
8029513215130,openfacts
8029513215154,openfacts
8029513215161,openfacts
8029513215192,openfacts
8029513215246,openfacts
8029513215291,openfacts
8029513215352,openfacts
8029513215369,openfacts
8029513215383,openfacts
8029513215390,openfacts
8029513215413,openfacts
8029513215420,openfacts
8029513215505,openfacts
8029513215666,openfacts
8029513215673,openfacts
8029513215680,openfacts
8029513215697,openfacts
8029513215710,openfacts
8029513215734,openfacts
8029513215741,openfacts
8029513215789,openfacts
8029513215826,openfacts
8029513215833,openfacts
8029513215840,openfacts
8029513215857,openfacts
8029513215864,openfacts
8029513215901,openfacts
8029513215918,openfacts
8029513215932,openfacts
8029513215949,openfacts
8029513215956,openfacts
8029513215963,openfacts
8029513215987,openfacts
8029513216014,openfacts
8029513216021,openfacts
8029513216038,openfacts
8029513216045,openfacts
8029513216052,openfacts
8029513216113,openfacts
8029513216151,openfacts
8029513216168,openfacts
8029513216199,openfacts
8029513216731,openfacts
8029513216755,openfacts
8029513216762,openfacts
8029513216779,openfacts
8029513216786,openfacts
8029513216793,openfacts
8029513216809,openfacts
8029513216823,openfacts
8029513216847,openfacts
8029513216908,openfacts
8029513216915,openfacts
8029513216922,openfacts
8029513216977,openfacts
8029513216984,openfacts
8029513216991,openfacts
8029513217028,openfacts
8029513217066,openfacts
8029513217080,openfacts
8029513217103,openfacts
8029513217110,openfacts
8029513217127,openfacts
8029513217134,openfacts
8029513217141,openfacts
8029513217172,openfacts
8029513217189,openfacts
8029513217202,openfacts
8029513217219,openfacts
8029513217226,openfacts
8029513217233,openfacts
8029513217240,openfacts
8029513217257,openfacts
8029513217264,openfacts
8029513217271,openfacts
8029513217288,openfacts
8029513217387,openfacts
8029513217394,openfacts
8029513217400,openfacts
8029513217417,openfacts
8029513217424,openfacts
8029513217479,openfacts
8029513217493,openfacts
8029513217509,openfacts
8029513217523,openfacts
8029513217530,openfacts
8029513217554,openfacts
8029513217585,openfacts
8029513217592,openfacts
8029513217608,openfacts
8029513217615,openfacts
8029513217639,openfacts
8029513217653,openfacts
8029513217660,openfacts
8029513217684,openfacts
8029513217721,openfacts
8029513217738,openfacts
8029513217745,openfacts
8029513217752,openfacts
8029513217783,openfacts
8029513217790,openfacts
8029513217813,openfacts
8029513217820,openfacts
8029513217837,openfacts
8029513217844,openfacts
8029513217851,openfacts
8029513217868,openfacts
8029513217875,openfacts
8029513217899,openfacts
8029513217950,openfacts
8029513217967,openfacts
8029513217974,openfacts
8029513217998,openfacts
8029513218001,openfacts
8029513218032,openfacts
8029513218056,openfacts
8029513218070,openfacts
8029513218094,openfacts
8029513218100,openfacts
8029513218117,openfacts
8029513218124,openfacts
8029513218131,openfacts
8029513218179,openfacts
8029513218186,openfacts
8029513218230,openfacts
8029513218247,openfacts
8029513218292,openfacts
8029513218391,openfacts
8029513218407,openfacts
8029513218414,openfacts
8029513218421,openfacts
8029513218438,openfacts
8029513218445,openfacts
8029513218452,openfacts
8029513218469,openfacts
8029513218490,openfacts
8029513218506,openfacts
8029513218513,openfacts
8029513218520,openfacts
8029513218551,openfacts
8029513218568,openfacts
8029513218575,openfacts
8029513218612,openfacts
8029513218629,openfacts
8029513218667,openfacts
8029513218674,openfacts
8029513218711,openfacts
8029513218742,openfacts
8029513218759,openfacts
8029513218766,openfacts
8029513218810,openfacts
8029513218827,openfacts
8029513218834,openfacts
8029513219015,openfacts
8029513219022,openfacts
8029513219077,openfacts
8029513219145,openfacts
8029513219169,openfacts
8029513219206,openfacts
8029513219220,openfacts
8029513219268,openfacts
8029513219282,openfacts
8029513219299,openfacts
8029513219329,openfacts
8029513219367,openfacts
8029513219374,openfacts
8029513219411,openfacts
8029513219459,openfacts
8029513219466,openfacts
8029513219473,openfacts
8029513219480,openfacts
8029513219497,openfacts
8029513219503,openfacts
8029513219534,openfacts
8029513219541,openfacts
8029513219558,openfacts
8029513219596,openfacts
8029513219602,openfacts
8029513219619,openfacts
8029513219626,openfacts
8029513219640,openfacts
8029513219657,openfacts
8029513219664,openfacts
8029513219671,openfacts
8029513219688,openfacts
8029513219695,openfacts
8029513219701,openfacts
8029513219718,openfacts
8029513219725,openfacts
8029513219732,openfacts
8029513219756,openfacts
8029513219763,openfacts
8029513219770,openfacts
8029513219817,openfacts
8029513219893,openfacts
8029513220004,openfacts
8029513220011,openfacts
8029513220035,openfacts
8029513220042,openfacts
8029513220059,openfacts
8029513220066,openfacts
8029513220073,openfacts
8029513220080,openfacts
8029513220127,openfacts
8029513220134,openfacts
8029513220141,openfacts
8029513220158,openfacts
8029513220165,openfacts
8029513220172,openfacts
8029513220189,openfacts
8029513220196,openfacts
8029513220202,openfacts
8029513220233,openfacts
8029513220240,openfacts
8029513220257,openfacts
8029513220264,openfacts
8029513220271,openfacts
8029513220288,openfacts
8029513228307,openfacts
8029513228314,openfacts
8029513228352,openfacts
8029513228369,openfacts
8029513228383,openfacts
8029513228413,openfacts
8029513228420,openfacts
8029513228437,openfacts
8029513228444,openfacts
8029513228451,openfacts
8029513228475,openfacts
8029513228482,openfacts
8029513228499,openfacts
8029513228550,openfacts
8029513228567,openfacts
8029513228598,openfacts
8029513228673,openfacts
8029513228697,openfacts
8029513228703,openfacts
8029513228710,openfacts
8029513228727,openfacts
8029513228758,openfacts
8029513228796,openfacts
8029513228833,openfacts
8029513228840,openfacts
8029513228857,openfacts
8029513228932,openfacts
8029513228956,openfacts
8029513229168,openfacts
8029513229182,openfacts
8029513229199,openfacts
8029513229205,openfacts
8029513229250,openfacts
8029513229311,openfacts
8029513229403,openfacts
8029513229489,openfacts
8029513229540,openfacts
8029513229786,openfacts
8029513230447,openfacts
8029513277091,openfacts
8029513300072,openfacts
8029513300164,openfacts
8029513300195,openfacts
8029513300232,openfacts
8029513300263,openfacts
8029513300331,openfacts
8029513300379,openfacts
8029513300393,openfacts
8029513300409,openfacts
8029513300416,openfacts
8029513300652,openfacts
8029513301277,openfacts
8029513301857,openfacts
8029513301888,openfacts
8029513301895,openfacts
8029513301901,openfacts
8029513301987,openfacts
8029513302014,openfacts
8029513302038,openfacts
8029513302045,openfacts
8029513302052,openfacts
8029513302069,openfacts
8029513302090,openfacts
8029513302120,openfacts
8029513302526,openfacts
8029513302533,openfacts
8029513302540,openfacts
8029513302557,openfacts
8029513302571,openfacts
8029513302670,openfacts
8029513303295,openfacts
8029513303301,openfacts
8029513304841,openfacts
8029513304858,openfacts
8029513304865,openfacts
8029513304919,openfacts
8029513304926,openfacts
8029513304933,openfacts
8029513305022,openfacts
8029513305046,openfacts
8029513305053,openfacts
8029513305060,openfacts
8029513305084,openfacts
8029513305091,openfacts
8029513305107,openfacts
8029513305114,openfacts
8029513305121,openfacts
8029513305145,openfacts
8029513305152,openfacts
8029513305367,openfacts
8029513305459,openfacts
8029513305466,openfacts
8029513305473,openfacts
8029513305480,openfacts
8029513305503,openfacts
8029513305510,openfacts
8029513305527,openfacts
8029513305534,openfacts
8029513305541,openfacts
8029513305572,openfacts
8029513305589,openfacts
8029513305596,openfacts
8029513305602,openfacts
8029513305619,openfacts
8029513305633,openfacts
8029513305640,openfacts
8029513305664,openfacts
8029513305688,openfacts
8029513305695,openfacts
8029513305718,openfacts
8029513305725,openfacts
8029513305732,openfacts
8029513305749,openfacts
8029513305756,openfacts
8029513305763,openfacts
8029513305770,openfacts
8029513305787,openfacts
8029513305794,openfacts
8029513305800,openfacts
8029513305824,openfacts
8029513305848,openfacts
8029513305855,openfacts
8029513305862,openfacts
8029513305879,openfacts
8029513305886,openfacts
8029513305893,openfacts
8029513305909,openfacts
8029513305930,openfacts
8029513305947,openfacts
8029513305954,openfacts
8029513305978,openfacts
8029513305992,openfacts
8029513306005,openfacts
8029513306012,openfacts
8029513306029,openfacts
8029513306074,openfacts
8029513306081,openfacts
8029513306098,openfacts
8029513306104,openfacts
8029513306135,openfacts
8029513306166,openfacts
8029513306173,openfacts
8029513306180,openfacts
8029513306197,openfacts
8029513306203,openfacts
8029513306210,openfacts
8029513306227,openfacts
8029513306272,openfacts
8029513306289,openfacts
8029513306296,openfacts
8029513306302,openfacts
8029513306371,openfacts
8029513306388,openfacts
8029513306395,openfacts
8029513306401,openfacts
8029513306418,openfacts
8029513306425,openfacts
8029513306432,openfacts
8029513306463,openfacts
8029513306470,openfacts
8029513306487,openfacts
8029513306494,openfacts
8029513306500,openfacts
8029513306531,openfacts
8029513306548,openfacts
8029513306593,openfacts
8029513306609,openfacts
8029513306623,openfacts
8029513306678,openfacts
8029513306692,openfacts
8029513306708,openfacts
8029513306715,openfacts
8029513306746,openfacts
8029513306753,openfacts
8029513306760,openfacts
8029513306777,openfacts
8029513306791,openfacts
8029513306821,openfacts
8029513306845,openfacts
8029513306852,openfacts
8029513306869,openfacts
8029513306876,openfacts
8029513306890,openfacts
8029513306906,openfacts
8029513306913,openfacts
8029513306920,openfacts
8029513306944,openfacts
8029513306982,openfacts
8029513307002,openfacts
8029513307040,openfacts
8029513307095,openfacts
8029513307101,openfacts
8029513307132,openfacts
8029513307170,openfacts
8029513307200,openfacts
8029513307217,openfacts
8029513307224,openfacts
8029513307231,openfacts
8029513307248,openfacts
8029513307262,openfacts
8029513307323,openfacts
8029513307354,openfacts
8029513307408,openfacts
8029513307453,openfacts
8029513307460,openfacts
8029513307477,openfacts
8029513307484,openfacts
8029513307491,openfacts
8029513307552,openfacts
8029513307569,openfacts
8029513307620,openfacts
8029513307637,openfacts
8029513307644,openfacts
8029513307743,openfacts
8029513307880,openfacts
8029513308061,openfacts
8029513308078,openfacts
8029513308139,openfacts
8029513308146,openfacts
8029513308160,openfacts
8029513308207,openfacts
8029513308238,openfacts
8029513308283,openfacts
8029513308320,openfacts
8029513308337,openfacts
8029513308351,openfacts
8029513308481,openfacts
8029513308498,openfacts
8029513314574,openfacts
8029513438621,openfacts
8029520100122,openfacts
8029520100146,openfacts
8029528000028,openfacts
8029528003142,openfacts
8029533000013,openfacts
8029533000075,openfacts
8029533000099,openfacts
8029533000136,openfacts
8029533000204,openfacts
8029533000402,openfacts
8029533000471,openfacts
8029535102050,openfacts
8029535102609,openfacts
8029535104009,openfacts
8029535104139,openfacts
8029535104504,openfacts
8029535105006,openfacts
8029535106003,openfacts
8029535107000,openfacts
8029535108007,openfacts
8029535109103,openfacts
8029535109608,openfacts
8029535110000,openfacts
8029535110703,openfacts
8029535112738,openfacts
8029535113001,openfacts
8029535114008,openfacts
8029535115500,openfacts
8029535118013,openfacts
8029535118983,openfacts
8029535119508,openfacts
8029535121006,openfacts
8029535125004,openfacts
8029535126001,openfacts
8029535128005,openfacts
8029535129002,openfacts
8029535133009,openfacts
8029535139001,openfacts
8029535300005,openfacts
8029535304508,openfacts
8029535305000,openfacts
8029535306007,openfacts
8029535319519,openfacts
8029535320010,openfacts
8029535320515,openfacts
8029535321017,openfacts
8029535321512,openfacts
8029535322014,openfacts
8029535323004,openfacts
8029535324506,openfacts
8029535402006,openfacts
8029535409005,openfacts
8029535410001,openfacts
8029535412005,openfacts
8029535413002,openfacts
8029535418007,openfacts
8029535801014,openfacts
8029535802004,openfacts
8029535802028,openfacts
8029535802035,openfacts
8029535802097,openfacts
8029535802134,openfacts
8029535802530,openfacts
8029535802608,openfacts
8029535804510,openfacts
8029535805005,openfacts
8029535805012,openfacts
8029535809003,openfacts
8029535809010,openfacts
8029535809096,openfacts
8029535810016,openfacts
8029535812010,openfacts
8029535812034,openfacts
8029535812096,openfacts
8029535812430,openfacts
8029535812706,openfacts
8029535812904,openfacts
8029535813604,openfacts
8029535818012,openfacts
8029535818098,openfacts
8029535818609,openfacts
8029535819002,openfacts
8029535826000,openfacts
8029535827007,openfacts
8029535902001,openfacts
8029535908003,openfacts
8029535918002,openfacts
8029552500341,openfacts
8029553000840,openfacts
8029558000661,openfacts
8029558001996,openfacts
8029566741105,openfacts
8029572000777,openfacts
8029572000852,openfacts
8029574003134,openfacts
8029574003141,openfacts
8029574006005,openfacts
8029574006241,openfacts
8029583636750,openfacts
8029583672444,openfacts
8029589004409,openfacts
8029589005093,openfacts
8029591002189,openfacts
8029591002400,openfacts
8029591002417,openfacts
8029591002455,openfacts
8029591003025,openfacts
8029591005340,openfacts
8029596000227,openfacts
8029596000234,openfacts
8029596000258,openfacts
8029596000265,openfacts
8029597000202,openfacts
8029597000417,openfacts
8029616900070,openfacts
8029622000733,openfacts
8029622001150,openfacts
8029622001181,openfacts
8029622001297,openfacts
8029622001303,openfacts
8029622001372,openfacts
8029622001396,openfacts
8029622003703,openfacts
8029622005455,openfacts
8029623000107,openfacts
8029623000305,openfacts
8029623000404,openfacts
8029623000701,openfacts
8029623000909,openfacts
8029623910116,openfacts
8029623910123,openfacts
8029627152215,openfacts
8029633000036,openfacts
8029633000104,openfacts
8029633003013,openfacts
8029633003020,openfacts
8029633003082,openfacts
8029633003099,openfacts
8029633003143,openfacts
8029633003150,openfacts
8029633003242,openfacts
8029633003259,openfacts
8029633003341,openfacts
8029633003358,openfacts
8029633003471,openfacts
8029633003662,openfacts
8029633003679,openfacts
8029633003747,openfacts
8029633003761,openfacts
8029633003839,openfacts
8029633003853,openfacts
8029633003877,openfacts
8029633003907,openfacts
8029633003914,openfacts
8029633003921,openfacts
8029633003938,openfacts
8029633003983,openfacts
8029633005086,openfacts
8029633006007,openfacts
8029633006069,openfacts
8029633010240,openfacts
8029633013012,openfacts
8029633013036,openfacts
8029633013050,openfacts
8029633013074,openfacts
8029633013111,openfacts
8029633013135,openfacts
8029633013142,openfacts
8029633013173,openfacts
8029633013197,openfacts
8029633013265,openfacts
8029633013289,openfacts
8029633013302,openfacts
8029633013340,openfacts
8029633013371,openfacts
8029633013463,openfacts
8029633013524,openfacts
8029633066285,openfacts
8029633105151,openfacts
8029633105168,openfacts
8029643000019,openfacts
8029643000200,openfacts
8029643000217,openfacts
8029643000613,openfacts
8029643000637,openfacts
8029643000644,openfacts
8029643000965,openfacts
8029643001009,openfacts
8029643001252,openfacts
8029643002150,openfacts
8029643002174,openfacts
8029643002198,openfacts
8029643002266,openfacts
8029643002310,openfacts
8029643002334,openfacts
8029643002358,openfacts
8029643002396,openfacts
8029643002600,openfacts
8029643002648,openfacts
8029647001111,openfacts
8029647001173,openfacts
8029647001333,openfacts
8029650000354,openfacts
8029650000378,openfacts
8029650004536,openfacts
8029650004543,openfacts
8029650004567,openfacts
8029650004574,openfacts
8029650004802,openfacts
8029650004840,openfacts
8029650005243,openfacts
8029650005250,openfacts
8029650006165,openfacts
8029650006196,openfacts
8029655000137,openfacts
8029655000328,openfacts
8029655000427,openfacts
8029655000588,openfacts
8029655000748,openfacts
8029655001011,openfacts
8029655001684,openfacts
8029655001714,openfacts
8029655001806,openfacts
8029655005019,openfacts
8029655005026,openfacts
8029655005033,openfacts
8029655005040,openfacts
8029655005095,openfacts
8029655005118,openfacts
8029655005125,openfacts
8029655005156,openfacts
8029655005163,openfacts
8029656000037,openfacts
8029656000044,openfacts
8029656000051,openfacts
8029670000815,openfacts
8029677111033,openfacts
8029678000084,openfacts
8029678000169,openfacts
8029678000176,openfacts
8029678000282,openfacts
8029678000329,openfacts
8029678000381,openfacts
8029678000428,openfacts
8029678000527,openfacts
8029678000626,openfacts
8029678000688,openfacts
8029678000886,openfacts
8029678000923,openfacts
8029678000978,openfacts
8029678001036,openfacts
8029678001203,openfacts
8029678001227,openfacts
8029678001289,openfacts
8029678001326,openfacts
8029678001388,openfacts
8029678001401,openfacts
8029678001432,openfacts
8029678001494,openfacts
8029678001586,openfacts
8029678001760,openfacts
8029678001791,openfacts
8029678001807,openfacts
8029678002033,openfacts
8029678002255,openfacts
8029678002538,openfacts
8029678002552,openfacts
8029678002811,openfacts
8029678002835,openfacts
8029678002958,openfacts
8029678003023,openfacts
8029678003030,openfacts
8029678003054,openfacts
8029678003061,openfacts
8029678003078,openfacts
8029678003474,openfacts
8029678003498,openfacts
8029678003535,openfacts
8029678003801,openfacts
8029678003818,openfacts
8029678004037,openfacts
8029678004129,openfacts
8029678004228,openfacts
8029678004921,openfacts
8029678004976,openfacts
8029678004990,openfacts
8029678005034,openfacts
8029678005041,openfacts
8029678005065,openfacts
8029678005096,openfacts
8029678007038,openfacts
8029678009032,openfacts
8029678009100,openfacts
8029678010038,openfacts
8029678010083,openfacts
8029678012032,openfacts
8029678013039,openfacts
8029678014036,openfacts
8029678015033,openfacts
8029678017105,openfacts
8029678020068,openfacts
8029678024035,openfacts
8029678101514,openfacts
8029678101613,openfacts
8029678101712,openfacts
8029678110004,openfacts
8029678110028,openfacts
8029678110042,openfacts
8029678110059,openfacts
8029678110073,openfacts
8029678200095,openfacts
8029678300092,openfacts
8029678990101,openfacts
8029678990439,openfacts
8029678990880,openfacts
8029680000089,openfacts
8029680007255,openfacts
8029680007767,openfacts
8029680008016,openfacts
8029680008900,openfacts
8029680009082,openfacts
8029682011304,openfacts
8029682011311,openfacts
8029682016057,openfacts
8029682016309,openfacts
8029682016316,openfacts
8029682016514,openfacts
8029682016538,openfacts
8029682016637,openfacts
8029682017016,openfacts
8029682017061,openfacts
8029682038011,openfacts
8029682038028,openfacts
8029682038035,openfacts
8029682038042,openfacts
8029682038059,openfacts
8029682038080,openfacts
8029682038127,openfacts
8029682038141,openfacts
8029684000139,openfacts
8029689002589,openfacts
8029689002688,openfacts
8029689002695,openfacts
8029689002800,openfacts
8029689002879,openfacts
8029689003555,openfacts
8029689003562,openfacts
8029689003623,openfacts
8029689003647,openfacts
8029689003777,openfacts
8029689003784,openfacts
8029689003999,openfacts
8029689004002,openfacts
8029689004101,openfacts
8029689004118,openfacts
8029689004217,openfacts
8029689004293,openfacts
8029689004309,openfacts
8029689004446,openfacts
8029689004484,openfacts
8029689004507,openfacts
8029689004545,openfacts
8029689004620,openfacts
8029689004651,openfacts
8029689004811,openfacts
8029689004866,openfacts
8029689004897,openfacts
8029689004965,openfacts
8029689005023,openfacts
8029689005146,openfacts
8029689005221,openfacts
8029689005290,openfacts
8029689005337,openfacts
8029689005412,openfacts
8029689005429,openfacts
8029689005511,openfacts
8029689005535,openfacts
8029689005559,openfacts
8029689005580,openfacts
8029689005627,openfacts
8029689005665,openfacts
8029689005771,openfacts
8029689005801,openfacts
8029689005887,openfacts
8029689005900,openfacts
8029689006013,openfacts
8029689006099,openfacts
8029689006129,openfacts
8029689006150,openfacts
8029689006235,openfacts
8029689006266,openfacts
8029689006280,openfacts
8029689006297,openfacts
8029689006341,openfacts
8029689006358,openfacts
8029689006389,openfacts
8029689006457,openfacts
8029689006495,openfacts
8029689006563,openfacts
8029689006617,openfacts
8029689006624,openfacts
8029689006747,openfacts
8029689006808,openfacts
8029689006815,openfacts
8029689006853,openfacts
8029689006860,openfacts
8029689006877,openfacts
8029689006969,openfacts
8029689007072,openfacts
8029689007263,openfacts
8029689007331,openfacts
8029689007430,openfacts
8029689007447,openfacts
8029689007454,openfacts
8029689007553,openfacts
8029689007690,openfacts
8029689007706,openfacts
8029689007713,openfacts
8029689007836,openfacts
8029689007980,openfacts
8029689008277,openfacts
8029689008307,openfacts
8029689008666,openfacts
8029689008673,openfacts
8029689008703,openfacts
8029689008710,openfacts
8029689008741,openfacts
8029689008765,openfacts
8029689008932,openfacts
8029689009014,openfacts
8029689009045,openfacts
8029689009076,openfacts
8029689009090,openfacts
8029689009458,openfacts
8029689009694,openfacts
8029689009892,openfacts
8029689020002,openfacts
8029689020132,openfacts
8029689020149,openfacts
8029689020217,openfacts
8029689020224,openfacts
8029689020712,openfacts
8029689020774,openfacts
8029689020781,openfacts
8029689020804,openfacts
8029689020842,openfacts
8029689020859,openfacts
8029689020972,openfacts
8029689021177,openfacts
8029689021283,openfacts
8029689021306,openfacts
8029689021313,openfacts
8029689021320,openfacts
8029689021412,openfacts
8029689021511,openfacts
8029689021542,openfacts
8029689021559,openfacts
8029689021597,openfacts
8029689021610,openfacts
8029689021627,openfacts
8029689021658,openfacts
8029689021665,openfacts
8029689021801,openfacts
8029689021825,openfacts
8029689021849,openfacts
8029689021863,openfacts
8029689022389,openfacts
8029689022396,openfacts
8029689022402,openfacts
8029689022532,openfacts
8029689022549,openfacts
8029689022624,openfacts
8029689022631,openfacts
8029689022655,openfacts
8029689022679,openfacts
8029689022693,openfacts
8029689022716,openfacts
8029689022792,openfacts
8029689022815,openfacts
8029689022846,openfacts
8029689022853,openfacts
8029689022860,openfacts
8029689022877,openfacts
8029689022884,openfacts
8029689022914,openfacts
8029689022976,openfacts
8029689022983,openfacts
8029689023010,openfacts
8029689023041,openfacts
8029689023065,openfacts
8029689023133,openfacts
8029689023140,openfacts
8029689023188,openfacts
8029689023294,openfacts
8029689023362,openfacts
8029689023430,openfacts
8029689023522,openfacts
8029689023669,openfacts
8029689023676,openfacts
8029689023997,openfacts
8029689024079,openfacts
8029689024086,openfacts
8029689024130,openfacts
8029689024185,openfacts
8029689024208,openfacts
8029689024215,openfacts
8029689024291,openfacts
8029689024314,openfacts
8029689024321,openfacts
8029689024345,openfacts
8029689024376,openfacts
8029689024390,openfacts
8029689024512,openfacts
8029689024536,openfacts
8029689024826,openfacts
8029689024987,openfacts
8029689025052,openfacts
8029689025090,openfacts
8029689025168,openfacts
8029689025243,openfacts
8029689025274,openfacts
8029689025281,openfacts
8029689025298,openfacts
8029689025304,openfacts
8029689025311,openfacts
8029689025335,openfacts
8029689025342,openfacts
8029689025403,openfacts
8029689025427,openfacts
8029689025434,openfacts
8029689025441,openfacts
8029689025496,openfacts
8029689025595,openfacts
8029689025656,openfacts
8029689025687,openfacts
8029689025694,openfacts
8029689025717,openfacts
8029689025724,openfacts
8029689025731,openfacts
8029689025748,openfacts
8029689025755,openfacts
8029689025762,openfacts
8029689025786,openfacts
8029689025793,openfacts
8029689025823,openfacts
8029689025830,openfacts
8029689025847,openfacts
8029689025854,openfacts
8029689025861,openfacts
8029689025878,openfacts
8029689025885,openfacts
8029689025892,openfacts
8029689025908,openfacts
8029689025915,openfacts
8029689025922,openfacts
8029689025939,openfacts
8029689025946,openfacts
8029689025953,openfacts
8029689025960,openfacts
8029689025977,openfacts
8029689025984,openfacts
8029689025991,openfacts
8029689026011,openfacts
8029689026028,openfacts
8029689026035,openfacts
8029689026066,openfacts
8029689026073,openfacts
8029689026103,openfacts
8029689026110,openfacts
8029689026134,openfacts
8029689026141,openfacts
8029689026158,openfacts
8029689026165,openfacts
8029689026172,openfacts
8029689026288,openfacts
8029689026295,openfacts
8029689026301,openfacts
8029689026318,openfacts
8029689026547,openfacts
8029689026561,openfacts
8029689026592,openfacts
8029689026646,openfacts
8029689026820,openfacts
8029689040079,openfacts
8029689040116,openfacts
8029689040123,openfacts
8029689040208,openfacts
8029689040215,openfacts
8029689040482,openfacts
8029689042660,openfacts
8029689446444,openfacts
8029689446499,openfacts
8029689663346,openfacts
8029698005243,openfacts
8029703000010,openfacts
8029703000034,openfacts
8029703000058,openfacts
8029706006002,openfacts
8029706020008,openfacts
8029706100007,openfacts
8029706151009,openfacts
8029706188005,openfacts
8029714402711,openfacts
8029716222713,openfacts
8029716222737,openfacts
8029716222744,openfacts
8029716234822,openfacts
8029716235010,openfacts
8029716363607,openfacts
8029716543764,openfacts
8029716543771,openfacts
8029716745434,openfacts
8029716745441,openfacts
8029716754450,openfacts
8029716754542,openfacts
8029716754559,openfacts
8029716754672,openfacts
8029716758885,openfacts
8029716765432,openfacts
8029716931301,openfacts
8029716931424,openfacts
8029716931431,openfacts
8029716931448,openfacts
8029716931462,openfacts
8029716931707,openfacts
8029716931912,openfacts
8029716933428,openfacts
8029716936702,openfacts
8029735000019,openfacts
8029749000012,openfacts
8029749000050,openfacts
8029754001226,openfacts
8029754001400,openfacts
8029761000045,openfacts
8029761002254,openfacts
8029761002261,openfacts
8029762236702,openfacts
8029766000118,openfacts
8029774000827,openfacts
8029774000841,openfacts
8029774000964,openfacts
8029774000971,openfacts
8029774001091,openfacts
8029774001114,openfacts
8029774001138,openfacts
8029774001503,openfacts
8029774001527,openfacts
8029774002098,openfacts
8029774003064,openfacts
8029774003071,openfacts
8029774003316,openfacts
8029774005303,openfacts
8029774100527,openfacts
8029774100541,openfacts
8029774100619,openfacts
8029774100626,openfacts
8029774100657,openfacts
8029774100794,openfacts
8029774100800,openfacts
8029774100985,openfacts
8029774100992,openfacts
8029774101104,openfacts
8029774101135,openfacts
8029774101142,openfacts
8029774102231,openfacts
8029774104075,openfacts
8029774120044,openfacts
8029774120402,openfacts
8029774120907,openfacts
8029774121003,openfacts
8029774123007,openfacts
8029774123205,openfacts
8029774124066,openfacts
8029774124400,openfacts
8029774125308,openfacts
8029774126015,openfacts
8029774126107,openfacts
8029774126206,openfacts
8029774127005,openfacts
8029774127500,openfacts
8029774127791,openfacts
8029774128057,openfacts
8029774128101,openfacts
8029774141018,openfacts
8029774143074,openfacts
8029774146068,openfacts
8029774147003,openfacts
8029774160057,openfacts
8029774160101,openfacts
8029781010017,openfacts
8029781010055,openfacts
8029781010079,openfacts
8029781010215,openfacts
8029781010246,openfacts
8029781011014,openfacts
8029781011052,openfacts
8029781011083,openfacts
8029781011137,openfacts
8029781011281,openfacts
8029781011380,openfacts
8029781011403,openfacts
8029781011540,openfacts
8029781011915,openfacts
8029781012028,openfacts
8029781016033,openfacts
8029781018051,openfacts
8029781018068,openfacts
8029794007523,openfacts
8029794007585,openfacts
8029794007622,openfacts
8029794007639,openfacts
8029796000119,openfacts
8029796000218,openfacts
8029796107221,openfacts
8029800000012,openfacts
8029800000029,openfacts
8029803000071,openfacts
8029803000088,openfacts
8029804000889,openfacts
8029804001183,openfacts
8029804001671,openfacts
8029804001800,openfacts
8029804001824,openfacts
8029804003262,openfacts
8029804003910,openfacts
8029804004306,openfacts
8029804004627,openfacts
8029804004665,openfacts
8029804004818,openfacts
8029804005273,openfacts
8029804007284,openfacts
8029804009820,openfacts
8029804009905,openfacts
8029804010321,openfacts
8029804011403,openfacts
8029804011410,openfacts
8029804011434,openfacts
8029804011441,openfacts
8029804012950,openfacts
8029804013018,openfacts
8029806000016,openfacts
8029806000023,openfacts
8029806000078,openfacts
8029806000085,openfacts
8029806000092,openfacts
8029806000108,openfacts
8029806000153,openfacts
8029810000019,openfacts
8029810000033,openfacts
8029810000040,openfacts
8029810000064,openfacts
8029810000071,openfacts
8029810000101,openfacts
8029810000125,openfacts
8029810000132,openfacts
8029810000149,openfacts
8029810000224,openfacts
8029810000231,openfacts
8029810000354,openfacts
8029810000361,openfacts
8029810000378,openfacts
8029810000446,openfacts
8029810000538,openfacts
8029821000060,openfacts
8029831000029,openfacts
8029864130007,openfacts
8029869000015,openfacts
8029869000022,openfacts
8029869000046,openfacts
8029869000121,openfacts
8029869000176,openfacts
8029869000268,openfacts
8029869000299,openfacts
8029869000398,openfacts
8029869000596,openfacts
8029869000664,openfacts
8029870025861,openfacts
8029870072780,openfacts
8029875000016,openfacts
8029875000054,openfacts
8029880100091,openfacts
8029880123458,openfacts
8029880140042,openfacts
8029880900066,openfacts
8029885002116,openfacts
8029885002123,openfacts
8029885004110,openfacts
8029885009108,openfacts
8029886587001,openfacts
8029892005018,openfacts
8029912000504,openfacts
8029914006016,openfacts
8029914007020,openfacts
8029914008614,openfacts
8029914008638,openfacts
8029914008652,openfacts
8029914008683,openfacts
8029914008751,openfacts
8029914008768,openfacts
8029914008782,openfacts
8029914008805,openfacts
8029914008843,openfacts
8029914008911,openfacts
8029934000056,openfacts
8029934000117,openfacts
8029934000407,openfacts
8029934000520,openfacts
8029934000919,openfacts
8029934001510,openfacts
8029934005631,openfacts
8029934006027,openfacts
8029934011922,openfacts
8029934012080,openfacts
8029934012110,openfacts
8029934012127,openfacts
8029934012172,openfacts
8029934012271,openfacts
8029934012530,openfacts
8029934012561,openfacts
8029934012622,openfacts
8029934012738,openfacts
8029947309979,openfacts
8029947337392,openfacts
8029952000014,openfacts
8029952000106,openfacts
8029952000144,openfacts
8029952000212,openfacts
8029952000304,openfacts
8029952000359,openfacts
8029952000410,openfacts
8029952000441,openfacts
8029952000649,openfacts
8029952000656,openfacts
8029952000793,openfacts
8029952000830,openfacts
8029952000953,openfacts
8029952001004,openfacts
8029952001097,openfacts
8029952001103,openfacts
8029952001509,openfacts
8029952001547,openfacts
8029952001585,openfacts
8029952001615,openfacts
8029952001691,openfacts
8029952001820,openfacts
8029952001912,openfacts
8029960000051,openfacts
8029960000228,openfacts
8029960000235,openfacts
8029960000648,openfacts
8029960001232,openfacts
8029960001324,openfacts
8029960002529,openfacts
8029960003182,openfacts
8029960007302,openfacts
8029960007807,openfacts
8029960008002,openfacts
8029960008101,openfacts
8029960008439,openfacts
8029960008453,openfacts
8029960180203,openfacts
8029964040213,openfacts
8029964040220,openfacts
8029964040503,openfacts
8029964041029,openfacts
8029964041104,openfacts
8029964041203,openfacts
8029964041234,openfacts
8029964043115,openfacts
8029964047045,openfacts
8029964047069,openfacts
8029964047236,openfacts
8029964048042,openfacts
8029964048110,openfacts
8029964048233,openfacts
8029964049049,openfacts
8029964049117,openfacts
8029964050045,openfacts
8029964050069,openfacts
8029964050113,openfacts
8029964051042,openfacts
8029964052049,openfacts
8029964053022,openfacts
8029964053046,openfacts
8029964055026,openfacts
8029964055040,openfacts
8029964055118,openfacts
8029964065049,openfacts
8029964065117,openfacts
8029964065216,openfacts
8029964071019,openfacts
8029964071040,openfacts
8029964072313,openfacts
8029964077042,openfacts
8029964079046,openfacts
8029964080042,openfacts
8029964084248,openfacts
8029964085245,openfacts
8029964089069,openfacts
8029964090065,openfacts
8029964091239,openfacts
8029964092236,openfacts
8029964412003,openfacts
8029964412102,openfacts
8029964470409,openfacts
8029964520401,openfacts
8029964550408,openfacts
8029964790408,openfacts
8029964990389,openfacts
8029972861435,openfacts
8029977000525,openfacts
8029977000778,openfacts
8029977001461,openfacts
8029977002710,openfacts
8029984100072,openfacts
8029984100379,openfacts
8029984100461,openfacts
8029984100478,openfacts
8029984100485,openfacts
8029984100492,openfacts
8029984100560,openfacts
8029984100690,openfacts
8029984100911,openfacts
8029984101055,openfacts
8029988000101,openfacts
8029988000804,openfacts
8029988003003,openfacts
8029988003034,openfacts
8029988004031,openfacts
8029988004086,openfacts
8029988004123,openfacts
8029988004130,openfacts
8029988007216,openfacts
8029988009159,openfacts
8029988009265,openfacts
8029989000049,openfacts
8029989000056,openfacts
8029989000094,openfacts
8029989000155,openfacts
8029989000162,openfacts
8029989000179,openfacts
8029989000186,openfacts
8029989000230,openfacts
8029989000384,openfacts
8029989000476,openfacts
8029989000490,openfacts
8029991000020,openfacts
8029991000198,openfacts
8029997100014,openfacts
8029997100021,openfacts
8029997100038,openfacts
8029997100045,openfacts
8029997105026,openfacts
8029997105224,openfacts
8029997300025,openfacts
8029997300100,openfacts
8029997400022,openfacts
8029997500012,openfacts
8029997500029,openfacts
8029997500081,openfacts
8029997500098,openfacts
8029997500128,openfacts
8029997500142,openfacts
8029997500159,openfacts
8029997501200,openfacts
8029997601023,openfacts
8029997700054,openfacts
8029997720021,openfacts
8029997720038,openfacts
8029997730129,openfacts
8029997800013,openfacts
8029997800068,openfacts
8029997800105,openfacts
8029997999021,openfacts
