ean13,description,created_at,modified_at
3140000000000,Le Lyonnais Terrine de Cerf 350 g,2026-09-16T17:42:53Z,2026-09-16T17:42:53Z
3140012450091,Fromage frais à tartiner nature,2026-09-16T17:42:53Z,2026-09-16T17:42:53Z
3140018850048,Movies Pop,2026-09-16T17:42:53Z,2026-09-16T17:42:53Z
3140049790818,La boulangère 4 baguette viennoises,2026-09-16T17:42:53Z,2026-09-16T17:42:53Z
3140049794373,Pain de mie à la farine complète,2026-09-16T17:42:53Z,2026-09-16T17:42:53Z
3140049796384,Tartine cereales,2026-09-16T17:42:53Z,2026-09-16T17:42:53Z
3140049798029,Tartines quinoa et graines 375 g,2026-09-16T17:42:53Z,2026-09-16T17:42:53Z
3140056260076,Parmigiano reggiano,2026-09-16T17:42:53Z,2026-09-16T17:42:53Z
3140058081532,Cerises,2026-09-16T17:42:53Z,2026-09-16T17:42:53Z
3140070820003,Groseilles séchées 250 g,2026-09-16T17:42:53Z,2026-09-16T17:42:53Z
3140077530516,Pinsa,2026-09-16T17:42:53Z,2026-09-16T17:42:53Z
3140077538437,Belfiori Pesto rouge,2026-09-16T17:42:53Z,2026-09-16T17:42:53Z
3140083881015,DCA DISTRIBUTION,2026-09-16T17:42:53Z,2026-09-16T17:42:53Z
3140084451163,Baionade Pois chiches,2026-09-16T17:42:53Z,2026-09-16T17:42:53Z
3140091725554,Chocolat Bolivie grand cru,2026-09-16T17:42:53Z,2026-09-16T17:42:53Z
3140100047820,Pétrole Hahn Crème capillaire Coiffage et Soin 100 ml,2026-09-16T17:42:53Z,2026-09-16T17:42:53Z
3140100047875,Eugene Perma Gel crème colorant n°30 châtain foncé 50 ml,2026-09-16T17:42:53Z,2026-09-16T17:42:53Z
3140100143058,Pétrole Hahn Shampooing Force Protection 250 ml,2026-09-16T17:42:53Z,2026-09-16T17:42:53Z
3140100143065,Eugène Perma Shampooing force vitalité Huiles essentielles de citrus 250 mL,2026-09-16T17:42:53Z,2026-09-16T17:42:53Z
3140100143089,Petrole Hahn Shampooing Stop Pellicules Classique Gras 250 ml,2026-09-16T17:42:53Z,2026-09-16T17:42:53Z
3140100143119,Pétrole Hahn Shampooing anti chute résistance 250 mL,2026-09-16T17:42:53Z,2026-09-16T17:42:53Z
3140100149241,Eugène Perma Blush Satiné 100 ml,2026-09-16T17:42:53Z,2026-09-16T17:42:53Z
3140100165494,Keranove Champú cobre & coral,2026-09-16T17:42:53Z,2026-09-16T17:42:53Z
3140100179347,Eugène Perma Blush care Soin régénérateur de couleur - Rouge 150 ml,2026-09-16T17:42:53Z,2026-09-16T17:42:53Z
3140100187342,Kéranove Pureté 250 ml,2026-09-16T17:42:53Z,2026-09-16T17:42:53Z
3140100199925,Keranove minerals Après-shampooing consitioner 10 minéraux essentiels 200 ml,2026-09-16T17:42:53Z,2026-09-16T17:42:53Z
3140100246506,Eugène Perma Shampooing Calcium & Perle Cheveux secs 250 ml,2026-09-16T17:42:53Z,2026-09-16T17:42:53Z
3140100249194,Eugène Color Éclat & douceur Scintilis actif 300 ml,2026-09-16T17:42:53Z,2026-09-16T17:42:53Z
3140100251197,Pétrole hahn Shampooing Nutrition Kéragène Huile de Macadamia 250 ml,2026-09-16T17:42:53Z,2026-09-16T17:42:53Z
3140100251203,SHAMPOOING GRIS ECLATANT DEJAUNISSANT,2026-09-16T17:42:53Z,2026-09-16T17:42:53Z
3140100251296,Eugène Perma Shampooing Légèreté & Pureté cheveux gras 250 ml,2026-09-16T17:42:53Z,2026-09-16T17:42:53Z
3140100251395,KERANOVE Démêlant cheuvrux 200ml,2026-09-16T17:42:53Z,2026-09-16T17:42:53Z
3140100251432,Keranove masque intense cheveux colorés 250 ml,2026-09-16T17:42:53Z,2026-09-16T17:42:53Z
3140100261301,Eugène Perma Shampooing Force (format économique) 400 ml,2026-09-16T17:42:53Z,2026-09-16T17:42:53Z
3140100261318,Eugene Perma Shampooing Force (format économique) 400 ml,2026-09-16T17:42:53Z,2026-09-16T17:42:53Z
3140100261325,Pétrole Hahn Shampooing Special Pellicules (format économique) 400 ml,2026-09-16T17:42:53Z,2026-09-16T17:42:53Z
3140100261349,Eugene Perma Shampooing Prévention Trichodyn (Format économique) 400 mL,2026-09-16T17:42:53Z,2026-09-16T17:42:53Z
3140100262322,Keranove,2026-09-16T17:42:53Z,2026-09-16T17:42:53Z
3140100289343,Eugène Perma Shampooing Stop Pellicules + anti-démangeaisons 250 ml,2026-09-16T17:42:53Z,2026-09-16T17:42:53Z
3140100290202,Pétrole Hahn Shampooing douche Tonus Rituels du Maroc 250 ml,2026-09-16T17:42:53Z,2026-09-16T17:42:53Z
3140100297867,Eugène perma Artiste créateur 3 200 ml,2026-09-16T17:42:53Z,2026-09-16T17:42:53Z
3140100297966,Eugene perma Artiste 5 1,2026-09-16T17:42:53Z,2026-09-16T17:42:53Z
3140100314328,Eugène perma stimulant fondamental chute de cheveux,2026-09-16T17:42:53Z,2026-09-16T17:42:53Z
3140100320916,Pétrole Hahn Sport Tonus Guarana Citron vert 250 ml,2026-09-16T17:42:53Z,2026-09-16T17:42:53Z
3140100320923,Eugene Perma Shampooing + Douche Relaxation Sport Bambou Réglisse 250 ml,2026-09-16T17:42:53Z,2026-09-16T17:42:53Z
3140100320930,Pétrole Hahn Douche Fraîcheur Mentholée 250 ml,2026-09-16T17:42:53Z,2026-09-16T17:42:53Z
3140100320978,Pétrole Hahn Douche Fraîcheur Epicée 250 ml,2026-09-16T17:42:53Z,2026-09-16T17:42:53Z
3140100323047,Biorene Argent Shampooing déjaunissant intensif 200 ml,2026-09-16T17:42:53Z,2026-09-16T17:42:53Z
3140100323054,Petrole Hahn Lotion tonique pour cheveux normaux 300 ml,2026-09-16T17:42:53Z,2026-09-16T17:42:53Z
3140100325713,Eugène Perma Shampooing densité Volume et Matière Densyl 3D 250 ml,2026-09-16T17:42:53Z,2026-09-16T17:42:53Z
3140100329995,EUGÈNE PERMA Spray disciplinant collections nature 150 mL,2026-09-16T17:42:53Z,2026-09-16T17:42:53Z
3140100330069,professionnel Eugène Perma-Collections naturel by cycle vital shampooing volume intense 250ml,2026-09-16T17:42:53Z,2026-09-16T17:42:53Z
3140100332087,Eugène color Eugène perma,2026-09-16T17:42:53Z,2026-09-16T17:42:53Z
3140100336979,Pétrole Hahn Shampooing expert anti pelliculaire Citrus 250 ml,2026-09-16T17:42:53Z,2026-09-16T17:42:53Z
3140100339581,Pétrole Hahn Shampooing expert anti pelliculaire Pureté 250 ml,2026-09-16T17:42:53Z,2026-09-16T17:42:53Z
3140100339598,Pétrole Hahn Shampooing expert anti pelliculaire anti démangeaisons 250 ml,2026-09-16T17:42:53Z,2026-09-16T17:42:53Z
3140100339604,Pétrole Hahn Shampooing expert anti pelliculaire Fresh 250 ml,2026-09-16T17:42:53Z,2026-09-16T17:42:53Z
3140100345704,Kerzo Champú anti-caída 400ml,2026-09-16T17:42:53Z,2026-09-16T17:42:53Z
3140100345902,Pétrole Hahn Shampooing Expert Anti Pelliculaire Nutrition 250 ml,2026-09-16T17:42:53Z,2026-09-16T17:42:53Z
3140100348972,Eugène Perma Kératine glow - shampoing 250 ml,2026-09-16T17:42:53Z,2026-09-16T17:42:53Z
3140100349689,Kéranove Blond Vacances Shampooing éclaircissant progressif 250 ml,2026-09-16T17:42:53Z,2026-09-16T17:42:53Z
3140100349818,Pétrole Hahn Shampooing doux 250ml,2026-09-16T17:42:53Z,2026-09-16T17:42:53Z
3140100349849,Pétrole Hahn Shampooing doux pureté 250 ml,2026-09-16T17:42:53Z,2026-09-16T17:42:53Z
3140100349856,Biorene argent Keranove 250ml,2026-09-16T17:42:53Z,2026-09-16T17:42:53Z
3140100355628,Pétrole Hahn Shampooing anti chute 200 ml,2026-09-16T17:42:53Z,2026-09-16T17:42:53Z
3140100363975,Naturanova,2026-09-16T17:42:53Z,2026-09-16T17:42:53Z
3140100363982,Kéranove Naturanove 60 ml + 60 ml + 25 ml,2026-09-16T17:42:53Z,2026-09-16T17:42:53Z
3140100366389,Keranove Naturanove 250ml,2026-09-16T17:42:53Z,2026-09-16T17:42:53Z
3140100366396,Keranove Naturanove Shampooing,2026-09-16T17:42:53Z,2026-09-16T17:42:53Z
3140100366402,Keranove shampoing Naturanove,2026-09-16T17:42:53Z,2026-09-16T17:42:53Z
3140100366419,Keranove Naturanove Bio Shampooing,2026-09-16T17:42:53Z,2026-09-16T17:42:53Z
3140100366440,Nat&Nove Après-shampooing masque nourrissant 2 en 1 avoine 200 ml,2026-09-16T17:42:53Z,2026-09-16T17:42:53Z
3140100366488,Kéranove Masque Avoine cheveux secs 200 ml,2026-09-16T17:42:53Z,2026-09-16T17:42:53Z
3140100366525,Pétrole hahn Shampooing expert anti pelliculaire 400ml,2026-09-16T17:42:53Z,2026-09-16T17:42:53Z
3140100394344,Pétrole Hahn Shampooing anti pelliculaire aux tea tree et dandrilys 250 ml,2026-09-16T17:42:53Z,2026-09-16T17:42:53Z
3140100394368,Pétrole hahn Shampooing fortifiant 250 ml,2026-09-16T17:42:53Z,2026-09-16T17:42:53Z
3140100403763,Nat&Nove Shampooing antipelliculaire 250 ml,2026-09-16T17:42:53Z,2026-09-16T17:42:53Z
3140100405101,Nat&Nove Gel douche hydratant 250 ml,2026-09-16T17:42:53Z,2026-09-16T17:42:53Z
3140102040157,Eugène Color Color & Eclat,2026-09-16T17:42:53Z,2026-09-16T17:42:53Z
3140127189176,Sud arôme Savon parfumé artisanal 100g,2026-09-16T17:42:53Z,2026-09-16T17:42:53Z
3140130771009,Vanille de Tahiti 12 g,2026-09-16T17:42:53Z,2026-09-16T17:42:53Z
3140199925917,Haricots blancs,2026-09-16T17:42:53Z,2026-09-16T17:42:53Z
3140200000008,Le Lyonnais Civet de Cerf Sauce Grand Veneur 350 g,2026-09-16T17:42:53Z,2026-09-16T17:42:53Z
3140238430594,Beignets de nuggets,2026-09-16T17:42:53Z,2026-09-16T17:42:53Z
3140240723394,Mélange special « Apéritif » 200 g,2026-09-16T17:42:53Z,2026-09-16T17:42:53Z
3140269310780,Les mini-baguettes au fromage et au romarin,2026-09-16T17:42:53Z,2026-09-16T17:42:53Z
3140294057568,Fleury michon,2026-09-16T17:42:53Z,2026-09-16T17:42:53Z
3140330000008,Jeanette La Poulette,2026-09-16T17:42:53Z,2026-09-16T17:42:53Z
3140340000005,JEANNETTE LA POULETTE,2026-09-16T17:42:53Z,2026-09-16T17:42:53Z
3140350000002,L'oeuf jungle chocolat au lai 400 g,2026-09-16T17:42:53Z,2026-09-16T17:42:53Z
3140360000009,RÉAUTÉ CHOCOLAT L'oeuf Jungle chocolat noir 400 g,2026-09-16T17:42:53Z,2026-09-16T17:42:53Z
3140380000003,Huguette la poulette 150 g,2026-09-16T17:42:53Z,2026-09-16T17:42:53Z
3140390000000,Huguette la poulette prete pour la cueillette,2026-09-16T17:42:53Z,2026-09-16T17:42:53Z
3140392347691,Itinéraire Des Saveurs Burrata,2026-09-16T17:42:53Z,2026-09-16T17:42:53Z
3140400000006,Huguette la poulette 150 g,2026-09-16T17:42:53Z,2026-09-16T17:42:53Z
3140410000003,Réauté Alisson la cloche chocolat au lait 300g,2026-09-16T17:42:53Z,2026-09-16T17:42:53Z
3140420000000,Chocolat reauté 300 g,2026-09-16T17:42:53Z,2026-09-16T17:42:53Z
3140430000007,Wilson la cloche 130 g,2026-09-16T17:42:53Z,2026-09-16T17:42:53Z
3140460000008,Chocolat au lait,2026-09-16T17:42:53Z,2026-09-16T17:42:53Z
3140470000005,Réauté Colin Le Poisson,2026-09-16T17:42:53Z,2026-09-16T17:42:53Z
3140490000009,Chocolat lait,2026-09-16T17:42:53Z,2026-09-16T17:42:53Z
3140700002922,Aladine,2026-09-16T17:42:53Z,2026-09-16T17:42:53Z
3140700780868,Kéranove Shampooing Volume 250 ml,2026-09-16T17:42:53Z,2026-09-16T17:42:53Z
3140860000011,Croustimer algues et cereales,2026-09-16T17:42:53Z,2026-09-16T17:42:53Z
3140860000035,Croustizen,2026-09-16T17:42:53Z,2026-09-16T17:42:53Z
3140860000042,Chips de riz 50 g,2026-09-16T17:42:53Z,2026-09-16T17:42:53Z
3140860000066,Chips de riz de Camargue IGP 50 g,2026-09-16T17:42:53Z,2026-09-16T17:42:53Z
3140860000073,Chips de riz de camargue IGP curry,2026-09-16T17:42:53Z,2026-09-16T17:42:53Z
3140860000080,Chips de riz de camargue IGP,2026-09-16T17:42:53Z,2026-09-16T17:42:53Z
3140860000097,Chips de riz,2026-09-16T17:42:53Z,2026-09-16T17:42:53Z
3140860000110,Chips de riz noir,2026-09-16T17:42:53Z,2026-09-16T17:42:53Z
3140860000127,Chips de riz noir de camargue igp fleur de sel,2026-09-16T17:42:53Z,2026-09-16T17:42:53Z
3140950006367,Stoeffler Spatzle a poeler 300g,2026-09-16T17:42:53Z,2026-09-16T17:42:53Z
3140970063418,Noix de cajou,2026-09-16T17:42:53Z,2026-09-16T17:42:53Z
3141100000006,Terrine de cerf 200 g,2026-09-16T17:42:53Z,2026-09-16T17:42:53Z
3141120001274,Peacock's Samo,2026-09-16T17:42:53Z,2026-09-16T17:42:53Z
3141232570033,Risotto au bœuf,2026-09-16T17:42:53Z,2026-09-16T17:42:53Z
3141258232458,Green’gnola Fruits rouges,2026-09-16T17:42:53Z,2026-09-16T17:42:53Z
3141258232663,Green’gnola cacao cru,2026-09-16T17:42:53Z,2026-09-16T17:42:53Z
3141258232717,Green’gola canelle-raisins,2026-09-16T17:42:53Z,2026-09-16T17:42:53Z
3141258232823,pleindvie Super aliment Curcuma Gingembre 100 g,2026-09-16T17:42:53Z,2026-09-16T17:42:53Z
3141258232991,Ail des ours 100 g,2026-09-16T17:42:53Z,2026-09-16T17:42:53Z
3141258233028,GREEN'GNOLA Paprika,2026-09-16T17:42:53Z,2026-09-16T17:42:53Z
3141258233295,Green’gnola Ail-oignon 100 g,2026-09-16T17:42:53Z,2026-09-16T17:42:53Z
3141273270275,Glace chocolat noir,2026-09-16T17:42:53Z,2026-09-16T17:42:53Z
3141360050001,Calgon Power Gel 750 mL,2026-09-16T17:42:53Z,2026-09-16T17:42:53Z
3141360052005,finish Abrillantador,2026-09-16T17:42:53Z,2026-09-16T17:42:53Z
3141360053255,Sel Régénérant - 4 KG,2026-09-16T17:42:53Z,2026-09-16T17:42:53Z
3141380013000,Groupe Panther Crème mains réparatrice fraise & menthe 50 ml,2026-09-16T17:42:53Z,2026-09-16T17:42:53Z
3141380018937,Brume lactée Figue,2026-09-16T17:42:53Z,2026-09-16T17:42:53Z
3141380018944,Cottage Brume lactée pêche blanche,2026-09-16T17:42:53Z,2026-09-16T17:42:53Z
3141380042536,Cottage La Fleur d'Oranger Douche Lait Sensuelle 250 ml,2026-09-16T17:42:53Z,2026-09-16T17:42:53Z
3141380052900,Cottage Douche Huile Précieuse Extra Nourrissante 560 ml,2026-09-16T17:42:53Z,2026-09-16T17:42:53Z
3141380052979,cottage La guimauve douche lait hydratante 250ml,2026-09-16T17:42:53Z,2026-09-16T17:42:53Z
3141380054911,Cottage Douche huile précieuse à l'huile d'argan 560 ml,2026-09-16T17:42:53Z,2026-09-16T17:42:53Z
3141380054928,Cottage Douche Huile Précieuse Extra Nourrissante 560 ml,2026-09-16T17:42:53Z,2026-09-16T17:42:53Z
3141380055086,Cottage Le caramel 750ml,2026-09-16T17:42:53Z,2026-09-16T17:42:53Z
3141380055192,Cottage La Guimauve Douche crème Ultra Douce 750 ml,2026-09-16T17:42:53Z,2026-09-16T17:42:53Z
3141380059664,Cottage Douche Lait hydratante cerise noire et pistache 250 ml,2026-09-16T17:42:53Z,2026-09-16T17:42:53Z
3141380083416,Cottage Shot nutrition - huile de mangue BIO et Kératine végétale,2026-09-16T17:42:53Z,2026-09-16T17:42:53Z
3141380352642,Lait corps extra-nourissant,2026-09-16T17:42:53Z,2026-09-16T17:42:53Z
3141380852623,cottage lait pour le corps monoï 250ml,2026-09-16T17:42:53Z,2026-09-16T17:42:53Z
3141389910324,Hydra absolu,2026-09-16T17:42:53Z,2026-09-16T17:42:53Z
3141389912625,INSTITUT ARNAUD BB BLEMISH BALM CREAM 50 ml,2026-09-16T17:42:53Z,2026-09-16T17:42:53Z
3141389917606,Institut Arnaud Elixir contour yeux 15 ml,2026-09-16T17:42:53Z,2026-09-16T17:42:53Z
3141389959309,Cottage Vanilla milk body moisturizer,2026-09-16T17:42:53Z,2026-09-16T17:42:53Z
3141389959316,cottage,2026-09-16T17:42:53Z,2026-09-16T17:42:53Z
3141389959323,Cottage Lait corps Caramel,2026-09-16T17:42:53Z,2026-09-16T17:42:53Z
3141389959873,Cottage Douche gommage Pomme craquante 250 ml,2026-09-16T17:42:53Z,2026-09-16T17:42:53Z
3141389983038,Cottage Shampooing 250 ml,2026-09-16T17:42:53Z,2026-09-16T17:42:53Z
3141400000010,Terrine de cerf aux fruits rouges,2026-09-16T17:42:53Z,2026-09-16T17:42:53Z
3141710000007,Reaute Réauté chocolat et fruit de la passion,2026-09-16T17:42:53Z,2026-09-16T17:42:53Z
3141725002270,Ricola CITRON MELISSE,2026-09-16T17:42:53Z,2026-09-16T17:42:53Z
3141725003260,HP Everday Printer Paper,2026-09-16T17:42:53Z,2026-09-16T17:42:53Z
3141870001852,"Boîte de rangement en carton, dos 3cm",2026-09-16T17:42:53Z,2026-09-16T17:42:53Z
3142000008284,Coppa di parma igp,2026-09-16T17:42:53Z,2026-09-16T17:42:53Z
3142111300994,Kibex manche bois 1.3m 1500,2026-09-16T17:42:53Z,2026-09-16T17:42:53Z
3142161872601,Benenuts Plaisir brut,2026-09-16T17:42:53Z,2026-09-16T17:42:53Z
3142187391605,Debflex Diam.2 Poussoir 1,2026-09-16T17:42:53Z,2026-09-16T17:42:53Z
3142216018916,2md Jim Tonic 600 g,2026-09-16T17:42:53Z,2026-09-16T17:42:53Z
3142561000093,Melon,2026-09-16T17:42:53Z,2026-09-16T17:42:53Z
3142567883300,Me-on Compact powder 20g,2026-09-16T17:42:53Z,2026-09-16T17:42:53Z
3142611100223,eyguebelle sirop parfum verveine,2026-09-16T17:42:53Z,2026-09-16T17:42:53Z
3142640614623,Sully côtes de Provence,2026-09-16T17:42:53Z,2026-09-16T17:42:53Z
3142640614630,vin oh by omerade,2026-09-16T17:42:53Z,2026-09-16T17:42:53Z
3142640617464,Chateau De L'aumerade 'Cru Classe' Rose 75 CL Fles,2026-09-16T17:42:53Z,2026-09-16T17:42:53Z
3142642820336,Côtes de Provence Château de L’Aumerade 1,2026-09-16T17:42:53Z,2026-09-16T17:42:53Z
3142642820343,Chateau de l'aumerade,2026-09-16T17:42:53Z,2026-09-16T17:42:53Z
3142690000841,Boeuf olives,2026-09-16T17:42:53Z,2026-09-16T17:42:53Z
3142701100003,Sable de camargue,2026-09-16T17:42:53Z,2026-09-16T17:42:53Z
3142701105008,Paysan breton Le lait Ribot 1l,2026-09-16T17:42:53Z,2026-09-16T17:42:53Z
3142702010004,Domaine Royal de Jarras,2026-09-16T17:42:53Z,2026-09-16T17:42:53Z
3142703400002,Domaine Royal De Jarras Pink Flamingo Tête De Cuvée Gris Sa 750 ml,2026-09-16T17:42:53Z,2026-09-16T17:42:53Z
3142703410902,Pink flamingo gris,2026-09-16T17:42:53Z,2026-09-16T17:42:53Z
3142704700002,Pink Flamingo Cuvee 1pcs,2026-09-16T17:42:53Z,2026-09-16T17:42:53Z
3142706305007,Chateau La Gordonne Rose,2026-09-16T17:42:53Z,2026-09-16T17:42:53Z
3142707100007,Gris de gris,2026-09-16T17:42:53Z,2026-09-16T17:42:53Z
3142707707008,Château La Gordonne Chateau la gordonne,2026-09-16T17:42:53Z,2026-09-16T17:42:53Z
3142708405002,Cuvée Audibert,2026-09-16T17:42:53Z,2026-09-16T17:42:53Z
3142730104522,Sati Café en grain à l\'italienne,2026-09-16T17:42:53Z,2026-09-16T17:42:53Z
3142762610138,Huiles,2026-09-16T17:42:53Z,2026-09-16T17:42:53Z
3142766311291,Balaie potehe,2026-09-16T17:42:53Z,2026-09-16T17:42:53Z
3142804125446,Cote du rhone,2026-09-16T17:42:53Z,2026-09-16T17:42:53Z
3142804197719,Chateau des cocinelles,2026-09-16T17:42:53Z,2026-09-16T17:42:53Z
3142804201959,Ogier Les caprices d'Antoine 2015 750 ml,2026-09-16T17:42:53Z,2026-09-16T17:42:53Z
3142804202376,Ocres du Ventoux,2026-09-16T17:42:53Z,2026-09-16T17:42:53Z
3142805735231,Gigondas,2026-09-16T17:42:53Z,2026-09-16T17:42:53Z
3142806725729,Oratorio,2026-09-16T17:42:53Z,2026-09-16T17:42:53Z
3142806730846,Domaine Petite Biscarelle 2009 Châteauneuf-du-Pape,2026-09-16T17:42:53Z,2026-09-16T17:42:53Z
3142806736596,Côtés Du Rhône Village Séigneur de Renouard 1,2026-09-16T17:42:53Z,2026-09-16T17:42:53Z
3142806739573,"Domaine des coccinelles Côte du Rhône rouge 0,75 l",2026-09-16T17:42:53Z,2026-09-16T17:42:53Z
3142806740074,Côte du wvivarais 2018,2026-09-16T17:42:53Z,2026-09-16T17:42:53Z
3142806754798,Heritage Vieilles Vignes,2026-09-16T17:42:53Z,2026-09-16T17:42:53Z
3142806759014,Côtes du rhône,2026-09-16T17:42:53Z,2026-09-16T17:42:53Z
3142806767378,Domaine de l'Oiselet 75CL Vacqueyras Rouge Domaine Oiselet 75 cl,2026-09-16T17:42:53Z,2026-09-16T17:42:53Z
3142806809788,Léon PERDIGAL Petit perdigal vin rouge,2026-09-16T17:42:53Z,2026-09-16T17:42:53Z
3142806815727,La Capucine Vin ventoux,2026-09-16T17:42:53Z,2026-09-16T17:42:53Z
3142806815819,Cotes du Rhône vieilles vignes 2017,2026-09-16T17:42:53Z,2026-09-16T17:42:53Z
3142806815895,Le reveil du terroir,2026-09-16T17:42:53Z,2026-09-16T17:42:53Z
3142806816458,CHATEAUNEUF DU PAPE,2026-09-16T17:42:53Z,2026-09-16T17:42:53Z
3142806817974,Les cornalines luberon,2026-09-16T17:42:53Z,2026-09-16T17:42:53Z
3142806832861,Héritages Côtes du Rhône,2026-09-16T17:42:53Z,2026-09-16T17:42:53Z
3142806837224,Lirac Reserve des Capouliers Rotwein 2pcs,2026-09-16T17:42:53Z,2026-09-16T17:42:53Z
3142910003911,LES DENTELLES EN ARMOIRIES VACQUEYRAS GIGONDAS,2026-09-16T17:42:53Z,2026-09-16T17:42:53Z
3142910007087,Gigondas La Cave Vacqueyras Beaumirail 2014 70 cl,2026-09-16T17:42:53Z,2026-09-16T17:42:53Z
3142910007919,La reference,2026-09-16T17:42:53Z,2026-09-16T17:42:53Z
3142910142641,Gigondas,2026-09-16T17:42:53Z,2026-09-16T17:42:53Z
3142910143129,Gigondas,2026-09-16T17:42:53Z,2026-09-16T17:42:53Z
3142910144522,Gigondas,2026-09-16T17:42:53Z,2026-09-16T17:42:53Z
3142910145239,Vin,2026-09-16T17:42:53Z,2026-09-16T17:42:53Z
3142910146748,Vacqueyras,2026-09-16T17:42:53Z,2026-09-16T17:42:53Z
3142910146786,beaumes de venise terrissimo 2019,2026-09-16T17:42:53Z,2026-09-16T17:42:53Z
3142910147004,Vin rouge,2026-09-16T17:42:53Z,2026-09-16T17:42:53Z
3142910148858,vaqueyras gigondas,2026-09-16T17:42:53Z,2026-09-16T17:42:53Z
3142910149503,Vino rosso,2026-09-16T17:42:53Z,2026-09-16T17:42:53Z
3142920001068,"Wild Pig Chardonnay wijntap 1,5 l",2026-09-16T17:42:53Z,2026-09-16T17:42:53Z
3142920001129,La Châsse Blason d'Or 750 ml,2026-09-16T17:42:53Z,2026-09-16T17:42:53Z
3142920001808,Côtes du Rhône,2026-09-16T17:42:53Z,2026-09-16T17:42:53Z
3142920002911,Vin cotes du Rhône,2026-09-16T17:42:53Z,2026-09-16T17:42:53Z
3142920003352,Laudun cote,2026-09-16T17:42:53Z,2026-09-16T17:42:53Z
3142920004380,"La Font Boissière Gigondas 2012 0,75 l",2026-09-16T17:42:53Z,2026-09-16T17:42:53Z
3142920004441,GMDE Copains Comme Cochons 75 cl,2026-09-16T17:42:53Z,2026-09-16T17:42:53Z
3142920004601,Domaine du bois des Dames,2026-09-16T17:42:53Z,2026-09-16T17:42:53Z
3142920004687,CHATEAU DE TRESQUES,2026-09-16T17:42:53Z,2026-09-16T17:42:53Z
3142920004816,La Châsse,2026-09-16T17:42:53Z,2026-09-16T17:42:53Z
3142920005561,Gabriel,2026-09-16T17:42:53Z,2026-09-16T17:42:53Z
3142920006001,Côtes du Rhône La Châsse,2026-09-16T17:42:53Z,2026-09-16T17:42:53Z
3142920006025,Vin rouge,2026-09-16T17:42:53Z,2026-09-16T17:42:53Z
3142920006070,Gabriel Meffre Cotes-du-rhone villages St Siffrein,2026-09-16T17:42:53Z,2026-09-16T17:42:53Z
3142920006100,Gigondas,2026-09-16T17:42:53Z,2026-09-16T17:42:53Z
3142920006407,La chasse,2026-09-16T17:42:53Z,2026-09-16T17:42:53Z
3142920006834,Côte du Rhône villages,2026-09-16T17:42:53Z,2026-09-16T17:42:53Z
3142920008586,Côtes du Rhone Terres de Galets 2013 75cl,2026-09-16T17:42:53Z,2026-09-16T17:42:53Z
3142920009880,Domaine la crau des papes,2026-09-16T17:42:53Z,2026-09-16T17:42:53Z
3142920010527,Clos de la grande boissiere,2026-09-16T17:42:53Z,2026-09-16T17:42:53Z
3142920016956,La châsse 75cl,2026-09-16T17:42:53Z,2026-09-16T17:42:53Z
3142920020076,Vin,2026-09-16T17:42:53Z,2026-09-16T17:42:53Z
3142920021585,La chasse plan de dieu,2026-09-16T17:42:53Z,2026-09-16T17:42:53Z
3142920024227,Domaine Bois des Dames,2026-09-16T17:42:53Z,2026-09-16T17:42:53Z
3142920024449,Gabriel Meffre Vacqueyras Saint-Barthélémy,2026-09-16T17:42:53Z,2026-09-16T17:42:53Z
3142920024463,Châteauneuf-du-pape,2026-09-16T17:42:53Z,2026-09-16T17:42:53Z
3142920024838,Vin rouge,2026-09-16T17:42:53Z,2026-09-16T17:42:53Z
3142920026184,gabriel meffre cotes du rhone,2026-09-16T17:42:53Z,2026-09-16T17:42:53Z
3142920026283,gabriel meffre chateau de tresques,2026-09-16T17:42:53Z,2026-09-16T17:42:53Z
3142920026481,Gabriel Meffre Gigondas - Domaine de la Daysse 2012 750 ml,2026-09-16T17:42:53Z,2026-09-16T17:42:53Z
3142920026986,cotes du rhone saint vincent,2026-09-16T17:42:53Z,2026-09-16T17:42:53Z
3142920027372,Château Griotte 2011 75 cl,2026-09-16T17:42:53Z,2026-09-16T17:42:53Z
3142920027433,L'empyrée - Ventoux 2016,2026-09-16T17:42:53Z,2026-09-16T17:42:53Z
3142920028256,Gigondas,2026-09-16T17:42:53Z,2026-09-16T17:42:53Z
3142941624024,secrets du midi tomato ketchup,2026-09-16T17:42:53Z,2026-09-16T17:42:53Z
3142951105018,"Double Concentré Tomate L. Martin 440 Gr, 12 Boîtes",2026-09-16T17:42:53Z,2026-09-16T17:42:53Z
3142951112016,Louis Martin Double concentré de tomate 28% mini 70 g,2026-09-16T17:42:53Z,2026-09-16T17:42:53Z
3142951115017,Tomate Martin Double concentré de tomate 150 g (140 mL),2026-09-16T17:42:53Z,2026-09-16T17:42:53Z
3142951116014,Louis Martin Double concentré de tomates 28% min. 140 g,2026-09-16T17:42:53Z,2026-09-16T17:42:53Z
3142951140316,Le concentré de tomates,2026-09-16T17:42:53Z,2026-09-16T17:42:53Z
3142951144017,Louis Martin Double concentré de tomates 28% 880 g,2026-09-16T17:42:53Z,2026-09-16T17:42:53Z
3142951146127,Louis martin Double concentré de tomates 28% mini.,2026-09-16T17:42:53Z,2026-09-16T17:42:53Z
3142951160130,Louis martin Double concentré de tomates,2026-09-16T17:42:53Z,2026-09-16T17:42:53Z
3142951176018,Louis Martin Concentré de Tomates 190g,2026-09-16T17:42:53Z,2026-09-16T17:42:53Z
3142951214017,Louis Martin Purée de Tomates,2026-09-16T17:42:53Z,2026-09-16T17:42:53Z
3142951272116,Purée de tomates Louis Martin 680 g,2026-09-16T17:42:53Z,2026-09-16T17:42:53Z
3142951337013,Louis Martin Coulis de tomates,2026-09-16T17:42:53Z,2026-09-16T17:42:53Z
3142951370317,Oven baked tomatoes with chili,2026-09-16T17:42:53Z,2026-09-16T17:42:53Z
3142952105017,Louis martin TOMAT ENT PELEE JUS 1/2,2026-09-16T17:42:53Z,2026-09-16T17:42:53Z
3142952144016,Louis martin tomates entières pelées au jus 1pcs,2026-09-16T17:42:53Z,2026-09-16T17:42:53Z
3142952151014,tomate entierre pelées aujus,2026-09-16T17:42:53Z,2026-09-16T17:42:53Z
3142952317014,Louis Martin Pesto à la génovèse,2026-09-16T17:42:53Z,2026-09-16T17:42:53Z
3142952318011,Louis Martin Pesto rosso,2026-09-16T17:42:53Z,2026-09-16T17:42:53Z
3142952324012,Louis Martin Sauce provencale,2026-09-16T17:42:53Z,2026-09-16T17:42:53Z
3142952352114,Louis Martin Sauce au basilic,2026-09-16T17:42:53Z,2026-09-16T17:42:53Z
3142952353111,Louis Martin Sauce provencale,2026-09-16T17:42:53Z,2026-09-16T17:42:53Z
3142952359014,Louis Martin Sauce bolognaise,2026-09-16T17:42:53Z,2026-09-16T17:42:53Z
3142952362014,Sauce aux champignons Bolets et Cèpes,2026-09-16T17:42:53Z,2026-09-16T17:42:53Z
3142952364018,Louis Martin Arrabiata,2026-09-16T17:42:53Z,2026-09-16T17:42:53Z
3142952366012,Sauce aux Olives Vertes & Noires,2026-09-16T17:42:53Z,2026-09-16T17:42:53Z
3142952370019,Louis Martin Pesto à la Génovèse,2026-09-16T17:42:53Z,2026-09-16T17:42:53Z
3142952371016,Pesto à la Tomate,2026-09-16T17:42:53Z,2026-09-16T17:42:53Z
3142952376011,Louis Martin Sauce olives vertes et noires,2026-09-16T17:42:53Z,2026-09-16T17:42:53Z
3142952382012,Compotée de tomates aux olives Louis Martin 190 g,2026-09-16T17:42:53Z,2026-09-16T17:42:53Z
3142952388014,Louis martin tomates séchées 212ml,2026-09-16T17:42:53Z,2026-09-16T17:42:53Z
3142952390017,Louis Martin Compotée tomates poivrons aubergines,2026-09-16T17:42:53Z,2026-09-16T17:42:53Z
3142952392011,Louis Martin Sauce arrabiata,2026-09-16T17:42:53Z,2026-09-16T17:42:53Z
3142952404912,Sauce napolitaine,2026-09-16T17:42:53Z,2026-09-16T17:42:53Z
3142952426013,Louis Martin Pulpe te tomate en cube,2026-09-16T17:42:53Z,2026-09-16T17:42:53Z
3142952428017,Louis Martin Tomates Pelées Concassées 765g,2026-09-16T17:42:53Z,2026-09-16T17:42:53Z
3142952431017,Louis martin Pulpe De Tomates En Cubes 390 g,2026-09-16T17:42:53Z,2026-09-16T17:42:53Z
3142952444017,Louis Martin Coeurs De Tomates Pelées,2026-09-16T17:42:53Z,2026-09-16T17:42:53Z
3142952451114,Tomates Pelées Concassées,2026-09-16T17:42:53Z,2026-09-16T17:42:53Z
3142952505015,"Louis Martin Chair de Tomate 400 g, 425 ml",2026-09-16T17:42:53Z,2026-09-16T17:42:53Z
3142952505114,Louis Martin CHAIR DE TOMATES PROVENCALE,2026-09-16T17:42:53Z,2026-09-16T17:42:53Z
3142952505213,Louis Martin Chair de Tomate Aux Herbes,2026-09-16T17:42:53Z,2026-09-16T17:42:53Z
3142952505312,Louis martin CHAIR DE TOMAT.BASILIC BTE 1/2,2026-09-16T17:42:53Z,2026-09-16T17:42:53Z
3142952511016,Louis Martin Sauce pizza Bio,2026-09-16T17:42:53Z,2026-09-16T17:42:53Z
3142952522012,Louis Martin Sauce pizza aromatisée,2026-09-16T17:42:53Z,2026-09-16T17:42:53Z
3142952524030,Louis Martin Pizza bella 800 g,2026-09-16T17:42:53Z,2026-09-16T17:42:53Z
3142952530031,Louis Martin Chair de tomate 400g,2026-09-16T17:42:53Z,2026-09-16T17:42:53Z
3142952531038,Louis Martin Chair de tomate au basilic,2026-09-16T17:42:53Z,2026-09-16T17:42:53Z
3142952533032,Louis Martin Chair de tomate aux herbes 400g,2026-09-16T17:42:53Z,2026-09-16T17:42:53Z
3142952537016,Préparation pour pizza Pizza Topping - Louis Martin,2026-09-16T17:42:53Z,2026-09-16T17:42:53Z
3142952550015,LOUIS MARTIN Garniture pizza 400 g,2026-09-16T17:42:53Z,2026-09-16T17:42:53Z
3142952551111,Louis Martin Sauce Pizza Aromatisée,2026-09-16T17:42:53Z,2026-09-16T17:42:53Z
3142952582016,Louis Martin Chair de tomate,2026-09-16T17:42:53Z,2026-09-16T17:42:53Z
3142952582115,Louis Martin Chair de tomate à la provençale,2026-09-16T17:42:53Z,2026-09-16T17:42:53Z
3142952582214,Louis Martin Chair de tomates aux herbes de Provence,2026-09-16T17:42:53Z,2026-09-16T17:42:53Z
3142952582313,Louis Martin Chair de Tomate au basilic 400g,2026-09-16T17:42:53Z,2026-09-16T17:42:53Z
3142952582610,Louis Martin Chair de Tomates 400 g / 425 ml,2026-09-16T17:42:53Z,2026-09-16T17:42:53Z
3142952585017,Louis martin Chair de tomate au basilic,2026-09-16T17:42:53Z,2026-09-16T17:42:53Z
3142952644011,Louis Martin Garniture pizza « pizza bella »,2026-09-16T17:42:53Z,2026-09-16T17:42:53Z
3142952651019,Louis Martin Tomato ketchup 560 g,2026-09-16T17:42:53Z,2026-09-16T17:42:53Z
3142952651026,Louis Martin Tomato Ketchup 560 g,2026-09-16T17:42:53Z,2026-09-16T17:42:53Z
3142952653013,Louis Martin Tomato Ketchup,2026-09-16T17:42:53Z,2026-09-16T17:42:53Z
3142952653310,Le Ketchup,2026-09-16T17:42:53Z,2026-09-16T17:42:53Z
3142952655024,secrets du midi Tomato Ketchup 560 g,2026-09-16T17:42:53Z,2026-09-16T17:42:53Z
3142952684024,SECRET DU MIDI Tomate ketchup,2026-09-16T17:42:53Z,2026-09-16T17:42:53Z
3142952690117,Tomato ketchup bio,2026-09-16T17:42:53Z,2026-09-16T17:42:53Z
3142952714110,Louis Martin Sauce tomates fraiches 190 g,2026-09-16T17:42:53Z,2026-09-16T17:42:53Z
3142952721118,Louis Martin 190G Sce Napolitaine Martin 190 g,2026-09-16T17:42:53Z,2026-09-16T17:42:53Z
3142952721217,Louis Martin Sauce bolognaise,2026-09-16T17:42:53Z,2026-09-16T17:42:53Z
3142952721514,Louis Martin Sauce tomate basilic,2026-09-16T17:42:53Z,2026-09-16T17:42:53Z
3142952734019,Louis Martin Ketchup,2026-09-16T17:42:53Z,2026-09-16T17:42:53Z
3142952735030,Sauce tomate cuisinée 680gr,2026-09-16T17:42:53Z,2026-09-16T17:42:53Z
3142952737812,Louis Martin Sauce provencale 350 g,2026-09-16T17:42:53Z,2026-09-16T17:42:53Z
3142952740126,Sauce tomates fraîche,2026-09-16T17:42:53Z,2026-09-16T17:42:53Z
3142952750118,Tomato Ketchup Louis Martin 560 GR 560 g 520 ml,2026-09-16T17:42:53Z,2026-09-16T17:42:53Z
3142952770031,Louis Martin SAUCE TOMATE CUISINÉE,2026-09-16T17:42:53Z,2026-09-16T17:42:53Z
3142952770314,Louis Martin La sauce spaghetti,2026-09-16T17:42:53Z,2026-09-16T17:42:53Z
3142952788012,Tomato Ketchup Louis Martin 1 KG,2026-09-16T17:42:53Z,2026-09-16T17:42:53Z
3142952935010,Louis Martin Sauce bolognaise,2026-09-16T17:42:53Z,2026-09-16T17:42:53Z
3142952970011,Louis Martin Sauce bolognaise 420 grammes,2026-09-16T17:42:53Z,2026-09-16T17:42:53Z
3142952970318,Nous Sauce bolognaise,2026-09-16T17:42:53Z,2026-09-16T17:42:53Z
3142952975030,Sauce au poulet,2026-09-16T17:42:53Z,2026-09-16T17:42:53Z
3142953328316,Les Aubergines à la Provençale,2026-09-16T17:42:53Z,2026-09-16T17:42:53Z
3142953329016,Louis Martin Aubergines à la provencales 520 g,2026-09-16T17:42:53Z,2026-09-16T17:42:53Z
3142953340011,Louis Martin AUBERGINES à la Provençale,2026-09-16T17:42:53Z,2026-09-16T17:42:53Z
3142953526019,Ratatouille nicoise,2026-09-16T17:42:53Z,2026-09-16T17:42:53Z
3142953527313,La ratatouille,2026-09-16T17:42:53Z,2026-09-16T17:42:53Z
3142953529010,Louis Martin Ratatouille Provençale,2026-09-16T17:42:53Z,2026-09-16T17:42:53Z
3142953600016,Louis Martin Courgette à la provençale 530g,2026-09-16T17:42:53Z,2026-09-16T17:42:53Z
3142953640012,Louis Martin Courgettes à la provençale,2026-09-16T17:42:53Z,2026-09-16T17:42:53Z
3142953640036,Louis Martin ratatouille à la provençale bio,2026-09-16T17:42:53Z,2026-09-16T17:42:53Z
3142953729014,"Louis Martin Piperade au Piment d'Espelette 520 g, 580 ml",2026-09-16T17:42:53Z,2026-09-16T17:42:53Z
3142953752012,Louis Martin Fritta,2026-09-16T17:42:53Z,2026-09-16T17:42:53Z
3142954144113,Bigarreaux denoyautes au sirop leger,2026-09-16T17:42:53Z,2026-09-16T17:42:53Z
3142959900004,C'est qui le patron ?! Concassé de tomates 400g,2026-09-16T17:42:53Z,2026-09-16T17:42:53Z
3143040037401,Haribo miami,2026-09-16T17:42:53Z,2026-09-16T17:42:53Z
3143110000052,Noix de cajou,2026-09-16T17:42:53Z,2026-09-16T17:42:53Z
3143110000434,Petits pois wasabi,2026-09-16T17:42:53Z,2026-09-16T17:42:53Z
3143110000489,Mélange Andalou,2026-09-16T17:42:53Z,2026-09-16T17:42:53Z
3143110001714,Cocktail Acapulco,2026-09-16T17:42:53Z,2026-09-16T17:42:53Z
3143110001790,Noix de cajou,2026-09-16T17:42:53Z,2026-09-16T17:42:53Z
3143110001806,Cacahuètes,2026-09-16T17:42:53Z,2026-09-16T17:42:53Z
3143110001899,Fruits et graines du monde salés,2026-09-16T17:42:53Z,2026-09-16T17:42:53Z
3143110002063,Cocktail acapulco,2026-09-16T17:42:53Z,2026-09-16T17:42:53Z
3143110002087,Cacahuète au Wasabi,2026-09-16T17:42:53Z,2026-09-16T17:42:53Z
3143110002162,Lolina,2026-09-16T17:42:53Z,2026-09-16T17:42:53Z
3143110002186,Coktail mexicain,2026-09-16T17:42:53Z,2026-09-16T17:42:53Z
3143110002209,Cocktail acapulco,2026-09-16T17:42:53Z,2026-09-16T17:42:53Z
3143110002230,Amande gout fumé,2026-09-16T17:42:53Z,2026-09-16T17:42:53Z
3143110002285,Lolina cocktail San Francisco,2026-09-16T17:42:53Z,2026-09-16T17:42:53Z
3143110002872,Pop corn,2026-09-16T17:42:53Z,2026-09-16T17:42:53Z
3143110080009,Pop-corn,2026-09-16T17:42:53Z,2026-09-16T17:42:53Z
3143110080252,Cacahuètes brunes grillées non salées 250 g,2026-09-16T17:42:53Z,2026-09-16T17:42:53Z
3143110080269,Cocktail Mendiant 3 Fruits 250 g,2026-09-16T17:42:53Z,2026-09-16T17:42:53Z
3143110080276,Coktail exotique 250 g,2026-09-16T17:42:53Z,2026-09-16T17:42:53Z
3143110080283,Mélange croquant 250 g,2026-09-16T17:42:53Z,2026-09-16T17:42:53Z
3143110080290,Mélange Caraïbes,2026-09-16T17:42:53Z,2026-09-16T17:42:53Z
3143110080306,Noisettes avec peau 250 g,2026-09-16T17:42:53Z,2026-09-16T17:42:53Z
3143110080313,Mélange des Amériques 250 g,2026-09-16T17:42:53Z,2026-09-16T17:42:53Z
3143110080320,Cacahuètes caramélisées pralinettes 250 g,2026-09-16T17:42:53Z,2026-09-16T17:42:53Z
3143110080337,3 fruits caramelises 250 g,2026-09-16T17:42:53Z,2026-09-16T17:42:53Z
3143110080344,Noix de cajou crues 25 g,2026-09-16T17:42:53Z,2026-09-16T17:42:53Z
3143110080368,Raisins secs L'épicier du verger 250 g,2026-09-16T17:42:53Z,2026-09-16T17:42:53Z
3143110080382,Cocktail vitalité 250 g,2026-09-16T17:42:53Z,2026-09-16T17:42:53Z
3143110080399,L’épicier du Verger Cacahuètes Grillées à Sec et aromatisées 250g,2026-09-16T17:42:53Z,2026-09-16T17:42:53Z
3143110080429,Noix de cajou grillées salées 250 g,2026-09-16T17:42:53Z,2026-09-16T17:42:53Z
3143110080450,Cocktail de graines et fruits secs 250 g,2026-09-16T17:42:53Z,2026-09-16T17:42:53Z
3143110080467,Cocktail acapulco 250 g,2026-09-16T17:42:53Z,2026-09-16T17:42:53Z
3143110080474,Cocktail Asiatique 150 g,2026-09-16T17:42:53Z,2026-09-16T17:42:53Z
3143110080481,Maïs grillé salé 200 g,2026-09-16T17:42:53Z,2026-09-16T17:42:53Z
3143110080511,Cacahuètes au wasabi 200 g,2026-09-16T17:42:53Z,2026-09-16T17:42:53Z
3143110080535,Cocktail Sanghaï 200 g,2026-09-16T17:42:53Z,2026-09-16T17:42:53Z
3143110080597,Amandes avec peau crues,2026-09-16T17:42:53Z,2026-09-16T17:42:53Z
3143110080764,Sachet de fruits secs 100 g,2026-09-16T17:42:53Z,2026-09-16T17:42:53Z
3143110080887,Fruit et graine,2026-09-16T17:42:53Z,2026-09-16T17:42:53Z
3143110080894,Mélange fruits secs,2026-09-16T17:42:53Z,2026-09-16T17:42:53Z
3143110081013,Fruits et Graines du Monde,2026-09-16T17:42:53Z,2026-09-16T17:42:53Z
3143110081068,Noix de cajou cèpe,2026-09-16T17:42:53Z,2026-09-16T17:42:53Z
3143110081242,Cacahuètes bistrot 300 g,2026-09-16T17:42:53Z,2026-09-16T17:42:53Z
3143110081259,Lolina Cacahuètes,2026-09-16T17:42:53Z,2026-09-16T17:42:53Z
3143110081266,Cocktail asiatique,2026-09-16T17:42:53Z,2026-09-16T17:42:53Z
3143110081334,Mélange Mexicain,2026-09-16T17:42:53Z,2026-09-16T17:42:53Z
3143110081341,Graines de tournesol,2026-09-16T17:42:53Z,2026-09-16T17:42:53Z
3143110081440,Cacahuètes camarelisées,2026-09-16T17:42:53Z,2026-09-16T17:42:53Z
3143110084007,Leclerc Amandes grillées non salées,2026-09-16T17:42:53Z,2026-09-16T17:42:53Z
3143110084069,Graines de tournesol grillés sallees,2026-09-16T17:42:53Z,2026-09-16T17:42:53Z
3143110091050,Cacahouète,2026-09-16T17:42:53Z,2026-09-16T17:42:53Z
3143110091210,Biscuits salés,2026-09-16T17:42:53Z,2026-09-16T17:42:53Z
3143110091265,Kreek's Arachides Coques 250 G,2026-09-16T17:42:53Z,2026-09-16T17:42:53Z
3143110091425,Pop corn sale,2026-09-16T17:42:53Z,2026-09-16T17:42:53Z
3143110091517,Cacahuetes,2026-09-16T17:42:53Z,2026-09-16T17:42:53Z
3143110091524,Kreek's Cacahuètes 50 g,2026-09-16T17:42:53Z,2026-09-16T17:42:53Z
3143110091531,cacahuètes grillées salées,2026-09-16T17:42:53Z,2026-09-16T17:42:53Z
3143110091623,Fruits et graines du monde 1 kg,2026-09-16T17:42:53Z,2026-09-16T17:42:53Z
3143110091678,Noix de cajou,2026-09-16T17:42:53Z,2026-09-16T17:42:53Z
3143110091692,Kreek's Cocktail salé gourmand 1kg,2026-09-16T17:42:53Z,2026-09-16T17:42:53Z
3143110091814,Noix de pecan,2026-09-16T17:42:53Z,2026-09-16T17:42:53Z
3143110091951,Pop corn nature,2026-09-16T17:42:53Z,2026-09-16T17:42:53Z
3143110092019,Kreek'S Cocktail salé - Gastronomie 50 g,2026-09-16T17:42:53Z,2026-09-16T17:42:53Z
3143110092309,Cocktail Exotique Sucré 1 kg,2026-09-16T17:42:53Z,2026-09-16T17:42:53Z
3143110092378,Fruits et graines du monde grillés,2026-09-16T17:42:53Z,2026-09-16T17:42:53Z
3143110092392,Kreek's Cacahuètes grillées 1 kg,2026-09-16T17:42:53Z,2026-09-16T17:42:53Z
3143110092439,Cacahuètes grillées à sec 500 g,2026-09-16T17:42:53Z,2026-09-16T17:42:53Z
3143110092477,Noix de cajou,2026-09-16T17:42:53Z,2026-09-16T17:42:53Z
3143110092491,Fruits et graines du monde grilles,2026-09-16T17:42:53Z,2026-09-16T17:42:53Z
3143110092521,Cachuetes grilées salées,2026-09-16T17:42:53Z,2026-09-16T17:42:53Z
3143110092569,Daniel 500 g,2026-09-16T17:42:53Z,2026-09-16T17:42:53Z
3143110092606,Mais pop corn 250 g,2026-09-16T17:42:53Z,2026-09-16T17:42:53Z
3143110092637,Pistache,2026-09-16T17:42:53Z,2026-09-16T17:42:53Z
3143110092873,Maïs,2026-09-16T17:42:53Z,2026-09-16T17:42:53Z
3143110093177,Kreek’s Pop corn,2026-09-16T17:42:53Z,2026-09-16T17:42:53Z
3143110093290,Fruits et graines du monde salés,2026-09-16T17:42:53Z,2026-09-16T17:42:53Z
3143110093535,Cacahuètes peanuts,2026-09-16T17:42:53Z,2026-09-16T17:42:53Z
3143110093610,Noisettes grillées salées,2026-09-16T17:42:53Z,2026-09-16T17:42:53Z
3143110093801,"Kreek’s Cacahuètes avec peau grillées et salées, sachet",2026-09-16T17:42:53Z,2026-09-16T17:42:53Z
3143110093856,Noix de cajou grillées salées,2026-09-16T17:42:53Z,2026-09-16T17:42:53Z
3143110094044,Amande,2026-09-16T17:42:53Z,2026-09-16T17:42:53Z
3143110094051,Noix de Cajou 100 g,2026-09-16T17:42:53Z,2026-09-16T17:42:53Z
3143110094594,Cocktail gourmet 55 g,2026-09-16T17:42:53Z,2026-09-16T17:42:53Z
3143110094747,Pop corn 25 g,2026-09-16T17:42:53Z,2026-09-16T17:42:53Z
3143110094754,Popcorn salé 100 g,2026-09-16T17:42:53Z,2026-09-16T17:42:53Z
3143110094761,Pop Corn Sucre 100 g,2026-09-16T17:42:53Z,2026-09-16T17:42:53Z
3143110094785,Pop corn sucré,2026-09-16T17:42:53Z,2026-09-16T17:42:53Z
3143110094990,Kreek's 150 g,2026-09-16T17:42:53Z,2026-09-16T17:42:53Z
3143110095157,KREEK'S Arachides en coques grillées 1kg,2026-09-16T17:42:53Z,2026-09-16T17:42:53Z
3143110096604,Biscuits salés,2026-09-16T17:42:53Z,2026-09-16T17:42:53Z
3143110096673,Kreeks,2026-09-16T17:42:53Z,2026-09-16T17:42:53Z
3143110096697,Noix de cajou gout fumé,2026-09-16T17:42:53Z,2026-09-16T17:42:53Z
3143110096758,Fruits & graines du sud 500 g,2026-09-16T17:42:53Z,2026-09-16T17:42:53Z
3143110097069,Pistaches grillées salées,2026-09-16T17:42:53Z,2026-09-16T17:42:53Z
3143110097809,Taïga,2026-09-16T17:42:53Z,2026-09-16T17:42:53Z
3143110098462,Cacahuètes snack apero,2026-09-16T17:42:53Z,2026-09-16T17:42:53Z
3143110099513,Kreek’s Canneberge sechees sucrees,2026-09-16T17:42:53Z,2026-09-16T17:42:53Z
3143110099650,Cacahuètes,2026-09-16T17:42:53Z,2026-09-16T17:42:53Z
3143110099858,Fruits secs,2026-09-16T17:42:53Z,2026-09-16T17:42:53Z
3143119007489,Pop corn sucré,2026-09-16T17:42:53Z,2026-09-16T17:42:53Z
3143230023139,Soignon Fromage de chèvre,2026-09-16T17:42:53Z,2026-09-16T17:42:53Z
3143320000972,Boulots cuits,2026-09-16T17:42:53Z,2026-09-16T17:42:53Z
3143320004185,Le bulotier Barq chair de bulots cuits 180g,2026-09-16T17:42:53Z,2026-09-16T17:42:53Z
3143436353108,Auchan Aiguillettes de poulets corn flakes,2026-09-16T17:42:53Z,2026-09-16T17:42:53Z
3143680235854,Nectarines plates,2026-09-16T17:42:53Z,2026-09-16T17:42:53Z
3143680426542,Pavé céréales amandes noisettes,2026-09-16T17:42:53Z,2026-09-16T17:42:53Z
3143681328111,Céréales bio Galette de boulgour,2026-09-16T17:42:53Z,2026-09-16T17:42:53Z
3143684470800,Heinz Барбеку Соус,2026-09-16T17:42:53Z,2026-09-16T17:42:53Z
3143781067057,Babybel mini rolls,2026-09-16T17:42:53Z,2026-09-16T17:42:53Z
3143781070286,La vache qui rit,2026-09-16T17:42:53Z,2026-09-16T17:42:53Z
3143781802108,Petit panier ardéchois Châtaignes au naturel,2026-09-16T17:42:53Z,2026-09-16T17:42:53Z
3143937032496,Pacific Sensation Menthe 70 cl,2026-09-16T17:42:53Z,2026-09-16T17:42:53Z
3144063445044,Pätenade,2026-09-16T17:42:53Z,2026-09-16T17:42:53Z
3144063445051,Pätenade de tomates sechées,2026-09-16T17:42:53Z,2026-09-16T17:42:53Z
3144063446003,Patenade de poivrons,2026-09-16T17:42:53Z,2026-09-16T17:42:53Z
3144063446072,Pätenade de Castelnaudary,2026-09-16T17:42:53Z,2026-09-16T17:42:53Z
3144250000001,Réauté Chocolats Jeannette la poulette chocolat blanc 300 g,2026-09-16T17:42:53Z,2026-09-16T17:42:53Z
3144260000008,Lapin chocolat,2026-09-16T17:42:53Z,2026-09-16T17:42:53Z
3144270000005,Lapin de Pâques et friture,2026-09-16T17:42:53Z,2026-09-16T17:42:53Z
3144340000003,Oeufs de mouettes,2026-09-16T17:42:53Z,2026-09-16T17:42:53Z
3144550000169,Eric Bur Safran,2026-09-16T17:42:53Z,2026-09-16T17:42:53Z
3144550000176,Eric Bur Mélange de sel de Guérande Et de Piment d'Espelette 10%,2026-09-16T17:42:53Z,2026-09-16T17:42:53Z
3144550000206,Eric Bur Pignons de cedre 600 g,2026-09-16T17:42:53Z,2026-09-16T17:42:53Z
3144550000282,Eric Bur Haricots blancs 2 kg,2026-09-16T17:42:53Z,2026-09-16T17:42:53Z
3144550000312,Heinz Haricot,2026-09-16T17:42:53Z,2026-09-16T17:42:53Z
3144550000718,Heinz Tomato Ketchup 300 ml,2026-09-16T17:42:53Z,2026-09-16T17:42:53Z
3144550003160,Reese's Sticks 42g,2026-09-16T17:42:53Z,2026-09-16T17:42:53Z
3144550003177,Reese's stuffed with pieces candy,2026-09-16T17:42:53Z,2026-09-16T17:42:53Z
3144550003214,Cookies 6 x 175 g,2026-09-16T17:42:53Z,2026-09-16T17:42:53Z
3144550003221,New Yorkers,2026-09-16T17:42:53Z,2026-09-16T17:42:53Z
3144550003238,Green up,2026-09-16T17:42:53Z,2026-09-16T17:42:53Z
3144550003351,"Reese's Peanut 1,53 kg",2026-09-16T17:42:53Z,2026-09-16T17:42:53Z
3144550003405,Reese's BIG CUP 39g,2026-09-16T17:42:53Z,2026-09-16T17:42:53Z
3144550003603,Lucky Charms,2026-09-16T17:42:53Z,2026-09-16T17:42:53Z
3144550003627,Hershey's 43 g,2026-09-16T17:42:53Z,2026-09-16T17:42:53Z
3144550003801,Eric bur Sirop D'érable 330 g,2026-09-16T17:42:53Z,2026-09-16T17:42:53Z
3144550003832,All american pancake mix,2026-09-16T17:42:53Z,2026-09-16T17:42:53Z
3144550003849,Hershey s Sirop De Caramel Léger 425 g,2026-09-16T17:42:53Z,2026-09-16T17:42:53Z
3144550003856,Eric Bur Pour sirop d'erable,2026-09-16T17:42:53Z,2026-09-16T17:42:53Z
3144550003931,Macaroni and cheese dinner,2026-09-16T17:42:53Z,2026-09-16T17:42:53Z
3144550003955,Riz sauvage Wild Rice Naturel 180 g,2026-09-16T17:42:53Z,2026-09-16T17:42:53Z
3144550004051,Galettes tomate et origan,2026-09-16T17:42:53Z,2026-09-16T17:42:53Z
3144550004068,Galettes oignons,2026-09-16T17:42:53Z,2026-09-16T17:42:53Z
3144550004167,Sel Aux Cèpes,2026-09-16T17:42:53Z,2026-09-16T17:42:53Z
3144550004181,Eric bur Sel marin de l'Atlantique 250g,2026-09-16T17:42:53Z,2026-09-16T17:42:53Z
3144550004198,Sel marin de l'atlantique,2026-09-16T17:42:53Z,2026-09-16T17:42:53Z
3144550004242,Eric Bur Sel Fin De L'himalaya 125G 125 g,2026-09-16T17:42:53Z,2026-09-16T17:42:53Z
3144550004266,Eric bur Sel Fin Aux Algues,2026-09-16T17:42:53Z,2026-09-16T17:42:53Z
3144550004273,Eric bur Mélange de sel de guérande et d'herbes,2026-09-16T17:42:53Z,2026-09-16T17:42:53Z
3144550004280,Sel Fin Aux Aromates,2026-09-16T17:42:53Z,2026-09-16T17:42:53Z
3144550004341,Éric Bur Eric Bur Ratatouille Provencal 600G 600 g,2026-09-16T17:42:53Z,2026-09-16T17:42:53Z
3144550004358,Eric Bur Riste d'aubergine,2026-09-16T17:42:53Z,2026-09-16T17:42:53Z
3144550004372,Éric Bur Mélange de Sel de Guérande et de Piment d'Espelette 125 g,2026-09-16T17:42:53Z,2026-09-16T17:42:53Z
3144550004396,Éric Bur Caviar d'aubergine 380 g,2026-09-16T17:42:53Z,2026-09-16T17:42:53Z
3144550004402,Eric Bur Petites crepes dentelle tres fines 40 oz,2026-09-16T17:42:53Z,2026-09-16T17:42:53Z
3144550004419,Eric Bur Tranches grillées de baguette bio 150 g,2026-09-16T17:42:53Z,2026-09-16T17:42:53Z
3144550004426,Petites Crêpes Dentelles,2026-09-16T17:42:53Z,2026-09-16T17:42:53Z
3144550004457,Éric Bur Tomates séchées 200 g,2026-09-16T17:42:53Z,2026-09-16T17:42:53Z
3144550004464,Eric Bur Piments 20 g,2026-09-16T17:42:53Z,2026-09-16T17:42:53Z
3144550004501,Eric Bur Petites crêpes dentelle très fines,2026-09-16T17:42:53Z,2026-09-16T17:42:53Z
3144550004518,Eric Bur Mini-toast grillés aux céréales bio 150 g,2026-09-16T17:42:53Z,2026-09-16T17:42:53Z
3144550004525,Eric Bur Mini-toasts grillés aux céréales 150 g,2026-09-16T17:42:53Z,2026-09-16T17:42:53Z
3144550004532,Éric Bur Pain Azyme 200 g,2026-09-16T17:42:53Z,2026-09-16T17:42:53Z
3144550004549,Eric Bur Toasts aux raisins,2026-09-16T17:42:53Z,2026-09-16T17:42:53Z
3144550004556,Éric Bur Crepes dentelle au bacon ERIC BUR,2026-09-16T17:42:53Z,2026-09-16T17:42:53Z
3144550004563,Feuilletés au gouda,2026-09-16T17:42:53Z,2026-09-16T17:42:53Z
3144550004570,Éric Bur Feuilletés au parmesan 100 g,2026-09-16T17:42:53Z,2026-09-16T17:42:53Z
3144550004600,Éric Bur Torsades feuilletees ERIC BUR 100 g,2026-09-16T17:42:53Z,2026-09-16T17:42:53Z
3144550004624,Eric Bur Cristaux de sucre,2026-09-16T17:42:53Z,2026-09-16T17:42:53Z
3144550004648,Éric Bur Torsades feuilletés pavot fromage 100 g,2026-09-16T17:42:53Z,2026-09-16T17:42:53Z
3144550004655,Eric bur Zwieback Petites Biscottes,2026-09-16T17:42:53Z,2026-09-16T17:42:53Z
3144550004662,Éric Bur Sticks aux cristaux de sel,2026-09-16T17:42:53Z,2026-09-16T17:42:53Z
3144550004679,Eric bur Bretzels aux cristaux de sel,2026-09-16T17:42:53Z,2026-09-16T17:42:53Z
3144550004686,Eric Bur Chutney De Mangues 220 g,2026-09-16T17:42:53Z,2026-09-16T17:42:53Z
3144550004693,Eric Bur SAUCE AUX 3 POIVRES,2026-09-16T17:42:53Z,2026-09-16T17:42:53Z
3144550004709,Sauce au Beaujolais et echalotes ERIC BUR,2026-09-16T17:42:53Z,2026-09-16T17:42:53Z
3144550004754,Eric Bur Caprons 235 g,2026-09-16T17:42:53Z,2026-09-16T17:42:53Z
3144550004761,Eric bur GOUSSES D'AIL 70G 70 g / 105 ml,2026-09-16T17:42:53Z,2026-09-16T17:42:53Z
3144550004778,Éric bur Câpres 99 g,2026-09-16T17:42:53Z,2026-09-16T17:42:53Z
3144550004785,Éric Bur Olives Noires mûres dénoyautées,2026-09-16T17:42:53Z,2026-09-16T17:42:53Z
3144550004792,Eric Bur Piments rouge,2026-09-16T17:42:53Z,2026-09-16T17:42:53Z
3144550004815,Eric bur Olives Farcies Amandes,2026-09-16T17:42:53Z,2026-09-16T17:42:53Z
3144550004822,Éric Bur Olives Aux Poivrons Rouges 150g 150 g,2026-09-16T17:42:53Z,2026-09-16T17:42:53Z
3144550004853,Eric Bur Confit d’oignons grelots,2026-09-16T17:42:53Z,2026-09-16T17:42:53Z
3144550004860,Eric Bur Sauce poivre vert 190 g,2026-09-16T17:42:53Z,2026-09-16T17:42:53Z
3144550004877,Eric Bur Sauce Madère,2026-09-16T17:42:53Z,2026-09-16T17:42:53Z
3144550004891,Éric Bur Sauce Aux Truffes 190 g,2026-09-16T17:42:53Z,2026-09-16T17:42:53Z
3144550004914,Sauce aux morilles,2026-09-16T17:42:53Z,2026-09-16T17:42:53Z
3144550004921,Eric Bur Sauce armoricaine 190 g,2026-09-16T17:42:53Z,2026-09-16T17:42:53Z
3144550004938,Eric Bur Confit d'oignons au piment d'espelette 220 g,2026-09-16T17:42:53Z,2026-09-16T17:42:53Z
3144550004945,Eric Bur Sauce Nantua 6.70 oz,2026-09-16T17:42:53Z,2026-09-16T17:42:53Z
3144550004952,Eric Bur Sauce au roquefort,2026-09-16T17:42:53Z,2026-09-16T17:42:53Z
3144550004990,Eric bur Confit D'oignons,2026-09-16T17:42:53Z,2026-09-16T17:42:53Z
3144550005010,Éric Bur Olives vertes picholine 370 g,2026-09-16T17:42:53Z,2026-09-16T17:42:53Z
3144550005065,Éric Bur Mayonnaise 90 g,2026-09-16T17:42:53Z,2026-09-16T17:42:53Z
3144550005089,Eric Bur Pesto tomates et ricotta 90 g,2026-09-16T17:42:53Z,2026-09-16T17:42:53Z
3144550005096,Éric Bur Pesto blanc 90 g,2026-09-16T17:42:53Z,2026-09-16T17:42:53Z
3144550005102,Euromadi iberica s a Tapenade d'olives noires ERIC BUR,2026-09-16T17:42:53Z,2026-09-16T17:42:53Z
3144550005119,Eric bur Anchoïade,2026-09-16T17:42:53Z,2026-09-16T17:42:53Z
3144550005126,Éric Bur Sauce Pistou ERIC BUR 90 g,2026-09-16T17:42:53Z,2026-09-16T17:42:53Z
3144550005133,Eric Bur Aïoli,2026-09-16T17:42:53Z,2026-09-16T17:42:53Z
3144550005140,Eric bur Rouille,2026-09-16T17:42:53Z,2026-09-16T17:42:53Z
3144550005157,Eric BUR PESTO 90G,2026-09-16T17:42:53Z,2026-09-16T17:42:53Z
3144550005164,Éric Bur Pulpe d’ail,2026-09-16T17:42:53Z,2026-09-16T17:42:53Z
3144550005171,Eric Bur Concassé de tomate séchée relevé 90g,2026-09-16T17:42:53Z,2026-09-16T17:42:53Z
3144550005188,Eric Bur Sauce Tomate aux cèpes,2026-09-16T17:42:53Z,2026-09-16T17:42:53Z
3144550005201,Éric Bur Sauce Tomate Napolitaine,2026-09-16T17:42:53Z,2026-09-16T17:42:53Z
3144550005218,Eric Bur Sauce tomate au basilic genovese AOP,2026-09-16T17:42:53Z,2026-09-16T17:42:53Z
3144550005225,Éric Bur Concassé de tomate séchée 90g,2026-09-16T17:42:53Z,2026-09-16T17:42:53Z
3144550005287,Eric Bur Creme Artichaud 90G 90 g,2026-09-16T17:42:53Z,2026-09-16T17:42:53Z
3144550005379,Éric Bur Tapenade verte aux amandes 90 g,2026-09-16T17:42:53Z,2026-09-16T17:42:53Z
3144550005386,Éric Bur Caviar d'aubergine 90 g,2026-09-16T17:42:53Z,2026-09-16T17:42:53Z
3144550005393,Eric Bur Basilic à l'huile 90 g,2026-09-16T17:42:53Z,2026-09-16T17:42:53Z
3144550005409,Éric Bur Creme de poivrons à la Ricotta 90 g,2026-09-16T17:42:53Z,2026-09-16T17:42:53Z
3144550005492,Éric Bur Houmous 90 g,2026-09-16T17:42:53Z,2026-09-16T17:42:53Z
3144550005508,Eric Bur Piperade de jambon au sel noir fumé 90 g,2026-09-16T17:42:53Z,2026-09-16T17:42:53Z
3144550005577,Eric Bur Sauce Salade Roquefort Et Noix 25Cl,2026-09-16T17:42:53Z,2026-09-16T17:42:53Z
3144550005591,Sauce Vinaigrette à La Provençale,2026-09-16T17:42:53Z,2026-09-16T17:42:53Z
3144550005607,Éric Bur Eric Bur huile vierge de noix 25 cl,2026-09-16T17:42:53Z,2026-09-16T17:42:53Z
3144550005621,Eric Bur Huile vierge de noisette,2026-09-16T17:42:53Z,2026-09-16T17:42:53Z
3144550005645,Eric Bur Huile vierge d’argan,2026-09-16T17:42:53Z,2026-09-16T17:42:53Z
3144550005683,Huile vierge de sesame ERIC BUR,2026-09-16T17:42:53Z,2026-09-16T17:42:53Z
3144550005690,Eric Bur Huile spéciale pizza,2026-09-16T17:42:53Z,2026-09-16T17:42:53Z
3144550005706,Éric Bur Moutarde a l'ancienne au vinaigre de cidre ERIC BUR 200 g,2026-09-16T17:42:53Z,2026-09-16T17:42:53Z
3144550005720,Éric Bur Eric Bur Dijon Mustard,2026-09-16T17:42:53Z,2026-09-16T17:42:53Z
3144550005737,Éric Bur Moutarde a l estragon,2026-09-16T17:42:53Z,2026-09-16T17:42:53Z
3144550005744,Eric Bur Moutarde au piment d’espelette 3% 200 g,2026-09-16T17:42:53Z,2026-09-16T17:42:53Z
3144550005751,Eric Bur Mûres sans pépins,2026-09-16T17:42:53Z,2026-09-16T17:42:53Z
3144550005782,Sauce béarnaise,2026-09-16T17:42:53Z,2026-09-16T17:42:53Z
3144550005805,Éric Bur Moutarde a l'ail et au persil ERIC BUR 200 g,2026-09-16T17:42:53Z,2026-09-16T17:42:53Z
3144550005812,Eric Bur Confiture extra de goyave bes quality,2026-09-16T17:42:53Z,2026-09-16T17:42:53Z
3144550005829,Confiture extra de fruits de la passion ERIC BUR,2026-09-16T17:42:53Z,2026-09-16T17:42:53Z
3144550005836,Confiture extra de mangues ERIC BUR,2026-09-16T17:42:53Z,2026-09-16T17:42:53Z
3144550005843,Eric Bur Confiture extra de KIWIS,2026-09-16T17:42:53Z,2026-09-16T17:42:53Z
3144550005850,Confiture extra d'abricots ERIC BUR,2026-09-16T17:42:53Z,2026-09-16T17:42:53Z
3144550005867,Confiture extra de cerises ERIC BUR,2026-09-16T17:42:53Z,2026-09-16T17:42:53Z
3144550005874,Confiture extra de fraises ERIC BUR,2026-09-16T17:42:53Z,2026-09-16T17:42:53Z
3144550005881,Eric Bur Confiture extra de Prune Reine-Claude,2026-09-16T17:42:53Z,2026-09-16T17:42:53Z
3144550005904,Confiture Extra D Abricots Aux Amandes Eric Bur,2026-09-16T17:42:53Z,2026-09-16T17:42:53Z
3144550005911,Eric Bur Confiture de melons,2026-09-16T17:42:53Z,2026-09-16T17:42:53Z
3144550005935,Eric Bur Confiture extra tomates vertes 370 g,2026-09-16T17:42:53Z,2026-09-16T17:42:53Z
3144550005942,Eric Bur Confiture Extra Figue 370G 370 g,2026-09-16T17:42:53Z,2026-09-16T17:42:53Z
3144550005959,Éric Bur Confiture extra de framboises,2026-09-16T17:42:53Z,2026-09-16T17:42:53Z
3144550005966,Confiture d'égalantines ERIC BUR,2026-09-16T17:42:53Z,2026-09-16T17:42:53Z
3144550005980,Eric Bur Confiture extra de myrtilles,2026-09-16T17:42:53Z,2026-09-16T17:42:53Z
3144550005997,Éric Bur Eric Bur Creme Amande 320G,2026-09-16T17:42:53Z,2026-09-16T17:42:53Z
3144550006000,Éric Bur Crème de noisette,2026-09-16T17:42:53Z,2026-09-16T17:42:53Z
3144550006017,Confiture extra de 4 fruits rouge ERIC BUR,2026-09-16T17:42:53Z,2026-09-16T17:42:53Z
3144550006031,Eric Bur Confiture extra de rhubarbe,2026-09-16T17:42:53Z,2026-09-16T17:42:53Z
3144550006048,Marmelade de mandarines ERIC BUR,2026-09-16T17:42:53Z,2026-09-16T17:42:53Z
3144550006055,Eric Bur Gelée extra de framboise,2026-09-16T17:42:53Z,2026-09-16T17:42:53Z
3144550006062,Eric Bur Gelée extra de groseille 370 g,2026-09-16T17:42:53Z,2026-09-16T17:42:53Z
3144550006079,Gelee de coings ERIC BUR,2026-09-16T17:42:53Z,2026-09-16T17:42:53Z
3144550006086,Éric Bur Gelée extra de MÛRES,2026-09-16T17:42:53Z,2026-09-16T17:42:53Z
3144550006093,Eric Bur Gelée CASSIS 310g,2026-09-16T17:42:53Z,2026-09-16T17:42:53Z
3144550006116,Éric Bur Crème de marrons 370 g,2026-09-16T17:42:53Z,2026-09-16T17:42:53Z
3144550006123,Eric Bur Crème de pruneau 370 g,2026-09-16T17:42:53Z,2026-09-16T17:42:53Z
3144550006130,Éric Bur Eric Bur Confiture De Lait 230G 230 g,2026-09-16T17:42:53Z,2026-09-16T17:42:53Z
3144550006147,Eric Bur Confiture de lait noisette beurre salé,2026-09-16T17:42:53Z,2026-09-16T17:42:53Z
3144550006178,Confiture extra d'ananas ERIC BUR,2026-09-16T17:42:53Z,2026-09-16T17:42:53Z
3144550006192,Eric Bur Gelee Pomme 370 g,2026-09-16T17:42:53Z,2026-09-16T17:42:53Z
3144550006215,Airelles sauvages au naturel,2026-09-16T17:42:53Z,2026-09-16T17:42:53Z
3144550006222,Eric Bur Confit de pétales de rose 370 g,2026-09-16T17:42:53Z,2026-09-16T17:42:53Z
3144550006239,Eric Bur Confiture Mi-figues Mi-raisins 370g,2026-09-16T17:42:53Z,2026-09-16T17:42:53Z
3144550006246,Eric Bur Marmelade d'oranges en tranches 370 g,2026-09-16T17:42:53Z,2026-09-16T17:42:53Z
3144550006253,Eric BUR Marmelade 3 agrumes,2026-09-16T17:42:53Z,2026-09-16T17:42:53Z
3144550006277,Eric Bur Coulis de framboises sucré 300 ml,2026-09-16T17:42:53Z,2026-09-16T17:42:53Z
3144550006307,Elle&vire Marmelade d'oranges Douces 200g,2026-09-16T17:42:53Z,2026-09-16T17:42:53Z
3144550006314,"Eric bur Lentilles cuisinées 720 ml, 425 g",2026-09-16T17:42:53Z,2026-09-16T17:42:53Z
3144550006338,Éric Bur Caramel au beurre salé,2026-09-16T17:42:53Z,2026-09-16T17:42:53Z
3144550006345,"Éric Bur Flagolets verts extra fins ""Chevrier"" 660 g",2026-09-16T17:42:53Z,2026-09-16T17:42:53Z
3144550006369,Eric Bur Petits pois extra fins et carottes 420 g,2026-09-16T17:42:53Z,2026-09-16T17:42:53Z
3144550006376,Éric Bur Haricots saisons à la graisse d'oie,2026-09-16T17:42:53Z,2026-09-16T17:42:53Z
3144550006383,Éric Bur Haricots verts 660 g,2026-09-16T17:42:53Z,2026-09-16T17:42:53Z
3144550006406,Eric Bur Mogettes 420 g,2026-09-16T17:42:53Z,2026-09-16T17:42:53Z
3144550006420,Petits pois extra fins - Oignons et salade,2026-09-16T17:42:53Z,2026-09-16T17:42:53Z
3144550006437,Éric Bur Haricots rouges 425 g,2026-09-16T17:42:53Z,2026-09-16T17:42:53Z
3144550006451,Eric Bur Mogettes des pays de la loire,2026-09-16T17:42:53Z,2026-09-16T17:42:53Z
3144550006468,Eric Bur Pois chiches de France 430,2026-09-16T17:42:53Z,2026-09-16T17:42:53Z
3144550006475,Eric Bur Haricots verts bio,2026-09-16T17:42:53Z,2026-09-16T17:42:53Z
3144550006499,Choucroute Au Champagne,2026-09-16T17:42:53Z,2026-09-16T17:42:53Z
3144550006512,Eric Bur cepes,2026-09-16T17:42:53Z,2026-09-16T17:42:53Z
3144550006543,Eric Bur Marrons glacés,2026-09-16T17:42:53Z,2026-09-16T17:42:53Z
3144550006550,Eric bur Trompette de la mort,2026-09-16T17:42:53Z,2026-09-16T17:42:53Z
3144550006567,Eric Bur Marrons A L Etouffe Bocal 37Cl 230 g,2026-09-16T17:42:53Z,2026-09-16T17:42:53Z
3144550006581,Eric Bur Girolles 185 g,2026-09-16T17:42:53Z,2026-09-16T17:42:53Z
3144550006598,Eric bur Marrons à L'étouffée,2026-09-16T17:42:53Z,2026-09-16T17:42:53Z
3144550006604,Eric Bur Pruneaux d'Agen 500 g,2026-09-16T17:42:53Z,2026-09-16T17:42:53Z
3144550006611,ERIC BUR Pruneaux D'agen Dénoyaute 500g 500 g,2026-09-16T17:42:53Z,2026-09-16T17:42:53Z
3144550006642,Eric Bur Purée de marrons,2026-09-16T17:42:53Z,2026-09-16T17:42:53Z
3144550006659,Eric Bur - Purée de Marrons,2026-09-16T17:42:53Z,2026-09-16T17:42:53Z
3144550006802,Eric Bur Thé vert de Chine aromatisé au jasmin 100 g,2026-09-16T17:42:53Z,2026-09-16T17:42:53Z
3144550006918,Eric Bur Caramel au beurre salé,2026-09-16T17:42:53Z,2026-09-16T17:42:53Z
3144550007038,Éric Bur Mini Meringues 100 g,2026-09-16T17:42:53Z,2026-09-16T17:42:53Z
3144550007052,Eric Bur Cacao En Poudre 250G 250 g,2026-09-16T17:42:53Z,2026-09-16T17:42:53Z
3144550007069,Éric Bur Chocolat en poudre,2026-09-16T17:42:53Z,2026-09-16T17:42:53Z
3144550007113,Éric Bur Mini Meringues Arôme Fraise 100 g,2026-09-16T17:42:53Z,2026-09-16T17:42:53Z
3144550007120,Éric Bur Mini Meringues Arôme Moka 100 g,2026-09-16T17:42:53Z,2026-09-16T17:42:53Z
3144550007137,Eric Bur Croquants soufflés aux amandes 100 g,2026-09-16T17:42:53Z,2026-09-16T17:42:53Z
3144550007144,Éric Bur Mini Meringues Arôme Citron 100 g,2026-09-16T17:42:53Z,2026-09-16T17:42:53Z
3144550007175,Eric Bur The Breakfast Anglais 100 g,2026-09-16T17:42:53Z,2026-09-16T17:42:53Z
3144550007199,Eric Bur Grands thes,2026-09-16T17:42:53Z,2026-09-16T17:42:53Z
3144550007311,Eric Bur Mini Poireaux bio,2026-09-16T17:42:53Z,2026-09-16T17:42:53Z
3144550007335,Eric Bur Haricots verts bio extra fins,2026-09-16T17:42:53Z,2026-09-16T17:42:53Z
3144550007342,Éric Bur Salicorne Au Vinaigre Léger 160g,2026-09-16T17:42:53Z,2026-09-16T17:42:53Z
3144550007359,Eric Bur Cornichons aux 2 poivres,2026-09-16T17:42:53Z,2026-09-16T17:42:53Z
3144550007380,Eric Bur Duo de haricots extra fins,2026-09-16T17:42:53Z,2026-09-16T17:42:53Z
3144550007397,Eric bur Haricots verts extra fins,2026-09-16T17:42:53Z,2026-09-16T17:42:53Z
3144550007403,Éric Bur Cornichons au vinaigre,2026-09-16T17:42:53Z,2026-09-16T17:42:53Z
3144550007489,Eric Bur Filet de thon albacore à l'huile d'olive 300 g,2026-09-16T17:42:53Z,2026-09-16T17:42:53Z
3144550007502,Eric Bur Pois Gourmands 330 g (égoutté : 180 g),2026-09-16T17:42:53Z,2026-09-16T17:42:53Z
3144550007519,Éric Bur Eric Bur Haricot Beurre 180G 180 g,2026-09-16T17:42:53Z,2026-09-16T17:42:53Z
3144550007526,Eric Bur Mini poireaux 330 g,2026-09-16T17:42:53Z,2026-09-16T17:42:53Z
3144550007533,Eric BUR Haricots verts 450 ml,2026-09-16T17:42:53Z,2026-09-16T17:42:53Z
3144550007540,Éric Bur Fagotins de Haricots Beurre,2026-09-16T17:42:53Z,2026-09-16T17:42:53Z
3144550007595,Éric Bur Mini épis de maïs,2026-09-16T17:42:53Z,2026-09-16T17:42:53Z
3144550007601,Éric Bur Cèpes extra 40 g,2026-09-16T17:42:53Z,2026-09-16T17:42:53Z
3144550007625,Eric Bur Mélange forestier,2026-09-16T17:42:53Z,2026-09-16T17:42:53Z
3144550007649,Eric Bur Maïs 280 g,2026-09-16T17:42:53Z,2026-09-16T17:42:53Z
3144550007663,Eric Bur Quinoa bio 255 g,2026-09-16T17:42:53Z,2026-09-16T17:42:53Z
3144550007670,Éric Bur Trio de quinoa,2026-09-16T17:42:53Z,2026-09-16T17:42:53Z
3144550007687,Eric Bur Graine De Chia 240 g,2026-09-16T17:42:53Z,2026-09-16T17:42:53Z
3144550007694,Eric bur Soupe de poissons,2026-09-16T17:42:53Z,2026-09-16T17:42:53Z
3144550007700,Éric Bur Rillettes de Thon au poivre vert 90 g,2026-09-16T17:42:53Z,2026-09-16T17:42:53Z
3144550007717,Éric Bur Rillettes de Saumon au citron et à l'aneth,2026-09-16T17:42:53Z,2026-09-16T17:42:53Z
3144550007731,Eric Bur Rillettes de noix de st jacques,2026-09-16T17:42:53Z,2026-09-16T17:42:53Z
3144550007748,Éric Bur Foie de morue fumé au bois de hêtre 121 g,2026-09-16T17:42:53Z,2026-09-16T17:42:53Z
3144550007755,Eric Bur Filet de ton albacore à l'huile d'olive,2026-09-16T17:42:53Z,2026-09-16T17:42:53Z
3144550007762,Eric Bur Piment D'espelette Aoc 50 g,2026-09-16T17:42:53Z,2026-09-16T17:42:53Z
3144550007779,Éric Bur Baies Roses au Vinaigre,2026-09-16T17:42:53Z,2026-09-16T17:42:53Z
3144550007786,Éric Bur Poivre vert en saumure Eric Bur 10.6 cl,2026-09-16T17:42:53Z,2026-09-16T17:42:53Z
3144550007809,Eric Bur Mélange 5 baies,2026-09-16T17:42:53Z,2026-09-16T17:42:53Z
3144550007823,Eric Bur Haricots rouges,2026-09-16T17:42:53Z,2026-09-16T17:42:53Z
3144550007830,Eric Bur Haricots de Soissons,2026-09-16T17:42:53Z,2026-09-16T17:42:53Z
3144550007847,Éric Bur Eric Bur Lentilles Vertes Du Berry 290G 280 g,2026-09-16T17:42:53Z,2026-09-16T17:42:53Z
3144550007908,Eric Bur Achards de légumes,2026-09-16T17:42:53Z,2026-09-16T17:42:53Z
3144550007915,Eric Bur Achards d'Ail 100 g,2026-09-16T17:42:53Z,2026-09-16T17:42:53Z
3144550007922,Eric Bur Achards de citron 100 g,2026-09-16T17:42:53Z,2026-09-16T17:42:53Z
3144550007946,Eric Bur Lentilles corail,2026-09-16T17:42:53Z,2026-09-16T17:42:53Z
3144550007953,Éric Bur Lentilles Beluga,2026-09-16T17:42:53Z,2026-09-16T17:42:53Z
3144550008011,Eric bur Mini petit beurre au sel de Guérande et au beurre frais,2026-09-16T17:42:53Z,2026-09-16T17:42:53Z
3144550008028,Galettes au gingembre ERIC BUR 125 g,2026-09-16T17:42:53Z,2026-09-16T17:42:53Z
3144550008035,Éric Bur Eric Bur Galettes Canelle 125G,2026-09-16T17:42:53Z,2026-09-16T17:42:53Z
3144550008042,Éric Bur 6 Baba au rhum,2026-09-16T17:42:53Z,2026-09-16T17:42:53Z
3144550008059,Eric Bur Mini petit beurre,2026-09-16T17:42:53Z,2026-09-16T17:42:53Z
3144550008066,Éric Bur Cannelés de Bordeaux au rhum,2026-09-16T17:42:53Z,2026-09-16T17:42:53Z
3144550008097,Éric Bur Ericbur Cake Aux Fruits Confit 320G,2026-09-16T17:42:53Z,2026-09-16T17:42:53Z
3144550008103,Eric Bur Palet Breton 125 g,2026-09-16T17:42:53Z,2026-09-16T17:42:53Z
3144550008110,Éric Bur Mini sablé au thé earl grey,2026-09-16T17:42:53Z,2026-09-16T17:42:53Z
3144550008189,Eric bur Pain D'épices Miel 400 g,2026-09-16T17:42:53Z,2026-09-16T17:42:53Z
3144550008196,Eric Bur Pain d’epices 300 g,2026-09-16T17:42:53Z,2026-09-16T17:42:53Z
3144550008202,Éric Bur Pain d'épices 300 g e,2026-09-16T17:42:53Z,2026-09-16T17:42:53Z
3144550008219,Eric bur Pain D'épices Au Miel Et Aux Fruits Secs 250 g,2026-09-16T17:42:53Z,2026-09-16T17:42:53Z
3144550008226,Eric Bur Pain d'épices aux figues 300 g,2026-09-16T17:42:53Z,2026-09-16T17:42:53Z
3144550008233,Confit d'echalotes ERIC BUR 220 g,2026-09-16T17:42:53Z,2026-09-16T17:42:53Z
3144550008240,Eric Bur Confit De Figues 220 g,2026-09-16T17:42:53Z,2026-09-16T17:42:53Z
3144550008363,Eric bur Confiture De Noël,2026-09-16T17:42:53Z,2026-09-16T17:42:53Z
3144550008370,"Confiture extra de peches, abricots et framboises ERIC BUR 370g",2026-09-16T17:42:53Z,2026-09-16T17:42:53Z
3144550008387,Eric Bur Confiture extra de Fraises - Fraises des Bois 370 g,2026-09-16T17:42:53Z,2026-09-16T17:42:53Z
3144550008394,Eric Bur Confiture Figue Entiere 370G 370 g,2026-09-16T17:42:53Z,2026-09-16T17:42:53Z
3144550008400,Eric bur Confiture extra de cerises noires 370 g,2026-09-16T17:42:53Z,2026-09-16T17:42:53Z
3144550008424,Eric Bur Confiture de poire Williams a la vanille,2026-09-16T17:42:53Z,2026-09-16T17:42:53Z
3144550008431,Éric Bur Confiture de quetsches ERIC BUR,2026-09-16T17:42:53Z,2026-09-16T17:42:53Z
3144550008448,Confiture d'abricots à la cannelle ERIC BUR,2026-09-16T17:42:53Z,2026-09-16T17:42:53Z
3144550008455,Eric Fur Confiture extra de pêche de vigne 370 g,2026-09-16T17:42:53Z,2026-09-16T17:42:53Z
3144550008479,Confiture extra de framboise sans pépins ERIC BUR,2026-09-16T17:42:53Z,2026-09-16T17:42:53Z
3144550008516,Eric Bur Confiture extra de CASSIS sans pépins,2026-09-16T17:42:53Z,2026-09-16T17:42:53Z
3144550008530,Eric Bur Confiture de fraise BIO,2026-09-16T17:42:53Z,2026-09-16T17:42:53Z
3144550008547,Eric Bur Confiture d'orange BIO,2026-09-16T17:42:53Z,2026-09-16T17:42:53Z
3144550008639,Éric Bur Sablés aux raisins 120 g,2026-09-16T17:42:53Z,2026-09-16T17:42:53Z
3144550008646,Eric Bur Croustillant au caramel 120 g,2026-09-16T17:42:53Z,2026-09-16T17:42:53Z
3144550008653,Éric Bur Petit Fours a la Creme d'Amande 120 g,2026-09-16T17:42:53Z,2026-09-16T17:42:53Z
3144550008660,Éric Bur Petits fours à la cerise amarena 120 g,2026-09-16T17:42:53Z,2026-09-16T17:42:53Z
3144550008677,Eric Bur Petits fours aux pepites de chocolat noir,2026-09-16T17:42:53Z,2026-09-16T17:42:53Z
3144550008684,Eric Bur Petits fours aux fruits secs,2026-09-16T17:42:53Z,2026-09-16T17:42:53Z
3144550008707,Éric Bur Palmiers au beurre 100 g,2026-09-16T17:42:53Z,2026-09-16T17:42:53Z
3144550008714,Eric Bur Croustillants à l'orange,2026-09-16T17:42:53Z,2026-09-16T17:42:53Z
3144550008721,Éric Bur Pâte de curry madras,2026-09-16T17:42:53Z,2026-09-16T17:42:53Z
3144550008912,Eric Bur Pâte de curry tandoori,2026-09-16T17:42:53Z,2026-09-16T17:42:53Z
3144550008929,Eric Bur Pate de curry,2026-09-16T17:42:53Z,2026-09-16T17:42:53Z
3144550009940,Éric Bur Fleurs de violettes 227 g,2026-09-16T17:42:53Z,2026-09-16T17:42:53Z
3144550009964,Eric bur Citrons Confits 290 g,2026-09-16T17:42:53Z,2026-09-16T17:42:53Z
3144550010038,Éric Bur Sel noir d'Hawaï 100 g,2026-09-16T17:42:53Z,2026-09-16T17:42:53Z
3144550010076,Eric Bur Sel de mer a la fleur d'hibiscus,2026-09-16T17:42:53Z,2026-09-16T17:42:53Z
3144550010120,Éric Bur Ail Haché 55 g,2026-09-16T17:42:53Z,2026-09-16T17:42:53Z
3144550010168,Anis Vert Grains,2026-09-16T17:42:53Z,2026-09-16T17:42:53Z
3144550010175,Éric Bur Badiane Anis étoilé,2026-09-16T17:42:53Z,2026-09-16T17:42:53Z
3144550010182,Baies roses de Madagascare,2026-09-16T17:42:53Z,2026-09-16T17:42:53Z
3144550010199,Eric Bur Basilic Haché,2026-09-16T17:42:53Z,2026-09-16T17:42:53Z
3144550010229,Eric Bur Curry Korma,2026-09-16T17:42:53Z,2026-09-16T17:42:53Z
3144550010243,Eric Bur Fèves de Tonka,2026-09-16T17:42:53Z,2026-09-16T17:42:53Z
3144550010250,Éric Bur Cannelle En Bâtons 20 g,2026-09-16T17:42:53Z,2026-09-16T17:42:53Z
3144550010267,Éric Bur Cannelle Moulue 33 g,2026-09-16T17:42:53Z,2026-09-16T17:42:53Z
3144550010281,Carvi blond ERIC BUR,2026-09-16T17:42:53Z,2026-09-16T17:42:53Z
3144550010311,Eric Bur Poivre blanc de penja du Cameroun,2026-09-16T17:42:53Z,2026-09-16T17:42:53Z
3144550010328,Eric Bur Poivre de Voatsiperifery de Madagascar,2026-09-16T17:42:53Z,2026-09-16T17:42:53Z
3144550010335,Eric Bur Poivre rouge de kampot,2026-09-16T17:42:53Z,2026-09-16T17:42:53Z
3144550010342,Éric Bur Poivre rouge de Phu-Quoc,2026-09-16T17:42:53Z,2026-09-16T17:42:53Z
3144550010359,Celeri moulu - ERIC BUR,2026-09-16T17:42:53Z,2026-09-16T17:42:53Z
3144550010380,Eric Bur Sel de Camargue a la truffe francaise,2026-09-16T17:42:53Z,2026-09-16T17:42:53Z
3144550010410,Eric Bur Sel fou,2026-09-16T17:42:53Z,2026-09-16T17:42:53Z
3144550010427,Éric Bur Coriandre En Graines 28 g,2026-09-16T17:42:53Z,2026-09-16T17:42:53Z
3144550010434,Eric Bur Coriandre Moulue 36 g,2026-09-16T17:42:53Z,2026-09-16T17:42:53Z
3144550010441,Éric Bur Cumin En Graines 45 g,2026-09-16T17:42:53Z,2026-09-16T17:42:53Z
3144550010458,Éric Bur Cumin Moulu 45g,2026-09-16T17:42:53Z,2026-09-16T17:42:53Z
3144550010465,Éric Bur Curcuma Moulu 50 g,2026-09-16T17:42:53Z,2026-09-16T17:42:53Z
3144550010472,Éric Bur Curry Madras,2026-09-16T17:42:53Z,2026-09-16T17:42:53Z
3144550010489,BUR Distribution Sel rose de l'Himalaya 100g,2026-09-16T17:42:53Z,2026-09-16T17:42:53Z
3144550010540,Éric Bur Gingembre moulu,2026-09-16T17:42:53Z,2026-09-16T17:42:53Z
3144550010557,Éric Bur Clous De Girofle,2026-09-16T17:42:53Z,2026-09-16T17:42:53Z
3144550010564,Éric Bur Fenugrec 60 g,2026-09-16T17:42:53Z,2026-09-16T17:42:53Z
3144550010571,Eric Bur Fèves de Tonka 150 g,2026-09-16T17:42:53Z,2026-09-16T17:42:53Z
3144550010588,Éric Bur Harissa poudre,2026-09-16T17:42:53Z,2026-09-16T17:42:53Z
3144550010595,Herbes De Provence,2026-09-16T17:42:53Z,2026-09-16T17:42:53Z
3144550010618,Eric Bur Mélange de fleur de sel de Guérande et truffe d’été,2026-09-16T17:42:53Z,2026-09-16T17:42:53Z
3144550010649,Eric Bur Paprika fumé,2026-09-16T17:42:53Z,2026-09-16T17:42:53Z
3144550010663,Eric Bur Graines de moutarde 68 g,2026-09-16T17:42:53Z,2026-09-16T17:42:53Z
3144550010670,Eric Bur Noix De Muscade 26 g,2026-09-16T17:42:53Z,2026-09-16T17:42:53Z
3144550010687,Muscade Moulue Du Sri Lanka 54 g,2026-09-16T17:42:53Z,2026-09-16T17:42:53Z
3144550010694,Éric Bur Piment d'Espelette AOC ERIC BUR 50 g,2026-09-16T17:42:53Z,2026-09-16T17:42:53Z
3144550010717,Eric Bur Oignon Semoule,2026-09-16T17:42:53Z,2026-09-16T17:42:53Z
3144550010731,Origan,2026-09-16T17:42:53Z,2026-09-16T17:42:53Z
3144550010748,Éric Bur Jus de pomme,2026-09-16T17:42:53Z,2026-09-16T17:42:53Z
3144550010755,Pavot Bleu,2026-09-16T17:42:53Z,2026-09-16T17:42:53Z
3144550010762,Éric Bur Persil,2026-09-16T17:42:53Z,2026-09-16T17:42:53Z
3144550010779,Éric Bur Piment Doux D'espagne,2026-09-16T17:42:53Z,2026-09-16T17:42:53Z
3144550010786,Éric Bur Piment,2026-09-16T17:42:53Z,2026-09-16T17:42:53Z
3144550010793,Éric Bur Piment fort de Cayenne ERIC BUR,2026-09-16T17:42:53Z,2026-09-16T17:42:53Z
3144550010809,Éric Bur Piment fort concassé hot ground pepper 30 g,2026-09-16T17:42:53Z,2026-09-16T17:42:53Z
3144550010823,Éric Bur Poivre noir en grains Eric Bur,2026-09-16T17:42:53Z,2026-09-16T17:42:53Z
3144550010830,Éric Bur Poivre gris moulu Eric Bur 50 g,2026-09-16T17:42:53Z,2026-09-16T17:42:53Z
3144550010847,Eric Bur Poivre long,2026-09-16T17:42:53Z,2026-09-16T17:42:53Z
3144550010854,Éric Bur Poivre gris concassé du Vietnam 50 g,2026-09-16T17:42:53Z,2026-09-16T17:42:53Z
3144550010861,Éric Bur Poivre blanc moulu Eric Bur,2026-09-16T17:42:53Z,2026-09-16T17:42:53Z
3144550010878,Éric Bur Poivre blanc en grains 56 g,2026-09-16T17:42:53Z,2026-09-16T17:42:53Z
3144550010885,Eric Bur Poivre Vert 22G 22 g,2026-09-16T17:42:53Z,2026-09-16T17:42:53Z
3144550010892,Poivre De Sichuan 20 g,2026-09-16T17:42:53Z,2026-09-16T17:42:53Z
3144550010908,Éric Bur Raz El Hanout 43gr 43 g,2026-09-16T17:42:53Z,2026-09-16T17:42:53Z
3144550010939,Éric Bur Sauge 5 g,2026-09-16T17:42:53Z,2026-09-16T17:42:53Z
3144550010946,Éric Bur Eric Bur Sel De Celeri 72G 90 g,2026-09-16T17:42:53Z,2026-09-16T17:42:53Z
3144550010953,Éric Bur Graines de sesame blanc ERIC BUR,2026-09-16T17:42:53Z,2026-09-16T17:42:53Z
3144550010960,Éric Bur Sésame Doré,2026-09-16T17:42:53Z,2026-09-16T17:42:53Z
3144550010977,Éric Bur Thym De Provence,2026-09-16T17:42:53Z,2026-09-16T17:42:53Z
3144550010984,Éric Bur Eric Bur Poivre Noir En Grain Sarawak 48G 48 g,2026-09-16T17:42:53Z,2026-09-16T17:42:53Z
3144550010991,Éric Bur Poivre noir Tellicherry en grains ERIC BUR,2026-09-16T17:42:53Z,2026-09-16T17:42:53Z
3144550011004,Eric Bur Mélange SHANGHAÏ,2026-09-16T17:42:53Z,2026-09-16T17:42:53Z
3144550011011,Melange d'epices pour colombo ERIC BUR,2026-09-16T17:42:53Z,2026-09-16T17:42:53Z
3144550011028,Melange d'epices pour couscous ERIC BUR 40 g,2026-09-16T17:42:53Z,2026-09-16T17:42:53Z
3144550011035,Epices Massalé,2026-09-16T17:42:53Z,2026-09-16T17:42:53Z
3144550011042,Epices Paëlla,2026-09-16T17:42:53Z,2026-09-16T17:42:53Z
3144550011066,Eric Bur Rouille 1pcs,2026-09-16T17:42:53Z,2026-09-16T17:42:53Z
3144550011073,Garam Massala,2026-09-16T17:42:53Z,2026-09-16T17:42:53Z
3144550011080,Mélange d'épices pour vin chaud ERIC BUR,2026-09-16T17:42:53Z,2026-09-16T17:42:53Z
3144550011097,Eric Bur Mélange quatre épices 40 g,2026-09-16T17:42:53Z,2026-09-16T17:42:53Z
3144550011103,"Éric Bur Court-Bouillon ERIC BUR, 6 sachets",2026-09-16T17:42:53Z,2026-09-16T17:42:53Z
3144550011158,Éric Bur Melange Cajun ERIC BUR,2026-09-16T17:42:53Z,2026-09-16T17:42:53Z
3144550011172,Eric Bur Melange 5 Baies 40G 40 g,2026-09-16T17:42:53Z,2026-09-16T17:42:53Z
3144550011189,Éric Bur Agar agar 45 g,2026-09-16T17:42:53Z,2026-09-16T17:42:53Z
3144550011196,Éric Bur Fines Herbes,2026-09-16T17:42:53Z,2026-09-16T17:42:53Z
3144550011202,Bur Distribution Mélange Pain d'Épices 42 g,2026-09-16T17:42:53Z,2026-09-16T17:42:53Z
3144550011240,Éric Bur Assaisonnement VOLAILLE 55 g,2026-09-16T17:42:53Z,2026-09-16T17:42:53Z
3144550011264,Éric Bur Mélange Tandoori,2026-09-16T17:42:53Z,2026-09-16T17:42:53Z
3144550011288,Eric Bur Poudre de Safran 1 g,2026-09-16T17:42:53Z,2026-09-16T17:42:53Z
3144550011295,Yuzu En Poudre,2026-09-16T17:42:53Z,2026-09-16T17:42:53Z
3144550011318,Éric Bur SAFRAN pistil 1 g,2026-09-16T17:42:53Z,2026-09-16T17:42:53Z
3144550011325,Eric Bur Vermicelles De Sucre Multicolore 75g,2026-09-16T17:42:53Z,2026-09-16T17:42:53Z
3144550011332,Vermicelle De Sucre d' Or,2026-09-16T17:42:53Z,2026-09-16T17:42:53Z
3144550011349,Éric Bur Vermicelles De Sucre Argent 75g,2026-09-16T17:42:53Z,2026-09-16T17:42:53Z
3144550011363,Éric Bur Vermicelle Chocolat Au Lait 5mm 65g 65 g,2026-09-16T17:42:53Z,2026-09-16T17:42:53Z
3144550011387,Éric Bur Vermicelles De Sucre Orange 2.64 oz,2026-09-16T17:42:53Z,2026-09-16T17:42:53Z
3144550011400,Éric Bur Lentilles Chocolat Multicolores 80g,2026-09-16T17:42:53Z,2026-09-16T17:42:53Z
3144550011431,Éric Bur Eric Bur Perles De Sucre Ivoires 85G,2026-09-16T17:42:53Z,2026-09-16T17:42:53Z
3144550011448,Eric Bur Perles De Sucre Roses 85G 85 g,2026-09-16T17:42:53Z,2026-09-16T17:42:53Z
3144550011455,Eric Bur Perles De Sucre Bleue 85G 85 g,2026-09-16T17:42:53Z,2026-09-16T17:42:53Z
3144550011462,Éric Bur Perles de sucre argentees ERIC BUR,2026-09-16T17:42:53Z,2026-09-16T17:42:53Z
3144550011479,Eric Bur Décor Pâtisserie Perle D'agrume Citron Vert,2026-09-16T17:42:53Z,2026-09-16T17:42:53Z
3144550011493,Éric Bur Boules De Sucre Multicolore 45g,2026-09-16T17:42:53Z,2026-09-16T17:42:53Z
3144550011509,Éric Bur Eric Bur Mini Billes Multicolores 85 G,2026-09-16T17:42:53Z,2026-09-16T17:42:53Z
3144550011523,Eric Bur Coeurs de sucre cuivres,2026-09-16T17:42:53Z,2026-09-16T17:42:53Z
3144550011585,Eric Bur Sucre pétillant,2026-09-16T17:42:53Z,2026-09-16T17:42:53Z
3144550011608,Éric Bur Brisures de Roses lissées,2026-09-16T17:42:53Z,2026-09-16T17:42:53Z
3144550011622,Éric Bur Sucre a Chouquettes 65g 65 g,2026-09-16T17:42:53Z,2026-09-16T17:42:53Z
3144550011639,Eric Bur Cristaux De Sucre Bleu Clair (azur) 85G 85 g,2026-09-16T17:42:53Z,2026-09-16T17:42:53Z
3144550011653,Éric Bur Cristaux sucrés jaunes,2026-09-16T17:42:53Z,2026-09-16T17:42:53Z
3144550011660,Eric Bur Cristaux sucrés roses 85 g,2026-09-16T17:42:53Z,2026-09-16T17:42:53Z
3144550011820,Éric Bur Poudre de vanille Bourbon,2026-09-16T17:42:53Z,2026-09-16T17:42:53Z
3144550011967,Eric Bur Thym branches 10 g,2026-09-16T17:42:53Z,2026-09-16T17:42:53Z
3144550011981,Éric Bur Herbes de provence 70 g,2026-09-16T17:42:53Z,2026-09-16T17:42:53Z
3144550012285,Wasabi 45 g,2026-09-16T17:42:53Z,2026-09-16T17:42:53Z
3144550012988,Eric Bur Sel rose d'himalaya,2026-09-16T17:42:53Z,2026-09-16T17:42:53Z
3144550012995,Eric Bur Sel rose fin de l’Himalaya,2026-09-16T17:42:53Z,2026-09-16T17:42:53Z
3144550013800,maison Eric Bur Pur sirop d'erable bio 330g,2026-09-16T17:42:53Z,2026-09-16T17:42:53Z
3144550014210,Distribué par Éric Bur Sel Gris De Guérande 1kg,2026-09-16T17:42:53Z,2026-09-16T17:42:53Z
3144550014234,Eric Burr Sel Gris De Guérande broyé fin,2026-09-16T17:42:53Z,2026-09-16T17:42:53Z
3144550014432,Eric Bur Olives vertes en rondelles 235 g,2026-09-16T17:42:53Z,2026-09-16T17:42:53Z
3144550014449,Éric Bur Olives noires en rondelles,2026-09-16T17:42:53Z,2026-09-16T17:42:53Z
3144550014470,"Éric Bur Mini Croquants amandes, tomates et piment d'Espelette AOP 75 g",2026-09-16T17:42:53Z,2026-09-16T17:42:53Z
3144550014487,Éric Bur Mini croquants 75 g,2026-09-16T17:42:53Z,2026-09-16T17:42:53Z
3144550014494,Éric Bur Mini croquants aux amandes et olives noires 75g,2026-09-16T17:42:53Z,2026-09-16T17:42:53Z
3144550014562,Eric Bur Feuilletés au gouda 100 g,2026-09-16T17:42:53Z,2026-09-16T17:42:53Z
3144550014630,Éric Bur Pain azyme bio croustillant a la chataigne 100 g,2026-09-16T17:42:53Z,2026-09-16T17:42:53Z
3144550014678,Éric Bur Bretzels bio,2026-09-16T17:42:53Z,2026-09-16T17:42:53Z
3144550014708,Eric Bur CÂPRONS BIO,2026-09-16T17:42:53Z,2026-09-16T17:42:53Z
3144550014715,Eric Bur Câpres bio,2026-09-16T17:42:53Z,2026-09-16T17:42:53Z
3144550014722,Eric Bur Mini maïs,2026-09-16T17:42:53Z,2026-09-16T17:42:53Z
3144550014739,Éric Bur Torsadés feuilletés bio,2026-09-16T17:42:53Z,2026-09-16T17:42:53Z
3144550014746,Eric Bur Mini Torsadés Feuilletés BIO 75 g,2026-09-16T17:42:53Z,2026-09-16T17:42:53Z
3144550014807,Jasmine rice 500 g,2026-09-16T17:42:53Z,2026-09-16T17:42:53Z
3144550014906,Tavulomo huile vierge de coco,2026-09-16T17:42:53Z,2026-09-16T17:42:53Z
3144550015026,Éric Bur Olives vertes Gordal entieres 340 g,2026-09-16T17:42:53Z,2026-09-16T17:42:53Z
3144550015033,Éric Bur Olives vertes Gordal dénoyautées 330 g,2026-09-16T17:42:53Z,2026-09-16T17:42:53Z
3144550015194,Éric Bur Concassé de tomate séchée et tomme de brebis Corse,2026-09-16T17:42:53Z,2026-09-16T17:42:53Z
3144550015231,Eric Bur Bruschetta,2026-09-16T17:42:53Z,2026-09-16T17:42:53Z
3144550016108,Eric Bur Fond Brun De Veau 200G,2026-09-16T17:42:53Z,2026-09-16T17:42:53Z
3144550016146,Eric Bur Risotto aux crevettes et asperges 300 g,2026-09-16T17:42:53Z,2026-09-16T17:42:53Z
3144550016153,Éric Bur Risotto aux aubergines 300 g,2026-09-16T17:42:53Z,2026-09-16T17:42:53Z
3144550016160,Éric Bur Risotto au citron 300 g,2026-09-16T17:42:53Z,2026-09-16T17:42:53Z
3144550016177,Eric Bur Risotto au safran 300g,2026-09-16T17:42:53Z,2026-09-16T17:42:53Z
3144550016184,Eric Bur risotto 300 g,2026-09-16T17:42:53Z,2026-09-16T17:42:53Z
3144550016191,Eric Bur RISOTTO A LA TRUFFE D'ETE,2026-09-16T17:42:53Z,2026-09-16T17:42:53Z
3144550016276,Éric Bur Confit de foies de volailles aux cèpes 180 g,2026-09-16T17:42:53Z,2026-09-16T17:42:53Z
3144550016283,Éric Bur Rillette de canard au foie gras,2026-09-16T17:42:53Z,2026-09-16T17:42:53Z
3144550016306,Éric Bur Gaspacho,2026-09-16T17:42:53Z,2026-09-16T17:42:53Z
3144550016313,Eric Bur Velouté Epinard Brocolis 0.5 l,2026-09-16T17:42:53Z,2026-09-16T17:42:53Z
3144550016320,Eric Bur Velouté de Potiron,2026-09-16T17:42:53Z,2026-09-16T17:42:53Z
3144550016337,Éric Bur Veloute de legumes,2026-09-16T17:42:53Z,2026-09-16T17:42:53Z
3144550016344,Éric Bur Velouté asperge,2026-09-16T17:42:53Z,2026-09-16T17:42:53Z
3144550016351,Velouté de tomate,2026-09-16T17:42:53Z,2026-09-16T17:42:53Z
3144550016412,Eric Bur Confiture extra de clémentine de corse 360 g,2026-09-16T17:42:53Z,2026-09-16T17:42:53Z
3144550016504,Éric Bur Escargot de Bourgogne 200 g,2026-09-16T17:42:53Z,2026-09-16T17:42:53Z
3144550016566,Eric Bur Marrons entiers,2026-09-16T17:42:53Z,2026-09-16T17:42:53Z
3144550016603,Éric Bur Abricots Moelleux de Turquie,2026-09-16T17:42:53Z,2026-09-16T17:42:53Z
3144550016610,Éric Bur Figues moelleuse,2026-09-16T17:42:53Z,2026-09-16T17:42:53Z
3144550016627,Eric Bur Dattes moelleuses Medjool d'Israël 150 g,2026-09-16T17:42:53Z,2026-09-16T17:42:53Z
3144550016634,Éric Bur Pruneaux dénoyautés,2026-09-16T17:42:53Z,2026-09-16T17:42:53Z
3144550016658,Éric Bur Baies de goji 50 g,2026-09-16T17:42:53Z,2026-09-16T17:42:53Z
3144550016665,Eric Bur Cerneaux de noix de France 125 g,2026-09-16T17:42:53Z,2026-09-16T17:42:53Z
3144550016689,Éric Bur Amandes grillées salées,2026-09-16T17:42:53Z,2026-09-16T17:42:53Z
3144550016726,Éric Bur Pistaches décortiquées 50 g,2026-09-16T17:42:53Z,2026-09-16T17:42:53Z
3144550016733,Eric Bur Melanges de fruits secs,2026-09-16T17:42:53Z,2026-09-16T17:42:53Z
3144550016757,Eric Bur Noix de coco râpée,2026-09-16T17:42:53Z,2026-09-16T17:42:53Z
3144550016764,Eric Bur Petits pois extra fins carottes,2026-09-16T17:42:53Z,2026-09-16T17:42:53Z
3144550016771,Éric Bur Flageolets Verts,2026-09-16T17:42:53Z,2026-09-16T17:42:53Z
3144550016801,Éric Bur Vinaigre de reims,2026-09-16T17:42:53Z,2026-09-16T17:42:53Z
3144550016818,Eric Bur Vinaigre de vin rouge au jus de framboise,2026-09-16T17:42:53Z,2026-09-16T17:42:53Z
3144550016863,Eric bur vinaigre de xeres 25 cl,2026-09-16T17:42:53Z,2026-09-16T17:42:53Z
3144550016894,Eric Bur Vinaigre de cidre,2026-09-16T17:42:53Z,2026-09-16T17:42:53Z
3144550016900,Eric Bur Petit pois extra fins,2026-09-16T17:42:53Z,2026-09-16T17:42:53Z
3144550016917,Eric Bur Lentilles cuisinées à la graisse d'oie,2026-09-16T17:42:53Z,2026-09-16T17:42:53Z
3144550017556,Éric Bur Graines de courge bio 180g,2026-09-16T17:42:53Z,2026-09-16T17:42:53Z
3144550017563,Éric Bur Graines de Tournesol BIO 180 g,2026-09-16T17:42:53Z,2026-09-16T17:42:53Z
3144550017570,Éric Bur Mélange pour Salade,2026-09-16T17:42:53Z,2026-09-16T17:42:53Z
3144550017655,Eric Bur Pois cassés verts bio 250 g,2026-09-16T17:42:53Z,2026-09-16T17:42:53Z
3144550018003,Eric Bur Confiture allégée Éric bur,2026-09-16T17:42:53Z,2026-09-16T17:42:53Z
3144550018027,Eric Bur Confiture de fraise,2026-09-16T17:42:53Z,2026-09-16T17:42:53Z
3144550018058,Eric Bur Confiture extra de fraises de Dordogne,2026-09-16T17:42:53Z,2026-09-16T17:42:53Z
3144550018072,Eric Bur Confiture extra d’abricots de provence,2026-09-16T17:42:53Z,2026-09-16T17:42:53Z
3144550018089,Eric Bur Confiture extra de figues,2026-09-16T17:42:53Z,2026-09-16T17:42:53Z
3144550018096,Eric Bur Confiture extra d'abricots 250 g,2026-09-16T17:42:53Z,2026-09-16T17:42:53Z
3144550018102,Eric Bur Confiture extra de fraises bio,2026-09-16T17:42:53Z,2026-09-16T17:42:53Z
3144550018119,Eric Bur Confiture extra de framboises Bio,2026-09-16T17:42:53Z,2026-09-16T17:42:53Z
3144550018133,Eric Bur Marmelade d'oranges,2026-09-16T17:42:53Z,2026-09-16T17:42:53Z
3144550018140,Eric Bur Amandes,2026-09-16T17:42:53Z,2026-09-16T17:42:53Z
3144550018157,Eric Bur Crème de noisette 250 g,2026-09-16T17:42:53Z,2026-09-16T17:42:53Z
3144550018171,Eric Bur Spécialité Poire et chocolat,2026-09-16T17:42:53Z,2026-09-16T17:42:53Z
3144550018188,Eric Bur Confiture de lait,2026-09-16T17:42:53Z,2026-09-16T17:42:53Z
3144550018201,Eric Bur Confiture de banane,2026-09-16T17:42:53Z,2026-09-16T17:42:53Z
3144550018324,Eric Bur Confiture de fraises bio,2026-09-16T17:42:53Z,2026-09-16T17:42:53Z
3144550018331,Eric Bur Confiture extra de figues BIO,2026-09-16T17:42:53Z,2026-09-16T17:42:53Z
3144550018348,Éric Bur Marmelade d'oranges amères,2026-09-16T17:42:53Z,2026-09-16T17:42:53Z
3144550018355,Éric Bur Confiture extra de mirabelles bio 370 g,2026-09-16T17:42:53Z,2026-09-16T17:42:53Z
3144550018508,Eric Bur Confiture extra de figues de corse et noix 360 g,2026-09-16T17:42:53Z,2026-09-16T17:42:53Z
3144550019307,Eric BUR Miel d'acacia 300g,2026-09-16T17:42:53Z,2026-09-16T17:42:53Z
3144550019314,Eric Bur Miel de citronnier 300 g,2026-09-16T17:42:53Z,2026-09-16T17:42:53Z
3144550019321,Eric Bur Miel d'eucalyptus 300 g,2026-09-16T17:42:53Z,2026-09-16T17:42:53Z
3144550019338,Éric Bur Miel de fleur d'oranger 300 g,2026-09-16T17:42:53Z,2026-09-16T17:42:53Z
3144550019345,Eric Bur Miel de Montagne 300 g,2026-09-16T17:42:53Z,2026-09-16T17:42:53Z
3144550019352,Eric Bur Miel de Romarin 300 g,2026-09-16T17:42:53Z,2026-09-16T17:42:53Z
3144550019369,Éric Bur Miel de fleur d’oranger,2026-09-16T17:42:53Z,2026-09-16T17:42:53Z
3144550019376,Éric Bur Miel D'acacia de Hongrie,2026-09-16T17:42:53Z,2026-09-16T17:42:53Z
3144550019734,Éric Bur Miel de citronnier,2026-09-16T17:42:53Z,2026-09-16T17:42:53Z
3144550019789,Peanut butter smooth,2026-09-16T17:42:53Z,2026-09-16T17:42:53Z
3144550019796,Eric Bur Peanut Butter Crunchy 350 g,2026-09-16T17:42:53Z,2026-09-16T17:42:53Z
3144550019840,Twist beurre de cacahouète dt cacao,2026-09-16T17:42:53Z,2026-09-16T17:42:53Z
3144550020020,Eric Bur Guacamole Mississipi 250G 250 g,2026-09-16T17:42:53Z,2026-09-16T17:42:53Z
3144550021027,crastan Effervescente 250g,2026-09-16T17:42:53Z,2026-09-16T17:42:53Z
3144550023090,White Balsamic Condiment 8.5 Fl. Oz.,2026-09-16T17:42:53Z,2026-09-16T17:42:53Z
3144550025292,Eric Bur Olives grecques kalamata,2026-09-16T17:42:53Z,2026-09-16T17:42:53Z
3144550026169,Eric Bur Confiture clémentine,2026-09-16T17:42:53Z,2026-09-16T17:42:53Z
3144550026299,Eric Bur Confiture figues de corse et noix,2026-09-16T17:42:53Z,2026-09-16T17:42:53Z
3144550041209,Eric Bur Sel Rose,2026-09-16T17:42:53Z,2026-09-16T17:42:53Z
3144550041216,Mix To Prepare Gingerbreads Eric Bur 280 g,2026-09-16T17:42:53Z,2026-09-16T17:42:53Z
3144550041223,Eric Bur Graines de chia,2026-09-16T17:42:53Z,2026-09-16T17:42:53Z
3144550041230,Eric Bur Sel gris de Guérande au piment d'espelette AOC 500g,2026-09-16T17:42:53Z,2026-09-16T17:42:53Z
3144550041285,Black Chocolate Nuggets Eric Bur 400G 400 g,2026-09-16T17:42:53Z,2026-09-16T17:42:53Z
3144550041308,Éric Bur Boules De Sucre Muliticolores Eric Bur 270G 250 g,2026-09-16T17:42:53Z,2026-09-16T17:42:53Z
3144550041315,Éric Bur Vermicelles multicolore 400 g,2026-09-16T17:42:53Z,2026-09-16T17:42:53Z
3144550041360,Eric Bur Cristaux sucres rouges 450 g,2026-09-16T17:42:53Z,2026-09-16T17:42:53Z
3144550043029,Macaroni and Cheese Dinner,2026-09-16T17:42:53Z,2026-09-16T17:42:53Z
3144550050010,Citronnelle séchée Éric Bur 10.0 g,2026-09-16T17:42:53Z,2026-09-16T17:42:53Z
3144550050096,Eric Bur Piment moulu,2026-09-16T17:42:53Z,2026-09-16T17:42:53Z
3144550050157,Eric Bur Yuru poudre,2026-09-16T17:42:53Z,2026-09-16T17:42:53Z
3144550050645,Paprika doux fumé,2026-09-16T17:42:53Z,2026-09-16T17:42:53Z
3144550054001,Cherokee River Oignons Frits,2026-09-16T17:42:53Z,2026-09-16T17:42:53Z
3144550060415,Eric Bur Sel rose,2026-09-16T17:42:53Z,2026-09-16T17:42:53Z
3144550060422,Eric Bur Sel Rose Fin de l’Himalaya,2026-09-16T17:42:53Z,2026-09-16T17:42:53Z
3144550080574,Eric Bur Moulage cœur sachet individuel 350 g,2026-09-16T17:42:53Z,2026-09-16T17:42:53Z
3144550095455,Éric Bur Confit d’oignons 220 g,2026-09-16T17:42:53Z,2026-09-16T17:42:53Z
3144550096803,Le monde du thé Thé vert fleurs de jasmin 100g,2026-09-16T17:42:53Z,2026-09-16T17:42:53Z
3144550097008,Eric Bur Thé Assam TGFOP 100 g,2026-09-16T17:42:53Z,2026-09-16T17:42:53Z
3144550097015,Eric Bur Thé,2026-09-16T17:42:53Z,2026-09-16T17:42:53Z
3144550108209,Eric Bur Pain d’épices 2 x 300 g,2026-09-16T17:42:53Z,2026-09-16T17:42:53Z
3144563211002,Awachai - Golden Latte,2026-09-16T17:42:53Z,2026-09-16T17:42:53Z
3144563216755,Mokxa kekchi Guatemala,2026-09-16T17:42:53Z,2026-09-16T17:42:53Z
3144563216786,Mokxa Quetzalito,2026-09-16T17:42:53Z,2026-09-16T17:42:53Z
3144563223340,Matcha,2026-09-16T17:42:53Z,2026-09-16T17:42:53Z
3144564218994,Masala chai garam,2026-09-16T17:42:53Z,2026-09-16T17:42:53Z
3144579871474,Préparation de Framboise basilic,2026-09-16T17:42:53Z,2026-09-16T17:42:53Z
3144871002934,Coren Medallones de Solomillo de Pavo,2026-09-16T17:42:53Z,2026-09-16T17:42:53Z
3144930034326,hella,2026-09-16T17:42:53Z,2026-09-16T17:42:53Z
3145070409098,Soleil à boire,2026-09-16T17:42:53Z,2026-09-16T17:42:53Z
3145072080103,lait demaquillant 500 ml,2026-09-16T17:42:53Z,2026-09-16T17:42:53Z
3145073223004,Academie Anti-Transpirant Post-Epilation Deodorant Roll-On 50ml,2026-09-16T17:42:53Z,2026-09-16T17:42:53Z
3145222909759,DIUKE ENERGY DRINK CAN 25CL 250 ml,2026-09-16T17:42:53Z,2026-09-16T17:42:53Z
3145390138616,Reflet de france Saucisse de Morteau IGP à cuire,2026-09-16T17:42:53Z,2026-09-16T17:42:53Z
3145411571613,Carrefour Coppa,2026-09-16T17:42:53Z,2026-09-16T17:42:53Z
3145412846291,Carrefour bio Œufs de poules élevées en plein air,2026-09-16T17:42:53Z,2026-09-16T17:42:53Z
3145412961284,Carrefour Vinaigre balsamique,2026-09-16T17:42:53Z,2026-09-16T17:42:53Z
3145436185154,Confiture de fraises les 3 frères,2026-09-16T17:42:53Z,2026-09-16T17:42:53Z
3145686854152,Gouda,2026-09-16T17:42:53Z,2026-09-16T17:42:53Z
3145722021029,ISO whey zero,2026-09-16T17:42:53Z,2026-09-16T17:42:53Z
3145821224000,Gourmet Streichcreme 1pcs,2026-09-16T17:42:53Z,2026-09-16T17:42:53Z
3145869028370,Senf scharf,2026-09-16T17:42:53Z,2026-09-16T17:42:53Z
3145890165235,Coco Mademoiselle chanel 100ml,2026-09-16T17:42:53Z,2026-09-16T17:42:53Z
3145891073706,Bleu de Chanel 150 ml,2026-09-16T17:42:53Z,2026-09-16T17:42:53Z
3145891131215,chanel Coco 7 ml,2026-09-16T17:42:53Z,2026-09-16T17:42:53Z
3145891134308,Coco Chanel eau de parfum 50mL,2026-09-16T17:42:53Z,2026-09-16T17:42:53Z
3145891162509,chanel coco madmoiselle eau pour la nuit 50ml 1.7 fl. oz.,2026-09-16T17:42:53Z,2026-09-16T17:42:53Z
3145891165203,Chanel Coco Mademoiselle 100 ml,2026-09-16T17:42:53Z,2026-09-16T17:42:53Z
3145891165708,Chanel Coco Mademoiselle 200 ml,2026-09-16T17:42:53Z,2026-09-16T17:42:53Z
3145891200508,CHANEL N°5 Extrait Bottle 15 ml,2026-09-16T17:42:53Z,2026-09-16T17:42:53Z
3145891205251,Chanel Gabrielle 100 ml,2026-09-16T17:42:53Z,2026-09-16T17:42:53Z
3145891214802,Chanel Allure Homme,2026-09-16T17:42:53Z,2026-09-16T17:42:53Z
3145891255607,Chanel No. 5 Eau de parfum 200 ml,2026-09-16T17:42:53Z,2026-09-16T17:42:53Z
3145891263305,Chanel - Chance Eau Tendre 150ml,2026-09-16T17:42:53Z,2026-09-16T17:42:53Z
3145891264203,Chanel Chance Eau De Parfum,2026-09-16T17:42:53Z,2026-09-16T17:42:53Z
3145891320572,chanel poudre 30 grammes,2026-09-16T17:42:53Z,2026-09-16T17:42:53Z
3145891410709,CHANEL Micro crème/ HYDRA BEAUTY 50g,2026-09-16T17:42:53Z,2026-09-16T17:42:53Z
3145891411706,Chanel Intense Revitalizing Mist 4 x 18 mL (0.6 FL OZ),2026-09-16T17:42:53Z,2026-09-16T17:42:53Z
3145891413403,D-POLLUTION ESSENTIEL,2026-09-16T17:42:53Z,2026-09-16T17:42:53Z
3145891415605,Chanel Le Lift crème huile réparatrice,2026-09-16T17:42:53Z,2026-09-16T17:42:53Z
3145891430400,Chanel Hydra beauty gel creme 1.7 oz,2026-09-16T17:42:53Z,2026-09-16T17:42:53Z
3145891437706,Chanel Lotion douceur 200 ml,2026-09-16T17:42:53Z,2026-09-16T17:42:53Z
3145891457667,Chanel Fond de teint revitalisant au camelia rouge N 1,2026-09-16T17:42:53Z,2026-09-16T17:42:53Z
3145891581904,CHANEL La Base,2026-09-16T17:42:53Z,2026-09-16T17:42:53Z
3145891588309,Chanel Les beiges eau de teint,2026-09-16T17:42:53Z,2026-09-16T17:42:53Z
3145891594553,Chanel Le Vernis - 455 Lotus Rouge 13 ml,2026-09-16T17:42:53Z,2026-09-16T17:42:53Z
3145891595253,Vernis à ongles,2026-09-16T17:42:53Z,2026-09-16T17:42:53Z
3145891597059,Chanel Le vernis,2026-09-16T17:42:53Z,2026-09-16T17:42:53Z
3145891610345,Vitalumière,2026-09-16T17:42:53Z,2026-09-16T17:42:53Z
3145891643084,Chanel Les 4 ombres 2 g,2026-09-16T17:42:53Z,2026-09-16T17:42:53Z
3145891665109,Baebody Eye Gel for Dark Circles and Puffiness 30 ml,2026-09-16T17:42:53Z,2026-09-16T17:42:53Z
3145891741223,Channel Rouge coco flash,2026-09-16T17:42:53Z,2026-09-16T17:42:53Z
3145891812404,CHANEL Eyeshadow 2.2 g,2026-09-16T17:42:53Z,2026-09-16T17:42:53Z
3145891870169,Chanel Long-lasting eyeliner 0.3 g,2026-09-16T17:42:53Z,2026-09-16T17:42:53Z
3145891912104,Chanel Le volume mascara 6g,2026-09-16T17:42:53Z,2026-09-16T17:42:53Z
3145983816761,Specialty Selected Hatch Chile Corn Chowder,2026-09-16T17:42:53Z,2026-09-16T17:42:53Z
3145990000009,Réauté Meringues Saveur Fraise Enrobées de Chocolat Noir,2026-09-16T17:42:53Z,2026-09-16T17:42:53Z
3146070198012,Sachet graine persil frisé vert foncé ou double,2026-09-16T17:42:53Z,2026-09-16T17:42:53Z
3146070205826,Capucine,2026-09-16T17:42:53Z,2026-09-16T17:42:53Z
3146070398030,Fraise temptation,2026-09-16T17:42:53Z,2026-09-16T17:42:53Z
3146070513426,Radis,2026-09-16T17:42:53Z,2026-09-16T17:42:53Z
3146071198110,Moutarde blanche,2026-09-16T17:42:53Z,2026-09-16T17:42:53Z
3146072839074,Petit oignon a planter,2026-09-16T17:42:53Z,2026-09-16T17:42:53Z
3146220360542,super u croûtons saveur ail 180,2026-09-16T17:42:53Z,2026-09-16T17:42:53Z
3146416414141,Blanc de poulet halal,2026-09-16T17:42:53Z,2026-09-16T17:42:53Z
3146430138719,Galbani Mozzarella,2026-09-16T17:42:53Z,2026-09-16T17:42:53Z
3146585071473,Vidal cola bottles,2026-09-16T17:42:53Z,2026-09-16T17:42:53Z
3146602820435,Jurabeille Miel d'acacia 1 kg,2026-09-16T17:42:53Z,2026-09-16T17:42:53Z
3146665010132,La ferme de la vieille abbaye Le skyr nature fermier,2026-09-16T17:42:53Z,2026-09-16T17:42:53Z
3146731859115,ajax,2026-09-16T17:42:53Z,2026-09-16T17:42:53Z
3146834888388,Haribo Les schtroumpfs mini sticks pik 200g,2026-09-16T17:42:53Z,2026-09-16T17:42:53Z
3146907022114,Blanquette de saumon et ses légumes,2026-09-16T17:42:53Z,2026-09-16T17:42:53Z
3146907030119,Crème aux pommes,2026-09-16T17:42:53Z,2026-09-16T17:42:53Z
3146907030423,Crème Dubarry (chou fleur),2026-09-16T17:42:53Z,2026-09-16T17:42:53Z
3146907032328,Crumble de légumes au bleu du Vercors,2026-09-16T17:42:53Z,2026-09-16T17:42:53Z
3146907041207,Dahl de lentilles corail,2026-09-16T17:42:53Z,2026-09-16T17:42:53Z
3146907081418,Houmous à l'oriental,2026-09-16T17:42:53Z,2026-09-16T17:42:53Z
3146907120223,Lasagne à la bolognaise,2026-09-16T17:42:53Z,2026-09-16T17:42:53Z
3146907151517,Poitrine de porc roulée purée de butternut,2026-09-16T17:42:53Z,2026-09-16T17:42:53Z
3146907152200,Tête de veau de nos Grands-Mères,2026-09-16T17:42:53Z,2026-09-16T17:42:53Z
3146907160618,Pot au feu de légumes à la spiruline,2026-09-16T17:42:53Z,2026-09-16T17:42:53Z
3146907162209,Paupiette de volaille gratin dauphinois,2026-09-16T17:42:53Z,2026-09-16T17:42:53Z
3146907181910,Rougail saucisse purée de pommes de terre,2026-09-16T17:42:53Z,2026-09-16T17:42:53Z
3146907221302,Velouté de moules,2026-09-16T17:42:53Z,2026-09-16T17:42:53Z
3146907303039,Chili con carne,2026-09-16T17:42:53Z,2026-09-16T17:42:53Z
3146907316060,Crème de potimarron fumé par nos soins,2026-09-16T17:42:53Z,2026-09-16T17:42:53Z
3146907612193,Fricassée de huit légumes de saison,2026-09-16T17:42:53Z,2026-09-16T17:42:53Z
3147014003171,Top romen curry 280g,2026-09-16T17:42:53Z,2026-09-16T17:42:53Z
3147182799296,ViaVerde Bio Primia Gallette 5 Cereali,2026-09-16T17:42:53Z,2026-09-16T17:42:53Z
3147280007316,Agenda,2026-09-16T17:42:53Z,2026-09-16T17:42:53Z
3147280040108,Biscuits caramel,2026-09-16T17:42:53Z,2026-09-16T17:42:53Z
3147280049842,Cahier,2026-09-16T17:42:53Z,2026-09-16T17:42:53Z
3147280058554,fouad,2026-09-16T17:42:53Z,2026-09-16T17:42:53Z
3147280079474,agenda Assassin's creed,2026-09-16T17:42:53Z,2026-09-16T17:42:53Z
3147280098505,Agenda,2026-09-16T17:42:53Z,2026-09-16T17:42:53Z
3147281602015,Les émiettés thon olived noires,2026-09-16T17:42:53Z,2026-09-16T17:42:53Z
3147281603210,Ma salade de thon,2026-09-16T17:42:53Z,2026-09-16T17:42:53Z
3147281782502,Oxford agenda 2025,2026-09-16T17:42:53Z,2026-09-16T17:42:53Z
3147281930200,Surplus hier,2026-09-16T17:42:53Z,2026-09-16T17:42:53Z
3147281939005,L’etudiant Agenda,2026-09-16T17:42:53Z,2026-09-16T17:42:53Z
3147281939012,L’étudiant Agendas scolaires une année,2026-09-16T17:42:53Z,2026-09-16T17:42:53Z
3147281943903,"Agenda Scolaire Lycée ""Fun"" 12X18CM - Oxford",2026-09-16T17:42:53Z,2026-09-16T17:42:53Z
3147281946201,Oxford Agenda,2026-09-16T17:42:53Z,2026-09-16T17:42:53Z
3147281952301,Stevia,2026-09-16T17:42:53Z,2026-09-16T17:42:53Z
3147330060438,Plastique comestible,2026-09-16T17:42:53Z,2026-09-16T17:42:53Z
3147669060703,Gibson'S gin 1,2026-09-16T17:42:53Z,2026-09-16T17:42:53Z
3147690016304,Porto Cruz Porto 1pcs,2026-09-16T17:42:53Z,2026-09-16T17:42:53Z
3147690016403,Porto Cruz vintage 1989,2026-09-16T17:42:53Z,2026-09-16T17:42:53Z
3147690017509,Sir Edward's Finest blended scotch whisky 150cl,2026-09-16T17:42:53Z,2026-09-16T17:42:53Z
3147690020400,"Dauré Muscat de Rivesaltes 15,5 ° 750ml",2026-09-16T17:42:53Z,2026-09-16T17:42:53Z
3147690021018,Liqueur Labbé François Crème de Cassis 1pcs,2026-09-16T17:42:53Z,2026-09-16T17:42:53Z
3147690024804,Cruz Porto rouge 75 cl,2026-09-16T17:42:53Z,2026-09-16T17:42:53Z
3147690024828,Poliakov,2026-09-16T17:42:53Z,2026-09-16T17:42:53Z
3147690027003,Rivière Saint Jean,2026-09-16T17:42:53Z,2026-09-16T17:42:53Z
3147690029007,Rhum blanc 1pcs,2026-09-16T17:42:53Z,2026-09-16T17:42:53Z
3147690031505,Gran Cruz Portwein - 10 Ans Grand Cruz -19% 750ml,2026-09-16T17:42:53Z,2026-09-16T17:42:53Z
3147690033509,SYLVAIN Spiritueux au kirsch - 18% vol. 20 cl,2026-09-16T17:42:53Z,2026-09-16T17:42:53Z
3147690034100,Cruz Madère 750ml,2026-09-16T17:42:53Z,2026-09-16T17:42:53Z
3147690035008,Cruz Malaga 75 cl,2026-09-16T17:42:53Z,2026-09-16T17:42:53Z
3147690036401,Porto BELLMAN,2026-09-16T17:42:53Z,2026-09-16T17:42:53Z
3147690042808,Rhum,2026-09-16T17:42:53Z,2026-09-16T17:42:53Z
3147690044208,Calvados Sylvain 1L,2026-09-16T17:42:53Z,2026-09-16T17:42:53Z
3147690045908,Armagnac de la Mazière 70 cl,2026-09-16T17:42:53Z,2026-09-16T17:42:53Z
3147690049906,Mon RHUM RHUM 70 cl,2026-09-16T17:42:53Z,2026-09-16T17:42:53Z
3147690050209,"Scotch Whisky Glen Turner, 40°, 8 Ans D'âge, 70CL 70 cL",2026-09-16T17:42:53Z,2026-09-16T17:42:53Z
3147690051008,"Scotch Whisky Label 5, 40°, 1.5l",2026-09-16T17:42:53Z,2026-09-16T17:42:53Z
3147690051107,Label 5 Blended Scotch Wiskhy 1 L,2026-09-16T17:42:53Z,2026-09-16T17:42:53Z
3147690051206,Label 5 Whisky Ecosse Blended 40% vol. 70 cl,2026-09-16T17:42:53Z,2026-09-16T17:42:53Z
3147690051701,O'Brian Pure Malt Scotch Whisky aged 12 years 70 cl,2026-09-16T17:42:53Z,2026-09-16T17:42:53Z
3147690053606,Canadian WHISKY,2026-09-16T17:42:53Z,2026-09-16T17:42:53Z
3147690054108,Old Virginia Bourbon,2026-09-16T17:42:53Z,2026-09-16T17:42:53Z
3147690056706,"Boisson aux extraits d'anis - sans sucre, sans alcool",2026-09-16T17:42:53Z,2026-09-16T17:42:53Z
3147690057000,"Frères gras ""1L Anis Gras Floranis 45 °"" 100cl",2026-09-16T17:42:53Z,2026-09-16T17:42:53Z
3147690058007,Frères Gras Floranis 70 cl,2026-09-16T17:42:53Z,2026-09-16T17:42:53Z
3147690059004,Poliakov Premium Vodka 1 L,2026-09-16T17:42:53Z,2026-09-16T17:42:53Z
3147690059103,Gibson's London Dry Gin 1 L,2026-09-16T17:42:53Z,2026-09-16T17:42:53Z
3147690060703,Gibson's Gin 700ml,2026-09-16T17:42:53Z,2026-09-16T17:42:53Z
3147690061007,Poliakov 70cl,2026-09-16T17:42:53Z,2026-09-16T17:42:53Z
3147690066309,Porto aguila tawny 75 cl,2026-09-16T17:42:53Z,2026-09-16T17:42:53Z
3147690067504,Clément Sirop de sucre de canne 700ml,2026-09-16T17:42:53Z,2026-09-16T17:42:53Z
3147690070108,La martiniquaise Rhum ambré 20cl,2026-09-16T17:42:53Z,2026-09-16T17:42:53Z
3147690070207,Rhum ambré 1pcs,2026-09-16T17:42:53Z,2026-09-16T17:42:53Z
3147690070306,"""20CL Gin Gibson's 37,5 °""",2026-09-16T17:42:53Z,2026-09-16T17:42:53Z
3147690070405,Poliakov 20cl,2026-09-16T17:42:53Z,2026-09-16T17:42:53Z
3147690070900,La martiniquaise 20cl,2026-09-16T17:42:53Z,2026-09-16T17:42:53Z
3147690071105,Busnel Calvados 40° 20 cl,2026-09-16T17:42:53Z,2026-09-16T17:42:53Z
3147690071600,Courcel Cognac V.S. 20 cl,2026-09-16T17:42:53Z,2026-09-16T17:42:53Z
3147690072003,Lapeyrac Armagnac 70 cl,2026-09-16T17:42:53Z,2026-09-16T17:42:53Z
3147690072607,Old virginia,2026-09-16T17:42:53Z,2026-09-16T17:42:53Z
3147690073505,Label 5 Blended Scotch Wiskhy 20 cl,2026-09-16T17:42:53Z,2026-09-16T17:42:53Z
3147690073604,Schorcht Whisky 200ml,2026-09-16T17:42:53Z,2026-09-16T17:42:53Z
3147690075608,Comptoir des Flasks Madère Cruz 20 cl,2026-09-16T17:42:53Z,2026-09-16T17:42:53Z
3147690076100,Cruz Sauce Madère 20 cl,2026-09-16T17:42:53Z,2026-09-16T17:42:53Z
3147690079309,santanis aperitif anisé,2026-09-16T17:42:53Z,2026-09-16T17:42:53Z
3147690082507,Calvados Vieilli En Futs De Chene 70 cl,2026-09-16T17:42:53Z,2026-09-16T17:42:53Z
3147690082804,Wishky,2026-09-16T17:42:53Z,2026-09-16T17:42:53Z
3147690083207,St. Vivant - Armagnac Vsop,2026-09-16T17:42:53Z,2026-09-16T17:42:53Z
3147690087205,Gold River Whisky,2026-09-16T17:42:53Z,2026-09-16T17:42:53Z
3147690087403,Olympio Muscat de Samos Grand Cru 75 cl,2026-09-16T17:42:53Z,2026-09-16T17:42:53Z
3147690089704,Cruz Vino de Oporto 0.75l,2026-09-16T17:42:53Z,2026-09-16T17:42:53Z
3147690089803,Porto Cruz blanc 75 cl,2026-09-16T17:42:53Z,2026-09-16T17:42:53Z
3147690090601,"Comptoir des Flasks,La martiniquaise 20 cl",2026-09-16T17:42:53Z,2026-09-16T17:42:53Z
3147690090809,"""1L Mei Kuei Lu Cheiew 40 °""",2026-09-16T17:42:53Z,2026-09-16T17:42:53Z
3147690096108,Comptoir des Flasks Porto Tawny 20 cl,2026-09-16T17:42:53Z,2026-09-16T17:42:53Z
3147697513004,Porto,2026-09-16T17:42:53Z,2026-09-16T17:42:53Z
3147697513400,PORTO CRUZ,2026-09-16T17:42:53Z,2026-09-16T17:42:53Z
3147697523508,"""70CL Whisky 12 Ans Glen Turner 40 °"" 70 cL",2026-09-16T17:42:53Z,2026-09-16T17:42:53Z
3147697523904,"""2L Whisky Label 5 40 °""",2026-09-16T17:42:53Z,2026-09-16T17:42:53Z
3147697716207,Sam Barton,2026-09-16T17:42:53Z,2026-09-16T17:42:53Z
3147697720303,Blended scotch whiskys,2026-09-16T17:42:53Z,2026-09-16T17:42:53Z
3147699024812,Porto Cruz,2026-09-16T17:42:53Z,2026-09-16T17:42:53Z
3147699100363,Poliakov lemon,2026-09-16T17:42:53Z,2026-09-16T17:42:53Z
3147699100394,Flavoured vodka green apple,2026-09-16T17:42:53Z,2026-09-16T17:42:53Z
3147699100653,Label 5 Classic Black Blended Scotch Whisky 1pcs,2026-09-16T17:42:53Z,2026-09-16T17:42:53Z
3147699101032,saint James rhum agricole de martinique 70cl,2026-09-16T17:42:53Z,2026-09-16T17:42:53Z
3147699101049,SAINT JAMES,2026-09-16T17:42:53Z,2026-09-16T17:42:53Z
3147699102008,Label 5 Classic Black 35 cl,2026-09-16T17:42:53Z,2026-09-16T17:42:53Z
3147699102299,Vodka,2026-09-16T17:42:53Z,2026-09-16T17:42:53Z
3147699102381,saint james,2026-09-16T17:42:53Z,2026-09-16T17:42:53Z
3147699102671,Poliakov,2026-09-16T17:42:53Z,2026-09-16T17:42:53Z
3147699102701,Saint James Rhum paille 70 cl,2026-09-16T17:42:53Z,2026-09-16T17:42:53Z
3147699102756,Saint James Paille Rhum Agricole 40º,2026-09-16T17:42:53Z,2026-09-16T17:42:53Z
3147699103395,porto,2026-09-16T17:42:53Z,2026-09-16T17:42:53Z
3147699103722,Dauré Vin doux naturel Rivesaltes vieilli 5 ans 75 cl,2026-09-16T17:42:53Z,2026-09-16T17:42:53Z
3147699103913,Flavoured vodka cranberry,2026-09-16T17:42:53Z,2026-09-16T17:42:53Z
3147699103982,Premium Vodka,2026-09-16T17:42:53Z,2026-09-16T17:42:53Z
3147699105085,Poliakov peach,2026-09-16T17:42:53Z,2026-09-16T17:42:53Z
3147699105160,Poliakov Vodka 150 cL,2026-09-16T17:42:53Z,2026-09-16T17:42:53Z
3147699105412,Bourbon Whisky (Kentucky Straight),2026-09-16T17:42:53Z,2026-09-16T17:42:53Z
3147699105597,Tiscaz Tequila Blanco 700ml,2026-09-16T17:42:53Z,2026-09-16T17:42:53Z
3147699106020,Label 5 Blended Scotch Whisky 70 cl,2026-09-16T17:42:53Z,2026-09-16T17:42:53Z
3147699106266,Curaçao Bleu,2026-09-16T17:42:53Z,2026-09-16T17:42:53Z
3147699106327,Label 5 scotch whisky,2026-09-16T17:42:53Z,2026-09-16T17:42:53Z
3147699106525,Cruz Pink Porto Rosé 75 cl,2026-09-16T17:42:53Z,2026-09-16T17:42:53Z
3147699107850,Duval Pastis 20 cl,2026-09-16T17:42:53Z,2026-09-16T17:42:53Z
3147699109380,Poliakov Vodka 37.5% 2 litre,2026-09-16T17:42:53Z,2026-09-16T17:42:53Z
3147699110263,Canadian WHISKY,2026-09-16T17:42:53Z,2026-09-16T17:42:53Z
3147699110270,"Saint James Cocktail mojito impérial 14,9%Vol. 70 cl",2026-09-16T17:42:53Z,2026-09-16T17:42:53Z
3147699110454,Avèze Gentiane liqueur 100cl,2026-09-16T17:42:53Z,2026-09-16T17:42:53Z
3147699110959,Vodka caramel,2026-09-16T17:42:53Z,2026-09-16T17:42:53Z
3147699110966,Vodka fraises,2026-09-16T17:42:53Z,2026-09-16T17:42:53Z
3147699111079,70CL Mojito Fraise Saint James 70 cL,2026-09-16T17:42:53Z,2026-09-16T17:42:53Z
3147699111093,Rhum Saint James,2026-09-16T17:42:53Z,2026-09-16T17:42:53Z
3147699111376,Saint James Rhum agricole 3 l,2026-09-16T17:42:53Z,2026-09-16T17:42:53Z
3147699112007,Saint James Mojito Mangue,2026-09-16T17:42:53Z,2026-09-16T17:42:53Z
3147699112199,Tiscaz Tequila blanco (edicion limitada) 70 cl,2026-09-16T17:42:53Z,2026-09-16T17:42:53Z
3147699112274,Saint James Rhum 1l,2026-09-16T17:42:53Z,2026-09-16T17:42:53Z
3147699112847,Label 5 Classic Black 70 cl,2026-09-16T17:42:53Z,2026-09-16T17:42:53Z
3147699113141,Poliakov Ice Fresh Effect 0.7l,2026-09-16T17:42:53Z,2026-09-16T17:42:53Z
3147699113776,Saint James Rhum Agricole Royal Ambré 75 cl,2026-09-16T17:42:53Z,2026-09-16T17:42:53Z
3147699113929,Scotch whisky LABEL 5,2026-09-16T17:42:53Z,2026-09-16T17:42:53Z
3147699114360,Saint James Rhum Ambré 40°,2026-09-16T17:42:53Z,2026-09-16T17:42:53Z
3147699114384,Saint James XO,2026-09-16T17:42:53Z,2026-09-16T17:42:53Z
3147699114438,Poliakov ice,2026-09-16T17:42:53Z,2026-09-16T17:42:53Z
3147699114445,"Poliakov ice red 27,5 cl",2026-09-16T17:42:53Z,2026-09-16T17:42:53Z
3147699114476,Tiki planteur,2026-09-16T17:42:53Z,2026-09-16T17:42:53Z
3147699114483,Saint james tiki pina colada 70 cl,2026-09-16T17:42:53Z,2026-09-16T17:42:53Z
3147699114698,Smirnoff Vodka,2026-09-16T17:42:53Z,2026-09-16T17:42:53Z
3147699114766,Porto CRUZ,2026-09-16T17:42:53Z,2026-09-16T17:42:53Z
3147699115251,Porto Aguila Tawny (Auchan),2026-09-16T17:42:53Z,2026-09-16T17:42:53Z
3147699115367,Rivière du mat,2026-09-16T17:42:53Z,2026-09-16T17:42:53Z
3147699115374,Riv. mat Rhum BLC Trad. 40d,2026-09-16T17:42:53Z,2026-09-16T17:42:53Z
3147699115381,Rivi. mat Rhum Gold TRD. 40D,2026-09-16T17:42:53Z,2026-09-16T17:42:53Z
3147699115510,Poliakov Shooter Strawb. 28d,2026-09-16T17:42:53Z,2026-09-16T17:42:53Z
3147699115527,Poliakov Shooter Lemon 28D,2026-09-16T17:42:53Z,2026-09-16T17:42:53Z
3147699115534,Poliakov Shoot. appl / Car. 28d 50 cl,2026-09-16T17:42:53Z,2026-09-16T17:42:53Z
3147699115688,Saint James Ice Mojito,2026-09-16T17:42:53Z,2026-09-16T17:42:53Z
3147699115695,"St James Ice Mojito - 4 X 27,5 CL - 5 %",2026-09-16T17:42:53Z,2026-09-16T17:42:53Z
3147699115718,Label 5 Premium Black 70 cl,2026-09-16T17:42:53Z,2026-09-16T17:42:53Z
3147699115862,Pastis de Marseille,2026-09-16T17:42:53Z,2026-09-16T17:42:53Z
3147699116159,Vodka,2026-09-16T17:42:53Z,2026-09-16T17:42:53Z
3147699116197,Gran Cruz Portwein,2026-09-16T17:42:53Z,2026-09-16T17:42:53Z
3147699116531,Finest Ruby Reserve,2026-09-16T17:42:53Z,2026-09-16T17:42:53Z
3147699116623,Rivière du mat Rhum 70cl,2026-09-16T17:42:53Z,2026-09-16T17:42:53Z
3147699116630,Rivière du mat Arrangé coco torrefie 70 cl,2026-09-16T17:42:53Z,2026-09-16T17:42:53Z
3147699116647,Rivière du Mât Sausimaud 70cl,2026-09-16T17:42:53Z,2026-09-16T17:42:53Z
3147699116739,Rhum arrangé mangue passion,2026-09-16T17:42:53Z,2026-09-16T17:42:53Z
3147699116760,Rhum arrangé,2026-09-16T17:42:53Z,2026-09-16T17:42:53Z
3147699117019,Le Quina St Raphaël 75 cl,2026-09-16T17:42:53Z,2026-09-16T17:42:53Z
3147699117149,Premium black,2026-09-16T17:42:53Z,2026-09-16T17:42:53Z
3147699117293,Whisky,2026-09-16T17:42:53Z,2026-09-16T17:42:53Z
3147699117590,la sélection arrangés,2026-09-16T17:42:53Z,2026-09-16T17:42:53Z
3147699117804,Vodka,2026-09-16T17:42:53Z,2026-09-16T17:42:53Z
3147699118115,Saint James Sucre de canne liquide,2026-09-16T17:42:53Z,2026-09-16T17:42:53Z
3147699118344,Gin Gibson's,2026-09-16T17:42:53Z,2026-09-16T17:42:53Z
3147699118351,Porto Cruz 750ml,2026-09-16T17:42:53Z,2026-09-16T17:42:53Z
3147699118368,Porto cruz Blanc 75 cl,2026-09-16T17:42:53Z,2026-09-16T17:42:53Z
3147699118375,Cruz Porto Rosé 75 cl,2026-09-16T17:42:53Z,2026-09-16T17:42:53Z
3147699118405,Comptoir des Flasks Porteau Cruz Tawny 20cL 18%vol,2026-09-16T17:42:53Z,2026-09-16T17:42:53Z
3147699118429,Porto,2026-09-16T17:42:53Z,2026-09-16T17:42:53Z
3147699118467,Gin,2026-09-16T17:42:53Z,2026-09-16T17:42:53Z
3147699118542,Porto,2026-09-16T17:42:53Z,2026-09-16T17:42:53Z
3147699119044,Label 5 Bourbon Barrel 70 cl,2026-09-16T17:42:53Z,2026-09-16T17:42:53Z
3147699119457,Cuisses de poulet roti,2026-09-16T17:42:53Z,2026-09-16T17:42:53Z
3147699120378,Porto aguila,2026-09-16T17:42:53Z,2026-09-16T17:42:53Z
3147699120477,Porto,2026-09-16T17:42:53Z,2026-09-16T17:42:53Z
3147699120606,Portillo porto,2026-09-16T17:42:53Z,2026-09-16T17:42:53Z
3147699120613,Rhum black spiced,2026-09-16T17:42:53Z,2026-09-16T17:42:53Z
3147699121085,Label 5 Classic Black 70 cl,2026-09-16T17:42:53Z,2026-09-16T17:42:53Z
3147699121672,null Rhum arrangé gimgembre agrumes,2026-09-16T17:42:53Z,2026-09-16T17:42:53Z
3147699122747,Poliakov lime,2026-09-16T17:42:53Z,2026-09-16T17:42:53Z
3147699122907,Poliakov Vodka Lime 70 cl,2026-09-16T17:42:53Z,2026-09-16T17:42:53Z
3147699122990,label 5 bourbon barral,2026-09-16T17:42:53Z,2026-09-16T17:42:53Z
3147699123683,Vodka,2026-09-16T17:42:53Z,2026-09-16T17:42:53Z
3147699124062,Rivière du mat,2026-09-16T17:42:53Z,2026-09-16T17:42:53Z
3147699124178,Rhum arrangé,2026-09-16T17:42:53Z,2026-09-16T17:42:53Z
3147699125649,Poliakov Cherry 70 cl,2026-09-16T17:42:53Z,2026-09-16T17:42:53Z
3147699125700,Canadian Whisky,2026-09-16T17:42:53Z,2026-09-16T17:42:53Z
3147699126578,Pastis,2026-09-16T17:42:53Z,2026-09-16T17:42:53Z
3147758014709,"Lancome Bocage Deo Gentle Smooth Cream 50ml For use On Sensitive Or Depilated Skins, 50",2026-09-16T17:42:53Z,2026-09-16T17:42:53Z
3147758029390,Lancome Miracle,2026-09-16T17:42:53Z,2026-09-16T17:42:53Z
3147758034929,Lancome Tresor - Eau de Parfum 100ml,2026-09-16T17:42:53Z,2026-09-16T17:42:53Z
3147758155358,Lancome O De Lancome - Eau de Toilette 125 ml,2026-09-16T17:42:53Z,2026-09-16T17:42:53Z
3147758235500,L'Oréal Hypnôse Eau de Parfum 75 ml,2026-09-16T17:42:53Z,2026-09-16T17:42:53Z
3147772878714,Gérentes lait de haute Loire 1litre,2026-09-16T17:42:53Z,2026-09-16T17:42:53Z
3147830660886,SC 3:15 PM Milk Tea - Roasted 100 g,2026-09-16T17:42:53Z,2026-09-16T17:42:53Z
3147860355028,Le bio croccanti risette,2026-09-16T17:42:53Z,2026-09-16T17:42:53Z
3147899118311,Porto cruz,2026-09-16T17:42:53Z,2026-09-16T17:42:53Z
3148021111118,Rillettes de poulet,2026-09-16T17:42:53Z,2026-09-16T17:42:53Z
3148071071677,old el paso complet,2026-09-16T17:42:53Z,2026-09-16T17:42:53Z
3148171677687,Auchan Riz Long Grain Incollable 450 g,2026-09-16T17:42:53Z,2026-09-16T17:42:53Z
3148240013507,Gilles Arnaud,2026-09-16T17:42:53Z,2026-09-16T17:42:53Z
3148334708418,Yeo Valley Yeo Natural Yogurt 150g,2026-09-16T17:42:53Z,2026-09-16T17:42:53Z
3148591201929,Chateau portillon 75 cl,2026-09-16T17:42:53Z,2026-09-16T17:42:53Z
3148591403125,Château Cabos 75 cl,2026-09-16T17:42:53Z,2026-09-16T17:42:53Z
3148591502217,Vin,2026-09-16T17:42:53Z,2026-09-16T17:42:53Z
3148591601675,Chateau Portillon,2026-09-16T17:42:53Z,2026-09-16T17:42:53Z
3148591700859,Vin CHÂTEAU ANDRON,2026-09-16T17:42:53Z,2026-09-16T17:42:53Z
3148591700873,Médoc 2017 château Andron,2026-09-16T17:42:53Z,2026-09-16T17:42:53Z
3148591700934,Château Partarrieu,2026-09-16T17:42:53Z,2026-09-16T17:42:53Z
3148591702402,Vin Côtes de Bourg,2026-09-16T17:42:53Z,2026-09-16T17:42:53Z
3148591800245,château de l'église vielle,2026-09-16T17:42:53Z,2026-09-16T17:42:53Z
3148591800337,cotes denblayrs vin château de Castets 2017 bio 75cl,2026-09-16T17:42:53Z,2026-09-16T17:42:53Z
3148591900150,Maris de Lulu,2026-09-16T17:42:53Z,2026-09-16T17:42:53Z
3148591900464,Vin,2026-09-16T17:42:53Z,2026-09-16T17:42:53Z
3148591901447,Vin rouge bio,2026-09-16T17:42:53Z,2026-09-16T17:42:53Z
3148592002624,CAFE DE PARIS LYCHEE 750ml,2026-09-16T17:42:53Z,2026-09-16T17:42:53Z
3148592002686,Café de Paris Ice,2026-09-16T17:42:53Z,2026-09-16T17:42:53Z
3148592002938,Vin pétillant au lychee,2026-09-16T17:42:53Z,2026-09-16T17:42:53Z
3148592002983,Café de Paris Brut,2026-09-16T17:42:53Z,2026-09-16T17:42:53Z
3148592003041,Café de Paris,2026-09-16T17:42:53Z,2026-09-16T17:42:53Z
3148592003157,Pure grape Maris 2020,2026-09-16T17:42:53Z,2026-09-16T17:42:53Z
3148592004277,Wine seltzer,2026-09-16T17:42:53Z,2026-09-16T17:42:53Z
3148592004307,Café de paris,2026-09-16T17:42:53Z,2026-09-16T17:42:53Z
3148592010445,cordier la cuvée mythique,2026-09-16T17:42:53Z,2026-09-16T17:42:53Z
3148592010513,BONNE NOUVELLE Vin rouge sans alcool 750 ml,2026-09-16T17:42:53Z,2026-09-16T17:42:53Z
3148592010582,Cafe de paris,2026-09-16T17:42:53Z,2026-09-16T17:42:53Z
3148592010650,Bonne Nouvelle Rosé 750 ml,2026-09-16T17:42:53Z,2026-09-16T17:42:53Z
3148592010674,Blanc Sans Alcool,2026-09-16T17:42:53Z,2026-09-16T17:42:53Z
3148592010827,Slurpie stevig rood 25cl,2026-09-16T17:42:53Z,2026-09-16T17:42:53Z
3148592011572,Bonne nouvelle,2026-09-16T17:42:53Z,2026-09-16T17:42:53Z
3148592011701,Bonne nouvelle Chardonnay sans alcool 75 cl,2026-09-16T17:42:53Z,2026-09-16T17:42:53Z
3148592011725,Sauvignon blanc,2026-09-16T17:42:53Z,2026-09-16T17:42:53Z
3148592011862,Bonne Nouvelle Rosé sans alcool 75 cl,2026-09-16T17:42:53Z,2026-09-16T17:42:53Z
3148592014092,Mojito sans alcool,2026-09-16T17:42:53Z,2026-09-16T17:42:53Z
3148592014122,Caïpirinha sans alcool,2026-09-16T17:42:53Z,2026-09-16T17:42:53Z
3148592014153,Caïpirinha sans alcool,2026-09-16T17:42:53Z,2026-09-16T17:42:53Z
3148592016584,Wine,2026-09-16T17:42:53Z,2026-09-16T17:42:53Z
3148592017963,Cafe de Paris 0%,2026-09-16T17:42:53Z,2026-09-16T17:42:53Z
3148592019158,Rosé sans alcool,2026-09-16T17:42:53Z,2026-09-16T17:42:53Z
3148592020482,La Tulipe Chardonnay,2026-09-16T17:42:53Z,2026-09-16T17:42:53Z
3148592020567,Rosé pamplemousse,2026-09-16T17:42:53Z,2026-09-16T17:42:53Z
3148592020581,Blanc saveur pêche,2026-09-16T17:42:53Z,2026-09-16T17:42:53Z
3148592020697,Blanc Saveur Passion,2026-09-16T17:42:53Z,2026-09-16T17:42:53Z
3148597088890,Chateau-Figeac 750 ml,2026-09-16T17:42:53Z,2026-09-16T17:42:53Z
3148597090954,Chateau du breuil haut medoc,2026-09-16T17:42:53Z,2026-09-16T17:42:53Z
3148597117620,Cote de Blaye,2026-09-16T17:42:53Z,2026-09-16T17:42:53Z
3148597119914,"Bordeaux rouge 2013 Appelation Bordeaux Contrôlée Collection Privée Cordier 37,5 cl",2026-09-16T17:42:53Z,2026-09-16T17:42:53Z
3148647161115,Ocean royal Golden crumbed fish fillets,2026-09-16T17:42:53Z,2026-09-16T17:42:53Z
3148684007698,Parmigiano,2026-09-16T17:42:53Z,2026-09-16T17:42:53Z
3148751747700,spinach and artichoke dip,2026-09-16T17:42:53Z,2026-09-16T17:42:53Z
3148756331966,Miel de Corse 250g,2026-09-16T17:42:53Z,2026-09-16T17:42:53Z
3148771808078,Barilla Cereali e quinoa 320g,2026-09-16T17:42:53Z,2026-09-16T17:42:53Z
3148830404784,Madeleines 250 g,2026-09-16T17:42:53Z,2026-09-16T17:42:53Z
3148950019431,Habana cigare,2026-09-16T17:42:53Z,2026-09-16T17:42:53Z
3148950025371,Canson Dibujo,2026-09-16T17:42:53Z,2026-09-16T17:42:53Z
3148950030269,Canson bloc note,2026-09-16T17:42:53Z,2026-09-16T17:42:53Z
3148950052506,Galettes feuillues x120,2026-09-16T17:42:53Z,2026-09-16T17:42:53Z
3148950059666,Candon,2026-09-16T17:42:53Z,2026-09-16T17:42:53Z
3148950060099,Feuille carnet 200g,2026-09-16T17:42:53Z,2026-09-16T17:42:53Z
3148950074959,signo Arroz Bomba,2026-09-16T17:42:53Z,2026-09-16T17:42:53Z
3148950099020,Canson Pochette pour dessins,2026-09-16T17:42:53Z,2026-09-16T17:42:53Z
3148950104380,Cahier à dessin,2026-09-16T17:42:53Z,2026-09-16T17:42:53Z
3148950121660,Taquino,2026-09-16T17:42:53Z,2026-09-16T17:42:53Z
3148950126429,Papier Canson,2026-09-16T17:42:53Z,2026-09-16T17:42:53Z
3148950126474,Pochette dessin couleur,2026-09-16T17:42:53Z,2026-09-16T17:42:53Z
3148950271020,"Papier à dessin blanc, C à grains, 24x32cm, 180gr",2026-09-16T17:42:53Z,2026-09-16T17:42:53Z
3148950271075,"Papier à dessin blanc, C à grains, A4, 180gr",2026-09-16T17:42:53Z,2026-09-16T17:42:53Z
3148950271150,"Canson Papier à Dessin 'C' à Grain, Format A3, 224 G / M2",2026-09-16T17:42:53Z,2026-09-16T17:42:53Z
3148950402325,Plástico gay,2026-09-16T17:42:53Z,2026-09-16T17:42:53Z
3148950671066,Canson Dessin millimétré 50,2026-09-16T17:42:53Z,2026-09-16T17:42:53Z
3148957872213,Solevita Bloc XL Croquis 14.8X21 A5 90G,2026-09-16T17:42:53Z,2026-09-16T17:42:53Z
3148958424008,SO SALADE SARL Salade russe,2026-09-16T17:42:53Z,2026-09-16T17:42:53Z
3148958425005,Wrap saumon,2026-09-16T17:42:53Z,2026-09-16T17:42:53Z
3148958426002,Solosalade Sal Sandwich Poulet Rôti,2026-09-16T17:42:53Z,2026-09-16T17:42:53Z
3148958429003,Snaking Club Poulet roti,2026-09-16T17:42:53Z,2026-09-16T17:42:53Z
3149020227602,Harpe,2026-09-16T17:42:53Z,2026-09-16T17:42:53Z
3149026001077,Explosion de champignons,2026-09-16T17:42:53Z,2026-09-16T17:42:53Z
3149028084924,Bonne musique,2026-09-16T17:42:53Z,2026-09-16T17:42:53Z
3149070006707,Cabernet d'Anjou 75 cl,2026-09-16T17:42:53Z,2026-09-16T17:42:53Z
3149070023865,Vouvray blanc brut,2026-09-16T17:42:53Z,2026-09-16T17:42:53Z
3149070028419,Rosé d'anjou,2026-09-16T17:42:53Z,2026-09-16T17:42:53Z
3149070028587,scea Pasquier viticulteur Saumur Champigny 75 cl,2026-09-16T17:42:53Z,2026-09-16T17:42:53Z
3149070028600,Rosé d'anjou,2026-09-16T17:42:53Z,2026-09-16T17:42:53Z
3149070028723,Poully fumé,2026-09-16T17:42:53Z,2026-09-16T17:42:53Z
3149070029003,Cabernet d anjou,2026-09-16T17:42:53Z,2026-09-16T17:42:53Z
3149070029256,Cabernet d’anjou,2026-09-16T17:42:53Z,2026-09-16T17:42:53Z
3149070029584,Les Tarentelles Coteaux du Layon 75 cl,2026-09-16T17:42:53Z,2026-09-16T17:42:53Z
3149070029607,Coteaux du Layon,2026-09-16T17:42:53Z,2026-09-16T17:42:53Z
3149070029676,Vin Rouge Domaine de la Seigneurie Saumur Champigny,2026-09-16T17:42:53Z,2026-09-16T17:42:53Z
3149070030726,Vin: Marquis de Sublet,2026-09-16T17:42:53Z,2026-09-16T17:42:53Z
3149070031396,Cabernet d'anjou,2026-09-16T17:42:53Z,2026-09-16T17:42:53Z
3149070033611,Tête de linotte,2026-09-16T17:42:53Z,2026-09-16T17:42:53Z
3149070033635,Tête de linotte 75 cl,2026-09-16T17:42:53Z,2026-09-16T17:42:53Z
3149070033659,Bourgueil Tête de linotte,2026-09-16T17:42:53Z,2026-09-16T17:42:53Z
3149070034045,Cabernet d anjou,2026-09-16T17:42:53Z,2026-09-16T17:42:53Z
3149070034342,Vigneron de palet,2026-09-16T17:42:53Z,2026-09-16T17:42:53Z
3149070034465,SAINT-NICOLA-DE-BOURGUEIL TETE DE LINOTTE,2026-09-16T17:42:53Z,2026-09-16T17:42:53Z
3149070034960,Cabernet d’Anjou,2026-09-16T17:42:53Z,2026-09-16T17:42:53Z
3149070035806,Feu! - Rosé - 750ML,2026-09-16T17:42:53Z,2026-09-16T17:42:53Z
3149070037077,Bourgueil,2026-09-16T17:42:53Z,2026-09-16T17:42:53Z
3149070037213,Saumur-champigny,2026-09-16T17:42:53Z,2026-09-16T17:42:53Z
3149070037473,? rosé d\'anjou,2026-09-16T17:42:53Z,2026-09-16T17:42:53Z
3149070039316,Rose,2026-09-16T17:42:53Z,2026-09-16T17:42:53Z
3149080419665,Moutarde la rustique,2026-09-16T17:42:53Z,2026-09-16T17:42:53Z
3149220042036,Muraour Frères Eau de fleurs d'oranger 125 ml,2026-09-16T17:42:53Z,2026-09-16T17:42:53Z
3149220042944,Colorants Alimentaires,2026-09-16T17:42:53Z,2026-09-16T17:42:53Z
3149220043446,Malilé Amandes en poudre 125 g,2026-09-16T17:42:53Z,2026-09-16T17:42:53Z
3149220044542,"Malilé Levure de boulangerie 5 * 5,5 g (27,5 g)",2026-09-16T17:42:53Z,2026-09-16T17:42:53Z
3149290003012,Pérail Lou Pérac,2026-09-16T17:42:53Z,2026-09-16T17:42:53Z
3149290003029,"Lou Pérac Pérail (26,3% MG) 150 g",2026-09-16T17:42:53Z,2026-09-16T17:42:53Z
3149290003036,Lou Pérac Pur Brebis (26% MG) 100 g,2026-09-16T17:42:53Z,2026-09-16T17:42:53Z
3149290003043,Lou Pérac La Brique de Brebis 150 g,2026-09-16T17:42:53Z,2026-09-16T17:42:53Z
3149290004095,SCPR Roquefort 100 g,2026-09-16T17:42:53Z,2026-09-16T17:42:53Z
3149330001015,Sati Rouge moulu 250g 250 g,2026-09-16T17:42:53Z,2026-09-16T17:42:53Z
3149330001046,Cafe en grains Sati rouge Expresso intenso 1 kg,2026-09-16T17:42:53Z,2026-09-16T17:42:53Z
3149330001107,Sati Espresso fortissimo,2026-09-16T17:42:53Z,2026-09-16T17:42:53Z
3149330001152,Les Cafés Sati Café Moulu Sous Vide 4x 250g,2026-09-16T17:42:53Z,2026-09-16T17:42:53Z
3149330001305,Café sati,2026-09-16T17:42:53Z,2026-09-16T17:42:53Z
3149330001350,Kaffee Café sous vide grains,2026-09-16T17:42:53Z,2026-09-16T17:42:53Z
3149330001510,Cafe moulu rare et delicat SATI,2026-09-16T17:42:53Z,2026-09-16T17:42:53Z
3149330001619,Café Sati 250 g,2026-09-16T17:42:53Z,2026-09-16T17:42:53Z
3149330001640,1640 satî Brésil 500g,2026-09-16T17:42:53Z,2026-09-16T17:42:53Z
3149330001718,"Sati Heure Exquise, Café Arabica, Le Paquet De 250 g",2026-09-16T17:42:53Z,2026-09-16T17:42:53Z
3149330001787,sati exquise,2026-09-16T17:42:53Z,2026-09-16T17:42:53Z
3149330001817,Café Sati Pérou bio équitable moulu 250g 250 g,2026-09-16T17:42:53Z,2026-09-16T17:42:53Z
3149330001824,Cafés SATI Cafe bio en grains SATI,2026-09-16T17:42:53Z,2026-09-16T17:42:53Z
3149330001916,Les cafés Sati Cafe moulu L'Expresso SATI 250 g,2026-09-16T17:42:53Z,2026-09-16T17:42:53Z
3149330001961,Sati Cafe,2026-09-16T17:42:53Z,2026-09-16T17:42:53Z
3149330001978,Café Sati Oncle hansi moulu 250g 250 g,2026-09-16T17:42:53Z,2026-09-16T17:42:53Z
3149330001985,Les cafés santi,2026-09-16T17:42:53Z,2026-09-16T17:42:53Z
3149330002012,Café Sati heure exquise décaféiné moulu 250g,2026-09-16T17:42:53Z,2026-09-16T17:42:53Z
3149330002081,Sati Mletá káva bez kofeinu 250 g,2026-09-16T17:42:53Z,2026-09-16T17:42:53Z
3149330002289,Les cafes sati Crema Mousse de Café 80g,2026-09-16T17:42:53Z,2026-09-16T17:42:53Z
3149330002319,Les cafés Sati HEURE EXQUISE 1,2026-09-16T17:42:53Z,2026-09-16T17:42:53Z
3149330002340,Sati Café lyophilisé 100 g,2026-09-16T17:42:53Z,2026-09-16T17:42:53Z
3149330002364,Sati Café,2026-09-16T17:42:53Z,2026-09-16T17:42:53Z
3149330002388,Sati Café soluble bio et équitable,2026-09-16T17:42:53Z,2026-09-16T17:42:53Z
3149330002395,Les cafés Sati 100 g,2026-09-16T17:42:53Z,2026-09-16T17:42:53Z
3149330002470,Cafe soluble,2026-09-16T17:42:53Z,2026-09-16T17:42:53Z
3149330003040,Cafés SATI Cafe moulu Moka Sidamo SATI 250 g,2026-09-16T17:42:53Z,2026-09-16T17:42:53Z
3149330003071,Cafés SATI Kawa Sati Pur Guatemala café moulu,2026-09-16T17:42:53Z,2026-09-16T17:42:53Z
3149330003279,Sati Café bio Congo Lac Kivu,2026-09-16T17:42:53Z,2026-09-16T17:42:53Z
3149330003309,Les cafés sati,2026-09-16T17:42:53Z,2026-09-16T17:42:53Z
3149330003316,Cafés SATI Café Bio Grains Pérou Paraiso Inca 500g,2026-09-16T17:42:53Z,2026-09-16T17:42:53Z
3149330003330,Sati Café en grains Mushonyi,2026-09-16T17:42:53Z,2026-09-16T17:42:53Z
3149330003347,Café SATI,2026-09-16T17:42:53Z,2026-09-16T17:42:53Z
3149330003354,Les Café Sati,2026-09-16T17:42:53Z,2026-09-16T17:42:53Z
3149330003378,Les cafés satî brésil,2026-09-16T17:42:53Z,2026-09-16T17:42:53Z
3149330004153,Sati Crema café - 100% Arabica Grains,2026-09-16T17:42:53Z,2026-09-16T17:42:53Z
3149330004245,"SATI Sélection gastronomique, grains bio fairtrade",2026-09-16T17:42:53Z,2026-09-16T17:42:53Z
3149330004382,Sati Désir d'or spécial doux,2026-09-16T17:42:53Z,2026-09-16T17:42:53Z
3149330004528,Sati Café en grains à l'italienne 1 kg,2026-09-16T17:42:53Z,2026-09-16T17:42:53Z
3149330005013,Cafe moulu Chocolat SATI,2026-09-16T17:42:53Z,2026-09-16T17:42:53Z
3149330005020,Cafe moulu Vanille SATI 250 g,2026-09-16T17:42:53Z,2026-09-16T17:42:53Z
3149330005037,les cafés Sati Cafe moulu Bredele SATI 250 grammes,2026-09-16T17:42:53Z,2026-09-16T17:42:53Z
3149330005310,Café saveur Bredele,2026-09-16T17:42:53Z,2026-09-16T17:42:53Z
3149330005402,"Cafe bio en dosettes Satissime SATI, 36 unites",2026-09-16T17:42:53Z,2026-09-16T17:42:53Z
3149330005426,EXPRESSO LUNGO,2026-09-16T17:42:53Z,2026-09-16T17:42:53Z
3149330005457,Sati Expresso classico,2026-09-16T17:42:53Z,2026-09-16T17:42:53Z
3149330005488,Satissime au goût chocolat,2026-09-16T17:42:53Z,2026-09-16T17:42:53Z
3149330005495,Sati Le café de l’oncle HANSI,2026-09-16T17:42:53Z,2026-09-16T17:42:53Z
3149330005501,Café Sati satissime crema 36 dosettes,2026-09-16T17:42:53Z,2026-09-16T17:42:53Z
3149330005549,Sati Café dėcafeiné 250 g,2026-09-16T17:42:53Z,2026-09-16T17:42:53Z
3149330005570,Café Capuccino,2026-09-16T17:42:53Z,2026-09-16T17:42:53Z
3149330005624,Satissime expresso dosettes x36,2026-09-16T17:42:53Z,2026-09-16T17:42:53Z
3149330005655,Café Satissime 36 Dosettes Prix Special,2026-09-16T17:42:53Z,2026-09-16T17:42:53Z
3149330007079,Café torréfie moulu,2026-09-16T17:42:53Z,2026-09-16T17:42:53Z
3149330007161,Cafe moulu,2026-09-16T17:42:53Z,2026-09-16T17:42:53Z
3149330008014,Alfenas,2026-09-16T17:42:53Z,2026-09-16T17:42:53Z
3149330008021,Moka sidamo,2026-09-16T17:42:53Z,2026-09-16T17:42:53Z
3149330008038,Café Caravelle Tarrazu Costa Rica 250 g,2026-09-16T17:42:53Z,2026-09-16T17:42:53Z
3149330008045,Café Caravelle Karnataka 250 g,2026-09-16T17:42:53Z,2026-09-16T17:42:53Z
3149330008052,Sati Café moulu sous vide,2026-09-16T17:42:53Z,2026-09-16T17:42:53Z
3149330008076,Moka sidamo,2026-09-16T17:42:53Z,2026-09-16T17:42:53Z
3149330008083,Café tarrazu,2026-09-16T17:42:53Z,2026-09-16T17:42:53Z
3149330008106,Bukoba,2026-09-16T17:42:53Z,2026-09-16T17:42:53Z
3149330008113,Alfenas 55g,2026-09-16T17:42:53Z,2026-09-16T17:42:53Z
3149330008120,Café,2026-09-16T17:42:53Z,2026-09-16T17:42:53Z
3149330008137,Café Tarrazu costa rica,2026-09-16T17:42:53Z,2026-09-16T17:42:53Z
3149330008168,Café caravelle Café en grains 250g,2026-09-16T17:42:53Z,2026-09-16T17:42:53Z
3149330008175,Café Caravelle Éthiopie 1kg,2026-09-16T17:42:53Z,2026-09-16T17:42:53Z
3149330008182,Café en grain,2026-09-16T17:42:53Z,2026-09-16T17:42:53Z
3149330008298,Cafe bio,2026-09-16T17:42:53Z,2026-09-16T17:42:53Z
3149330008809,Nescafé Les cafés Sati Expresso Gusto,2026-09-16T17:42:53Z,2026-09-16T17:42:53Z
3149330008816,Nescafé expresso forte,2026-09-16T17:42:53Z,2026-09-16T17:42:53Z
3149330008823,expresso gusto lungo,2026-09-16T17:42:53Z,2026-09-16T17:42:53Z
3149330008830,Sati Expresso Cappuccino,2026-09-16T17:42:53Z,2026-09-16T17:42:53Z
3149330008847,Java purbaya preanger estate intensite 7 112 g,2026-09-16T17:42:53Z,2026-09-16T17:42:53Z
3149330008854,Dosette dolce gusto moka harrar,2026-09-16T17:42:53Z,2026-09-16T17:42:53Z
3149330009509,Sati cafe capsules heures exquise,2026-09-16T17:42:53Z,2026-09-16T17:42:53Z
3149330009516,Sati café capsules forte,2026-09-16T17:42:53Z,2026-09-16T17:42:53Z
3149330009523,sati Café du Pérou bio et équitable capsules x10 55g,2026-09-16T17:42:53Z,2026-09-16T17:42:53Z
3149330009530,Les cafés SATI Sati cafe capsules classico 10,2026-09-16T17:42:53Z,2026-09-16T17:42:53Z
3149330009547,sati Classico lungo 55g,2026-09-16T17:42:53Z,2026-09-16T17:42:53Z
3149330009554,Cafés SATI Décaféiné capsules Sati Bio max Havelar,2026-09-16T17:42:53Z,2026-09-16T17:42:53Z
3149330009561,Sati Café expresso brefele 55g,2026-09-16T17:42:53Z,2026-09-16T17:42:53Z
3149330009578,Sati Café expresso noisette 10 capsules,2026-09-16T17:42:53Z,2026-09-16T17:42:53Z
3149330009585,Sati Café expresso caramel 55g,2026-09-16T17:42:53Z,2026-09-16T17:42:53Z
3149330009622,sati Capsules de café expresso 55g,2026-09-16T17:42:53Z,2026-09-16T17:42:53Z
3149330009677,Sati Cappuccino,2026-09-16T17:42:53Z,2026-09-16T17:42:53Z
3149330009707,Sati Café du Guatemala bio et équitable capsules,2026-09-16T17:42:53Z,2026-09-16T17:42:53Z
3149330009738,sati capsules,2026-09-16T17:42:53Z,2026-09-16T17:42:53Z
3149568275325,Asbal Miel,2026-09-16T17:42:53Z,2026-09-16T17:42:53Z
3149784636214,Le Pépité Fruité Cacao-Fraise,2026-09-16T17:42:53Z,2026-09-16T17:42:53Z
3149803067128,Puffed Rice 500 g,2026-09-16T17:42:53Z,2026-09-16T17:42:53Z
3149955550905,Hillshire Farm Oven Roasted Turkey Breast,2026-09-16T17:42:53Z,2026-09-16T17:42:53Z
