ean13,description,created_at,modified_at
9350000177587,SIRENA TUNA ITALIAN SALAD 170GX2,2026-09-17T13:43:43Z,2026-09-17T13:43:43Z
9350002000036,The Collagen Co Premium Collagen Peptides unflavoured,2026-09-16T17:42:53Z,2026-09-16T17:42:53Z
9350002000043,The collagen co Premium Collagen Peptides,2026-09-16T17:42:53Z,2026-09-16T17:42:53Z
9350002000050,The Collagen co,2026-09-16T17:42:53Z,2026-09-16T17:42:53Z
9350002000074,The Collagen Co Collagen Peptides,2026-09-16T17:42:53Z,2026-09-16T17:42:53Z
9350002000098,Premium Collagen Peptides Unflavoured,2026-09-16T17:42:53Z,2026-09-16T17:42:53Z
9350002000135,Collagen Co Unflavoured,2026-09-16T17:42:53Z,2026-09-16T17:42:53Z
9350002000142,The Collagen Co Collagen Peptides Strawberry & Watermelon 280 g,2026-09-16T17:42:53Z,2026-09-16T17:42:53Z
9350002000173,The Collagen Co. Premium Collagen Peptides mixed berry,2026-09-16T17:42:53Z,2026-09-16T17:42:53Z
9350002000180,The Collagen Co Premium Collagen Peptides Mixed Berry,2026-09-16T17:42:53Z,2026-09-16T17:42:53Z
9350002000258,The Collagen Co. PEPTIDES STRAWBERRY & WATERMELON,2026-09-16T17:42:53Z,2026-09-16T17:42:53Z
9350002000265,The Collagen Co Immunity Collagen Peptides Berry Flavour,2026-09-16T17:42:53Z,2026-09-16T17:42:53Z
9350002000357,The Collagen Co. Glow Shakes chocolate milkshake 756 g,2026-09-16T17:42:53Z,2026-09-16T17:42:53Z
9350002000364,Collagen Co Glow Shake - Vanilla Milkshake 756 g,2026-09-16T17:42:53Z,2026-09-16T17:42:53Z
9350002000371,Collagen Glow Shakes strawberry milkshake flavour 756 g,2026-09-16T17:42:53Z,2026-09-16T17:42:53Z
9350002000395,Collagen Co Collagen Dream Hot Chocolate Drink,2026-09-16T17:42:53Z,2026-09-16T17:42:53Z
9350002000487,The collagen co Glow Shakes iced coffee 784 g,2026-09-16T17:42:53Z,2026-09-16T17:42:53Z
9350002000555,The Collagen Co. Premium Collagen Peptides 560 g,2026-09-16T17:42:53Z,2026-09-16T17:42:53Z
9350002000562,The Collagen Co. Collagen Dream Advanced Sleep Formula Violet Crumble,2026-09-16T17:42:53Z,2026-09-16T17:42:53Z
9350002000579,The Collagen Co Glow Shakes Premium Collagen Meal Replacement 784 g,2026-09-16T17:42:53Z,2026-09-16T17:42:53Z
9350002000586,The Collagen Co. Collagen Dream hot chocolate,2026-09-16T17:42:53Z,2026-09-16T17:42:53Z
9350002000609,The Collagen Co Glow Shakes salted caramel milkshake 756 g,2026-09-16T17:42:53Z,2026-09-16T17:42:53Z
9350002000616,Glow Shakes banana milkshake Flavour Premium Collagen Meal Replacement 756 g,2026-09-16T17:42:53Z,2026-09-16T17:42:53Z
9350002000623,The Collagen Co. Glow Shakes 756 g,2026-09-16T17:42:53Z,2026-09-16T17:42:53Z
9350002000630,The Collagen Co Glow Shakes choc-mint milkshake Flavour 784 g,2026-09-16T17:42:53Z,2026-09-16T17:42:53Z
9350002000647,Collagen Co Super Beauty Greens,2026-09-16T17:42:53Z,2026-09-16T17:42:53Z
9350002000654,Collagen Co Super Beauty Greens,2026-09-16T17:42:53Z,2026-09-16T17:42:53Z
9350002000661,The Collagen Co Super Beauty Greens 308 g,2026-09-16T17:42:53Z,2026-09-16T17:42:53Z
9350002000715,The Collagen Co. Beautiful Energy,2026-09-16T17:42:53Z,2026-09-16T17:42:53Z
9350002000722,THE COLLAGEN co. Beautiful Energy raspberry crush Flavour,2026-09-16T17:42:53Z,2026-09-16T17:42:53Z
9350002000739,The Collagen Co. Beautiful Energy peach iced tea 280 g,2026-09-16T17:42:53Z,2026-09-16T17:42:53Z
9350002000906,The Collagen Co. Glow Shakes Premium Collagen Meal Replacement cookies & cream milkshake,2026-09-16T17:42:53Z,2026-09-16T17:42:53Z
9350002000920,Weis Glow Shakes Premium Collagen Meal Replacement Mango & ice cream Inspired Flavour,2026-09-16T17:42:53Z,2026-09-16T17:42:53Z
9350002001149,The Collagen Co. Glow Shakes Cinnamon Roll Flavour,2026-09-16T17:42:53Z,2026-09-16T17:42:53Z
9350002050055,The Collagen Co. Beautiful Energy Drink,2026-09-16T17:42:53Z,2026-09-16T17:42:53Z
9350002050116,Collagen Co Glow Shake Banana,2026-09-16T17:42:53Z,2026-09-16T17:42:53Z
9350002050154,The Collagen Co. Glow Shakes iced coffee,2026-09-16T17:42:53Z,2026-09-16T17:42:53Z
9350002050185,The Collagen Co Glow shake choc-honeycomb Milkshake,2026-09-16T17:42:53Z,2026-09-16T17:42:53Z
9350002050284,The Collagen Co Premium Collagen Peptides strawberry watermelon,2026-09-16T17:42:53Z,2026-09-16T17:42:53Z
9350007000017,Hart & Soul Butter Chicken,2026-09-16T17:42:53Z,2026-09-16T17:42:53Z
9350007000048,Nasi Goreng,2026-09-16T17:42:53Z,2026-09-16T17:42:53Z
9350007000062,Hart & Soul VEG PANANG 250 g,2026-09-16T17:42:53Z,2026-09-16T17:42:53Z
9350007001021,Hart & Soul Sweet Potato Ginger soup,2026-09-16T17:42:53Z,2026-09-16T17:42:53Z
9350007001069,Hart&Soul Laksa Noodle Soup Cup,2026-09-16T17:42:53Z,2026-09-16T17:42:53Z
9350007001076,Hart & Soul No Nasties Chicken Noodle Soup Cup,2026-09-16T17:42:53Z,2026-09-16T17:42:53Z
9350007001250,Beef pho noodle soup,2026-09-16T17:42:53Z,2026-09-16T17:42:53Z
9350007001311,Hart & Soul PHO Soup Cup,2026-09-16T17:42:53Z,2026-09-16T17:42:53Z
9350007001328,Hart & Soul Wonton soup cup 100g,2026-09-16T17:42:53Z,2026-09-16T17:42:53Z
9350007001335,Hart & Soul Tom Yum soup cup,2026-09-16T17:42:53Z,2026-09-16T17:42:53Z
9350007001366,Hart & Soul cauliflower cashew soup 400g,2026-09-16T17:42:53Z,2026-09-16T17:42:53Z
9350007001427,All Natural Pad Thai Saucy Noodles,2026-09-16T17:42:53Z,2026-09-16T17:42:53Z
9350007001434,All natural green curry,2026-09-16T17:42:53Z,2026-09-16T17:42:53Z
9350007001441,Mee Goreng,2026-09-16T17:42:53Z,2026-09-16T17:42:53Z
9350007001526,Toscano French Brioche Burger Buns,2026-09-16T17:42:53Z,2026-09-16T17:42:53Z
9350007001571,Toscano Dounble Choc Mousse 2 x 60 g,2026-09-16T17:42:53Z,2026-09-16T17:42:53Z
9350007001595,Toscano Tiramisu,2026-09-16T17:42:53Z,2026-09-16T17:42:53Z
9350007001601,Toscano Classic Pizza Bruschettina,2026-09-16T17:42:53Z,2026-09-16T17:42:53Z
9350007001649,Toscano 6 mini hot dog brioche buns 270 g,2026-09-16T17:42:53Z,2026-09-16T17:42:53Z
9350007001656,Toscano 6 Croissants 240 g,2026-09-16T17:42:53Z,2026-09-16T17:42:53Z
9350007001687,Toscano Belgian Mini Waffles,2026-09-16T17:42:53Z,2026-09-16T17:42:53Z
9350007002059,Toscano Choc filled croissants 270 g,2026-09-16T17:42:53Z,2026-09-16T17:42:53Z
9350007002226,Hart & Soul Laksa Soup,2026-09-16T17:42:53Z,2026-09-16T17:42:53Z
9350007002417,Thai coconut chicken & whole grain rice soup,2026-09-16T17:42:53Z,2026-09-16T17:42:53Z
9350007002486,Spiced Cinnamon Cake,2026-09-16T17:42:53Z,2026-09-16T17:42:53Z
9350007002493,Blonde Raspberry & White Chocolate 240 g,2026-09-16T17:42:53Z,2026-09-16T17:42:53Z
9350007002523,Toscano Tiramisu 500 g,2026-09-16T17:42:53Z,2026-09-16T17:42:53Z
9350007003001,Hart soul Class if Yaris yellow lentil dahl curry,2026-09-16T17:42:53Z,2026-09-16T17:42:53Z
9350007003049,Bare Bakers hdhs,2026-09-16T17:42:53Z,2026-09-16T17:42:53Z
9350007003063,Stroopwafels,2026-09-16T17:42:53Z,2026-09-16T17:42:53Z
9350007003353,Hart and Soul Beef Bone Broth Soup,2026-09-16T17:42:53Z,2026-09-16T17:42:53Z
9350007003360,Heart & soul Chicken Bone Broth Soup 350g,2026-09-16T17:42:53Z,2026-09-16T17:42:53Z
9350007004008,Coconut bengali,2026-09-16T17:42:53Z,2026-09-16T17:42:53Z
9350007004060,Pasta Sauce,2026-09-16T17:42:53Z,2026-09-16T17:42:53Z
9350007004442,Hart & Soul Chicken N Corn Soup,2026-09-16T17:42:53Z,2026-09-16T17:42:53Z
9350007004480,Green Curry,2026-09-16T17:42:53Z,2026-09-16T17:42:53Z
9350007004503,Hart & Soul All natural massaman curry 80 g,2026-09-16T17:42:53Z,2026-09-16T17:42:53Z
9350007004527,Hart & Soul Teriyaki Stir Fry 80 g,2026-09-16T17:42:53Z,2026-09-16T17:42:53Z
9350007004534,Hart & Soul No Nasties Butter Chicken 80g,2026-09-16T17:42:53Z,2026-09-16T17:42:53Z
9350007004558,Nasi Goreng,2026-09-16T17:42:53Z,2026-09-16T17:42:53Z
9350007004565,Hart and soul Beef strog,2026-09-16T17:42:53Z,2026-09-16T17:42:53Z
9350007004596,Toscano 11 madeleines,2026-09-16T17:42:53Z,2026-09-16T17:42:53Z
9350007004862,Toscano Palmiers,2026-09-16T17:42:53Z,2026-09-16T17:42:53Z
9350007004886,Marble,2026-09-16T17:42:53Z,2026-09-16T17:42:53Z
9350007004916,Tables & tales Yorkshire Puddings,2026-09-16T17:42:53Z,2026-09-16T17:42:53Z
9350007004923,Aromatic chicken pho soup,2026-09-16T17:42:53Z,2026-09-16T17:42:53Z
9350007004947,Hart & Soul Panang Curry,2026-09-16T17:42:53Z,2026-09-16T17:42:53Z
9350007004954,Hart & Soul Satay Curry,2026-09-16T17:42:53Z,2026-09-16T17:42:53Z
9350007004978,Hart & Soul Moroccan tagine 80g,2026-09-16T17:42:53Z,2026-09-16T17:42:53Z
9350007004985,Hart & Soul Satay Chicken,2026-09-16T17:42:53Z,2026-09-16T17:42:53Z
9350007004992,Hart & Soul All Natural Supergrain Teriyaki Chicken,2026-09-16T17:42:53Z,2026-09-16T17:42:53Z
9350007005012,petite maison 24 French macarons 288 g,2026-09-16T17:42:53Z,2026-09-16T17:42:53Z
9350007005562,Hart & Soul Curried Coconut & Lentil Soup,2026-09-16T17:42:53Z,2026-09-16T17:42:53Z
9350007005715,Bare Bakers Fantastically Fudgy Choc Brownie,2026-09-16T17:42:53Z,2026-09-16T17:42:53Z
9350007006026,Coconut curried lentils 80 g,2026-09-16T17:42:53Z,2026-09-16T17:42:53Z
9350007006040,Choc Chip Muffin Bars,2026-09-16T17:42:53Z,2026-09-16T17:42:53Z
9350007006132,Hart & Soul Creamy Coconut & Pumpkin Soup,2026-09-16T17:42:53Z,2026-09-16T17:42:53Z
9350007006323,Hart & Soul Coconut pumpkin soup 400grams,2026-09-16T17:42:53Z,2026-09-16T17:42:53Z
9350007007078,Hart & Soul Moroccan cous cous,2026-09-16T17:42:53Z,2026-09-16T17:42:53Z
9350007007085,Heart and soul Mediterranean cous cous,2026-09-16T17:42:53Z,2026-09-16T17:42:53Z
9350007007597,Toscano chocolate truffel,2026-09-16T17:42:53Z,2026-09-16T17:42:53Z
9350007008228,Bare Bakers Double choc muffin bars,2026-09-16T17:42:53Z,2026-09-16T17:42:53Z
9350007009775,Bare Bakers Rich & delish brownie bites,2026-09-16T17:42:53Z,2026-09-16T17:42:53Z
9350007009980,Eat & Soul Aromatic Pho Noodle Soup,2026-09-16T17:42:53Z,2026-09-16T17:42:53Z
9350007009997,Toscano Wholemeal Pizza Base 150 g,2026-09-16T17:42:53Z,2026-09-16T17:42:53Z
9350010000011,Swole Meals Teriyaki Chicken,2026-09-16T17:42:53Z,2026-09-16T17:42:53Z
9350010000042,Chilli Cayenne Pepper 25 g,2026-09-16T17:42:53Z,2026-09-16T17:42:53Z
9350012000040,Vanilla matcha,2026-09-16T17:42:53Z,2026-09-16T17:42:53Z
9350034000172,"Bailey Beau PTY LTD The Australian Superfood Co Paleo Granola Vanilla, Berry, Nutty Goodness",2026-09-16T17:42:53Z,2026-09-16T17:42:53Z
9350034000189,Paleo granola 320 g,2026-09-16T17:42:53Z,2026-09-16T17:42:53Z
9350039001488,Non 3 NA Wine,2026-09-16T17:42:53Z,2026-09-16T17:42:53Z
9350039001563,NON 7 Stewed Cherry & Coffee 750mL 750 mL,2026-09-16T17:42:53Z,2026-09-16T17:42:53Z
9350043000415,Infinit Go Far Endurance Fuel,2026-09-16T17:42:53Z,2026-09-16T17:42:53Z
9350043000705,Infinit Repair Protein (chocolate),2026-09-16T17:42:53Z,2026-09-16T17:42:53Z
9350043000804,Infinit Nutrition Tempo Run,2026-09-16T17:42:53Z,2026-09-16T17:42:53Z
9350047000114,Infused Hemp Drink,2026-09-16T17:42:53Z,2026-09-16T17:42:53Z
9350048000212,Yahava KoffeeWorks Chokokat Dutch Dark Hand Blended Drinking Chocolate,2026-09-16T17:42:53Z,2026-09-16T17:42:53Z
9350077000191,Warwick Beef Burgers,2026-09-16T17:42:53Z,2026-09-16T17:42:53Z
9350077000245,Beef Mince 4 Star (Fat Drained),2026-09-16T17:42:53Z,2026-09-16T17:42:53Z
9350086000113,Dr. Oetker queen ready rolled icing white,2026-09-16T17:42:53Z,2026-09-16T17:42:53Z
9350086000137,Fondant,2026-09-16T17:42:53Z,2026-09-16T17:42:53Z
9350109000373,Ginger turmeric,2026-09-16T17:42:53Z,2026-09-16T17:42:53Z
9350109000403,Buchi Kombucha - Blackcurrant Elderberry,2026-09-16T17:42:53Z,2026-09-16T17:42:53Z
9350109000427,Buchi Water Kefir Oceanade,2026-09-16T17:42:53Z,2026-09-16T17:42:53Z
9350139000039,Black Horse Food Fresh Noodles,2026-09-16T17:42:53Z,2026-09-16T17:42:53Z
9350139000251,Blackhorse Fresh Noodles (Wheat) 500 g,2026-09-16T17:42:53Z,2026-09-16T17:42:53Z
9350141000027,aussemite,2026-09-16T17:42:53Z,2026-09-16T17:42:53Z
9350141000065,AussieMite,2026-09-16T17:42:53Z,2026-09-16T17:42:53Z
9350142000125,GG GIMME GREEN,2026-09-16T17:42:53Z,2026-09-16T17:42:53Z
9350142000149,The Juice Lab Chillout 350 ml,2026-09-16T17:42:53Z,2026-09-16T17:42:53Z
9350142001344,Original fruit + veg,2026-09-16T17:42:53Z,2026-09-16T17:42:53Z
9350142001375,Original Juice Fruit+Veg,2026-09-16T17:42:53Z,2026-09-16T17:42:53Z
9350142001429,Original Juice Co Pressed Juice Goodness green,2026-09-16T17:42:53Z,2026-09-16T17:42:53Z
9350142001450,Original juice Goodness Green Pressed juice,2026-09-16T17:42:53Z,2026-09-16T17:42:53Z
9350142001528,Original Juice Juice,2026-09-16T17:42:53Z,2026-09-16T17:42:53Z
9350142001535,Orange and blood orange,2026-09-16T17:42:53Z,2026-09-16T17:42:53Z
9350142001597,Grapefruit juice,2026-09-16T17:42:53Z,2026-09-16T17:42:53Z
9350142001863,The Juice Lab Focus,2026-09-16T17:42:53Z,2026-09-16T17:42:53Z
9350142001870,The Juice Lab Calm Sparkling Blueberry,2026-09-16T17:42:53Z,2026-09-16T17:42:53Z
9350142001887,The Juice Lab Uplift Sparkling Orange,2026-09-16T17:42:53Z,2026-09-16T17:42:53Z
9350142001900,Cloudy apple,2026-09-16T17:42:53Z,2026-09-16T17:42:53Z
9350142001917,Orange juice,2026-09-16T17:42:53Z,2026-09-16T17:42:53Z
9350142001955,Orange fruit drink,2026-09-16T17:42:53Z,2026-09-16T17:42:53Z
9350142001962,Cloudy APPLE 50% less sugar,2026-09-16T17:42:53Z,2026-09-16T17:42:53Z
9350142002006,Plant protein smoothie - choc raspberry,2026-09-16T17:42:53Z,2026-09-16T17:42:53Z
9350142002013,Banana cinnamon plant protein smoothie,2026-09-16T17:42:53Z,2026-09-16T17:42:53Z
9350142002020,Veggie Goodness Carrot Sweet Potato Ginger,2026-09-16T17:42:53Z,2026-09-16T17:42:53Z
9350142002037,Veggie goodness juice,2026-09-16T17:42:53Z,2026-09-16T17:42:53Z
9350142002112,Imune vitality super shots 5 x 70 ml,2026-09-16T17:42:53Z,2026-09-16T17:42:53Z
9350142002129,Digest Gut health super shots,2026-09-16T17:42:53Z,2026-09-16T17:42:53Z
9350142002204,Oat smoothie,2026-09-16T17:42:53Z,2026-09-16T17:42:53Z
9350142002235,Original Juice Co Black Label CLEAR APPLE CHILLED JUICE,2026-09-16T17:42:53Z,2026-09-16T17:42:53Z
9350142002341,Original Juice VEGGIE JUICE,2026-09-16T17:42:53Z,2026-09-16T17:42:53Z
9350142002365,Original Juice Co GOODNESS GREEN,2026-09-16T17:42:53Z,2026-09-16T17:42:53Z
9350142002426,Original Juice Co Black Label Apple & Blackcurrant Juice,2026-09-16T17:42:53Z,2026-09-16T17:42:53Z
9350142002440,Original Juice Co GOODNESS GREEN,2026-09-16T17:42:53Z,2026-09-16T17:42:53Z
9350142002464,Juice Co Original Apple & Blackcurrant,2026-09-16T17:42:53Z,2026-09-16T17:42:53Z
9350142002501,Original Juice Co Citrus Shield,2026-09-16T17:42:53Z,2026-09-16T17:42:53Z
9350157001162,Crusty Multigrain breadmix 5 kg,2026-09-16T17:42:53Z,2026-09-16T17:42:53Z
9350160900032,Coco de Paimpol,2026-09-16T17:42:53Z,2026-09-16T17:42:53Z
9350167000018,Core Powerfoods Going Nuts Satay Chicken - Rice - Green Beans 350 g,2026-09-16T17:42:53Z,2026-09-16T17:42:53Z
9350167000025,Core Powerfoods Seismic chicken,2026-09-16T17:42:53Z,2026-09-16T17:42:53Z
9350167000049,CORE POWERFOODS HOLY MEATBALLS 350 g,2026-09-16T17:42:53Z,2026-09-16T17:42:53Z
9350167000056,Vote powerfoods Smokey mountain meatballs 350 g,2026-09-16T17:42:53Z,2026-09-16T17:42:53Z
9350167000063,Core Powerfoods Deep south chilli,2026-09-16T17:42:53Z,2026-09-16T17:42:53Z
9350167000070,Naked chicken,2026-09-16T17:42:53Z,2026-09-16T17:42:53Z
9350167000087,Core Powerfoods Pasta La Vista 350g,2026-09-16T17:42:53Z,2026-09-16T17:42:53Z
9350167000254,Core Powerfoods Naked Paramigiana 350 g,2026-09-16T17:42:53Z,2026-09-16T17:42:53Z
9350167000261,CORE POWERFOODS BUTTER CHICKEN,2026-09-16T17:42:53Z,2026-09-16T17:42:53Z
9350167000278,Core powerfoods Chipotle Chicken,2026-09-16T17:42:53Z,2026-09-16T17:42:53Z
9350167000285,Core Powerfoods Red Thai Chicken Curry,2026-09-16T17:42:53Z,2026-09-16T17:42:53Z
9350167000292,Mongolian Chicken,2026-09-16T17:42:53Z,2026-09-16T17:42:53Z
9350167000308,Core Power Foods Clean Cottage Pie - Updated,2026-09-16T17:42:53Z,2026-09-16T17:42:53Z
9350167000315,Core powerfoods Beef taco bowl,2026-09-16T17:42:53Z,2026-09-16T17:42:53Z
9350167000322,Core Powerfoods Bangers & Mash 350g,2026-09-16T17:42:53Z,2026-09-16T17:42:53Z
9350167000353,Core Power Foods BBQ Mixed Grill,2026-09-16T17:42:53Z,2026-09-16T17:42:53Z
9350167000360,Core Powerfoods Beef tortellini,2026-09-16T17:42:53Z,2026-09-16T17:42:53Z
9350167000391,Core Powerfoods Penne Bolognese,2026-09-16T17:42:53Z,2026-09-16T17:42:53Z
9350167000414,CORE powerfoods Anabolic Chicken,2026-09-16T17:42:53Z,2026-09-16T17:42:53Z
9350167000421,Core Powerfoods Korean BBQ Beef,2026-09-16T17:42:53Z,2026-09-16T17:42:53Z
9350167000438,Core Powerfoods Creamy Mushroom Chicken,2026-09-16T17:42:53Z,2026-09-16T17:42:53Z
9350167000445,Core Power Foods Roast Chicken & Gravy,2026-09-16T17:42:53Z,2026-09-16T17:42:53Z
9350167000452,CORE POWERFOODS LOADED MAC & CHEESE,2026-09-16T17:42:53Z,2026-09-16T17:42:53Z
9350167000469,Core Power Foods Creamy Chicken Ravioli,2026-09-16T17:42:53Z,2026-09-16T17:42:53Z
9350167000476,Core Powerfoods Chicken Fried Rice,2026-09-16T17:42:53Z,2026-09-16T17:42:53Z
9350167000483,CORE Powerfoods Sweet & Sour Chicken,2026-09-16T17:42:53Z,2026-09-16T17:42:53Z
9350167000490,CORE POWERFOODS CHICKEN & BACON MACARONI 350 g,2026-09-16T17:42:53Z,2026-09-16T17:42:53Z
9350167000506,CORE POWERFOODS JAPANESE CHICKEN CURRY,2026-09-16T17:42:53Z,2026-09-16T17:42:53Z
9350167000520,Core Powerfoods Shepherds Pie 350 g e,2026-09-16T17:42:53Z,2026-09-16T17:42:53Z
9350167000537,CORE POWERFOODS Bolognese Potato Bake,2026-09-16T17:42:53Z,2026-09-16T17:42:53Z
9350167000551,CORE POWERFOODS PARMA & MASH,2026-09-16T17:42:53Z,2026-09-16T17:42:53Z
9350167000568,Core Powerfoods Tuscan Chicken Bake,2026-09-16T17:42:53Z,2026-09-16T17:42:53Z
9350167000575,Core Powerfoods BBQ Mac & Cheese,2026-09-16T17:42:53Z,2026-09-16T17:42:53Z
9350167000582,Core Powerfoods Chicken In Red Wine,2026-09-16T17:42:53Z,2026-09-16T17:42:53Z
9350167000599,CORE Powerfoods Curried Sausages,2026-09-16T17:42:53Z,2026-09-16T17:42:53Z
9350167000605,Core Powerfoods Meatballs And Mash,2026-09-16T17:42:53Z,2026-09-16T17:42:53Z
9350167000612,Core Powerfoods Mixed Grill & Gravy,2026-09-16T17:42:53Z,2026-09-16T17:42:53Z
9350167000636,Core Powerfoods Beef Burgundy,2026-09-16T17:42:53Z,2026-09-16T17:42:53Z
9350167000643,Core Powerfoods Chicken & Bacon Risotto,2026-09-16T17:42:53Z,2026-09-16T17:42:53Z
9350167000650,Core Powerfoods Snags & Sauce,2026-09-16T17:42:53Z,2026-09-16T17:42:53Z
9350167040038,Core powerfoods Terminator smoky bbq chicken witg caramelised onion and low fat cheese,2026-09-16T17:42:53Z,2026-09-16T17:42:53Z
9350167040052,Core Powerfoods Smokey BBQ Chicken Pizza,2026-09-16T17:42:53Z,2026-09-16T17:42:53Z
9350167040069,Core Powerfoods BBQ Beef And onions Pizza,2026-09-16T17:42:53Z,2026-09-16T17:42:53Z
9350167044661,Need tortellini,2026-09-16T17:42:53Z,2026-09-16T17:42:53Z
9350169001990,Dark couverture chocolate cocoa nibs,2026-09-16T17:42:53Z,2026-09-16T17:42:53Z
9350169002966,Coal River Farm Dark Chocolate Mini Eggs,2026-09-16T17:42:53Z,2026-09-16T17:42:53Z
9350169099768,Lavosh Crackers Rosemary & Tasmanian Sea Salt Crackers,2026-09-16T17:42:53Z,2026-09-16T17:42:53Z
9350169099980,Coal River Pantry Sesame Seed & Tasmanian Sea Salt Lavosh Crackers,2026-09-16T17:42:53Z,2026-09-16T17:42:53Z
9350171000349,Remedy Wild Berry Kombucha,2026-09-16T17:42:53Z,2026-09-16T17:42:53Z
9350171000707,Sirena Tuna Lemon And Pepper,2026-09-16T17:42:53Z,2026-09-16T17:42:53Z
9350177000008,smoke infused oil tuna,2026-09-16T17:42:53Z,2026-09-16T17:42:53Z
9350177000015,Sirena Tuna Springwater,2026-09-16T17:42:53Z,2026-09-16T17:42:53Z
9350177000039,Sirena Puttanesca tuna 95 g,2026-09-16T17:42:53Z,2026-09-16T17:42:53Z
9350177000046,Sirena Soy & Ginger Tuna,2026-09-16T17:42:53Z,2026-09-16T17:42:53Z
9350177000084,Sirena Tuna,2026-09-16T17:42:53Z,2026-09-16T17:42:53Z
9350177000091,Sirena Lemon basil & chilli tuna in oil 95 g,2026-09-16T17:42:53Z,2026-09-16T17:42:53Z
9350177000107,Sirena Tuna 95g,2026-09-16T17:42:53Z,2026-09-16T17:42:53Z
9350177000114,Springwater & Lemon Tuna,2026-09-16T17:42:53Z,2026-09-16T17:42:53Z
9350177000121,Sirena Tuna Chilli 95 g,2026-09-16T17:42:53Z,2026-09-16T17:42:53Z
9350177000138,SIRENA TUNA LITE CHILLI 95g,2026-09-16T17:42:53Z,2026-09-16T17:42:53Z
9350177000145,Sirena Tuna Lite Oil - Italian Style,2026-09-16T17:42:53Z,2026-09-16T17:42:53Z
9350177000152,Sirena Tuna 95 g,2026-09-16T17:42:53Z,2026-09-16T17:42:53Z
9350177000169,Sirena Tuna Springwater 95g,2026-09-16T17:42:53Z,2026-09-16T17:53:12Z
9350177000176,SIRENA TUNA OIL ITALIAN STYLE 95GR,2026-09-17T13:43:43Z,2026-09-17T13:43:43Z
9350177000183,SIRENA TUNA FREEKA+BROWN RICE 170GR,2026-09-16T17:42:53Z,2026-09-17T13:43:43Z
9350177000190,SIRENA TUNA WITH CHILLI 95GR,2026-09-17T13:43:43Z,2026-09-17T13:43:43Z
9350177000206,SIRENA TUNA OIL ITALIAN STYLE 185GR,2026-09-17T13:43:43Z,2026-09-17T13:43:43Z
9350177000213,SIRENA TUNA WITH CHILLI 185GR,2026-09-17T13:43:43Z,2026-09-17T13:43:43Z
9350177000220,SIRENA TUNA IN SPRING WATER 185GR,2026-09-17T13:43:43Z,2026-09-17T13:43:43Z
9350177000244,SIRENA TUNA RICE SALAD 190GR,2026-09-17T13:43:43Z,2026-09-17T13:43:43Z
9350177000251,SIRENA TUNA RICE FRIED RICE 190GR,2026-09-17T13:43:43Z,2026-09-17T13:43:43Z
9350177000268,SIRENA TUNA & BEANS MEXICAN 185GR,2026-09-17T13:43:43Z,2026-09-17T13:43:43Z
9350177000275,Sirena Tuna - Oil Italian Style 425g,2026-09-16T17:42:53Z,2026-09-16T17:42:53Z
9350177000282,SIRENA TUNA SPRINGWATER 425 g,2026-09-16T17:42:53Z,2026-09-16T17:42:53Z
9350177000299,sirena tuna tuna slices 125 g,2026-09-16T17:42:53Z,2026-09-16T17:42:53Z
9350177000305,Sirena Tuna oil,2026-09-16T17:42:53Z,2026-09-16T17:42:53Z
9350177000312,SIRENA Tuna Oil - Italian Style 185 g,2026-09-16T17:42:53Z,2026-09-16T17:42:53Z
9350177000329,Sirena Tuna Chilli,2026-09-16T17:42:53Z,2026-09-16T17:42:53Z
9350177000336,Sirena Tuna 185g,2026-09-16T17:42:53Z,2026-09-16T17:42:53Z
9350177000350,Sirena Tuna With Beans 185g,2026-09-16T17:42:53Z,2026-09-16T17:42:53Z
9350177000428,Sirena Tuna Lite Oil - Italian Style,2026-09-16T17:42:53Z,2026-09-16T17:42:53Z
9350177000435,Sirena Triple Chilli Tuna in Oil,2026-09-16T17:42:53Z,2026-09-16T17:42:53Z
9350177000480,Sirena Tuna Brown Rice & Quinoa 170 g,2026-09-16T17:42:53Z,2026-09-16T17:42:53Z
9350177000497,Sirena Tuna Sicilian Style Pasta 170 g,2026-09-16T17:42:53Z,2026-09-16T17:42:53Z
9350177000503,sirena italian salad with tuna,2026-09-16T17:42:53Z,2026-09-16T17:42:53Z
9350177000510,KALE AND QUINOA SALAD 170 g,2026-09-16T17:42:53Z,2026-09-16T17:42:53Z
9350177000565,SIRENA BR. RICE & QUINOA TUNA 170GR,2026-09-17T13:43:43Z,2026-09-17T13:43:43Z
9350177000572,SIRENA SICILIAN PASTA W/ TUNA 170GR,2026-09-17T13:43:43Z,2026-09-17T13:43:43Z
9350177000589,SIRENA TUNA ITALIAN SALAD 170G,2026-09-17T13:43:43Z,2026-09-17T13:43:43Z
9350177000596,SIRENA KALE & QUINOA SALAD 170GR,2026-09-17T13:43:43Z,2026-09-17T13:43:43Z
9350177000619,Sirena Savoury Onion Tuna,2026-09-16T17:42:53Z,2026-09-16T17:42:53Z
9350177000626,Sirens Garlic infused tuna in oil,2026-09-16T17:42:53Z,2026-09-16T17:42:53Z
9350177000664,Sirena Tuna Marinated vegetables,2026-09-16T17:42:53Z,2026-09-16T17:42:53Z
9350177000695,SIRENA TUNA FILLETS,2026-09-16T17:42:53Z,2026-09-16T17:42:53Z
9350177000718,Sirena Tuna Napoli Style Pasta 170 g,2026-09-16T17:42:53Z,2026-09-16T17:42:53Z
9350177000725,Sirena Tuna Pesto Pasta,2026-09-16T17:42:53Z,2026-09-16T17:42:53Z
9350177000732,SIRENA CHICKEN BROWN RICE & QUINOA 190 g,2026-09-16T17:42:53Z,2026-09-16T17:42:53Z
9350177000749,Sirena Fried rice with chicken,2026-09-16T17:42:53Z,2026-09-16T17:42:53Z
9350177000756,Sirena Tuna Garlic & Chilli,2026-09-16T17:42:53Z,2026-09-16T17:42:53Z
9350177000794,"Vegetarian, Napoli pasta 190 g",2026-09-16T17:42:53Z,2026-09-16T17:42:53Z
9350177000817,Sirena Tuna Tomato & Onion,2026-09-16T17:42:53Z,2026-09-16T17:42:53Z
9350177000824,Sirena Massaman Curry Chicken With Brown Rice 190 g,2026-09-16T17:42:53Z,2026-09-16T17:42:53Z
9350177000831,Barley salad with tuna 170 g,2026-09-16T17:42:53Z,2026-09-16T17:42:53Z
9350177000848,Sirena Chicken Bolognese Sauce 190 g,2026-09-16T17:42:53Z,2026-09-16T17:42:53Z
9350177000862,Sirena Tuna Mexican Rice 170 g,2026-09-16T17:42:53Z,2026-09-16T17:42:53Z
9350177000879,Sirena Chicken With Mexican Rice,2026-09-16T17:42:53Z,2026-09-16T17:42:53Z
9350177000886,Sirena Tuna - Sweet Chilli,2026-09-16T17:42:53Z,2026-09-16T17:42:53Z
9350177000893,Sirena Smoky Chilli Tuna,2026-09-16T17:42:53Z,2026-09-16T17:42:53Z
9350177000909,Siena Onion Tuna,2026-09-16T17:42:53Z,2026-09-16T17:42:53Z
9350177000916,Sirena Tuna And Mayonnaise,2026-09-16T17:42:53Z,2026-09-16T17:42:53Z
9350177000923,Sirena Tuna & Aioli,2026-09-16T17:42:53Z,2026-09-16T17:42:53Z
9350177000930,Sorena Tuna Chillayo,2026-09-16T17:42:53Z,2026-09-16T17:42:53Z
9350177000954,Sirena Tuna With Sweet Corn & Mayonnaise 75 g,2026-09-16T17:42:53Z,2026-09-16T17:42:53Z
9350177000961,Sirena Tina Pesto,2026-09-16T17:42:53Z,2026-09-16T17:42:53Z
9350177000978,"Sirena Tuna - Pink, Green And Black Peppercorn",2026-09-16T17:42:53Z,2026-09-16T17:42:53Z
9350177000985,"Sirena Tuna, Zesty Vinaigrette",2026-09-16T17:42:53Z,2026-09-16T17:42:53Z
9350177000992,Sirena Tuna With Lemon And Fill Mayonnaise,2026-09-16T17:42:53Z,2026-09-16T17:42:53Z
9350177001005,Sirena Tuna With Pesto Mayonnaise 75 g,2026-09-16T17:42:53Z,2026-09-16T17:42:53Z
9350177001012,Sirena Tuna With Roasted Capsicum Mayonnaise 75 g,2026-09-16T17:42:53Z,2026-09-16T17:42:53Z
9350177001043,Sirena Tuna With Sweet Chili,2026-09-16T17:42:53Z,2026-09-16T17:42:53Z
9350177001050,Sirena Chicken Korean Style Rice 190 g,2026-09-16T17:42:53Z,2026-09-16T17:42:53Z
9350177001098,SIRENA CHICKEN PESTO PASTA,2026-09-16T17:42:53Z,2026-09-16T17:42:53Z
9350177001104,Sirena Ready to eat chicken pad thai noodles,2026-09-16T17:42:53Z,2026-09-16T17:42:53Z
9350177001135,Sirena Tuna Thai Curry Noodles 170 g,2026-09-16T17:42:53Z,2026-09-16T17:42:53Z
9350177001166,SIRENA Tuna Paella 170 g,2026-09-16T17:42:53Z,2026-09-16T17:42:53Z
9350177001173,Sirena Tuna Sweet Chilli Rice,2026-09-16T17:42:53Z,2026-09-16T17:42:53Z
9350177001180,Sirena Tuna With Tomato & Onion 85 g,2026-09-16T17:42:53Z,2026-09-16T17:42:53Z
9350177001197,Sirena Brownie Rice And Quinoa,2026-09-16T17:42:53Z,2026-09-16T17:42:53Z
9350177001203,Sirens Mexican Tuna,2026-09-16T17:42:53Z,2026-09-16T17:42:53Z
9350177001210,Sirena Smoke Infused Oil Tuna,2026-09-16T17:42:53Z,2026-09-16T17:42:53Z
9350177001258,Sirena Tuna,2026-09-16T17:42:53Z,2026-09-16T17:42:53Z
9350177001289,Sirena Tuna with Beans Edamame & Sesame Dressing,2026-09-16T17:42:53Z,2026-09-16T17:42:53Z
9350177001296,Sirena Tuna with Beans Chilli Italian Style 170 g,2026-09-16T17:42:53Z,2026-09-16T17:42:53Z
9350177001302,Sirena Tuna With Beans 170 g,2026-09-16T17:42:53Z,2026-09-16T17:42:53Z
9350177001364,Sirena Chicken Honey Soy with Rice 190 g,2026-09-16T17:42:53Z,2026-09-16T17:42:53Z
9350177001371,Sirena Lemon Italian Style,2026-09-16T17:42:53Z,2026-09-16T17:42:53Z
9350177001388,Sirena Tuna Mediterranean Herbs,2026-09-16T17:42:53Z,2026-09-16T17:42:53Z
9350177007878,SIRENA TUNA LITE CHILLI,2026-09-16T17:42:53Z,2026-09-16T17:42:53Z
9350177094021,Sirena Tuna - Chilli 95g,2026-09-16T17:42:53Z,2026-09-16T17:42:53Z
9350181000001,Protein Supplies Australia Whey Protein Isolate,2026-09-16T17:42:53Z,2026-09-16T17:42:53Z
9350181000018,Protein suppleis australia WPI Fast Release High Protien,2026-09-16T17:42:53Z,2026-09-16T17:42:53Z
9350181000032,Protein supplies Australia,2026-09-16T17:42:53Z,2026-09-16T17:42:53Z
9350181000063,Protein supplies WPI PROTEIN,2026-09-16T17:42:53Z,2026-09-16T17:42:53Z
9350181000070,Protein Supplies Australia WPI Fast Release High Protein,2026-09-16T17:42:53Z,2026-09-16T17:42:53Z
9350181000124,Protein supplies australia Wpc australian grass fed whey,2026-09-16T17:42:53Z,2026-09-16T17:42:53Z
9350181000131,WPC Grass Fed Whey,2026-09-16T17:42:53Z,2026-09-16T17:42:53Z
9350181000162,Protein Supplies Australia 360 Whey Premium Grass Fed Whey Combo,2026-09-16T17:42:53Z,2026-09-16T17:42:53Z
9350181000193,Protein Supplies Australia 360 Whey Complete Protein,2026-09-16T17:42:53Z,2026-09-16T17:42:53Z
9350181000308,Protein Supplies Australia Organic Pea Protein Isolate,2026-09-16T17:42:53Z,2026-09-16T17:42:53Z
9350181000322,Protein Supplies Australia Pea Pro Pure,2026-09-16T17:42:53Z,2026-09-16T17:42:53Z
9350181000346,Pea Pro - Protein Supplies Australia - Chocolate,2026-09-16T17:42:53Z,2026-09-16T17:42:53Z
9350181000414,Protein Supplies Australia Slow And Grow Casein Pure Unflavoured,2026-09-16T17:42:53Z,2026-09-16T17:42:53Z
9350181000438,Protein Supplies Australia Micellar Casein Protein Powder - Chocolate,2026-09-16T17:42:53Z,2026-09-16T17:42:53Z
9350181000483,spark preworkout,2026-09-16T17:42:53Z,2026-09-16T17:42:53Z
9350181000537,Creatine,2026-09-16T17:42:53Z,2026-09-16T17:42:53Z
9350181000544,Protein Supplies Australia Creatine,2026-09-16T17:42:53Z,2026-09-16T17:42:53Z
9350181000698,Protein Supplies Australia Colostrum,2026-09-16T17:42:53Z,2026-09-16T17:42:53Z
9350181000742,Protein Supplies Australia Paleo Egg White Protein,2026-09-16T17:42:53Z,2026-09-16T17:42:53Z
9350181000841,Protein Supplies Australia BCAA Grape,2026-09-16T17:42:53Z,2026-09-16T17:42:53Z
9350181001398,Protein Supplies Australia Bio active Collagen Peptides,2026-09-16T17:42:53Z,2026-09-16T17:42:53Z
9350181001404,Collagen peptides vanilla,2026-09-16T17:42:53Z,2026-09-16T17:42:53Z
9350181003361,Botanika Blends Banoffee Pie Plant Protein,2026-09-16T17:42:53Z,2026-09-16T17:42:53Z
9350181003422,Cola power potion pre-workout,2026-09-16T17:42:53Z,2026-09-16T17:42:53Z
9350181003439,Botanika Blends Plant Protein Golden Chai Latte Flavour,2026-09-16T17:42:53Z,2026-09-16T17:42:53Z
9350181003446,Plant protein,2026-09-16T17:42:53Z,2026-09-16T17:42:53Z
9350181003453,Botanical Blends Raspberry Coconut Protein powder,2026-09-16T17:42:53Z,2026-09-16T17:42:53Z
9350181003460,Botanika Blends Plant Protein Golden Chai Latte Flavour,2026-09-16T17:42:53Z,2026-09-16T17:42:53Z
9350181003477,Botanika Plant Protein,2026-09-16T17:42:53Z,2026-09-16T17:42:53Z
9350181003484,Botanika Blends Plant protein,2026-09-16T17:42:53Z,2026-09-16T17:42:53Z
9350181003491,Plant Protein,2026-09-16T17:42:53Z,2026-09-16T17:42:53Z
9350181003545,Botanika Blends Plant Protein Double Shot Iced Coffee,2026-09-16T17:42:53Z,2026-09-16T17:42:53Z
9350181003583,Botanika Blends Plant Protein Organic Ingredients,2026-09-16T17:42:53Z,2026-09-16T17:42:53Z
9350181003590,Plant protein,2026-09-16T17:42:53Z,2026-09-16T17:42:53Z
9350181003705,Botanika Blends Oh My Apple Pie Flavour Plant Protein,2026-09-16T17:42:53Z,2026-09-16T17:42:53Z
9350181003729,Botanika Blends Plant protien apple pie flavour,2026-09-16T17:42:53Z,2026-09-16T17:42:53Z
9350181003750,Botanika Blends Plant Protein Vanilla Cake Batter Flavour,2026-09-16T17:42:53Z,2026-09-16T17:42:53Z
9350181003804,Botanika Blends Plant Protein Custard Filled Cinnamon Donut Flavour,2026-09-16T17:42:53Z,2026-09-16T17:42:53Z
9350181003972,Botanika blends Magical mushroom mix,2026-09-16T17:42:53Z,2026-09-16T17:42:53Z
9350181004146,Vegan Protein Bar Vanilla Cake Batter Flavour,2026-09-16T17:42:53Z,2026-09-16T17:42:53Z
9350181004160,Choc chip PB vegan protein bar 40 g,2026-09-16T17:42:53Z,2026-09-16T17:42:53Z
9350181004214,Botanika Basics Peanut Butter Powder,2026-09-16T17:42:53Z,2026-09-16T17:42:53Z
9350181004238,Botanika Blends Greens Alchemy,2026-09-16T17:42:53Z,2026-09-16T17:42:53Z
9350181004290,Botanika Blend Protein Shake,2026-09-16T17:42:53Z,2026-09-16T17:42:53Z
9350181004382,Vanilla bean flavour nice cream,2026-09-16T17:42:53Z,2026-09-16T17:42:53Z
9350181004405,Nicecream botanika,2026-09-16T17:42:53Z,2026-09-16T17:42:53Z
9350181004474,Vegan protein bar 40 g,2026-09-16T17:42:53Z,2026-09-16T17:42:53Z
9350181004542,Botanika Blends Magic Mylk,2026-09-16T17:42:53Z,2026-09-16T17:42:53Z
9350181004771,Botanika blends Botanika Bickie Birthday Cake,2026-09-16T17:42:53Z,2026-09-16T17:42:53Z
9350181004795,Botanika bickie,2026-09-16T17:42:53Z,2026-09-16T17:42:53Z
9350181004832,Marvellous Mud Cakes - Lucsious Lemon Cake,2026-09-16T17:42:53Z,2026-09-16T17:42:53Z
9350181005389,Botanika Blends Protein Water,2026-09-16T17:42:53Z,2026-09-16T17:42:53Z
9350181005396,Botanika blends Plant protein water Raspberry,2026-09-16T17:42:53Z,2026-09-16T17:42:53Z
9350181005426,Botannika Chocolate Cake Batter,2026-09-16T17:42:53Z,2026-09-16T17:42:53Z
9350181005433,Protein Supplies Australia WPI Choc Peanut Butter,2026-09-16T17:42:53Z,2026-09-16T17:42:53Z
9350181005440,Protein Supplies Australia Whey Protein Isolate - Choc Peanut Butter,2026-09-16T17:42:53Z,2026-09-16T17:42:53Z
9350181005457,Protein Supplies Australia Protein Jelly,2026-09-16T17:42:53Z,2026-09-16T17:42:53Z
9350181005709,Botanika blends Choc Peanut butter Plant protein,2026-09-16T17:42:53Z,2026-09-16T17:42:53Z
9350181005990,Protein Supplies Australia Whey Protein Isolate Banana,2026-09-16T17:42:53Z,2026-09-16T17:42:53Z
9350181006010,Protein Supplies Australia Australian Whey Protein,2026-09-16T17:42:53Z,2026-09-16T17:42:53Z
9350181006027,Protein Supplies Australia Whey Protein Powder,2026-09-16T17:42:53Z,2026-09-16T17:42:53Z
9350181006089,Protein Supplies Australia Australian Whey Proteon,2026-09-16T17:42:53Z,2026-09-16T17:42:53Z
9350181006102,Protein Supplies Australia Whey Protein - Choc Peanut Butter Flavour,2026-09-16T17:42:53Z,2026-09-16T17:42:53Z
9350181006119,Protein Supplies Australia Premium Grass Fed Whey,2026-09-16T17:42:53Z,2026-09-16T17:42:53Z
9350181006355,Botanika Blends Plant Protein - Neapolitan Wiz flavour,2026-09-16T17:42:53Z,2026-09-16T17:42:53Z
9350181006379,Botanika Blends Bubble O'Wiz Plant Protein,2026-09-16T17:42:53Z,2026-09-16T17:42:53Z
9350181006409,Protein Supplies PHGG Fibre,2026-09-16T17:42:53Z,2026-09-16T17:42:53Z
9350181008656,Protein Supplies Australia Bioactive Collagen Peptides,2026-09-16T17:42:53Z,2026-09-16T17:42:53Z
9350181008663,Protein Supplies Australia Vanilla Collagen Peptides,2026-09-16T17:42:53Z,2026-09-16T17:42:53Z
9350181009684,Protein Supplies Australia Protein Water - Raspberry flavour,2026-09-16T17:42:53Z,2026-09-16T17:42:53Z
9350181009929,Protein Supplies Australia Protein Water,2026-09-16T17:42:53Z,2026-09-16T17:42:53Z
9350181009950,Protein Supplies Australia Protein Water Tropical Punch,2026-09-16T17:42:53Z,2026-09-16T17:42:53Z
9350181009967,Protein Supplies Australia Protein Water,2026-09-16T17:42:53Z,2026-09-16T17:42:53Z
9350203000149,Up the combi,2026-09-16T17:42:53Z,2026-09-16T17:42:53Z
9350203000156,Bruno’s Up The Combi Ginger And Lemon Apple Cider Vinegar Drink,2026-09-16T17:42:53Z,2026-09-16T17:42:53Z
9350207002187,Vodka+,2026-09-16T17:42:53Z,2026-09-16T17:42:53Z
9350226001192,Our Cow Australian Ocean King Prawns,2026-09-16T17:42:53Z,2026-09-16T17:42:53Z
9350239000014,Hot sauce - Garlic,2026-09-16T17:42:53Z,2026-09-16T17:42:53Z
9350239000038,Grumpy Gary's Mango Hot Sauce,2026-09-16T17:42:53Z,2026-09-16T17:42:53Z
9350239000045,Hot Sauce Mint,2026-09-16T17:42:53Z,2026-09-16T17:42:53Z
9350239000137,Teriyaki Sauce,2026-09-16T17:42:53Z,2026-09-16T17:42:53Z
9350239000144,Grumpy Gary’s Gar-Lick 220 g,2026-09-16T17:42:53Z,2026-09-16T17:42:53Z
9350247000013,Bentspoke Brewing Co Crankshaft Cranking IPA 375ml,2026-09-16T17:42:53Z,2026-09-16T17:42:53Z
9350247001706,Bent Spoke Straightforward Beer Can,2026-09-16T17:42:53Z,2026-09-16T17:42:53Z
9350247001904,Bentspoke Freewheeler,2026-09-16T17:42:53Z,2026-09-16T17:42:53Z
9350247002888,BentSpoke Brewing Co. Half Cranked Session IPA,2026-09-16T17:42:53Z,2026-09-16T17:42:53Z
9350270010850,Pate a tartiner,2026-09-16T17:42:53Z,2026-09-16T17:42:53Z
9350271000003,remedy organic kombucha ginger and lemon 750ml,2026-09-16T17:42:53Z,2026-09-16T17:42:53Z
9350271000027,REMEDY KOMBUCHA GINGER LEMON 330ML,2026-09-16T17:42:53Z,2026-09-17T13:43:43Z
9350271000034,Remedy Organic kombucha ginger lemon,2026-09-16T17:42:53Z,2026-09-16T17:42:53Z
9350271000041,Remedy kombucha Organic Kombucha 330 ml,2026-09-16T17:42:53Z,2026-09-16T17:42:53Z
9350271000058,Remedy Kombucha Organic kombucha drink,2026-09-16T17:42:53Z,2026-09-16T17:42:53Z
9350271000065,Remedy Organic Kombucha Apple Crisp,2026-09-16T17:42:53Z,2026-09-16T17:42:53Z
9350271000072,Remedy Kombucha Organic Kombucha Apple Crisp 750 ml,2026-09-16T17:42:53Z,2026-09-16T17:42:53Z
9350271000089,Remedy Organic Kombucha Raspberry Lemonade 330ml,2026-09-16T17:42:53Z,2026-09-16T17:42:53Z
9350271000096,Remedy Kombucha Raspberry Lemonade 750 ml,2026-09-16T17:42:53Z,2026-09-16T17:42:53Z
9350271000102,Remedy Organic Kombucha ginger lemon 250ml,2026-09-16T17:42:53Z,2026-09-16T17:42:53Z
9350271000119,Remedy Kombucha 250ml,2026-09-16T17:42:53Z,2026-09-16T17:42:53Z
9350271000126,Remedy Organic Kombucha Raspberry Lemonade 250 ml,2026-09-16T17:42:53Z,2026-09-16T17:42:53Z
9350271000157,Remedy Kombucha ginger lemon,2026-09-16T17:42:53Z,2026-09-16T17:42:53Z
9350271000164,Remedy kombucha 700 ml,2026-09-16T17:42:53Z,2026-09-16T17:42:53Z
9350271000218,Remedy Organic Kombucha - Raspberry Lemonade,2026-09-16T17:42:53Z,2026-09-16T17:42:53Z
9350271000225,Remedy Organic Raspberry Lemonade Kombucha 700 mL,2026-09-16T17:42:53Z,2026-09-16T17:42:53Z
9350271000256,Remedy Organic Kombucha Cherry Plum,2026-09-16T17:42:53Z,2026-09-16T17:42:53Z
9350271000263,Organic Kombucha Cherry Plum,2026-09-16T17:42:53Z,2026-09-16T17:42:53Z
9350271000270,Coconut water kefir,2026-09-16T17:42:53Z,2026-09-16T17:42:53Z
9350271000294,Coconut Water Kefir,2026-09-16T17:42:53Z,2026-09-16T17:42:53Z
9350271000386,Remedy Organic Kombucha Raspberry Lemonade,2026-09-16T17:42:53Z,2026-09-16T17:42:53Z
9350271000393,Kombucha 4 x 250 ml,2026-09-16T17:42:53Z,2026-09-16T17:42:53Z
9350271000409,Apple Crisp Organic Kombucha 4 x 250 ml,2026-09-16T17:42:53Z,2026-09-16T17:42:53Z
9350271000423,Cherry plum kombucha,2026-09-16T17:42:53Z,2026-09-16T17:42:53Z
9350271000461,Remedy Organic Kombucha Lemon Lime & Mint,2026-09-16T17:42:53Z,2026-09-16T17:42:53Z
9350271000492,Remedy Kombucha Kombucha - Lemon Lime and Mint,2026-09-16T17:42:53Z,2026-09-16T17:42:53Z
9350271000508,Organic kombucha,2026-09-16T17:42:53Z,2026-09-16T17:42:53Z
9350271000546,REMEDY KOMBUCHA PEACH 330ML,2026-09-16T17:42:53Z,2026-09-17T13:43:43Z
9350271000584,Kombucha,2026-09-16T17:42:53Z,2026-09-16T17:42:53Z
9350271000591,Remedy Blood Orange switchel 330ml,2026-09-16T17:42:53Z,2026-09-16T17:42:53Z
9350271000652,Remedy Organic kombucha,2026-09-16T17:42:53Z,2026-09-16T17:42:53Z
9350271000669,Remedy Kombucha,2026-09-16T17:42:53Z,2026-09-16T17:42:53Z
9350271000720,Remedy Kombucha Organic Kombucha - Peach 1.25L,2026-09-16T17:42:53Z,2026-09-16T17:42:53Z
9350271000737,Remedy Organic Kombucha Ginger Lemon,2026-09-16T17:42:53Z,2026-09-16T17:42:53Z
9350271000744,Remedy Organic Switchel Blood Orange,2026-09-16T17:42:53Z,2026-09-16T17:42:53Z
9350271000775,Remedy Coffee Kombucha,2026-09-16T17:42:53Z,2026-09-16T17:42:53Z
9350271000928,Remedy,2026-09-16T17:42:53Z,2026-09-16T17:42:53Z
9350271000935,Remedy Blood Orange Switchel 4 x 250 ml,2026-09-16T17:42:53Z,2026-09-16T17:42:53Z
9350271000959,Remedy Tepache,2026-09-16T17:42:53Z,2026-09-16T17:42:53Z
9350271000980,Organic Kombucha Cola,2026-09-16T17:42:53Z,2026-09-16T17:42:53Z
9350271000997,Remedy Lemon lime & bitters,2026-09-16T17:42:53Z,2026-09-16T17:42:53Z
9350271001086,Ginger beer,2026-09-16T17:42:53Z,2026-09-16T17:42:53Z
9350271001123,Blood orange,2026-09-16T17:42:53Z,2026-09-16T17:42:53Z
9350271001130,Kombucha,2026-09-16T17:42:53Z,2026-09-16T17:42:53Z
9350271001154,Organic Kombucha No Sugar,2026-09-16T17:42:53Z,2026-09-16T17:42:53Z
9350271001161,Kombucha,2026-09-16T17:42:53Z,2026-09-16T17:42:53Z
9350271001178,Organic Kombucha,2026-09-16T17:42:53Z,2026-09-16T17:42:53Z
9350271001185,Lemon Lime and Mint Kombucha,2026-09-16T17:42:53Z,2026-09-16T17:42:53Z
9350271001192,Remedy Peach Kombucha 250ml,2026-09-16T17:42:53Z,2026-09-16T17:42:53Z
9350271001208,Remedy Organic Kombucha Raspery Lemonade 250 mL,2026-09-16T17:42:53Z,2026-09-16T17:42:53Z
9350271001277,REMEDY KOMBUCHA PASSION FRUIT 330ML,2026-09-16T17:42:53Z,2026-09-17T13:43:43Z
9350271001284,Organic kombucha peach,2026-09-16T17:42:53Z,2026-09-16T17:42:53Z
9350271001307,Remedy Kombucha,2026-09-16T17:42:53Z,2026-09-16T17:42:53Z
9350271001413,Coconut water kefir,2026-09-16T17:42:53Z,2026-09-16T17:42:53Z
9350271001420,Remedy Coconut water kefir,2026-09-16T17:42:53Z,2026-09-16T17:42:53Z
9350271001666,Cola,2026-09-16T17:42:53Z,2026-09-16T17:42:53Z
9350271001758,Remedy Kombucha Ginger Lemon,2026-09-16T17:42:53Z,2026-09-16T17:42:53Z
9350271001765,Remedy Kambucha Pomegranate,2026-09-16T17:42:53Z,2026-09-16T17:42:53Z
9350271001772,Remedy Kombucha Peach,2026-09-16T17:42:53Z,2026-09-16T17:42:53Z
9350271001789,Remedy Kombucha Raspberry Lemonade,2026-09-16T17:42:53Z,2026-09-16T17:42:53Z
9350271001802,Kombucha cerise et prune 4 x 330 ml,2026-09-16T17:42:53Z,2026-09-16T17:42:53Z
9350271001826,Kombucha,2026-09-16T17:42:53Z,2026-09-16T17:42:53Z
9350271001840,Kombucha,2026-09-16T17:42:53Z,2026-09-16T17:42:53Z
9350271001857,Kambucha,2026-09-16T17:42:53Z,2026-09-16T17:42:53Z
9350271001864,Kombucha,2026-09-16T17:42:53Z,2026-09-16T17:42:53Z
9350271001871,Remedy Organic Kombucha Mango Passion 750ml,2026-09-16T17:42:53Z,2026-09-16T17:42:53Z
9350271001888,Remedy Blood Orange Switchel ACV,2026-09-16T17:42:53Z,2026-09-16T17:42:53Z
9350271001925,Remedy,2026-09-16T17:42:53Z,2026-09-16T17:42:53Z
9350271002007,Remedy Kombucha,2026-09-16T17:42:53Z,2026-09-16T17:42:53Z
9350271002014,Remedy Kombucha 330ml,2026-09-16T17:42:53Z,2026-09-16T17:42:53Z
9350271002021,Remedy Kombucha Raspberry Lemonade,2026-09-16T17:42:53Z,2026-09-16T17:42:53Z
9350271002038,Remedy Kombucha,2026-09-16T17:42:53Z,2026-09-16T17:42:53Z
9350271002045,Remedy Ginger Lemon Kombucha,2026-09-16T17:42:53Z,2026-09-16T17:42:53Z
9350271002052,Remedy Raspberry Lemonade Kombucha,2026-09-16T17:42:53Z,2026-09-16T17:42:53Z
9350271002076,Kombucha Apple,2026-09-16T17:42:53Z,2026-09-16T17:42:53Z
9350271002083,Kombucha,2026-09-16T17:42:53Z,2026-09-16T17:42:53Z
9350271002090,Kombucha passionfruit,2026-09-16T17:42:53Z,2026-09-16T17:42:53Z
9350271002106,Remedy Organic Kombucha - Passionfruit,2026-09-16T17:42:53Z,2026-09-16T17:42:53Z
9350271002113,Remedy Organic kombucha,2026-09-16T17:42:53Z,2026-09-16T17:42:53Z
9350271002120,Remedy Organic Kombucha 750ml,2026-09-16T17:42:53Z,2026-09-16T17:42:53Z
9350271002137,Remedy Passionfruit,2026-09-16T17:42:53Z,2026-09-16T17:42:53Z
9350271002151,Remedy Kombucha Wild Berry,2026-09-16T17:42:53Z,2026-09-16T17:42:53Z
9350271002168,Remedy Kombucha Mango Passion,2026-09-16T17:42:53Z,2026-09-16T17:42:53Z
9350271002182,Remedy Organic ACV BO,2026-09-16T17:42:53Z,2026-09-16T17:42:53Z
9350271002205,Kombucha,2026-09-16T17:42:53Z,2026-09-16T17:42:53Z
9350271002212,Kombucha,2026-09-16T17:42:53Z,2026-09-16T17:42:53Z
9350271002229,Kombucha Mango Passion 4 x 330 ml,2026-09-16T17:42:53Z,2026-09-16T17:42:53Z
9350271002274,Kombucha passionfruit,2026-09-16T17:42:53Z,2026-09-16T17:42:53Z
9350271002281,Pineapple Switchel acv,2026-09-16T17:42:53Z,2026-09-16T17:42:53Z
9350271002298,Pink lady apple kombucha,2026-09-16T17:42:53Z,2026-09-16T17:42:53Z
9350271002304,Remedy Organic Kombucha Wild Berry,2026-09-16T17:42:53Z,2026-09-16T17:42:53Z
9350271002311,Remedy Organic Kombucha Wild Berry,2026-09-16T17:42:53Z,2026-09-16T17:42:53Z
9350271002335,Remedy Organic Kombucha Mango Passion,2026-09-16T17:42:53Z,2026-09-16T17:42:53Z
9350271002342,Kombucha Mango passion 4 250mL,2026-09-16T17:42:53Z,2026-09-16T17:42:53Z
9350271002359,Remedy Kombucha Passionfruit,2026-09-16T17:42:53Z,2026-09-16T17:42:53Z
9350271002366,Organic Kombucha,2026-09-16T17:42:53Z,2026-09-16T17:42:53Z
9350271002403,Remedy Organic Kombucha,2026-09-16T17:42:53Z,2026-09-16T17:42:53Z
9350271002410,Remedy Immune 60 ml,2026-09-16T17:42:53Z,2026-09-16T17:42:53Z
9350271002427,Remedy Digestion with Prebiotics,2026-09-16T17:42:53Z,2026-09-16T17:42:53Z
9350271002434,Remedy Energy shot berry 60 ml,2026-09-16T17:42:53Z,2026-09-16T17:42:53Z
9350271002595,Remedy Mango Passion Kombucha 330ml,2026-09-16T17:42:53Z,2026-09-16T17:42:53Z
9350271002601,Remedy Kombucha 330ml,2026-09-16T17:42:53Z,2026-09-16T17:42:53Z
9350271002625,kombucha,2026-09-16T17:42:53Z,2026-09-16T17:42:53Z
9350271002632,Remedy Kombucha 4 x 330 ml,2026-09-16T17:42:53Z,2026-09-16T17:42:53Z
9350271002649,Remedy Kombucha,2026-09-16T17:42:53Z,2026-09-16T17:42:53Z
9350271002656,Kombucha,2026-09-16T17:42:53Z,2026-09-16T17:42:53Z
9350271002663,Remedy Organic Wild Berry Kombucha 700 mL,2026-09-16T17:42:53Z,2026-09-16T17:42:53Z
9350271002670,Remedy Kombucha Ginger Lemon 70 cl,2026-09-16T17:42:53Z,2026-09-16T17:42:53Z
9350271002687,Kombucha Raspberry Lemonade,2026-09-16T17:42:53Z,2026-09-16T17:42:53Z
9350271002694,Remedy Kombucha pêche,2026-09-16T17:42:53Z,2026-09-16T17:42:53Z
9350271002731,Switchel,2026-09-16T17:42:53Z,2026-09-16T17:42:53Z
9350271002762,Remedy Kombucha,2026-09-16T17:42:53Z,2026-09-16T17:42:53Z
9350271002809,Remedy Kick Energy Drink - Blackberry 250 ml,2026-09-16T17:42:53Z,2026-09-16T17:42:53Z
9350271002816,Kick Mango Pineapple Kombucha Based Energy Drink,2026-09-16T17:42:53Z,2026-09-16T17:42:53Z
9350271002847,Jnr Berry Blast Kombucha,2026-09-16T17:42:53Z,2026-09-16T17:42:53Z
9350271002854,Jnr Tropical Tango Kombucha,2026-09-16T17:42:53Z,2026-09-16T17:42:53Z
9350271002861,Remedy Kombucha,2026-09-16T17:42:53Z,2026-09-16T17:42:53Z
9350271002878,Remedy Lemon Lime Switchel ACV Live Cultured,2026-09-16T17:42:53Z,2026-09-16T17:42:53Z
9350271002908,Remedy Kombucha Raspberry Lemonade,2026-09-16T17:42:53Z,2026-09-16T17:42:53Z
9350271002915,remedy Kombucha no sugar -ginger lemon 1 litre,2026-09-16T17:42:53Z,2026-09-16T17:42:53Z
9350271002960,Remedy Organic Kombucha Ginger Beer,2026-09-16T17:42:53Z,2026-09-16T17:42:53Z
9350271002977,ginger beer,2026-09-16T17:42:53Z,2026-09-16T17:42:53Z
9350271002984,Remedy Organic Kombucha Orange Squeeze,2026-09-16T17:42:53Z,2026-09-16T17:42:53Z
9350271002991,Silvia,2026-09-16T17:42:53Z,2026-09-16T17:42:53Z
9350271003097,Cola kombucha,2026-09-16T17:42:53Z,2026-09-16T17:42:53Z
9350271003103,Kombucha cola 4 x 330 ml,2026-09-16T17:42:53Z,2026-09-16T17:42:53Z
9350271003110,Blackberry,2026-09-16T17:42:53Z,2026-09-16T17:42:53Z
9350271003127,Remedy energy,2026-09-16T17:42:53Z,2026-09-16T17:42:53Z
9350271003134,Sodaly,2026-09-16T17:42:53Z,2026-09-16T17:42:53Z
9350271003141,Lemon Squash Sodaly,2026-09-16T17:42:53Z,2026-09-16T17:42:53Z
9350271003158,Remedy Sodaly Raspberry Prebiotic Soda,2026-09-16T17:42:53Z,2026-09-16T17:42:53Z
9350271003165,Sodaly Raspberry,2026-09-16T17:42:53Z,2026-09-16T17:42:53Z
9350271003172,Orange Sodaly,2026-09-16T17:42:53Z,2026-09-16T17:42:53Z
9350271003189,Orange soda - Remedy,2026-09-16T17:42:53Z,2026-09-16T17:42:53Z
9350271003196,Remedy Sodaly Passionfruit Prebiotic Soft Drink 250 ml,2026-09-16T17:42:53Z,2026-09-16T17:42:53Z
9350271003202,Remedy Sodaly Passionfruit Prebiotic Soft Drink,2026-09-16T17:42:53Z,2026-09-16T17:42:53Z
9350271003219,Remedy Sodaly Guava 250 ml,2026-09-16T17:42:53Z,2026-09-16T17:42:53Z
9350271003226,Sodarly 4 x 250 ml,2026-09-16T17:42:53Z,2026-09-16T17:42:53Z
9350271003233,"Sodaly Lemon, Lime & Bitters",2026-09-16T17:42:53Z,2026-09-16T17:42:53Z
9350271003240,"Lemon, Lime &Bitters 4 x 250 ml",2026-09-16T17:42:53Z,2026-09-16T17:42:53Z
9350271003288,Remedy Kombucha 700ml,2026-09-16T17:42:53Z,2026-09-16T17:42:53Z
9350271003295,Kombucha,2026-09-16T17:42:53Z,2026-09-16T17:42:53Z
9350271003332,Remedy Organic Kombucha Orange Squeeze 330 mL,2026-09-16T17:42:53Z,2026-09-16T17:42:53Z
9350271003349,Pineapple ASwitchel ACV,2026-09-16T17:42:53Z,2026-09-16T17:42:53Z
9350271003356,Organic Kombucha,2026-09-16T17:42:53Z,2026-09-16T17:42:53Z
9350271003363,Kombucha,2026-09-16T17:42:53Z,2026-09-16T17:42:53Z
9350271003424,Kick Lemon Lime Kombucha Based Energy Drink,2026-09-16T17:42:53Z,2026-09-16T17:42:53Z
9350271003561,Remedy Orange Squeeze 330ml,2026-09-16T17:42:53Z,2026-09-16T17:42:53Z
9350271003585,Energy,2026-09-16T17:42:53Z,2026-09-16T17:42:53Z
9350271003639,Kombucha pink grapefruit 750mL,2026-09-16T17:42:53Z,2026-09-16T17:42:53Z
9350271003684,Remedy Raspberry Sodaly,2026-09-16T17:42:53Z,2026-09-16T17:42:53Z
9350271003691,Remedy Sodaly Passionfruit Prebiotic Soda,2026-09-16T17:42:53Z,2026-09-16T17:42:53Z
9350271003707,Remedy Sodaly Guava Prebiotic Soft Drink 330ml,2026-09-16T17:42:53Z,2026-09-16T17:42:53Z
9350271003769,Remedy Sodaly Blood Orange 250ml,2026-09-16T17:42:53Z,2026-09-16T17:42:53Z
9350271003776,Sodaly Blood Orange 4 x 250ml,2026-09-16T17:42:53Z,2026-09-16T17:42:53Z
9350271003806,Spiced Pear Kombucha,2026-09-16T17:42:53Z,2026-09-16T17:42:53Z
9350271003820,energy berry blast 330ml,2026-09-16T17:42:53Z,2026-09-16T17:42:53Z
9350271003882,Remedy Sodaly Pineapple,2026-09-16T17:42:53Z,2026-09-16T17:42:53Z
9350271003899,Remedy Watermelon Sodaly,2026-09-16T17:42:53Z,2026-09-16T17:42:53Z
9350271004407,Sola Raspberry No Sugar,2026-09-16T17:42:53Z,2026-09-16T17:42:53Z
9350271004605,Remedy Organic Kombucha Pink Grapefruit,2026-09-16T17:42:53Z,2026-09-16T17:42:53Z
9350271004629,Remedy Organic Kombucha Ginger Lemon,2026-09-16T17:42:53Z,2026-09-16T17:42:53Z
9350271004636,Remedy Kombucha,2026-09-16T17:42:53Z,2026-09-16T17:42:53Z
9350271004643,Remedy Kombucha Mango Passion,2026-09-16T17:42:53Z,2026-09-16T17:42:53Z
9350271004667,Remedy Organic Kombucha Peach,2026-09-16T17:42:53Z,2026-09-16T17:42:53Z
9350271004674,remedy kombucha,2026-09-16T17:42:53Z,2026-09-16T17:42:53Z
9350271004704,Remedy Wild Berry No Sugar Kombucha,2026-09-16T17:42:53Z,2026-09-16T17:42:53Z
9350271004780,Remedy Organic Kombucha Lemonade 250 mL,2026-09-16T17:42:53Z,2026-09-16T17:42:53Z
9350271004797,Remedy Organic Kombucha No Sugar Pineapple Lime,2026-09-16T17:42:53Z,2026-09-16T17:42:53Z
9350271004803,Remedy Pineapple Lime,2026-09-16T17:42:53Z,2026-09-16T17:42:53Z
9350271004810,Remedy Organic Kombucha Black Cherry,2026-09-16T17:42:53Z,2026-09-16T17:42:53Z
9350271004858,Remedy Kombucha Lemonade,2026-09-16T17:42:53Z,2026-09-16T17:42:53Z
9350271004865,Remedy Sodaly Yuzu Lemon,2026-09-16T17:42:53Z,2026-09-16T17:42:53Z
9350271004872,Remedy Sodaly Yuzu Lemon 4 x 250ml,2026-09-16T17:42:53Z,2026-09-16T17:42:53Z
9350271004889,Remedy Pineapple Sodaly,2026-09-16T17:42:53Z,2026-09-16T17:42:53Z
9350271004933,Sodaly Blood Orange,2026-09-16T17:42:53Z,2026-09-16T17:42:53Z
9350271004940,Remedy Lemon Squash Sodaly 330ml,2026-09-16T17:42:53Z,2026-09-16T17:42:53Z
9350271005015,Remedy Kombucha,2026-09-16T17:42:53Z,2026-09-16T17:42:53Z
9350271005039,Remedy LYCHEE & STRAWBERRY KOMBUCHA,2026-09-16T17:42:53Z,2026-09-16T17:42:53Z
9350271005060,Remedy Kombucha Wild Berry 250 ml,2026-09-16T17:42:53Z,2026-09-16T17:42:53Z
9350271005077,Kombucha Peach 250ml,2026-09-16T17:42:53Z,2026-09-16T17:42:53Z
9350271005107,Remedy Ginger Beer,2026-09-16T17:42:53Z,2026-09-16T17:42:53Z
9350271005121,Remedy Ginger Beer With Lime,2026-09-16T17:42:53Z,2026-09-16T17:42:53Z
9350271005138,Remedy Authentically Brewed Ginger Beer,2026-09-16T17:42:53Z,2026-09-16T17:42:53Z
9350271005145,Remedy Ginger Beer With Lime,2026-09-16T17:42:53Z,2026-09-16T17:42:53Z
9350271005152,Remedy Sodaly Raspberry,2026-09-16T17:42:53Z,2026-09-16T17:42:53Z
9350271005169,Yuzu Lemon Sodaly,2026-09-16T17:42:53Z,2026-09-16T17:42:53Z
9350271005176,Sodaly Blood Orange 1.25L,2026-09-16T17:42:53Z,2026-09-16T17:42:53Z
9350271005220,Resource Rova mixed berry,2026-09-16T17:42:53Z,2026-09-16T17:42:53Z
9350271005237,Remedy Small Batch Kombucha Pomegranate & Cherry,2026-09-16T17:42:53Z,2026-09-16T17:42:53Z
9350271005442,Remedy org Kombucha BLK cherry 700ml,2026-09-16T17:42:53Z,2026-09-16T17:42:53Z
9350271005589,Remedy Sodaly Tropical,2026-09-16T17:42:53Z,2026-09-16T17:42:53Z
9350290000299,Biosota,2026-09-16T17:42:53Z,2026-09-16T17:42:53Z
9350290000336,Boisota honey,2026-09-16T17:42:53Z,2026-09-16T17:42:53Z
9350290000749,Australian Manuka Honey 12 g,2026-09-16T17:42:53Z,2026-09-16T17:42:53Z
9350290000909,Australian Manuka Honey,2026-09-16T17:42:53Z,2026-09-16T17:42:53Z
9350290000923,Australian Manuka Honey,2026-09-16T17:42:53Z,2026-09-16T17:42:53Z
9350290000947,Australian Manuka Honey,2026-09-16T17:42:53Z,2026-09-16T17:42:53Z
9350290000985,Australian Manuka Honey 14 oz,2026-09-16T17:42:53Z,2026-09-16T17:42:53Z
9350290001609,Biosota Manuka Honey,2026-09-16T17:42:53Z,2026-09-16T17:42:53Z
9350290001630,Manuka honey,2026-09-16T17:42:53Z,2026-09-16T17:42:53Z
9350291000274,Collagen tea,2026-09-16T17:42:53Z,2026-09-16T17:42:53Z
9350291000328,Collagen tea,2026-09-16T17:42:53Z,2026-09-16T17:42:53Z
9350297015081,Fizz Stick,2026-09-16T17:42:53Z,2026-09-16T17:42:53Z
9350299005851,IRON Melts,2026-09-16T17:42:53Z,2026-09-16T17:42:53Z
9350299006445,Chemists' Own - day + night: cold & flu relief PE,2026-09-16T17:42:53Z,2026-09-16T17:42:53Z
9350299008890,Protein mug cake,2026-09-16T17:42:53Z,2026-09-16T17:42:53Z
9350299011104,Gym Meals Direct Beef Tagine,2026-09-16T17:42:53Z,2026-09-16T17:42:53Z
9350299011753,28 Go Go Bar Tripe Choc Protein,2026-09-16T17:42:53Z,2026-09-16T17:42:53Z
9350299011760,Go bar tiramisu protein bar,2026-09-16T17:42:53Z,2026-09-16T17:42:53Z
9350299011777,Go Bar Caramel Choc Protein,2026-09-16T17:42:53Z,2026-09-16T17:42:53Z
9350299011791,28Go Protein with Probiotics Powder Chocolate Flavour 350 g,2026-09-16T17:42:53Z,2026-09-16T17:42:53Z
9350299011807,28 go Protein with probiotics powder vanilla,2026-09-16T17:42:53Z,2026-09-16T17:42:53Z
9350299011814,28Go Protein with Collagen Powder Vanilla Flavour 350 g,2026-09-16T17:42:53Z,2026-09-16T17:42:53Z
9350299011845,28 GO Daily Protein Collagen Water - Watermelon flavour,2026-09-16T17:42:53Z,2026-09-16T17:42:53Z
9350299011852,28Go Daily Protein Collagen Water,2026-09-16T17:42:53Z,2026-09-16T17:42:53Z
9350299011869,28 go Protein hot choc,2026-09-16T17:42:53Z,2026-09-16T17:42:53Z
9350299011876,28go Banana Bread Dry Mix,2026-09-16T17:42:53Z,2026-09-16T17:42:53Z
9350299011883,Protein pancake mix vanilla flavor,2026-09-16T17:42:53Z,2026-09-16T17:42:53Z
9350299011890,28 Go Protein Mug Cake,2026-09-16T17:42:53Z,2026-09-16T17:42:53Z
9350299012675,28GO Go Bar - Honeycomb,2026-09-16T17:42:53Z,2026-09-16T17:42:53Z
9350299012682,28GO Go Bar - Cookies & Cream,2026-09-16T17:42:53Z,2026-09-16T17:42:53Z
9350299012699,28 Go Salted Caramel,2026-09-16T17:42:53Z,2026-09-16T17:42:53Z
9350299012712,28GO Protein with Probiotics Powder Chocolate Flavour,2026-09-16T17:42:53Z,2026-09-16T17:42:53Z
9350299012729,28GO Protein with Collagen Powder Vanilla Flavour,2026-09-16T17:42:53Z,2026-09-16T17:42:53Z
9350299012743,28GO Protein Plant Powered Powder,2026-09-16T17:42:53Z,2026-09-16T17:42:53Z
9350299012866,Protein shake,2026-09-16T17:42:53Z,2026-09-16T17:42:53Z
9350299014761,28 plus Protein + Collagen Vanilla Flavour,2026-09-16T17:42:53Z,2026-09-16T17:42:53Z
9350315000068,Premium sorbet absolute lychee,2026-09-16T17:42:53Z,2026-09-16T17:42:53Z
9350327000162,Beef Cottage Pie 220 g,2026-09-16T17:42:53Z,2026-09-16T17:42:53Z
9350327000193,coco & lucas' KITCHEN mild butter chicken & basmati rice,2026-09-16T17:42:53Z,2026-09-16T17:42:53Z
9350327000223,coco & lucas kitchen coco and lucas spaghetti bolognese 220g,2026-09-16T17:42:53Z,2026-09-16T17:42:53Z
9350327000452,Beefless Patties sweet potato mash and veggies,2026-09-16T17:42:53Z,2026-09-16T17:42:53Z
9350327000469,EARTH RANGE BEEFLS CURY PUFFS 250G,2026-09-17T13:43:43Z,2026-09-17T13:43:43Z
9350327000483,Chickenless Money Bagd 250 g,2026-09-16T17:42:53Z,2026-09-16T17:42:53Z
9350327000490,EARTH RANGE CKNLESS CHESE BLS 250G,2026-09-16T17:42:53Z,2026-09-17T13:43:43Z
9350327000506,Chikenless crumbed bites 250 g,2026-09-16T17:42:53Z,2026-09-16T17:42:53Z
9350327000520,EARTH RANGE SPAGHETTI VEGIE 350G,2026-09-16T17:42:53Z,2026-09-17T13:43:43Z
9350327000537,Butter chickenless and basmati rice,2026-09-16T17:42:53Z,2026-09-16T17:42:53Z
9350327000551,EARTH RANGE MEATLESS LASAGNE 350G,2026-09-17T13:43:43Z,2026-09-17T13:43:43Z
9350327000568,Meatless Cottage Pie 350 g,2026-09-16T17:42:53Z,2026-09-16T17:42:53Z
9350327000575,EARTH RANGE MEAT FREE SAUSGS 300G,2026-09-16T17:42:53Z,2026-09-17T13:43:43Z
9350327000582,Earth Meatless Mince 350 g,2026-09-16T17:42:53Z,2026-09-16T17:42:53Z
9350327000599,Earth Chicken less schnitzel 300 g,2026-09-16T17:42:53Z,2026-09-16T17:42:53Z
9350327000605,Earth Fishless Fingers 300 g,2026-09-16T17:42:53Z,2026-09-16T17:42:53Z
9350327000612,"Earth Chickenless Satay, Veggies and Rice 350 g",2026-09-16T17:42:53Z,2026-09-16T17:42:53Z
9350327000674,Beef bulgogi with jasmine rice,2026-09-16T17:42:53Z,2026-09-16T17:42:53Z
9350327000681,Imperial Fried Rice,2026-09-16T17:42:53Z,2026-09-16T17:42:53Z
9350327000711,Coco & Lucas' Pad See Ew,2026-09-16T17:42:53Z,2026-09-16T17:42:53Z
9350327000773,EARTH RANGE PLNT BASE TOFU 350G,2026-09-16T17:42:53Z,2026-09-17T13:43:43Z
9350327000780,EARTH RANGE HONEY SOY TENDERS 300G,2026-09-17T13:43:43Z,2026-09-17T13:43:43Z
9350327000803,Spaghetti bolognese 270 g,2026-09-16T17:42:53Z,2026-09-16T17:42:53Z
9350327000810,Mild butter chicken 270 g,2026-09-16T17:42:53Z,2026-09-16T17:42:53Z
9350327000827,Beef Lasagne 270 g,2026-09-16T17:42:53Z,2026-09-16T17:42:53Z
9350327000995,Coco & Lucas Wonton Noodle Meal For 2,2026-09-16T17:42:53Z,2026-09-16T17:42:53Z
9350327001015,Coco & Lucas’ Kitchen Chicken Laksa,2026-09-16T17:42:53Z,2026-09-16T17:42:53Z
9350327001039,Coco & Lucas Gluten free spaghetti bolognese,2026-09-16T17:42:53Z,2026-09-16T17:42:53Z
9350327001053,coco & lucas' kitchen Mild Butter Chicken with basmati rice,2026-09-16T17:42:53Z,2026-09-16T17:42:53Z
9350327001084,coco & lucas' KITCHEN GLUTEN FREE CHICKEN FRIED RICE 350 g,2026-09-16T17:42:53Z,2026-09-16T17:42:53Z
9350327001107,Coco &Lucas's Chicken Fried Rice 220 g,2026-09-16T17:42:53Z,2026-09-16T17:42:53Z
9350327001114,Coco & Lucas Gluten Free Mac And Cheese,2026-09-16T17:42:53Z,2026-09-16T17:42:53Z
9350327001121,Coco And Lucas Massaman Beef Curry,2026-09-16T17:42:53Z,2026-09-16T17:42:53Z
9350327001138,Coco & Lucas thai red curry,2026-09-16T17:42:53Z,2026-09-16T17:42:53Z
9350327001190,Auntie 6 Honey Soy Ginger Chicken,2026-09-16T17:42:53Z,2026-09-16T17:42:53Z
9350327001350,earth Korean Japchae Noodles 300 g,2026-09-16T17:42:53Z,2026-09-16T17:42:53Z
9350327001367,Earth Creamy Basil Pesto Tortellini,2026-09-16T17:42:53Z,2026-09-16T17:42:53Z
9350327001374,Coco & Lucas's Kitchen Bacon Mac & Cheese 350 g,2026-09-16T17:42:53Z,2026-09-16T17:42:53Z
9350327001381,Coco & Lucas Singapore Noodles,2026-09-16T17:42:53Z,2026-09-16T17:42:53Z
9350327001398,Coco & Lucas Gluten Free Baked Lasagne,2026-09-16T17:42:53Z,2026-09-16T17:42:53Z
9350327001404,Earth Coon N Create Plant Based Mince,2026-09-16T17:42:53Z,2026-09-16T17:42:53Z
9350334000056,"Little Creek Marinated Salad Cheese Chilli, Basil & Garlic",2026-09-16T17:42:53Z,2026-09-16T17:42:53Z
9350334000513,Little Creek Fromage Honey,2026-09-16T17:42:53Z,2026-09-16T17:42:53Z
9350336000023,Riviera Farms Simply Sophisticated Gourmet Salad Mix,2026-09-16T17:42:53Z,2026-09-16T17:42:53Z
9350336000122,Liviera Mix salad,2026-09-16T17:42:53Z,2026-09-16T17:42:53Z
9350348000042,bodsquad muesli,2026-09-16T17:42:53Z,2026-09-16T17:42:53Z
9350348000103,The muesli,2026-09-16T17:42:53Z,2026-09-16T17:42:53Z
9350363000751,Organic toddler formula,2026-09-16T17:42:53Z,2026-09-16T17:42:53Z
9350373000291,Cider,2026-09-16T17:42:53Z,2026-09-16T17:42:53Z
9350373000734,Willie Smith’s Tasmanian Non-Alc Apple Cider,2026-09-16T17:42:53Z,2026-09-16T17:42:53Z
9350373000802,Willie Smith’s Tasmanian Non-Alc Apple Cider,2026-09-16T17:42:53Z,2026-09-16T17:42:53Z
9350376000007,Bref Power Active Lemon Toilet Cleaner Block 50g 50 g,2026-09-16T17:42:53Z,2026-09-16T17:42:53Z
9350376000021,Bref Power Active Flower Toilet Cleaner Block 50g 50 g,2026-09-16T17:42:53Z,2026-09-16T17:42:53Z
9350376000717,SARD OXY PLUS EUCALYPTUS 1KG,2026-09-16T17:42:53Z,2026-09-16T17:42:53Z
9350376000731,Sard Ultra White 1kg 1 kg,2026-09-16T17:42:53Z,2026-09-16T17:42:53Z
9350376000786,Sard Wonder Stain Remover 1.8kg 1.8000000000000000444089209850062616169452667236328125 kg,2026-09-16T17:42:53Z,2026-09-16T17:42:53Z
9350376001769,Bref Blue Active Eucalyptus Toilet Cleaner Block 50g 50 g,2026-09-16T17:42:53Z,2026-09-16T17:42:53Z
9350376001783,Bref Power Active Toilet Cleaner Rim Block Flower 2x50g 100g 100 g,2026-09-16T17:42:53Z,2026-09-16T17:42:53Z
9350376001806,Bref Power Active Toilet Cleaner Lavendar 50g 50 g,2026-09-16T17:42:53Z,2026-09-16T17:42:53Z
9350376002124,Sard Washing Machine Cleaner Antibacterial Disinfectant 2 pack,2026-09-16T17:42:53Z,2026-09-16T17:42:53Z
9350376002223,Sard Super Power Stain Remover Powder Soaker 900g 900 g,2026-09-16T17:42:53Z,2026-09-16T17:42:53Z
9350376002476,Bref Purple Active Lavender Toilet Cleaner Block 50g 50 g,2026-09-16T17:42:53Z,2026-09-16T17:42:53Z
9350376002483,Bref Turquoise Active Ocean Toilet Cleaner Block 50g 50 g,2026-09-16T17:42:53Z,2026-09-16T17:42:53Z
9350376002988,Bref Blue Active Toilet Cleaner Rim Block Flower 2x50g 100g 100 g,2026-09-16T17:42:53Z,2026-09-16T17:42:53Z
9350376003046,Fab Laundry Liquid Fresh Blossoms 2L 2 Litre,2026-09-16T17:42:53Z,2026-09-16T17:42:53Z
9350376003435,Bref Power Active Toilet Cleaner Rim Block Ocean 2x50g 100g 100 g,2026-09-16T17:42:53Z,2026-09-16T17:42:53Z
9350376003848,Cold Power Advanced Clean Laundry Liquid Washing Detergent 2L 2 Litre,2026-09-16T17:42:53Z,2026-09-16T17:42:53Z
9350376003886,Cold Power Laundry Liquid Lemon Fresh 2L 2 L,2026-09-16T17:42:53Z,2026-09-16T17:42:53Z
9350376003923,Cold Power Laundry Liquid Sensitive 2L 2 L,2026-09-16T17:42:53Z,2026-09-16T17:42:53Z
9350376004357,Bref Deluxe Lovely Jasmine Toilet Cleaner Block 50g 50 g,2026-09-16T17:42:53Z,2026-09-16T17:42:53Z
9350376004395,Bref Deluxe Toilet Cleaner Rim Block Delicate Magnolia 2x50g 100g 100 g,2026-09-16T17:42:53Z,2026-09-16T17:42:53Z
9350376004418,Bref Blue Active Toilet Cleaner Rim Block Eucalyptus 2x50g 100g 100 g,2026-09-16T17:42:53Z,2026-09-16T17:42:53Z
9350376004524,Cold Power Laundry Powder Advanced Clean 2kg 2 kg,2026-09-16T17:42:53Z,2026-09-16T17:42:53Z
9350376004579,Cold Power Laundry Powder Sensitive 2kg 2 kg,2026-09-16T17:42:53Z,2026-09-16T17:42:53Z
9350376005224,Bref Brilliant Gel Spring Rain Toilet Cleaner Block 42g 42 g,2026-09-16T17:42:53Z,2026-09-16T17:42:53Z
9350376005231,Bref Brilliant Gel Arctic Ocean Toilet Cleaner Block 42g 42 g,2026-09-16T17:42:53Z,2026-09-16T17:42:53Z
9350376005569,Sard Super Power Spray 420mL 420 mL,2026-09-16T17:42:53Z,2026-09-16T17:42:53Z
9350376005576,Sard Power Spray 450mL 450 mL,2026-09-16T17:42:53Z,2026-09-16T17:42:53Z
9350376005583,Sard Oil & Grime Stain Remover 420mL 420 mL,2026-09-16T17:42:53Z,2026-09-16T17:42:53Z
9350376005781,Bref Power Active Toilet Cleaner Rim Block Hawaii 2x50g 100g 100 g,2026-09-16T17:42:53Z,2026-09-16T17:42:53Z
9350376005903,Bref Ultimate Gel Anti- Stain Toilet Cleaner Lavender 600mL 600 mL,2026-09-16T17:42:53Z,2026-09-16T17:42:53Z
9350376005910,BREF ULT GEL BLEACH PWR 600ML,2026-09-16T17:42:53Z,2026-09-16T17:42:53Z
9350376005927,Bref Power Active Flower Toilet Cleaner Gel 700mL 700 mL,2026-09-16T17:42:53Z,2026-09-16T17:42:53Z
9350376005934,Bref Power Active Eucalyptus Toilet Cleaner Gel 700mL 700 mL,2026-09-16T17:42:53Z,2026-09-16T17:42:53Z
9350376005958,Bref Deluxe Gel Lovely Jasmine Toilet Cleaner 600mL 600 mL,2026-09-16T17:42:53Z,2026-09-16T17:42:53Z
9350376006191,Bref Brilliant Gel Alpine Lake Toilet Cleaner Block 42g 42 g,2026-09-16T17:42:53Z,2026-09-16T17:42:53Z
9350376006405,Bref Spa Moments Harmony Toilet Cleaner Block 50g 50 g,2026-09-16T17:42:53Z,2026-09-16T17:42:53Z
9350376006412,Bref Spa Moments Toilet Cleaner Rim Block Harmony 2x50g 100g 100 g,2026-09-16T17:42:53Z,2026-09-16T17:42:53Z
9350376006429,Bref Spa Moments Toilet Cleaner Rim Block Vitality 2x50g 100g 100 g,2026-09-16T17:42:53Z,2026-09-16T17:42:53Z
9350376006535,Dynamo Professional Laundry Liquid Clean & Fresh Machine 2L 2 L,2026-09-16T17:42:53Z,2026-09-16T17:42:53Z
9350376006597,Cold Power Laundry Liquid Odour Fighter 2L 2 L,2026-09-16T17:42:53Z,2026-09-16T17:42:53Z
9350376006634,Cold Power Laundry Liquid Extreme Clean 2L 2 L,2026-09-16T17:42:53Z,2026-09-16T17:42:53Z
9350376006641,Cold Power Laundry Liquid With A Touch Of Fabric Softener 2L 2 L,2026-09-16T17:42:53Z,2026-09-16T17:42:53Z
9350376006702,Dynamo Professional Laundry Liquid 7 In 1 Action 2L 2 L,2026-09-16T17:42:53Z,2026-09-16T17:42:53Z
9350376006719,Dynamo Professional Odour Eliminating Laundry Liquid 2L 2 l,2026-09-16T17:42:53Z,2026-09-16T17:42:53Z
9350376006726,Dynamo Professional Laundry Liquid Oxi Plus 2L 2 L,2026-09-16T17:42:53Z,2026-09-16T17:42:53Z
9350376006894,Bref Brilliant Gel Toilet Cleaner Rim Block Arctic Ocean 2x42g 84g 84 g,2026-09-16T17:42:53Z,2026-09-16T17:42:53Z
9350376007044,Earthwise Laundry Liquid Orange & Eucalyptus 2L 2 L,2026-09-16T17:42:53Z,2026-09-16T17:42:53Z
9350376007051,Earthwise 3 In 1 Laundry Capsules Orange & Eucalyptus 26 pack,2026-09-16T17:42:53Z,2026-09-16T17:42:53Z
9350376007075,Earthwise Laundry Liquid Sensitive 2L 2 L,2026-09-16T17:42:53Z,2026-09-16T17:42:53Z
9350376007280,Bref Power Active Juicy Pine Toilet Cleaner Block 50g 50 g,2026-09-16T17:42:53Z,2026-09-16T17:42:53Z
9350376007488,Sard Antibacterial Laundry Sanitiser 2L 2 L,2026-09-16T17:42:53Z,2026-09-16T17:42:53Z
9350376008140,Dynamo Professional Laundry Capsules 7 In 1 Action 29 pack,2026-09-16T17:42:53Z,2026-09-16T17:42:53Z
9350376008157,Dynamo Professional 7 IN 1 Laundry Discs 48 Pack,2026-09-16T17:42:53Z,2026-09-16T17:42:53Z
9350376008164,Dynamo Professional Laundry Capsules Odour Eliminator 29 pack,2026-09-16T17:42:53Z,2026-09-16T17:42:53Z
9350376008188,Dynamo Professional Laundry Capsules Oxi 29 pack,2026-09-16T17:42:53Z,2026-09-16T17:42:53Z
9350376008263,Cold Power Washing liquid capsules 29 pack,2026-09-16T17:42:53Z,2026-09-16T17:42:53Z
9350376008270,Cold Power Odour Fighter Laundry Capsules 46 pack,2026-09-16T17:42:53Z,2026-09-16T17:42:53Z
9350376008294,Cold Power Laundry Capsules Advanced Clean 29 pack,2026-09-16T17:42:53Z,2026-09-16T17:42:53Z
9350376008300,Cold Power Laundry Capsules Advanced Clean 46 Pack,2026-09-16T17:42:53Z,2026-09-16T17:42:53Z
9350376008331,Cold Power Laundry Capsules Sensitive 29 pack,2026-09-16T17:42:53Z,2026-09-16T17:42:53Z
9350376008348,Cold Power Sensitive Laundry Detergent Capsules 46 pack,2026-09-16T17:42:53Z,2026-09-16T17:42:53Z
9350385000005,Seimens Original - medium heat Hot Sauce,2026-09-16T17:42:53Z,2026-09-16T17:42:53Z
9350392001002,Premium Bacon Naturally Wood Smoked,2026-09-16T17:42:53Z,2026-09-16T17:42:53Z
9350392001040,Estate Breakfast Chicken Chipolata,2026-09-16T17:42:53Z,2026-09-16T17:42:53Z
9350408000210,Lightly salted sunflower seeds,2026-09-16T17:42:53Z,2026-09-16T17:42:53Z
9350408001590,Natoora,2026-09-16T17:42:53Z,2026-09-16T17:42:53Z
9350408004096,Black olives,2026-09-16T17:42:53Z,2026-09-16T17:42:53Z
9350409001483,Bad Shepherd Sticky Date Stout,2026-09-16T17:42:53Z,2026-09-16T17:42:53Z
9350433338562,Monoprix Aiguillettes de poulet,2026-09-16T17:42:53Z,2026-09-16T17:42:53Z
9350433585553,Monoprix gourmet Seiches marinées,2026-09-16T17:42:53Z,2026-09-16T17:42:53Z
9350461653378,Bonds Mens Guyfront Trunk Size S 1 Pack,2026-09-16T17:42:53Z,2026-09-16T17:42:53Z
9350465000000,Mingle Green Curry,2026-09-16T17:42:53Z,2026-09-16T17:42:53Z
9350465000017,MINGLE TACO ALL NATURAL SEASONING,2026-09-16T17:42:53Z,2026-09-16T17:42:53Z
9350465000031,Garlic & Herbs all-natural seasoning,2026-09-16T17:42:53Z,2026-09-16T17:42:53Z
9350465000048,MINGLE ALL NATURAL SEASONING,2026-09-16T17:42:53Z,2026-09-16T17:42:53Z
9350465000055,Mingle Dill & Garlic,2026-09-16T17:42:53Z,2026-09-16T17:42:53Z
9350465000093,Mingle Green Curry 30 g,2026-09-16T17:42:53Z,2026-09-16T17:42:53Z
9350465000123,MINGLE BACKYARD BARBEQUE ALL NATURAL SEASONING,2026-09-16T17:42:53Z,2026-09-16T17:42:53Z
9350465000321,Mingle Tomato Sauce,2026-09-16T17:42:53Z,2026-09-16T17:42:53Z
9350465000338,Mingle BBQ Sauce,2026-09-16T17:42:53Z,2026-09-16T17:42:53Z
9350465000345,MINGLE SWEET CHILLI SAUCE,2026-09-16T17:42:53Z,2026-09-16T17:42:53Z
9350465000420,Curry in a hurry,2026-09-16T17:42:53Z,2026-09-16T17:42:53Z
9350465000437,Mingle Backyard Barbeque All Natural Seasoning 50g,2026-09-16T17:42:53Z,2026-09-16T17:42:53Z
9350465000529,Mingle Guacamole all natural seasoning,2026-09-16T17:42:53Z,2026-09-16T17:42:53Z
9350465000543,Mingle Chipotle seasoning,2026-09-16T17:42:53Z,2026-09-16T17:42:53Z
9350465000550,Moroccan Tagine,2026-09-16T17:42:53Z,2026-09-16T17:42:53Z
9350465000574,Citrus pepper,2026-09-16T17:42:53Z,2026-09-16T17:42:53Z
9350465000581,Mingle Everything Bagel Seasoning,2026-09-16T17:42:53Z,2026-09-16T17:42:53Z
9350465000666,roast chicken gravy,2026-09-16T17:42:53Z,2026-09-16T17:42:53Z
9350465000673,Roast beef gravy,2026-09-16T17:42:53Z,2026-09-16T17:42:53Z
9350465000697,MINGLE EVERYTHING BAGEL ALL NATURAL SEASONING,2026-09-16T17:42:53Z,2026-09-16T17:42:53Z
9350465000703,Mingle Liv’s Fave Salted Caramel Topper,2026-09-16T17:42:53Z,2026-09-16T17:42:53Z
9350465000710,Mingle Jords' Nan's Apple Pie All Natural Sweet Topper,2026-09-16T17:42:53Z,2026-09-16T17:42:53Z
9350465000741,MINGLE EVERYTHING SPICY BAGEL,2026-09-16T17:42:53Z,2026-09-16T17:42:53Z
9350465000758,Mingle Use Me On Pizza And Pasta,2026-09-16T17:42:53Z,2026-09-16T17:42:53Z
9350465000789,Sweet Topper - Peanut Butter Crunch,2026-09-16T17:42:53Z,2026-09-16T17:42:53Z
9350465000901,Mingle You’re A Green Goddess,2026-09-16T17:42:53Z,2026-09-16T17:42:53Z
9350465000925,Mingle Mushroom Umami All Natural Gravy Mix,2026-09-16T17:42:53Z,2026-09-16T17:42:53Z
9350465000963,mingle all natural gravy mix 23gm,2026-09-16T17:42:53Z,2026-09-16T17:42:53Z
9350465000987,Mingle Taste Familiar? Pizza 35 g,2026-09-16T17:42:53Z,2026-09-16T17:42:53Z
9350465000994,Mingle Taco seasoning,2026-09-16T17:42:53Z,2026-09-16T17:42:53Z
9350465003025,MINGLE BUTTER CHICKEN 30 g,2026-09-16T17:42:53Z,2026-09-16T17:42:53Z
9350465005012,Mingle Japanese Curry,2026-09-16T17:42:53Z,2026-09-16T17:42:53Z
9350465005036,Mingle Feast On This Spag Bol,2026-09-16T17:42:53Z,2026-09-16T17:42:53Z
9350465006019,MINGLE DEMOLISH THESE TACOS 30 g,2026-09-16T17:42:53Z,2026-09-16T17:42:53Z
9350465009904,Mingle Garlic and herb seasoning,2026-09-16T17:42:53Z,2026-09-16T17:42:53Z
9350465009911,Mingle Spicy mexican seasoning blend 50 g,2026-09-16T17:42:53Z,2026-09-16T17:42:53Z
9350465009928,Mingle Hearty Stroganoff Spice Blend 30 g,2026-09-16T17:42:53Z,2026-09-16T17:42:53Z
9350465009935,Mingle Use me on everything all natural seasoning 50,2026-09-16T17:42:53Z,2026-09-16T17:42:53Z
9350465009997,Mingle Satay 30 g,2026-09-16T17:42:53Z,2026-09-16T17:42:53Z
9350465010009,Let's Mingle Yummy Coconutty Sri Lankan Curry,2026-09-16T17:42:53Z,2026-09-16T17:42:53Z
9350465010016,Mingle Chilli Con Carne,2026-09-16T17:42:53Z,2026-09-16T17:42:53Z
9350465010030,Mingle Butter Cup,2026-09-16T17:42:53Z,2026-09-16T17:42:53Z
9350465010047,Mingle Tuscan Chicken,2026-09-16T17:42:53Z,2026-09-16T17:42:53Z
9350465010061,MINGLE STOCK WOW-DER CHICKEN LICKEY NATURALLY FLAVOURED STOCK,2026-09-16T17:42:53Z,2026-09-16T17:42:53Z
9350465010078,Mingle Seasoning Swicy Korean BBQ Seasoning,2026-09-16T17:42:53Z,2026-09-16T17:42:53Z
9350465010108,Mingle Citrus Pepper Seasoning,2026-09-16T17:42:53Z,2026-09-16T17:42:53Z
9350465010122,Mingle Green Goddess,2026-09-16T17:42:53Z,2026-09-16T17:42:53Z
9350465010139,Mingle Greek garlic,2026-09-16T17:42:53Z,2026-09-16T17:42:53Z
9350465010207,MINGLE EVERYONE'S FAVE TACO ALL NATURAL RECIPE BASE,2026-09-16T17:42:53Z,2026-09-16T17:42:53Z
9350465010214,MINGLE MEXICAN FAJITA ALL NATURAL RECIPE BASE,2026-09-16T17:42:53Z,2026-09-16T17:42:53Z
9350465010221,Mingle Zesty & Mild Taco Or Guac Recipe Base,2026-09-16T17:42:53Z,2026-09-16T17:42:53Z
9350465010306,Mingle Chow Mein Seasoninh,2026-09-16T17:42:53Z,2026-09-16T17:42:53Z
9350465010337,mingle Laksa Seasoning,2026-09-16T17:42:53Z,2026-09-16T17:42:53Z
9350465010344,Mingle Shepherd’s Pie Seasoning,2026-09-16T17:42:53Z,2026-09-16T17:42:53Z
9350465010436,MINGLE CREAMY BUFFALO CHICKEN BAKE,2026-09-16T17:42:53Z,2026-09-16T17:42:53Z
9350465010450,Mingle Creamy Buffalo Chicken Bake,2026-09-16T17:42:53Z,2026-09-16T17:42:53Z
9350465010498,Mingle Chilli & Lime Salt,2026-09-16T17:42:53Z,2026-09-16T17:42:53Z
9350465010504,Mingle Furikake Rice Topper,2026-09-16T17:42:53Z,2026-09-16T17:42:53Z
9350465010511,Mingle Tuscan Chicken,2026-09-16T17:42:53Z,2026-09-16T17:42:53Z
9350465010528,Mingle Traditional Gravy,2026-09-16T17:42:53Z,2026-09-16T17:42:53Z
9350465010535,Mingle Chicken Gravy,2026-09-16T17:42:53Z,2026-09-16T17:42:53Z
9350465010665,Mingle Chicken Gravy,2026-09-16T17:42:53Z,2026-09-16T17:42:53Z
9350465010672,Mingle Beef Gravy,2026-09-16T17:42:53Z,2026-09-16T17:42:53Z
9350465010689,Mingle Citrus & Spice Peri Peri BBQ Roast or Rub 25 g,2026-09-16T17:42:53Z,2026-09-16T17:42:53Z
9350465010702,Mingle Cinnamon Donut,2026-09-16T17:42:53Z,2026-09-16T17:42:53Z
9350465010733,Mingle Sweet & Smokey American BBQ Roast or Rub,2026-09-16T17:42:53Z,2026-09-16T17:42:53Z
9350465010740,MINGLE MEAT ALL ROUNDER,2026-09-16T17:42:53Z,2026-09-16T17:42:53Z
9350465010757,Mingle Chilli & Lime Seasoning,2026-09-16T17:42:53Z,2026-09-16T17:42:53Z
9350465010825,Mingle Herbs & Sour Cream Popcorn Seasoning,2026-09-16T17:42:53Z,2026-09-16T17:42:53Z
9350465010832,Mingle Bri’s Pistachio Delight,2026-09-16T17:42:53Z,2026-09-16T17:42:53Z
9350465010849,MINGLE LUCY'S GINGERY BISCUIT ALL NATURAL SWEET TOPPER,2026-09-16T17:42:53Z,2026-09-16T17:42:53Z
9350465010856,Mingle Cinnamony Donut Topper,2026-09-16T17:42:53Z,2026-09-16T17:42:53Z
9350465010863,Mingle Marry Me Chicken,2026-09-16T17:42:53Z,2026-09-16T17:42:53Z
9350465010917,MINGLE LEMON & HERB BBQ ROAST OR RUB,2026-09-16T17:42:53Z,2026-09-16T17:42:53Z
9350465010931,Mingle Fire Roasted Salsa & Taco Sauce,2026-09-16T17:42:53Z,2026-09-16T17:42:53Z
9350465010955,Mingle Everything Dressing,2026-09-16T17:42:53Z,2026-09-16T17:42:53Z
9350465010962,"Mingle Yuzu, Sesame & Soy Japanese Dressing",2026-09-16T17:42:53Z,2026-09-16T17:42:53Z
9350465010979,Mingle Japanese Bbq Sauce,2026-09-16T17:42:53Z,2026-09-16T17:42:53Z
9350465011020,Mingle Curried Sausages,2026-09-16T17:42:53Z,2026-09-16T17:42:53Z
9350465011044,Mingle The Ultimate Chicken Salt,2026-09-16T17:42:53Z,2026-09-16T17:42:53Z
9350465011068,Mingle Chicken Alfredo,2026-09-16T17:42:53Z,2026-09-16T17:42:53Z
9350465011167,Mingle Mediterranean Dream Balsamic Dressing,2026-09-16T17:42:53Z,2026-09-16T17:42:53Z
9350465011198,Mingle Honey Garlic BBQ Seasoning,2026-09-16T17:42:53Z,2026-09-16T17:42:53Z
9350465011204,"Mingle Rosemary, Garlic & Lemon Greek Style BBQ Roast or Rub",2026-09-16T17:42:53Z,2026-09-16T17:42:53Z
9350465011211,Mingle Moroccan BBQ Seasoning,2026-09-16T17:42:53Z,2026-09-16T17:42:53Z
9350465011327,Mingle Shepherd's Pie,2026-09-16T17:42:53Z,2026-09-16T17:42:53Z
9350470000019,Cor de Coco 280ml,2026-09-16T17:42:53Z,2026-09-16T17:42:53Z
9350470000064,Cor De Coco Coconut Mochacinno,2026-09-16T17:42:53Z,2026-09-16T17:53:12Z
9350470000088,Cor De Coco Coconut Double Shot Espresso,2026-09-16T17:42:53Z,2026-09-16T17:53:12Z
9350477001040,Nort,2026-09-16T17:42:53Z,2026-09-16T17:42:53Z
9350492000141,Raw Earth Sweetener Co Monk Fruit sweetener 200g,2026-09-16T17:42:53Z,2026-09-16T17:42:53Z
9350500002945,快乐海洋 乌鸦片,2026-09-16T17:42:53Z,2026-09-16T17:42:53Z
9350503002713,Shine Dust,2026-09-16T17:42:53Z,2026-09-16T17:42:53Z
9350503002720,Spark Dust,2026-09-16T17:42:53Z,2026-09-16T17:42:53Z
9350508002398,Fitrah Premium Manuka Active Honey,2026-09-16T17:42:53Z,2026-09-16T17:42:53Z
9350515001001,Tyrrell's Hand-cooked crisps sea salted,2026-09-16T17:42:53Z,2026-09-16T17:42:53Z
9350515001018,Tyrrell's Cheese & chives crisps,2026-09-16T17:42:53Z,2026-09-16T17:42:53Z
9350515001056,Sea salt and cider vinegar crisps,2026-09-16T17:42:53Z,2026-09-16T17:42:53Z
9350515001315,Sea Salt & Vinegar Crisps,2026-09-16T17:42:53Z,2026-09-16T17:42:53Z
9350515001322,Tyrrells Cheddar chips,2026-09-16T17:42:53Z,2026-09-16T17:42:53Z
9350515001353,Tyrells crinkly crisps,2026-09-16T17:42:53Z,2026-09-16T17:42:53Z
9350515001360,Tyrrells Crinkly Crisps sea salt & vinegar,2026-09-16T17:42:53Z,2026-09-16T17:42:53Z
9350515001377,Tyrrell's Crinkly crisps,2026-09-16T17:42:53Z,2026-09-16T17:42:53Z
9350515001384,Tyrrell's Crinkly crisps,2026-09-16T17:42:53Z,2026-09-16T17:42:53Z
9350515001391,Tyrrells Roast chicken crisps,2026-09-16T17:42:53Z,2026-09-16T17:42:53Z
9350515001452,Tyrrells crinkly crisps,2026-09-16T17:42:53Z,2026-09-16T17:42:53Z
9350515001469,Sea salt and vinegar crinkly crisps 15 g,2026-09-16T17:42:53Z,2026-09-16T17:42:53Z
9350515001476,Tyrrell's Crinkly crisps mature cheddar & chives,2026-09-16T17:42:53Z,2026-09-16T17:42:53Z
9350539000004,Fropro The Fit Scoop - Chocolate 520ml,2026-09-16T17:42:53Z,2026-09-16T17:42:53Z
9350539000042,FROPRO FIT SCOOP SLTD CARML 520ML,2026-09-16T17:42:53Z,2026-09-17T13:43:43Z
9350539000097,Fro Pro Strawberry with Berry Ripple,2026-09-16T17:42:53Z,2026-09-16T17:42:53Z
9350539000110,FROPROP PROTEIN BURRITO CHIPOTLE CHICKEN,2026-09-16T17:42:53Z,2026-09-16T17:42:53Z
9350539000141,Fropro Protein burrito chilli con carne,2026-09-16T17:42:53Z,2026-09-16T17:42:53Z
9350539000288,Protein pockets,2026-09-16T17:42:53Z,2026-09-16T17:42:53Z
9350539000318,Cheeseburger protein pockets,2026-09-16T17:42:53Z,2026-09-16T17:42:53Z
9350539000325,Fropro Protein burrito sausage and egg,2026-09-16T17:42:53Z,2026-09-16T17:42:53Z
9350539000332,Fropro singles double choc,2026-09-16T17:42:53Z,2026-09-16T17:42:53Z
9350539000349,Fropro Singles,2026-09-16T17:42:53Z,2026-09-16T17:42:53Z
9350539000462,FroPro Mexican Beef Protein Pizza 180 g,2026-09-16T17:42:53Z,2026-09-16T17:42:53Z
9350539000479,FroPro Protein Pizza Buffalo Chicken,2026-09-16T17:42:53Z,2026-09-16T17:42:53Z
9350539000509,FroPro Protein Pizza Slices Pepperoni,2026-09-16T17:42:53Z,2026-09-16T17:42:53Z
9350539000523,Fropro Veg pizza 180 g,2026-09-16T17:42:53Z,2026-09-16T17:42:53Z
9350539000530,Fropro Protein pizza italian salami,2026-09-16T17:42:53Z,2026-09-16T17:42:53Z
9350539000585,FROPRO PROTEIN PIZZA CHICKEN & BACON,2026-09-16T17:42:53Z,2026-09-16T17:42:53Z
9350539000592,Fropro Protein burrito,2026-09-16T17:42:53Z,2026-09-16T17:42:53Z
9350539000615,FroPro Protein Burrito Moroccan Beef,2026-09-16T17:42:53Z,2026-09-16T17:42:53Z
9350539000639,FroPro Butter Chicken Protein Burrito,2026-09-16T17:42:53Z,2026-09-16T17:42:53Z
9350539000646,Fropro Protein Burrito Chicken Souvlaki,2026-09-16T17:42:53Z,2026-09-16T17:42:53Z
9350539000653,FROPRO PROTEIN BURRITO CHEESEBURGER,2026-09-16T17:42:53Z,2026-09-16T17:42:53Z
9350539000660,FroPro Buffalo Mac & Cheese Burrito,2026-09-16T17:42:53Z,2026-09-16T17:42:53Z
9350539000691,FroPro BBQ Chicken & Cheese Protein Burrito,2026-09-16T17:42:53Z,2026-09-16T17:42:53Z
9350539000998,FRO PRO High protein fried chicken breast pops hot & spicy,2026-09-16T17:42:53Z,2026-09-16T17:42:53Z
9350539001018,Fropro Hot & Spicy Chicken Tenders,2026-09-16T17:42:53Z,2026-09-16T17:42:53Z
9350539001056,Fropro Southern style chicken tenders,2026-09-16T17:42:53Z,2026-09-16T17:42:53Z
9350539001063,FroPro Fried Chicken Breast Fillet,2026-09-16T17:42:53Z,2026-09-16T17:42:53Z
9350539001070,FroPro Fried Chicken Breast Tenders Sweet Chilli,2026-09-16T17:42:53Z,2026-09-16T17:42:53Z
9350539001094,FroPro FPFC High Protein Peri Peri Breast Fillet,2026-09-16T17:42:53Z,2026-09-16T17:42:53Z
9350539001117,Fropro Pumpkin & Feta Protein Pizza,2026-09-16T17:42:53Z,2026-09-16T17:42:53Z
9350539001148,FroPro Protein Pizza BBQ Meatlovers,2026-09-16T17:42:53Z,2026-09-16T17:42:53Z
9350539001193,FroPro High Protein Pizza Pockets,2026-09-16T17:42:53Z,2026-09-16T17:42:53Z
9350539001209,FroPro High Protein Pizza Pocket,2026-09-16T17:42:53Z,2026-09-16T17:42:53Z
9350539001506,FroPro Fit Sauce Garlic Aioli,2026-09-16T17:42:53Z,2026-09-16T17:42:53Z
9350539001513,FROPRO FIT SAUCE BURGER MAYO 250 g,2026-09-16T17:42:53Z,2026-09-16T17:42:53Z
9350539001520,Fropro Fit Sauce Peri Peri Mayo,2026-09-16T17:42:53Z,2026-09-16T17:42:53Z
9350539001537,FroPro FIT SAUCE Classic Ranch 250 g,2026-09-16T17:42:53Z,2026-09-16T17:42:53Z
9350539001551,FroPro Pepper Mayo,2026-09-16T17:42:53Z,2026-09-16T17:42:53Z
9350539001599,FROPRO FIT SAUCE TOASTED SESAME,2026-09-16T17:42:53Z,2026-09-16T17:42:53Z
9350539001612,FROPRO PROTEIN PIE CLASSIC BEEF,2026-09-16T17:42:53Z,2026-09-16T17:42:53Z
9350539001643,"FroPro Protien Pie, Beef & Cheese",2026-09-16T17:42:53Z,2026-09-16T17:42:53Z
9350539001667,Fopro Protein Pie Beef Mince,2026-09-16T17:42:53Z,2026-09-16T17:42:53Z
9350539001674,FroPro Beef & Cheese Protein Pie,2026-09-16T17:42:53Z,2026-09-16T17:42:53Z
9350539001704,FroPro BBQ Chicken Protein Pizza Slices 180 g,2026-09-16T17:42:53Z,2026-09-16T17:42:53Z
9350539001728,Cheeseburger FroPro Protein Pizza Slices 180 g,2026-09-16T17:42:53Z,2026-09-16T17:42:53Z
9350539001742,FroPro Protein Pizza Slices 180 g,2026-09-16T17:42:53Z,2026-09-16T17:42:53Z
9350539001919,FROPRO PROTEIN PIZZA NET 325 g,2026-09-16T17:42:53Z,2026-09-16T17:42:53Z
9350539002275,FroPro FPFC Southern Style High Protein Breast Fillets,2026-09-16T17:42:53Z,2026-09-16T17:42:53Z
9350539002282,FroPro FPFC FRIED CHICKEN BREAST TENDERS SOUTHERN STYLE,2026-09-16T17:42:53Z,2026-09-16T17:42:53Z
9350539002404,FPFC Protein Popcorn Chicken Southern Style,2026-09-16T17:42:53Z,2026-09-16T17:42:53Z
9350539002435,FroPro garlic parmesan tenders,2026-09-16T17:42:53Z,2026-09-16T17:42:53Z
9350539002954,FROPRO HIGH PROTEIN CHEESECAKE CARAMELISED BISCUIT,2026-09-16T17:42:53Z,2026-09-16T17:42:53Z
9350539002961,FroPro High Protein Cheesecake Blueberry,2026-09-16T17:42:53Z,2026-09-16T17:42:53Z
9350539002978,FroPro High Protein Cheesecake Cookies & Cream,2026-09-16T17:42:53Z,2026-09-16T17:42:53Z
9350539002985,Fropro Choc Hazelnut Cheesecake,2026-09-16T17:42:53Z,2026-09-16T17:42:53Z
9350539002992,FroPro High Protein Cheesecake Lemon,2026-09-16T17:42:53Z,2026-09-16T17:42:53Z
9350539003005,Fropro Passionfruit Cheesecake,2026-09-16T17:42:53Z,2026-09-16T17:42:53Z
9350539003050,FROPRO PROTEIN POT BANG BANG CHICKEN & RICE,2026-09-16T17:42:53Z,2026-09-16T17:42:53Z
9350539003067,FROPRO PROTEIN POT BBQ CHICKEN MAC & CHEESE,2026-09-16T17:42:53Z,2026-09-16T17:42:53Z
9350539003081,FROPRO PROTEIN POT CHEESEBURGER PASTA,2026-09-16T17:42:53Z,2026-09-16T17:42:53Z
9350539003104,FroPro Protein Pot Korean Beef & Noodles,2026-09-16T17:42:53Z,2026-09-16T17:42:53Z
9350539003272,FroPro Protein Dumplings Pork & Chives 230 g,2026-09-16T17:42:53Z,2026-09-16T17:42:53Z
9350539003302,FROPRO PROTEIN DUMPLINGS SWEET CHILLI CHICKEN 230 g,2026-09-16T17:42:53Z,2026-09-16T17:42:53Z
9350539003517,FROPRO PROTEIN LAVA CAKE DOUBLE CHOCOLATE,2026-09-16T17:42:53Z,2026-09-16T17:42:53Z
9350539003524,FroPro Protein Lava Cake Caramel,2026-09-16T17:42:53Z,2026-09-16T17:42:53Z
9350539020019,FROPRO PLNT BASE DBL CHOCO 473ML,2026-09-16T17:42:53Z,2026-09-17T13:43:43Z
9350539020033,FROPRO PLNT BASE VANLA W.CRML 473ML,2026-09-16T17:42:53Z,2026-09-17T13:43:43Z
9350539030018,Fropro Fro Pro singles,2026-09-16T17:42:53Z,2026-09-16T17:42:53Z
9350539030032,Fropro Singles,2026-09-16T17:42:53Z,2026-09-16T17:42:53Z
9350539030063,Fropro Singles,2026-09-16T17:42:53Z,2026-09-16T17:42:53Z
9350539040017,Fropro Mighty pops,2026-09-16T17:42:53Z,2026-09-16T17:42:53Z
9350539090012,Double chocolate single,2026-09-16T17:42:53Z,2026-09-16T17:42:53Z
9350539090029,Fropro singles- salted caramel,2026-09-16T17:42:53Z,2026-09-16T17:42:53Z
9350539090036,FroPro icecram 4 x 400ml,2026-09-16T17:42:53Z,2026-09-16T17:42:53Z
9350539099008,protoien pizza,2026-09-16T17:42:53Z,2026-09-16T17:42:53Z
9350539099015,FroPro PROTEIN PIZZA,2026-09-16T17:42:53Z,2026-09-16T17:42:53Z
9350539099022,FROPRO PERI PERI CHICKEN PROTEIN PIZZA,2026-09-16T17:42:53Z,2026-09-16T17:42:53Z
9350548515025,Cooked Tuna & Avocado sushi,2026-09-16T17:42:53Z,2026-09-16T17:42:53Z
9350548515070,Salmon and Avocado,2026-09-16T17:42:53Z,2026-09-16T17:42:53Z
9350548515179,Sushi sushi Vegan avocado and cucumber,2026-09-16T17:42:53Z,2026-09-16T17:42:53Z
9350551000037,Koja Choc Chip Crunch Peanut Butter Bar,2026-09-16T17:42:53Z,2026-09-16T17:42:53Z
9350551000044,Koja Peanut czeamel,2026-09-16T17:42:53Z,2026-09-16T17:42:53Z
9350551000105,Koja peanut chocolate peanut butter bar,2026-09-16T17:42:53Z,2026-09-16T17:42:53Z
9350551000112,Koja maple bar,2026-09-16T17:42:53Z,2026-09-16T17:42:53Z
9350551000129,Koja Lemon and Coconut Oat Bar,2026-09-16T17:42:53Z,2026-09-16T17:42:53Z
9350551000136,KOJA Oat Bar Dark Choc Chip,2026-09-16T17:42:53Z,2026-09-16T17:42:53Z
9350551000235,Choc Brownie Almond Bar 45 g,2026-09-16T17:42:53Z,2026-09-16T17:42:53Z
9350551000280,Koja White Choc & Macadamia Oat Bar,2026-09-16T17:42:53Z,2026-09-16T17:42:53Z
9350551000310,Plant protein bar - Koja - Koja - Koja,2026-09-16T17:42:53Z,2026-09-16T17:42:53Z
9350551000327,Koja Plant PROTIEN - Double Chocolate,2026-09-16T17:42:53Z,2026-09-16T17:42:53Z
9350551000334,Koja Plant Protein Choc Hazelnut Bar,2026-09-16T17:42:53Z,2026-09-16T17:42:53Z
9350551000501,Kona Oat Bite Choc Chip,2026-09-16T17:42:53Z,2026-09-16T17:42:53Z
9350551000518,Oat bite,2026-09-16T17:42:53Z,2026-09-16T17:42:53Z
9350551000556,Koja Oat Bites Choc Chip,2026-09-16T17:42:53Z,2026-09-16T17:42:53Z
9350551000570,KOJA Muesli Slice,2026-09-16T17:42:53Z,2026-09-16T17:42:53Z
9350551000600,KOJA CHOC PROTEIN BAR Choc Berry,2026-09-16T17:42:53Z,2026-09-16T17:42:53Z
9350551000617,KOJA CHOC PROTEIN BAR Double Chocolate 45 g,2026-09-16T17:42:53Z,2026-09-16T17:42:53Z
9350551000624,Koja Choc Chip Bickie Bites,2026-09-16T17:42:53Z,2026-09-16T17:42:53Z
9350551000631,Loki Biscuits,2026-09-16T17:42:53Z,2026-09-16T17:42:53Z
9350551000648,Koja Choc protein Bar - Peanut Fudge,2026-09-16T17:42:53Z,2026-09-16T17:42:53Z
9350551000655,Koja Bickie Bites Choc Chip,2026-09-16T17:42:53Z,2026-09-16T17:42:53Z
9350551000679,Koja Ginger Bickies,2026-09-16T17:42:53Z,2026-09-16T17:42:53Z
9350551000693,KOJA Oat Bites Raspberry Choc Chip,2026-09-16T17:42:53Z,2026-09-16T17:42:53Z
9350551000815,Koja Popcorn Bars - Salted Caramel,2026-09-16T17:42:53Z,2026-09-16T17:42:53Z
9350551000822,Koja Popcorn Bar Chocolate,2026-09-16T17:42:53Z,2026-09-16T17:42:53Z
9350559000015,Power Kraut Moroccan Beets,2026-09-16T17:42:53Z,2026-09-16T17:42:53Z
9350559000022,Gagas gut loving power kraut,2026-09-16T17:42:53Z,2026-09-16T17:42:53Z
9350559000046,Gagas gut loving Moroccan beats,2026-09-16T17:42:53Z,2026-09-16T17:42:53Z
9350559000053,Powekraut Organic Vegan Kimchi,2026-09-16T17:42:53Z,2026-09-16T17:42:53Z
9350559000152,Gaga’s Gut Loving Coco nut milk kefir,2026-09-16T17:42:53Z,2026-09-16T17:42:53Z
9350559000169,Gaga's Gut Loving Coconut Mylk Kefir,2026-09-16T17:42:53Z,2026-09-16T17:42:53Z
9350559000282,Coconut Mylk Greek Yoghurt,2026-09-16T17:42:53Z,2026-09-16T17:42:53Z
9350559000299,Dairy Free Coconut Yoghurt,2026-09-16T17:42:53Z,2026-09-16T17:42:53Z
9350559000367,Gaga’s Reserve kimchi,2026-09-16T17:42:53Z,2026-09-16T17:42:53Z
9350559000374,Gaga’s Gut Loving Reserve Kimchee Kimchee,2026-09-16T17:42:53Z,2026-09-16T17:42:53Z
9350559000381,Power Kraut Evvo Chinichurri,2026-09-16T17:42:53Z,2026-09-16T17:42:53Z
9350559000404,Gaga's Gut Loving Coconut Kefir - Turmeric Chai,2026-09-16T17:42:53Z,2026-09-16T17:42:53Z
9350559000435,Gagas Gerkins,2026-09-16T17:42:53Z,2026-09-16T17:42:53Z
9350566000077,miguelmaestre Extra Thick Potato Chips 150 g,2026-09-16T17:42:53Z,2026-09-16T17:42:53Z
9350566000084,extra thick potato chips jamon flavour 150 g,2026-09-16T17:42:53Z,2026-09-16T17:42:53Z
9350566000183,Miguel Maestre Chorizo a la maestre 200 g,2026-09-16T17:42:53Z,2026-09-16T17:42:53Z
9350566000565,Basque Burnt Cheesecake 1000 g,2026-09-16T17:42:53Z,2026-09-16T17:42:53Z
9350566000589,Miguel Maestre Sticky Date Pudding 450g,2026-09-16T17:42:53Z,2026-09-16T17:42:53Z
9350566001142,Miguel maestre Spicy chorizo,2026-09-16T17:42:53Z,2026-09-16T17:42:53Z
9350566001395,Miguel maestre Mild chorizo salami,2026-09-16T17:42:53Z,2026-09-16T17:42:53Z
9350566001470,Miguelmaestre Basque Burnt Cheesecake,2026-09-16T17:42:53Z,2026-09-16T17:42:53Z
9350566001487,MiguelMaestre Basque Burnt Cheesecake,2026-09-16T17:42:53Z,2026-09-16T17:42:53Z
9350570000001,POSTCODE 6006 HONEY,2026-09-16T17:42:53Z,2026-09-16T17:42:53Z
9350570002890,Postcode Honey 6029 Honey - Trigg Multifloral,2026-09-16T17:42:53Z,2026-09-16T17:42:53Z
9350585000041,Vetta smart flour,2026-09-16T17:42:53Z,2026-09-16T17:42:53Z
9350611000038,JACQUET MINI BROWNI HAZELNUT 150 GRAM,2026-09-17T13:43:43Z,2026-09-17T13:43:43Z
9350618000017,akta vite,2026-09-16T17:42:53Z,2026-09-16T17:42:53Z
9350627001838,Passion fruit soda,2026-09-16T17:42:53Z,2026-09-16T17:42:53Z
9350628005262,Melbourne Martini Salted Caramel Espresso Martini,2026-09-16T17:42:53Z,2026-09-16T17:42:53Z
9350631000032,Gather by pure manuka honey 250 g,2026-09-16T17:42:53Z,2026-09-16T17:42:53Z
9350634002552,Teddi Lab Hair Boost Gummy,2026-09-16T17:42:53Z,2026-09-16T17:42:53Z
9350634002958,rose collagen gummy 180 g,2026-09-16T17:42:53Z,2026-09-16T17:42:53Z
9350634005607,Rosa Prima 180 g,2026-09-16T17:42:53Z,2026-09-16T17:42:53Z
9350657003567,Archie Rose Blackberry Gin & Soda,2026-09-16T17:42:53Z,2026-09-16T17:42:53Z
9350657003659,Archie Rose Gin And Soda Peach,2026-09-16T17:42:53Z,2026-09-16T17:42:53Z
9350664000221,Dicky Bill Fresh Baby Spinach,2026-09-16T17:42:53Z,2026-09-16T17:42:53Z
9350664000313,Superfood kit,2026-09-16T17:42:53Z,2026-09-16T17:42:53Z
9350668000432,RYCO CHANGE MAT RR14-8901,2026-09-17T13:43:43Z,2026-09-17T13:43:43Z
9350668000562,RYCO WEDGE PILLOW RR14-8932,2026-09-17T13:43:43Z,2026-09-17T13:43:43Z
9350668000623,RYCO VOGUE BABY BAG TD16-0623,2026-09-17T01:02:51Z,2026-09-17T13:43:43Z
9350668000883,RYCO SORRENTO BABY BAG TD16-0883,2026-09-17T13:43:43Z,2026-09-17T13:43:43Z
9350673000250,Royal Gold Atta Flour,2026-09-16T17:42:53Z,2026-09-16T17:42:53Z
9350673005149,Sam’s Royal Gold Plain Boondi,2026-09-16T17:42:53Z,2026-09-16T17:42:53Z
9350673008355,Sam's Royal Gold SOYA CHUNKS,2026-09-16T17:42:53Z,2026-09-16T17:42:53Z
9350673008621,Royal Gold Roasted Chana,2026-09-16T17:42:53Z,2026-09-16T17:42:53Z
9350673009024,Moong Masala Wadi,2026-09-16T17:42:53Z,2026-09-16T17:42:53Z
9350685000019,Protein ball mix,2026-09-16T17:42:53Z,2026-09-16T17:42:53Z
9350685000057,Sarah Wilson Rice malt syrup 500 g,2026-09-16T17:42:53Z,2026-09-16T17:42:53Z
9350685000118,Paleo ball mix,2026-09-16T17:42:53Z,2026-09-16T17:42:53Z
9350685000125,Cookie mix,2026-09-16T17:42:53Z,2026-09-16T17:42:53Z
9350685000132,I quit sugar Muffin mix 350 g,2026-09-16T17:42:53Z,2026-09-16T17:42:53Z
9350685000354,Future generation food,2026-09-16T17:42:53Z,2026-09-16T17:42:53Z
9350685000361,protein ball mix,2026-09-16T17:42:53Z,2026-09-16T17:42:53Z
9350688000016,Brain boost,2026-09-16T17:42:53Z,2026-09-16T17:42:53Z
9350688000023,Immune Boost 100 g,2026-09-16T17:42:53Z,2026-09-16T17:42:53Z
9350688000610,Mavella Foods Beetroot Powder,2026-09-16T17:42:53Z,2026-09-16T17:42:53Z
9350688000702,Spinach 50 g,2026-09-16T17:42:53Z,2026-09-16T17:42:53Z
9350688000887,All things blue 100 g,2026-09-16T17:42:53Z,2026-09-16T17:42:53Z
9350688000894,Gut boost,2026-09-16T17:42:53Z,2026-09-16T17:42:53Z
9350704008873,Healthy Garden Old Fashioned Rolled Oats,2026-09-16T17:42:53Z,2026-09-16T17:42:53Z
9350704009955,Healthy Garden ✅ Wholegrain Oats Chia 500 g,2026-09-16T17:42:53Z,2026-09-16T17:42:53Z
9350709000001,BALTER XPA,2026-09-16T17:42:53Z,2026-09-16T17:42:53Z
9350709000018,BALTER EXTRA PALE ALE 4*375ML 375ml x 4,2026-09-16T17:42:53Z,2026-09-16T17:42:53Z
9350709000131,BALTER IPA 4*375ML,2026-09-16T17:42:53Z,2026-09-16T17:42:53Z
9350709000186,Balter Captain Sensible,2026-09-16T17:42:53Z,2026-09-16T17:42:53Z
9350709000506,Balter Hazy,2026-09-16T17:42:53Z,2026-09-16T17:42:53Z
9350709000681,Balter Eazy Hazy,2026-09-16T17:42:53Z,2026-09-16T17:42:53Z
9350709000698,BALTER EAZY HAZY CAN 4*375ML 375ml x 4,2026-09-16T17:42:53Z,2026-09-16T17:42:53Z
9350709001046,Asahi Balter 355mL,2026-09-16T17:42:53Z,2026-09-16T17:42:53Z
9350709001459,BALTER LIGHT PALE ALE,2026-09-16T17:42:53Z,2026-09-16T17:42:53Z
9350710000861,PoshPate Black Peppercorn Pate,2026-09-16T17:42:53Z,2026-09-16T17:42:53Z
9350717000062,Outback Harvest GLUTEN FREE BANANA LOAF MIX WITH TEFF,2026-09-16T17:42:53Z,2026-09-16T17:42:53Z
9350717000123,TEFF TRIBE IVORY TAFF SEEDS 500G,2026-09-17T13:43:43Z,2026-09-17T13:43:43Z
9350717000130,TEFF TRIBE BROWN TAFF SEEDS 500G,2026-09-17T13:43:43Z,2026-09-17T13:43:43Z
9350722010520,Rodriguez Bros Hot Spanish Chorizo,2026-09-16T17:42:53Z,2026-09-16T17:42:53Z
9350722011237,Rodriguez Bros Smoked Chorizo,2026-09-16T17:42:53Z,2026-09-16T17:42:53Z
9350725000030,Simple as that Moisturiser 50g,2026-09-16T17:42:53Z,2026-09-16T17:42:53Z
9350728000068,Tropeaka Ultra cleanse,2026-09-16T17:42:53Z,2026-09-16T17:42:53Z
9350728000174,Organic Cacao Tropeaka,2026-09-16T17:42:53Z,2026-09-16T17:42:53Z
9350728000259,Tropeaka Açai Powder,2026-09-16T17:42:53Z,2026-09-16T17:42:53Z
9350728000280,Tropeaka Organic Spirulina,2026-09-16T17:42:53Z,2026-09-16T17:42:53Z
9350728000365,Tropeaka Superfood greens+D,2026-09-16T17:42:53Z,2026-09-16T17:42:53Z
9350728000372,Tropeaka Superfood greens,2026-09-16T17:42:53Z,2026-09-16T17:42:53Z
9350728000457,tropeaka LEAN PROTEIN NATURAL VANILLA FLAVOUR,2026-09-16T17:42:53Z,2026-09-16T17:42:53Z
9350728000464,Tropeaka Lean protien,2026-09-16T17:42:53Z,2026-09-16T17:42:53Z
9350728000471,Tropeaka Lean Protein Organic Tri-blend Protein,2026-09-16T17:42:53Z,2026-09-16T17:42:53Z
9350728000488,Tropeaka Chocolate Lean Protein,2026-09-16T17:42:53Z,2026-09-16T17:42:53Z
9350728000495,Tropeaka Organic Matcha,2026-09-16T17:42:53Z,2026-09-16T17:42:53Z
9350728000631,Tropeaka Lean Protein,2026-09-16T17:42:53Z,2026-09-16T17:42:53Z
9350728000648,Tropeaka,2026-09-16T17:42:53Z,2026-09-16T17:42:53Z
9350728000655,Tropeaka Tone BCAA+,2026-09-16T17:42:53Z,2026-09-16T17:42:53Z
9350728000662,Tropeaka Tone BCAA+,2026-09-16T17:42:53Z,2026-09-16T17:42:53Z
9350728000709,Body bloom by sarah's day,2026-09-16T17:42:53Z,2026-09-16T17:42:53Z
9350728000839,Tropeaka Protein Energy Bar - Peanut Butter,2026-09-16T17:42:53Z,2026-09-16T17:42:53Z
9350728000846,Tropeaka Chocolate protein energy bar,2026-09-16T17:42:53Z,2026-09-16T17:42:53Z
9350728000877,Tropeaka Fit Protein,2026-09-16T17:42:53Z,2026-09-16T17:42:53Z
9350728001003,Tropeaka Orange Superfood Powder,2026-09-16T17:42:53Z,2026-09-16T17:42:53Z
9350728001034,Tropeaka Organic Acai,2026-09-16T17:42:53Z,2026-09-16T17:42:53Z
9350728001072,Tropeaka Organic Maca,2026-09-16T17:42:53Z,2026-09-16T17:42:53Z
9350728001089,Tropeaka Matcha Powder,2026-09-16T17:42:53Z,2026-09-16T17:42:53Z
9350728001102,Tropeaka Organic Spirulia,2026-09-16T17:42:53Z,2026-09-16T17:42:53Z
9350728001171,Tropeaka Goodness Gut Bar,2026-09-16T17:42:53Z,2026-09-16T17:42:53Z
9350728001195,Tropeaka Caramel choc fudge Goodness Gut Bar,2026-09-16T17:42:53Z,2026-09-16T17:42:53Z
9350728001218,Tropeaka Lean protein choc honey comb,2026-09-16T17:42:53Z,2026-09-16T17:42:53Z
9350728001232,Tropeaka Lean protien iced mocha latte,2026-09-16T17:42:53Z,2026-09-16T17:42:53Z
9350728001249,"Tropeaka Lean Protein, Iced Mocha",2026-09-16T17:42:53Z,2026-09-16T17:42:53Z
9350728001263,Tropeaka Chocolate Lean Protein,2026-09-16T17:42:53Z,2026-09-16T17:42:53Z
9350728001331,Tropeaka Premium Clean Coffee,2026-09-16T17:42:53Z,2026-09-16T17:42:53Z
9350728001379,Tropeaka Lamington lean protein,2026-09-16T17:42:53Z,2026-09-16T17:42:53Z
9350728001386,Tropeaka Lean Protein strawberries and cream,2026-09-16T17:42:53Z,2026-09-16T17:42:53Z
9350728001577,Tropeaka Rich double choc protein + collagen,2026-09-16T17:42:53Z,2026-09-16T17:42:53Z
9350728001584,tropeaka PROTEIN + COLLAGEN,2026-09-16T17:42:53Z,2026-09-16T17:42:53Z
9350728001591,Tropeaka Beauty Custard Banana,2026-09-16T17:42:53Z,2026-09-16T17:42:53Z
9350728001607,Tropeaka Beauty custard,2026-09-16T17:42:53Z,2026-09-16T17:42:53Z
9350728001614,Tropeaka Lean Protein (vanilla),2026-09-16T17:42:53Z,2026-09-16T17:42:53Z
9350728001669,Tropeaka Beauty Custard Powder Mix - Collagen + Organic Protein,2026-09-16T17:42:53Z,2026-09-16T17:42:53Z
9350728001676,Tropeaka Beauty Custard,2026-09-16T17:42:53Z,2026-09-16T17:42:53Z
9350728001720,tropeaka MEAL SHAKE,2026-09-16T17:42:53Z,2026-09-16T17:42:53Z
9350728001737,Tropeaka Meal Replacement- Double Chocolate,2026-09-16T17:42:53Z,2026-09-16T17:42:53Z
9350728001744,Tropeaka Protien + Collagen Protien Power - Strawberry & Cream,2026-09-16T17:42:53Z,2026-09-16T17:42:53Z
9350728001768,Tropeaka Protein + Collagen Smooth Banana Flavour,2026-09-16T17:42:53Z,2026-09-16T17:42:53Z
9350728001782,tropeaka Pro Gut+ Powder,2026-09-16T17:42:53Z,2026-09-16T17:42:53Z
9350728001881,Tropeaka Lean Protein,2026-09-16T17:42:53Z,2026-09-16T17:42:53Z
9350728001959,Tropeaka Beauty Custard,2026-09-16T17:42:53Z,2026-09-16T17:42:53Z
9350728002123,tropeaka Protein Energy Bar - Chocolate Brownie,2026-09-16T17:42:53Z,2026-09-16T17:42:53Z
9350728002130,Tropeaka Peanut Butter Protein Energy Bar,2026-09-16T17:42:53Z,2026-09-16T17:42:53Z
9350728002147,tropeaka Protein Energy Bar - Choc Mint Brownie,2026-09-16T17:42:53Z,2026-09-16T17:42:53Z
9350728002154,Tropeaka Delicious Gut Bar - Caramel Choc Fudge,2026-09-16T17:42:53Z,2026-09-16T17:42:53Z
9350728002161,Tropeaka Choc Fudge Gut Bar,2026-09-16T17:42:53Z,2026-09-16T17:42:53Z
9350728002383,tropeaka THE HEALTHY MEAL SHAKE,2026-09-16T17:42:53Z,2026-09-16T17:42:53Z
9350728002499,Tropeaka Cookies And Cream,2026-09-16T17:42:53Z,2026-09-16T17:42:53Z
9350728002536,Tropeaka Creatine Monohydrate,2026-09-16T17:42:53Z,2026-09-16T17:42:53Z
9350728002543,Tropeaka Marine Collagen Peptide Powder Unflavoured,2026-09-16T17:42:53Z,2026-09-16T17:42:53Z
9350728002550,Tropeaka Strawberry Matcha,2026-09-16T17:42:53Z,2026-09-16T17:42:53Z
9350728002567,Tropeaka White Chocolate Beauty Matcha,2026-09-16T17:42:53Z,2026-09-16T17:42:53Z
9350728002598,Tropeaka Creatine Monohydrate Flavoured Powder,2026-09-16T17:42:53Z,2026-09-16T17:42:53Z
9350728002611,Tropeaka Protein Water Flavoured Powder,2026-09-16T17:42:53Z,2026-09-16T17:42:53Z
9350728002628,tropeaka Protein Water Flavoured Powder,2026-09-16T17:42:53Z,2026-09-16T17:42:53Z
9350728002741,Tropeaka Matcha Latte,2026-09-16T17:42:53Z,2026-09-16T17:42:53Z
9350728002758,tropeaka x SOPHA DOPHA White Chocolate Matcha Latte,2026-09-16T17:42:53Z,2026-09-16T17:42:53Z
9350728002765,Tropeaka Strawberry Matcha,2026-09-16T17:42:53Z,2026-09-16T17:42:53Z
9350730000179,Turbo Cassava Snacks 60g,2026-09-16T17:42:53Z,2026-09-16T17:42:53Z
9350758000618,infant formula,2026-09-16T17:42:53Z,2026-09-16T17:42:53Z
9350758000632,Toddler Milk Drink,2026-09-16T17:42:53Z,2026-09-16T17:42:53Z
9350768002459,Zanahoria 280 g,2026-09-16T17:42:53Z,2026-09-16T17:42:53Z
9350783000201,Great Ocean Road Chocolaterie Dark Couverture Chocolate,2026-09-16T17:42:53Z,2026-09-16T17:42:53Z
9350783000379,macadameia and salted caramel chocolate,2026-09-16T17:42:53Z,2026-09-16T17:42:53Z
9350783000973,Premium dark chocolate pastilles,2026-09-16T17:42:53Z,2026-09-16T17:42:53Z
9350783001093,Great Ocean Road Chocolaterie Milk Chocolate Coconut Slice,2026-09-16T17:42:53Z,2026-09-16T17:42:53Z
9350783001390,Great Oceon Road Chocolaterie Pistachio Spread,2026-09-16T17:42:53Z,2026-09-16T17:42:53Z
9350783001789,Great Ocean Road Chocolaterie Freeze Dried Strawberries In Dark Chocolate,2026-09-16T17:42:53Z,2026-09-16T17:42:53Z
9350783002380,High grade premium cocoa powder,2026-09-16T17:42:53Z,2026-09-16T17:42:53Z
9350783002465,So smooth hazelnut spread,2026-09-16T17:42:53Z,2026-09-16T17:42:53Z
9350783006548,Great Ocean Road Chocolaterie Freeze Dried Mangoes (Chocolate Coated),2026-09-16T17:42:53Z,2026-09-16T17:42:53Z
9350783008764,Great Ocean Road Chocolaterie Ruby Chocolate Bar 35g,2026-09-16T17:42:53Z,2026-09-16T17:42:53Z
9350783011900,Great Ocean Road Chocolaterie Mint Dark Chocolate,2026-09-16T17:42:53Z,2026-09-16T17:42:53Z
9350783012570,Great Ocean Road Chocolaterie Chocolaterie Dubai Bar,2026-09-16T17:42:53Z,2026-09-16T17:42:53Z
9350783012976,Single Origin Indonesia Premium Couverture Chocolate 80% Cocoa,2026-09-16T17:42:53Z,2026-09-16T17:42:53Z
9350784025401,Alogic USB-A (male) to USB-C (female) adapter,2026-09-16T17:42:53Z,2026-09-16T17:42:53Z
9350786002004,Kerko Food Chinese Curler,2026-09-16T17:42:53Z,2026-09-16T17:42:53Z
9350803000037,Smoothie Bombs,2026-09-16T17:42:53Z,2026-09-16T17:42:53Z
9350814001641,Ammaas Roasted Chana Dal,2026-09-16T17:42:53Z,2026-09-16T17:42:53Z
9350814008916,Ammaas Urad Gota,2026-09-16T17:42:53Z,2026-09-16T17:42:53Z
9350825000084,Hana Maru Frozen Shelled Edamame,2026-09-16T17:42:53Z,2026-09-16T17:42:53Z
9350843000103,Tamarind Tree Spiced Tomato Kasundi,2026-09-16T17:42:53Z,2026-09-16T17:42:53Z
9350845000088,Organic virgin coconut oil 350 ml,2026-09-16T17:42:53Z,2026-09-16T17:42:53Z
9350845001948,Cocolife Coconut Spray 150 ml,2026-09-16T17:42:53Z,2026-09-16T17:42:53Z
9350845002006,Cocolife Avocado Oil Spray 150 ml,2026-09-16T17:42:53Z,2026-09-16T17:42:53Z
9350845002174,Macadamia Oil Spray 150 ml,2026-09-16T17:42:53Z,2026-09-16T17:42:53Z
9350845003478,Cocolife Avocado Oil,2026-09-16T17:42:53Z,2026-09-16T17:42:53Z
9350845003546,Cocolife Macadamia Oil,2026-09-16T17:42:53Z,2026-09-16T17:42:53Z
9350845003614,Cocolife Avocado Oil,2026-09-16T17:42:53Z,2026-09-16T17:42:53Z
9350848002218,Aussielent All-in-one Supermeal,2026-09-16T17:42:53Z,2026-09-16T17:42:53Z
9350848003215,Aussielent Vanilla Meal Replacement,2026-09-16T17:42:53Z,2026-09-16T17:42:53Z
9350848004113,Aussielent vegan 500g,2026-09-16T17:42:53Z,2026-09-16T17:42:53Z
9350848005110,"Aussielent Vanilla, RTD",2026-09-16T17:42:53Z,2026-09-16T17:42:53Z
9350848007114,Aussielent Low carb choc,2026-09-16T17:42:53Z,2026-09-16T17:42:53Z
9350848008111,Aussielent Chocolate single serve bottle,2026-09-16T17:42:53Z,2026-09-16T17:42:53Z
9350848008517,"QOTA Nutritionally Complete Meal - Salted Caramel 1.75kg, 14x servings",2026-09-16T17:42:53Z,2026-09-16T17:42:53Z
9350848008616,Qota Low carb vanilla 1 kg,2026-09-16T17:42:53Z,2026-09-16T17:42:53Z
9350848008845,Qota Thai Green Rice,2026-09-16T17:42:53Z,2026-09-16T17:42:53Z
9350848008852,Qota Hot + Savoury: Moroccan Cous Cous,2026-09-16T17:42:53Z,2026-09-16T17:42:53Z
9350848008869,Qota Moroccan Cous Cous 500G,2026-09-16T17:42:53Z,2026-09-16T17:42:53Z
9350848009613,Aussielent Low-carb Vanilla Powder,2026-09-16T17:42:53Z,2026-09-16T17:42:53Z
9350848009712,Aussielent Meal replacement powder coffee,2026-09-16T17:42:53Z,2026-09-16T17:42:53Z
9350884001152,Mable’s Gourmet Cheese Apricot & Almond Cream Cheese,2026-09-16T17:42:53Z,2026-09-16T17:42:53Z
9350884001213,Mable's Gourmet Cheese Apricot And Almond Cream Cheese,2026-09-16T17:42:53Z,2026-09-16T17:42:53Z
9350900000336,Grace Farm Vegetable dumplings 600 g,2026-09-16T17:42:53Z,2026-09-16T17:42:53Z
9350904000042,Emperor Sushi Sushi White Hand Roll Teriyaki Chicken Cucumber,2026-09-16T17:42:53Z,2026-09-16T17:42:53Z
9350904000158,Insideout teriyaki chicken avocado roll - Emperor Sushi,2026-09-16T17:42:53Z,2026-09-16T17:42:53Z
9350904000219,Emperor Sushi Emperor Salmon Pack,2026-09-16T17:42:53Z,2026-09-16T17:42:53Z
9350904000301,Emperor Sushi Salt Pepper Calamari Roll,2026-09-16T17:42:53Z,2026-09-16T17:42:53Z
9350904000387,Emperor Sushi Kakiage Vege Tempura,2026-09-16T17:42:53Z,2026-09-16T17:42:53Z
9350904000721,Emperor Sushi White Hand Roll Cooked Tuna Cucumber,2026-09-16T17:42:53Z,2026-09-16T17:42:53Z
9350904001254,Romeo’s Fresh full cream milk,2026-09-16T17:42:53Z,2026-09-16T17:42:53Z
9350904001896,Sushi Emperor Cooked Tuna Avocado Roll With Aburi Parmesan Cheese Sauce,2026-09-16T17:42:53Z,2026-09-16T17:42:53Z
9350904002787,White Bread Romeos,2026-09-16T17:42:53Z,2026-09-16T17:42:53Z
9350904040307,Emperor Sushi Soft Shell Crab Roll,2026-09-16T17:42:53Z,2026-09-16T17:42:53Z
9350918000014,Vita Werx White Choc Bar,2026-09-16T17:42:53Z,2026-09-16T17:42:53Z
9350918000045,VitaWerx Protein Milk Choc Classic Milk,2026-09-16T17:42:53Z,2026-09-16T17:42:53Z
9350918000052,Vitawerx Protein Milk Chocolate Coconut Rough,2026-09-16T17:42:53Z,2026-09-16T17:42:53Z
9350918000212,Vitawerx Puffd Protein Crisps Milk Chocolate,2026-09-16T17:42:53Z,2026-09-16T17:42:53Z
9350918000229,Vitawerx Puff’s Protein Crisps,2026-09-16T17:42:53Z,2026-09-16T17:42:53Z
9350918000267,VitaWerx Protein Milk Choc Macadamias,2026-09-16T17:42:53Z,2026-09-16T17:42:53Z
9350918000304,Vitawerx Protein Milk Chocolate Blueberries,2026-09-16T17:42:53Z,2026-09-16T17:42:53Z
9350918000380,Vitawerx Protein White Choc Macadamias,2026-09-16T17:42:53Z,2026-09-16T17:42:53Z
9350918000526,Vitawerx White Chocolate Coconut Rough Bar,2026-09-16T17:42:53Z,2026-09-16T17:42:53Z
9350918000540,Vitawerx protein choc 100 g,2026-09-16T17:42:53Z,2026-09-16T17:42:53Z
9350918000557,Vitawerx Protein White chocolate coconut rough bar 100 g,2026-09-16T17:42:53Z,2026-09-16T17:42:53Z
9350918000632,Protein milk choc bar,2026-09-16T17:42:53Z,2026-09-16T17:42:53Z
9350918000649,Protein Milk Choc Coconut Rough Bar,2026-09-16T17:42:53Z,2026-09-16T17:42:53Z
9350918000670,Vitawerx Protein milk choc bar,2026-09-16T17:42:53Z,2026-09-16T17:42:53Z
9350918000687,Vitawerx Protein Milk Choc Coconut Rough Bar,2026-09-16T17:42:53Z,2026-09-16T17:42:53Z
9350918000816,Protein white choc bar,2026-09-16T17:42:53Z,2026-09-16T17:42:53Z
9350918000854,Keto Mayo,2026-09-16T17:42:53Z,2026-09-16T17:42:53Z
9350918000977,Protein white choc coated almonds 60 g,2026-09-16T17:42:53Z,2026-09-16T17:42:53Z
9350918001271,Vitawerx Puff'd Protein Crisps - White Choc 60 g,2026-09-16T17:42:53Z,2026-09-16T17:42:53Z
9350936000034,Peanut butter smooth,2026-09-16T17:42:53Z,2026-09-16T17:42:53Z
9350936000041,Byron Bay Peanut Butter Co Smooth Peanut Butter,2026-09-16T17:42:53Z,2026-09-16T17:42:53Z
9350936000072,Crunchy peanut butter,2026-09-16T17:42:53Z,2026-09-16T17:42:53Z
9350936000089,Crunchy Peanut Butter,2026-09-16T17:42:53Z,2026-09-16T17:42:53Z
9350936000218,Byron Bay Peanut Butter Co. Peanut Butter Smooth,2026-09-16T17:42:53Z,2026-09-16T17:42:53Z
9350939001175,Sandy Bay Estate Tasmania Chardonnay 750mL 750 mL,2026-09-16T17:42:53Z,2026-09-16T17:42:53Z
9350939001212,Sandy Bay Estate Tasmania Riesling 750mL 750 mL,2026-09-16T17:42:53Z,2026-09-16T17:42:53Z
9350939001410,Sandy Bay Estate Tasmania Sparkling 750mL 750 mL,2026-09-16T17:42:53Z,2026-09-16T17:42:53Z
9350942000479,sweet and sour,2026-09-16T17:42:53Z,2026-09-16T17:42:53Z
9350942000981,Fairy floss 60 g,2026-09-16T17:42:53Z,2026-09-16T17:42:53Z
9350974002014,Remedy Kombucha 330 ml,2026-09-16T17:42:53Z,2026-09-16T17:42:53Z
9350983001367,Coast Cucumber,2026-09-16T17:42:53Z,2026-09-16T17:42:53Z
9350985098938,Chai Spice Turmeric Sticky Chai,2026-09-16T17:42:53Z,2026-09-16T17:42:53Z
9350985099393,Chai Spice Vegan Sticky Chai,2026-09-16T17:42:53Z,2026-09-16T17:42:53Z
9350985099454,Panela sugar,2026-09-16T17:42:53Z,2026-09-16T17:42:53Z
9350985099461,Coconut blossom sugar,2026-09-16T17:42:53Z,2026-09-16T17:42:53Z
9350985099485,Vedica Golden Milk,2026-09-16T17:42:53Z,2026-09-16T17:42:53Z
9350985099621,Chai Spice Beverages Hush Blend 27% Cocoa,2026-09-16T17:42:53Z,2026-09-16T17:42:53Z
9350985099638,Chai Spice Hush Blend 40% Cocoa Drinking Chocolate,2026-09-16T17:42:53Z,2026-09-16T17:42:53Z
9350985099829,Sticky chai,2026-09-16T17:42:53Z,2026-09-16T17:42:53Z
9350985099973,Chai Spice Chili Chocolate,2026-09-16T17:42:53Z,2026-09-16T17:42:53Z
9350985099997,Chai Spice (Original),2026-09-16T17:42:53Z,2026-09-16T17:42:53Z
9351006000251,Drinking chocolate,2026-09-16T17:42:53Z,2026-09-16T17:42:53Z
9351008000006,NUTTVIA HAZELNUT SPREAD 350G,2026-09-16T17:42:53Z,2026-09-17T13:43:43Z
9351008000013,Nuttvia hazelnut spread 600 g,2026-09-16T17:42:53Z,2026-09-16T17:42:53Z
9351008000037,NUTTVIA HAZELNUT SPREAD SNACK 48G,2026-09-17T13:43:43Z,2026-09-17T13:43:43Z
9351031000332,Lemon coconut beauty bites,2026-09-16T17:42:53Z,2026-09-16T17:42:53Z
9351031000363,White Choc Raspberry,2026-09-16T17:42:53Z,2026-09-16T17:42:53Z
9351031000462,Beauty bites,2026-09-16T17:42:53Z,2026-09-16T17:42:53Z
9351031000530,Triple choc chip,2026-09-16T17:42:53Z,2026-09-16T17:42:53Z
9351031000608,Beauty Bites Hazelnut,2026-09-16T17:42:53Z,2026-09-16T17:42:53Z
9351031000639,BEAUTY BITES Peanut Butter,2026-09-16T17:42:53Z,2026-09-16T17:42:53Z
9351031000660,White Choc Macadamia BEAUTY BITES,2026-09-16T17:42:53Z,2026-09-16T17:42:53Z
9351031000691,Beauty Bite Peanut Butter Jelly,2026-09-16T17:42:53Z,2026-09-16T17:42:53Z
9351031001001,krumbled foods Collagen Peptides Blueberry Lemonade,2026-09-16T17:42:53Z,2026-09-16T17:42:53Z
9351031096823,Hydromama Passionfruit And orange,2026-09-16T17:42:53Z,2026-09-16T17:42:53Z
9351031096847,mini + me Hydramama blackcurrant,2026-09-16T17:42:53Z,2026-09-16T17:42:53Z
9351031096854,mini + me Hydramama cola,2026-09-16T17:42:53Z,2026-09-16T17:42:53Z
9351031096861,Mini + Me Hydramama Lemonade 240 g,2026-09-16T17:42:53Z,2026-09-16T17:42:53Z
9351031096915,mini + me Hydramama tropical,2026-09-16T17:42:53Z,2026-09-16T17:42:53Z
9351031096939,Hydramama Mini And Me Peach Iced Tea 240 g,2026-09-16T17:42:53Z,2026-09-16T17:42:53Z
9351031097172,mini + me Hydramama grape,2026-09-16T17:42:53Z,2026-09-16T17:42:53Z
9351076000045,Delicious Foods Australia Vegan classic bean nachos 430 g,2026-09-16T17:42:53Z,2026-09-16T17:42:53Z
9351085000012,Blueberries 125 g,2026-09-16T17:42:53Z,2026-09-16T17:42:53Z
9351089000377,Shea Butter 50oz,2026-09-16T17:42:53Z,2026-09-16T17:42:53Z
9351089000407,CareLine Saffron Face Scrub 500g,2026-09-16T17:42:53Z,2026-09-16T17:42:53Z
9351103000086,Pure Pop Strawberry Rhubarb Vanilla Icecream,2026-09-16T17:42:53Z,2026-09-16T17:42:53Z
9351103000109,PURE POPS Choc malt shake Ice Pop,2026-09-16T17:42:53Z,2026-09-16T17:42:53Z
9351103000123,Pure Pops Strawberry Rhubarb Vanilla Ice Pop,2026-09-16T17:42:53Z,2026-09-16T17:42:53Z
9351103000130,Pine lime Coconut,2026-09-16T17:42:53Z,2026-09-16T17:42:53Z
9351103000147,Pure pops Double Choc,2026-09-16T17:42:53Z,2026-09-16T17:42:53Z
9351103000260,Pure Pops Vanilla Malt Shake Popsicle,2026-09-16T17:42:53Z,2026-09-16T17:42:53Z
9351111000795,Peanut Van Crunchy Peanut Butter,2026-09-16T17:42:53Z,2026-09-16T17:42:53Z
9351111002485,The Peanut Van Boiled Peanuts,2026-09-16T17:42:53Z,2026-09-16T17:42:53Z
9351134000222,frank body Sweet Cheeks Kit,2026-09-16T17:42:53Z,2026-09-16T17:42:53Z
9351134001038,Frank Body Everyday Face Moisturiser,2026-09-16T17:42:53Z,2026-09-16T17:42:53Z
9351134001793,Frank Body Coconut Coffee Scrub,2026-09-16T17:42:53Z,2026-09-16T17:42:53Z
9351139000050,Concept Beverages Rockit Energy Drink,2026-09-16T17:42:53Z,2026-09-16T17:42:53Z
9351139000104,Aloe Vera drink lychee,2026-09-16T17:42:53Z,2026-09-16T17:42:53Z
9351139000128,Aloe vera drink,2026-09-16T17:42:53Z,2026-09-16T17:42:53Z
9351139000333,Aloe Vera Drink,2026-09-16T17:42:53Z,2026-09-16T17:42:53Z
9351139000456,aloe vera drink lychee,2026-09-16T17:42:53Z,2026-09-16T17:42:53Z
9351139000470,Aloe vera drink natural,2026-09-16T17:42:53Z,2026-09-16T17:42:53Z
9351139000494,Ice tea,2026-09-16T17:42:53Z,2026-09-16T17:42:53Z
9351139000517,Yamas,2026-09-16T17:42:53Z,2026-09-16T17:42:53Z
9351140000001,Cheese buddy,2026-09-16T17:42:53Z,2026-09-16T17:42:53Z
9351158002028,Butcher & Chef Beef Stroganoff with Rice,2026-09-16T17:42:53Z,2026-09-16T17:42:53Z
9351160000005,Bark bites,2026-09-16T17:42:53Z,2026-09-16T17:42:53Z
9351160000012,Bark bites,2026-09-16T17:42:53Z,2026-09-16T17:42:53Z
9351160000029,bark bites,2026-09-16T17:42:53Z,2026-09-16T17:42:53Z
9351160000036,Goji berries and toasted coconut,2026-09-16T17:42:53Z,2026-09-16T17:42:53Z
9351160000050,Wakey Wakey Chocolate With Coffee cracked coffee beans,2026-09-16T17:42:53Z,2026-09-16T17:42:53Z
9351160000081,Sneaky Quinoa,2026-09-16T17:42:53Z,2026-09-16T17:42:53Z
9351160000098,Snacking chocolate - milk chocolate,2026-09-16T17:42:53Z,2026-09-16T17:42:53Z
9351160000104,Sneaky Quinoa snacking chocolate,2026-09-16T17:42:53Z,2026-09-16T17:42:53Z
9351173001457,Peach seltzer,2026-09-16T17:42:53Z,2026-09-16T17:42:53Z
9351188000087,The Farmhouse Margaret River Smoked Pork Chorizo,2026-09-16T17:42:53Z,2026-09-16T17:42:53Z
9351206000181,Rock Hopper,2026-09-16T17:42:53Z,2026-09-16T17:42:53Z
9351206000686,Pacific Ale Alc Less Free,2026-09-16T17:42:53Z,2026-09-16T17:42:53Z
9351209004551,Solax Natural Fibre Gummies,2026-09-16T17:42:53Z,2026-09-16T17:42:53Z
9351229001936,Campers Pantry Chicken Cacciatore,2026-09-16T17:42:53Z,2026-09-16T17:42:53Z
9351229002292,Campers Pantry Thai Red Chicken Curry,2026-09-16T17:42:53Z,2026-09-16T17:42:53Z
9351229002322,Campers Pantry Tuna Pasta Bake,2026-09-16T17:42:53Z,2026-09-16T17:42:53Z
9351229002445,Campers Pantry Cold Brew Café Latte Ice Cream,2026-09-16T17:42:53Z,2026-09-16T17:42:53Z
9351235001418,Punjabi jaggery 1 kg,2026-09-16T17:42:53Z,2026-09-16T17:42:53Z
9351235019031,Poha thin 1 kg,2026-09-16T17:42:53Z,2026-09-16T17:42:53Z
9351239000103,Savion plain Bagel,2026-09-16T17:42:53Z,2026-09-16T17:42:53Z
9351257384186,Bonds Girls Underwear Bikini Briefs Size 8-10 Or 10-12 Assorted 4 pack,2026-09-16T17:42:53Z,2026-09-16T17:42:53Z
9351257384193,Bonds Girls Underwear Bikini Briefs Size 12-14 Or 14-16 Assorted 4 pack,2026-09-16T17:42:53Z,2026-09-16T17:42:53Z
9351257387200,Bonds Boys Underwear Trunks Size 8-10 Or 10-12 Assorted 3 pack,2026-09-16T17:42:53Z,2026-09-16T17:42:53Z
9351257387217,Bonds Boys Underwear Trunks Size 12-14 Or 14-16 Assorted 3 pack,2026-09-16T17:42:53Z,2026-09-16T17:42:53Z
9351257402439,Bonds Mens Chesty Size 18 1 Pack,2026-09-16T17:42:53Z,2026-09-16T17:42:53Z
9351257402453,Bonds Mens Chesty Size 22 1 Pack,2026-09-16T17:42:53Z,2026-09-16T17:42:53Z
9351270000384,Chicki bams,2026-09-16T17:42:53Z,2026-09-16T17:42:53Z
9351289000207,Traditional Belgian Caramelized Biscuit,2026-09-16T17:42:53Z,2026-09-16T17:42:53Z
9351298000243,Abbey Vale Rose 750mL 750 mL,2026-09-16T17:42:53Z,2026-09-16T17:42:53Z
9351298000328,Abbey Vale Chenin Blanc 750mL 750 mL,2026-09-16T17:42:53Z,2026-09-16T17:42:53Z
9351300000063,Choosy Beggars Chenin Blanc 750mL 750 mL,2026-09-16T17:42:53Z,2026-09-16T17:42:53Z
9351328000014,Gippsland Jersey Full Cream Jersey Milk 2L,2026-09-16T17:42:53Z,2026-09-16T17:42:53Z
9351328000038,Gippsland Jersey Unhomogenised Jersey Milk,2026-09-16T17:42:53Z,2026-09-16T17:42:53Z
9351328000113,Gippsland Jersey Jersey Milk Unhomogenised,2026-09-16T17:42:53Z,2026-09-16T17:42:53Z
9351328000151,Gippsland Jersey Cultured Sour Cream,2026-09-16T17:42:53Z,2026-09-16T17:42:53Z
9351331000018,The Milk Guys Farm Fresh Reduced Fat Milk,2026-09-16T17:42:53Z,2026-09-16T17:42:53Z
9351338000042,Veef Plant Based Burgers,2026-09-16T17:42:53Z,2026-09-16T17:42:53Z
9351338000509,Veef Plant Based Pulled Beef,2026-09-16T17:42:53Z,2026-09-16T17:42:53Z
9351338000516,Plant-based Pulled “Pork”,2026-09-16T17:42:53Z,2026-09-16T17:42:53Z
9351338000523,Plant vased pulled lamb,2026-09-16T17:42:53Z,2026-09-16T17:42:53Z
9351338000530,Plant-based meatballs with Tomato sauce,2026-09-16T17:42:53Z,2026-09-16T17:42:53Z
9351338000547,Plant Based Butter Chicken,2026-09-16T17:42:53Z,2026-09-16T17:42:53Z
9351338000554,VEEF Meatloaf,2026-09-16T17:42:53Z,2026-09-16T17:42:53Z
9351338000585,Plant based classic burger 226 g,2026-09-16T17:42:53Z,2026-09-16T17:42:53Z
9351338000592,Plant based chicken style burguer,2026-09-16T17:42:53Z,2026-09-16T17:42:53Z
9351338001094,Plant-based premium chicken burger 240 g,2026-09-16T17:42:53Z,2026-09-16T17:42:53Z
9351338001117,Plant based chicken,2026-09-16T17:42:53Z,2026-09-16T17:42:53Z
9351338001186,Veef Veed Plant Bases Premium Beef Burger 240 g,2026-09-16T17:42:53Z,2026-09-16T17:42:53Z
9351338001292,Plant Baswd Butter Chicken,2026-09-16T17:42:53Z,2026-09-16T17:42:53Z
9351338001308,Plant based meatballs with tomato sauce 400 g,2026-09-16T17:42:53Z,2026-09-16T17:42:53Z
9351338001469,Veef Roasted Seitan,2026-09-16T17:42:53Z,2026-09-16T17:42:53Z
9351338001476,Veef Plant based beef steak,2026-09-16T17:42:53Z,2026-09-16T17:42:53Z
9351338001483,Plant based beef brisket 360 g,2026-09-16T17:42:53Z,2026-09-16T17:42:53Z
9351338001490,Veef Plant based roast chicken,2026-09-16T17:42:53Z,2026-09-16T17:42:53Z
9351338001506,Veef Plant based beef,2026-09-16T17:42:53Z,2026-09-16T17:42:53Z
9351338001513,Veef Plant Based Chicken Schnitzel,2026-09-16T17:42:53Z,2026-09-16T17:42:53Z
9351338001568,Veef Bacon Bits,2026-09-16T17:42:53Z,2026-09-16T17:42:53Z
9351338001834,veef chorizo sausages,2026-09-16T17:42:53Z,2026-09-16T17:42:53Z
9351338001841,veef classic sausages,2026-09-16T17:42:53Z,2026-09-16T17:42:53Z
9351338001858,Veeg Smokey sausages,2026-09-16T17:42:53Z,2026-09-16T17:42:53Z
9351338001865,Veef Beef Mince,2026-09-16T17:42:53Z,2026-09-16T17:42:53Z
9351338001919,Buds Plant-based Burger,2026-09-16T17:42:53Z,2026-09-16T17:42:53Z
9351338001926,Love buds Southern Style Burgers,2026-09-16T17:42:53Z,2026-09-16T17:42:53Z
9351338002107,Macros Satar Power Bowl,2026-09-16T17:42:53Z,2026-09-16T17:42:53Z
9351340000474,Blackbutt Butchers Choice Beef Sausages,2026-09-16T17:42:53Z,2026-09-16T17:42:53Z
9351340001044,Blackbutt Grazing Company Grass Fed BBQ Sausages,2026-09-16T17:42:53Z,2026-09-16T17:42:53Z
9351340001211,Wandering Chicken Thai Sweet Chilli Kebabs,2026-09-16T17:42:53Z,2026-09-16T17:42:53Z
9351347000002,Nutricare Patch plasters,2026-09-16T17:42:53Z,2026-09-16T17:42:53Z
9351353000041,Hydrolysed marine collagen 150 g,2026-09-16T17:42:53Z,2026-09-16T17:42:53Z
9351353000058,Sleep Superfood Powder,2026-09-16T17:42:53Z,2026-09-16T17:42:53Z
9351353000065,Glow Hot Chocolate,2026-09-16T17:42:53Z,2026-09-16T17:42:53Z
9351353001277,Swiish Supergreens 300 g,2026-09-16T17:42:53Z,2026-09-16T17:42:53Z
9351353001345,Swish Glow Marine Collagen Powder,2026-09-16T17:42:53Z,2026-09-16T17:42:53Z
9351379002012,Dry Abalone XO Sauce,2026-09-16T17:42:53Z,2026-09-16T17:42:53Z
9351390000240,Marvel Health LAX Fruit Digestive Support,2026-09-16T17:42:53Z,2026-09-16T17:42:53Z
9351412000012,Strawberry Sunshine iceblock,2026-09-16T17:42:53Z,2026-09-16T17:42:53Z
9351412000036,Vanilla Bean,2026-09-16T17:42:53Z,2026-09-16T17:42:53Z
9351412000098,Frozen Sunshine Mango Swirl,2026-09-16T17:42:53Z,2026-09-16T17:42:53Z
9351412000104,Ice cream,2026-09-16T17:42:53Z,2026-09-16T17:42:53Z
9351412000142,Chocolate Coconut Milk Iceblocks,2026-09-16T17:42:53Z,2026-09-16T17:42:53Z
9351412000166,F-SUNSHINE MANGO SWIRL 320ML,2026-09-16T17:42:53Z,2026-09-16T17:42:53Z
9351412000302,Watermelom lime and mint real fruit iceblocks,2026-09-16T17:42:53Z,2026-09-16T17:42:53Z
9351412000531,Frozen Shunshine Passionfruit Tart popsicle,2026-09-16T17:42:53Z,2026-09-16T17:42:53Z
9351412000623,Frozen Sunshine Party Pack,2026-09-16T17:42:53Z,2026-09-16T17:42:53Z
9351414051876,Master Multigrain wraps 600 g,2026-09-16T17:42:53Z,2026-09-16T17:42:53Z
9351414052002,Plain Roti,2026-09-16T17:42:53Z,2026-09-16T17:42:53Z
9351414052019,Master Wholemeal Roti Indian Chapattis,2026-09-16T17:42:53Z,2026-09-16T17:42:53Z
9351414052033,Multigrain flour roti,2026-09-16T17:42:53Z,2026-09-16T17:42:53Z
9351414052088,Ragi Roti millet flour,2026-09-16T17:42:53Z,2026-09-16T17:42:53Z
9351414052095,Chapati tunisien,2026-09-16T17:42:53Z,2026-09-16T17:42:53Z
9351414052132,Master Flatbread Jowar Roti,2026-09-16T17:42:53Z,2026-09-16T17:42:53Z
9351414052514,Master Garlic Naan 240g,2026-09-16T17:42:53Z,2026-09-16T17:42:53Z
9351422000002,PERKii mango passionfruit probiotic drink 350 mL,2026-09-16T17:42:53Z,2026-09-16T17:42:53Z
9351422000019,Perkii Strawberry & Watermelon Flavoured Probiotic Drink 350ml,2026-09-16T17:42:53Z,2026-09-16T17:42:53Z
9351422000064,Perkii Tropical Splash Probiotic Drink 350ml,2026-09-16T17:42:53Z,2026-09-16T17:42:53Z
9351422000132,Mango Passionfruit Probiotic,2026-09-16T17:42:53Z,2026-09-16T17:42:53Z
9351422000156,"Watermelon, mint and cucumber",2026-09-16T17:42:53Z,2026-09-16T17:42:53Z
9351422000200,Mango passion fruit probiotic drink,2026-09-16T17:42:53Z,2026-09-16T17:42:53Z
9351422000750,Perkii Perki,2026-09-16T17:42:53Z,2026-09-16T17:42:53Z
9351429000005,Adelaide Select Lemon Biscuits,2026-09-16T17:42:53Z,2026-09-16T17:42:53Z
9351429002450,Tony And Mark's Tortellini Alla Pana,2026-09-16T17:42:53Z,2026-09-16T17:42:53Z
9351429002702,Tony & Mark’s House Made Pumpkin Arancini,2026-09-16T17:42:53Z,2026-09-16T17:42:53Z
9351450000302,Topwil Organic Rice Malt Syrup,2026-09-16T17:42:53Z,2026-09-16T17:42:53Z
9351450000784,TOPWIL ORGANIC Organic Canadian Maple Syrup,2026-09-16T17:42:53Z,2026-09-16T17:42:53Z
9351450000951,Coconut amino sauce,2026-09-16T17:42:53Z,2026-09-16T17:42:53Z
9351450000982,Organic Coconut Amino Sauce,2026-09-16T17:42:53Z,2026-09-16T17:42:53Z
9351450001293,Coconut nectar,2026-09-16T17:42:53Z,2026-09-16T17:42:53Z
9351450001330,Organic coconut butter 7 oz,2026-09-16T17:42:53Z,2026-09-16T17:42:53Z
9351450001620,Topwill Coconut Flour Organic,2026-09-16T17:42:53Z,2026-09-16T17:42:53Z
9351450001637,Organic coconut sugar,2026-09-16T17:42:53Z,2026-09-16T17:42:53Z
9351450001644,Topwil Organic Organic Premium Coconut Sugar 300g,2026-09-16T17:42:53Z,2026-09-16T17:42:53Z
9351450001651,Topwil Organic Organic rapadura sugar 300 g,2026-09-16T17:42:53Z,2026-09-16T17:42:53Z
9351450001729,Organic MCT coconut oil,2026-09-16T17:42:53Z,2026-09-16T17:42:53Z
9351450001880,Coconut oil,2026-09-16T17:42:53Z,2026-09-16T17:42:53Z
9351450001965,Organic coconut amino sause,2026-09-16T17:42:53Z,2026-09-16T17:42:53Z
9351450001972,Organic coconut amino sauce teriyaki,2026-09-16T17:42:53Z,2026-09-16T17:42:53Z
9351450001989,Organic Amino Sauce Sweet Chilli,2026-09-16T17:42:53Z,2026-09-16T17:42:53Z
9351450002900,Organic cold pressed coconut oil,2026-09-16T17:42:53Z,2026-09-16T17:42:53Z
9351450002917,Coconut Oil,2026-09-16T17:42:53Z,2026-09-16T17:42:53Z
9351450002924,Organic MCT coconut oil,2026-09-16T17:42:53Z,2026-09-16T17:42:53Z
9351450002931,Coconut amino sauce,2026-09-16T17:42:53Z,2026-09-16T17:42:53Z
9351450002948,Organic coconut amino acid sauce,2026-09-16T17:42:53Z,2026-09-16T17:42:53Z
9351450002955,Soy Free Seasoning,2026-09-16T17:42:53Z,2026-09-16T17:42:53Z
9351450002962,Organic coconut chips,2026-09-16T17:42:53Z,2026-09-16T17:42:53Z
9351450002979,organic coconut flour,2026-09-16T17:42:53Z,2026-09-16T17:42:53Z
9351450002986,Organic Coconut Sugar,2026-09-16T17:42:53Z,2026-09-16T17:42:53Z
9351450002993,Blissful Organics Coconut Milk 400 ml,2026-09-16T17:42:53Z,2026-09-16T17:42:53Z
9351450003006,Coconut Cream,2026-09-16T17:42:53Z,2026-09-16T17:42:53Z
9351450003044,BLISSFUL organics organic COCONUT MILK light,2026-09-16T17:42:53Z,2026-09-16T17:42:53Z
9351450003075,Organic Coconut Chips,2026-09-16T17:42:53Z,2026-09-16T17:42:53Z
9351450003099,Rice malt syrup,2026-09-16T17:42:53Z,2026-09-16T17:42:53Z
9351450003235,Coconut amino sauce,2026-09-16T17:42:53Z,2026-09-16T17:42:53Z
9351450004065,Pat’s Organic Snacks Organic Coconut Rolls,2026-09-16T17:42:53Z,2026-09-16T17:42:53Z
9351450004072,Pat's Coconut Rolls,2026-09-16T17:42:53Z,2026-09-16T17:42:53Z
9351450004096,Pads Organic Snacks Organic Coconut Clusters,2026-09-16T17:42:53Z,2026-09-16T17:42:53Z
9351450004232,Pat's Organic Snacks Organic Sweetened Banana Chips,2026-09-16T17:42:53Z,2026-09-16T17:42:53Z
9351450004249,Pat's Organic Coconut Rolls Chocolate 140 g,2026-09-16T17:42:53Z,2026-09-16T17:42:53Z
9351450004256,Pat's Organic coconut rolls vanilla 140 g,2026-09-16T17:42:53Z,2026-09-16T17:42:53Z
9351450004300,Pat’s Organic Rice Cakes,2026-09-16T17:42:53Z,2026-09-16T17:42:53Z
9351450004447,Pats organic snacks Coconut chocolate clusters,2026-09-16T17:42:53Z,2026-09-16T17:42:53Z
9351450004829,Pat's Organic Pumpkin Crackers 100 g,2026-09-16T17:42:53Z,2026-09-16T17:42:53Z
9351450006519,Sweet and Smoky Jackfruit,2026-09-16T17:42:53Z,2026-09-16T17:42:53Z
9351450006526,The Tender Table Organic Tangy BBQ Jackfruit 300 g,2026-09-16T17:42:53Z,2026-09-16T17:42:53Z
9351450006663,Coconut Whipping Cream Original,2026-09-16T17:42:53Z,2026-09-16T17:42:53Z
9351450009770,Natural coconut amino sauce 250 ml,2026-09-16T17:42:53Z,2026-09-16T17:42:53Z
9351467000180,Nudus Pineapple Air-fried Fruit Chips 20 g,2026-09-16T17:42:53Z,2026-09-16T17:42:53Z
9351470000108,100% whey,2026-09-16T17:42:53Z,2026-09-16T17:42:53Z
9351470000313,JDNutraceuticals 100% Whry Protein Isolate,2026-09-16T17:42:53Z,2026-09-16T17:42:53Z
9351470000603,Amino shred,2026-09-16T17:42:53Z,2026-09-16T17:42:53Z
9351470000825,Vegan vibe coco boom,2026-09-16T17:42:53Z,2026-09-16T17:42:53Z
9351475000318,Beetroot Pomegranate and Fennel,2026-09-16T17:42:53Z,2026-09-16T17:42:53Z
9351475000370,Oliver Lane Keto crispbread,2026-09-16T17:42:53Z,2026-09-16T17:42:53Z
9351484000019,Smooth peanut butter,2026-09-16T17:42:53Z,2026-09-16T17:42:53Z
9351484000026,peanut butter,2026-09-16T17:42:53Z,2026-09-16T17:42:53Z
9351495000121,Purabon Breakfast Ball - Apricot Granola,2026-09-16T17:42:53Z,2026-09-16T17:42:53Z
9351495000145,Purabon Choc Chip Ball,2026-09-16T17:42:53Z,2026-09-16T17:42:53Z
9351495000152,Purabon double chocolat,2026-09-16T17:42:53Z,2026-09-16T17:42:53Z
9351495000169,Purabon choc chip berry ball,2026-09-16T17:42:53Z,2026-09-16T17:42:53Z
9351495000213,WHOLEFOOD BAR,2026-09-16T17:42:53Z,2026-09-16T17:42:53Z
9351495000336,Purabon Protein Balls Choc Brownie,2026-09-16T17:42:53Z,2026-09-16T17:42:53Z
9351495000343,Purabon Wholefood Ball | Coconut Cacao,2026-09-16T17:42:53Z,2026-09-16T17:42:53Z
9351495000350,PURABORN WHOLEFOOD BALL Apricot Delight,2026-09-16T17:42:53Z,2026-09-16T17:42:53Z
9351495000374,Purabon Protein balls,2026-09-16T17:42:53Z,2026-09-16T17:42:53Z
9351495000381,Purabon Protein Ball Peanut Butter,2026-09-16T17:42:53Z,2026-09-16T17:42:53Z
9351495000398,Protein ball - halzelnut cacao,2026-09-16T17:42:53Z,2026-09-16T17:42:53Z
9351498000036,Zambreros White Choc Blondie,2026-09-16T17:42:53Z,2026-09-16T17:42:53Z
9351498000043,Z Chocolate Brownie,2026-09-16T17:42:53Z,2026-09-16T17:42:53Z
9351507000026,Bullseye Meats Pty Ltd Vegemite Beef Jerky,2026-09-16T17:42:53Z,2026-09-16T17:42:53Z
9351518001265,Leogate Estate Arrowfield Central Ranges Merlot 750mL 750 mL,2026-09-16T17:42:53Z,2026-09-16T17:42:53Z
9351518001364,Phantom of the Vineyard Organic Merlot 750mL 750 mL,2026-09-16T17:42:53Z,2026-09-16T17:42:53Z
9351530000123,Sparkling pomegranate,2026-09-16T17:42:53Z,2026-09-16T17:42:53Z
9351530000130,Kombucha Sparking Mixed Berry,2026-09-16T17:42:53Z,2026-09-16T17:42:53Z
9351531001235,Kodiak Power cakes,2026-09-16T17:42:53Z,2026-09-16T17:42:53Z
9351541049593,Sweetcraze Freeze Dried Candy,2026-09-16T17:42:53Z,2026-09-16T17:42:53Z
9351541049609,Sweet Craze Freeze Dried Cola Bottle,2026-09-16T17:42:53Z,2026-09-16T17:42:53Z
9351541049623,Sweet Craze Marshmallow Twist,2026-09-16T17:42:53Z,2026-09-16T17:42:53Z
9351541050131,sweet craze,2026-09-16T17:42:53Z,2026-09-16T17:42:53Z
9351541050179,Candy Cove Peelable mango flavoured Gummies,2026-09-16T17:42:53Z,2026-09-16T17:42:53Z
9351541050186,Candy Cove Peelable Gummies,2026-09-16T17:42:53Z,2026-09-16T17:42:53Z
9351541050384,Candy Cove Freed Dieed Marshmallow,2026-09-16T17:42:53Z,2026-09-16T17:42:53Z
9351541058823,Kmart Sour Snackle Box,2026-09-16T17:42:53Z,2026-09-16T17:42:53Z
9351541059042,Candycove Caramel Popcorn,2026-09-16T17:42:53Z,2026-09-16T17:42:53Z
9351541059059,Rainbow Popcorn Candycove,2026-09-16T17:42:53Z,2026-09-16T17:42:53Z
9351541060086,CandyCove Swedish Gummies 80 g,2026-09-16T17:42:53Z,2026-09-16T17:42:53Z
9351541060109,CandyCove Banana Toffee Heart,2026-09-16T17:42:53Z,2026-09-16T17:42:53Z
9351541060116,Candy Grive Swedish Style Gummies Watermelon Heart,2026-09-16T17:42:53Z,2026-09-16T17:42:53Z
9351541060512,Goodlife Grocer Dubai Chocolate,2026-09-16T17:42:53Z,2026-09-16T17:42:53Z
9351541060994,GoodLife Grocers Crunchy Vanilla Wafers 150 g,2026-09-16T17:42:53Z,2026-09-16T17:42:53Z
9351541061083,mini biscuit,2026-09-16T17:42:53Z,2026-09-16T17:42:53Z
9351541061687,CandyCove CRISPY MALLOWS RAINBOW,2026-09-16T17:42:53Z,2026-09-16T17:42:53Z
9351541062233,Sweet Vibes swedish style candy,2026-09-16T17:42:53Z,2026-09-16T17:42:53Z
9351541062271,Sweet Vibes Swedish Style Candy Sour Blue Raspberry Rhombus Gummies,2026-09-16T17:42:53Z,2026-09-16T17:42:53Z
9351566000005,Riverina Fresh Full Cream Milk,2026-09-16T17:42:53Z,2026-09-16T17:42:53Z
9351566000036,Riverina Fresh Skim milk,2026-09-16T17:42:53Z,2026-09-16T17:42:53Z
9351566000043,Riverina Fresh Light+ Milk,2026-09-16T17:42:53Z,2026-09-16T17:42:53Z
9351566000067,Riverina Fresh Skim Milk 2 Litres,2026-09-16T17:42:53Z,2026-09-16T17:42:53Z
9351566000159,Riverina Fresh Chocolate Flavoured Milk,2026-09-16T17:42:53Z,2026-09-16T17:42:53Z
9351566000166,Coffee Flavoured Milk,2026-09-16T17:42:53Z,2026-09-16T17:42:53Z
9351566000302,Riverina Lactose Free Full Cream Milk,2026-09-16T17:42:53Z,2026-09-16T17:42:53Z
9351585000000,Calbee Harvest snaps baked pea crisps,2026-09-16T17:42:53Z,2026-09-16T17:42:53Z
9351585000017,Calbee Harvest snaps Baked pea crips chilli 93 g,2026-09-16T17:42:53Z,2026-09-16T17:42:53Z
9351585000024,Calbee Harvest Snaps Baked pra Crisps,2026-09-16T17:42:53Z,2026-09-16T17:42:53Z
9351585000031,CALBEE FRUGRA FRUITS & GRANOLA 500G,2026-09-17T13:43:43Z,2026-09-17T13:43:43Z
9351585000055,Baked Pea Crisps,2026-09-16T17:42:53Z,2026-09-16T17:42:53Z
9351585000079,Calbee salt n vinegar harvest snaps,2026-09-16T17:42:53Z,2026-09-16T17:42:53Z
9351585000086,Calbee Harvest snaps,2026-09-16T17:42:53Z,2026-09-16T17:42:53Z
9351585000109,Calbee Baked pea crisps 80 g,2026-09-16T17:42:53Z,2026-09-16T17:42:53Z
9351585000123,"Calbee Harvest snaps, blackbean, baked, crisps 85 g",2026-09-16T17:42:53Z,2026-09-16T17:42:53Z
9351585000130,Calbee Harvest Snaps Black Bean,2026-09-16T17:42:53Z,2026-09-16T17:42:53Z
9351585000185,Harvest Snap Pea Crisps,2026-09-16T17:42:53Z,2026-09-16T17:42:53Z
9351585000192,Calbee Harvest Snapd 200 g,2026-09-16T17:42:53Z,2026-09-16T17:42:53Z
9351585000253,Calbee Golden Chippees Russet Potato Chips,2026-09-16T17:42:53Z,2026-09-16T17:42:53Z
9351585000277,golden chipees,2026-09-16T17:42:53Z,2026-09-16T17:42:53Z
9351585000314,Calbee Harvest snaps 900 g,2026-09-16T17:42:53Z,2026-09-16T17:42:53Z
9351585000369,Calbee Chickpea Baked Crisps - Siracha & Yuzu Flavour 75 g,2026-09-16T17:42:53Z,2026-09-16T17:42:53Z
9351585000376,Calbee Roasted Capsicum Flavour Chickpea Baked Crisps 75 g,2026-09-16T17:42:53Z,2026-09-16T17:42:53Z
9351585000383,"Chickpea baked crisps. Coconut, lemongrass and tumeric flavor 75 g",2026-09-16T17:42:53Z,2026-09-16T17:42:53Z
9351585000390,Calbee Chickpea baked crisps sweet potato and miso flavour,2026-09-16T17:42:53Z,2026-09-16T17:42:53Z
9351585000406,Harvest snaps 90 g,2026-09-16T17:42:53Z,2026-09-16T17:42:53Z
9351585000413,Calbee Harvest salt and vinegar harvest snaps 90 g,2026-09-16T17:42:53Z,2026-09-16T17:42:53Z
9351585000451,Calbee Baked Pea Crisps Chilli,2026-09-16T17:42:53Z,2026-09-16T17:42:53Z
9351585000475,Calbee Melts,2026-09-16T17:42:53Z,2026-09-16T17:42:53Z
9351585000499,Calbee Melts Cheeseburger Flavour,2026-09-16T17:42:53Z,2026-09-16T17:42:53Z
9351585000550,Calbee Harvest Snaps Baked Pea Crisps,2026-09-16T17:42:53Z,2026-09-16T17:42:53Z
9351585000574,Calbee Garlic and rosemary croutons,2026-09-16T17:42:53Z,2026-09-16T17:42:53Z
9351585000581,Calbee Croutons,2026-09-16T17:42:53Z,2026-09-16T17:42:53Z
9351585000598,Calbee Harvest Snaps Tasty Toppers Greek Dressing Flavour,2026-09-16T17:42:53Z,2026-09-16T17:42:53Z
9351585000611,Harvest snaps tasty toppers,2026-09-16T17:42:53Z,2026-09-16T17:42:53Z
9351585000628,Calbee Original Frugra Granola 500g,2026-09-16T17:42:53Z,2026-09-16T17:42:53Z
9351585000659,Calbee Chickpea baked crisps,2026-09-16T17:42:53Z,2026-09-16T17:42:53Z
9351585000680,Calbee Harvest Snaps Baked Pea Crisps,2026-09-16T17:42:53Z,2026-09-16T17:42:53Z
9351585000697,Calbee harvest snaps,2026-09-16T17:42:53Z,2026-09-16T17:42:53Z
9351585000703,Calbee Harvest Snaps,2026-09-16T17:42:53Z,2026-09-16T17:42:53Z
9351585000727,Calbee Hooleys Rings Original Onion Flavour,2026-09-16T17:42:53Z,2026-09-16T17:42:53Z
9351585000758,Hooleys Rings Jalapeno & Cheddar,2026-09-16T17:42:53Z,2026-09-16T17:42:53Z
9351585000772,Calbee pea crisps vegemite,2026-09-16T17:42:53Z,2026-09-16T17:42:53Z
9351585000826,Calbee HARVEST SNAPS Baked Pea Crisps Original Salted 120 g,2026-09-16T17:42:53Z,2026-09-16T17:42:53Z
9351585000833,Calbee HARVEST SNAPS BAKED PEA CRISPS SALT & VINEGAR 120 g,2026-09-16T17:42:53Z,2026-09-16T17:42:53Z
9351585000840,Calbee HARVEST SNAPS BAKED PEA CRISPS CHILLI,2026-09-16T17:42:53Z,2026-09-16T17:42:53Z
9351585000857,Calbee Harvest Snaps Baked Pea Crisps Wasabi Flavour 120 g,2026-09-16T17:42:53Z,2026-09-16T17:42:53Z
9351585000925,Calbee Harvest Snaps Baked Pea Crisps Original Salted 230g,2026-09-16T17:42:53Z,2026-09-16T17:42:53Z
9351585000932,Calbee Harvest Snaps Baked Pea Crisps Salt & Vinegar,2026-09-16T17:42:53Z,2026-09-16T17:42:53Z
9351585000949,Calbee Harvest Snaps Baked Pea Crisps Chilli,2026-09-16T17:42:53Z,2026-09-16T17:42:53Z
9351585000963,Calbee Harvest Snaps Baked Pea Crisps Original Salted 5 individual packs: 18g each,2026-09-16T17:42:53Z,2026-09-16T17:42:53Z
9351585000970,Green Pea Harvest Snaps Baked Pea Crisps Salt & Vinegar,2026-09-16T17:42:53Z,2026-09-16T17:42:53Z
9351585000987,Harvest Snaps,2026-09-16T17:42:53Z,2026-09-16T17:42:53Z
9351585000994,Calbee Harvest Original Salted Pea Crisps,2026-09-16T17:42:53Z,2026-09-16T17:42:53Z
9351585001007,Harvest Snaps Baked Pea Crisps,2026-09-16T17:42:53Z,2026-09-16T17:42:53Z
9351585001014,Harvest Snaps Chilli Baked Pea Crisps,2026-09-16T17:42:53Z,2026-09-16T17:42:53Z
9351585001021,Calbee Harvest snaps,2026-09-16T17:42:53Z,2026-09-16T17:42:53Z
9351585001038,Calbee HARVEST SNAPS Baked PEA Crisps,2026-09-16T17:42:53Z,2026-09-16T17:42:53Z
9351585001045,Harvest Snaps Baked Pea Crisps - Tomato Chutney Flavour 120g,2026-09-16T17:42:53Z,2026-09-16T17:42:53Z
9351585001052,Calbee Harvest Snaps Baked Pea Crisps Mexicana Flavour,2026-09-16T17:42:53Z,2026-09-16T17:42:53Z
9351585001076,Calbee HARVEST SNAPS BAKED PEA CRISPS SOUR CREAM & CHIVES FLAVOUR,2026-09-16T17:42:53Z,2026-09-16T17:42:53Z
9351585001083,calbee Harvest Snaps Baked Pea Crisps Original Salted 200g,2026-09-16T17:42:53Z,2026-09-16T17:42:53Z
9351585001113,HARVEST SNAPS BAKED PEA CRISPS ORIGINAL SALTED,2026-09-16T17:42:53Z,2026-09-16T17:42:53Z
9351585001120,Harvest Snaps Baked Pea Crisps Salt & Vinegar,2026-09-16T17:42:53Z,2026-09-16T17:42:53Z
9351585001144,Calbee Grill-A-Corn BBQ Flavour,2026-09-16T17:42:53Z,2026-09-16T17:42:53Z
9351585001175,Harvest Snaps Baked Pea Crisps,2026-09-16T17:42:53Z,2026-09-16T17:42:53Z
9351585001182,Calbee Harvest Snaps,2026-09-16T17:42:53Z,2026-09-16T17:42:53Z
9351585001236,Hooleys Smokey barbecue rings,2026-09-16T17:42:53Z,2026-09-16T17:42:53Z
9351585001243,calbee hooleys waves mild barbeque flavour,2026-09-16T17:42:53Z,2026-09-16T17:42:53Z
9351585001267,Calbee Hooleys Waves Original Salted,2026-09-16T17:42:53Z,2026-09-16T17:42:53Z
9351585001274,Calbee Hooleys Waves Salt & Vinegar Flavour,2026-09-16T17:42:53Z,2026-09-16T17:42:53Z
9351585001335,Harvest Snaps Tasty Toppers,2026-09-16T17:42:53Z,2026-09-16T17:42:53Z
9351585001373,Calbee Hooley's Rings,2026-09-16T17:42:53Z,2026-09-16T17:42:53Z
9351585001380,Calbee Hooleys Rings Sweet Chilli,2026-09-16T17:42:53Z,2026-09-16T17:42:53Z
9351585001410,Harvest Snaps Baked Pea Crisps Supreme Cheese Flavour,2026-09-16T17:42:53Z,2026-09-16T17:42:53Z
9351585001472,Calbee Takoyaki Ball,2026-09-16T17:42:53Z,2026-09-16T17:42:53Z
9351585001489,Calbee Hooleys Waves Supreme Cheese,2026-09-16T17:42:53Z,2026-09-16T17:42:53Z
9351585001496,Harvest Snaps Baked Pea Crisps,2026-09-16T17:42:53Z,2026-09-16T17:42:53Z
9351585001519,Calbee Harvest Snaps Scoopers Veggie Crisps,2026-09-16T17:42:53Z,2026-09-16T17:42:53Z
9351585001526,Harvest Snaps Loaded Taco Scoopers,2026-09-16T17:42:53Z,2026-09-16T17:42:53Z
9351585001533,Calbee Harvest Snaps Scoopers Veggie Crisps Jalapeno Cheddar Flavour,2026-09-16T17:42:53Z,2026-09-16T17:42:53Z
9351585001540,Calbee HARVEST SNAPS SCOOPERS,2026-09-16T17:42:53Z,2026-09-16T17:42:53Z
9351585001793,Calbee Harvest Snaps Scoopers Barbeque,2026-09-16T17:42:53Z,2026-09-16T17:42:53Z
9351585001823,Harvest Snaps Veggie Snack Mix,2026-09-16T17:42:53Z,2026-09-16T17:42:53Z
9351585001847,Harvest Snaps Veggie Snack Mix,2026-09-16T17:42:53Z,2026-09-16T17:42:53Z
9351585001854,Harvest Snaps Hot Cross Bun Flavor Baked Pea Crisps,2026-09-16T17:42:53Z,2026-09-16T17:42:53Z
9351594000534,Inner glow greens + collagen,2026-09-16T17:42:53Z,2026-09-16T17:42:53Z
9351594001012,Sup INNER GLOW COLLAGEN BOOST,2026-09-16T17:42:53Z,2026-09-16T17:42:53Z
9351594001371,Focus,2026-09-16T17:42:53Z,2026-09-16T17:42:53Z
9351594001548,Gut Love Priobotic Gummies,2026-09-16T17:42:53Z,2026-09-16T17:42:53Z
9351594001593,Clear skin,2026-09-16T17:42:53Z,2026-09-16T17:42:53Z
9351594001906,Sup Fit caffeine energy gummies 163 g,2026-09-16T17:42:53Z,2026-09-16T17:42:53Z
9351594002705,SUP PRE-WORKOUT GUMMIES,2026-09-16T17:42:53Z,2026-09-16T17:42:53Z
9351594002712,SUP CREATINE HIGH PERFORMANCE GUMMIES 158 g,2026-09-16T17:42:53Z,2026-09-16T17:42:53Z
9351594002729,Sup BCAA Gummies Peach Flavour 160 g,2026-09-16T17:42:53Z,2026-09-16T17:42:53Z
9351594002774,SUP Supplements SUP Pre-Workout Intensifier Gummies,2026-09-16T17:42:53Z,2026-09-16T17:42:53Z
9351594002781,SUP Creatine Gummies,2026-09-16T17:42:53Z,2026-09-16T17:42:53Z
9351594002880,SUP SHRED L-CARNITINE HIGH PERFORMANCE GUMMIES 158 g,2026-09-16T17:42:53Z,2026-09-16T17:42:53Z
9351594002958,SUP CREATINE HIGH PERFORMANCE GUMMIES,2026-09-16T17:42:53Z,2026-09-16T17:42:53Z
9351594002989,SUP Supplements Creatine Gummies,2026-09-16T17:42:53Z,2026-09-16T17:42:53Z
9351594003450,SUP Creatine Gummies (Peach Flavour),2026-09-16T17:42:53Z,2026-09-16T17:42:53Z
9351597000012,Sydney's Quality Dips Hummus,2026-09-16T17:42:53Z,2026-09-16T17:42:53Z
9351597000111,Roasted Garlic Hummus 220 g,2026-09-16T17:42:53Z,2026-09-16T17:42:53Z
9351597000128,Mediterranean Hummus,2026-09-16T17:42:53Z,2026-09-16T17:42:53Z
9351597000265,SQD greek olive with feta,2026-09-16T17:42:53Z,2026-09-16T17:42:53Z
9351597000289,Sqd greek olive with chilli,2026-09-16T17:42:53Z,2026-09-16T17:42:53Z
9351597000814,Sydney’s Quality Dips Goats Cheese,2026-09-16T17:42:53Z,2026-09-16T17:42:53Z
9351610000203,Original Beef Jerky,2026-09-16T17:42:53Z,2026-09-16T17:42:53Z
9351624000046,Woods Farm Christmas Cake Slice,2026-09-16T17:42:53Z,2026-09-16T17:42:53Z
9351624000053,The Woods Farm Handmade Christmas Cake,2026-09-16T17:42:53Z,2026-09-16T17:42:53Z
9351630000252,pentavite bubbly B plus,2026-09-16T17:42:53Z,2026-09-16T17:42:53Z
9351648001098,Whey Labs Whey Protein,2026-09-16T17:42:53Z,2026-09-16T17:42:53Z
9351648001951,Whey Labs Pro Standard Isolate Protein Chunky Monkey,2026-09-16T17:42:53Z,2026-09-16T17:42:53Z
9351648001982,Yum Natural Powdered Peanut Butter,2026-09-16T17:42:53Z,2026-09-16T17:42:53Z
9351648002514,Wheylabs Whey Isolate,2026-09-16T17:42:53Z,2026-09-16T17:42:53Z
9351648002576,Yum Natural Almond Protein,2026-09-16T17:42:53Z,2026-09-16T17:42:53Z
9351648002736,Wheylabs Choco Melt Isolate Protein Shake,2026-09-16T17:42:53Z,2026-09-16T17:42:53Z
9351648003078,Whey Labs Pro Standard Isolate Protein Vanilla Ice-cream,2026-09-16T17:42:53Z,2026-09-16T17:42:53Z
9351648003085,Whey Labs Pro Standard Isolate Protein,2026-09-16T17:42:53Z,2026-09-16T17:42:53Z
9351648003160,Protein powder - Trusted,2026-09-16T17:42:53Z,2026-09-16T17:42:53Z
9351648003382,Trusted Nutrition 100% Cluster Dextrin,2026-09-16T17:42:53Z,2026-09-16T17:42:53Z
9351648003641,Trusted Nutrition Creatine Monohydrate Unflavoured 1 kg,2026-09-16T17:42:53Z,2026-09-16T17:42:53Z
9351651000415,The Bushwacker 3 x 30 ml,2026-09-16T17:42:53Z,2026-09-16T17:42:53Z
9351651000439,Zhot Shotz Pink tornado 3 x 30 ml,2026-09-16T17:42:53Z,2026-09-16T17:42:53Z
9351651000453,Zhot shot Shot shotz,2026-09-16T17:42:53Z,2026-09-16T17:42:53Z
9351651000460,Sex on the beach 3 x 30 ml,2026-09-16T17:42:53Z,2026-09-16T17:42:53Z
9351679000077,GH Produce Chipotle And Desert Lime Nuts,2026-09-16T17:42:53Z,2026-09-16T17:42:53Z
9351679000084,Rosemary and salbush nuts,2026-09-16T17:42:53Z,2026-09-16T17:42:53Z
9351679000411,GH produce Moon Surf Bar,2026-09-16T17:42:53Z,2026-09-16T17:42:53Z
9351679000428,GH Produce Bush Trail Bar,2026-09-16T17:42:53Z,2026-09-16T17:42:53Z
9351693000121,Thé roogenic,2026-09-16T17:42:53Z,2026-09-16T17:42:53Z
9351693000459,Menopause Night,2026-09-16T17:42:53Z,2026-09-16T17:42:53Z
9351693000688,Women’s Balance Native Plant Tea Elixir,2026-09-16T17:42:53Z,2026-09-16T17:42:53Z
9351693000756,Collagen native plant tea elixir,2026-09-16T17:42:53Z,2026-09-16T17:42:53Z
9351693001579,Roogenic Gut Restore 180 g,2026-09-16T17:42:53Z,2026-09-16T17:42:53Z
9351693001630,Roogenic Cosmic Cocoa,2026-09-16T17:42:53Z,2026-09-16T17:42:53Z
9351693001982,Roogenic Australian Honey,2026-09-16T17:42:53Z,2026-09-16T17:42:53Z
9351693002330,Roogenic Australia Kakadu plum 30 g,2026-09-16T17:42:53Z,2026-09-16T17:42:53Z
9351693003207,Nestlé Health Science Native Sleep 10 x 63 g,2026-09-16T17:42:53Z,2026-09-16T17:42:53Z
9351693004518,Native Sleep,2026-09-16T17:42:53Z,2026-09-16T17:42:53Z
9351699000002,Auspride Full Cream Milk,2026-09-16T17:42:53Z,2026-09-16T17:42:53Z
9351699000040,Fresh Milk UHT 250 ml,2026-09-16T17:42:53Z,2026-09-16T17:42:53Z
9351699000057,O’Lait Full Fat Milk,2026-09-16T17:42:53Z,2026-09-16T17:42:53Z
9351704000058,ALNOOR SPKR LED LAMP QURAAN SQ319L,2026-09-17T13:43:43Z,2026-09-17T13:43:43Z
9351714000079,Peanut butter chocolate toffee bourbon cake,2026-09-16T17:42:53Z,2026-09-16T17:42:53Z
9351714000147,Cremorne St bakers Salted caramel Brownies,2026-09-16T17:42:53Z,2026-09-16T17:42:53Z
9351714001403,Cremornest Bakers Super Ginger Crunch Bites,2026-09-16T17:42:53Z,2026-09-16T17:42:53Z
9351714003780,Cookie,2026-09-16T17:42:53Z,2026-09-16T17:42:53Z
9351714004268,Cremorne St Bakery Salted Caramel Sensation,2026-09-16T17:42:53Z,2026-09-16T17:42:53Z
9351714004305,Cremorne Street Bakers Gingerbread,2026-09-16T17:42:53Z,2026-09-16T17:42:53Z
9351714004510,Cremourne St Bakers Fruit Mince,2026-09-16T17:42:53Z,2026-09-16T17:42:53Z
9351714004688,Cremorne St Bakers Salted Caramel Mini Munch Brownies,2026-09-16T17:42:53Z,2026-09-16T17:42:53Z
9351714004800,Choc Chip Cookie Cremorne St Bakers,2026-09-16T17:42:53Z,2026-09-16T17:42:53Z
9351714005784,Starbucks Tennis Ball Cookie,2026-09-16T17:42:53Z,2026-09-16T17:42:53Z
9351714005807,Cremorne Street Bakers Easter Chick Vanilla Shortbread,2026-09-16T17:42:53Z,2026-09-16T17:42:53Z
9351716001005,HomeMade Pizza Co. Garlic And Herb Crust,2026-09-16T17:42:53Z,2026-09-16T17:42:53Z
9351716001029,Homemade Pizza Co. Pizza Base With Sauce,2026-09-16T17:42:53Z,2026-09-16T17:42:53Z
9351716001050,Harris Farm Markets BBQ Meatlover,2026-09-16T17:42:53Z,2026-09-16T17:42:53Z
9351716001111,Homemade Pizza Co Garlic & Herb Bread,2026-09-16T17:42:53Z,2026-09-16T17:42:53Z
9351716001326,Homemade Pizza Co Hawaiian Pizza,2026-09-16T17:42:53Z,2026-09-16T17:42:53Z
9351716001364,Cibo di lucio Margherita pizza,2026-09-16T17:42:53Z,2026-09-16T17:42:53Z
9351716001388,The Green Lion Triple Choc,2026-09-16T17:42:53Z,2026-09-16T17:42:53Z
9351716001494,The Green Lion Tiramisu,2026-09-16T17:42:53Z,2026-09-16T17:42:53Z
9351716001876,Homemade Pizza Co Garlic & Herb Bread,2026-09-16T17:42:53Z,2026-09-16T17:42:53Z
9351716001883,Homemade Co Garlic And herb Bread,2026-09-16T17:42:53Z,2026-09-16T17:42:53Z
9351716001913,Harris Farm Gluten Free Margherita Pizza,2026-09-16T17:42:53Z,2026-09-16T17:42:53Z
9351716003023,Crumbs Artisan Bakery Ciabatta Rectangle Rolls,2026-09-16T17:42:53Z,2026-09-16T17:42:53Z
9351716003061,Crumbs Artisan Bakery Focaccia Tomato,2026-09-16T17:42:53Z,2026-09-16T17:42:53Z
9351720000001,Macamilk,2026-09-16T17:42:53Z,2026-09-16T17:42:53Z
9351720000018,Macamilk Macadamia Milk,2026-09-16T17:42:53Z,2026-09-16T17:42:53Z
9351720000025,Macamilk Almond Milk,2026-09-16T17:42:53Z,2026-09-16T17:42:53Z
9351738010085,Aussie Made Crunchy Kreenuts,2026-09-16T17:42:53Z,2026-09-16T17:42:53Z
9351738010092,Dark Kreenuts,2026-09-16T17:42:53Z,2026-09-16T17:42:53Z
9351738011440,Kreenuts Salted Caramel,2026-09-16T17:42:53Z,2026-09-16T17:42:53Z
9351755000076,PBCo Protein pancake mix,2026-09-16T17:42:53Z,2026-09-16T17:42:53Z
9351755000359,The Protein Bread Co Protein Banana Bread,2026-09-16T17:42:53Z,2026-09-16T17:42:53Z
9351775000100,Jiva tonic,2026-09-16T17:42:53Z,2026-09-16T17:42:53Z
9351775000148,Kombucha pomegranate,2026-09-16T17:42:53Z,2026-09-16T17:42:53Z
9351775000377,XTREME SHOT Sour Apple,2026-09-16T17:42:53Z,2026-09-16T17:42:53Z
9351775000384,Jiva Vitality Tonic Shot,2026-09-16T17:42:53Z,2026-09-16T17:42:53Z
9351775000568,Carob Farm Honeycomb Carob Chocolate Bear,2026-09-16T17:42:53Z,2026-09-16T17:42:53Z
9351775000575,Carob Farm Salted Caramel Carob,2026-09-16T17:42:53Z,2026-09-16T17:42:53Z
9351775000605,Carob Farm Original Carob Chocolate Block,2026-09-16T17:42:53Z,2026-09-16T17:42:53Z
9351775000612,Carob Farm Honeycomb Carob Chocolate,2026-09-16T17:42:53Z,2026-09-16T17:42:53Z
9351775000636,Carob Farm Lamington Carob Block,2026-09-16T17:42:53Z,2026-09-16T17:42:53Z
9351775000643,Carob Farm 100's & 1000's Carob Block,2026-09-16T17:42:53Z,2026-09-16T17:42:53Z
9351775000865,Xtreme shot berry,2026-09-16T17:42:53Z,2026-09-16T17:42:53Z
9351775000889,Kobucha probiotic drink Organic watermelon and mint,2026-09-16T17:42:53Z,2026-09-16T17:42:53Z
9351775001091,JIVA Superberry Sensation,2026-09-16T17:42:53Z,2026-09-16T17:42:53Z
9351775001107,JIVA kombucha,2026-09-16T17:42:53Z,2026-09-16T17:42:53Z
9351775001152,Jiva Tonic Defender,2026-09-16T17:42:53Z,2026-09-16T17:42:53Z
9351775001169,VIVA Reset. Detox & Wellness Booster,2026-09-16T17:42:53Z,2026-09-16T17:42:53Z
9351775001176,JIVA Glow Tonic Shot,2026-09-16T17:42:53Z,2026-09-16T17:42:53Z
9351775001268,All natural corn chips 350 g,2026-09-16T17:42:53Z,2026-09-16T17:42:53Z
9351775001473,Original Popcorn 80 g,2026-09-16T17:42:53Z,2026-09-16T17:42:53Z
9351775001527,Pepper's mint crisp,2026-09-16T17:42:53Z,2026-09-16T17:42:53Z
9351775001572,Sugar free wellness soda,2026-09-16T17:42:53Z,2026-09-16T17:42:53Z
9351775001633,Ginger lemon kombucha,2026-09-16T17:42:53Z,2026-09-16T17:42:53Z
9351775001640,JIVA Restore. Tonic Shot,2026-09-16T17:42:53Z,2026-09-16T17:42:53Z
9351775001657,JIVA Ginger+,2026-09-16T17:42:53Z,2026-09-16T17:42:53Z
9351775001725,Jiva Kombucha Mango And Passionfruit,2026-09-16T17:42:53Z,2026-09-16T17:42:53Z
9351775001732,Passionfruit & Mango kombucha,2026-09-16T17:42:53Z,2026-09-16T17:42:53Z
9351775001749,Xtreme tonic Spicy Ginger Detox,2026-09-16T17:42:53Z,2026-09-16T17:42:53Z
9351775001947,Isle Culture Ginger Lemon Kombucha,2026-09-16T17:42:53Z,2026-09-16T17:42:53Z
9351775002180,Xtreme Shot Zesty Ginger,2026-09-16T17:42:53Z,2026-09-16T17:42:53Z
9351775002227,Juice Story Vitalise juice,2026-09-16T17:42:53Z,2026-09-16T17:42:53Z
9351775002241,Juice Story Daily Greens,2026-09-16T17:42:53Z,2026-09-16T17:42:53Z
9351775002258,Valli Antioxidant Raspberry Lovehearts,2026-09-16T17:42:53Z,2026-09-16T17:42:53Z
9351775002470,Jiva Super Greens Juice,2026-09-16T17:42:53Z,2026-09-16T17:42:53Z
9351775002487,Jiva Revive & Renew Juice,2026-09-16T17:42:53Z,2026-09-16T17:42:53Z
9351775002500,Juice Story Cloudy Apple Juice,2026-09-16T17:42:53Z,2026-09-16T17:42:53Z
9351775002821,Xtreme Shot,2026-09-16T17:42:53Z,2026-09-16T17:42:53Z
9351775002838,Jiva Chocolate Hydration Protein,2026-09-16T17:42:53Z,2026-09-16T17:42:53Z
9351775002845,JIVA Vanilla Hydration Protein,2026-09-16T17:42:53Z,2026-09-16T17:42:53Z
9351777000009,Noshu Donut 45 g,2026-09-16T17:42:53Z,2026-09-16T17:42:53Z
9351777001150,nōshu fudgy brownies mix,2026-09-16T17:42:53Z,2026-09-16T17:42:53Z
9351777001174,noshu 97% Sugar Free iced funtella cakes 180 g,2026-09-16T17:42:53Z,2026-09-16T17:42:53Z
9351777001198,Sugar free choc baking chips,2026-09-16T17:42:53Z,2026-09-16T17:42:53Z
9351777001204,Noshu White choc baking chips,2026-09-16T17:42:53Z,2026-09-16T17:42:53Z
9351777001211,Noshu 98% Sugar Free Choc Chip Cookies Mix 300 g,2026-09-16T17:42:53Z,2026-09-16T17:42:53Z
9351777001228,Vanilla cupcakes,2026-09-16T17:42:53Z,2026-09-16T17:42:53Z
9351777001235,Noshu Blondies,2026-09-16T17:42:53Z,2026-09-16T17:42:53Z
9351777001242,Noshu Chocolate caramel crunch,2026-09-16T17:42:53Z,2026-09-16T17:42:53Z
9351777001259,Noshu Pancake mix low sugar,2026-09-16T17:42:53Z,2026-09-16T17:42:53Z
9351777001266,Shackles Sugar Free Yoghurty Strawberry,2026-09-16T17:42:53Z,2026-09-16T17:42:53Z
9351777001280,Snackles sugar free - Unicorn sprinkles,2026-09-16T17:42:53Z,2026-09-16T17:42:53Z
9351777001297,Noshu Snackles Marshy Mellow,2026-09-16T17:42:53Z,2026-09-16T17:42:53Z
9351777001303,Noshu Sugarfree Double Choc Snackles,2026-09-16T17:42:53Z,2026-09-16T17:42:53Z
9351777001310,Noshu Dark Choc Baking Chips,2026-09-16T17:42:53Z,2026-09-16T17:42:53Z
9351777001327,Noshu Milk chocolate melts,2026-09-16T17:42:53Z,2026-09-16T17:42:53Z
9351777001341,nōshu iced carrot cakes,2026-09-16T17:42:53Z,2026-09-16T17:42:53Z
9351777001365,Noshu Donut Sugarfree Birthday Cake,2026-09-16T17:42:53Z,2026-09-16T17:42:53Z
9351777001389,Noshu Protein Pancakes,2026-09-16T17:42:53Z,2026-09-16T17:42:53Z
9351777001396,Chocolate cupcakes,2026-09-16T17:42:53Z,2026-09-16T17:42:53Z
9351777001426,nōshu LOW CARB indulgence cherry & coconut,2026-09-16T17:42:53Z,2026-09-16T17:42:53Z
9351777001433,nóshu coconut bliss bar,2026-09-16T17:42:53Z,2026-09-16T17:42:53Z
9351777001464,noshu peanut & caramel nougat,2026-09-16T17:42:53Z,2026-09-16T17:42:53Z
9351777001471,No Shu Peaches and Cream,2026-09-16T17:42:53Z,2026-09-16T17:42:53Z
9351777001488,nósu Mango & Cream Protein Bars,2026-09-16T17:42:53Z,2026-09-16T17:42:53Z
9351777001495,nōshu Raspberry & Cream Protein Bars,2026-09-16T17:42:53Z,2026-09-16T17:42:53Z
9351777001501,Noshu Low carb nut bar,2026-09-16T17:42:53Z,2026-09-16T17:42:53Z
9351777001518,Cranberry coconut and yoghurt low carb bar,2026-09-16T17:42:53Z,2026-09-16T17:42:53Z
9351777001525,nōshu Low carb nut bar 5 bars = 160g,2026-09-16T17:42:53Z,2026-09-16T17:42:53Z
9351777001532,Snackles Double Choc,2026-09-16T17:42:53Z,2026-09-16T17:42:53Z
9351777001549,Noshuuu Sugar free choc baking chips,2026-09-16T17:42:53Z,2026-09-16T17:42:53Z
9351777001556,Noshu Vanilla Velvet Cake,2026-09-16T17:42:53Z,2026-09-16T17:42:53Z
9351777001563,Noshu Sugar Free Cake Mix,2026-09-16T17:42:53Z,2026-09-16T17:42:53Z
9351777001570,Nōshu Noshu Banana Bread Mix 450g,2026-09-16T17:42:53Z,2026-09-16T17:42:53Z
9351777001600,Iced Angel Cakes,2026-09-16T17:42:53Z,2026-09-16T17:42:53Z
9351777001617,nōshu banana bread,2026-09-16T17:42:53Z,2026-09-16T17:42:53Z
9351777001624,Cherry & coconut,2026-09-16T17:42:53Z,2026-09-16T17:42:53Z
9351777001631,milk chocolate malt crunch,2026-09-16T17:42:53Z,2026-09-16T17:42:53Z
9351777001648,Noshu Milk chocolate wafer crisp,2026-09-16T17:42:53Z,2026-09-16T17:42:53Z
9351777001655,Dark Chocolate Cherry & Coconut,2026-09-16T17:42:53Z,2026-09-16T17:42:53Z
9351777001662,Noshu,2026-09-16T17:42:53Z,2026-09-16T17:42:53Z
9351777001686,nōshu dark choc cherry & coconut,2026-09-16T17:42:53Z,2026-09-16T17:42:53Z
9351777001693,nóshu coconut bliss,2026-09-16T17:42:53Z,2026-09-16T17:42:53Z
9351777001716,Noshu Peanut and Caramel Nougat,2026-09-16T17:42:53Z,2026-09-16T17:42:53Z
9351777001808,nōshu choc mint,2026-09-16T17:42:53Z,2026-09-16T17:42:53Z
9351777001815,nōshu double choc brownie,2026-09-16T17:42:53Z,2026-09-16T17:42:53Z
9351777001945,Good eggs - Nōshu - Nōshu,2026-09-16T17:42:53Z,2026-09-16T17:42:53Z
9351777001952,Joshua Caramel Mud Cake,2026-09-16T17:42:53Z,2026-09-16T17:42:53Z
9351777001976,Noshu Chewy cookie snacks,2026-09-16T17:42:53Z,2026-09-16T17:42:53Z
9351777001983,Chewy cookie snacks,2026-09-16T17:42:53Z,2026-09-16T17:42:53Z
9351777002027,nōshu white choc baking chips,2026-09-16T17:42:53Z,2026-09-16T17:42:53Z
9351777002034,nōshu dark choc baking chips,2026-09-16T17:42:53Z,2026-09-16T17:42:53Z
9351777002041,Noshu Sugar Free Milk Chocolate Melts,2026-09-16T17:42:53Z,2026-09-16T17:42:53Z
9351777002058,More Love Less Sugar choc baking chips,2026-09-16T17:42:53Z,2026-09-16T17:42:53Z
9351777002065,Low carb indulgence,2026-09-16T17:42:53Z,2026-09-16T17:42:53Z
9351777002072,nōshu fudgy peanut brownies,2026-09-16T17:42:53Z,2026-09-16T17:42:53Z
9351777002089,noshu peanut & caramel nougat bars coated in milk choc,2026-09-16T17:42:53Z,2026-09-16T17:42:53Z
9351777002096,nöshu No sugar added milk choc melts,2026-09-16T17:42:53Z,2026-09-16T17:42:53Z
9351777002102,Noshu Original Pancakes,2026-09-16T17:42:53Z,2026-09-16T17:42:53Z
9351777002119,nōshu buttermilk pancake mix,2026-09-16T17:42:53Z,2026-09-16T17:42:53Z
9351777002157,Noshu Apple Pie Protein Bar,2026-09-16T17:42:53Z,2026-09-16T17:42:53Z
9351777002171,nōshu Crunchy Cookie Butter,2026-09-16T17:42:53Z,2026-09-16T17:42:53Z
9351777002188,nōshu Caramel Sticky Date with COLLAGEN,2026-09-16T17:42:53Z,2026-09-16T17:42:53Z
9351777002195,nōshu Low Carb Indulgence pistachio,2026-09-16T17:42:53Z,2026-09-16T17:42:53Z
9351777002232,nōshu Crunchy Cookie Butter,2026-09-16T17:42:53Z,2026-09-16T17:42:53Z
9351777002256,nóshu Crunchy Cookie Butter,2026-09-16T17:42:53Z,2026-09-16T17:42:53Z
9351777002263,nōshu LOW CARB indulgence peanut & caramel nougat,2026-09-16T17:42:53Z,2026-09-16T17:42:53Z
9351777002331,Noshu No Sugar Added Caramel Baking Chips,2026-09-16T17:42:53Z,2026-09-16T17:42:53Z
9351777002348,nōshu honeycomb,2026-09-16T17:42:53Z,2026-09-16T17:42:53Z
9351777002355,nōshu Low Carb Indulgence choc hazelnut,2026-09-16T17:42:53Z,2026-09-16T17:42:53Z
9351777002362,nōshu LOW CARB indulgence salted caramel & almond,2026-09-16T17:42:53Z,2026-09-16T17:42:53Z
9351777002379,nōshu Mango & Cream Protein Bars,2026-09-16T17:42:53Z,2026-09-16T17:42:53Z
9351777002386,nōshu Passionfruit & Cream Protein Bars,2026-09-16T17:42:53Z,2026-09-16T17:42:53Z
9351777002393,nōshu Protein fiber protein choc malt,2026-09-16T17:42:53Z,2026-09-16T17:42:53Z
9351777003086,The Better Baking Co Vanilla Mini Cakes,2026-09-16T17:42:53Z,2026-09-16T17:42:53Z
9351777003093,The Better Baking Co Chocolate Mini Cake,2026-09-16T17:42:53Z,2026-09-16T17:42:53Z
9351777003109,The Better Baking Co. Strawberry Mini Cakes,2026-09-16T17:42:53Z,2026-09-16T17:42:53Z
9351813098311,Natural Marine Collagen 18 g,2026-09-16T17:42:53Z,2026-09-16T17:42:53Z
9351813098427,Vida glow Collège,2026-09-16T17:42:53Z,2026-09-16T17:42:53Z
9351813098618,Natural Marine Collagen,2026-09-16T17:42:53Z,2026-09-16T17:42:53Z
9351813099110,Vida Glow Peach Natural Marine Collagen,2026-09-16T17:42:53Z,2026-09-16T17:42:53Z
9351813099134,Vida glow,2026-09-16T17:42:53Z,2026-09-16T17:42:53Z
9351813099301,Natural marine collagen 90 g,2026-09-16T17:42:53Z,2026-09-16T17:42:53Z
9351813099950,Vida Glow Marine Collagen,2026-09-16T17:42:53Z,2026-09-16T17:42:53Z
9351848000884,Barkly Polish Sausage,2026-09-16T17:42:53Z,2026-09-16T17:42:53Z
9351848030027,Barkly Short Cut Vacon,2026-09-16T17:42:53Z,2026-09-16T17:42:53Z
9351850000001,Kombucha - The bucha shop- lemon and ginger 200.0g,2026-09-16T17:42:53Z,2026-09-16T17:42:53Z
9351850000018,Kombucha,2026-09-16T17:42:53Z,2026-09-16T17:42:53Z
9351851000109,COYO Natural Dairy Free Coconut Yoghurt 500g,2026-09-16T17:42:53Z,2026-09-16T17:42:53Z
9351851000116,Coyo Plant based Coconut yogurt 500g,2026-09-16T17:42:53Z,2026-09-16T17:42:53Z
9351851000352,COYO CHOCOLATE CHERRY 125ML,2026-09-17T13:43:43Z,2026-09-17T13:43:43Z
9351851000369,COYO CHOCOLATE CHERRY 500ML,2026-09-17T13:43:43Z,2026-09-17T13:43:43Z
9351851000390,COYO CHOCO RIPPLE 125ML,2026-09-17T13:43:43Z,2026-09-17T13:43:43Z
9351851000406,COYO CHOCOLATE RIPPLE 500ML,2026-09-16T17:42:53Z,2026-09-17T13:43:43Z
9351851000413,COYO COFFEE & CREAM 125ML,2026-09-17T13:43:43Z,2026-09-17T13:43:43Z
9351851000420,COYO COFFEE & CREAM 500ML,2026-09-17T13:43:43Z,2026-09-17T13:43:43Z
9351851000451,COYO CARAMEL 125ML,2026-09-17T13:43:43Z,2026-09-17T13:43:43Z
9351851000468,COYO SALTED CARAMEL 500ML,2026-09-16T17:42:53Z,2026-09-17T13:43:43Z
9351851000888,Organic Coconut Yoghurt,2026-09-16T17:42:53Z,2026-09-16T17:42:53Z
9351851000895,COYO Natural,2026-09-16T17:42:53Z,2026-09-16T17:42:53Z
9351851001144,COYO MINT CHOC CHIP 500ML,2026-09-17T13:43:43Z,2026-09-17T13:43:43Z
9351851001151,COYO VANILLA BEAN 500ML,2026-09-16T17:42:53Z,2026-09-17T13:43:43Z
9351851001182,COYO VANILLA BEAN 125ML,2026-09-16T17:42:53Z,2026-09-17T13:43:43Z
9351851001212,Coyo Coconut,2026-09-16T17:42:53Z,2026-09-16T17:42:53Z
9351851001328,Coyo Vanilla Bean Probiotic Coconut Milk Kefir,2026-09-16T17:42:53Z,2026-09-16T17:42:53Z
9351851001496,COYO MINT CHOC CHIP 125ML,2026-09-16T17:42:53Z,2026-09-17T13:43:43Z
9351851001557,Mixed berry coconut yogurt,2026-09-16T17:42:53Z,2026-09-16T17:42:53Z
9351851001564,Coyo Mango coconut yogurt 500grams,2026-09-16T17:42:53Z,2026-09-16T17:42:53Z
9351851001847,COYO COCONUT 500ML,2026-09-17T13:43:43Z,2026-09-17T13:43:43Z
9351851001885,Honey coconut yogurt,2026-09-16T17:42:53Z,2026-09-16T17:42:53Z
9351851001892,Vanilla Bean Coconut Yogurt,2026-09-16T17:42:53Z,2026-09-16T17:42:53Z
9351851001908,Natural coconut yoghurt,2026-09-16T17:42:53Z,2026-09-16T17:42:53Z
9351851001922,Cookies and cream,2026-09-16T17:42:53Z,2026-09-16T17:42:53Z
9351851001946,COYO Greek Style Dairy Free Coconut Yoghurt,2026-09-16T17:42:53Z,2026-09-16T17:42:53Z
9351851001953,Hreek style coconut yogurt,2026-09-16T17:42:53Z,2026-09-16T17:42:53Z
9351851002172,Co Yo Mango Coyo Frozen Yogurt,2026-09-16T17:42:53Z,2026-09-16T17:42:53Z
9351851002202,Vanilla bean Coyo,2026-09-16T17:42:53Z,2026-09-16T17:42:53Z
9351851002226,Coyo Frozen yoghurt,2026-09-16T17:42:53Z,2026-09-16T17:42:53Z
9351851002240,Co yo Vanilla bean coconut yogurt,2026-09-16T17:42:53Z,2026-09-16T17:42:53Z
9351851002264,Mango Coyo,2026-09-16T17:42:53Z,2026-09-16T17:42:53Z
9351851002370,COYO Dairy Free Custard Vanilla Coconut Custard,2026-09-16T17:42:53Z,2026-09-16T17:42:53Z
9351851002431,Coyo Sour Cream Dairy Free,2026-09-16T17:42:53Z,2026-09-16T17:42:53Z
9351851002554,CoYo Oat & coconut,2026-09-16T17:42:53Z,2026-09-16T17:42:53Z
9351851002561,Coyo Vanilla Oat And Coconut Yogurt,2026-09-16T17:42:53Z,2026-09-16T17:42:53Z
9351851002639,COYO Mango Dairy Free Coconut Yoghurt,2026-09-16T17:42:53Z,2026-09-16T17:42:53Z
9351851002684,Coyo Dairy Free Mixed Berry Yoghurt 200g,2026-09-16T17:42:53Z,2026-09-16T17:42:53Z
9351857000004,Mindful Foods Byron Bay Organic and Activated Cacao brain power,2026-09-16T17:42:53Z,2026-09-16T17:42:53Z
9351857000028,Eros love and vitality,2026-09-16T17:42:53Z,2026-09-16T17:42:53Z
9351857000035,Birchia,2026-09-16T17:42:53Z,2026-09-16T17:42:53Z
9351857000042,Mindful Foods Byron Bay Activated Cacao Brain Power,2026-09-16T17:42:53Z,2026-09-16T17:42:53Z
9351857000066,Mindful Foods Eros Granola,2026-09-16T17:42:53Z,2026-09-16T17:42:53Z
9351857000127,mindful foods yummy beans 250g,2026-09-16T17:42:53Z,2026-09-16T17:42:53Z
9351857000158,Chillax brew,2026-09-16T17:42:53Z,2026-09-16T17:42:53Z
9351857000233,Mindful Foods Organic & Activated Almonds 500 grams,2026-09-16T17:42:53Z,2026-09-16T17:42:53Z
9351857000240,Mindful Foods Organic & Activated Cashews 500g,2026-09-16T17:42:53Z,2026-09-16T17:42:53Z
9351857000264,Mindful Foods Organic & Activated Walnuts 400 grams,2026-09-16T17:42:53Z,2026-09-16T17:42:53Z
9351857000790,Mindful Foods Berry buckies,2026-09-16T17:42:53Z,2026-09-16T17:42:53Z
9351857000851,Korean BBQ Munchies,2026-09-16T17:42:53Z,2026-09-16T17:42:53Z
9351857000899,Mindful Foods Organic Psyllium Husk 200 grams,2026-09-16T17:42:53Z,2026-09-16T17:42:53Z
9351857001032,Teriyaki munchies,2026-09-16T17:42:53Z,2026-09-16T17:42:53Z
9351857001148,Mindful Foods Chocolate Clusters,2026-09-16T17:42:53Z,2026-09-16T17:42:53Z
9351857002459,Shredded Coconut & Goji Berries Maple Moon Carob Bar All Organic,2026-09-16T17:42:53Z,2026-09-16T17:42:53Z
9351857002527,Mindful Foods Beetroot Powder (Organic),2026-09-16T17:42:53Z,2026-09-16T17:42:53Z
9351857004996,Anti-inflammatory,2026-09-16T17:42:53Z,2026-09-16T17:42:53Z
9351857005016,Detoxify,2026-09-16T17:42:53Z,2026-09-16T17:42:53Z
9351857005146,Stardust Plant protein chocolate,2026-09-16T17:42:53Z,2026-09-16T17:42:53Z
9351857005160,Stardust Organic Plant Protein Powder (Caramel Flavoured),2026-09-16T17:42:53Z,2026-09-16T17:42:53Z
9351857006464,Mindful Foods Organic Black Cumin Nigella Sativa Stavia 120 grams,2026-09-16T17:42:53Z,2026-09-16T17:42:53Z
9351857007201,Yeast Flakes,2026-09-16T17:42:53Z,2026-09-16T17:42:53Z
9351857007430,Mindful Foods Biodynamic Brown Rice 850 grams,2026-09-16T17:42:53Z,2026-09-16T17:42:53Z
9351864000219,BRYNE Sauerkraut,2026-09-16T17:42:53Z,2026-09-16T17:42:53Z
9351864000226,Saurkraut with beet and apple,2026-09-16T17:42:53Z,2026-09-16T17:42:53Z
9351864000233,BRYNE CO Kimchi 460g,2026-09-16T17:42:53Z,2026-09-16T17:42:53Z
9351864000332,Pickled jalapeños,2026-09-16T17:42:53Z,2026-09-16T17:42:53Z
9351864000349,Pickled gherkins,2026-09-16T17:42:53Z,2026-09-16T17:42:53Z
9351864000356,Bryne company Burger pickles,2026-09-16T17:42:53Z,2026-09-16T17:42:53Z
9351864000608,Bryne Co. Burger Pickles,2026-09-16T17:42:53Z,2026-09-16T17:42:53Z
9351864000622,Byrne & Co Sandwich Stackers,2026-09-16T17:42:53Z,2026-09-16T17:42:53Z
9351864000639,Bryne Co Sliced Pickled Jalapenos,2026-09-16T17:42:53Z,2026-09-16T17:42:53Z
9351864000646,Pickled Dill Gherkins Bryne Co.,2026-09-16T17:42:53Z,2026-09-16T17:42:53Z
9351864000745,Sun Harvest - Fine Produce Crushed Garlic,2026-09-16T17:42:53Z,2026-09-16T17:42:53Z
9351864000790,Pickles,2026-09-16T17:42:53Z,2026-09-16T17:42:53Z
9351864000806,Pickles wicked and wild Dill Pickles,2026-09-16T17:42:53Z,2026-09-16T17:42:53Z
9351864000813,Wicked Pickles Sandwich Stackers,2026-09-16T17:42:53Z,2026-09-16T17:42:53Z
9351864000820,Wicked Sinfully Sublime Sauerkraut,2026-09-16T17:42:53Z,2026-09-16T17:42:53Z
9351864000837,Wicked Kimchi,2026-09-16T17:42:53Z,2026-09-16T17:42:53Z
9351864000844,Pitted Kalamata Olives,2026-09-16T17:42:53Z,2026-09-16T17:42:53Z
9351864000851,Wicked Olives Simply Devine Kalamata Olive Halves,2026-09-16T17:42:53Z,2026-09-16T17:42:53Z
9351864000868,Pimiento stuffed olives,2026-09-16T17:42:53Z,2026-09-16T17:42:53Z
9351864001162,Wicked European Style Pickled Cucumbers,2026-09-16T17:42:53Z,2026-09-16T17:42:53Z
9351864001179,Wicked Pickles Delightful Baby Cucumbers,2026-09-16T17:42:53Z,2026-09-16T17:42:53Z
9351864001209,Wicked Jalapeños Punchy Sliced Pickled,2026-09-16T17:42:53Z,2026-09-16T17:42:53Z
9351864001254,Wicked Onions Sliced Red Onions,2026-09-16T17:42:53Z,2026-09-16T17:42:53Z
9351864001308,BRYNE Co Pickles,2026-09-16T17:42:53Z,2026-09-16T17:42:53Z
9351864001315,Bryne & Co Pickled Baby Cucumbers,2026-09-16T17:42:53Z,2026-09-16T17:42:53Z
9351864001322,Byrne Co Sweet Heat Pickle Chips,2026-09-16T17:42:53Z,2026-09-16T17:42:53Z
9351864001346,Bryne Co Stuffed Green Olives,2026-09-16T17:42:53Z,2026-09-16T17:42:53Z
9351864001353,Bryne Co Bryne Sliced Black Olives,2026-09-16T17:42:53Z,2026-09-16T17:42:53Z
9351864001421,Bryne Co Pickled Red Onions,2026-09-16T17:42:53Z,2026-09-16T17:42:53Z
9351864001469,Bryne Baby Capers,2026-09-16T17:42:53Z,2026-09-16T17:42:53Z
9351864001544,Wicked Beet And Apple Sauerkraut,2026-09-16T17:42:53Z,2026-09-16T17:42:53Z
9351864001636,Bryne Co Sauerkraut With Garlic And Pepper,2026-09-16T17:42:53Z,2026-09-16T17:42:53Z
9351864001681,Wicked Pitted Kalamata Olives,2026-09-16T17:42:53Z,2026-09-16T17:42:53Z
9351864001698,Wicked Giant Pimento Stuffed Green Olives,2026-09-16T17:42:53Z,2026-09-16T17:42:53Z
9351864001766,Bryne Co Black Olives,2026-09-16T17:42:53Z,2026-09-16T17:42:53Z
9351864002039,Sun Harvest Gherkin Sandwich Stackers,2026-09-16T17:42:53Z,2026-09-16T17:42:53Z
9351864002077,Sun Harvest Sauerkraut with Beet & Apple,2026-09-16T17:42:53Z,2026-09-16T17:42:53Z
9351870000135,OUTBACK WILD COCONUT MILK CHOCOLATE & SALTED CARAMEL,2026-09-16T17:42:53Z,2026-09-16T17:42:53Z
9351906000061,Salted Caramel Protein Powder,2026-09-16T17:42:53Z,2026-09-16T17:42:53Z
9351906000078,Happy Way Vegan Vanilla Protien Powder,2026-09-16T17:42:53Z,2026-09-16T17:42:53Z
9351906000085,Protein Powder,2026-09-16T17:42:53Z,2026-09-16T17:42:53Z
9351906000108,Happy way greens powder,2026-09-16T17:42:53Z,2026-09-16T17:42:53Z
9351906000344,Happy Way Vegan Vanilla Protein powder,2026-09-16T17:42:53Z,2026-09-16T17:42:53Z
9351906000368,Happy Way Chocolate Whey Protein,2026-09-16T17:42:53Z,2026-09-16T17:42:53Z
9351906000375,Happyway Vanilla Whey Protein Powder,2026-09-16T17:42:53Z,2026-09-16T17:42:53Z
9351906000450,Happy Way All Natural Protein Powder,2026-09-16T17:42:53Z,2026-09-16T17:42:53Z
9351906000528,Happy way snack bar,2026-09-16T17:42:53Z,2026-09-16T17:42:53Z
9351906000627,Triple chocolate fudge protein powder,2026-09-16T17:42:53Z,2026-09-16T17:42:53Z
9351906000634,Triple choc fudge,2026-09-16T17:42:53Z,2026-09-16T17:42:53Z
9351906000788,Happy Way Chocolate Hazlenut Protein Powder,2026-09-16T17:42:53Z,2026-09-16T17:42:53Z
9351906001532,Choc caramel,2026-09-16T17:42:53Z,2026-09-16T17:42:53Z
9351906001853,Choc coconut protein powder,2026-09-16T17:42:53Z,2026-09-16T17:42:53Z
9351906001860,Happy Way Choc Coconut Vegan Protein,2026-09-16T17:42:53Z,2026-09-16T17:42:53Z
9351906001914,Protein powder,2026-09-16T17:42:53Z,2026-09-16T17:42:53Z
9351906001921,Happy Way Vegan Grain Powder - Biscuit Flavour,2026-09-16T17:42:53Z,2026-09-16T17:42:53Z
9351906001952,Happy Way Whey Protein Powder Vanilla Flavour 1 kg,2026-09-16T17:42:53Z,2026-09-16T17:42:53Z
9351906001976,Happy Way Chocolate Flavour Whey Protein,2026-09-16T17:42:53Z,2026-09-16T17:42:53Z
9351906001990,Happy Way Vegan Protein Powder - Vanilla,2026-09-16T17:42:53Z,2026-09-16T17:42:53Z
9351906002478,Happy Way Caramel Popcorn,2026-09-16T17:42:53Z,2026-09-16T17:42:53Z
9351906003369,Happy Way All Natural Vegan Protein Powder Banana Flavour,2026-09-16T17:42:53Z,2026-09-16T17:42:53Z
9351906003444,Savoury whey protein,2026-09-16T17:42:53Z,2026-09-16T17:42:53Z
9351906003451,Happy Way Flavourless Vegan Protein,2026-09-16T17:42:53Z,2026-09-16T17:42:53Z
9351906003512,Happy Way Vegan Protein Water,2026-09-16T17:42:53Z,2026-09-16T17:42:53Z
9351906003536,Happy Way x Sophie Sleep Tight Hot Choccy Whey,2026-09-16T17:42:53Z,2026-09-16T17:42:53Z
9351906003697,Happy way Protein water,2026-09-16T17:42:53Z,2026-09-16T17:42:53Z
9351906003857,Happy Way Creatine Powder,2026-09-16T17:42:53Z,2026-09-16T17:42:53Z
9351906003987,Happy Way Electrolyte Powder,2026-09-16T17:42:53Z,2026-09-16T17:42:53Z
9351906004021,Happy Way Vegan Protein Water,2026-09-16T17:42:53Z,2026-09-16T17:42:53Z
9351906004045,HAPPY WAY Whey Protein Water,2026-09-16T17:42:53Z,2026-09-16T17:42:53Z
9351906004403,Happy Way Cookies And Cream Whey Protein Powder,2026-09-16T17:42:53Z,2026-09-16T17:42:53Z
9351906004861,Happy Way Whey Protein Powder White Choc Raspberry Flavour,2026-09-16T17:42:53Z,2026-09-16T17:42:53Z
9351906005011,Happy Way Double Choc,2026-09-16T17:42:53Z,2026-09-16T17:42:53Z
9351906005035,HW by Happy Way Premium Whey Protein + Hydrolysed Collagen,2026-09-16T17:42:53Z,2026-09-16T17:42:53Z
9351906005158,Happy Way Vegan Protein Water Sourberry,2026-09-16T17:42:53Z,2026-09-16T17:42:53Z
9351906005172,Happy Way Premium Whey protein,2026-09-16T17:42:53Z,2026-09-16T17:42:53Z
9351906005196,Happy Way Premium Vanilla,2026-09-16T17:42:53Z,2026-09-16T17:42:53Z
9351906005257,Happy way - Chocolate Protein Powder,2026-09-16T17:42:53Z,2026-09-16T17:42:53Z
9351906005271,Happy way Vanilla Whey Protein Powder,2026-09-16T17:42:53Z,2026-09-16T17:42:53Z
9351906005295,Happy Way All Natural Vegan Protein Powder Vanilla Flavour,2026-09-16T17:42:53Z,2026-09-16T17:42:53Z
9351906005370,Happy Way Dark Chocolate Whey Protein,2026-09-16T17:42:53Z,2026-09-16T17:42:53Z
9351906005417,Happy Way Choc Mint Whey Protein,2026-09-16T17:42:53Z,2026-09-16T17:42:53Z
9351906005431,Happy Way Vegan Dark Chocolate Flavour,2026-09-16T17:42:53Z,2026-09-16T17:42:53Z
9351906005561,Happy Way Strawberry Protein Powder,2026-09-16T17:42:53Z,2026-09-16T17:42:53Z
9351906005691,Happy Way Vegan Protein Choc Cherry,2026-09-16T17:42:53Z,2026-09-16T17:42:53Z
9351906005714,Happy Way Sour Apple Protein Water,2026-09-16T17:42:53Z,2026-09-16T17:42:53Z
9351906005752,Happy Way Vegan Protein Water - Lychee,2026-09-16T17:42:53Z,2026-09-16T17:42:53Z
9351906006247,HAPPY WAY All Natural Whey Protein Powder Cinnamon Bun Flavour,2026-09-16T17:42:53Z,2026-09-16T17:42:53Z
9351907000046,Lightly Salted Air Puffed Crunchy Faba Beans 160 g,2026-09-16T17:42:53Z,2026-09-16T17:42:53Z
9351907001111,Faba beans,2026-09-16T17:42:53Z,2026-09-16T17:42:53Z
9351907002118,No nuts! Chilli peoper and lime chickpeas,2026-09-16T17:42:53Z,2026-09-16T17:42:53Z
9351908000007,CocoCoast Natural Coconut Water with a twist of Lychee 500mL,2026-09-16T17:42:53Z,2026-09-16T17:42:53Z
9351908000021,Water melon water,2026-09-16T17:42:53Z,2026-09-16T17:42:53Z
9351908000045,Eau Watermelon,2026-09-16T17:42:53Z,2026-09-16T17:42:53Z
9351908000106,Cococoast Coconut Water,2026-09-16T17:42:53Z,2026-09-16T17:42:53Z
9351908000120,Coco CocoCoast Natural Coconut Water,2026-09-16T17:42:53Z,2026-09-16T17:42:53Z
9351908000144,CocoCoast Natural Coconut Water with a twist of Yuzu,2026-09-16T17:42:53Z,2026-09-16T17:42:53Z
9351908000182,CocoCoast Natural,2026-09-16T17:42:53Z,2026-09-16T17:42:53Z
9351908000342,CocoCoast Coconut Water Passionfruit,2026-09-16T17:42:53Z,2026-09-16T17:42:53Z
9351908000366,CocoCoast Coconut Water With Ginger 500ml,2026-09-16T17:42:53Z,2026-09-16T17:42:53Z
9351908000380,CocoCoast Natural Coconut Water With Mango,2026-09-16T17:42:53Z,2026-09-16T17:42:53Z
9351908000465,CocoCoast Natural Coconut Water - Chocolate,2026-09-16T17:42:53Z,2026-09-16T17:42:53Z
9351908000922,CocoCoast Chocolate Coconut Water,2026-09-16T17:42:53Z,2026-09-16T17:42:53Z
9351908001103,CocoCoast Mango Coconut Water,2026-09-16T17:42:53Z,2026-09-16T17:42:53Z
9351911000001,Body Balance,2026-09-16T17:42:53Z,2026-09-16T17:42:53Z
9351916000150,THE ORGANIC MILK CO. ORGANIC BUTTER Salted,2026-09-16T17:42:53Z,2026-09-16T17:42:53Z
9351916000167,Unsalted organic butter,2026-09-16T17:42:53Z,2026-09-16T17:42:53Z
9351916000174,The organic milk co Organic tasty cheese,2026-09-16T17:42:53Z,2026-09-16T17:42:53Z
9351916000181,The Organic Milk Co Organic cheddar,2026-09-16T17:42:53Z,2026-09-16T17:42:53Z
9351916000297,Organic butter salted,2026-09-16T17:42:53Z,2026-09-16T17:42:53Z
9351916000327,the organic milk company Organic cheese 400g,2026-09-16T17:42:53Z,2026-09-16T17:42:53Z
9351916000334,THE ORGANIC MILK CO. ORGANIC CHEDDAR 250 g,2026-09-16T17:42:53Z,2026-09-16T17:42:53Z
9351916000341,The Organic Milk Co. Organic Mozzarella,2026-09-16T17:42:53Z,2026-09-16T17:42:53Z
9351916000358,THE ORGANIC MILK CO. ORGANIC MELT'N BAKE,2026-09-16T17:42:53Z,2026-09-16T17:42:53Z
9351916000372,Girgarre Reserve Matured Organic Cheddar,2026-09-16T17:42:53Z,2026-09-16T17:42:53Z
9351916000389,The Organic Milk Co Organic High Protein Cheddar,2026-09-16T17:42:53Z,2026-09-16T17:42:53Z
9351916000396,The Organic Milk Co. Organic High Protein Cheddar,2026-09-16T17:42:53Z,2026-09-16T17:42:53Z
9351918010027,Gamze Smokehouse Sliced Leg Ham,2026-09-16T17:42:53Z,2026-09-16T17:42:53Z
9351918010072,Gamze Smokehouse Pastrami,2026-09-16T17:42:53Z,2026-09-16T17:42:53Z
9351918010089,GAMZE SMOKEHOUSE SLICED TURKEY BREAST,2026-09-16T17:42:53Z,2026-09-16T17:42:53Z
9351918010096,Gamze Smokehouse Chicken,2026-09-16T17:42:53Z,2026-09-16T17:42:53Z
9351918010133,Gamze Smokehouse Sliced Turkey Bacon,2026-09-16T17:42:53Z,2026-09-16T17:42:53Z
9351918010164,Gamze Smokehouse Streaky Bacon,2026-09-16T17:42:53Z,2026-09-16T17:42:53Z
9351918010188,GAMZE SMOKEHOUSE CHICKEN BREAST,2026-09-16T17:42:53Z,2026-09-16T17:42:53Z
9351918010201,Gamze Smokehouse Beef Pastrami,2026-09-16T17:42:53Z,2026-09-16T17:42:53Z
9351918010218,GAMZE SMOKEHOUSE SLICED TURKEY BACON,2026-09-16T17:42:53Z,2026-09-16T17:42:53Z
9351918010300,Gamze Beef Bacon,2026-09-16T17:42:53Z,2026-09-16T17:42:53Z
9351929002653,Florentia Florenti Yo Mix,2026-09-16T17:42:53Z,2026-09-16T17:42:53Z
9351932000431,CBCo Middy Lager 375ml,2026-09-16T17:42:53Z,2026-09-16T17:42:53Z
9351937000016,Pure product whey protein isolate 1 kg,2026-09-16T17:42:53Z,2026-09-16T17:42:53Z
9351937000092,Pure-Product Medium Chain Triglycerides,2026-09-16T17:42:53Z,2026-09-16T17:42:53Z
9351937000283,Pure Product Premium Quality Whey Protein Isolate,2026-09-16T17:42:53Z,2026-09-16T17:42:53Z
9351937000320,Pure-Product Whey protein isolate,2026-09-16T17:42:53Z,2026-09-16T17:42:53Z
9351937000375,Pure-Product Australia Whey Protein Isolate,2026-09-16T17:42:53Z,2026-09-16T17:42:53Z
9351937000429,Pure-Product Premium whey protein isolate,2026-09-16T17:42:53Z,2026-09-16T17:42:53Z
9351937000528,Pure-Product Australia Whey Protein Isolate,2026-09-16T17:42:53Z,2026-09-16T17:42:53Z
9351937000726,Pure products australia Whey protein concentrate/isolate,2026-09-16T17:42:53Z,2026-09-16T17:42:53Z
9351937000771,Pure Product Vanilla Whey Protein Powder Concentrate/Isolate 1 kg,2026-09-16T17:42:53Z,2026-09-16T17:42:53Z
9351937000917,Pure Product Whey Protein Isolate (Banana) 1 kg,2026-09-16T17:42:53Z,2026-09-16T17:42:53Z
9351937000924,Premium Quality Whey Protein,2026-09-16T17:42:53Z,2026-09-16T17:42:53Z
9351937001075,Pure Protein Casein,2026-09-16T17:42:53Z,2026-09-16T17:42:53Z
9351937001174,Pure-product Premium quality casein,2026-09-16T17:42:53Z,2026-09-16T17:42:53Z
9351937001426,Pure Product Complex Full Spectrum Protein Mix,2026-09-16T17:42:53Z,2026-09-16T17:42:53Z
9351937001891,Pure product australia plant protein,2026-09-16T17:42:53Z,2026-09-16T17:42:53Z
9351937002508,Pure Product Australia BCAA 4:1:1 Unflavoured,2026-09-16T17:42:53Z,2026-09-16T17:42:53Z
9351937002607,Pure-product Australia Hydrolyzed Whey protien isolate 1kg,2026-09-16T17:42:53Z,2026-09-16T17:42:53Z
9351937002638,Pure-Product Australia Hydrolyzed Whey Isolate Protein,2026-09-16T17:42:53Z,2026-09-16T17:42:53Z
9351937003147,Pure Product Australia Whey Protein Isolate Concentrate,2026-09-16T17:42:53Z,2026-09-16T17:42:53Z
9351937003239,Pure Product Australia Eggs Whites Powder,2026-09-16T17:42:53Z,2026-09-16T17:42:53Z
9351937004748,Pure Product Buttermilk Powder,2026-09-16T17:42:53Z,2026-09-16T17:42:53Z
9351937004809,Pure-Product CLEAR PROTEIN WATER,2026-09-16T17:42:53Z,2026-09-16T17:42:53Z
9351937010855,Pure-product Whey Protein Concentrate,2026-09-16T17:42:53Z,2026-09-16T17:42:53Z
9351937011159,Pure Product Australia Electrolyte Drink Mix,2026-09-16T17:42:53Z,2026-09-16T17:42:53Z
9351941068446,Butchers banquet Honey Mustard Bbq Sauce,2026-09-16T17:42:53Z,2026-09-16T17:42:53Z
9351948000289,We feed you Satay lemongrass pork,2026-09-16T17:42:53Z,2026-09-16T17:42:53Z
9351948000548,we feed you pumpkin and lentil dahl,2026-09-16T17:42:53Z,2026-09-16T17:42:53Z
9351948000883,We Feed You Lemon & Ginger Chicken 1 x 350 g,2026-09-16T17:42:53Z,2026-09-16T17:42:53Z
9351948000920,Moroccan Chicken & Quinoa,2026-09-16T17:42:53Z,2026-09-16T17:42:53Z
9351948001064,we feed you BEEF & ROAST POTATOES,2026-09-16T17:42:53Z,2026-09-16T17:42:53Z
9351948001095,we feed you CHICKEN LAKSA & NOODLES,2026-09-16T17:42:53Z,2026-09-16T17:42:53Z
9351948001231,We Feed You Beef Cottage Pie,2026-09-16T17:42:53Z,2026-09-16T17:42:53Z
9351948001255,We Feed You Chicken & Sweet Potato Curry 1 x 350 g,2026-09-16T17:42:53Z,2026-09-16T17:42:53Z
9351948001408,we feed you Vegetarian Fried Rice,2026-09-16T17:42:53Z,2026-09-16T17:42:53Z
9351948001569,We Feed You Chicken Pie with Potatoes 1 x 400 g,2026-09-16T17:42:53Z,2026-09-16T17:42:53Z
9351948001675,We Feed You Pesto Chicken & Vegetables 1 x 350 g,2026-09-16T17:42:53Z,2026-09-16T17:42:53Z
9351950026437,Bonds Girls Underwear Bikini Briefs Size 4-6 Or 6-8 Assorted 4 pack,2026-09-16T17:42:53Z,2026-09-16T17:42:53Z
9351950026512,Bonds Boys Underwear Trunks Size 4-6 Or 6-8 Assorted 3 pack,2026-09-16T17:42:53Z,2026-09-16T17:42:53Z
9351950030557,Bonds Womens Seamless Midi Brief Size 10 2 Pack,2026-09-16T17:42:53Z,2026-09-16T17:42:53Z
9351950030564,Bonds Womens Seamless Midi Brief Size 12 2 pack,2026-09-16T17:42:53Z,2026-09-16T17:42:53Z
9351950030571,Bonds Womens Seamless Midi Brief Size 14 2 Pack,2026-09-16T17:42:53Z,2026-09-16T17:42:53Z
9351950030625,Bonds Womens Seamless Full Brief Size 12 2 pack,2026-09-16T17:42:53Z,2026-09-16T17:42:53Z
9351950030632,Bonds Womens Seamless Full Brief Size 14 2 Pack,2026-09-16T17:42:53Z,2026-09-16T17:42:53Z
9351950030649,Bonds Womens Seamless Full Brief Size 16 2 Pack,2026-09-16T17:42:53Z,2026-09-16T17:42:53Z
9351950030656,Bonds Womens Seamless Full Brief Size 18 2PACK 2 pack,2026-09-16T17:42:53Z,2026-09-16T17:42:53Z
9351950030762,Bonds Womens Seamless Bikini Size 12 2 Pack,2026-09-16T17:42:53Z,2026-09-16T17:42:53Z
9351950030779,Bonds Womensi Seamless Brief Bikin Size 14 2 Pack,2026-09-16T17:42:53Z,2026-09-16T17:42:53Z
9351950030809,Bonds Womens Seamless Bikini Size 8 2 Pack,2026-09-16T17:42:53Z,2026-09-16T17:42:53Z
9351950662260,Cream Cheese Sweet Chilli 80 g,2026-09-16T17:42:53Z,2026-09-16T17:42:53Z
9351953000137,Garlicious Grown Black Garlic White Balsamic Dressing,2026-09-16T17:42:53Z,2026-09-16T17:42:53Z
9351963740276,Kennesaw State Classic Hawaiian Poke Bowl,2026-09-17T13:34:18Z,2026-09-17T13:34:18Z
9351974041003,free range eggs,2026-09-16T17:42:53Z,2026-09-16T17:42:53Z
9351974041010,Sunrise Large Eggs,2026-09-16T17:42:53Z,2026-09-16T17:42:53Z
9351974041027,Sunrise eggs Extra large cage eggs,2026-09-16T17:42:53Z,2026-09-16T17:42:53Z
9351974041034,Sunrise Eggs Jumbo Caged Eggs,2026-09-16T17:42:53Z,2026-09-16T17:42:53Z
9351978000778,Optimum Nutrition PURE PRO 35,2026-09-16T17:42:53Z,2026-09-16T17:42:53Z
9351978000785,Optimum nutrition Pure pro 35 vanilla,2026-09-16T17:42:53Z,2026-09-16T17:42:53Z
9351978000792,Optimum Nutrition Pure Pro 35 Banana Flavour,2026-09-16T17:42:53Z,2026-09-16T17:42:53Z
9351978000808,Optimum Nutrition Pure pro 35,2026-09-16T17:42:53Z,2026-09-16T17:42:53Z
9351978000839,pure pre 200,2026-09-16T17:42:53Z,2026-09-16T17:42:53Z
9351978001034,ON Optimum Nutrition Pure Pro 50 Chocolate,2026-09-16T17:42:53Z,2026-09-16T17:42:53Z
9351978001041,Optimum Nutrition Pure pro 50,2026-09-16T17:42:53Z,2026-09-16T17:42:53Z
9351978001058,Optimum Nutrition Pure pro 50,2026-09-16T17:42:53Z,2026-09-16T17:42:53Z
9351978001065,OPTIMUM NUTRITION PERFORMANCE WHEY,2026-09-16T17:42:53Z,2026-09-16T17:42:53Z
9351978001096,Optimum nutrition Performance isolate,2026-09-16T17:42:53Z,2026-09-16T17:42:53Z
9351978001140,Optimum Nutrition Inc Pure Pre 200 Cola Crush,2026-09-16T17:42:53Z,2026-09-16T17:42:53Z
9351978001324,Optimum Nutrition High Protein Shake (Vanilla),2026-09-16T17:42:53Z,2026-09-16T17:42:53Z
9351978001331,OPTIMUM NUTRITION HIGH PROTEIN SHAKE,2026-09-16T17:42:53Z,2026-09-16T17:42:53Z
9351978001348,Optimum Nutrition High Protein Shake (Banana),2026-09-16T17:42:53Z,2026-09-16T17:42:53Z
9351978001355,Optimum Nutrition High Protein Shake,2026-09-16T17:42:53Z,2026-09-16T17:42:53Z
9351978001492,Optimum Nutrition Amino Energy,2026-09-16T17:42:53Z,2026-09-16T17:42:53Z
9351978001522,Optimum Nutrition Whey Protein - Chocolate Milkshake Flavour,2026-09-16T17:42:53Z,2026-09-16T17:42:53Z
9351978001607,Optimum Nutrition Optimum Whey Protein,2026-09-16T17:42:53Z,2026-09-16T17:42:53Z
9351978001768,Optimum Nutrition HIGH PROTEIN SHAKE,2026-09-16T17:42:53Z,2026-09-16T17:42:53Z
9352038000028,Sai Shree Foods Shrikhand Mango 270g,2026-09-16T17:42:53Z,2026-09-16T17:42:53Z
9352038000035,Sai shree foods Idily and dosa mix 1 kg,2026-09-16T17:42:53Z,2026-09-16T17:42:53Z
9352038000042,Idli & Dosa mix,2026-09-16T17:42:53Z,2026-09-16T17:42:53Z
9352038000066,Mango Lassi,2026-09-16T17:42:53Z,2026-09-16T17:42:53Z
9352038000080,Butter milk,2026-09-16T17:42:53Z,2026-09-16T17:42:53Z
9352038000097,Sai Shree Foods Paneer,2026-09-16T17:42:53Z,2026-09-16T17:42:53Z
9352038000103,Sai shree foods Yoghurt,2026-09-16T17:42:53Z,2026-09-16T17:42:53Z
9352038000493,Sai Shree Foods Mango Lassi Yoghurt drink,2026-09-16T17:42:53Z,2026-09-16T17:42:53Z
9352038000714,Besan Khatai,2026-09-16T17:42:53Z,2026-09-16T17:42:53Z
9352039000027,olive garden Green Olives 250g,2026-09-16T17:42:53Z,2026-09-16T17:42:53Z
9352039000072,Basil + Barrow Salted pretzels 80 g,2026-09-16T17:42:53Z,2026-09-16T17:42:53Z
9352039000300,Wafer crackers original,2026-09-16T17:42:53Z,2026-09-16T17:42:53Z
9352039000348,Salt And River Fine Foods Cranberry And hazelnut Crispbread,2026-09-16T17:42:53Z,2026-09-16T17:42:53Z
9352039000683,chill toasted corn,2026-09-16T17:42:53Z,2026-09-16T17:42:53Z
9352039000874,Confectioners Choice Strawberries And Cream,2026-09-16T17:42:53Z,2026-09-16T17:42:53Z
9352039000881,Strawberries & cream,2026-09-16T17:42:53Z,2026-09-16T17:42:53Z
9352039001000,Basil & Burrow Chilli BBQ Peanut Snack Mix,2026-09-16T17:42:53Z,2026-09-16T17:42:53Z
9352039001109,Cacao Boutique Dark Chocolate,2026-09-16T17:42:53Z,2026-09-16T17:42:53Z
9352042000045,Fridge sticks,2026-09-16T17:42:53Z,2026-09-16T17:42:53Z
9352042000052,Cheese pods,2026-09-16T17:42:53Z,2026-09-16T17:42:53Z
9352042000120,Bega Peanut Butter Smooth 375g,2026-09-16T17:42:53Z,2026-09-16T17:42:53Z
9352042000137,Bega Peanut Butter Crunchy 375 g,2026-09-16T17:42:53Z,2026-09-16T17:42:53Z
9352042000144,BEGA PEANUT BUTTER,2026-09-16T17:42:53Z,2026-09-16T17:42:53Z
9352042000151,Bega Peanut butter,2026-09-16T17:42:53Z,2026-09-16T17:42:53Z
9352042000168,Bega Peanut butter smooth 780g,2026-09-16T17:42:53Z,2026-09-16T17:42:53Z
9352042000175,Bega Peanut butter crunchy,2026-09-16T17:42:53Z,2026-09-16T17:42:53Z
9352042000182,Bega Beqa Peanut Butter - Light (25% Less Fat),2026-09-16T17:42:53Z,2026-09-16T17:42:53Z
9352042000199,Bega Almond Spread Crunchy,2026-09-16T17:42:53Z,2026-09-16T17:42:53Z
9352042000205,Cashed spread,2026-09-16T17:42:53Z,2026-09-16T17:42:53Z
9352042000236,Bega Peanut Butter crunchy,2026-09-16T17:42:53Z,2026-09-16T17:42:53Z
9352042000243,Bega Peanut butter 325,2026-09-16T17:42:53Z,2026-09-16T17:42:53Z
9352042000267,Bega Vegemite,2026-09-16T17:42:53Z,2026-09-16T17:42:53Z
9352042000281,Vegemite,2026-09-16T17:42:53Z,2026-09-16T17:42:53Z
9352042000298,Vegemite Yeast Extract 220g,2026-09-16T17:42:53Z,2026-09-16T17:42:53Z
9352042000304,Vegemite,2026-09-16T17:42:53Z,2026-09-16T17:42:53Z
9352042000311,Vegemite 280g,2026-09-16T17:42:53Z,2026-09-16T17:42:53Z
9352042000328,Vegemite 380 g,2026-09-16T17:42:53Z,2026-09-16T17:42:53Z
9352042000335,Vegemite 455 gr,2026-09-16T17:42:53Z,2026-09-16T17:42:53Z
9352042000342,R. Stephens Organic Real Leatherwood Honey 560 g,2026-09-16T17:42:53Z,2026-09-16T17:42:53Z
9352042000359,Vegemite 950g,2026-09-16T17:42:53Z,2026-09-16T17:42:53Z
9352042000373,Creamy garlic dip,2026-09-16T17:42:53Z,2026-09-16T17:42:53Z
9352042000380,sun dried tomato and onion dip,2026-09-16T17:42:53Z,2026-09-16T17:42:53Z
9352042000397,Bega Peanut butter,2026-09-16T17:42:53Z,2026-09-16T17:42:53Z
9352042000403,bega peanut butter,2026-09-16T17:42:53Z,2026-09-16T17:42:53Z
9352042000410,Vegemite,2026-09-16T17:42:53Z,2026-09-16T17:42:53Z
9352042000441,Vegemite & Cheese 270 g,2026-09-16T17:42:53Z,2026-09-16T17:42:53Z
9352042000502,Bega MAC,2026-09-16T17:42:53Z,2026-09-16T17:42:53Z
9352042000533,Zoosh french onion dip 189 g,2026-09-16T17:42:53Z,2026-09-16T17:42:53Z
9352042000540,Prawn and Crab creamy dreamy dip,2026-09-16T17:42:53Z,2026-09-16T17:42:53Z
9352042000557,Zoosh Sweet Chilli & Lime Creamy Dreamy Dip,2026-09-16T17:42:53Z,2026-09-16T17:42:53Z
9352042000564,Smoked salmon & dill,2026-09-16T17:42:53Z,2026-09-16T17:42:53Z
9352042000571,Zoosh Gherkin Creamy Dreamy Dip,2026-09-16T17:42:53Z,2026-09-16T17:42:53Z
9352042000588,Zoosh Smokey bacon creamy dreamy dip,2026-09-16T17:42:53Z,2026-09-16T17:42:53Z
9352042000595,Zoosh French Onion 185g,2026-09-16T17:42:53Z,2026-09-16T17:42:53Z
9352042000601,ZoOSh SOUR CREAM & CHIVES,2026-09-16T17:42:53Z,2026-09-16T17:42:53Z
9352042000670,Bonox 230ml,2026-09-16T17:42:53Z,2026-09-16T17:42:53Z
9352042000779,Vegemite,2026-09-16T17:42:53Z,2026-09-16T17:42:53Z
9352042000816,1000 isiand,2026-09-16T17:42:53Z,2026-09-16T17:42:53Z
9352042000823,zoosh caesar dressing,2026-09-16T17:42:53Z,2026-09-16T17:42:53Z
9352042000991,Satay Sauce,2026-09-16T17:42:53Z,2026-09-16T17:42:53Z
9352042001035,garlic aioli,2026-09-16T17:42:53Z,2026-09-16T17:42:53Z
9352042001042,Free range egg Mayonnaise,2026-09-16T17:42:53Z,2026-09-16T17:42:53Z
9352042001066,classic mayo,2026-09-16T17:42:53Z,2026-09-16T17:42:53Z
9352042001141,Bega Grated parmesan cheese,2026-09-16T17:42:53Z,2026-09-16T17:42:53Z
9352042001172,Bega Cream cheese spread Bold 250g,2026-09-16T17:42:53Z,2026-09-16T17:42:53Z
9352042001189,Bega Cream Cheese Spread Bold,2026-09-16T17:42:53Z,2026-09-16T17:42:53Z
9352042001196,Bega Cream Cheese Spread 250 gr,2026-09-16T17:42:53Z,2026-09-16T17:42:53Z
9352042001219,Bega Cream cheese spread,2026-09-16T17:42:53Z,2026-09-16T17:42:53Z
9352042001226,Bega Cream cheese spread,2026-09-16T17:42:53Z,2026-09-16T17:42:53Z
9352042001233,Beqa Cream Cheese Spread Original,2026-09-16T17:42:53Z,2026-09-16T17:42:53Z
9352042001325,Vegemite B Vitamines for Vitality,2026-09-16T17:42:53Z,2026-09-16T17:42:53Z
9352042001592,Cheese sticks,2026-09-16T17:42:53Z,2026-09-16T17:42:53Z
9352042001608,Mondelez international group dairylea Cheddar 500 g,2026-09-16T17:42:53Z,2026-09-16T17:42:53Z
9352042001622,Slices Original,2026-09-16T17:42:53Z,2026-09-16T17:42:53Z
9352042001660,Burger slices,2026-09-16T17:42:53Z,2026-09-16T17:42:53Z
9352042001684,Dairylea slices,2026-09-16T17:42:53Z,2026-09-16T17:42:53Z
9352042001691,slices cheese 36,2026-09-16T17:42:53Z,2026-09-16T17:42:53Z
9352042001707,Dairylea Cheese slices,2026-09-16T17:42:53Z,2026-09-16T17:42:53Z
9352042002094,Gluten Free Vegemite 235 g,2026-09-16T17:42:53Z,2026-09-16T17:42:53Z
9352042002100,Simply Nuts by Burge Peanut Butter 325g,2026-09-16T17:42:53Z,2026-09-16T17:42:53Z
9352042002117,Simply Nuts by Bega Smooth Natural Peanut Butter 650g,2026-09-16T17:42:53Z,2026-09-16T17:42:53Z
9352042002124,Bega Simply nuts peanut butter,2026-09-16T17:42:53Z,2026-09-16T17:42:53Z
9352042002131,Bega Peanut Butter 755 g,2026-09-16T17:42:53Z,2026-09-16T17:42:53Z
9352042002148,Bega Peanut Butter,2026-09-16T17:42:53Z,2026-09-16T17:42:53Z
9352042002179,Dairy Farmers Hi-Melt Burger Slices Cheese,2026-09-16T17:42:53Z,2026-09-16T17:42:53Z
9352042002193,Butter (Unsalted),2026-09-16T17:42:53Z,2026-09-16T17:42:53Z
9352042002575,Beqa Peanut butter,2026-09-16T17:42:53Z,2026-09-16T17:42:53Z
9352042002582,Simply Nuts Natural Peanut Butter 650g,2026-09-16T17:42:53Z,2026-09-16T17:42:53Z
9352042002599,Bega Simply Nuts Crunchy Peanut Butter 650g,2026-09-16T17:42:53Z,2026-09-16T17:42:53Z
9352042002605,Bega Simply nuts natural peanut butter,2026-09-16T17:42:53Z,2026-09-16T17:42:53Z
9352042002612,Bega Simply nuts peznut butter crunchy dark roast,2026-09-16T17:42:53Z,2026-09-16T17:42:53Z
9352042002629,Vegemite 380g,2026-09-16T17:42:53Z,2026-09-16T17:42:53Z
9352042002766,Vegemite Vegimite,2026-09-16T17:42:53Z,2026-09-16T17:42:53Z
9352042002773,Vegemite 40% less salt 235g,2026-09-16T17:42:53Z,2026-09-16T17:42:53Z
9352042002810,Bega Peanut Butter Smooth,2026-09-16T17:42:53Z,2026-09-16T17:42:53Z
9352042002827,Bega Peanut Butter Crunchy 470g,2026-09-16T17:42:53Z,2026-09-16T17:42:53Z
9352042002834,Beqa Light Peanut Spread 1,2026-09-16T17:42:53Z,2026-09-16T17:42:53Z
9352042002841,Bega Light peanut spread crunchy,2026-09-16T17:42:53Z,2026-09-16T17:42:53Z
9352042003084,B Honey,2026-09-16T17:42:53Z,2026-09-16T17:42:53Z
9352042003091,B Honey Honey 450g,2026-09-16T17:42:53Z,2026-09-16T17:42:53Z
9352042003244,Zoosh Z00SH DRS COLESLAW,2026-09-16T17:42:53Z,2026-09-16T17:42:53Z
9352042003251,The Great Caesar,2026-09-16T17:42:53Z,2026-09-16T17:42:53Z
9352042003268,Mighty balsamic splash,2026-09-16T17:42:53Z,2026-09-16T17:42:53Z
9352042003275,Fench bistro dressing,2026-09-16T17:42:53Z,2026-09-16T17:42:53Z
9352042003282,Zoosh Italian Escape Dressing,2026-09-16T17:42:53Z,2026-09-16T17:42:53Z
9352042003367,Leo coco,2026-09-16T17:42:53Z,2026-09-16T17:42:53Z
9352042003374,Leo Coco BELGIAN WHITE CHOC & HAZELNUT SPREAD,2026-09-16T17:42:53Z,2026-09-16T17:42:53Z
9352042003381,Leo Coco Belgian hazelnut & cocoa spread,2026-09-16T17:42:53Z,2026-09-16T17:42:53Z
9352042003411,Blue Cheese Ranch,2026-09-16T17:42:53Z,2026-09-16T17:42:53Z
9352042003428,Moroccan Inspired Dip,2026-09-16T17:42:53Z,2026-09-16T17:42:53Z
9352042003541,Bega Simply Nuts 650g,2026-09-16T17:42:53Z,2026-09-16T17:42:53Z
9352042003596,Protein X Protein +,2026-09-16T17:42:53Z,2026-09-16T17:42:53Z
9352042003602,Protein + Superfood Blend Vanilla,2026-09-16T17:42:53Z,2026-09-16T17:42:53Z
9352042003626,Pro tein +,2026-09-16T17:42:53Z,2026-09-16T17:42:53Z
9352042003633,protein+ cookie dough bar,2026-09-16T17:42:53Z,2026-09-16T17:42:53Z
9352042003640,Plant powered superfood bar Lemon slice,2026-09-16T17:42:53Z,2026-09-16T17:42:53Z
9352042003657,salted butter,2026-09-16T17:42:53Z,2026-09-16T17:42:53Z
9352042003664,Dairy farmers unsalted butter 250g,2026-09-16T17:42:53Z,2026-09-16T17:42:53Z
9352042003671,Dairy farmers salted buttet,2026-09-16T17:42:53Z,2026-09-16T17:42:53Z
9352042003688,Dairy Farmers Unsalted Butter,2026-09-16T17:42:53Z,2026-09-16T17:42:53Z
9352042003831,Vegemite,2026-09-16T17:42:53Z,2026-09-16T17:42:53Z
9352042003848,Coles Honey,2026-09-16T17:42:53Z,2026-09-16T17:42:53Z
9352042003855,BEGA CHEESE LIMITED Vegemite (Gluten free) 235g,2026-09-16T17:42:53Z,2026-09-16T17:42:53Z
9352042003879,Bega Penut butter,2026-09-16T17:42:53Z,2026-09-16T17:42:53Z
9352042003886,Bega Simply nuts,2026-09-16T17:42:53Z,2026-09-16T17:42:53Z
9352042003985,180 Nutrition L-glutamate,2026-09-16T17:42:53Z,2026-09-16T17:42:53Z
9352042004098,Bega Protein peanut spread,2026-09-16T17:42:53Z,2026-09-16T17:42:53Z
9352042004104,Bega Protein peanut spread,2026-09-16T17:42:53Z,2026-09-16T17:42:53Z
9352042004111,Vegemite 40 % less salt,2026-09-16T17:42:53Z,2026-09-16T17:42:53Z
9352042004159,Bega Spreadable Cream Cheese,2026-09-16T17:42:53Z,2026-09-16T17:42:53Z
9352042004203,Bega Plant Based Cheddar Cheese Shredded 200g,2026-09-16T17:42:53Z,2026-09-16T17:42:53Z
9352042004210,Bega Planet based cheddar cheese style slices 200g,2026-09-16T17:42:53Z,2026-09-16T17:42:53Z
9352042004234,Bega Vegemite 40% less salt 400g,2026-09-16T17:42:53Z,2026-09-16T17:42:53Z
9352042004395,Zoosh Z00SH MAYONNAISE,2026-09-16T17:42:53Z,2026-09-16T17:42:53Z
9352042004418,Bega Original cream cheese block,2026-09-16T17:42:53Z,2026-09-16T17:42:53Z
9352042004494,Bega Classic macaroni and cheese,2026-09-16T17:42:53Z,2026-09-16T17:42:53Z
9352042004555,Bega Peanut butter 650g,2026-09-16T17:42:53Z,2026-09-16T17:42:53Z
9352042004623,Vegemite,2026-09-16T17:42:53Z,2026-09-16T17:42:53Z
9352042004739,Dairy Farmers Mozzarella Shredded,2026-09-16T17:42:53Z,2026-09-16T17:42:53Z
9352042004807,Bega CHEDDAR,2026-09-16T17:42:53Z,2026-09-16T17:42:53Z
9352042004814,BEGA CHSE CHED BLOCK 250GM,2026-09-16T17:42:53Z,2026-09-16T17:42:53Z
9352042004821,Bega Fridge Sticks,2026-09-16T17:42:53Z,2026-09-16T17:42:53Z
9352042004838,Bega BURGER SLICES,2026-09-16T17:42:53Z,2026-09-16T17:42:53Z
9352042004845,Bega Cheddar Slices,2026-09-16T17:42:53Z,2026-09-16T17:42:53Z
9352042004852,Bega Light Cheese Slices,2026-09-16T17:42:53Z,2026-09-16T17:42:53Z
9352042004869,BEGA CHSE SLC REG 432GM,2026-09-16T17:42:53Z,2026-09-16T17:42:53Z
9352042004876,Bega Original Slices,2026-09-16T17:42:53Z,2026-09-16T17:42:53Z
9352042004883,BEGA CHSE SLC REG 216GM,2026-09-16T17:42:53Z,2026-09-16T17:42:53Z
9352042004906,Bega Whipped Peanut Butter,2026-09-16T17:42:53Z,2026-09-16T17:42:53Z
9352042004913,Bega Whipped Peanut Butter,2026-09-16T17:42:53Z,2026-09-16T17:42:53Z
9352042446447,B Honey,2026-09-16T17:42:53Z,2026-09-16T17:42:53Z
9352044000166,Bega Peanut Butter Smooth,2026-09-16T17:42:53Z,2026-09-16T17:42:53Z
9352047000293,Organic biscuits,2026-09-16T17:42:53Z,2026-09-16T17:42:53Z
9352047000743,日本マルセラ クリスプブレッドクラッカー モルト,2026-09-16T17:42:53Z,2026-09-16T17:42:53Z
9352047001115,Maple & Pecan,2026-09-16T17:42:53Z,2026-09-16T17:42:53Z
9352047001498,Byron Bay Cookies Maple & Pecan Gluten Free Vegan Cookie Bites 200 g,2026-09-16T17:42:53Z,2026-09-16T17:42:53Z
9352047001634,Byron bay cookies Toasted coconut & white choc cookie,2026-09-16T17:42:53Z,2026-09-16T17:42:53Z
9352047001801,Byron Bay Cookies Rocky Road Cookie Bites 100g,2026-09-16T17:42:53Z,2026-09-16T17:42:53Z
9352047001849,Shortbread Bites 100 g,2026-09-16T17:42:53Z,2026-09-16T17:42:53Z
9352047001856,Byron Bay cookies Macadamia shortbread bites,2026-09-16T17:42:53Z,2026-09-16T17:42:53Z
9352047001931,White choc macadamia 150 g,2026-09-16T17:42:53Z,2026-09-16T17:42:53Z
9352047002150,Byron Bay Cookies Tropical mango & passionfruit cookie bites,2026-09-16T17:42:53Z,2026-09-16T17:42:53Z
9352047002167,Byron Bay Cookies Coconut lamington cookie,2026-09-16T17:42:53Z,2026-09-16T17:42:53Z
9352047002273,Byron Bay Cookies Toasted Coconut & White Choc Cookie Bites,2026-09-16T17:42:53Z,2026-09-16T17:42:53Z
9352047002563,Choc Hazelnut Butterburst Biscuits,2026-09-16T17:42:53Z,2026-09-16T17:42:53Z
9352047002594,Byron Bay Cookies Blueberry Muffin Cookie,2026-09-16T17:42:53Z,2026-09-16T17:42:53Z
9352047002792,Byron Bay Cookies Gluten Free White Choc Macadamia,2026-09-16T17:42:53Z,2026-09-16T17:42:53Z
9352047003065,Byron Bay Cookies Triple Choc Cookie 40 g,2026-09-16T17:42:53Z,2026-09-16T17:42:53Z
9352047003126,Byron Bay Cookies Banoffee Pie Cookie Bites 100 g,2026-09-16T17:42:53Z,2026-09-16T17:42:53Z
9352047003263,Byron Bay Cookies Caramelised Apple Pie,2026-09-16T17:42:53Z,2026-09-16T17:42:53Z
9352047003300,Byron Bay Cookies Banoffee Pie Cookie,2026-09-16T17:42:53Z,2026-09-16T17:42:53Z
9352047003317,Byron Bay Cookies Protien Cookie Milk Choc Chunk,2026-09-16T17:42:53Z,2026-09-16T17:42:53Z
9352066000335,Spiced black cherries,2026-09-16T17:42:53Z,2026-09-16T17:42:53Z
9352066001141,Bruny Island Cheese Odo Cheese,2026-09-16T17:42:53Z,2026-09-16T17:42:53Z
9352066001189,Bruny Island Cheese Co. Oen,2026-09-16T17:42:53Z,2026-09-16T17:42:53Z
9352066001196,Bruny Island Raw George,2026-09-16T17:42:53Z,2026-09-16T17:42:53Z
9352066001202,Bruny Island Cheese Co Raw Tom,2026-09-16T17:42:53Z,2026-09-16T17:42:53Z
9352066001707,Bruny Island Beetroot Onion Relish,2026-09-16T17:42:53Z,2026-09-16T17:42:53Z
9352100347303,Жигули Самарский розлив 2л,2026-09-16T17:42:53Z,2026-09-16T17:42:53Z
9352100347310,жигулёвское самарский розлив 3л,2026-09-16T17:42:53Z,2026-09-16T17:42:53Z
9352167002139,Al Aseel Food Services Chicken Shawarma Sandwich,2026-09-16T17:42:53Z,2026-09-16T17:42:53Z
9352167060498,Al Aseel Meat and onion sambousek,2026-09-16T17:42:53Z,2026-09-16T17:42:53Z
9352167060504,Mazati Meat & Onion Kibbe,2026-09-16T17:42:53Z,2026-09-16T17:42:53Z
9352167061235,Garlic Dip,2026-09-16T17:42:53Z,2026-09-16T17:42:53Z
9352167061266,Mazati Hommos,2026-09-16T17:42:53Z,2026-09-16T17:42:53Z
9352167061297,Garlic dip,2026-09-16T17:42:53Z,2026-09-16T17:42:53Z
9352167063154,Harris Farm Latina Chicken Salad,2026-09-16T17:42:53Z,2026-09-16T17:42:53Z
9352167063499,Spinach onion fetta triangles,2026-09-16T17:42:53Z,2026-09-16T17:42:53Z
9352167064854,Mazati Garlic Dip,2026-09-16T17:42:53Z,2026-09-16T17:42:53Z
9352171000060,We Love Pizza 3 Cheese Margherita,2026-09-16T17:42:53Z,2026-09-16T17:42:53Z
9352171000077,We Love Pizza Ultimate meatlovers 650 g,2026-09-16T17:42:53Z,2026-09-16T17:42:53Z
9352171000084,We Love Pizza Chicken & Bacon 650 g,2026-09-16T17:42:53Z,2026-09-16T17:42:53Z
9352171000091,Mediterranean Veggies 650 g,2026-09-16T17:42:53Z,2026-09-16T17:42:53Z
9352171000114,We Love Pizza Ultimate supreme 650 g,2026-09-16T17:42:53Z,2026-09-16T17:42:53Z
9352171000169,We love pizza Pepperoni pizza,2026-09-16T17:42:53Z,2026-09-16T17:42:53Z
9352177000033,Eloments Vitamin Tea Bourbon Vanilla,2026-09-16T17:42:53Z,2026-09-16T17:42:53Z
9352177000057,Eloments Vitamin tea egyptian mint,2026-09-16T17:42:53Z,2026-09-16T17:42:53Z
9352181512348,Benyuan Industrial Ice Pops,2026-09-16T17:42:53Z,2026-09-16T17:42:53Z
9352195001364,Infuse Tea Chilli Chocolate,2026-09-16T17:42:53Z,2026-09-16T17:42:53Z
9352195001432,infuse tea company Matcha latte,2026-09-16T17:42:53Z,2026-09-16T17:42:53Z
9352206001406,carbmaster milk bites,2026-09-16T17:42:53Z,2026-09-16T17:42:53Z
9352215000230,Kangaroo Island Olives Extra Virgin Olive Oil,2026-09-16T17:42:53Z,2026-09-16T17:42:53Z
9352218000473,Noosa Basic Sea Spray 200ml,2026-09-16T17:42:53Z,2026-09-16T17:42:53Z
9352222000049,tidbit PROSCIUTTO di PARMA,2026-09-16T17:42:53Z,2026-09-16T17:42:53Z
9352222000056,tidbit FOODS PROSCIUTTO DI SAN DANIELE,2026-09-16T17:42:53Z,2026-09-16T17:42:53Z
9352222000124,Tidbit Foods Jamon Serrano,2026-09-16T17:42:53Z,2026-09-16T17:42:53Z
9352222000223,Tidbit Truffle Cheese,2026-09-16T17:42:53Z,2026-09-16T17:42:53Z
9352222000230,Tidbit Vintage Manchego 150g,2026-09-16T17:42:53Z,2026-09-16T17:42:53Z
9352222000261,Tidbit Spanish Goats Cheese,2026-09-16T17:42:53Z,2026-09-16T17:42:53Z
9352222000278,Tidbit Foods Gorgonzola DOP,2026-09-16T17:42:53Z,2026-09-16T17:42:53Z
9352222000469,Tibdit Foods Prosciutto Crudo Italiano,2026-09-16T17:42:53Z,2026-09-16T17:42:53Z
9352236000059,Handasydes Dark Chocolate Freeze Dried Strawberries,2026-09-16T17:42:53Z,2026-09-16T17:42:53Z
9352236000196,Handasydes Strawberry Relish,2026-09-16T17:42:53Z,2026-09-16T17:42:53Z
9352271000021,Alka ActivePh9+ power,2026-09-16T17:42:53Z,2026-09-16T17:42:53Z
9352271000380,Alkapower alkaline water,2026-09-16T17:42:53Z,2026-09-16T17:42:53Z
9352277000001,lyndale eggs,2026-09-16T17:42:53Z,2026-09-16T17:42:53Z
9352277000025,Lyndale Jumbo Barn Laid Eggs,2026-09-16T17:42:53Z,2026-09-16T17:42:53Z
9352346000208,Caramalised white Belgian chocolate 100 g,2026-09-16T17:42:53Z,2026-09-16T17:42:53Z
9352346000383,Charlotte Piper White Belgium Chocolate Christmas Bark,2026-09-16T17:42:53Z,2026-09-16T17:42:53Z
9352346001632,Charlotte Piper White Chocolate Rocky Road,2026-09-16T17:42:53Z,2026-09-16T17:42:53Z
9352348000404,Frontier Eggless Premium Rusk,2026-09-16T17:42:53Z,2026-09-16T17:42:53Z
9352348000862,Mother’s food Makhani,2026-09-16T17:42:53Z,2026-09-16T17:42:53Z
9352348000923,Wholemeal Paratha,2026-09-16T17:42:53Z,2026-09-16T17:42:53Z
9352356000007,Magic Sprinkles,2026-09-16T17:42:53Z,2026-09-16T17:42:53Z
9352356000076,123 Nourish me Magic sprinkles - lunch box bites - choc mint 150 g,2026-09-16T17:42:53Z,2026-09-16T17:42:53Z
9352357000006,Keep OT Cleaner Kimchi traditional spicy 400g,2026-09-16T17:42:53Z,2026-09-16T17:42:53Z
9352357000075,Peanut Butter Bliss Ball,2026-09-16T17:42:53Z,2026-09-16T17:42:53Z
9352357000082,Bliss Balls,2026-09-16T17:42:53Z,2026-09-16T17:42:53Z
9352357000105,Bliss Balls acai berry,2026-09-16T17:42:53Z,2026-09-16T17:42:53Z
9352357000136,Keep it cleaner Protein powder,2026-09-16T17:42:53Z,2026-09-16T17:42:53Z
9352357000198,KEEP IT CLEANER NOODLES THAI 280G,2026-09-17T13:43:43Z,2026-09-17T13:43:43Z
9352357000204,KEEP IT CLEANER NOODLES VEGAN 280G,2026-09-17T13:43:43Z,2026-09-17T13:43:43Z
9352357000211,KEEP IT CLEANERS NOODLES YUM 280G,2026-09-17T13:43:43Z,2026-09-17T13:43:43Z
9352357000297,Bambini bars with DHA 75 g,2026-09-16T17:42:53Z,2026-09-16T17:42:53Z
9352357000310,Bambini bars 5 x 15 g,2026-09-16T17:42:53Z,2026-09-16T17:42:53Z
9352357000358,Keep It Cleaner Pasta sauce,2026-09-16T17:42:53Z,2026-09-16T17:42:53Z
9352357000365,keep it cleaner Primavera pasta sauce 500g,2026-09-16T17:42:53Z,2026-09-16T17:42:53Z
9352357000617,Metro Food Green Pea Pasta 250g,2026-09-16T17:42:53Z,2026-09-16T17:42:53Z
9352357000624,Chickpea pasta,2026-09-16T17:42:53Z,2026-09-16T17:42:53Z
9352357000631,Fusilli Red Lentil Pasta,2026-09-16T17:42:53Z,2026-09-16T17:42:53Z
9352357000686,Ghee free range,2026-09-16T17:42:53Z,2026-09-16T17:42:53Z
9352357000754,"organic apple cider vinegar with ginger, tumeric and chilli",2026-09-16T17:42:53Z,2026-09-16T17:42:53Z
9352357000945,Alphabet shaped Corn Pasta 300 g,2026-09-16T17:42:53Z,2026-09-16T17:42:53Z
9352357001089,Peanut butter & choc chip Bliss ball,2026-09-16T17:42:53Z,2026-09-16T17:42:53Z
9352357001188,peppermintslice bliss ball,2026-09-16T17:42:53Z,2026-09-16T17:42:53Z
9352357001287,Duck shaped Green Pea Pasta 300 g,2026-09-16T17:42:53Z,2026-09-16T17:42:53Z
9352357001430,Keep It Cleaner Protein Cinnamon Doughnut Ball,2026-09-16T17:42:53Z,2026-09-16T17:42:53Z
9352357001546,Keep It Cleaner Protein Powder,2026-09-16T17:42:53Z,2026-09-16T17:42:53Z
9352357001553,Keep It Cleaner Chocolate protein powder,2026-09-16T17:42:53Z,2026-09-16T17:42:53Z
9352357001560,Keep It Cleaner Salted caramel protein powder,2026-09-16T17:42:53Z,2026-09-16T17:42:53Z
9352357001591,Protein Peanut Butter Banana,2026-09-16T17:42:53Z,2026-09-16T17:42:53Z
9352357001836,Veggiechips,2026-09-16T17:42:53Z,2026-09-16T17:42:53Z
9352357001843,Keep it Cleaner Tortilla chips green pea,2026-09-16T17:42:53Z,2026-09-16T17:42:53Z
9352357001966,Keep it Cleaner Vegan Kimchi Spicy 400g,2026-09-16T17:42:53Z,2026-09-16T17:42:53Z
9352357001973,Green Goddess Dressing,2026-09-16T17:42:53Z,2026-09-16T17:42:53Z
9352357002000,Soy ginger dressing,2026-09-16T17:42:53Z,2026-09-16T17:42:53Z
9352357002031,corn sweet potato spagetti,2026-09-16T17:42:53Z,2026-09-16T17:42:53Z
9352357002048,Brown rice and quinoa spaghetti,2026-09-16T17:42:53Z,2026-09-16T17:42:53Z
9352357002055,Keep it cleaner Brown rice & hemp pasta,2026-09-16T17:42:53Z,2026-09-16T17:42:53Z
9352357002062,Keep It Cleaner Plant based protien powder,2026-09-16T17:42:53Z,2026-09-16T17:42:53Z
9352357002079,Plant Based Protein,2026-09-16T17:42:53Z,2026-09-16T17:42:53Z
9352357002093,Chocolate Protein Powder,2026-09-16T17:42:53Z,2026-09-16T17:42:53Z
9352357002116,Keep It Cleaner Plant based protein crunch vegan,2026-09-16T17:42:53Z,2026-09-16T17:42:53Z
9352357002130,Protein Crunch Choc Hemp Bar,2026-09-16T17:42:53Z,2026-09-16T17:42:53Z
9352357002154,Protein rocky road,2026-09-16T17:42:53Z,2026-09-16T17:42:53Z
9352357002161,Keep it cleaner Plant based protein powered,2026-09-16T17:42:53Z,2026-09-16T17:42:53Z
9352357002185,Keep It Cleaner Plant based protein,2026-09-16T17:42:53Z,2026-09-16T17:42:53Z
9352357002192,Plant based protein crunch peanut butter,2026-09-16T17:42:53Z,2026-09-16T17:42:53Z
9352357002222,Nut butter filler ball,2026-09-16T17:42:53Z,2026-09-16T17:42:53Z
9352357002239,Nut Butter Filled Ball Hazelnut Brownie,2026-09-16T17:42:53Z,2026-09-16T17:42:53Z
9352357002253,Keep it cleaner Nut butter filled ball,2026-09-16T17:42:53Z,2026-09-16T17:42:53Z
9352357002284,Nut Butter Filled Ball salted caramel,2026-09-16T17:42:53Z,2026-09-16T17:42:53Z
9352357002406,Keep It Cleaner Protein Choc Fudge Ball,2026-09-16T17:42:53Z,2026-09-16T17:42:53Z
9352357002901,Nut butter filled ball double peanut with peanut butter,2026-09-16T17:42:53Z,2026-09-16T17:42:53Z
9352357002925,Apple puffs 42 g,2026-09-16T17:42:53Z,2026-09-16T17:42:53Z
9352357002949,Kale puffs 42 g,2026-09-16T17:42:53Z,2026-09-16T17:42:53Z
9352357003014,Metro foods Plant based protein Vanilla 375 g,2026-09-16T17:42:53Z,2026-09-16T17:42:53Z
9352357003021,Protein faba bean choc caramel 375 g,2026-09-16T17:42:53Z,2026-09-16T17:42:53Z
9352357003045,Keep it cleaner 330 g,2026-09-16T17:42:53Z,2026-09-16T17:42:53Z
9352357003052,Keep it cleaner Nurture vitality blend salted caramel,2026-09-16T17:42:53Z,2026-09-16T17:42:53Z
9352357003106,Keep it cleaner Corn and cauliflower pasta,2026-09-16T17:42:53Z,2026-09-16T17:42:53Z
9352357003113,Corn and beetroot pasta,2026-09-16T17:42:53Z,2026-09-16T17:42:53Z
9352357003144,Protein powder vannilla marshmallow,2026-09-16T17:42:53Z,2026-09-16T17:42:53Z
9352357003175,Keep It Cleaner Protein slice,2026-09-16T17:42:53Z,2026-09-16T17:42:53Z
9352357003199,Protein Slice,2026-09-16T17:42:53Z,2026-09-16T17:42:53Z
9352357003205,Keep it cleaner Protein cookie,2026-09-16T17:42:53Z,2026-09-16T17:42:53Z
9352357003212,Keep it cleaner Protein Cookie choc brownie,2026-09-16T17:42:53Z,2026-09-16T17:42:53Z
9352357003229,Protein Cookie Choc Mint,2026-09-16T17:42:53Z,2026-09-16T17:42:53Z
9352357003250,Lentil Chips sea salt,2026-09-16T17:42:53Z,2026-09-16T17:42:53Z
9352357003274,Lentil Chips Vegan Cheese and Jalapeño,2026-09-16T17:42:53Z,2026-09-16T17:42:53Z
9352357003298,Lentil chips sea salt and roadt garlic,2026-09-16T17:42:53Z,2026-09-16T17:42:53Z
9352357003359,Keep It Cleaner Whey high pretein powder,2026-09-16T17:42:53Z,2026-09-16T17:42:53Z
9352357003366,whey protein powder,2026-09-16T17:42:53Z,2026-09-16T17:42:53Z
9352357003458,Collagen protein powder,2026-09-16T17:42:53Z,2026-09-16T17:42:53Z
9352357003465,Collagen protein powder 330 g,2026-09-16T17:42:53Z,2026-09-16T17:42:53Z
9352357003472,Keep it cleaner Collagen protein powder,2026-09-16T17:42:53Z,2026-09-16T17:42:53Z
9352357003496,Keep It Cleaner Plant based protein,2026-09-16T17:42:53Z,2026-09-16T17:42:53Z
9352357003502,Salted caramel dessert bites 150 g,2026-09-16T17:42:53Z,2026-09-16T17:42:53Z
9352357003519,Choc penut,2026-09-16T17:42:53Z,2026-09-16T17:42:53Z
9352357003618,Collagen choc fudge,2026-09-16T17:42:53Z,2026-09-16T17:42:53Z
9352357003625,Collagen pranut buttet,2026-09-16T17:42:53Z,2026-09-16T17:42:53Z
9352357003649,Collagen bar,2026-09-16T17:42:53Z,2026-09-16T17:42:53Z
9352357003670,Berry puffs,2026-09-16T17:42:53Z,2026-09-16T17:42:53Z
9352357003687,Multigrain apple puffs 22 g,2026-09-16T17:42:53Z,2026-09-16T17:42:53Z
9352357003717,Pasta rice & corn jungle animals,2026-09-16T17:42:53Z,2026-09-16T17:42:53Z
9352357003724,Pasta Tri-Veg Dinosaurs,2026-09-16T17:42:53Z,2026-09-16T17:42:53Z
9352357003731,Pasta sauce,2026-09-16T17:42:53Z,2026-09-16T17:42:53Z
9352357003755,Wheat free oat cereal 225 g,2026-09-16T17:42:53Z,2026-09-16T17:42:53Z
9352357003762,Wheat free oat cereal 225 g,2026-09-16T17:42:53Z,2026-09-16T17:42:53Z
9352357003847,Keep it cleaner plant protein crunch,2026-09-16T17:42:53Z,2026-09-16T17:42:53Z
9352357003854,Plant protein crunch,2026-09-16T17:42:53Z,2026-09-16T17:42:53Z
9352357004103,Kimchi 950 g,2026-09-16T17:42:53Z,2026-09-16T17:42:53Z
9352357004189,Keep It Cleaner Faba Bean Protein Powder Choc,2026-09-16T17:42:53Z,2026-09-16T17:42:53Z
9352357004202,Bliss Bar Sea Salt Caramel - Keep It Cleaner,2026-09-16T17:42:53Z,2026-09-16T17:42:53Z
9352357004226,Bliss Bar Rocky Road,2026-09-16T17:42:53Z,2026-09-16T17:42:53Z
9352357004233,Bliss bar choc honeycomb,2026-09-16T17:42:53Z,2026-09-16T17:42:53Z
9352357004240,Keep it cleaner Bliss bar cookies and cream,2026-09-16T17:42:53Z,2026-09-16T17:42:53Z
9352357004264,Choc peanut,2026-09-16T17:42:53Z,2026-09-16T17:42:53Z
9352357004271,Keep it cleaner Protein indulge choc caramel,2026-09-16T17:42:53Z,2026-09-16T17:42:53Z
9352357004295,Keep it cleaner Plant protein crunch choc mint,2026-09-16T17:42:53Z,2026-09-16T17:42:53Z
9352357004301,Keep it cleaner Choc hazelnut,2026-09-16T17:42:53Z,2026-09-16T17:42:53Z
9352357004318,Keep it Cleaner Mini Protein Cookies & Cream,2026-09-16T17:42:53Z,2026-09-16T17:42:53Z
9352357004325,Keep it clean Choc fudge brownie,2026-09-16T17:42:53Z,2026-09-16T17:42:53Z
9352357004349,Keep it Cleaner BLISS MINI peanut caramel,2026-09-16T17:42:53Z,2026-09-16T17:42:53Z
9352357004424,KEEP IT CLEANER HONEYCOMB DAIRY WHIP PROTEIN BAR,2026-09-16T17:42:53Z,2026-09-16T17:42:53Z
9352357004431,KEEP IT CLEANER Vanilla crème whip protein bar,2026-09-16T17:42:53Z,2026-09-16T17:42:53Z
9352357004448,Neapolitan - Keep It Cleaner,2026-09-16T17:42:53Z,2026-09-16T17:42:53Z
9352357004486,Keep it Cleaner Mint Crisp,2026-09-16T17:42:53Z,2026-09-16T17:42:53Z
9352357004493,Keep it Cleaner Plant Based Protein Choc Cherry,2026-09-16T17:42:53Z,2026-09-16T17:42:53Z
9352357004509,Keep It Cleaner Plant protein bar salt caramel,2026-09-16T17:42:53Z,2026-09-16T17:42:53Z
9352357004592,Keep It Cleaner Protein fizz raspberry,2026-09-16T17:42:53Z,2026-09-16T17:42:53Z
9352357004608,Keep It Cleaner Protein Fizz Lemonade Flavour,2026-09-16T17:42:53Z,2026-09-16T17:42:53Z
9352357004615,Keep It Cleaner Lentil Chips,2026-09-16T17:42:53Z,2026-09-16T17:42:53Z
9352357004622,Keep it Cleaner Plant Protein Cookie Crumble,2026-09-16T17:42:53Z,2026-09-16T17:42:53Z
9352357004639,Keep it Cleaner plant protein chocolate flavour 345 g,2026-09-16T17:42:53Z,2026-09-16T17:42:53Z
9352357004646,Keep it Cleaner plant protein vanilla flavour,2026-09-16T17:42:53Z,2026-09-16T17:42:53Z
9352357004653,Keep It Cleaner Whey Protein Chocolate,2026-09-16T17:42:53Z,2026-09-16T17:42:53Z
9352357004660,Keep it Cleaner whey protein vanilla flavour,2026-09-16T17:42:53Z,2026-09-16T17:42:53Z
9352357004707,Keep It Cleaner Choc Apricot Almond Bar,2026-09-16T17:42:53Z,2026-09-16T17:42:53Z
9352357004738,Keep it Cleaner mint crisp protein bar,2026-09-16T17:42:53Z,2026-09-16T17:42:53Z
9352357004745,Keep it Cleaner protein bar,2026-09-16T17:42:53Z,2026-09-16T17:42:53Z
9352357004776,Keep it Cleaner daily boost protein strawberry flavour,2026-09-16T17:42:53Z,2026-09-16T17:42:53Z
9352357004783,Keep it Cleaner daily boost protein vanilla flavour,2026-09-16T17:42:53Z,2026-09-16T17:42:53Z
9352357004790,Keep it Cleaner daily boost protein chocolate flavour,2026-09-16T17:42:53Z,2026-09-16T17:42:53Z
9352359000011,white mud cake,2026-09-16T17:42:53Z,2026-09-16T17:42:53Z
9352359000035,Your Bakery Bakery,2026-09-16T17:42:53Z,2026-09-16T17:42:53Z
9352359000318,Your Bakery Choc Orange Bar Cake 1,2026-09-16T17:42:53Z,2026-09-16T17:42:53Z
9352359000349,Your Bakery 6 Caramel Slices 320g,2026-09-16T17:42:53Z,2026-09-16T17:42:53Z
9352359000561,Creative Foods Garlic bread 1 250g,2026-09-16T17:42:53Z,2026-09-16T17:42:53Z
9352359000578,Garlic bread,2026-09-16T17:42:53Z,2026-09-16T17:42:53Z
9352365000012,Edward's Health Co. Australian Manuka Honey Beverage Lemon & Ginger,2026-09-16T17:42:53Z,2026-09-16T17:42:53Z
9352365000203,Edward’s Health Co. It’s Manuka Iced Tea,2026-09-16T17:42:53Z,2026-09-16T17:42:53Z
9352365001972,Edward's Health Sugar Free Gummy Bears,2026-09-16T17:42:53Z,2026-09-16T17:42:53Z
9352366000066,Yogoletti,2026-09-16T17:42:53Z,2026-09-16T17:42:53Z
9352366000110,Yog’ n oats Apple and cinnamon,2026-09-16T17:42:53Z,2026-09-16T17:42:53Z
9352366000226,Yog’n Oats Blueberry and coconut natural brekkie,2026-09-16T17:42:53Z,2026-09-16T17:42:53Z
9352366000233,Yogn oats,2026-09-16T17:42:53Z,2026-09-16T17:42:53Z
9352366000257,Yog’n Oats Mango & Papaya,2026-09-16T17:42:53Z,2026-09-16T17:42:53Z
9352366000318,Cranberry & walnut brekkie,2026-09-16T17:42:53Z,2026-09-16T17:42:53Z
9352366000325,Yog'n oats mango,2026-09-16T17:42:53Z,2026-09-16T17:42:53Z
9352366000370,Yog’n Oats Strawberry & Vanilla,2026-09-16T17:42:53Z,2026-09-16T17:42:53Z
9352366000417,Yog’n oats,2026-09-16T17:42:53Z,2026-09-16T17:42:53Z
9352369000384,Who gives a crap Tissue paper products,2026-09-16T17:42:53Z,2026-09-16T17:42:53Z
9352386000343,Australian Native Tea Bush Lemon and Ginger 50 g,2026-09-16T17:42:53Z,2026-09-16T17:42:53Z
9352391000000,Baileys Iced coffee,2026-09-16T17:42:53Z,2026-09-16T17:42:53Z
9352417000397,LISTYLES CONDOMS REGULAR 10S,2026-09-16T17:42:53Z,2026-09-16T17:42:53Z
9352417000427,LISTYLES CONDOMS U/THIN,2026-09-16T17:42:53Z,2026-09-16T17:42:53Z
9352417000656,LISTYLES LUBE SILKY SMTH 100GM 100 g,2026-09-16T17:42:53Z,2026-09-16T17:42:53Z
9352427002695,Stomping Ground Smash Zero Pine Lime Sour Beer,2026-09-16T17:42:53Z,2026-09-16T17:42:53Z
9352435000119,Slow Cooked Taste Time Green Peppercorn Sauce,2026-09-16T17:42:53Z,2026-09-16T17:42:53Z
9352435000201,Slow Cooked Taste Time Chicken And Wild Rice Soup,2026-09-16T17:42:53Z,2026-09-16T17:42:53Z
9352435000225,Pumpkin and sage soup,2026-09-16T17:42:53Z,2026-09-16T17:42:53Z
9352435099014,Unreal Co. Brekky Bangers 350 g,2026-09-16T17:42:53Z,2026-09-16T17:42:53Z
9352435099908,Roll'd Chicken and Beef Pho Broth,2026-09-16T17:42:53Z,2026-09-16T17:42:53Z
9352441000448,joi manggo 250ml,2026-09-16T17:42:53Z,2026-09-16T17:42:53Z
9352441000479,joi apple 1l,2026-09-16T17:42:53Z,2026-09-16T17:42:53Z
9352441000998,joi pineapple 250,2026-09-16T17:42:53Z,2026-09-16T17:42:53Z
9352453010046,New Chinese Garden Sweet & Sour Pork Balls,2026-09-16T17:42:53Z,2026-09-16T17:42:53Z
9352453010084,Gluten free lemon chicken - New Chinese Garden,2026-09-16T17:42:53Z,2026-09-16T17:42:53Z
9352459000287,Home bake co Dubai Chocolate slice,2026-09-16T17:42:53Z,2026-09-16T17:42:53Z
9352459000317,Home Bake Caramelized Biscuits Dubai Chocolate Slice,2026-09-16T17:42:53Z,2026-09-16T17:42:53Z
9352465000073,Organic golden turmeric blend,2026-09-16T17:42:53Z,2026-09-16T17:42:53Z
9352465000288,Originsl rice cracker,2026-09-16T17:42:53Z,2026-09-16T17:42:53Z
9352465000318,"Tribe Organics Rice Crackers, Smokey BBQ",2026-09-16T17:42:53Z,2026-09-16T17:42:53Z
9352465000806,Tilly's Chewy Gooey Choc Brownie,2026-09-16T17:42:53Z,2026-09-16T17:42:53Z
9352465000820,Tilly's Silky Salted Caramel Guilt Free Frozen Dessert,2026-09-16T17:42:53Z,2026-09-16T17:42:53Z
9352465000844,Tilly's Frozen Dessert Cool Beans Vanilla 'N Fudge,2026-09-16T17:42:53Z,2026-09-16T17:42:53Z
9352465001322,Corn tortillas,2026-09-16T17:42:53Z,2026-09-16T17:42:53Z
9352465001445,Tribe organics Cheese & onion rice crackers,2026-09-16T17:42:53Z,2026-09-16T17:42:53Z
9352471000036,Natural Dish Soap,2026-09-16T17:42:53Z,2026-09-16T17:42:53Z
9352472013134,So Tasy Breakfast,2026-09-16T17:42:53Z,2026-09-16T17:42:53Z
9352474000125,Tammy's Sourdough san francisco loaf,2026-09-16T17:42:53Z,2026-09-16T17:42:53Z
9352474000149,Tammy's Light sourdough multigrain block,2026-09-16T17:42:53Z,2026-09-16T17:42:53Z
9352474000439,Tammy's Choc Chips Hot Cross Buns,2026-09-16T17:42:53Z,2026-09-16T17:42:53Z
9352489010041,Flying Cup Dutch Cocoa Hot Chocolate,2026-09-16T17:42:53Z,2026-09-16T17:42:53Z
9352489020125,Flying Cup caramel syrup,2026-09-16T17:42:53Z,2026-09-16T17:42:53Z
9352490099967,Kapaipuku Cacao seed mix gut health,2026-09-16T17:42:53Z,2026-09-16T17:42:53Z
9352490099974,kapai puku Gut Health raw seed mix,2026-09-16T17:42:53Z,2026-09-16T17:42:53Z
9352490099981,Gut Health Tropical Seed Mix,2026-09-16T17:42:53Z,2026-09-16T17:42:53Z
9352490099998,Kapai Puku Guy Health Original Seed Mix,2026-09-16T17:42:53Z,2026-09-16T17:42:53Z
9352496000318,Vegetarian Hot Dogs,2026-09-16T17:42:53Z,2026-09-16T17:42:53Z
9352496000530,Wakey Wakey Energy Efferverscent Tablets 20 pack,2026-09-16T17:42:53Z,2026-09-16T17:42:53Z
9352496000585,Nighty Night Ashwagandha Sleep Tablets,2026-09-16T17:42:53Z,2026-09-16T17:42:53Z
9352496000646,Iron + C Gummies,2026-09-16T17:42:53Z,2026-09-16T17:42:53Z
9352496000806,Wakey Wakey Caffeine Liquid Caps 20 pack,2026-09-16T17:42:53Z,2026-09-16T17:42:53Z
9352496001216,Protein Water Blueberry Lemonade,2026-09-16T17:42:53Z,2026-09-16T17:42:53Z
9352496001346,Performance Inspired Explosive Pre-Workout,2026-09-16T17:42:53Z,2026-09-16T17:42:53Z
9352506000017,Rok Kombucha Ginger Pop,2026-09-16T17:42:53Z,2026-09-16T17:42:53Z
9352506000024,Rok kombucha,2026-09-16T17:42:53Z,2026-09-16T17:42:53Z
9352506000109,Pineapple Punk,2026-09-16T17:42:53Z,2026-09-16T17:42:53Z
9352506000277,Kombucha,2026-09-16T17:42:53Z,2026-09-16T17:42:53Z
9352506000284,Rok Kombucha berry beats flavour,2026-09-16T17:42:53Z,2026-09-16T17:42:53Z
9352506000291,kombucha,2026-09-16T17:42:53Z,2026-09-16T17:42:53Z
9352506000321,rok+ Clean Energy Tropical,2026-09-16T17:42:53Z,2026-09-16T17:42:53Z
9352506000376,Waves & Caves COLA Lo-Cal Handcrafted Soda,2026-09-16T17:42:53Z,2026-09-16T17:42:53Z
9352506000567,Rok Tropical Mango Kombucha,2026-09-16T17:42:53Z,2026-09-16T17:42:53Z
9352511000545,Complete protein powder,2026-09-16T17:42:53Z,2026-09-16T17:42:53Z
9352522000015,SONY PS4 ASHES CRICKET,2026-09-17T13:43:43Z,2026-09-17T13:43:43Z
9352522000039,MICROSOFT XB1 ASHES CRICKET,2026-09-17T13:43:43Z,2026-09-17T13:43:43Z
9352524000433,Soulseed Hemp seed oil,2026-09-16T17:42:53Z,2026-09-16T17:42:53Z
9352524000495,Natural Hemp protein,2026-09-16T17:42:53Z,2026-09-16T17:42:53Z
9352524000501,Hemp seeds,2026-09-16T17:42:53Z,2026-09-16T17:42:53Z
9352539000107,Lay Day Lager,2026-09-16T17:42:53Z,2026-09-16T17:42:53Z
9352545000375,Corryton Burge Barossa Grenache 750mL 750 mL,2026-09-16T17:42:53Z,2026-09-16T17:42:53Z
9352551000055,Shelby's Salted Caramel Peanut Butter and Dark Chocolate,2026-09-16T17:42:53Z,2026-09-16T17:42:53Z
9352551000062,Shelby's Dipped & Dusted Almonds Raspberry Dark Chocolate,2026-09-16T17:42:53Z,2026-09-16T17:42:53Z
9352551000079,Shelby's Dipped & Dusted Almonds Espresso Dark Chocolate,2026-09-16T17:42:53Z,2026-09-16T17:42:53Z
9352551000086,Shelby's shelbys dipped and dusted almonds,2026-09-16T17:42:53Z,2026-09-16T17:42:53Z
9352551000116,Double choc hazlenut cookies 8 x 15 g,2026-09-16T17:42:53Z,2026-09-16T17:42:53Z
9352551000161,Shelby's dipped and dusted almonds,2026-09-16T17:42:53Z,2026-09-16T17:42:53Z
9352551000178,Shelby’s Healthy Hedonism Dipped & Dusted Almonds,2026-09-16T17:42:53Z,2026-09-16T17:42:53Z
9352551000192,shelby's Dipped & Dusted Almonds,2026-09-16T17:42:53Z,2026-09-16T17:42:53Z
9352551000208,Shelby's Dipped & Dusted,2026-09-16T17:42:53Z,2026-09-16T17:42:53Z
9352551000215,Shelby's Dipped & dusted,2026-09-16T17:42:53Z,2026-09-16T17:42:53Z
9352551000222,Shelby's dipped and dusted nut butter bites,2026-09-16T17:42:53Z,2026-09-16T17:42:53Z
9352556000012,Macadamia brittle,2026-09-16T17:42:53Z,2026-09-16T17:42:53Z
9352556000272,New Farm Confectionery Dark Choc Honeycomb,2026-09-16T17:42:53Z,2026-09-16T17:42:53Z
9352556000524,New farm confectionery Dark chocolate rocky road,2026-09-16T17:42:53Z,2026-09-16T17:42:53Z
9352556003150,New Farm Confectionery Dark Chocolate Coated Pretzels,2026-09-16T17:42:53Z,2026-09-16T17:42:53Z
9352556004126,New Farm Confectionary White Chocolate + Strawberry Crunch Bark,2026-09-16T17:42:53Z,2026-09-16T17:42:53Z
9352567000711,Pizza N Joy Pepperoni Hand Crust Pizza,2026-09-16T17:42:53Z,2026-09-16T17:42:53Z
9352567000827,"IGA 10"" Garlic, Herb & Cheese Pizza",2026-09-16T17:42:53Z,2026-09-16T17:42:53Z
9352567000940,Ritchies DELUXE BBQ MEATLOVERS,2026-09-16T17:42:53Z,2026-09-16T17:42:53Z
9352576000016,Mc Yee Noodles Egg Noodle,2026-09-16T17:42:53Z,2026-09-16T17:42:53Z
9352576000023,Mc Yee Noodles Egg Noodles,2026-09-16T17:42:53Z,2026-09-16T17:42:53Z
9352576000092,Mc yee foods Fresh egg noodles,2026-09-16T17:42:53Z,2026-09-16T17:42:53Z
9352576000115,MC Yee Noodles - Hokkein Noodles 1kg,2026-09-16T17:42:53Z,2026-09-16T17:42:53Z
9352642000544,Love Your Guts Sauerkraut,2026-09-16T17:42:53Z,2026-09-16T17:42:53Z
9352642000605,"Love Your Guts Carrot, Caraway & Dill Sauerkraut",2026-09-16T17:42:53Z,2026-09-16T17:42:53Z
9352642000612,Love Your Guts Carrot Caraway Dill Sourkraut,2026-09-16T17:42:53Z,2026-09-16T17:42:53Z
9352642000711,Love Your Guts Sauerkraut,2026-09-16T17:42:53Z,2026-09-16T17:42:53Z
9352642000896,Love Your Guts Classic Sauerkraut,2026-09-16T17:42:53Z,2026-09-16T17:42:53Z
9352642001312,Lauds Truffle Cashew Cream Cheese,2026-09-16T17:42:53Z,2026-09-16T17:42:53Z
9352642001329,"Lauds Lemon, Garlic, And dill Cashew Cream Cheese",2026-09-16T17:42:53Z,2026-09-16T17:42:53Z
9352642001381,Lauds Smoked Oat cheese,2026-09-16T17:42:53Z,2026-09-16T17:42:53Z
9352648000500,Autumn Poultry Slow Grown Cockerel Liver Pate,2026-09-16T17:42:53Z,2026-09-16T17:42:53Z
9352655006151,Instinctive bite,2026-09-16T17:42:53Z,2026-09-16T17:42:53Z
9352665000262,"Beef Mince, Tasty Cheese & Spinach Gozleme",2026-09-16T17:42:53Z,2026-09-16T17:42:53Z
9352694003210,Bone Dry Rosé,2026-09-16T17:42:53Z,2026-09-16T17:42:53Z
9352694003517,Bone dry sav,2026-09-16T17:42:53Z,2026-09-16T17:42:53Z
9352694071295,Stonehaven Merlot 750mL 750 mL,2026-09-16T17:42:53Z,2026-09-16T17:42:53Z
9352694071318,STONEHAVEN PINOT NOIR,2026-09-16T17:42:53Z,2026-09-16T17:42:53Z
9352694071394,Stonehaven Rose 750mL 750 mL,2026-09-16T17:42:53Z,2026-09-16T17:42:53Z
9352696023889,MelCo Foods BBQ Habanero Chicken Ribs,2026-09-16T17:42:53Z,2026-09-16T17:42:53Z
9352696023919,Melvin Foods Southern Chicken Tendwr,2026-09-16T17:42:53Z,2026-09-16T17:42:53Z
9352696023940,Melco Foods Karaage Chicken,2026-09-16T17:42:53Z,2026-09-16T17:42:53Z
9352696023995,MelCo Foods Boneless Chicken Bites Hot & Spicy,2026-09-16T17:42:53Z,2026-09-16T17:42:53Z
9352696081551,Melco Foods Mexican Tenderloin,2026-09-16T17:42:53Z,2026-09-16T17:42:53Z
9352702000224,Wellness blend,2026-09-16T17:42:53Z,2026-09-16T17:42:53Z
9352702000248,Energy blend,2026-09-16T17:42:53Z,2026-09-16T17:42:53Z
9352702000255,Energy blend,2026-09-16T17:42:53Z,2026-09-16T17:42:53Z
9352702000262,Energy Blend Mixed Berry and Pomegranate,2026-09-16T17:42:53Z,2026-09-16T17:42:53Z
9352702000361,health and wellness blend green apple flavour,2026-09-16T17:42:53Z,2026-09-16T17:42:53Z
9352708000273,CHAIME COCODA Vegan Free Dairy Gluten,2026-09-16T17:42:53Z,2026-09-16T17:42:53Z
9352708129363,AmericanDrop Organic Coco Drop,2026-09-16T17:42:53Z,2026-09-16T17:42:53Z
9352716000203,Shine+ Tropical Coconut,2026-09-16T17:42:53Z,2026-09-16T17:42:53Z
9352716000210,shine+ Nootropic Drink 330 mL,2026-09-16T17:42:53Z,2026-09-16T17:42:53Z
9352716000227,Shine+ Blueberry Lemonade,2026-09-16T17:42:53Z,2026-09-16T17:42:53Z
9352716000234,Shine+ Raspberry Soda 330ml,2026-09-16T17:42:53Z,2026-09-16T17:42:53Z
9352716000258,Shine+ Watermelon Mint,2026-09-16T17:42:53Z,2026-09-16T17:42:53Z
9352716000265,Shine+ Orange Mango,2026-09-16T17:42:53Z,2026-09-16T17:42:53Z
9352716000272,Shine+,2026-09-16T17:42:53Z,2026-09-16T17:42:53Z
9352716000395,Shine+ Rasperry Soda,2026-09-16T17:42:53Z,2026-09-16T17:42:53Z
9352716000609,Shine charged nootropic energy performance drink,2026-09-16T17:42:53Z,2026-09-16T17:42:53Z
9352716000616,Shine,2026-09-16T17:42:53Z,2026-09-16T17:42:53Z
9352716000623,Shine Yuzu Lemonade,2026-09-16T17:42:53Z,2026-09-16T17:42:53Z
9352716000630,Shine Zero Sugar Blood Orange,2026-09-16T17:42:53Z,2026-09-16T17:42:53Z
9352716000647,Shine Zero Sugar Grape,2026-09-16T17:42:53Z,2026-09-16T17:42:53Z
9352716000814,shine+ Better Energy,2026-09-16T17:42:53Z,2026-09-16T17:42:53Z
9352716000821,Shine+ Better Energy Nootropic Drink 250mL,2026-09-16T17:42:53Z,2026-09-16T17:42:53Z
9352716000869,Shine Orange & Mango Nootropic,2026-09-16T17:42:53Z,2026-09-16T17:42:53Z
9352716001194,Shine+ Hydration,2026-09-16T17:42:53Z,2026-09-16T17:42:53Z
9352716001200,Shine Nutrition Electrolyte Drink,2026-09-16T17:42:53Z,2026-09-16T17:42:53Z
9352721000403,Puopolo Cacciatore,2026-09-16T17:42:53Z,2026-09-16T17:42:53Z
9352721000441,Finocchiona Mild Fennel Salami,2026-09-16T17:42:53Z,2026-09-16T17:42:53Z
9352721000465,Felino wine infused mild salami,2026-09-16T17:42:53Z,2026-09-16T17:42:53Z
9352721000489,Puopolo Hungarian Smoke Salami,2026-09-16T17:42:53Z,2026-09-16T17:42:53Z
9352722000006,Super Latte 90 g,2026-09-16T17:42:53Z,2026-09-16T17:42:53Z
9352722000013,Better cheddar 180 g,2026-09-16T17:42:53Z,2026-09-16T17:42:53Z
9352722000211,Super latte blue dream,2026-09-16T17:42:53Z,2026-09-16T17:42:53Z
9352722000228,Super latte golden state 90 g,2026-09-16T17:42:53Z,2026-09-16T17:42:53Z
9352734000308,Topmake Lemon Friands Slice,2026-09-16T17:42:53Z,2026-09-16T17:42:53Z
9352734000537,Coconut Macaroons,2026-09-16T17:42:53Z,2026-09-16T17:42:53Z
9352744000046,Australian Organic Food Co. AUSTRALIAN ORGANIC ROAST PUMPKIN & SWEET POTATO SOUP,2026-09-16T17:42:53Z,2026-09-16T17:42:53Z
9352744000053,Red cycle Minestrone Soup,2026-09-16T17:42:53Z,2026-09-16T17:42:53Z
9352744000220,Australian Organic Food Co. AUSTRALIAN ORGANIC APPLE & STRAWBERRY FRUIT PUREE,2026-09-16T17:42:53Z,2026-09-16T17:42:53Z
9352744000244,"Australian Organic Food Co Pear, Peach & Nectarine Fruit Puree",2026-09-16T17:42:53Z,2026-09-16T17:42:53Z
9352744000251,"Australian Organic Food Co. Australian Organic Apple, Plum Apricot & Peach Fruit Puree",2026-09-16T17:42:53Z,2026-09-16T17:42:53Z
9352744000268,Australian Organic Food Co Organic tomato,2026-09-16T17:42:53Z,2026-09-16T17:42:53Z
9352744000275,100 percent Austrailian wholemeal spelt flour,2026-09-16T17:42:53Z,2026-09-16T17:42:53Z
9352744000343,Green blend,2026-09-16T17:42:53Z,2026-09-16T17:42:53Z
9352744000367,100 Percent,2026-09-16T17:42:53Z,2026-09-16T17:42:53Z
9352744000398,Australian Organic Basil & Vine Ripened Tomato Soup,2026-09-16T17:42:53Z,2026-09-16T17:42:53Z
9352744000428,Australian Organic Pumpkin & Sage Pasta Sauce,2026-09-16T17:42:53Z,2026-09-16T17:42:53Z
9352744000442,Tomato & Basil Napoli Pasta Sauce,2026-09-16T17:42:53Z,2026-09-16T17:42:53Z
9352744000459,Australian Organic Food Australian organic pasta sauce,2026-09-16T17:42:53Z,2026-09-16T17:42:53Z
9352744000565,Pear and Plum Fruit Puree,2026-09-16T17:42:53Z,2026-09-16T17:42:53Z
9352744000572,Australian Organic Apple & Pear Fruit Puree,2026-09-16T17:42:53Z,2026-09-16T17:42:53Z
9352744000596,Australian Organic Food Co Australian Organic Beef Stock,2026-09-16T17:42:53Z,2026-09-16T17:42:53Z
9352744000671,Australian Organic Thai Spiced Pumpkin Soup,2026-09-16T17:42:53Z,2026-09-16T17:42:53Z
9352744000688,Australian Organic Food Co. Chicken and Sweetcorn Soup,2026-09-16T17:42:53Z,2026-09-16T17:42:53Z
9352744000695,Australian Organic Food Co. Organic Tomato & Basil Passata,2026-09-16T17:42:53Z,2026-09-16T17:42:53Z
9352744000756,Australian Organic Good Co. Australian Organic Vanilla Custard,2026-09-16T17:42:53Z,2026-09-16T17:42:53Z
9352744000787,Australian Organic Co. Australian Organic Tropical Fruit Puree,2026-09-16T17:42:53Z,2026-09-16T17:42:53Z
9352744000794,Australian Organic Food Co. AUSTRALIAN ORGANIC MIXED BERRY FRUIT PUREE,2026-09-16T17:42:53Z,2026-09-16T17:42:53Z
9352750000511,Ballistic Hawaiian Haze,2026-09-16T17:42:53Z,2026-09-16T17:42:53Z
9352762611866,Bonds Fashion Skinny Leggings 150D L/XL each,2026-09-16T17:42:53Z,2026-09-16T17:42:53Z
9352792000166,Max Bean Firm Tofu,2026-09-16T17:42:53Z,2026-09-16T17:42:53Z
9352792000180,Max Bean Semi Fried Tofu,2026-09-16T17:42:53Z,2026-09-16T17:42:53Z
9352801000835,MierEdu Magnetic puzzle box,2026-09-16T17:42:53Z,2026-09-16T17:42:53Z
9352827003018,Himalayan salt collective,2026-09-16T17:42:53Z,2026-09-16T17:42:53Z
9352827003025,Pink salt,2026-09-16T17:42:53Z,2026-09-16T17:42:53Z
9352839001026,Evans & Tate Classic Sauvignon Blanc 750mL 750 mL,2026-09-16T17:42:53Z,2026-09-16T17:42:53Z
9352843001289,Macros Beef W Peppercorn,2026-09-16T17:42:53Z,2026-09-16T17:42:53Z
9352843001593,Macros AU Creamy Chicken & Mash,2026-09-16T17:42:53Z,2026-09-16T17:42:53Z
9352864000087,Creatine,2026-09-16T17:42:53Z,2026-09-16T17:42:53Z
9352864000780,VPA Chocolate Premium Whey,2026-09-16T17:42:53Z,2026-09-16T17:42:53Z
9352864000797,VPA Premium whey protein,2026-09-16T17:42:53Z,2026-09-16T17:42:53Z
9352864000803,VPA AUSTRALIAN PREMIUM WHEY,2026-09-16T17:42:53Z,2026-09-16T17:42:53Z
9352864000810,VPA Australia Whey Strawberry by VPA,2026-09-16T17:42:53Z,2026-09-16T17:42:53Z
9352864000841,VPA PREMIUM WHEY,2026-09-16T17:42:53Z,2026-09-16T17:42:53Z
9352864000865,VPA Protein powder - Rainbow Ice cream,2026-09-16T17:42:53Z,2026-09-16T17:42:53Z
9352864000889,Vpa Lean shake plus chocolate,2026-09-16T17:42:53Z,2026-09-16T17:42:53Z
9352864000919,Vpa breakfast shake,2026-09-16T17:42:53Z,2026-09-16T17:42:53Z
9352864000933,Vpa Australia VpA Breakfast Shake - Iced Coffee Flavour - VPA,2026-09-16T17:42:53Z,2026-09-16T17:42:53Z
9352864000940,Breakfast shake,2026-09-16T17:42:53Z,2026-09-16T17:42:53Z
9352864000957,VPA Banana Flavour Micellar Casein,2026-09-16T17:42:53Z,2026-09-16T17:42:53Z
9352864000964,Micellar Casein,2026-09-17T13:34:18Z,2026-09-17T13:34:18Z
9352864000971,VPA Micellar casein,2026-09-16T17:42:53Z,2026-09-16T17:42:53Z
9352864000988,VPA Australia Micellar Casein (Vanilla Flavour),2026-09-16T17:42:53Z,2026-09-16T17:42:53Z
9352864001008,VPA Complete Tri-Protein,2026-09-16T17:42:53Z,2026-09-16T17:42:53Z
9352864001015,Complete protein,2026-09-16T17:42:53Z,2026-09-16T17:42:53Z
9352864001039,VPA Australia premium complete tri-protein 33 serves 1kg,2026-09-16T17:42:53Z,2026-09-16T17:42:53Z
9352864001046,VPA Australia Whey Protein Isolate,2026-09-16T17:42:53Z,2026-09-16T17:42:53Z
9352864001053,VPA Australia Whey Isolate Vanilla Ice Cream Flavour,2026-09-16T17:42:53Z,2026-09-16T17:42:53Z
9352864001060,WPA Whey banana protein,2026-09-16T17:42:53Z,2026-09-16T17:42:53Z
9352864001077,VPA Australia Whey isolate - Vpa 1 kg,2026-09-16T17:42:53Z,2026-09-16T17:42:53Z
9352864001114,VPA Australia Whey Isolate Salted Caramel Flavour,2026-09-16T17:42:53Z,2026-09-16T17:42:53Z
9352864001121,Vpa Rainbow Isolate Protein,2026-09-16T17:42:53Z,2026-09-16T17:42:53Z
9352864001138,Vpa 100% Choc Coconut Whey Isolate,2026-09-16T17:42:53Z,2026-09-16T17:42:53Z
9352864001343,vpa premium plant protein,2026-09-16T17:42:53Z,2026-09-16T17:42:53Z
9352864001350,Vpa Premium Plant Plant-Based Protein Shake,2026-09-16T17:42:53Z,2026-09-16T17:42:53Z
9352864001374,100% pure whey isolate 1 kg,2026-09-16T17:42:53Z,2026-09-16T17:42:53Z
9352864001398,Whey Isolate 1 kg,2026-09-16T17:42:53Z,2026-09-16T17:42:53Z
9352864001404,Whet isolate,2026-09-16T17:42:53Z,2026-09-16T17:42:53Z
9352864001442,Protein powder,2026-09-16T17:42:53Z,2026-09-16T17:42:53Z
9352864001459,Vpa Premium Whey Protein Choc Coconut,2026-09-16T17:42:53Z,2026-09-16T17:42:53Z
9352864001466,Whey isolate,2026-09-16T17:42:53Z,2026-09-16T17:42:53Z
9352864001480,VPA Bussin’ Intra 300 g,2026-09-16T17:42:53Z,2026-09-16T17:42:53Z
9352864001565,Vpa 100% plant-based protein shake,2026-09-16T17:42:53Z,2026-09-16T17:42:53Z
9352864001596,VPA Australia Whey Isolate Strawberry Flavour,2026-09-16T17:42:53Z,2026-09-16T17:42:53Z
9352864001633,VPA Australia Whey Isolate Rainbow Ice Cream Flavour,2026-09-16T17:42:53Z,2026-09-16T17:42:53Z
9352864001664,VPA Australia Whey Isolate Choc Hazelnut Flavour,2026-09-16T17:42:53Z,2026-09-16T17:42:53Z
9352864001671,Whey Isolate (Rich Mocha),2026-09-16T17:42:53Z,2026-09-16T17:42:53Z
9352864001688,VPA WPI,2026-09-16T17:42:53Z,2026-09-16T17:42:53Z
9352864001701,VPA Choc Honeycomb Whey Isolate,2026-09-16T17:42:53Z,2026-09-16T17:42:53Z
9352864001725,VPA Australia Premium Whey Banana Flavour,2026-09-16T17:42:53Z,2026-09-16T17:42:53Z
9352864001794,VPA Premium Whey,2026-09-16T17:42:53Z,2026-09-16T17:42:53Z
9352864001800,VPA Australia Premium Whey Choc Hazelnut Flavour,2026-09-16T17:42:53Z,2026-09-16T17:42:53Z
9352864001831,VPA Australia Premium Whey,2026-09-16T17:42:53Z,2026-09-16T17:42:53Z
9352864001862,VPA Australia Whey Protein Isolate 1 kg,2026-09-16T17:42:53Z,2026-09-16T17:42:53Z
9352864001893,VPA Australia Dextrose Monohydrate,2026-09-16T17:42:53Z,2026-09-16T17:42:53Z
9352864001909,VPA Maltodextrin,2026-09-16T17:42:53Z,2026-09-16T17:42:53Z
9352864001978,Pea protein isolate,2026-09-16T17:42:53Z,2026-09-16T17:42:53Z
9352864002029,Vpa Beta Alanine,2026-09-16T17:42:53Z,2026-09-16T17:42:53Z
9352864002036,VPA Citrulline Malate,2026-09-16T17:42:53Z,2026-09-16T17:42:53Z
9352864002098,Vpa L-Glutamine Dietary Supplement,2026-09-16T17:42:53Z,2026-09-16T17:42:53Z
9352864002128,VPA Australia Waxy Maize Starch,2026-09-16T17:42:53Z,2026-09-16T17:42:53Z
9352864002951,VPA BCAA 7000,2026-09-16T17:42:53Z,2026-09-16T17:42:53Z
9352864002982,VPA Bussin Intra,2026-09-16T17:42:53Z,2026-09-16T17:42:53Z
9352864004009,VPA Choc Peanut Butter Cup WPI 1 kg,2026-09-16T17:42:53Z,2026-09-16T17:42:53Z
9352864004016,VPA Whey Isolate,2026-09-16T17:42:53Z,2026-09-16T17:42:53Z
9352864004023,VPA Whey isolate Caramel White Milk Flavour,2026-09-16T17:42:53Z,2026-09-16T17:42:53Z
9352864004030,VPA Australia Whey Isolate Choc Honeycomb Flavour,2026-09-16T17:42:53Z,2026-09-16T17:42:53Z
9352864004047,VPA Whey Isolate Fruity Cereal Flavour,2026-09-16T17:42:53Z,2026-09-16T17:42:53Z
9352864004054,VPA Whey Isolate - Dark Chocolate Flavour,2026-09-16T17:42:53Z,2026-09-16T17:42:53Z
9352864004078,Vpa Caramel Biscuit Shake,2026-09-16T17:42:53Z,2026-09-16T17:42:53Z
9352864004092,VPA Birthday Cake Whey Isolate,2026-09-16T17:42:53Z,2026-09-16T17:42:53Z
9352864004108,Vpa White Choc Raspberry WPI,2026-09-16T17:42:53Z,2026-09-16T17:42:53Z
9352864005006,VPA Premium Whey Choc Peanut Butter Cup,2026-09-16T17:42:53Z,2026-09-16T17:42:53Z
9352864005013,VPA Premium Whey Choc Hazelnut,2026-09-16T17:42:53Z,2026-09-16T17:42:53Z
9352864005020,VPA Premium Whey,2026-09-16T17:42:53Z,2026-09-16T17:42:53Z
9352864005037,VPA Premium Whey Choc Honeycomb,2026-09-16T17:42:53Z,2026-09-16T17:42:53Z
9352864005044,VPA WPC,2026-09-16T17:42:53Z,2026-09-16T17:42:53Z
9352864005051,VPA Premium Whey Dark chocolate,2026-09-16T17:42:53Z,2026-09-16T17:42:53Z
9352864005075,VPA Caramel Biscuit Shake Flavour Premium Whey,2026-09-16T17:42:53Z,2026-09-16T17:42:53Z
9352864005082,VPA Birthday Cake Flavour Premium Whey,2026-09-16T17:42:53Z,2026-09-16T17:42:53Z
9352864005099,VPA White Choc Raspberry Premium Whey 1 kg,2026-09-16T17:42:53Z,2026-09-16T17:42:53Z
9352864011014,VPA Breakfast Shake,2026-09-16T17:42:53Z,2026-09-16T17:42:53Z
9352864024007,Creatine,2026-09-16T17:42:53Z,2026-09-16T17:42:53Z
9352864024250,VPA Venom Pre Workout,2026-09-16T17:42:53Z,2026-09-16T17:42:53Z
9352864024274,VPA Australia Gold Coast Stim,2026-09-16T17:42:53Z,2026-09-16T17:42:53Z
9352864024304,VPA AUSTRALIA GOLD COAST STIM,2026-09-16T17:42:53Z,2026-09-16T17:42:53Z
9352864024311,VPA Aus Vitamin C,2026-09-16T17:42:53Z,2026-09-16T17:42:53Z
9352864024380,VPA Electrolyte Blend,2026-09-16T17:42:53Z,2026-09-16T17:42:53Z
9352864024397,VPA Electrolyte Powder Mix (Tropical Breeze) 1 kg,2026-09-16T17:42:53Z,2026-09-16T17:42:53Z
9352864024403,VPA Electrolyte Powder,2026-09-16T17:42:53Z,2026-09-16T17:42:53Z
9352864024410,VPA Electrolyte Powder Fruity Fiesta,2026-09-16T17:42:53Z,2026-09-16T17:42:53Z
9352864027749,VPA RPG GEL - GREEN APPLE 36 g,2026-09-16T17:42:53Z,2026-09-16T17:42:53Z
9352864028005,Vpa Multi Greens,2026-09-16T17:42:53Z,2026-09-16T17:42:53Z
9352864031999,VPA Collagen Pro,2026-09-16T17:42:53Z,2026-09-16T17:42:53Z
9352864032026,Vida Naturals Protein Water 1 kg,2026-09-16T17:42:53Z,2026-09-16T17:42:53Z
9352864032033,VPA Protein Water,2026-09-16T17:42:53Z,2026-09-16T17:42:53Z
9352864032064,VPA Australia Protein Water Peach Green Tea,2026-09-16T17:42:53Z,2026-09-16T17:42:53Z
9352864032071,Protein water,2026-09-16T17:42:53Z,2026-09-16T17:42:53Z
9352864032095,Premium plant,2026-09-16T17:42:53Z,2026-09-16T17:42:53Z
9352864032729,VPA Australia Hot Protein Delight Rocky Road,2026-09-16T17:42:53Z,2026-09-16T17:42:53Z
9352864033016,VPA Hot Protein Delight - Salted Caramels 500 g,2026-09-16T17:42:53Z,2026-09-16T17:42:53Z
9352864033054,VPA Australia Protein Mousse Chocolate,2026-09-16T17:42:53Z,2026-09-16T17:42:53Z
9352864037120,Protein Water,2026-09-16T17:42:53Z,2026-09-16T17:42:53Z
9352869066743,ICA Condimento bianco italiano 250,2026-09-16T17:42:53Z,2026-09-16T17:42:53Z
9352878000066,Rapid vegan plant protein,2026-09-16T17:42:53Z,2026-09-16T17:42:53Z
9352878000073,Rapid Vegan Plant Protein Vanilla 1 kg,2026-09-16T17:42:53Z,2026-09-16T17:42:53Z
9352878000684,RS Pure Cream Of Rice,2026-09-16T17:42:53Z,2026-09-16T17:42:53Z
9352878000691,Rapid Shops 100% Pure Cream Of Rice,2026-09-16T17:42:53Z,2026-09-16T17:42:53Z
9352878000707,Rapid Supplements Cream Of Rice Apple & Cinnamon,2026-09-16T17:42:53Z,2026-09-16T17:42:53Z
9352878000714,Go Mct Cream of rice,2026-09-16T17:42:53Z,2026-09-16T17:42:53Z
9352878000790,100% pure Wheyi protein isolate vanilla,2026-09-16T17:42:53Z,2026-09-16T17:42:53Z
9352878001025,Rapid Supplements 100% Whey Protein Isolate,2026-09-16T17:42:53Z,2026-09-16T17:42:53Z
9352878001056,100% Pure 100% Whey Protein Isolate Vanilla,2026-09-16T17:42:53Z,2026-09-16T17:42:53Z
9352878001216,Rapid pump Pre workout Non Stim,2026-09-16T17:42:53Z,2026-09-16T17:42:53Z
9352891543762,risknekkebrød,2026-09-16T17:42:53Z,2026-09-16T17:42:53Z
9352893579509,Aro Farine de blé 1 kg,2026-09-16T17:42:53Z,2026-09-16T17:42:53Z
9352911000213,Beevee Burgers,2026-09-16T17:42:53Z,2026-09-16T17:42:53Z
9352911000237,Beevee strips,2026-09-16T17:42:53Z,2026-09-16T17:42:53Z
9352930000041,Frankie's Classic New York Deli Pickle Halves,2026-09-16T17:42:53Z,2026-09-16T17:42:53Z
9352930000058,The gin pickle,2026-09-16T17:42:53Z,2026-09-16T17:42:53Z
9352930000065,franks sweet fire pickles,2026-09-16T17:42:53Z,2026-09-16T17:42:53Z
9352930000263,Frankie's Fine Brine Sweet Mustard Pickle Relish,2026-09-16T17:42:53Z,2026-09-16T17:42:53Z
9352930000300,Friends of Frank Coconut & Maple Cookies,2026-09-16T17:42:53Z,2026-09-16T17:42:53Z
9352930000317,Raw cacao & hazelnut cookies,2026-09-16T17:42:53Z,2026-09-16T17:42:53Z
9352930000324,Orange and almond cookies,2026-09-16T17:42:53Z,2026-09-16T17:42:53Z
9352930000614,Frankie's Fine Brine Bread & Butter Pickles,2026-09-16T17:42:53Z,2026-09-16T17:42:53Z
9352930000638,Frankie's Fine Brine Pickled Carrot And Onion,2026-09-16T17:42:53Z,2026-09-16T17:42:53Z
9352989001273,Nomad Chocolate Hot Chocolate Peppermint Candy,2026-09-16T17:42:53Z,2026-09-16T17:42:53Z
9352989001655,Nomad Chocolate Hot Chocolate With Hot Cross Buns,2026-09-16T17:42:53Z,2026-09-16T17:42:53Z
9353025311127,Taucherli Schwarz,2026-09-16T17:42:53Z,2026-09-16T17:42:53Z
9353033001690,Breaka Chocolate Milk,2026-09-16T17:42:53Z,2026-09-16T17:42:53Z
9353206067522,Keto Nut Granola,2026-09-16T17:42:53Z,2026-09-16T17:42:53Z
9353216900925,Jess Bakery Rye Sourdough Bread,2026-09-16T17:42:53Z,2026-09-16T17:42:53Z
9353262000112,Chris’ Kitchen Stix Caramel Bars,2026-09-16T17:42:53Z,2026-09-16T17:42:53Z
9353279000006,Free range pork rillettes,2026-09-16T17:42:53Z,2026-09-16T17:42:53Z
9353279000068,City Larder Duck & Prune Terrine,2026-09-16T17:42:53Z,2026-09-16T17:42:53Z
9353279000211,City Larder Pate,2026-09-16T17:42:53Z,2026-09-16T17:42:53Z
9353279000310,City Larder Premium Smoked Salmon,2026-09-16T17:42:53Z,2026-09-16T17:42:53Z
9353281000315,Swell Brewing Co. Golden Ale,2026-09-16T17:42:53Z,2026-09-16T17:42:53Z
9353293000006,Pita pan Pan Rolls,2026-09-16T17:42:53Z,2026-09-16T17:42:53Z
9353323000013,Bacon seasoning,2026-09-16T17:42:53Z,2026-09-16T17:42:53Z
9353323000044,Bacon Seasoning,2026-09-16T17:42:53Z,2026-09-16T17:42:53Z
9353323000327,Chipotle seasoning mix,2026-09-16T17:42:53Z,2026-09-16T17:42:53Z
9353323000334,Taco seasoning,2026-09-16T17:42:53Z,2026-09-16T17:42:53Z
9353323000341,Nacho cheese flavoring,2026-09-16T17:42:53Z,2026-09-16T17:42:53Z
9353323000365,"Deliciou Spicy Bacon Flavored Seasoning, Spicy, Bacon",2026-09-16T17:42:53Z,2026-09-16T17:53:12Z
9353323000372,"Deliciou Cheesy Bacon Flavored Seasoning, Cheesy Bacon",2026-09-16T17:42:53Z,2026-09-16T17:53:12Z
9353323000402,Deliciou Bacon Seasoning 1pcs,2026-09-16T17:42:53Z,2026-09-16T17:42:53Z
9353323000419,Bacon seasoning,2026-09-16T17:42:53Z,2026-09-16T17:42:53Z
9353323000457,Deliciou,2026-09-16T17:42:53Z,2026-09-16T17:42:53Z
9353323000464,Cheesy bacon seasoning 60 g,2026-09-16T17:42:53Z,2026-09-16T17:42:53Z
9353323000488,Maple bacon seasoning 65 g,2026-09-16T17:42:53Z,2026-09-16T17:42:53Z
9353323000495,Nacho cheese seasoning 60 g,2026-09-16T17:42:53Z,2026-09-16T17:42:53Z
9353323000501,Taco seasoning 60 g,2026-09-16T17:42:53Z,2026-09-16T17:42:53Z
9353323000518,Chipotle seasoning,2026-09-16T17:42:53Z,2026-09-16T17:42:53Z
9353323000525,Deliciou Plant based chicken,2026-09-16T17:42:53Z,2026-09-16T17:42:53Z
9353323000532,Délicieux Plant bases Fred beef,2026-09-16T17:42:53Z,2026-09-16T17:42:53Z
9353323000549,Deliciou Everything Seasoning 60 g,2026-09-16T17:42:53Z,2026-09-16T17:42:53Z
9353323000563,GARLIC LOVERS 60 g,2026-09-16T17:42:53Z,2026-09-16T17:42:53Z
9353323000570,DELICIOU Fries Seasoning,2026-09-16T17:42:53Z,2026-09-16T17:42:53Z
9353323000587,Deliciou Sriracha Seasoning 55 g,2026-09-16T17:42:53Z,2026-09-16T17:42:53Z
9353323000594,Veggie Dust Seasoning 60 g,2026-09-16T17:42:53Z,2026-09-16T17:42:53Z
9353323000600,Sauce Ranch 65 g,2026-09-16T17:42:53Z,2026-09-16T17:42:53Z
9353323000617,Deliciou Chicken Seasoning 80 g,2026-09-16T17:42:53Z,2026-09-16T17:42:53Z
9353323000624,Vegan cheese seasoning 45 g,2026-09-16T17:42:53Z,2026-09-16T17:42:53Z
9353323000648,Bolognese Sauce 100 g,2026-09-16T17:42:53Z,2026-09-16T17:42:53Z
9353323000662,Taco Mince 100 g,2026-09-16T17:42:53Z,2026-09-16T17:42:53Z
9353323000686,Deliciou plant-based chicken 140g,2026-09-16T17:42:53Z,2026-09-16T17:42:53Z
9353323000693,Deliciou Plant Based Pork,2026-09-16T17:42:53Z,2026-09-16T17:42:53Z
9353323000747,Plant based pork,2026-09-16T17:42:53Z,2026-09-16T17:42:53Z
9353323000754,Plant based beef,2026-09-16T17:42:53Z,2026-09-16T17:42:53Z
9353323000761,Original Bacon Flavored Seasoning,2026-09-16T17:42:53Z,2026-09-16T17:42:53Z
9353323000792,Smoky BBQ Bacon Flavored Seasoning,2026-09-16T17:42:53Z,2026-09-16T17:42:53Z
9353323000891,Veggie dust,2026-09-16T17:42:53Z,2026-09-16T17:42:53Z
9353323000921,Vegan cheese flavored seasoning,2026-09-16T17:42:53Z,2026-09-16T17:42:53Z
9353323001133,Plant based chicken,2026-09-16T17:42:53Z,2026-09-16T17:42:53Z
9353323001409,Smoky BBQ Bacon Flavoured seasoning 60 g,2026-09-16T17:42:53Z,2026-09-16T17:42:53Z
9353323001485,Fries herb salt seasoning vegan,2026-09-16T17:42:53Z,2026-09-16T17:42:53Z
9353323001508,Deliciou Veggie Dust 60 g,2026-09-16T17:42:53Z,2026-09-16T17:42:53Z
9353323001515,Deliciou Ranch Flavoured Seasoning 60 g,2026-09-16T17:42:53Z,2026-09-16T17:42:53Z
9353323001539,Deliciou Vegan Cheese Seasoning 50 g,2026-09-16T17:42:53Z,2026-09-16T17:42:53Z
9353323001812,Delicious Bolegnese 100 g,2026-09-16T17:42:53Z,2026-09-16T17:42:53Z
9353323001829,San choy bow plant based mince,2026-09-16T17:42:53Z,2026-09-16T17:42:53Z
9353328001022,Miellerie Unheard Leatherwood Honey,2026-09-16T17:42:53Z,2026-09-16T17:42:53Z
9353328002029,Miellerie Lake Pedder Honey,2026-09-16T17:42:53Z,2026-09-16T17:42:53Z
9353330356363,Ristorante,2026-09-16T17:42:53Z,2026-09-16T17:42:53Z
9353333000010,MY MUSCLE CHEF Butter Chicken With Saffron Pilaf,2026-09-16T17:42:53Z,2026-09-16T17:42:53Z
9353333000027,MY MUSCLE CHEF Satay Chicken With Basmati Rice & Green Peas,2026-09-16T17:42:53Z,2026-09-16T17:42:53Z
9353333000041,My Muscle Chef Garlic and Herb Chicken 300g,2026-09-16T17:42:53Z,2026-09-16T17:42:53Z
9353333000058,My muscle chef Pesto chicken,2026-09-16T17:42:53Z,2026-09-16T17:42:53Z
9353333000102,"My Muscle Chef Smokey BBQ Brisket With Sweet Potato, Kale",2026-09-16T17:42:53Z,2026-09-16T17:42:53Z
9353333000119,Braised beef ragu,2026-09-16T17:42:53Z,2026-09-16T17:42:53Z
9353333000133,My Muscle Chef Spaghetti Bolognese 330g,2026-09-16T17:42:53Z,2026-09-16T17:42:53Z
9353333000140,My Muscle Chef Beef stroganoff with spinach fettuccine 330g,2026-09-16T17:42:53Z,2026-09-16T17:42:53Z
9353333000164,My Muscle Chef Clean chicken,2026-09-16T17:42:53Z,2026-09-16T17:42:53Z
9353333000171,My muscle chef Chicken katsu curry,2026-09-16T17:42:53Z,2026-09-16T17:42:53Z
9353333000195,Vegan butter chicken,2026-09-16T17:42:53Z,2026-09-16T17:42:53Z
9353333000201,Vegan beef ragu,2026-09-16T17:42:53Z,2026-09-16T17:42:53Z
9353333000232,My Muscle Chef Cajun chicken with dirty rice 300g,2026-09-16T17:42:53Z,2026-09-16T17:42:53Z
9353333000263,My Muscle Chef Thai Beef Power Bowl,2026-09-16T17:42:53Z,2026-09-16T17:42:53Z
9353333000270,My Muscle Chef Vegan Mexican Superfood Bowl,2026-09-16T17:42:53Z,2026-09-16T17:42:53Z
9353333000348,Lo cal parmigiana,2026-09-16T17:42:53Z,2026-09-16T17:42:53Z
9353333000485,My muscle chef Beef lasagne,2026-09-16T17:42:53Z,2026-09-16T17:42:53Z
9353333000638,My Muscle Chef Chipotle Chicken Burrito Bowl 450 g,2026-09-16T17:42:53Z,2026-09-16T17:42:53Z
9353333000652,Lemon pepper chicken with pea mash,2026-09-16T17:42:53Z,2026-09-16T17:42:53Z
9353333000775,MY MUSCLE CHEF Crumbed Chicken With Roasted Potatoes 340g,2026-09-16T17:42:53Z,2026-09-16T17:42:53Z
9353333000782,Coconut Tumeric Chicken with Pumpkin Mash,2026-09-16T17:42:53Z,2026-09-16T17:42:53Z
9353333000850,My Muscle Chef Lamb Shanks With Sweet Potato,2026-09-16T17:42:53Z,2026-09-16T17:42:53Z
9353333000935,My Muscle Chef Chicken paella 370 g,2026-09-16T17:42:53Z,2026-09-16T17:42:53Z
9353333001024,My Muscle Chef Lemon Garlic Chicken with Sweet Potato Bake,2026-09-16T17:42:53Z,2026-09-16T17:42:53Z
9353333001031,My Muscle Chef Asian chicken stir fry,2026-09-16T17:42:53Z,2026-09-16T17:42:53Z
9353333001055,My muscle chef naked beef fajitas,2026-09-16T17:42:53Z,2026-09-16T17:42:53Z
9353333001116,My muscle chef Breakfast burrito bowl,2026-09-16T17:42:53Z,2026-09-16T17:42:53Z
9353333001222,MY MUSCLE CHEF Peri Peri Chicken with Tomato Rice & Green Beans 350g,2026-09-16T17:42:53Z,2026-09-16T17:42:53Z
9353333001291,Breakfast bite,2026-09-16T17:42:53Z,2026-09-16T17:42:53Z
9353333001376,My Muscle Chef Falafel,2026-09-16T17:42:53Z,2026-09-16T17:42:53Z
9353333001550,My Muscle Chef Chipotle Chicken Plus,2026-09-16T17:42:53Z,2026-09-16T17:42:53Z
9353333001574,Pulled Beef,2026-09-16T17:42:53Z,2026-09-16T17:42:53Z
9353333001673,My muscle chef Beef Rendang,2026-09-16T17:42:53Z,2026-09-16T17:42:53Z
9353333001680,My Muscle Chef Mexican Beef Burrito Bowl 450 g,2026-09-16T17:42:53Z,2026-09-16T17:42:53Z
9353333001697,My muscle chef Choc caramel fudge,2026-09-16T17:42:53Z,2026-09-16T17:42:53Z
9353333001703,Chunky cho popcorn protein bite,2026-09-16T17:42:53Z,2026-09-16T17:42:53Z
9353333001710,My muscle chef Banana protein bite,2026-09-16T17:42:53Z,2026-09-16T17:42:53Z
9353333001765,Chia Crusted Salmon,2026-09-16T17:42:53Z,2026-09-16T17:42:53Z
9353333001789,MY MUSCLE CHEF Mongolian Beef With Broccoli & Brown Rice 330g,2026-09-16T17:42:53Z,2026-09-16T17:42:53Z
9353333001796,Lemongrass turkey,2026-09-16T17:42:53Z,2026-09-16T17:42:53Z
9353333001956,My Muscle Chef Orange Glazed Chicken with Basmati Rice & Green Vegetables 340g,2026-09-16T17:42:53Z,2026-09-16T17:42:53Z
9353333001963,My Muscle Chef Peppercorn steak 360g,2026-09-16T17:42:53Z,2026-09-16T17:42:53Z
9353333002014,My Muscle Chef Turkey Moussaka,2026-09-16T17:42:53Z,2026-09-16T17:42:53Z
9353333002045,Protein Butter Chicken - MyMuscleChef,2026-09-16T17:42:53Z,2026-09-16T17:42:53Z
9353333002243,My Muscle Chef,2026-09-16T17:42:53Z,2026-09-16T17:42:53Z
9353333002281,My Muscle Chef Chicken Nasi Goreng with Vegetables & Ancient Grains,2026-09-16T17:42:53Z,2026-09-16T17:42:53Z
9353333002298,"My Muscle Chef Clean Chicken with Roast Pumpkin, Sweet Potato & Kale",2026-09-16T17:42:53Z,2026-09-16T17:42:53Z
9353333002304,Poaches barramundi with tomato kaffir lime and vegetables,2026-09-16T17:42:53Z,2026-09-16T17:42:53Z
9353333002311,My Muscle Chef Salmon Risotto 390g,2026-09-16T17:42:53Z,2026-09-16T17:42:53Z
9353333002342,My Muscle Chef Cantonese Duck with Broccoli & Green Beans 330g,2026-09-16T17:42:53Z,2026-09-16T17:42:53Z
9353333002373,Spicy vegetable frittata,2026-09-16T17:42:53Z,2026-09-16T17:42:53Z
9353333002502,My muscle chef Dukkah. Chicken salad,2026-09-16T17:42:53Z,2026-09-16T17:42:53Z
9353333002519,MY MUSCLE CHEF Chicken & Chimichurri Mayo With Pumpkin Mash & Green Beans,2026-09-16T17:42:53Z,2026-09-16T17:42:53Z
9353333002526,My Muscle Chef Miso Chicken Ramen 380g,2026-09-16T17:42:53Z,2026-09-16T17:42:53Z
9353333002540,Cookie Dough Protein Bite,2026-09-16T17:42:53Z,2026-09-16T17:42:53Z
9353333002557,My muscle chef Peanut Butter Choc Protein Bite,2026-09-16T17:42:53Z,2026-09-16T17:42:53Z
9353333002564,My Muscle Chef Hazelnut Crisp Protein Bite,2026-09-16T17:42:53Z,2026-09-16T17:42:53Z
9353333002632,"My Muscle Chef Smokey BBQ Brisket With Sweet Potato, Kale & Fetta Mash 360 g",2026-09-16T17:42:53Z,2026-09-16T17:42:53Z
9353333002649,My muscle chef Beef Massaman curry,2026-09-16T17:42:53Z,2026-09-16T17:42:53Z
9353333002663,My muscle chef Coconut turmeric chicken,2026-09-16T17:42:53Z,2026-09-16T17:42:53Z
9353333002670,MY MUSCLE CHEF Lemon Pepper Chicken With Pea Mash,2026-09-16T17:42:53Z,2026-09-16T17:42:53Z
9353333002700,My Muscle Chef Kimchi Korean Beef 330g,2026-09-16T17:42:53Z,2026-09-16T17:42:53Z
9353333002731,My Muscle Chef Vegan Cottage Pie,2026-09-16T17:42:53Z,2026-09-16T17:42:53Z
9353333002748,My muscle chef Roast lamb,2026-09-16T17:42:53Z,2026-09-16T17:42:53Z
9353333002755,My Muscle Chef Choc Chip Cookie Dough Low Carb Bar 50g,2026-09-16T17:42:53Z,2026-09-16T17:42:53Z
9353333002762,Lemon and coconut,2026-09-16T17:42:53Z,2026-09-16T17:42:53Z
9353333002779,Salted Caramel (Low Carb Bar),2026-09-16T17:42:53Z,2026-09-16T17:42:53Z
9353333002786,My muscle chef Honeycomb low carb bar,2026-09-16T17:42:53Z,2026-09-16T17:42:53Z
9353333002946,My muscle chef Mexican Superfood Bowl,2026-09-16T17:42:53Z,2026-09-16T17:42:53Z
9353333002953,My muscle chef Moroccan chickpea tagine,2026-09-16T17:42:53Z,2026-09-16T17:42:53Z
9353333002960,My Muscle Chef Vegetable lasagna,2026-09-16T17:42:53Z,2026-09-16T17:42:53Z
9353333002977,My Muscle Chef Vegan spaghetti Bolognese,2026-09-16T17:42:53Z,2026-09-16T17:42:53Z
9353333002984,My muscle chef Falafel Buddha Bowl,2026-09-16T17:42:53Z,2026-09-16T17:42:53Z
9353333002991,My muscle chef Thai yellow curry,2026-09-16T17:42:53Z,2026-09-16T17:42:53Z
9353333003134,My muscle chef Triple choc protein cookie,2026-09-16T17:42:53Z,2026-09-16T17:42:53Z
9353333003141,My Muscle Chef Protein Cookie Choc Chip 92 g,2026-09-16T17:42:53Z,2026-09-16T17:42:53Z
9353333003158,My Muscle Chef Salted Caramel & Macadamia Protein Cookie 92g,2026-09-16T17:42:53Z,2026-09-16T17:42:53Z
9353333003202,My Muscle Chef Protein shake,2026-09-16T17:42:53Z,2026-09-16T17:42:53Z
9353333003219,My Muscle Chef Protein shake,2026-09-16T17:42:53Z,2026-09-16T17:42:53Z
9353333003264,spinach nicotta ravioli,2026-09-16T17:42:53Z,2026-09-16T17:42:53Z
9353333003271,My muscle chef Mocha protein shake,2026-09-16T17:42:53Z,2026-09-16T17:42:53Z
9353333003349,Protein Oats,2026-09-16T17:42:53Z,2026-09-16T17:42:53Z
9353333003356,Mymusclechef Protein Oats - chocolate and almond,2026-09-16T17:42:53Z,2026-09-16T17:42:53Z
9353333003363,M muscle chef Protein oats,2026-09-16T17:42:53Z,2026-09-16T17:42:53Z
9353333003370,My muscle chef Vanilla protein yoghurt,2026-09-16T17:42:53Z,2026-09-16T17:42:53Z
9353333003387,My muscle chef Mango Passionfruit protein yoghurt,2026-09-16T17:42:53Z,2026-09-16T17:42:53Z
9353333003394,My Muscle Chef Strawberry Protein Yoghurt,2026-09-16T17:42:53Z,2026-09-16T17:42:53Z
9353333003424,My muscle chef Beef chilli con carne,2026-09-16T17:42:53Z,2026-09-16T17:42:53Z
9353333003431,My muscle chef Chicken tikka with chickpea Dahl,2026-09-16T17:42:53Z,2026-09-16T17:42:53Z
9353333003448,Chicken parmigiana with pumpkin mash and vegetables,2026-09-16T17:42:53Z,2026-09-16T17:42:53Z
9353333003455,My muscle chef Chicken tortellini boscaiola,2026-09-16T17:42:53Z,2026-09-16T17:42:53Z
9353333003486,My muscle chef Protein shake,2026-09-16T17:42:53Z,2026-09-16T17:42:53Z
9353333003493,My Muscle Chef Protein Shake - Strawberry,2026-09-16T17:42:53Z,2026-09-16T17:42:53Z
9353333003547,Teriyaki chicjen with brown rice and vegetables,2026-09-16T17:42:53Z,2026-09-16T17:42:53Z
9353333003585,My Muscle Chef Thai Beef Power Bowl,2026-09-16T17:42:53Z,2026-09-16T17:42:53Z
9353333003608,Vegan pesto pasta - My Muscle Chef,2026-09-16T17:42:53Z,2026-09-16T17:42:53Z
9353333003615,My Muscle Chef Protein Muffin Banana & Walnut,2026-09-16T17:42:53Z,2026-09-16T17:42:53Z
9353333003622,Muscle Chef Protein Muffin Raspberry & White Choc flavour,2026-09-16T17:42:53Z,2026-09-16T17:42:53Z
9353333003639,My Muscle Chef Protein Muffin Double Choc,2026-09-16T17:42:53Z,2026-09-16T17:42:53Z
9353333003684,Plant based smoothie banana supergreens,2026-09-16T17:42:53Z,2026-09-16T17:42:53Z
9353333003691,Plant Based Smoothie,2026-09-16T17:42:53Z,2026-09-16T17:42:53Z
9353333003707,Roasted fava beans - salt and vinegar,2026-09-16T17:42:53Z,2026-09-16T17:42:53Z
9353333003714,Roasted fava beans - Lightly salted,2026-09-16T17:42:53Z,2026-09-16T17:42:53Z
9353333003721,Roasted fava beans Italian style tomato,2026-09-16T17:42:53Z,2026-09-16T17:42:53Z
9353333003776,My muscle Chef Pulled beef & vegetable salad,2026-09-16T17:42:53Z,2026-09-16T17:42:53Z
9353333003790,My Muscle Chef Protein Oat Slice Apple & Cinnamon,2026-09-16T17:42:53Z,2026-09-16T17:42:53Z
9353333003806,My Muscle Chef Protein Oat Slice Maple Syrup & Almond Butter,2026-09-16T17:42:53Z,2026-09-16T17:42:53Z
9353333003813,Chief Protein Oat Slice 20g,2026-09-16T17:42:53Z,2026-09-16T17:42:53Z
9353333004001,My Muscle Chef MMC Beef Ravioli Napoletana 380g,2026-09-16T17:42:53Z,2026-09-16T17:42:53Z
9353333004018,My Muscle Chef Cajun Beef,2026-09-16T17:42:53Z,2026-09-16T17:42:53Z
9353333004025,Muscle Chef Buffalo Chicken,2026-09-16T17:42:53Z,2026-09-16T17:42:53Z
9353333004032,My muscle chef,2026-09-16T17:42:53Z,2026-09-16T17:42:53Z
9353333004049,MY MUSCLE CHEF Thai Green Chicken Curry,2026-09-16T17:42:53Z,2026-09-16T17:42:53Z
9353333004063,My Muscle Chef Smokey BBQ Brisket,2026-09-16T17:42:53Z,2026-09-16T17:42:53Z
9353333004070,MY MUSCLE CHEF Braised Beef Ragu With Polenta & Roast Vegetables,2026-09-16T17:42:53Z,2026-09-16T17:42:53Z
9353333004087,Muscle chef Beef massaman curry,2026-09-16T17:42:53Z,2026-09-16T17:42:53Z
9353333004131,My muscle chef Pesto chicken with penne pasta and green vegetables,2026-09-16T17:42:53Z,2026-09-16T17:42:53Z
9353333004179,Beef stroganoff with spinach fettuccine,2026-09-16T17:42:53Z,2026-09-16T17:42:53Z
9353333004186,Creamy tomato chiken fettuccine,2026-09-16T17:42:53Z,2026-09-16T17:42:53Z
9353333004223,My Muscle Chef Chicken Minestrone Soup,2026-09-16T17:42:53Z,2026-09-16T17:42:53Z
9353333004261,My Muscle Chef Spaghetti And Meatballs,2026-09-16T17:42:53Z,2026-09-16T17:42:53Z
9353333004278,Beef rogan josh,2026-09-16T17:42:53Z,2026-09-16T17:42:53Z
9353333004292,MY MUSCLE CHEF Creamy Chicken & Mushroom Pasta,2026-09-16T17:42:53Z,2026-09-16T17:42:53Z
9353333004315,Tuna mornay pasta bake,2026-09-16T17:42:53Z,2026-09-16T17:42:53Z
9353333004322,My muscle chef Lentil dhal,2026-09-16T17:42:53Z,2026-09-16T17:42:53Z
9353333004353,My Muscle Chef Beef Stroganoff With Spinach Fettuccine,2026-09-16T17:42:53Z,2026-09-16T17:42:53Z
9353333004360,My Muscle Chef Pesto Chicken,2026-09-16T17:42:53Z,2026-09-16T17:42:53Z
9353333004391,Peanut Butter Choc Cookie,2026-09-16T17:42:53Z,2026-09-16T17:42:53Z
9353333004407,Almond maple cookie,2026-09-16T17:42:53Z,2026-09-16T17:42:53Z
9353333004445,Shirach chilli chicken,2026-09-16T17:42:53Z,2026-09-16T17:42:53Z
9353333004452,Crumbed Chicken with roasted vegetables and lemon herb sauce,2026-09-16T17:42:53Z,2026-09-16T17:42:53Z
9353333004476,Herb Roasted Steak,2026-09-16T17:42:53Z,2026-09-16T17:42:53Z
9353333004483,My Muscle Chef Smokey BBQ Chicken,2026-09-16T17:42:53Z,2026-09-16T17:42:53Z
9353333004490,Naked Chicken Fajitas,2026-09-16T17:42:53Z,2026-09-16T17:42:53Z
9353333004513,My Muscle Chef Smokey Tomato Rice,2026-09-16T17:42:53Z,2026-09-16T17:42:53Z
9353333004568,My muscle chef Chicken cacciatore,2026-09-16T17:42:53Z,2026-09-16T17:42:53Z
9353333004575,My Muscle Chef Garlic Chicken with Spiced Tomato Rice,2026-09-16T17:42:53Z,2026-09-16T17:42:53Z
9353333004582,MY MUSCLE CHEF Tandoori Chicken,2026-09-16T17:42:53Z,2026-09-16T17:42:53Z
9353333004599,My muscle chef Chicken schnitzel with potato broccoli mash & mushroom gravy,2026-09-16T17:42:53Z,2026-09-16T17:42:53Z
9353333004605,My muscle chef Korean bbq beef with basmati rice & asian slaw,2026-09-16T17:42:53Z,2026-09-16T17:42:53Z
9353333004612,My Muscle Chef Black pepper beef noodle stir fry,2026-09-16T17:42:53Z,2026-09-16T17:42:53Z
9353333004896,My Muscle Chef Beef Ravioli Plus,2026-09-16T17:42:53Z,2026-09-16T17:42:53Z
9353333004919,My Muscle Chef Thai Green Chicken Curry,2026-09-16T17:42:53Z,2026-09-16T17:42:53Z
9353333004926,My muscle chef Asian chili chicken,2026-09-16T17:42:53Z,2026-09-16T17:42:53Z
9353333004940,My muscle chef Middle Eastern lamb,2026-09-16T17:42:53Z,2026-09-16T17:42:53Z
9353333004957,My Muscle Chef Indian Green Chicken Curry with Basmati Rice & Kale,2026-09-16T17:42:53Z,2026-09-16T17:42:53Z
9353333004964,My muscle chef Sri Lankan chicken curry,2026-09-16T17:42:53Z,2026-09-16T17:42:53Z
9353333004988,My Muscle Chef Loaded Mac & Cheese,2026-09-16T17:42:53Z,2026-09-16T17:42:53Z
9353333004995,MY MUSCLE CHEF Thai Peanut Chicken Noodle Stir Fry,2026-09-16T17:42:53Z,2026-09-16T17:42:53Z
9353333005008,My Muscle Chef Chicken Fettuccine Carbonara with Beef Rashers,2026-09-16T17:42:53Z,2026-09-16T17:42:53Z
9353333005022,My Muscle Chef Panang Beef Curry,2026-09-16T17:42:53Z,2026-09-16T17:42:53Z
9353333005039,My muscle chef Pesto & Parmesan chicken risotto,2026-09-16T17:42:53Z,2026-09-16T17:42:53Z
9353333005053,My Muscle Chef Honey Soy Chicken 330 g,2026-09-16T17:42:53Z,2026-09-16T17:42:53Z
9353333005060,Muscle Chef Thai Green Tofu Curry,2026-09-16T17:42:53Z,2026-09-16T17:42:53Z
9353333005084,My Muscle Chef Loaded Mac And Cheese,2026-09-16T17:42:53Z,2026-09-16T17:42:53Z
9353333005091,My Muscle Chef Chicken Fettuccine Carbonara,2026-09-16T17:42:53Z,2026-09-16T17:42:53Z
9353333005107,My Muscle Chef Panang Beef Curry,2026-09-16T17:42:53Z,2026-09-16T17:42:53Z
9353333005121,Favourite beans - My Muscle Chef,2026-09-16T17:42:53Z,2026-09-16T17:42:53Z
9353333005138,My Muscle Chef Low Carb Energy Mix - Mixed Nuts,2026-09-16T17:42:53Z,2026-09-16T17:42:53Z
9353333005145,My Muscle Chef Low Carb Keto Nut Mix,2026-09-16T17:42:53Z,2026-09-16T17:42:53Z
9353333005152,Popcorn - My Muscle Chef,2026-09-16T17:42:53Z,2026-09-16T17:42:53Z
9353333005183,My Muscle Chef Teriyaki Beef Bowl,2026-09-16T17:42:53Z,2026-09-16T17:42:53Z
9353333005190,My Muscle Chef Chicken Tikka,2026-09-16T17:42:53Z,2026-09-16T17:42:53Z
9353333005206,Muscle Chef Beef Fajitas,2026-09-16T17:42:53Z,2026-09-16T17:42:53Z
9353333005213,My Muscle Chef Beef Madras,2026-09-16T17:42:53Z,2026-09-16T17:42:53Z
9353333005220,My muscle chef Chicken fried rice,2026-09-16T17:42:53Z,2026-09-16T17:42:53Z
9353333005237,My muscle chef Thai chilli basil chicken stir fry,2026-09-16T17:42:53Z,2026-09-16T17:42:53Z
9353333005244,Muscle chef Beef rendang,2026-09-16T17:42:53Z,2026-09-16T17:42:53Z
9353333005251,My Muscle Chef Lemon Herb Chicken,2026-09-16T17:42:53Z,2026-09-16T17:42:53Z
9353333005268,My Muscle Chef Beef Rendang Plus,2026-09-16T17:42:53Z,2026-09-16T17:42:53Z
9353333005275,My muscle chef Teriyaki chicken,2026-09-16T17:42:53Z,2026-09-16T17:42:53Z
9353333005282,My Muscle Chef Lamb Korma,2026-09-16T17:42:53Z,2026-09-16T17:42:53Z
9353333005299,My Muscle Chef Pesto Parmesan & Chicken Risotto,2026-09-16T17:42:53Z,2026-09-16T17:42:53Z
9353333005305,Mexican pulled chicken - My Muscle Chef,2026-09-16T17:42:53Z,2026-09-16T17:42:53Z
9353333005312,My Muscle Chef Chicken Vodka Penne,2026-09-16T17:42:53Z,2026-09-16T17:42:53Z
9353333005329,My Muscle Chef Chicken Laksa,2026-09-16T17:42:53Z,2026-09-16T17:42:53Z
9353333005336,MY MUSCLE CHEF BBQ Pulled Pork With Mac & Cheese,2026-09-16T17:42:53Z,2026-09-16T17:42:53Z
9353333005343,My Muscle Chef Miso Chicken With Basmati Ricr,2026-09-16T17:42:53Z,2026-09-16T17:42:53Z
9353333005350,My Muscle Chef Katsu Chicken,2026-09-16T17:42:53Z,2026-09-16T17:42:53Z
9353333005367,MY MUSCLE CHEF Loaded Beef Potato Wedges,2026-09-16T17:42:53Z,2026-09-16T17:42:53Z
9353333005374,My Muscle Chef Chicken And Leek Pasta Bake,2026-09-16T17:42:53Z,2026-09-16T17:42:53Z
9353333005381,My Muscle Chef Nashville Hot Chicken,2026-09-16T17:42:53Z,2026-09-16T17:42:53Z
9353333005404,My Muscle Chef Moroccan Chicken With Basmati Rice & Kale,2026-09-16T17:42:53Z,2026-09-16T17:42:53Z
9353333005411,Mushroom Stroganoff - My Muscle Chef,2026-09-16T17:42:53Z,2026-09-16T17:42:53Z
9353333005428,My Muscle Chef Indian Vegetable Currybwith Basmati Rice,2026-09-16T17:42:53Z,2026-09-16T17:42:53Z
9353333005435,My Muscle Chef Bacon And Spinach Frittata,2026-09-16T17:42:53Z,2026-09-16T17:42:53Z
9353333005459,My Muscle Chef My Fuel Energy Drink,2026-09-16T17:42:53Z,2026-09-16T17:42:53Z
9353333005473,My Muscle Chef My Fuel - Tropical Beats Flavour,2026-09-16T17:42:53Z,2026-09-16T17:42:53Z
9353333005497,My Muscle Chef My Fuel Energy Drink-Cosmic Cola,2026-09-16T17:42:53Z,2026-09-16T17:42:53Z
9353333005503,My Muscle Chef Four Cheese Ravioli,2026-09-16T17:42:53Z,2026-09-16T17:42:53Z
9353333005671,My Muscle Chef White Choc Strawberry Protein Ball,2026-09-16T17:42:53Z,2026-09-16T17:42:53Z
9353333005688,My Muscle Chef Protein Ball - Caramel & Sea Salt,2026-09-16T17:42:53Z,2026-09-16T17:42:53Z
9353333005695,My muscle chef Protein ball choc peanut butter,2026-09-16T17:42:53Z,2026-09-16T17:42:53Z
9353333005701,My Muscle Chef MYMSC PROT BALL CHC HZLNT 40GM,2026-09-16T17:42:53Z,2026-09-16T17:42:53Z
9353333005732,My muscle chef Coconut turmeric chicken,2026-09-16T17:42:53Z,2026-09-16T17:42:53Z
9353333005763,Mexican superfood bowl - My Muscle Chef,2026-09-16T17:42:53Z,2026-09-16T17:42:53Z
9353333005770,My Muscle Chec Spinach Ricotta Ravioli,2026-09-16T17:42:53Z,2026-09-16T17:42:53Z
9353333005794,My Muscle Chef Garlic Chicken Lo-Cal,2026-09-16T17:42:53Z,2026-09-16T17:42:53Z
9353333005800,My Muscle Chef Recovery Bar Cookies & Cream,2026-09-16T17:42:53Z,2026-09-16T17:42:53Z
9353333005817,MY MUSCLE CHEF Recovery Bar Double Choc Fudge,2026-09-16T17:42:53Z,2026-09-16T17:42:53Z
9353333005824,My Muscle Chef Salted Caramel Choc Recovery Bar,2026-09-16T17:42:53Z,2026-09-16T17:42:53Z
9353333005831,My Muscle Chef Recovery bar peanut butter choc,2026-09-16T17:42:53Z,2026-09-16T17:42:53Z
9353333005848,My Muscle Chef Chicken Vodka Penne Plus+,2026-09-16T17:42:53Z,2026-09-16T17:42:53Z
9353333005855,My Muscle Chef Katsu Chicken,2026-09-16T17:42:53Z,2026-09-16T17:42:53Z
9353333005862,My Muscle Chef Chicken & Leek Pasta Bake,2026-09-16T17:42:53Z,2026-09-16T17:42:53Z
9353333005886,My Muscle Chef BBQ Pulled Pork With Mac & Cheese,2026-09-16T17:42:53Z,2026-09-16T17:42:53Z
9353333006012,My Muscle Chef Double Chocolate,2026-09-16T17:42:53Z,2026-09-16T17:42:53Z
9353333006029,MyMuscleChef French Vanilla Creme Whey,2026-09-16T17:42:53Z,2026-09-16T17:42:53Z
9353333006067,My Muscle Chef Protein Water Tropical Flavour,2026-09-16T17:42:53Z,2026-09-16T17:42:53Z
9353333006081,My Muscle Chef Protein Water,2026-09-16T17:42:53Z,2026-09-16T17:42:53Z
9353333006104,My Muscle Chef Protein Water - Pina Colada,2026-09-16T17:42:53Z,2026-09-16T17:42:53Z
9353333006159,My Muscle Chef Chocolate Brownie Thermo Whey,2026-09-16T17:42:53Z,2026-09-16T17:42:53Z
9353333006197,My Muscle Chef Thermo Whey Salted Caramel,2026-09-16T17:42:53Z,2026-09-16T17:42:53Z
9353333006203,My Muscle Chef Protein Crisp Bar Raspberry & White Choc,2026-09-16T17:42:53Z,2026-09-16T17:42:53Z
9353333006210,My Muscle Chef Protein Crisp Bar,2026-09-16T17:42:53Z,2026-09-16T17:42:53Z
9353333006227,MUSCLE CHEF PROTEIN CRISP BAR,2026-09-16T17:42:53Z,2026-09-16T17:42:53Z
9353333006289,MyMuscleChef Protein Pudding,2026-09-16T17:42:53Z,2026-09-16T17:42:53Z
9353333006296,My Muscle Chef Protein Pudding Salted Caramel,2026-09-16T17:42:53Z,2026-09-16T17:42:53Z
9353333006319,My Muscle chef Protein Mug cake - Red velvet,2026-09-16T17:42:53Z,2026-09-16T17:42:53Z
9353333006401,My Muscle Chef Potato And Bacon Frittata with Southern Style Baked Beans,2026-09-16T17:42:53Z,2026-09-16T17:42:53Z
9353333006418,MY MUSCLE CHEF Creamy Beef Tortellini,2026-09-16T17:42:53Z,2026-09-16T17:42:53Z
9353333006456,My Muscle Chef Protein Shake Chocolate,2026-09-16T17:42:53Z,2026-09-16T17:42:53Z
9353333006463,MY MUSCLE CHEF PROTEIN SHAKE VANILLA,2026-09-16T17:42:53Z,2026-09-16T17:42:53Z
9353333006470,My Muscle Chef Low Carb Proteish Shake Coffee Flavoured,2026-09-16T17:42:53Z,2026-09-16T17:42:53Z
9353333006487,My Muscle Chef Protein Shake Strawberry,2026-09-16T17:42:53Z,2026-09-16T17:42:53Z
9353333006494,MY MUSCLE CHEF PROTEIN SHAKE MANGO COCONUT FLAVOURED,2026-09-16T17:42:53Z,2026-09-16T17:42:53Z
9353333006500,My Muscle Chef Pumpkin & Sundried Tomato Frittata,2026-09-16T17:42:53Z,2026-09-16T17:42:53Z
9353333006548,My Muscle Chef Mexican Rice With Beef Strips,2026-09-16T17:42:53Z,2026-09-16T17:42:53Z
9353333006555,My Muscle Chef Lemongrass Beef with Basmati Rice,2026-09-16T17:42:53Z,2026-09-16T17:42:53Z
9353333006562,My Muscle Chef High Protein Chicken And Mushroom Risoni,2026-09-16T17:42:53Z,2026-09-16T17:42:53Z
9353333006579,My Muscle Chef Sriracha Chilli Chicken With Hokkien Noodles,2026-09-16T17:42:53Z,2026-09-16T17:42:53Z
9353333006586,My Muscle Chef Chicken Souvlaki,2026-09-16T17:42:53Z,2026-09-16T17:42:53Z
9353333006593,My Muscle Chef Chilli & Lime Chicken,2026-09-16T17:42:53Z,2026-09-16T17:42:53Z
9353333006609,MY MUSCLE CHEF Chicken Sundried Tomato Pasta Bake,2026-09-16T17:42:53Z,2026-09-16T17:42:53Z
9353333006661,MY MUSCLE CHEF PROTEIN COOKIE cookies & cream 92g,2026-09-16T17:42:53Z,2026-09-16T17:42:53Z
9353333006678,My Muscle Chef Protein Cookie Red Velvet,2026-09-16T17:42:53Z,2026-09-16T17:42:53Z
9353333006746,My Muscle Chef Chicken Tikka Masala,2026-09-16T17:42:53Z,2026-09-16T17:42:53Z
9353333006753,My Muscle Chef Spaghetti Bolognese,2026-09-16T17:42:53Z,2026-09-16T17:42:53Z
9353333006760,My Muscle Chef Plus+ Creamy Chicken & Mushroom Pasta,2026-09-16T17:42:53Z,2026-09-16T17:42:53Z
9353333006777,My Muscle Chef Beef Massaman Curry With Brown Rice,2026-09-16T17:42:53Z,2026-09-16T17:42:53Z
9353333006784,my muscle chef Pepperoni pizza,2026-09-16T17:42:53Z,2026-09-16T17:42:53Z
9353333006807,Youfoodz bbq meatlovers,2026-09-16T17:42:53Z,2026-09-16T17:42:53Z
9353333006814,My Muscle Chef Protein Pizza,2026-09-16T17:42:53Z,2026-09-16T17:42:53Z
9353333006821,My Muscle Chef Pro Satay Chicken,2026-09-16T17:42:53Z,2026-09-16T17:42:53Z
9353333006838,My Muscle Chef Honey Mustard Chicken,2026-09-16T17:42:53Z,2026-09-16T17:42:53Z
9353333006845,My Muscle Chef Salsa Verde Chicken,2026-09-16T17:42:53Z,2026-09-16T17:42:53Z
9353333006852,My Muscle Chef Teriyaki Chicken with Broccoli & Brown Rice,2026-09-16T17:42:53Z,2026-09-16T17:42:53Z
9353333006876,My Muscle Chef Tandoori chicken With Broccoli And Spiced Potatoes,2026-09-16T17:42:53Z,2026-09-16T17:42:53Z
9353333006883,My Muscle Chef Mexican Pulled Beef,2026-09-16T17:42:53Z,2026-09-16T17:42:53Z
9353333006890,My Muscle Chef Turkey Taco Bowl,2026-09-16T17:42:53Z,2026-09-16T17:42:53Z
9353333006913,My Muscle Chef Asian Chicken Stir Fry,2026-09-16T17:42:53Z,2026-09-16T17:42:53Z
9353333006975,MY MUSCLE CHEF Roast Chicken Dinner With Vegetables & Gravy,2026-09-16T17:42:53Z,2026-09-16T17:42:53Z
9353333006982,My Muscle Chef Pumpkin And Spinach Risotto,2026-09-16T17:42:53Z,2026-09-16T17:42:53Z
9353333006999,MY MUSCLE CHEF Thai Red Chicken Curry With Basmati Rice,2026-09-16T17:42:53Z,2026-09-16T17:42:53Z
9353333007002,My Muscle Chef Beef Ragu With Gnocchi,2026-09-16T17:42:53Z,2026-09-16T17:42:53Z
9353333007019,My Muscle Chef Italian Beef Meatballs With Creamy Polenta,2026-09-16T17:42:53Z,2026-09-16T17:42:53Z
9353333007033,My Muscle Chef Chicken & Haloumi Potato Bake,2026-09-16T17:42:53Z,2026-09-16T17:42:53Z
9353333007040,My Muscle Chef Creamy Chicken Stroganoff,2026-09-16T17:42:53Z,2026-09-16T17:42:53Z
9353333007057,My Muscle Chef Red Wine Braised Beef With Potato & Cauliflower Mash,2026-09-16T17:42:53Z,2026-09-16T17:42:53Z
9353333007064,My Muscle Chef Healthy Snack Pack (HSP),2026-09-16T17:42:53Z,2026-09-16T17:42:53Z
9353333007071,My Muscle Chef Hot Honey Chicken,2026-09-16T17:42:53Z,2026-09-16T17:42:53Z
9353333007088,My Muscle Chef Teriyaki Chicken with Basmati Rice & Green Beans,2026-09-16T17:42:53Z,2026-09-16T17:42:53Z
9353333007255,MY MUSCLE CHEF Beef Massaman Curry,2026-09-16T17:42:53Z,2026-09-16T17:42:53Z
9353333007262,MY MUSCLE CHEF Peppercorn Steak With Chimichurri Roast Vegetables,2026-09-16T17:42:53Z,2026-09-16T17:42:53Z
9353333007279,My Muscle Chef Satay Chicken - Pro,2026-09-16T17:42:53Z,2026-09-16T17:42:53Z
9353333007286,My Muscle Chef Honey Mustard Chicken With Green Beans & Roasted Vegetables,2026-09-16T17:42:53Z,2026-09-16T17:42:53Z
9353333007293,My Muscle Chef Teriyaki Chicken,2026-09-16T17:42:53Z,2026-09-16T17:42:53Z
9353333007309,My Muscle Chef Tandoori Chicken,2026-09-16T17:42:53Z,2026-09-16T17:42:53Z
9353333007316,My Muscle Chef Salsa Verde Chicken,2026-09-16T17:42:53Z,2026-09-16T17:42:53Z
9353333007323,"MY MUSCLE CHEF Mexican Pulled Beef With Broccoli, Beans & Basmati Rice",2026-09-16T17:42:53Z,2026-09-16T17:42:53Z
9353333007347,MY MUSCLE CHEF Pesto Chicken With Penne Pasta & Green Vegetables,2026-09-16T17:42:53Z,2026-09-16T17:42:53Z
9353333007354,My Muscle Chef Swedish Meatballs,2026-09-16T17:42:53Z,2026-09-16T17:42:53Z
9353333007361,MY MUSCLE CHEF Meatlovers Pasta,2026-09-16T17:42:53Z,2026-09-16T17:42:53Z
9353333007378,My Muscle Chef Beef Kofta,2026-09-16T17:42:53Z,2026-09-16T17:42:53Z
9353333007392,My Muscle Chef Chicken Alfredo,2026-09-16T17:42:53Z,2026-09-16T17:42:53Z
9353333007408,My Muscle Chef Spicy Chicken Carbonara Ramen,2026-09-16T17:42:53Z,2026-09-16T17:42:53Z
9353333007415,MY MUSCLE CHEF Chicken & Chorizo With Spiral Pasta,2026-09-16T17:42:53Z,2026-09-16T17:42:53Z
9353333007439,My Muscle Chef Beef Stroganoff with Spinach Fettuccine,2026-09-16T17:42:53Z,2026-09-16T17:42:53Z
9353333007446,My Muscle Chef Asian Chicken Stir Fry,2026-09-16T17:42:53Z,2026-09-16T17:42:53Z
9353333007453,MY MUSCLE CHEF Marry Me Chicken,2026-09-16T17:42:53Z,2026-09-16T17:42:53Z
9353333007460,My Muscle Chef Spaghetti And Meatballs,2026-09-16T17:42:53Z,2026-09-16T17:42:53Z
9353333007552,My Muscle Chef Crunchy Chicken Bites,2026-09-16T17:42:53Z,2026-09-16T17:42:53Z
9353333007576,My Muscle Chef Burnt Butter And Sage Chicken Pasta,2026-09-16T17:42:53Z,2026-09-16T17:42:53Z
9353333007590,My Muscle Chef Hot&Spicy Chicken,2026-09-16T17:42:53Z,2026-09-16T17:42:53Z
9353333007606,Mymuscle Chef Sweet & Sour Crumbed Chicken,2026-09-16T17:42:53Z,2026-09-16T17:42:53Z
9353333007613,MY MUSCLE CHEF Chicken Enchilada Stack,2026-09-16T17:42:53Z,2026-09-16T17:42:53Z
9353333007620,Mymuscle Chef Lemon & Herb Chicken,2026-09-16T17:42:53Z,2026-09-16T17:42:53Z
9353333007637,MY MUSCLE CHEF Smashburger Beef With Roast Potatoes,2026-09-16T17:42:53Z,2026-09-16T17:42:53Z
9353333007712,"MY MUSCLE CHEF Beef, Spinach & Mushroom Pot Pie",2026-09-16T17:42:53Z,2026-09-16T17:42:53Z
9353333007729,My Muscle Chef Thai Satay Beef With Basmati Rice,2026-09-16T17:42:53Z,2026-09-16T17:42:53Z
9353333007736,MY MUSCLE CHEF Chipotle Beef,2026-09-16T17:42:53Z,2026-09-16T17:42:53Z
9353333007743,My Muscle Chef Spanish Chicken & Olives With Cashew Pilaf,2026-09-16T17:42:53Z,2026-09-16T17:42:53Z
9353333007750,My Muscle Chef Creamy Basil & Parmesan Chicken,2026-09-16T17:42:53Z,2026-09-16T17:42:53Z
9353333007767,My Muscle Chef Mexican Pulled Chicken,2026-09-16T17:42:53Z,2026-09-16T17:42:53Z
9353333007774,Chef Good Nonna's Beef Lasagne,2026-09-16T17:42:53Z,2026-09-16T17:42:53Z
9353333007804,Chef Good Creamy Chicken & Mushroom Pasta,2026-09-16T17:42:53Z,2026-09-16T17:42:53Z
9353333007811,Chef Good Chicken Pasta Alla Vodka,2026-09-16T17:42:53Z,2026-09-16T17:42:53Z
9353333007828,Chef Good Creamy Chicken Alfredo,2026-09-16T17:42:53Z,2026-09-16T17:42:53Z
9353333007835,Chef Good Marry Me Chicken,2026-09-16T17:42:53Z,2026-09-16T17:42:53Z
9353333007842,Chefgood Roast Chicken With Herbed Vegetables And Gravy,2026-09-16T17:42:53Z,2026-09-16T17:42:53Z
9353333007859,Chefgood Chicken Potato And Haloumi Bake,2026-09-16T17:42:53Z,2026-09-16T17:42:53Z
9353333007866,CHEF GOOD SLOW-COOKED BEEF RAGU WITH POLENTA & ROASTED VEGETABLES,2026-09-16T17:42:53Z,2026-09-16T17:42:53Z
9353333007873,Chef Good Beef Massaman Curry with Basmati Rice,2026-09-16T17:42:53Z,2026-09-16T17:42:53Z
9353333007880,Chef Good Creamy Chicken Satay,2026-09-16T17:42:53Z,2026-09-16T17:42:53Z
9353333007903,CHEF GOOD THAI CHICKEN STIR-FRY WITH PEANUT SAUCE & VEGETABLES,2026-09-16T17:42:53Z,2026-09-16T17:42:53Z
9353333007910,Chef Good Creamy Butter Chicken,2026-09-16T17:42:53Z,2026-09-16T17:42:53Z
9353333007927,Chef Good Chicken tikka masala,2026-09-16T17:42:53Z,2026-09-16T17:42:53Z
9353333007934,Chef Good Peri Peri Chicken with Tomato Rice & Green Beans,2026-09-16T17:42:53Z,2026-09-16T17:42:53Z
9353333007965,CHEF GOOD RED WINE SLOW-COOKED BEEF WITH CREAMY POTATO & CAULIFLOWER MASH,2026-09-16T17:42:53Z,2026-09-16T17:42:53Z
9353333007972,Chef Good Creamy Chicken Stroganoff,2026-09-16T17:42:53Z,2026-09-16T17:42:53Z
9353333008016,Chefgood Lemon And Herb Chicken,2026-09-16T17:42:53Z,2026-09-16T17:42:53Z
9353333008023,Chefgood Chicken Enchilada Bake,2026-09-16T17:42:53Z,2026-09-16T17:42:53Z
9353333008047,Chefgood Chicken Leek And Spinach Risotto,2026-09-16T17:42:53Z,2026-09-16T17:42:53Z
9353333008054,Chef Good Braised Beef Steak,2026-09-16T17:42:53Z,2026-09-16T17:42:53Z
9353333008061,Chefgood Chicken parmigiana,2026-09-16T17:42:53Z,2026-09-16T17:42:53Z
9353333008085,Chefgood Crimes Chicken With Sweet Potato Wedges And Lemon Yoghurt Drizzle,2026-09-16T17:42:53Z,2026-09-16T17:42:53Z
9353333008092,Chef Good Beef & Black Bean Stir-Fry,2026-09-16T17:42:53Z,2026-09-16T17:42:53Z
9353333008115,Chef Good Kashmiri Lamb Rogan Josh with Basmati Rice & Honey Cumin Carrots,2026-09-16T17:42:53Z,2026-09-16T17:42:53Z
9353333008122,Chefgood French Mustard Chicken With Roasted Potatoes And Green Beans,2026-09-16T17:42:53Z,2026-09-16T17:42:53Z
9353333008139,Chef Good Braised Lamb Saag With Cumin Rice,2026-09-16T17:42:53Z,2026-09-16T17:42:53Z
9353333008184,Chef Good Bacon And Spinach Frittata,2026-09-16T17:42:53Z,2026-09-16T17:42:53Z
9353333008191,MY MUSCLE CHEF Beef Stroganoff With Spinach Fettuccine,2026-09-16T17:42:53Z,2026-09-16T17:42:53Z
9353333008283,CHEF GOOD INDIAN VEGETABLE CURRY WITH BASMATI RICE,2026-09-16T17:42:53Z,2026-09-16T17:42:53Z
9353333008290,Chef Good Thai Yellow Tofu Curry,2026-09-16T17:42:53Z,2026-09-16T17:42:53Z
9353333008320,My Muscle Chef Classic Beef Stroganoff,2026-09-16T17:42:53Z,2026-09-16T17:42:53Z
9353333008405,MY MUSCLE CHEF Peppercorn Steak With Chimichurri Roast Vegetables,2026-09-16T17:42:53Z,2026-09-16T17:42:53Z
9353333008412,My Muscle Chef Lemon & Herb Chicken With Roast Vegetables,2026-09-16T17:42:53Z,2026-09-16T17:42:53Z
9353333008481,My Muscle Chef Marinated Chicken Breast with Peri Peri Sauce,2026-09-16T17:42:53Z,2026-09-16T17:42:53Z
9353333008511,My Muscle Chef Butter Chicken Protein Meal Base,2026-09-16T17:42:53Z,2026-09-16T17:42:53Z
9353333008528,My Muscle Chef Massamam Beef Protein Meal Base,2026-09-17T13:34:18Z,2026-09-17T13:34:18Z
9353336393935,Les 2 Vaches Yaourt à boire BIO Framboise,2026-09-16T17:42:53Z,2026-09-16T17:42:53Z
9353338000060,Bone Broth 60 g,2026-09-16T17:42:53Z,2026-09-16T17:42:53Z
9353338000398,All Natural Bone Broth,2026-09-16T17:42:53Z,2026-09-16T17:42:53Z
9353348000067,Buonissimo Tiramisu,2026-09-16T17:42:53Z,2026-09-16T17:42:53Z
9353348000074,Buonissimo Bakery Carrot Cake 1.5kg,2026-09-16T17:42:53Z,2026-09-16T17:42:53Z
9353348000166,Buonissimo Pizza Margarita,2026-09-16T17:42:53Z,2026-09-16T17:42:53Z
9353348000173,Buonissimo Pizza Pepperoni,2026-09-16T17:42:53Z,2026-09-16T17:42:53Z
9353348000180,Buonissimo Meat Lovers Pizza,2026-09-16T17:42:53Z,2026-09-16T17:42:53Z
9353348000197,Buonissimo Ham And Pineapple Classic Crust,2026-09-16T17:42:53Z,2026-09-16T17:42:53Z
9353348000234,Buonissimo Cucina Bbq Chicken Pizza,2026-09-16T17:42:53Z,2026-09-16T17:42:53Z
9353348000258,Choclt Blondie With Biscoff Spread,2026-09-16T17:42:53Z,2026-09-16T17:42:53Z
9353348000272,Buonissimo Chocolate Loaf Cake,2026-09-16T17:42:53Z,2026-09-16T17:42:53Z
9353348000289,Signature Sweets By BB LEMON CAKE,2026-09-16T17:42:53Z,2026-09-16T17:42:53Z
9353348000302,Buonissimo Pistachio cheesecake.,2026-09-16T17:42:53Z,2026-09-16T17:42:53Z
9353348000340,Signature Sweets Carrot Cake,2026-09-16T17:42:53Z,2026-09-16T17:42:53Z
9353348000357,Buonissimo Mini Party Pizzas - Pepperoni,2026-09-16T17:42:53Z,2026-09-16T17:42:53Z
9353348000364,BUONISSIMO mini party pizzas,2026-09-16T17:42:53Z,2026-09-16T17:42:53Z
9353348000418,Pizza Made In Australia BBQ Meatlovers Pizza,2026-09-16T17:42:53Z,2026-09-16T17:42:53Z
9353348000425,Buonissimo Cucina Ham And Pineapple Pizza,2026-09-16T17:42:53Z,2026-09-16T17:42:53Z
9353348000432,Buonissimo Chicken Peri Peri,2026-09-16T17:42:53Z,2026-09-16T17:42:53Z
9353348000449,Buonissimo Choc & Vanilla Cannoli,2026-09-16T17:42:53Z,2026-09-16T17:42:53Z
9353348000470,Coles Cookies And Cream Cake,2026-09-16T17:42:53Z,2026-09-16T17:42:53Z
9353354000167,Biogenesis,2026-09-16T17:42:53Z,2026-09-16T17:42:53Z
9353354004608,Biogenesis Natural Australia Organic Chlorella,2026-09-16T17:42:53Z,2026-09-16T17:42:53Z
9353363000776,Fresh Gurus Pumpkin Soup 300 g,2026-09-16T17:42:53Z,2026-09-16T17:42:53Z
9353363001520,Fresh Gurus Chicken & Vegetable Massaman Curry 350g,2026-09-16T17:42:53Z,2026-09-16T17:42:53Z
9353363001834,Fresh Gurus Chicken Parma with Broccoli & Sweet Potato,2026-09-16T17:42:53Z,2026-09-16T17:42:53Z
9353363546595,Gerber Organic Pea,2026-09-16T17:42:53Z,2026-09-16T17:42:53Z
9353379000319,Blue Smoke Zesty Memphis Style BBQ Rub,2026-09-16T17:42:53Z,2026-09-16T17:42:53Z
9353379000333,blue smoke,2026-09-16T17:42:53Z,2026-09-16T17:42:53Z
9353379000517,Goulet bbq rub,2026-09-16T17:42:53Z,2026-09-16T17:42:53Z
9353379000784,The snitch bbq rub,2026-09-16T17:42:53Z,2026-09-16T17:42:53Z
9353379000821,Rib rub,2026-09-16T17:42:53Z,2026-09-16T17:42:53Z
9353379002122,Boodua Creek Spanish Style Smoked Paprika Seasoning,2026-09-16T17:42:53Z,2026-09-16T17:42:53Z
9353451000152,Lemon flavour drink,2026-09-16T17:42:53Z,2026-09-16T17:42:53Z
9353455099732,TCI Oil Tofu,2026-09-16T17:42:53Z,2026-09-16T17:42:53Z
9353462000004,MADE BY COW COLD PRESSED RAW MILK,2026-09-16T17:42:53Z,2026-09-16T17:42:53Z
9353462000011,Cold pressed raw milk,2026-09-16T17:42:53Z,2026-09-16T17:42:53Z
9353462000080,MADE BY COW COLD PRESSED RAW MILK,2026-09-16T17:42:53Z,2026-09-16T17:42:53Z
9353462000189,Cold Pressed Raw Milk,2026-09-16T17:42:53Z,2026-09-16T17:42:53Z
9353462000202,Cow Cold Pressed Raw Milk Lactose Free,2026-09-16T17:42:53Z,2026-09-16T17:42:53Z
9353470041709,Girard Maurice Brillat-Savarin affine 200 g,2026-09-16T17:42:53Z,2026-09-16T17:42:53Z
9353471000019,Paleo Mix Gourmet Granola,2026-09-16T17:42:53Z,2026-09-16T17:42:53Z
9353471000064,The Monday Food Co. The monday 800 g,2026-09-16T17:42:53Z,2026-09-16T17:42:53Z
9353471000255,Keto Gourmet Granola Peanut Butter,2026-09-16T17:42:53Z,2026-09-16T17:42:53Z
9353471000262,Keto gormet granola,2026-09-16T17:42:53Z,2026-09-16T17:42:53Z
9353471000309,Monday co Chocolate cake mix,2026-09-16T17:42:53Z,2026-09-16T17:42:53Z
9353471000347,Keto Gourmet Granola,2026-09-16T17:42:53Z,2026-09-16T17:42:53Z
9353471000422,Keto Gourmet Granola sweet crunchy macadamia clusters,2026-09-16T17:42:53Z,2026-09-16T17:42:53Z
9353471000453,The monday food co Keto Gourmet Granola,2026-09-16T17:42:53Z,2026-09-16T17:42:53Z
9353471000477,Macadamia & lemon sponge mug cake,2026-09-16T17:42:53Z,2026-09-16T17:42:53Z
9353471000491,Dark chocolate mud cake mix,2026-09-16T17:42:53Z,2026-09-16T17:42:53Z
9353471000552,Keto gourmet granola,2026-09-16T17:42:53Z,2026-09-16T17:42:53Z
9353471000736,Keto cookies,2026-09-16T17:42:53Z,2026-09-16T17:42:53Z
9353471000866,The Monday food co Keto gourmet granola,2026-09-16T17:42:53Z,2026-09-16T17:42:53Z
9353471000927,The Monday Food Co. Keto Cupcake Mix Rich Chocolate,2026-09-16T17:42:53Z,2026-09-16T17:42:53Z
9353471000958,The Monday Food Co. Macadamia Choc Brookies,2026-09-16T17:42:53Z,2026-09-16T17:42:53Z
9353471000996,White Chocolate & Vanilla Keto Cookies,2026-09-16T17:42:53Z,2026-09-16T17:42:53Z
9353479010225,Primabolics Hydrolysis Whey Protein ISO Ripped,2026-09-16T17:42:53Z,2026-09-16T17:42:53Z
9353479010454,Primabolics Grind Non Tim Pre-workout,2026-09-16T17:42:53Z,2026-09-16T17:42:53Z
9353479010522,Everyday Health Greens 225 g,2026-09-16T17:42:53Z,2026-09-16T17:42:53Z
9353509000004,The Raw Liquid Sugar,2026-09-16T17:42:53Z,2026-09-16T17:42:53Z
9353509000011,vanilla,2026-09-16T17:42:53Z,2026-09-16T17:42:53Z
9353517000102,Naked,2026-09-16T17:42:53Z,2026-09-16T17:42:53Z
9353517000195,Peach and Apple iced tea,2026-09-16T17:42:53Z,2026-09-16T17:42:53Z
9353517000201,Lemon snd ginger iced tea,2026-09-16T17:42:53Z,2026-09-16T17:42:53Z
9353517000263,Scottish Sour,2026-09-16T17:42:53Z,2026-09-16T17:42:53Z
9353517000355,Naked Life Classic G&T,2026-09-16T17:42:53Z,2026-09-16T17:42:53Z
9353517000362,Wimbledon spritz non alcoholic cocktail,2026-09-16T17:42:53Z,2026-09-16T17:42:53Z
9353517000379,Naked Life Yuzu Sake Non Alcoholic Cocktail,2026-09-16T17:42:53Z,2026-09-16T17:42:53Z
9353517000386,Margarita,2026-09-16T17:42:53Z,2026-09-16T17:42:53Z
9353517000423,Naked Life Margarita,2026-09-16T17:42:53Z,2026-09-16T17:42:53Z
9353517000638,Naked life non alcoholic cocktail 4s 250ml nehroni spritz,2026-09-16T17:42:53Z,2026-09-16T17:42:53Z
9353517000652,Naked Life Negroni Spritz,2026-09-16T17:42:53Z,2026-09-16T17:42:53Z
9353517000669,Italian spritz,2026-09-16T17:42:53Z,2026-09-16T17:42:53Z
9353517000829,Canadian Rye Dry and Lime,2026-09-16T17:42:53Z,2026-09-16T17:42:53Z
9353517000843,Naked Dry and Lime,2026-09-16T17:42:53Z,2026-09-16T17:42:53Z
9353517001086,Drinking chocolate,2026-09-16T17:42:53Z,2026-09-16T17:42:53Z
9353517001093,Energise Drinking Chocolate,2026-09-16T17:42:53Z,2026-09-16T17:42:53Z
9353517001109,Focus Hot Chocolate,2026-09-16T17:42:53Z,2026-09-16T17:42:53Z
9353517001246,Focus,2026-09-16T17:42:53Z,2026-09-16T17:42:53Z
9353517001253,Immunity,2026-09-16T17:42:53Z,2026-09-16T17:42:53Z
9353517001260,naked life GLOW Dragonfruit and Lychee 250ml,2026-09-16T17:42:53Z,2026-09-16T17:42:53Z
9353517001284,Calm+,2026-09-16T17:42:53Z,2026-09-16T17:42:53Z
9353517001314,Sparkling nootropics Glow + 4 x 250 ml,2026-09-16T17:42:53Z,2026-09-16T17:42:53Z
9353517001338,Calm+,2026-09-16T17:42:53Z,2026-09-16T17:42:53Z
9353517001345,Naked Life Betta Boba - Original Milk Bubble Tea 50% Less Sugar,2026-09-16T17:42:53Z,2026-09-16T17:42:53Z
9353517001352,Brown sugar milk tea,2026-09-16T17:42:53Z,2026-09-16T17:42:53Z
9353517001369,Betta Boba Peach Iced Bubble Tea,2026-09-16T17:42:53Z,2026-09-16T17:42:53Z
9353517001376,Iced bubble tea,2026-09-16T17:42:53Z,2026-09-16T17:42:53Z
9353517001413,Iced bubble tea 4 x 315 ml,2026-09-16T17:42:53Z,2026-09-16T17:42:53Z
9353517001420,Mojito - Non alcoholic,2026-09-16T17:42:53Z,2026-09-16T17:42:53Z
9353517001444,cosmo,2026-09-16T17:42:53Z,2026-09-16T17:42:53Z
9353517001451,Expresso Martini,2026-09-16T17:42:53Z,2026-09-16T17:42:53Z
9353517001468,Naked life non alcoholic cocktail 4s 250ml mojitp,2026-09-16T17:42:53Z,2026-09-16T17:42:53Z
9353517001475,Naked rose sangria spritz 4s 250ml,2026-09-16T17:42:53Z,2026-09-16T17:42:53Z
9353517001482,Naked comos non alcoholic 4s 250ml,2026-09-16T17:42:53Z,2026-09-16T17:42:53Z
9353517001512,Sugar free drinking chocolate,2026-09-16T17:42:53Z,2026-09-16T17:42:53Z
9353517001529,Sugarfree drinking chocolate,2026-09-16T17:42:53Z,2026-09-16T17:42:53Z
9353517001659,Naked Life Passion Martini,2026-09-16T17:42:53Z,2026-09-16T17:42:53Z
9353517001673,Naked Pink Paloma,2026-09-16T17:42:53Z,2026-09-16T17:42:53Z
9353517001697,Naked Life Lemon Swuah Flavour Sugar Free Soda,2026-09-16T17:42:53Z,2026-09-16T17:42:53Z
9353517001727,Naked Life Mango Soda,2026-09-16T17:42:53Z,2026-09-16T17:42:53Z
9353517001734,Naked life Peach iced tea,2026-09-16T17:42:53Z,2026-09-16T17:42:53Z
9353517001741,Naked Life Lemon Iced Tea,2026-09-16T17:42:53Z,2026-09-16T17:42:53Z
9353517001895,Naked Life Peach Bellini,2026-09-16T17:42:53Z,2026-09-16T17:42:53Z
9353517002175,Naked Life Mojito Non-Alcoholic Cocktail,2026-09-16T17:42:53Z,2026-09-16T17:42:53Z
9353533000926,Lava Custard Mooncale,2026-09-16T17:42:53Z,2026-09-16T17:42:53Z
9353539000630,Tomato Hot Pot Seasoning,2026-09-16T17:42:53Z,2026-09-16T17:42:53Z
9353539000746,Hundred Fresh Basa Fillets,2026-09-16T17:42:53Z,2026-09-16T17:42:53Z
9353539002115,Chun Shin Shiping Beancurd Sticks,2026-09-16T17:42:53Z,2026-09-16T17:42:53Z
9353539002122,Golden Bai Wei Shiping Beancurd Strips 260 g,2026-09-16T17:42:53Z,2026-09-16T17:42:53Z
9353539002283,Golden Sai Wei Century Eggs (Preserved Duck Eggs) 220 g,2026-09-16T17:42:53Z,2026-09-16T17:42:53Z
9353539002313,Cedar Tree Bean Curd Sticks,2026-09-16T17:42:53Z,2026-09-16T17:42:53Z
9353539002740,Blessed Cloud Guan Miao Noodle,2026-09-16T17:42:53Z,2026-09-16T17:42:53Z
9353539002757,Blessed Cloud Sliced Noodles,2026-09-16T17:42:53Z,2026-09-16T17:42:53Z
9353539003143,千层百味 炸腐竹,2026-09-16T17:42:53Z,2026-09-16T17:42:53Z
9353539004690,Yuma Bakehouse Hokkaido Milk Cake,2026-09-16T17:42:53Z,2026-09-16T17:42:53Z
9353539004744,Yuumi Bakehouse Hokkaido Cake Roll,2026-09-16T17:42:53Z,2026-09-16T17:42:53Z
9353539004942,Yuumi Bakehouse Honeycomb Stick Cream Cheese Flavour 260 g,2026-09-16T17:42:53Z,2026-09-16T17:42:53Z
9353539004973,Yuumi Banana Stick,2026-09-16T17:42:53Z,2026-09-16T17:42:53Z
9353541000000,EMPIRE PIZZA SUPREME12IN 600GM 600 g,2026-09-16T17:42:53Z,2026-09-16T17:42:53Z
9353541000024,Empire MEAT LOVERS,2026-09-16T17:42:53Z,2026-09-16T17:42:53Z
9353541000031,EMPIRE BBQ CHICKEN 600G 600 g,2026-09-16T17:42:53Z,2026-09-16T17:42:53Z
9353541000055,Margherita pizza 550 g,2026-09-16T17:42:53Z,2026-09-16T17:42:53Z
9353541000079,pizza deluxe empire food co,2026-09-16T17:42:53Z,2026-09-16T17:42:53Z
9353541000246,Empire Food Co Pepperoni Pizza,2026-09-16T17:42:53Z,2026-09-16T17:42:53Z
9353541000512,Empire Food Co BBQ Bacon and chicken,2026-09-16T17:42:53Z,2026-09-16T17:42:53Z
9353541000598,Jones and Co Qlder,2026-09-16T17:42:53Z,2026-09-16T17:42:53Z
9353541000628,Empire Food Co 10” Supreme Pizza,2026-09-16T17:42:53Z,2026-09-16T17:42:53Z
9353541000758,Empire food piza Bacon chorizo & feta woodfired pizza bases,2026-09-16T17:42:53Z,2026-09-16T17:42:53Z
9353583216155,Proteinepudding,2026-09-16T17:42:53Z,2026-09-16T17:42:53Z
9353589000017,Smeaton Mill Rolled Oats 750 g,2026-09-16T17:42:53Z,2026-09-16T17:42:53Z
9353589000079,Fruit Granola,2026-09-16T17:42:53Z,2026-09-16T17:42:53Z
9353596611886,Flying power,2026-09-16T17:42:53Z,2026-09-16T17:42:53Z
9353606000013,Skinny londen tonic water Tonic water,2026-09-16T17:42:53Z,2026-09-16T17:42:53Z
9353606010005,Classic London Tonic,2026-09-16T17:42:53Z,2026-09-16T17:42:53Z
9353606010036,Barrel smoked cola,2026-09-16T17:42:53Z,2026-09-16T17:42:53Z
9353606010043,Yuzu tokyo tonic,2026-09-16T17:42:53Z,2026-09-16T17:42:53Z
9353606010173,Pink Citrus Tonic,2026-09-16T17:42:53Z,2026-09-16T17:42:53Z
9353606010180,Agave Lemon Tonique,2026-09-16T17:42:53Z,2026-09-16T17:42:53Z
9353606010197,fiery ginger beer,2026-09-16T17:42:53Z,2026-09-16T17:42:53Z
9353606010289,Amalfi lime tonic,2026-09-16T17:42:53Z,2026-09-16T17:42:53Z
9353606011224,The Artisan Drinks Co Fiery Ginger Beer,2026-09-16T17:42:53Z,2026-09-16T17:42:53Z
9353606011323,The Artisan Drinks Co Spicy Ginger And Lemon Soda,2026-09-16T17:42:53Z,2026-09-16T17:42:53Z
9353606015987,Artisan smooth ginger ale,2026-09-16T17:42:53Z,2026-09-16T17:42:53Z
9353606017882,Fiery Ginger Beer,2026-09-16T17:42:53Z,2026-09-16T17:42:53Z
9353626000000,Cold Pressed Juice watermelon and Pear,2026-09-16T17:42:53Z,2026-09-16T17:42:53Z
9353626000017,Cold pressed juice,2026-09-16T17:42:53Z,2026-09-16T17:42:53Z
9353626000024,Cold Pressed Juice Super Greens,2026-09-16T17:42:53Z,2026-09-16T17:42:53Z
9353626000048,Cold Pressed Juice,2026-09-16T17:42:53Z,2026-09-16T17:42:53Z
9353626000055,HRCST ST Cloudy Apple,2026-09-16T17:42:53Z,2026-09-16T17:42:53Z
9353626000093,Cold Pressed Juice Carrot + Ginger,2026-09-16T17:42:53Z,2026-09-16T17:42:53Z
9353626000154,Sip Coco Coconut Water,2026-09-16T17:42:53Z,2026-09-16T17:42:53Z
9353626000246,sip coco pineapple,2026-09-16T17:42:53Z,2026-09-16T17:42:53Z
9353626000284,Sip Coco Chocolate Coconut Water,2026-09-16T17:42:53Z,2026-09-16T17:42:53Z
9353630000294,Lush Panna Cotta,2026-09-16T17:42:53Z,2026-09-16T17:42:53Z
9353630000409,Lush Desserts Co Strawberry Panna Cotta 110 g,2026-09-16T17:42:53Z,2026-09-16T17:42:53Z
9353636563465,Barilla Scacchieri,2026-09-16T17:42:53Z,2026-09-16T17:42:53Z
9353654635465,Sparkling probiotic crisp ape,2026-09-16T17:42:53Z,2026-09-16T17:42:53Z
9353699309260,Sour Strawberry Mints,2026-09-16T17:42:53Z,2026-09-16T17:42:53Z
9353707000059,"Food to nourish Fluffy Pancake Mix Vegan, gluten & dairy free",2026-09-16T17:42:53Z,2026-09-16T17:42:53Z
9353707000288,Food to Nourish Australia Protien cookie with collagen,2026-09-16T17:42:53Z,2026-09-16T17:42:53Z
9353707000295,Food To Nourish Protein cookie with collagen,2026-09-16T17:42:53Z,2026-09-16T17:42:53Z
9353707000318,Sprouted Chocolate Hazelnut Spread,2026-09-16T17:42:53Z,2026-09-16T17:42:53Z
9353707000363,Food to Nourish Double Chocolate Bliss Bar 40g,2026-09-16T17:42:53Z,2026-09-16T17:42:53Z
9353707000394,Food to Nourish Cacao & Hazelnut Sprouted Clusters,2026-09-16T17:42:53Z,2026-09-16T17:42:53Z
9353707000837,Food To Nourish Organic Sprouted Almond Spread,2026-09-16T17:42:53Z,2026-09-16T17:42:53Z
9353707000899,Food to nourish Organic Chocolate Hazelnut,2026-09-16T17:42:53Z,2026-09-16T17:42:53Z
9353707000974,Food To Nourish Choc Brownie Mix,2026-09-16T17:42:53Z,2026-09-16T17:42:53Z
9353707000998,Food To Nourish Choc Peanut Protein Cookie,2026-09-16T17:42:53Z,2026-09-16T17:42:53Z
9353707001001,Food To Nourish Peanut Chocolate Bliss Bar,2026-09-16T17:42:53Z,2026-09-16T17:42:53Z
9353708000003,The worlds hottest corn chips 50 g,2026-09-16T17:42:53Z,2026-09-16T17:42:53Z
9353712000037,Unreal Italian Burgers 452 g,2026-09-16T17:42:53Z,2026-09-16T17:42:53Z
9353712000174,Unreal co Plant Based Chicken Sausages,2026-09-16T17:42:53Z,2026-09-16T17:42:53Z
9353712000297,Unreal 100% Plant Based Meaty Range Beefy Brat Sausages 350 g,2026-09-16T17:42:53Z,2026-09-16T17:42:53Z
9353712000334,Vegan Meaty Mix,2026-09-16T17:42:53Z,2026-09-16T17:42:53Z
9353712000587,Plant Based - Beefy Rissoles,2026-09-16T17:42:53Z,2026-09-16T17:42:53Z
9353712000754,Unreal Co Cheesy Beef Brat,2026-09-16T17:42:53Z,2026-09-16T17:42:53Z
9353712000778,Gourmet Plant Based Beefy Burgers 2 x 100 g,2026-09-16T17:42:53Z,2026-09-16T17:42:53Z
9353725109130,Roggen vollkornbrot,2026-09-16T17:42:53Z,2026-09-16T17:42:53Z
9353725317870,Wiener Würstchen,2026-09-16T17:42:53Z,2026-09-16T17:42:53Z
9353730000033,Inca organic Organic protein hemp & cacao,2026-09-16T17:42:53Z,2026-09-16T17:42:53Z
9353730000163,Inca Wellness Skin Body Gut Collagen Whey Protein - Creamy Vanilla,2026-09-16T17:42:53Z,2026-09-16T17:42:53Z
9353736000075,JACQUET MINI BROWNI HAZELNUT 150 GRAM,2026-09-17T13:43:43Z,2026-09-17T13:43:43Z
9353736000143,JACQUET MINI BROWNI HAZELNUT 150 GRAM,2026-09-17T13:43:43Z,2026-09-17T13:43:43Z
9353736000174,JACQUET MINI BROWNI HAZELNUT 150 GRAM,2026-09-17T13:43:43Z,2026-09-17T13:43:43Z
9353736000204,JACQUET MINI BROWNI HAZELNUT 150 GRAM,2026-09-17T13:43:43Z,2026-09-17T13:43:43Z
9353736000235,JACQUET MINI BROWNI HAZELNUT 150 GRAM,2026-09-17T13:43:43Z,2026-09-17T13:43:43Z
9353736000273,JACQUET MINI BROWNI HAZELNUT 150 GRAM,2026-09-17T13:43:43Z,2026-09-17T13:43:43Z
9353736000303,JACQUET MINI BROWNI HAZELNUT 150 GRAM,2026-09-17T13:43:43Z,2026-09-17T13:43:43Z
9353736000358,JACQUET MINI BROWNI HAZELNUT 150 GRAM,2026-09-17T13:43:43Z,2026-09-17T13:43:43Z
9353736000396,JACQUET MINI BROWNI HAZELNUT 150 GRAM,2026-09-17T13:43:43Z,2026-09-17T13:43:43Z
9353767306122,Pretty Wild Creamy Tuna Puree Cat Treats 15g x 4 pack 15 g,2026-09-16T17:42:53Z,2026-09-16T17:42:53Z
9353767306139,Pretty Wild Creamy Salmon & Chicken Puree Cat Treats 15g x 4 pack 15 g,2026-09-16T17:42:53Z,2026-09-16T17:42:53Z
9353767324348,Pretty Wild Chicken Puree Lickable Cat Treat 15g x 4 pack 15 g,2026-09-16T17:42:53Z,2026-09-16T17:42:53Z
9353774001249,Sticky Balsamic Pty Ltd Sticky Balsamic Pear,2026-09-16T17:42:53Z,2026-09-16T17:42:53Z
9353775000234,Beifang Sliced Beef Roll,2026-09-16T17:42:53Z,2026-09-16T17:42:53Z
9353775000241,beifang Sliced Lamb Roll,2026-09-16T17:42:53Z,2026-09-16T17:42:53Z
9353775000265,Beifang Sliced Pork Belly (14 Pieces),2026-09-16T17:42:53Z,2026-09-16T17:42:53Z
9353775000302,Beifang Sliced Angus beef,2026-09-16T17:42:53Z,2026-09-16T17:42:53Z
9353775001392,Bay Farm Black Angus Beef Roll,2026-09-16T17:42:53Z,2026-09-16T17:42:53Z
9353775013685,Hotpot Sliced Lamb,2026-09-16T17:42:53Z,2026-09-16T17:42:53Z
9353775016808,Sliced lamb roll,2026-09-16T17:42:53Z,2026-09-16T17:42:53Z
9353775033782,Beifang Sliced Beef Roll,2026-09-16T17:42:53Z,2026-09-16T17:42:53Z
9353775036806,KHT Beef Ribeye Shabu Shabu,2026-09-16T17:42:53Z,2026-09-16T17:42:53Z
9353799000593,Hemp Seed Oil,2026-09-16T17:42:53Z,2026-09-16T17:42:53Z
9353799000623,Hemp protein,2026-09-16T17:42:53Z,2026-09-16T17:42:53Z
9353799000647,Rise apricot and nut hemp bar,2026-09-16T17:42:53Z,2026-09-16T17:42:53Z
9353799001040,Savoury Protein Bread Mix,2026-09-16T17:42:53Z,2026-09-16T17:42:53Z
9353799001064,Superfood protein ball mix,2026-09-16T17:42:53Z,2026-09-16T17:42:53Z
9353799001101,Mt Elephant Almond and buckwheat pancake mix,2026-09-16T17:42:53Z,2026-09-16T17:42:53Z
9353799001187,Mt Elephant Almond and buckwheat pancake mix,2026-09-16T17:42:53Z,2026-09-16T17:42:53Z
9353799001200,Superfood Protein Ball Mix,2026-09-16T17:42:53Z,2026-09-16T17:42:53Z
9353799001361,Mt. Elephant Hemp and oat milk,2026-09-16T17:42:53Z,2026-09-16T17:42:53Z
9353799001385,Hemp & oat milk,2026-09-16T17:42:53Z,2026-09-16T17:42:53Z
9353799001996,Banana oat super good cookie mix,2026-09-16T17:42:53Z,2026-09-16T17:42:53Z
9353799002009,Double Choc Superfood Cookie Mix,2026-09-16T17:42:53Z,2026-09-16T17:42:53Z
9353799002016,Choc chunk wholefood brownie mix,2026-09-16T17:42:53Z,2026-09-16T17:42:53Z
9353799002023,Wholefood Blondie Mix,2026-09-16T17:42:53Z,2026-09-16T17:42:53Z
9353799002344,Wholefood Loaf Mix,2026-09-16T17:42:53Z,2026-09-16T17:42:53Z
9353799002351,Wholefood Breadmix Banana & Cinnamon,2026-09-16T17:42:53Z,2026-09-16T17:42:53Z
9353799002511,Mt Elephant Choc Chip Cookie,2026-09-16T17:42:53Z,2026-09-16T17:42:53Z
9353799002528,MT. ELEPHANT BUTTERMYLK Wholefood Pancake Mix 230g,2026-09-16T17:42:53Z,2026-09-16T17:42:53Z
9353803000830,Green Leaf Moroccan seasoning,2026-09-16T17:42:53Z,2026-09-16T17:42:53Z
9353803001905,Snaka's Sunflower Seeds Extra Salt,2026-09-16T17:42:53Z,2026-09-16T17:42:53Z
9353803002483,Feta Cheese By Klassikos 1 kg,2026-09-16T17:42:53Z,2026-09-16T17:42:53Z
9353803018026,jelly pop,2026-09-16T17:42:53Z,2026-09-16T17:42:53Z
9353803021026,Green Leaf Foul with Chick Peas,2026-09-16T17:42:53Z,2026-09-16T17:42:53Z
9353803021057,Plain fava beans,2026-09-16T17:42:53Z,2026-09-16T17:42:53Z
9353803021088,Green Leaf Premium Arabian Dates,2026-09-16T17:42:53Z,2026-09-16T17:42:53Z
9353808000002,"Biotech Bodies Pty Ltd Low Carb Classic Chocolate Bar, Classic Chocolate",2026-09-16T17:42:53Z,2026-09-16T17:53:12Z
9353808000064,"Biotech Bodies Pty Ltd Classic Chocolate Protein Performance Chocolate Bar, Classic Chocolate",2026-09-16T17:42:53Z,2026-09-16T17:53:12Z
9353808000088,Norti Classic Chocolate Snack Size Monster Bites Bars,2026-09-16T17:42:53Z,2026-09-16T17:53:12Z
9353809000971,King Care Fresh Full Cream Milk,2026-09-16T17:42:53Z,2026-09-16T17:42:53Z
9353809000988,AU King Care Pure Milk (Blue),2026-09-16T17:42:53Z,2026-09-16T17:42:53Z
9353856112887,Lo-fo pantry,2026-09-16T17:42:53Z,2026-09-16T17:42:53Z
9353863001525,EDGE ELECTROLYTES oceantrace hydration powder with Ocean Electrolytes,2026-09-16T17:42:53Z,2026-09-16T17:42:53Z
9353864000084,Ratio Drinking chocolate,2026-09-16T17:42:53Z,2026-09-16T17:42:53Z
9353880000013,Unsalted organic butter,2026-09-16T17:42:53Z,2026-09-16T17:42:53Z
9353880000044,Symons Organic Mozzarella,2026-09-16T17:42:53Z,2026-09-16T17:42:53Z
9353880000105,Symons Kefir,2026-09-16T17:42:53Z,2026-09-16T17:42:53Z
9353901000015,K.S. Benning and Sons Benning's Australian Blueberries 125g,2026-09-16T17:42:53Z,2026-09-16T17:42:53Z
9353901000053,seaview berries Fresh blueberries 125 g,2026-09-16T17:42:53Z,2026-09-16T17:42:53Z
9353916000000,Jesse's Bakery Boiled Bagels plain 550 g,2026-09-16T17:42:53Z,2026-09-16T17:42:53Z
9353916000062,Jesse's BAKERY MINI CHALLAH ROLLS,2026-09-16T17:42:53Z,2026-09-16T17:42:53Z
9353916000079,Jesse’s Bakery Challah,2026-09-16T17:42:53Z,2026-09-16T17:42:53Z
9353916000345,Dark Rye Seeded bread,2026-09-16T17:42:53Z,2026-09-16T17:42:53Z
9353916000390,Jesse's Bakery Dark Rye Seeded Bread,2026-09-16T17:42:53Z,2026-09-16T17:42:53Z
9353916000413,Jesse's BAKERY BOILED BAGELS sesame seeds (VEGAN),2026-09-16T17:42:53Z,2026-09-16T17:42:53Z
9353916000437,Jesse's Bakery Boiled Bagels mixed seeds (VEGAN),2026-09-16T17:42:53Z,2026-09-16T17:42:53Z
9353916000451,Mini Challah Rolls Sesame,2026-09-16T17:42:53Z,2026-09-16T17:42:53Z
9353916000482,Jesse’s Bakery Pita Bread,2026-09-16T17:42:53Z,2026-09-16T17:42:53Z
9353916000499,Bondi Dairy Plain Bagel,2026-09-16T17:42:53Z,2026-09-16T17:42:53Z
9353916000505,Bondi Dairy Sesame bagels,2026-09-16T17:42:53Z,2026-09-16T17:42:53Z
9353916000529,Bondi Dairy Mixed Seed Bagel,2026-09-16T17:42:53Z,2026-09-16T17:42:53Z
9353916000888,Jesse’s Bakery Soy and Linseed,2026-09-16T17:42:53Z,2026-09-16T17:42:53Z
9353916000895,Jesse's Bakery White Sourdough,2026-09-16T17:42:53Z,2026-09-16T17:42:53Z
9353916000901,Jesse's Bakery Sourdough wholemeal 900 g,2026-09-16T17:42:53Z,2026-09-16T17:42:53Z
9353917000016,Organic Dried Apricots,2026-09-16T17:42:53Z,2026-09-16T17:42:53Z
9353917000306,Coconut milk,2026-09-16T17:42:53Z,2026-09-16T17:42:53Z
9353917001877,Coconut milk 1,2026-09-16T17:42:53Z,2026-09-16T17:42:53Z
9353927000099,Manley Gin & tonic,2026-09-16T17:42:53Z,2026-09-16T17:42:53Z
9353927000112,Pink Gin and Tonic,2026-09-16T17:42:53Z,2026-09-16T17:42:53Z
9353927000587,Gin and tonic,2026-09-16T17:42:53Z,2026-09-16T17:42:53Z
9353927001966,Manly spirit Manly pink gin,2026-09-16T17:42:53Z,2026-09-16T17:42:53Z
9353930000536,Apple crumble,2026-09-16T17:42:53Z,2026-09-16T17:42:53Z
9353939000353,Ozmoderm''' whitening,2026-09-16T17:42:53Z,2026-09-16T17:42:53Z
9353939000360,Ozmoderm soap,2026-09-16T17:42:53Z,2026-09-16T17:42:53Z
9353939000377,Ozmoderm soap '' sensitive,2026-09-16T17:42:53Z,2026-09-16T17:42:53Z
9353956000114,Vitra Ginkgo 60 tablets,2026-09-16T17:42:53Z,2026-09-16T17:42:53Z
9353969001900,Brick Lane Brewing Co. Hi-Fi Dry Zero Carb Japanese Lager,2026-09-16T17:42:53Z,2026-09-16T17:42:53Z
9353969002075,Bricklane Zero carb Pale Ale,2026-09-16T17:42:53Z,2026-09-16T17:42:53Z
9353969002105,Brick Lane Meteor Zero Sugar Alcoholic Ginger Beer,2026-09-16T17:42:53Z,2026-09-16T17:42:53Z
9353970845524,Magnum,2026-09-16T17:42:53Z,2026-09-16T17:42:53Z
9353972000013,Organic soda,2026-09-16T17:42:53Z,2026-09-16T17:42:53Z
9353975000041,King Of Bean Pty Ltd LLD Sweet Soya Drink,2026-09-16T17:42:53Z,2026-09-16T17:42:53Z
9353976000743,The Fermentary Sauerkraut Red Kraut & Fennel,2026-09-16T17:42:53Z,2026-09-16T17:42:53Z
9353976000781,The Fermentary Kimchi,2026-09-16T17:42:53Z,2026-09-16T17:42:53Z
9353976000859,The Fermentary Wakame and ginger sauerkraut,2026-09-16T17:42:53Z,2026-09-16T17:42:53Z
9353990020307,Salted Macadamias,2026-09-16T17:42:53Z,2026-09-16T17:42:53Z
9353990024008,Macadamias Australia Roasted Salted Macadamias,2026-09-16T17:42:53Z,2026-09-16T17:42:53Z
9353990031105,Macadamias Australia Honey Roasted Macadamias,2026-09-16T17:42:53Z,2026-09-16T17:42:53Z
9353990044006,Macadamias Australia Lemon Myrtle Macadamias,2026-09-16T17:42:53Z,2026-09-16T17:42:53Z
9353990050304,Macadamias Australia Sweet Chilli Macadamias,2026-09-16T17:42:53Z,2026-09-16T17:42:53Z
9353990054005,Macadamias Australia Sweet Chilli Macadamias,2026-09-16T17:42:53Z,2026-09-16T17:42:53Z
9353990071101,Macadamies Australia Dark Chocolate Macadamias,2026-09-16T17:42:53Z,2026-09-16T17:42:53Z
9353990081100,Macadamias Australia Milk Chocolate Macadamia Clusters,2026-09-16T17:42:53Z,2026-09-16T17:42:53Z
9353990084002,Macadamias Australia Milk Chocolate Macadamia Clusters,2026-09-16T17:42:53Z,2026-09-16T17:42:53Z
9353990091109,macadamias australia Dark Chocolate Macadamia Clusters,2026-09-16T17:42:53Z,2026-09-16T17:42:53Z
9353990111104,Macadamias Australia White Chocolate Macadamia Cluster,2026-09-16T17:42:53Z,2026-09-16T17:42:53Z
9353990135049,Honey roasted macadamias 135 g,2026-09-16T17:42:53Z,2026-09-16T17:42:53Z
9353990255013,Happy Nut Vanilla Macademias 225 g,2026-09-16T17:42:53Z,2026-09-16T17:42:53Z
9353990255020,macadamia Australia happy nut dry roasted macadamias 225g,2026-09-16T17:42:53Z,2026-09-16T17:42:53Z
9353990400031,Lemon Myrtle Macadamias 400 g,2026-09-16T17:42:53Z,2026-09-16T17:42:53Z
9353993000238,Whole body collagen,2026-09-16T17:42:53Z,2026-09-16T17:42:53Z
9353993000245,Designs for health PALEOFIBRE,2026-09-16T17:42:53Z,2026-09-16T17:42:53Z
9353993000672,Designs For Health Active Muscle Collagen,2026-09-16T17:42:53Z,2026-09-16T17:42:53Z
9354009322160,Bonds Mens Low Cut Socks Size 6-10 Assorted 3 pack,2026-09-16T17:42:53Z,2026-09-16T17:42:53Z
9354009664307,Bonds Mens Very Comfy Crew Socks Size 11-14 Assorted 3 pack,2026-09-16T17:42:53Z,2026-09-16T17:42:53Z
9354022000304,Dark 80%,2026-09-16T17:42:53Z,2026-09-16T17:42:53Z
9354022000311,The dark side chocolate,2026-09-16T17:42:53Z,2026-09-16T17:42:53Z
9354022000328,Dark Fruit & Nut,2026-09-16T17:42:53Z,2026-09-16T17:42:53Z
9354022000366,Sweet Bouquet,2026-09-16T17:42:53Z,2026-09-16T17:42:53Z
9354022000557,The Ministry Of Chocolate Milk Couverture Chocolate Bar,2026-09-16T17:42:53Z,2026-09-16T17:42:53Z
9354022001141,The Ministry of Chocolate Honeycomb Chunks,2026-09-16T17:42:53Z,2026-09-16T17:42:53Z
9354022001707,Ministry Of Chocolate Apple Crumble Chocolate,2026-09-16T17:42:53Z,2026-09-16T17:42:53Z
9354022001967,The Ministry Of Chocolate Milk Almonds,2026-09-16T17:42:53Z,2026-09-16T17:42:53Z
9354022002520,Ministry of Chocolate Rainbow Drops,2026-09-16T17:42:53Z,2026-09-16T17:42:53Z
9354022003138,Ministry of Chocolate Rainbow Drops,2026-09-16T17:42:53Z,2026-09-16T17:42:53Z
9354022003428,Ministry Of Chocolate Dubai Chocolate,2026-09-16T17:42:53Z,2026-09-16T17:42:53Z
9354060000069,Kreol soarkling anti oxidant infusion,2026-09-16T17:42:53Z,2026-09-16T17:42:53Z
9354060000090,Kreol Sparkling,2026-09-16T17:42:53Z,2026-09-16T17:42:53Z
9354060000120,Sparkling nytrient infusion,2026-09-16T17:42:53Z,2026-09-16T17:42:53Z
9354060000137,Sparkling antioxidant infusion,2026-09-16T17:42:53Z,2026-09-16T17:42:53Z
9354060000144,Cherry Sour,2026-09-16T17:42:53Z,2026-09-16T17:42:53Z
9354060000168,Sparkling antioxidant infusion,2026-09-16T17:42:53Z,2026-09-16T17:42:53Z
9354060000182,Kréol Raspberry Lime,2026-09-16T17:42:53Z,2026-09-16T17:42:53Z
9354060000236,Kréol Queen Peach,2026-09-16T17:42:53Z,2026-09-16T17:42:53Z
9354060000243,Kréol Yuzu Lemon Sparkling Ice Tea,2026-09-16T17:42:53Z,2026-09-16T17:42:53Z
9354060000373,Kréol Pineapple & Lime,2026-09-16T17:42:53Z,2026-09-16T17:42:53Z
9354060000397,vita orange spritzer,2026-09-16T17:42:53Z,2026-09-16T17:42:53Z
9354060000410,vita spritzer apple fizz,2026-09-16T17:42:53Z,2026-09-16T17:42:53Z
9354060000465,Keel Raspberry Lemonade,2026-09-16T17:42:53Z,2026-09-16T17:42:53Z
9354060000489,Kreol Tropical Pineapple,2026-09-16T17:42:53Z,2026-09-16T17:42:53Z
9354060694886,Migros Baumnussbrot,2026-09-16T17:42:53Z,2026-09-16T17:42:53Z
9354060847022,Migros Yogourt nature,2026-09-16T17:42:53Z,2026-09-16T17:42:53Z
9354066001404,Lamb Wesson Potato Cakes,2026-09-16T17:42:53Z,2026-09-16T17:42:53Z
9354066001428,Lamb Weston Mini Potato Cakes - Scallops,2026-09-16T17:42:53Z,2026-09-16T17:42:53Z
9354066001466,Lamb Weston Jumbo Potato Cakes - Scallops Original,2026-09-16T17:42:53Z,2026-09-16T17:42:53Z
9354067000598,Urban Alley Hand Sanitiser,2026-09-16T17:42:53Z,2026-09-16T17:42:53Z
9354071200243,Natural Plant Protein,2026-09-16T17:42:53Z,2026-09-16T17:42:53Z
9354084001127,Brunetti Chocolate And Hazelnut Ice Cream,2026-09-16T17:42:53Z,2026-09-16T17:42:53Z
9354107000045,High protein meal 350 g,2026-09-16T17:42:53Z,2026-09-16T17:42:53Z
9354107000069,Fitness Outcomes Portuguese Chicken with Sesame Sweet Potato & Broccoli 350 g,2026-09-16T17:42:53Z,2026-09-16T17:42:53Z
9354107000144,Fitness Outcomes Grass Fed Beef Massaman Curry 330 g,2026-09-16T17:42:53Z,2026-09-16T17:42:53Z
9354107000328,Fitness Outcomes Open chicken burrito,2026-09-16T17:42:53Z,2026-09-16T17:42:53Z
9354107000335,Fitness Outcomes Beef Chilli Con Carne 350 g,2026-09-16T17:42:53Z,2026-09-16T17:42:53Z
9354107000342,Fitness Outcomes Portugese Chicken 1 x 350 g,2026-09-16T17:42:53Z,2026-09-16T17:42:53Z
9354107000359,Fitness Outcomes Beef Bolognese,2026-09-16T17:42:53Z,2026-09-16T17:42:53Z
9354107000366,Fitness Outcomes Chicken and Vegetable Stirfry 1 x 350 g,2026-09-16T17:42:53Z,2026-09-16T17:42:53Z
9354107000373,Fitness Outcomes Sriracha Chicken Basmati Rice And Broccoli 350 g,2026-09-16T17:42:53Z,2026-09-16T17:42:53Z
9354107000403,Fitness Outcomes Meatballs,2026-09-16T17:42:53Z,2026-09-16T17:42:53Z
9354107000519,Fitness outcomes Apricot chicken,2026-09-16T17:42:53Z,2026-09-16T17:42:53Z
9354113000015,Nive Beef Jerky Heated Garlic,2026-09-16T17:42:53Z,2026-09-16T17:42:53Z
9354113000022,Nice Beef Jerky Chilli 30 g,2026-09-16T17:42:53Z,2026-09-16T17:42:53Z
9354116000005,Sparkling Apple Cider Vinegar Drink,2026-09-16T17:42:53Z,2026-09-16T17:42:53Z
9354121000014,Kinross Farms Free Range Eggs,2026-09-16T17:42:53Z,2026-09-16T17:42:53Z
9354132000102,Starbucks Eggs Benedict Panini,2026-09-16T17:42:53Z,2026-09-16T17:42:53Z
9354132000140,STARBUCKS WRAP CHICKEN & AVOCADO,2026-09-16T17:42:53Z,2026-09-16T17:42:53Z
9354132000287,Starbucks Chicken Caesar Wrap,2026-09-16T17:42:53Z,2026-09-16T17:42:53Z
9354132000355,Starbucks Chicken & avocado wrap,2026-09-16T17:42:53Z,2026-09-16T17:42:53Z
9354132000577,Starbucks Chicken Parmigiana Toastie,2026-09-16T17:42:53Z,2026-09-16T17:42:53Z
9354132001079,Starbucks Chicken Caesar Salad,2026-09-16T17:42:53Z,2026-09-16T17:42:53Z
9354132001390,"STARBUCKS SAUSAGE, EGG & CHEESE MUFFIN",2026-09-16T17:42:53Z,2026-09-16T17:42:53Z
9354132001499,Starbucks Ham Cheese & Salad Sandwich,2026-09-16T17:42:53Z,2026-09-16T17:42:53Z
9354132001505,Starbucks Egg Lettuce Sandwich,2026-09-16T17:42:53Z,2026-09-16T17:42:53Z
9354132001512,Starbucks Roast Chicken & Herbed Mayo on Country Grain,2026-09-16T17:42:53Z,2026-09-16T17:42:53Z
9354136099089,Spring Grove Short Cut Bacon,2026-09-16T17:42:53Z,2026-09-16T17:42:53Z
9354147000005,Salted natural peanut butter,2026-09-16T17:42:53Z,2026-09-16T17:42:53Z
9354147000067,99th monkey ALMOND BUTTER,2026-09-16T17:42:53Z,2026-09-16T17:42:53Z
9354147000098,Beurre de pistache et amandes,2026-09-16T17:42:53Z,2026-09-16T17:42:53Z
9354147000128,99th Monkey Salted Cashew Butter,2026-09-16T17:42:53Z,2026-09-16T17:42:53Z
9354147000197,Almond butter cacao butter,2026-09-16T17:42:53Z,2026-09-16T17:42:53Z
9354147000296,99th monkey ALMOND BUTTER Unsalted & CRUNCHY,2026-09-16T17:42:53Z,2026-09-16T17:42:53Z
9354147000333,Salted Natural Peanut Butter Peanut Butter,2026-09-16T17:42:53Z,2026-09-16T17:42:53Z
9354147000340,99th Monkey Almond Butter,2026-09-16T17:42:53Z,2026-09-16T17:42:53Z
9354147000425,99th Monkey Plant Based Chocolate Smoothie,2026-09-16T17:42:53Z,2026-09-16T17:42:53Z
9354147000432,99th monkey PLANT-BASED 20g PROTEIN COFFEE,2026-09-16T17:42:53Z,2026-09-16T17:42:53Z
9354150000818,Amazing Oils Magnesium Nightly Wellness Drink,2026-09-16T17:42:53Z,2026-09-16T17:42:53Z
9354157000019,Cold Pressed Canola Oil,2026-09-16T17:42:53Z,2026-09-16T17:42:53Z
9354160001812,Replenish Protein,2026-09-16T17:42:53Z,2026-09-16T17:42:53Z
9354160001829,Kissed earth,2026-09-16T17:42:53Z,2026-09-16T17:42:53Z
9354160001836,Cleanse,2026-09-16T17:42:53Z,2026-09-16T17:42:53Z
9354160001843,Kissed Earth BRILLIANCE a nourishing collagen booster,2026-09-16T17:42:53Z,2026-09-16T17:42:53Z
9354160001928,KISSED EARTH REPLENISH a nutrient-rich vegan protein,2026-09-16T17:42:53Z,2026-09-16T17:42:53Z
9354160002260,Collagen protein bar: Choc Coconut,2026-09-16T17:42:53Z,2026-09-16T17:42:53Z
9354160002277,Kissed Earth Collagen Protein Bar,2026-09-16T17:42:53Z,2026-09-16T17:42:53Z
9354160002307,Collagen protein bar,2026-09-16T17:42:53Z,2026-09-16T17:42:53Z
9354160002444,Brain Elixer,2026-09-16T17:42:53Z,2026-09-16T17:42:53Z
9354160002529,Naked harvest grape pre workout,2026-09-16T17:42:53Z,2026-09-16T17:42:53Z
9354160002550,Natural pre-workout,2026-09-16T17:42:53Z,2026-09-16T17:42:53Z
9354160002611,Pine coconut collagen,2026-09-16T17:42:53Z,2026-09-16T17:42:53Z
9354160002628,Pure collagen,2026-09-16T17:42:53Z,2026-09-16T17:42:53Z
9354160002635,Chocolate Moon Mylk,2026-09-16T17:42:53Z,2026-09-16T17:42:53Z
9354160002802,Collagen Protein H2-Glow Lemon Lime Spritz,2026-09-16T17:42:53Z,2026-09-16T17:42:53Z
9354160002826,Greens Powder,2026-09-16T17:42:53Z,2026-09-16T17:42:53Z
9354160002864,BCCA + Hydration - Mango & Pineapple,2026-09-16T17:42:53Z,2026-09-16T17:42:53Z
9354160002888,Naked harvest Bras and hydration,2026-09-16T17:42:53Z,2026-09-16T17:42:53Z
9354160002895,Chocolate Moon Mylk,2026-09-16T17:42:53Z,2026-09-16T17:42:53Z
9354160003335,Rocky road moon mylk,2026-09-16T17:42:53Z,2026-09-16T17:42:53Z
9354175000039,Amino performance drink- mixed berry,2026-09-16T17:42:53Z,2026-09-16T17:42:53Z
9354175000046,Tonik Chocolate Flavoured Shake,2026-09-16T17:42:53Z,2026-09-16T17:42:53Z
9354175000053,Tonik High Protein Shake,2026-09-16T17:42:53Z,2026-09-16T17:42:53Z
9354175000060,Tonik Pro Coffee Flavoured Premium Protein Shake,2026-09-16T17:42:53Z,2026-09-16T17:42:53Z
9354175000077,Banana Tonik Premium Protein Shake,2026-09-16T17:42:53Z,2026-09-16T17:42:53Z
9354175000084,Tônik Strawberry Protein Shake,2026-09-16T17:42:53Z,2026-09-16T17:42:53Z
9354175000091,Tonik Pro Premium protein shake,2026-09-16T17:42:53Z,2026-09-16T17:42:53Z
9354175000114,Plant based protein shake,2026-09-16T17:42:53Z,2026-09-16T17:42:53Z
9354175000121,Plant Protein Vegan Salted Caramel,2026-09-16T17:42:53Z,2026-09-16T17:42:53Z
9354175000138,Plant based protein shake,2026-09-16T17:42:53Z,2026-09-16T17:42:53Z
9354175000718,Tonik High Protein Salted Caramel Layered Bar,2026-09-16T17:42:53Z,2026-09-16T17:42:53Z
9354175000725,Tonik Nutrition High Protein Cookies & Cream Layered Bar,2026-09-16T17:42:53Z,2026-09-16T17:42:53Z
9354175000749,Tsalted Caramel Layered Bar,2026-09-16T17:42:53Z,2026-09-16T17:42:53Z
9354175000817,Tonik plant protein,2026-09-16T17:42:53Z,2026-09-16T17:42:53Z
9354175000824,Vegan peanut caramel protein bar,2026-09-16T17:42:53Z,2026-09-16T17:42:53Z
9354186000042,Mornington Peninsula free range eggs,2026-09-16T17:42:53Z,2026-09-16T17:42:53Z
9354186000080,Mornington peninsula Mornintong Peninsula free range eggs,2026-09-16T17:42:53Z,2026-09-16T17:42:53Z
9354186000103,Free Ranged Eggs,2026-09-16T17:42:53Z,2026-09-16T17:42:53Z
9354186000127,Aginbrooks Large Eggs,2026-09-16T17:42:53Z,2026-09-16T17:42:53Z
9354186000134,Free Range Eggs,2026-09-16T17:42:53Z,2026-09-16T17:42:53Z
9354186000141,Aginbrooks Jumbo Free Range Eggs 12 pcs,2026-09-16T17:42:53Z,2026-09-16T17:42:53Z
9354186000189,Pearcedale Eggs Premiym Barn Laid Eggs,2026-09-16T17:42:53Z,2026-09-16T17:42:53Z
9354186000219,Mornington Peninsula Free Range Eggs - Mornington Peninsula,2026-09-16T17:42:53Z,2026-09-16T17:42:53Z
9354186000226,Mornington Peninsula Cage Free Eggs 12 pcs,2026-09-16T17:42:53Z,2026-09-16T17:42:53Z
9354186000233,Mornington Cage Free Eggs,2026-09-16T17:42:53Z,2026-09-16T17:42:53Z
9354186090005,Pearcedale Eggs Eggs,2026-09-16T17:42:53Z,2026-09-16T17:42:53Z
9354186090043,Mornington Peninsula Eggs Barn Laid Eggs,2026-09-16T17:42:53Z,2026-09-16T17:42:53Z
9354187000089,noodles marshmallow,2026-09-16T17:42:53Z,2026-09-16T17:42:53Z
9354187000096,air puffed,2026-09-16T17:42:53Z,2026-09-16T17:42:53Z
9354187000171,So Soft Marshmallow Co. Vanilla Flavoured Confectionery,2026-09-16T17:42:53Z,2026-09-16T17:42:53Z
9354187000188,Soft Jumbo Marshmallows,2026-09-16T17:42:53Z,2026-09-16T17:42:53Z
9354187000225,The So Soft Marshmallow Co. Jumbo roasters,2026-09-16T17:42:53Z,2026-09-16T17:42:53Z
9354187000256,Mega Marshmellows,2026-09-16T17:42:53Z,2026-09-16T17:42:53Z
9354187000270,Sugar free marshmallows,2026-09-16T17:42:53Z,2026-09-16T17:42:53Z
9354187000294,Mallo Moments Marshmallows,2026-09-16T17:42:53Z,2026-09-16T17:42:53Z
9354197043571,Tde. Vegan iPhone 15 Pro Max Case Soft Desert,2026-09-16T17:42:53Z,2026-09-16T17:42:53Z
9354197043601,Tde. Vegan iPhone 15 Pro Max Case Sorbet,2026-09-16T17:42:53Z,2026-09-16T17:42:53Z
9354202000483,sumo well malaysian chicken satay,2026-09-16T17:42:53Z,2026-09-16T17:42:53Z
9354216000387,Hemp Foods Australia Australian Hemp Seeds 800g,2026-09-16T17:42:53Z,2026-09-16T17:42:53Z
9354216000424,Organic Hemp Gold Protein,2026-09-16T17:42:53Z,2026-09-16T17:42:53Z
9354216000509,Essential Hemp Organic Hemp Protein 420g,2026-09-16T17:42:53Z,2026-09-16T17:42:53Z
9354216000530,Hemp Foods Australia Australian Hemp Seeds,2026-09-16T17:42:53Z,2026-09-16T17:42:53Z
9354216000561,Organic hemp protine shake,2026-09-16T17:42:53Z,2026-09-16T17:42:53Z
9354216000820,Hemp Foods Australia Antioxidant seed mix,2026-09-16T17:42:53Z,2026-09-16T17:42:53Z
9354216000844,Protien seed mix,2026-09-16T17:42:53Z,2026-09-16T17:42:53Z
9354216000868,Guy health seed mix,2026-09-16T17:42:53Z,2026-09-16T17:42:53Z
9354216000882,Hemp Foods Australia Omega seed mix,2026-09-16T17:42:53Z,2026-09-16T17:42:53Z
9354216001322,Hemp Foods Australia Drinking Chocolate,2026-09-16T17:42:53Z,2026-09-16T17:42:53Z
9354216001353,Hemp Foods Australia Vegetable Broth,2026-09-16T17:42:53Z,2026-09-16T17:42:53Z
9354216001476,Hemp Foods AUSTRALIA Keto Seed Mix,2026-09-16T17:42:53Z,2026-09-16T17:42:53Z
9354216001483,Hemp Foods Australia Energy Seed Mix,2026-09-16T17:42:53Z,2026-09-16T17:42:53Z
9354216001513,Hemp Foods Australia Hemp Gold Protein,2026-09-16T17:42:53Z,2026-09-16T17:42:53Z
9354227000048,FORMULITE Banana flavour SHAKE FORMULA,2026-09-16T17:42:53Z,2026-09-16T17:42:53Z
9354227000055,FORMULITE Choc Hazelnut flavour SHAKE FORMULA,2026-09-16T17:42:53Z,2026-09-16T17:42:53Z
9354227000062,Formulite Creamy vanilla,2026-09-16T17:42:53Z,2026-09-16T17:42:53Z
9354227000079,Formulite Meal Replacement Shake,2026-09-16T17:42:53Z,2026-09-16T17:42:53Z
9354227000147,Formulite Lupin Soup Chicken Flavour,2026-09-16T17:42:53Z,2026-09-16T17:42:53Z
9354227000239,Formulite Choc Hazelnut flavour shake formula,2026-09-16T17:42:53Z,2026-09-16T17:42:53Z
9354227000253,Formulate Honeycomb,2026-09-16T17:42:53Z,2026-09-16T17:42:53Z
9354227000277,Meal Replacement Bar,2026-09-16T17:42:53Z,2026-09-16T17:42:53Z
9354227000284,Meal replacement bar lemon,2026-09-16T17:42:53Z,2026-09-16T17:42:53Z
9354227000949,Formulite Formulated Supplementary Sports Food,2026-09-16T17:42:53Z,2026-09-16T17:42:53Z
9354227001328,Formulate Choc high protein bars,2026-09-16T17:42:53Z,2026-09-16T17:42:53Z
9354227001335,Formulite Lemon coconut protein bars,2026-09-16T17:42:53Z,2026-09-16T17:42:53Z
9354237000007,proActive,2026-09-16T17:42:53Z,2026-09-16T17:42:53Z
9354237000021,FLORA PROACTIV ORIGINAL 250G,2026-09-16T17:42:53Z,2026-09-17T13:43:43Z
9354237000038,FLORA PROACTIV ORIGINAL 500G,2026-09-16T17:42:53Z,2026-09-17T13:43:43Z
9354237000045,Flora ProActiv Original 750g,2026-09-16T17:42:53Z,2026-09-16T17:42:53Z
9354237000052,FLORA PROACTIV BUTTERY 250G,2026-09-16T17:42:53Z,2026-09-17T13:43:43Z
9354237000069,FLORA PROACTIV BUTTERY 500G,2026-09-16T17:42:53Z,2026-09-17T13:43:43Z
9354237000076,Flora ProActiv 750 g,2026-09-16T17:42:53Z,2026-09-16T17:42:53Z
9354237000083,Flora ProActiv Light 500g,2026-09-16T17:42:53Z,2026-09-16T17:42:53Z
9354237000090,Flora ProActiv Light 750 g,2026-09-16T17:42:53Z,2026-09-16T17:42:53Z
9354237000113,flora 250g,2026-09-16T17:42:53Z,2026-09-16T17:42:53Z
9354237000137,Flora Buttery 500 g,2026-09-16T17:42:53Z,2026-09-16T17:42:53Z
9354237000151,Original Vegan Spread,2026-09-16T17:42:53Z,2026-09-16T17:42:53Z
9354237000168,Flora Plant Buttery,2026-09-16T17:42:53Z,2026-09-16T17:42:53Z
9354237000199,Bertolli Butter 400 g,2026-09-16T17:42:53Z,2026-09-16T17:42:53Z
9354237000212,Bertolli Margarine à huile d'olive,2026-09-16T17:42:53Z,2026-09-16T17:42:53Z
9354237000250,Flora ProActiv Original,2026-09-16T17:42:53Z,2026-09-16T17:42:53Z
9354237000304,FLORA SPRD ORIG 250GM,2026-09-16T17:42:53Z,2026-09-16T17:42:53Z
9354237000311,Flora Original Spread 500 g,2026-09-16T17:42:53Z,2026-09-16T17:42:53Z
9354237000342,FLORA BUTTERY SPREAD,2026-09-16T17:42:53Z,2026-09-16T17:42:53Z
9354237000359,Flora Margarine,2026-09-16T17:42:53Z,2026-09-16T17:42:53Z
9354237000366,Flora Margarine,2026-09-16T17:42:53Z,2026-09-16T17:42:53Z
9354237000373,Flora light 500 g,2026-09-16T17:42:53Z,2026-09-16T17:42:53Z
9354237000380,flora with butter,2026-09-16T17:42:53Z,2026-09-16T17:42:53Z
9354237000397,Flora Original 1kg,2026-09-16T17:42:53Z,2026-09-16T17:42:53Z
9354237000403,Flora Margarine,2026-09-16T17:42:53Z,2026-09-16T17:42:53Z
9354237000410,Flora Original Spread,2026-09-16T17:42:53Z,2026-09-16T17:42:53Z
9354237000427,flora,2026-09-16T17:42:53Z,2026-09-16T17:42:53Z
9354237000595,Flora Proactiv,2026-09-16T17:42:53Z,2026-09-16T17:42:53Z
9354237000601,Flora Butter,2026-09-16T17:42:53Z,2026-09-16T17:42:53Z
9354237000618,Flora butter 375 g,2026-09-16T17:42:53Z,2026-09-16T17:42:53Z
9354237000625,Bertolli with butter,2026-09-16T17:42:53Z,2026-09-16T17:42:53Z
9354237000632,Bertolli with Butter Extra Soft,2026-09-16T17:42:53Z,2026-09-16T17:42:53Z
9354237000687,Flora with butter spreabable,2026-09-16T17:42:53Z,2026-09-16T17:42:53Z
9354237000694,Bertolli with Butter,2026-09-16T17:42:53Z,2026-09-16T17:42:53Z
9354237000717,Flora THICKENED PLANT CREAM 500ml,2026-09-16T17:42:53Z,2026-09-16T17:42:53Z
9354237000724,Rama Spread 1Kg,2026-09-16T17:42:53Z,2026-09-16T17:42:53Z
9354237000786,Flora Proactiv Olive Oil Free Dairy Spread,2026-09-16T17:42:53Z,2026-09-16T17:42:53Z
9354237000847,Flora Salted Butter 250g,2026-09-16T17:42:53Z,2026-09-16T17:42:53Z
9354237000946,Rama Reduce Cholesterol Spread,2026-09-16T17:42:53Z,2026-09-16T17:42:53Z
9354246000128,Lipid Pro Nutritional Milk Powder,2026-09-16T17:42:53Z,2026-09-16T17:42:53Z
9354250000268,Hemp Co Foods Margaret River WA 100% Australian Hemp Protein,2026-09-16T17:42:53Z,2026-09-16T17:42:53Z
9354258000062,Venus Citrus Mandarin,2026-09-16T17:42:53Z,2026-09-16T17:42:53Z
9354264000001,Healthyroo Coconut Caramel Protein,2026-09-16T17:42:53Z,2026-09-16T17:42:53Z
9354264000193,Healthyroo Complete Protein,2026-09-16T17:42:53Z,2026-09-16T17:42:53Z
9354268000014,My Brain CO Gut Repair 310 g,2026-09-16T17:42:53Z,2026-09-16T17:42:53Z
9354268000076,My Brain Co Performance Plant Protein,2026-09-16T17:42:53Z,2026-09-16T17:42:53Z
9354268000083,My Brain Co Daily Superfood Nootropic Greens,2026-09-16T17:42:53Z,2026-09-16T17:42:53Z
9354268000090,myBrainCo. Plant Protein - Chocolate,2026-09-16T17:42:53Z,2026-09-16T17:42:53Z
9354268000106,MyBrainCo Micronised Creatine Monohydrate,2026-09-16T17:42:53Z,2026-09-16T17:42:53Z
9354268000113,mybrainco N-Acetyl-Cysteine,2026-09-16T17:42:53Z,2026-09-16T17:42:53Z
9354268000137,myBrainCo. Himalayan Shilajit Mineral Complex,2026-09-16T17:42:53Z,2026-09-16T17:42:53Z
9354268000144,MyBrainCo Daily Superfood Nootropic Greens Natural Tropical Flavour,2026-09-16T17:42:53Z,2026-09-16T17:42:53Z
9354268000151,myBrainCo Plant Protein Vanilla Flavor,2026-09-16T17:42:53Z,2026-09-16T17:42:53Z
9354268000168,MyBrainCo Performance Plant Protein Natural Chocolate Flavour,2026-09-16T17:42:53Z,2026-09-16T17:42:53Z
9354268000175,myBrainCo Organic Lion’s Mane Powder,2026-09-16T17:42:53Z,2026-09-16T17:42:53Z
9354268000236,myBrainCo. Creatine Monohydrate,2026-09-16T17:42:53Z,2026-09-16T17:42:53Z
9354275000021,Van Diemens Land Creamery Single Malt Whisky Ice Cream,2026-09-16T17:42:53Z,2026-09-16T17:42:53Z
9354278000288,Goat cheese,2026-09-16T17:42:53Z,2026-09-16T17:42:53Z
9354278000325,Goat cheese,2026-09-16T17:42:53Z,2026-09-16T17:42:53Z
9354278000509,Full Cream Jersey Milk,2026-09-16T17:42:53Z,2026-09-16T17:42:53Z
9354278000554,Jersey Pure Cream,2026-09-16T17:42:53Z,2026-09-16T17:42:53Z
9354278000622,Goat milk,2026-09-16T17:42:53Z,2026-09-16T17:42:53Z
9354278001308,Jersey Natural Thick & Creamy Yoghurt,2026-09-16T17:42:53Z,2026-09-16T17:42:53Z
9354279000096,Meatsmith Chicken Thighs,2026-09-16T17:42:53Z,2026-09-16T17:42:53Z
9354279000119,Smoked turkey,2026-09-16T17:42:53Z,2026-09-16T17:42:53Z
9354282009048,EVA Vanquish Pre-Workout,2026-09-16T17:42:53Z,2026-09-16T17:42:53Z
9354328017396,Food on Young (FOY) Foodhall Nutritional Yeast Flakes,2026-09-16T17:42:53Z,2026-09-16T17:42:53Z
9354328018430,Oregano flakes,2026-09-16T17:42:53Z,2026-09-16T17:42:53Z
9354328018522,Health Food Thyme Organic Peanut Butter,2026-09-16T17:42:53Z,2026-09-16T17:42:53Z
9354328020105,100PC all natural Tahini,2026-09-16T17:42:53Z,2026-09-16T17:42:53Z
9354328099873,Food on Young Food Hall Organic Black Chia Seeds,2026-09-16T17:42:53Z,2026-09-16T17:42:53Z
9354328104553,Farmer’s Pick Smooth Peanut Butter,2026-09-16T17:42:53Z,2026-09-16T17:42:53Z
9354350000083,Yo-Chi Frozen yoghurt,2026-09-16T17:42:53Z,2026-09-16T17:42:53Z
9354350000090,Vanilla Frozen yogurt,2026-09-16T17:42:53Z,2026-09-16T17:42:53Z
9354350000106,Yo-chi YO- CHI GREEK YOGHURT,2026-09-16T17:42:53Z,2026-09-16T17:42:53Z
9354350000137,Yo-Chi Frozen Yogurt Chocolate,2026-09-16T17:42:53Z,2026-09-16T17:42:53Z
9354350014998,"Yo Chi Frozen Yoghurt, Mango",2026-09-16T17:42:53Z,2026-09-16T17:42:53Z
9354351000044,Kimchi Club Wild Fermented Beet Kimchi,2026-09-16T17:42:53Z,2026-09-16T17:42:53Z
9354351000099,Kimchi Club Fermented Ginger,2026-09-16T17:42:53Z,2026-09-16T17:42:53Z
9354351000112,Kimchi Club Wild Fermented Horseradish,2026-09-16T17:42:53Z,2026-09-16T17:42:53Z
9354351000174,Kimchi Club Napa Cabbage Kimchi,2026-09-16T17:42:53Z,2026-09-16T17:42:53Z
9354351000181,Kimchi Club Napa Cabbage Kimchi 340 g,2026-09-16T17:42:53Z,2026-09-16T17:42:53Z
9354369000012,Pink Limeade Probiotic Tonic,2026-09-16T17:42:53Z,2026-09-16T17:42:53Z
9354369000067,The cali,2026-09-16T17:42:53Z,2026-09-16T17:42:53Z
9354396000009,Carob milk bar,2026-09-16T17:42:53Z,2026-09-16T17:42:53Z
9354396000016,The Carob Kitchen Carob Almond Bar 100g,2026-09-16T17:42:53Z,2026-09-16T17:42:53Z
9354396000023,the Carob KITCHEN AUSTRALIA CAROB MINT BAR,2026-09-16T17:42:53Z,2026-09-16T17:42:53Z
9354396000047,The carob kitchen Australia Carob coconut bar,2026-09-16T17:42:53Z,2026-09-16T17:42:53Z
9354396000054,banjo,2026-09-16T17:42:53Z,2026-09-16T17:42:53Z
9354396000061,Banjo The coconut carob bear,2026-09-16T17:42:53Z,2026-09-16T17:42:53Z
9354396000078,Vegan Carob Bar,2026-09-16T17:42:53Z,2026-09-16T17:42:53Z
9354396000085,vegan carob coconut bar,2026-09-16T17:42:53Z,2026-09-16T17:42:53Z
9354410000299,GUMMIES,2026-09-16T17:42:53Z,2026-09-16T17:42:53Z
9354410000466,multivitamin,2026-09-16T17:42:53Z,2026-09-16T17:42:53Z
9354411000151,Sour puss,2026-09-16T17:42:53Z,2026-09-16T17:42:53Z
9354411001103,Grog Grape Vodka,2026-09-16T17:42:53Z,2026-09-16T17:42:53Z
9354411001516,Grog - Nashi Pear,2026-09-16T17:42:53Z,2026-09-16T17:42:53Z
9354411002100,Gee Up Peach Flavoured Alcoholic Beverage,2026-09-16T17:42:53Z,2026-09-16T17:42:53Z
9354414249274,"Peppermint,strawberry & bubblegum mini candy canes",2026-09-16T17:42:53Z,2026-09-16T17:42:53Z
9354424003477,Ocean Reach Choc Milk Porter,2026-09-16T17:42:53Z,2026-09-16T17:42:53Z
9354444000005,true protein bar chocolate,2026-09-16T17:42:53Z,2026-09-16T17:42:53Z
9354444000012,True Protein WPI 90 Banana And Honey,2026-09-16T17:42:53Z,2026-09-16T17:42:53Z
9354444000036,True Protein Bar,2026-09-16T17:42:53Z,2026-09-16T17:42:53Z
9354444000043,True protein bar salted caramel,2026-09-16T17:42:53Z,2026-09-16T17:42:53Z
9354444000050,true Whey Protein Isolate,2026-09-16T17:42:53Z,2026-09-16T17:42:53Z
9354444000067,True protein Wpi90 whey protein isolate natural,2026-09-16T17:42:53Z,2026-09-16T17:42:53Z
9354444000081,true Whey Protein Isolate,2026-09-16T17:42:53Z,2026-09-16T17:42:53Z
9354444000104,true CREATINE MONO,2026-09-16T17:42:53Z,2026-09-16T17:42:53Z
9354444000111,true Carnitine,2026-09-16T17:42:53Z,2026-09-16T17:42:53Z
9354444000135,True WPC 80,2026-09-16T17:42:53Z,2026-09-16T17:42:53Z
9354444000142,true Whey Protein Concentrate,2026-09-16T17:42:53Z,2026-09-16T17:42:53Z
9354444000166,True Protein Whey Protein Concentrate 80 (Rich Chocolate Flavour),2026-09-16T17:42:53Z,2026-09-16T17:42:53Z
9354444000180,True Protein Night 85 - Casein,2026-09-16T17:42:53Z,2026-09-16T17:42:53Z
9354444000203,True WPI 90 French Vanilla,2026-09-16T17:42:53Z,2026-09-16T17:42:53Z
9354444000210,True Protein WPI 90,2026-09-16T17:42:53Z,2026-09-16T17:42:53Z
9354444000227,true WPI 90 Whey Protein Isolate,2026-09-16T17:42:53Z,2026-09-16T17:42:53Z
9354444000234,true WPI 90 Whey Protein Isolate,2026-09-16T17:42:53Z,2026-09-16T17:42:53Z
9354444000241,True Raw Coconut WPI 90 Whey Protein Isolate,2026-09-16T17:42:53Z,2026-09-16T17:42:53Z
9354444000258,true WPI 90 whey protein powder choc peanut butter,2026-09-16T17:42:53Z,2026-09-16T17:42:53Z
9354444000265,True Protein Wpi 90 Whey Protein Isolate Mint Chocolate,2026-09-16T17:42:53Z,2026-09-16T17:42:53Z
9354444000319,True WPI 90 Salted Caramel,2026-09-16T17:42:53Z,2026-09-16T17:42:53Z
9354444000326,True Protein WPI 90 Banana & Honey,2026-09-16T17:42:53Z,2026-09-16T17:42:53Z
9354444000333,True Protein WPI 90 Whey Protein Isolate,2026-09-16T17:42:53Z,2026-09-16T17:42:53Z
9354444000340,true Whey Protein Isolate,2026-09-16T17:42:53Z,2026-09-16T17:42:53Z
9354444000357,True WPI90 Choc Peanut Butter Whey protein isolate,2026-09-16T17:42:53Z,2026-09-16T17:42:53Z
9354444000364,true Wpi 90 Whey Protein Isolate,2026-09-16T17:42:53Z,2026-09-16T17:42:53Z
9354444000388,True protein WPI 90 Coffee Mocha,2026-09-16T17:42:53Z,2026-09-16T17:42:53Z
9354444000425,Mug cake,2026-09-16T17:42:53Z,2026-09-16T17:42:53Z
9354444000449,true Wpi 90 Whey Protein Isolate,2026-09-16T17:42:53Z,2026-09-16T17:42:53Z
9354444000456,true WPC 80 Whey Protein Concentrate,2026-09-16T17:42:53Z,2026-09-16T17:42:53Z
9354444000463,banana and honey true wpc80,2026-09-16T17:42:53Z,2026-09-16T17:42:53Z
9354444000470,True Strawberries and Cream WPC,2026-09-16T17:42:53Z,2026-09-16T17:42:53Z
9354444000487,True Whey Protein Concentrate Powder 80 - Banana & Honey,2026-09-16T17:42:53Z,2026-09-16T17:42:53Z
9354444000500,True WPC 80 Choc Peanut,2026-09-16T17:42:53Z,2026-09-16T17:42:53Z
9354444000548,True WPC 80 Whey Protein Concentrate (French Vanilla Flavour),2026-09-16T17:42:53Z,2026-09-16T17:42:53Z
9354444000630,True protein WPI 90 Cookies & Cream,2026-09-16T17:42:53Z,2026-09-16T17:42:53Z
9354444000647,True Protein Wow 80 Salted Caramel,2026-09-16T17:42:53Z,2026-09-16T17:42:53Z
9354444000739,True Collagen Hydrolysed Protein,2026-09-16T17:42:53Z,2026-09-16T17:42:53Z
9354444000746,True Pancakes,2026-09-16T17:42:53Z,2026-09-16T17:42:53Z
9354444000753,Pro define weight loss blen True protein,2026-09-16T17:42:53Z,2026-09-16T17:42:53Z
9354444000760,Weight loss blend,2026-09-16T17:42:53Z,2026-09-16T17:42:53Z
9354444000777,True Pro define,2026-09-16T17:42:53Z,2026-09-16T17:42:53Z
9354444000784,true PRO DEFINE WEIGHT LOSS BLEND French Vanilla,2026-09-16T17:42:53Z,2026-09-16T17:42:53Z
9354444000814,True Pro Define,2026-09-16T17:42:53Z,2026-09-16T17:42:53Z
9354444000845,BCAA 4:1:1,2026-09-16T17:42:53Z,2026-09-16T17:42:53Z
9354444000890,true protein bar,2026-09-16T17:42:53Z,2026-09-16T17:42:53Z
9354444000913,Protein Bar toasted coconut,2026-09-16T17:42:53Z,2026-09-16T17:42:53Z
9354444000920,True Protein Toasted Coconut Bar,2026-09-16T17:42:53Z,2026-09-16T17:42:53Z
9354444000968,Vegan 85,2026-09-16T17:42:53Z,2026-09-16T17:42:53Z
9354444000975,Salted Caramel Vegan Protein,2026-09-16T17:42:53Z,2026-09-16T17:42:53Z
9354444000982,Vegan 85 Protein Blend,2026-09-16T17:42:53Z,2026-09-16T17:42:53Z
9354444001071,raw snack bar,2026-09-16T17:42:53Z,2026-09-16T17:42:53Z
9354444001095,Raw Snack Bar,2026-09-16T17:42:53Z,2026-09-16T17:42:53Z
9354444001101,true Hot Chocolate,2026-09-16T17:42:53Z,2026-09-16T17:42:53Z
9354444001118,True Mousse high protein snack,2026-09-16T17:42:53Z,2026-09-16T17:42:53Z
9354444001200,True Hot Chocolate High Protein Collagen,2026-09-16T17:42:53Z,2026-09-16T17:42:53Z
9354444001309,True Greens Organic Superfood,2026-09-16T17:42:53Z,2026-09-16T17:42:53Z
9354444001316,Greens,2026-09-16T17:42:53Z,2026-09-16T17:42:53Z
9354444001385,True Night 85,2026-09-16T17:42:53Z,2026-09-16T17:42:53Z
9354444001415,True Protein Electrolyte - Lemon Burst,2026-09-16T17:42:53Z,2026-09-16T17:42:53Z
9354444001422,True Protein Zma,2026-09-16T17:42:53Z,2026-09-16T17:42:53Z
9354444001460,True Post Workout Blend,2026-09-16T17:42:53Z,2026-09-16T17:42:53Z
9354444001477,True Protein Post workout blend,2026-09-16T17:42:53Z,2026-09-16T17:42:53Z
9354444001484,True Post Work Out Blend Choc,2026-09-16T17:42:53Z,2026-09-16T17:42:53Z
9354444001491,True ZMA,2026-09-16T17:42:53Z,2026-09-16T17:42:53Z
9354444001507,ZMA zinc/ magnesium blend,2026-09-16T17:42:53Z,2026-09-16T17:42:53Z
9354444002016,True Protein Fuel - Lemon Burst,2026-09-16T17:42:53Z,2026-09-16T17:42:53Z
9354444002023,True WPI 90 Why Protein Isolate,2026-09-16T17:42:53Z,2026-09-16T17:42:53Z
9354444002030,true Whey Protein Isolate 90,2026-09-16T17:42:53Z,2026-09-16T17:42:53Z
9354444002047,true WPI 90 Salted Caramel Flavour,2026-09-16T17:42:53Z,2026-09-16T17:42:53Z
9354444002054,True Wpi 90 whey protein isolate,2026-09-16T17:42:53Z,2026-09-16T17:42:53Z
9354444002061,True Protein powder WPI 90,2026-09-16T17:42:53Z,2026-09-16T17:42:53Z
9354444002085,True WPI 90 Choc Peanut Butter,2026-09-16T17:42:53Z,2026-09-16T17:42:53Z
9354444002092,True Banana & Honey Protein,2026-09-16T17:42:53Z,2026-09-16T17:42:53Z
9354444002146,True All in one meal replacement,2026-09-16T17:42:53Z,2026-09-16T17:42:53Z
9354444002153,Gut Health,2026-09-16T17:42:53Z,2026-09-16T17:42:53Z
9354444002382,true plant protein,2026-09-16T17:42:53Z,2026-09-16T17:42:53Z
9354444002399,True Plant Protein + Probiotics,2026-09-16T17:42:53Z,2026-09-16T17:42:53Z
9354444002405,true plant protein + probiotics,2026-09-16T17:42:53Z,2026-09-16T17:42:53Z
9354444002429,true plant protein + probiotics,2026-09-16T17:42:53Z,2026-09-16T17:42:53Z
9354444002443,True Protein Pancakes,2026-09-16T17:42:53Z,2026-09-16T17:42:53Z
9354444002450,True Collagen,2026-09-16T17:42:53Z,2026-09-16T17:42:53Z
9354444002474,True Collagen + Vitamin C,2026-09-16T17:42:53Z,2026-09-16T17:42:53Z
9354444002498,True Collagen,2026-09-16T17:42:53Z,2026-09-16T17:42:53Z
9354444002528,True Banana Bread Plant Protein,2026-09-16T17:42:53Z,2026-09-16T17:42:53Z
9354444002542,True Protein Plant Protein - Cinnamon Chai,2026-09-16T17:42:53Z,2026-09-16T17:42:53Z
9354444002566,true Whey Protein Isolate,2026-09-16T17:42:53Z,2026-09-16T17:42:53Z
9354444002573,True Protein WPI90 French Vanilla,2026-09-16T17:42:53Z,2026-09-16T17:42:53Z
9354444002580,True High Protein Hot Chocolate,2026-09-16T17:42:53Z,2026-09-16T17:42:53Z
9354444002610,True Protein Pre Workout,2026-09-16T17:42:53Z,2026-09-16T17:42:53Z
9354444002627,true Pre,2026-09-16T17:42:53Z,2026-09-16T17:42:53Z
9354444002658,True Protein Collagen +vit C,2026-09-16T17:42:53Z,2026-09-16T17:42:53Z
9354444002665,True Protein Collagen,2026-09-16T17:42:53Z,2026-09-16T17:42:53Z
9354444002672,True Protein Collagen (+ Vitamin C),2026-09-16T17:42:53Z,2026-09-16T17:42:53Z
9354444002689,True Protein Hot Chocolate,2026-09-16T17:42:53Z,2026-09-16T17:42:53Z
9354444002702,True Pro Define Weight Loss Blend,2026-09-16T17:42:53Z,2026-09-16T17:42:53Z
9354444002719,True Protein WPI Salted Vanilla,2026-09-16T17:42:53Z,2026-09-16T17:42:53Z
9354444002726,True WPI 90 (Apple Crumble),2026-09-16T17:42:53Z,2026-09-16T17:42:53Z
9354444002764,True Greens,2026-09-16T17:42:53Z,2026-09-16T17:42:53Z
9354444002771,True Greens,2026-09-16T17:42:53Z,2026-09-16T17:42:53Z
9354444002788,True Greens Daily Superfood Blend,2026-09-16T17:42:53Z,2026-09-16T17:42:53Z
9354444002917,true protein bar 65g,2026-09-16T17:42:53Z,2026-09-16T17:42:53Z
9354444002931,True Protein Choc Peanut Butter Protein Bar,2026-09-16T17:42:53Z,2026-09-16T17:42:53Z
9354444002993,True Plant Protein Bar (Choc Peanut Butter),2026-09-16T17:42:53Z,2026-09-16T17:42:53Z
9354444003013,True Pre workout,2026-09-16T17:42:53Z,2026-09-16T17:42:53Z
9354444003075,true meal replacement natural blend,2026-09-16T17:42:53Z,2026-09-16T17:42:53Z
9354444003082,true Meal Replacement,2026-09-16T17:42:53Z,2026-09-16T17:42:53Z
9354444003099,True Meal replacement,2026-09-16T17:42:53Z,2026-09-16T17:42:53Z
9354444003365,True Protein Gut Health,2026-09-16T17:42:53Z,2026-09-16T17:42:53Z
9354444003402,True PRE,2026-09-16T17:42:53Z,2026-09-16T17:42:53Z
9354444003419,True Pre,2026-09-16T17:42:53Z,2026-09-16T17:42:53Z
9354444003495,True Protein Protein Shake Rich Chocolate,2026-09-16T17:42:53Z,2026-09-16T17:42:53Z
9354444003501,True Protein Shake Vanilla,2026-09-16T17:42:53Z,2026-09-16T17:42:53Z
9354444003563,true endurance CARBS + ELECTROLYTE BLEND,2026-09-16T17:42:53Z,2026-09-16T17:42:53Z
9354444003648,True Protein WPI 90 Whey Protein Isolate,2026-09-16T17:42:53Z,2026-09-16T17:42:53Z
9354444003655,True Endurance,2026-09-16T17:42:53Z,2026-09-16T17:42:53Z
9354444003679,True Lemon Burst electrolytes,2026-09-16T17:42:53Z,2026-09-16T17:42:53Z
9354444003709,True Electrolyte,2026-09-16T17:42:53Z,2026-09-16T17:42:53Z
9354444003945,True Protein Bar Mango Delight,2026-09-16T17:42:53Z,2026-09-16T17:42:53Z
9354479000162,Pink gin soda,2026-09-16T17:42:53Z,2026-09-16T17:42:53Z
9354479000582,Just Vodka,2026-09-16T17:42:53Z,2026-09-16T17:42:53Z
9354479000766,Vodkasodaand Vodka and Soda,2026-09-16T17:42:53Z,2026-09-16T17:42:53Z
9354479000971,Ginger beer,2026-09-16T17:42:53Z,2026-09-16T17:42:53Z
9354479002418,Pink Gin & Soda,2026-09-16T17:42:53Z,2026-09-16T17:42:53Z
9354479002449,Vodka Soda Pine-Lime,2026-09-16T17:42:53Z,2026-09-16T17:42:53Z
9354479003002,dry rose,2026-09-16T17:42:53Z,2026-09-16T17:42:53Z
9354479003545,Just Voka Tropi-cool,2026-09-16T17:42:53Z,2026-09-16T17:42:53Z
9354491003394,HARRIS FARM MARKETS WHITE CHOCOLATE MOUSSE,2026-09-16T17:42:53Z,2026-09-16T17:42:53Z
9354491003400,Harris Farm Markets White Chocolate Mousse,2026-09-16T17:42:53Z,2026-09-16T17:42:53Z
9354491003417,Harris Farm Choc Chip Cookie,2026-09-16T17:42:53Z,2026-09-16T17:42:53Z
9354491003516,Harris Farm Pistachio Hot Cross Bun,2026-09-16T17:42:53Z,2026-09-16T17:42:53Z
9354491003578,Harris Farm Apple Crumble,2026-09-16T17:42:53Z,2026-09-16T17:42:53Z
9354491003585,Harris Farm Markets Apple Crumble,2026-09-16T17:42:53Z,2026-09-16T17:42:53Z
9354491003769,Caramelised Biscuit Tiramisu Harris Farm,2026-09-16T17:42:53Z,2026-09-16T17:42:53Z
9354491003936,Harris Farm Termite Scroll,2026-09-16T17:42:53Z,2026-09-16T17:42:53Z
9354499000166,Fit Kitchen Mongolian Beef With Sliced Sweet Potato,2026-09-16T17:42:53Z,2026-09-16T17:42:53Z
9354499000180,Fit Kitchen Portuguese Chicken,2026-09-16T17:42:53Z,2026-09-16T17:42:53Z
9354499000197,Fit Kitchen Satay Chicken with Basmati Rice & Vegetables,2026-09-16T17:42:53Z,2026-09-16T17:42:53Z
9354499000234,Tex mex chipotle beef,2026-09-16T17:42:53Z,2026-09-16T17:42:53Z
9354513000158,Thomas cappo Seafood Raw Prawn Meat,2026-09-16T17:42:53Z,2026-09-16T17:42:53Z
9354513030063,Thomas Cappo Seafood Crumbed Whiting Fillets,2026-09-16T17:42:53Z,2026-09-16T17:42:53Z
9354513030100,Thomas Cappo Seafoods Atlantic Salmon,2026-09-16T17:42:53Z,2026-09-16T17:42:53Z
9354513030186,Thomas Cappo Seafoods Basa Fillets,2026-09-16T17:42:53Z,2026-09-16T17:42:53Z
9354513040079,Salt and pepper squid,2026-09-16T17:42:53Z,2026-09-16T17:42:53Z
9354513050245,Thomas Cappo Seafoods Pickled Octopus Natural,2026-09-16T17:42:53Z,2026-09-16T17:42:53Z
9354541000083,Pablo & Rusty's Specialty Coffee Concentrate,2026-09-16T17:42:53Z,2026-09-16T17:42:53Z
9354541000403,P&R Nitro Colombian Coffee,2026-09-16T17:42:53Z,2026-09-16T17:42:53Z
9354541001004,Pablo And Rusty’s Coffee Roasters Espresso Blend Pioneer,2026-09-16T17:42:53Z,2026-09-16T17:42:53Z
9354541010075,Pablo&Rusty's Iced Flat White,2026-09-16T17:42:53Z,2026-09-16T17:42:53Z
9354570000290,The Honey Library Chilli-infused Honey,2026-09-16T17:42:53Z,2026-09-16T17:42:53Z
9354585000087,Smoky bbq jackfruit,2026-09-16T17:42:53Z,2026-09-16T17:42:53Z
9354585000094,Mexican Salsa Jackfruut,2026-09-16T17:42:53Z,2026-09-16T17:42:53Z
9354589001318,Bum cheap,2026-09-16T17:42:53Z,2026-09-16T17:42:53Z
9354596000007,Dry London Spirit,2026-09-16T17:42:53Z,2026-09-16T17:42:53Z
9354596000014,White cane spirituel,2026-09-16T17:42:53Z,2026-09-16T17:42:53Z
9354596000045,Aperitif Rosso,2026-09-16T17:42:53Z,2026-09-16T17:42:53Z
9354596000052,Lyre’s aperifit dru,2026-09-16T17:42:53Z,2026-09-16T17:42:53Z
9354596000069,American Malt,2026-09-16T17:42:53Z,2026-09-16T17:42:53Z
9354596000106,Lyre's Spiced cane spirit 700ml,2026-09-16T17:42:53Z,2026-09-16T17:42:53Z
9354596000113,Dark cane spirit,2026-09-16T17:42:53Z,2026-09-16T17:42:53Z
9354596000120,Lyre's Amaretti,2026-09-16T17:42:53Z,2026-09-16T17:42:53Z
9354596000137,Italian spritz,2026-09-16T17:42:53Z,2026-09-16T17:42:53Z
9354596000151,Lyre's Dry London Spirit,2026-09-16T17:42:53Z,2026-09-16T17:42:53Z
9354596000304,Lyre’s Italian Spritz (Non-Alcoholic),2026-09-16T17:42:53Z,2026-09-16T17:42:53Z
9354596000328,Pétillant,2026-09-16T17:42:53Z,2026-09-16T17:42:53Z
9354596001950,Lyre's amalfi spritz 250 ml,2026-09-16T17:42:53Z,2026-09-16T17:42:53Z
9354596001967,Lyre’s G&T 250 ml,2026-09-16T17:42:53Z,2026-09-16T17:42:53Z
9354596001974,Lyre's Lyre’s,2026-09-16T17:42:53Z,2026-09-16T17:42:53Z
9354596003176,Lyre’s 250 ml,2026-09-16T17:42:53Z,2026-09-16T17:42:53Z
9354596003220,Dark N Spicy,2026-09-16T17:42:53Z,2026-09-16T17:42:53Z
9354596004173,Lyre's Pink London Spirit 70 cl,2026-09-16T17:42:53Z,2026-09-16T17:42:53Z
9354596004180,Agave Blanco non alcoholic spirit,2026-09-16T17:42:53Z,2026-09-16T17:42:53Z
9354596005859,Lyres Non-alcoholic Margarita,2026-09-16T17:42:53Z,2026-09-16T17:42:53Z
9354596006047,Lyre’s Dry london 700mL,2026-09-16T17:42:53Z,2026-09-16T17:42:53Z
9354596006061,Lyres Italian Spitz,2026-09-16T17:42:53Z,2026-09-16T17:42:53Z
9354596006085,Lyre’s Amaretti (NA),2026-09-16T17:42:53Z,2026-09-16T17:42:53Z
9354596006283,Lyre’s Amalfi Spritz,2026-09-16T17:42:53Z,2026-09-16T17:42:53Z
9354596006290,Lyre’s Amalfi Spritz,2026-09-16T17:42:53Z,2026-09-16T17:42:53Z
9354596006580,Lyre's Italian Spritz,2026-09-16T17:42:53Z,2026-09-16T17:42:53Z
9354596006603,Lyre's White Rum Alternative,2026-09-16T17:42:53Z,2026-09-16T17:42:53Z
9354604093540,Drinking chocolate 350 g,2026-09-16T17:42:53Z,2026-09-16T17:42:53Z
9354628000081,Happy hair,2026-09-16T17:42:53Z,2026-09-16T17:42:53Z
9354628000098,HAPPY MAMMOTH HORMONE HARMONY 72 Capsules,2026-09-16T17:42:53Z,2026-09-16T17:42:53Z
9354628000210,Happy Mammoth Hormone Harmony,2026-09-16T17:42:53Z,2026-09-16T17:42:53Z
9354628000234,HAPPY MAMMOTH COMPLETE GUT REPAIR,2026-09-16T17:42:53Z,2026-09-16T17:42:53Z
9354628000326,Happy Mammoth Complete Gut Repair,2026-09-16T17:42:53Z,2026-09-16T17:42:53Z
9354628000333,Happy Mammoth Fatigue Eliminator,2026-09-16T17:42:53Z,2026-09-16T17:42:53Z
9354628000555,Happy mammoth Super green powder,2026-09-16T17:42:53Z,2026-09-16T17:42:53Z
9354628000616,Happy Mammoth NewSlim SuperGreens,2026-09-16T17:42:53Z,2026-09-16T17:42:53Z
9354628000623,Happy Mammoth Fit slim supergreens,2026-09-16T17:42:53Z,2026-09-16T17:42:53Z
9354628000678,Happy Mammoth NewSlim Complete Protein Meal,2026-09-16T17:42:53Z,2026-09-16T17:42:53Z
9354628000685,New slim complete protein - Happy Mammoth,2026-09-16T17:42:53Z,2026-09-16T17:42:53Z
9354628000692,Happy mammoth New slim complete protein meal,2026-09-16T17:42:53Z,2026-09-16T17:42:53Z
9354652000118,上品坊 牛筋丸,2026-09-16T17:42:53Z,2026-09-16T17:42:53Z
9354652000125,Spf Chinese Style Meat Balls With Mushrooms,2026-09-16T17:42:53Z,2026-09-16T17:42:53Z
9354652000132,上品坊 包汁贡丸,2026-09-16T17:42:53Z,2026-09-16T17:42:53Z
9354666711505,Reload,2026-09-16T17:42:53Z,2026-09-16T17:42:53Z
9354666711604,vitamin well antioxidant,2026-09-16T17:42:53Z,2026-09-16T17:42:53Z
9354666713004,Upgrade,2026-09-16T17:42:53Z,2026-09-16T17:42:53Z
9354676000002,Jerx Jerky Mad Draz,2026-09-16T17:42:53Z,2026-09-16T17:42:53Z
9354679000009,Chipotle Mayo,2026-09-16T17:42:53Z,2026-09-16T17:42:53Z
9354679000016,Plant bases sour cream,2026-09-16T17:42:53Z,2026-09-16T17:42:53Z
9354679000191,Dibble Jalapeño Cheese Sauce,2026-09-16T17:42:53Z,2026-09-16T17:42:53Z
9354680020003,Global Bakehouse Value Garlic Bread,2026-09-16T17:42:53Z,2026-09-16T17:42:53Z
9354680021000,Global Bakehouse Garlic Bread,2026-09-16T17:42:53Z,2026-09-16T17:42:53Z
9354680021109,Global Bakehouse Garlic Sourdough Bread,2026-09-16T17:42:53Z,2026-09-16T17:42:53Z
9354680021208,Global Bakehouse Chilli Garlic Bread,2026-09-16T17:42:53Z,2026-09-16T17:42:53Z
9354680023004,Creative Foods Cheese And Garlic Bread,2026-09-16T17:42:53Z,2026-09-16T17:42:53Z
9354693000313,Chocolate Shake,2026-09-16T17:42:53Z,2026-09-16T17:42:53Z
9354693000337,Chocolate meal replacement 7 x 55 g,2026-09-16T17:42:53Z,2026-09-16T17:42:53Z
9354693000580,Strawberry Shake,2026-09-16T17:42:53Z,2026-09-16T17:42:53Z
9354693001044,Eimele Essential Rainbow,2026-09-16T17:42:53Z,2026-09-16T17:42:53Z
9354693001051,Eimele Essential Rainbow,2026-09-16T17:42:53Z,2026-09-16T17:42:53Z
9354693001785,Eimele Pro-tabalism Coffee,2026-09-16T17:42:53Z,2026-09-16T17:42:53Z
9354693001808,Eimele Pro-Tabolism Plus Coffee,2026-09-16T17:42:53Z,2026-09-16T17:42:53Z
9354693001891,Eimele Shine Green,2026-09-16T17:42:53Z,2026-09-16T17:42:53Z
9354720000002,The good fat,2026-09-16T17:42:53Z,2026-09-16T17:42:53Z
9354741006007,Rocky Ridge Stout,2026-09-16T17:42:53Z,2026-09-16T17:42:53Z
9354758000005,Golden West Bakery Cheese And Bacon Roll,2026-09-16T17:42:53Z,2026-09-16T17:42:53Z
9354758000067,Golden West Bakery Hamburger Bun,2026-09-16T17:42:53Z,2026-09-16T17:42:53Z
9354758000098,Golden West Bakery French Stick,2026-09-16T17:42:53Z,2026-09-16T17:42:53Z
9354758000104,Golden West Bakery Hamburger Roll,2026-09-16T17:42:53Z,2026-09-16T17:42:53Z
9354758000142,Golden West Bakery Soft Roll,2026-09-16T17:42:53Z,2026-09-16T17:42:53Z
9354759000011,SmashaStrawb 250 g,2026-09-16T17:42:53Z,2026-09-16T17:42:53Z
9354779099958,Bonds Ladies Comfy Crop Size L Assorted each,2026-09-16T17:42:53Z,2026-09-16T17:42:53Z
9354779099965,Bonds Ladies Comfy Crop Size M Assorted each,2026-09-16T17:42:53Z,2026-09-16T17:42:53Z
9354779099972,Bonds Ladies Comfy Crop Size S Assorted each,2026-09-16T17:42:53Z,2026-09-16T17:42:53Z
9354779099989,Bonds Ladies Comfy Crop Size XL Assorted each,2026-09-16T17:42:53Z,2026-09-16T17:42:53Z
9354779170664,Bonds Singlet Mens Chesty White Size 16 each,2026-09-16T17:42:53Z,2026-09-16T17:42:53Z
9354779170671,Bonds Singlet Mens Chesty White Size 18 each,2026-09-16T17:42:53Z,2026-09-16T17:42:53Z
9354779170688,Bonds Singlet Mens Chesty White Size 20 each,2026-09-16T17:42:53Z,2026-09-16T17:42:53Z
9354779894508,Bonds Mens Very Comfy Crew Socks Size 6-10 Assorted 3 pack,2026-09-16T17:42:53Z,2026-09-16T17:42:53Z
9354780000004,Rodriguez Bros Smoked Spanish Chorizo,2026-09-16T17:42:53Z,2026-09-16T17:42:53Z
9354780000028,Central Highlands Park Leg ham,2026-09-16T17:42:53Z,2026-09-16T17:42:53Z
9354780000073,Prosciutto,2026-09-16T17:42:53Z,2026-09-16T17:42:53Z
9354780000103,Round pancetta,2026-09-16T17:42:53Z,2026-09-16T17:42:53Z
9354780000134,The Provedore Charcuterie 150g,2026-09-16T17:42:53Z,2026-09-16T17:42:53Z
9354780000240,Beef Bresaola,2026-09-16T17:42:53Z,2026-09-16T17:42:53Z
9354780000264,Pancetta crumb,2026-09-16T17:42:53Z,2026-09-16T17:42:53Z
9354780000271,Chorizo Crumb,2026-09-16T17:42:53Z,2026-09-16T17:42:53Z
9354780000295,Mild chorizo salami,2026-09-16T17:42:53Z,2026-09-16T17:42:53Z
9354780000301,The Provedore Garlic and fennel salami 100 g,2026-09-16T17:42:53Z,2026-09-16T17:42:53Z
9354780000318,Prosciutto & cheese roll up,2026-09-16T17:42:53Z,2026-09-16T17:42:53Z
9354780000363,The Provedore Free Range Chorizo,2026-09-16T17:42:53Z,2026-09-16T17:42:53Z
9354780000370,Rodriguez Bros Chorizo with cheese 870 g,2026-09-16T17:42:53Z,2026-09-16T17:42:53Z
9354780000448,The Farmers Delicatessen Free range Italian salami,2026-09-16T17:42:53Z,2026-09-16T17:42:53Z
9354780000547,Grillets,2026-09-16T17:42:53Z,2026-09-16T17:42:53Z
9354780000554,Traditional Spanish style chorizo 400 g,2026-09-16T17:42:53Z,2026-09-16T17:42:53Z
9354780000592,Mild sopressa salami,2026-09-16T17:42:53Z,2026-09-16T17:42:53Z
9354780000646,The Deli Chicken Loaf,2026-09-16T17:42:53Z,2026-09-16T17:42:53Z
9354780000653,THE Deli Oven Roasted Turkey Breast,2026-09-16T17:42:53Z,2026-09-16T17:42:53Z
9354780000684,The Provedore Hot Salami - Tasting Plate,2026-09-16T17:42:53Z,2026-09-16T17:42:53Z
9354780000691,Hot dogs,2026-09-16T17:42:53Z,2026-09-16T17:42:53Z
9354780000714,Harrys famous chunky beef pirs,2026-09-16T17:42:53Z,2026-09-16T17:42:53Z
9354780000752,The Deli Danish Salami,2026-09-16T17:42:53Z,2026-09-16T17:42:53Z
9354780000769,Ham off the Bone 200 g,2026-09-16T17:42:53Z,2026-09-16T17:42:53Z
9354780000783,The Deli Serrano,2026-09-16T17:42:53Z,2026-09-16T17:42:53Z
9354780000820,Primo Taglio Hungarian Salami,2026-09-16T17:42:53Z,2026-09-16T17:42:53Z
9354780000837,The Deli Hot Sopressa Salami,2026-09-16T17:42:53Z,2026-09-16T17:42:53Z
9354780000844,The Deli Mild Sopressa Salami,2026-09-16T17:42:53Z,2026-09-16T17:42:53Z
9354780000851,The Deli Mild Italian Salami 150 g,2026-09-16T17:42:53Z,2026-09-16T17:42:53Z
9354780000943,Mini Wiener Sausages 800 g,2026-09-16T17:42:53Z,2026-09-16T17:42:53Z
9354780000967,The Deli Chorizo Salami,2026-09-16T17:42:53Z,2026-09-16T17:42:53Z
9354780001087,Ham off the bone,2026-09-16T17:42:53Z,2026-09-16T17:42:53Z
9354780001193,The Deli Mild Hungarian Salami,2026-09-16T17:42:53Z,2026-09-16T17:42:53Z
9354780001216,The Deli Mortadella By Coles,2026-09-16T17:42:53Z,2026-09-16T17:42:53Z
9354780001285,The Deli Double smoked Ham,2026-09-16T17:42:53Z,2026-09-16T17:42:53Z
9354780001315,TheDeli Mild Hungarian Salami,2026-09-16T17:42:53Z,2026-09-16T17:42:53Z
9354780001339,The Deli Mild Chorizo Salami 40g,2026-09-16T17:42:53Z,2026-09-16T17:42:53Z
9354780001346,Fennel salami and cheese,2026-09-16T17:42:53Z,2026-09-16T17:42:53Z
9354780001353,Coles Deli Mild Salami & Cheese,2026-09-16T17:42:53Z,2026-09-16T17:42:53Z
9354780001377,The Deli Ham Off The Bond,2026-09-16T17:42:53Z,2026-09-16T17:42:53Z
9354780001384,Seattle style pork sausages,2026-09-16T17:42:53Z,2026-09-16T17:42:53Z
9354780001391,Creative Food Co Beef Brisket Sausages,2026-09-16T17:42:53Z,2026-09-16T17:42:53Z
9354780001407,Creative Food Co. Mexican Style Carne Asada Beef Sauage,2026-09-16T17:42:53Z,2026-09-16T17:42:53Z
9354780001438,creative food co. Traditional Filipino Style Longganisa Sweet Garlic Pork Sausages,2026-09-16T17:42:53Z,2026-09-16T17:42:53Z
9354780001445,Costco Australian Double Smoked Leg Ham,2026-09-16T17:42:53Z,2026-09-16T17:42:53Z
9354780001452,Paparich Malaysian Curry Chicken,2026-09-16T17:42:53Z,2026-09-16T17:42:53Z
9354780001735,Bodega Prosciutto,2026-09-16T17:42:53Z,2026-09-16T17:42:53Z
9354780001742,Bodega Turkey Breast,2026-09-16T17:42:53Z,2026-09-16T17:42:53Z
9354780001803,Casalingo Mild Sopressa,2026-09-16T17:42:53Z,2026-09-16T17:42:53Z
9354780001933,Gundagai Lamb Prosciutto,2026-09-16T17:42:53Z,2026-09-16T17:42:53Z
9354780001940,Tailgate Pork Dinner Sausage,2026-09-16T17:42:53Z,2026-09-16T17:42:53Z
9354780002138,The Procedure Italian Style Ham,2026-09-16T17:42:53Z,2026-09-16T17:42:53Z
9354780002282,Vita Sapida Prosciutto Cotto,2026-09-16T17:42:53Z,2026-09-16T17:42:53Z
9354780002404,Provedore Prosciutto Crumb,2026-09-16T17:42:53Z,2026-09-16T17:42:53Z
9354780002459,Nibblies Gourmet Bites Lamb And Feta Crumbed Meatballs,2026-09-16T17:42:53Z,2026-09-16T17:42:53Z
9354780002510,The Deli Chicken Breast,2026-09-16T17:42:53Z,2026-09-16T17:42:53Z
9354780002534,aldi mortadella,2026-09-16T17:42:53Z,2026-09-16T17:42:53Z
9354780002565,The Deli Prosciutto,2026-09-16T17:42:53Z,2026-09-16T17:42:53Z
9354780002602,The Deli Premium Salami Selection,2026-09-16T17:42:53Z,2026-09-16T17:42:53Z
9354780002619,The Deli Shaved Virginia Ham,2026-09-16T17:42:53Z,2026-09-16T17:42:53Z
9354780002763,Creative Food Co Pork Tocino,2026-09-16T17:42:53Z,2026-09-16T17:42:53Z
9354780002855,Johnson’s Deli Virginia ham,2026-09-16T17:42:53Z,2026-09-16T17:42:53Z
9354782000071,Faction Labs Disorder Pre Red Russian,2026-09-16T17:42:53Z,2026-09-16T17:42:53Z
9354782000293,Deficit,2026-09-16T17:42:53Z,2026-09-16T17:42:53Z
9354782000408,Deficit,2026-09-16T17:42:53Z,2026-09-16T17:42:53Z
9354782000590,eaa,2026-09-16T17:42:53Z,2026-09-16T17:42:53Z
9354782000958,Disorder pre-workout,2026-09-16T17:42:53Z,2026-09-16T17:42:53Z
9354782000996,Faction Labs Disorder Pre - White Snow,2026-09-16T17:42:53Z,2026-09-16T17:42:53Z
9354782001283,Core EAA+BCAA,2026-09-16T17:42:53Z,2026-09-16T17:42:53Z
9354782001290,Faction labs Core 9,2026-09-16T17:42:53Z,2026-09-16T17:42:53Z
9354782001306,Factionlabs EAA and BCAA Core,2026-09-16T17:42:53Z,2026-09-16T17:42:53Z
9354782001337,Faction Labs Core 9 Amino Complex,2026-09-16T17:42:53Z,2026-09-16T17:42:53Z
9354782001436,FactionLabs Disorder Blue Pearl,2026-09-16T17:42:53Z,2026-09-16T17:42:53Z
9354782001450,Disorder Purple Reign,2026-09-16T17:42:53Z,2026-09-16T17:42:53Z
9354782001757,Faction Lab Cougar Juice,2026-09-16T17:42:53Z,2026-09-16T17:42:53Z
9354782001863,FactionLabs Creatine,2026-09-16T17:42:53Z,2026-09-16T17:42:53Z
9354782001955,Faction Labs Disorder Pre - Pink Bits Strawberry & Cream,2026-09-16T17:42:53Z,2026-09-16T17:42:53Z
9354782001979,Disorder,2026-09-16T17:42:53Z,2026-09-16T17:42:53Z
9354782002006,Disorder,2026-09-16T17:42:53Z,2026-09-16T17:42:53Z
9354782002297,Faction Labs Deficit Bubblegum Ice cream Flavour 8g,2026-09-16T17:42:53Z,2026-09-16T17:42:53Z
9354782002570,Bulge,2026-09-16T17:42:53Z,2026-09-16T17:42:53Z
9354782002617,Bulge Pre-workout Purple Reign,2026-09-16T17:42:53Z,2026-09-16T17:42:53Z
9354782002631,Faction Labs Bludge Purple Reign,2026-09-16T17:42:53Z,2026-09-16T17:42:53Z
9354782002655,Action Labs Buldge Black Fire,2026-09-16T17:42:53Z,2026-09-16T17:42:53Z
9354782002679,Faction Labs Bulge Pre - Black Fire,2026-09-16T17:42:53Z,2026-09-16T17:42:53Z
9354782002808,Faction Labs Disorder,2026-09-16T17:42:53Z,2026-09-16T17:42:53Z
9354782002815,Faction Labs Disorder Orange Firm,2026-09-16T17:42:53Z,2026-09-16T17:42:53Z
9354782002822,Faction Labs Disorder Blue Pearl,2026-09-16T17:42:53Z,2026-09-16T17:42:53Z
9354782002839,Faction Labs Disorder Red Russian,2026-09-16T17:42:53Z,2026-09-16T17:42:53Z
9354782002846,Faction Labs Disorder Green Haze,2026-09-16T17:42:53Z,2026-09-16T17:42:53Z
9354782003102,Faction Labs Disorder Pre - Sunburnt Country,2026-09-16T17:42:53Z,2026-09-16T17:42:53Z
9354782003294,Faction Labs Deficit,2026-09-16T17:42:53Z,2026-09-16T17:42:53Z
9354782003317,Deficit Clinical Raspberry Soda Flavour 225 g,2026-09-16T17:42:53Z,2026-09-16T17:42:53Z
9354782003324,Faction Labs Deficit Clinical Passionfruit,2026-09-16T17:42:53Z,2026-09-16T17:42:53Z
9354782003393,Faction Labs Deficit Clinical,2026-09-16T17:42:53Z,2026-09-16T17:42:53Z
9354782003409,Faction Labs Deficit Clinical Golden Passion Fruit Pre Workout,2026-09-16T17:42:53Z,2026-09-16T17:42:53Z
9354782003447,Faction Labs Deficit Clinical - Lime Daiquiri,2026-09-16T17:42:53Z,2026-09-16T17:42:53Z
9354782003454,Faction Labs Deficit Clinical,2026-09-16T17:42:53Z,2026-09-16T17:42:53Z
9354782003751,Faction Labs Attention Cheat Mode (Grape Bubblegum),2026-09-16T17:42:53Z,2026-09-16T17:42:53Z
9354782003799,Faction Labs Whey protein,2026-09-16T17:42:53Z,2026-09-16T17:42:53Z
9354782003805,Faction Labs 100% Whey Protein,2026-09-16T17:42:53Z,2026-09-16T17:42:53Z
9354782003812,Faction Labs Whey Protein,2026-09-16T17:42:53Z,2026-09-16T17:42:53Z
9354782003829,Faction Labs 100% Whey Protein Banana Lolly Flavour,2026-09-16T17:42:53Z,2026-09-16T17:42:53Z
9354782003836,Faction Labs 100% Whey Protein - Strawberry Swirl,2026-09-16T17:42:53Z,2026-09-16T17:42:53Z
9354782003843,Disorder Whey Protein Choc Mint,2026-09-16T17:42:53Z,2026-09-16T17:42:53Z
9354782003850,Faction Labs 100% whey protein choc fudge,2026-09-16T17:42:53Z,2026-09-16T17:42:53Z
9354782003867,Faction Labs Vanilla Bean Whey Protein,2026-09-16T17:42:53Z,2026-09-16T17:42:53Z
9354782003874,Faction Labs 100% whey protein caramel creme,2026-09-16T17:42:53Z,2026-09-16T17:42:53Z
9354782003881,Faction Labs Banana Lolly 100% Whey Protein Single Serve Sachet,2026-09-16T17:42:53Z,2026-09-16T17:42:53Z
9354782003898,Faction Labs Strawberry Swirl Whey Protein,2026-09-16T17:42:53Z,2026-09-16T17:42:53Z
9354782003904,Faction Labs 100% whey protein mint choc,2026-09-16T17:42:53Z,2026-09-16T17:42:53Z
9354782003980,FactionLabs Disorder Ultimate Arctic Frost,2026-09-16T17:42:53Z,2026-09-16T17:42:53Z
9354782004000,Faction Labs Disorder Ultimate - Emerald Dream,2026-09-16T17:42:53Z,2026-09-16T17:42:53Z
9354782004017,Faction Labs Disorder Ultimate,2026-09-16T17:42:53Z,2026-09-16T17:42:53Z
9354782004109,Faction labs disorder ultimate emerald dream,2026-09-16T17:42:53Z,2026-09-16T17:42:53Z
9354782004116,Factions Labs Disorder Ultimate Pre - Neon Cloud,2026-09-16T17:42:53Z,2026-09-16T17:42:53Z
9354782004130,FactionLabs Disorder Pre-workout,2026-09-16T17:42:53Z,2026-09-16T17:42:53Z
9354782004147,Faction Labs Disorder Purple Reign Watermelon Flavour,2026-09-16T17:42:53Z,2026-09-16T17:42:53Z
9354782004154,Faction Labs Disorder Pre Workout,2026-09-16T17:42:53Z,2026-09-16T17:42:53Z
9354782004161,Faction Labs Disorder Black Fire Pre Workout,2026-09-16T17:42:53Z,2026-09-16T17:42:53Z
9354782004178,Faction Labs Disorder Green Haze,2026-09-16T17:42:53Z,2026-09-16T17:42:53Z
9354782004246,Faction Labs Disorder - Red Russian,2026-09-16T17:42:53Z,2026-09-16T17:42:53Z
9354782004253,Faction Labs Disorder Purple Reign,2026-09-16T17:42:53Z,2026-09-16T17:42:53Z
9354782004277,Disorder Black Fire,2026-09-16T17:42:53Z,2026-09-16T17:42:53Z
9354782004284,Faction Labs Disorder Green Haze,2026-09-16T17:42:53Z,2026-09-16T17:42:53Z
9354782004291,Faction Labs Disorder - Orange Firm,2026-09-16T17:42:53Z,2026-09-16T17:42:53Z
9354782004307,Faction Labs Disorder Pre Workout Cola Flavour,2026-09-16T17:42:53Z,2026-09-16T17:42:53Z
9354782004314,FactionLabs Disorder Pre Workout Yellow Fever,2026-09-16T17:42:53Z,2026-09-16T17:42:53Z
9354782004321,Faction Labs Disorder Pink Bits,2026-09-16T17:42:53Z,2026-09-16T17:42:53Z
9354782004338,Faction Labs Disorder Rainbow Warrior,2026-09-16T17:42:53Z,2026-09-16T17:42:53Z
9354782004345,Faction Labs Disorder Sunburnt Country Flavour,2026-09-16T17:42:53Z,2026-09-16T17:42:53Z
9354782004352,Disorder Aqua Splash,2026-09-16T17:42:53Z,2026-09-16T17:42:53Z
9354782004529,Faction Labs Cougar juice,2026-09-16T17:42:53Z,2026-09-16T17:42:53Z
9354782004604,Faction Labs Attention Blue Mango,2026-09-16T17:42:53Z,2026-09-16T17:42:53Z
9354782004611,FactionLabs Attention Cheat Mode,2026-09-16T17:42:53Z,2026-09-16T17:42:53Z
9354782004635,Factionlabs Attention,2026-09-16T17:42:53Z,2026-09-16T17:42:53Z
9354782004710,Faction Labs Disorder 25 White Snow,2026-09-16T17:42:53Z,2026-09-16T17:42:53Z
9354782004765,Disorder Pre Workout,2026-09-16T17:42:53Z,2026-09-16T17:42:53Z
9354782004826,Faction Labs Premium Protein On-the-go,2026-09-16T17:42:53Z,2026-09-16T17:42:53Z
9354782004840,Faction Labs Premium Protein On-the-go,2026-09-16T17:42:53Z,2026-09-16T17:42:53Z
9354782004963,Faction Labs Creatine Monohydrate 500 g,2026-09-16T17:42:53Z,2026-09-16T17:42:53Z
9354782005045,FactionLabs Disorder Pump Red Russian,2026-09-16T17:42:53Z,2026-09-16T17:42:53Z
9354782005052,FactionLabs Disorder Pump,2026-09-16T17:42:53Z,2026-09-16T17:42:53Z
9354782005069,Faction Labs Disorder Pump Black Fire,2026-09-16T17:42:53Z,2026-09-16T17:42:53Z
9354782005144,Faction Labs Disorder Pump Red Russian Preworkout,2026-09-16T17:42:53Z,2026-09-16T17:42:53Z
9354782005151,Faction Labs Disorder Pump - Purple Reign,2026-09-16T17:42:53Z,2026-09-16T17:42:53Z
9354782005229,Disorder Midnight Sapphire,2026-09-16T17:42:53Z,2026-09-16T17:42:53Z
9354782005250,Faction Labs Disorder Ultimate Midnight Sapphire 570 g,2026-09-16T17:42:53Z,2026-09-16T17:42:53Z
9354782005298,Disorder Pink Bits,2026-09-16T17:42:53Z,2026-09-16T17:42:53Z
9354782005342,Faction Labs CORE 9 Essential Amino Acids Pineapple Passionfruit 525 g,2026-09-16T17:42:53Z,2026-09-16T17:42:53Z
9354782005458,Faction Labs Core 9 (Mango Nectar),2026-09-16T17:42:53Z,2026-09-16T17:42:53Z
9354782005502,Faction Labs Creatine,2026-09-16T17:42:53Z,2026-09-16T17:42:53Z
9354782005519,factionlabs strawberry mango creatine,2026-09-16T17:42:53Z,2026-09-16T17:42:53Z
9354782005618,Muscle nation Wild Raspberry Protein water,2026-09-16T17:42:53Z,2026-09-16T17:42:53Z
9354782005632,Faction Labs Protein Water,2026-09-16T17:42:53Z,2026-09-16T17:42:53Z
9354782005731,Disorder Scarlet Flame Kiwi Apple,2026-09-16T17:42:53Z,2026-09-16T17:42:53Z
9354782005861,Faction Labs Creatine - Raspberry,2026-09-16T17:42:53Z,2026-09-16T17:42:53Z
9354782005878,Faction Labs Creatine - Strawberry Mango Flavour,2026-09-16T17:42:53Z,2026-09-16T17:42:53Z
9354790221161,Isowhey optimum vlcd shake 18 x 55 g,2026-09-16T17:42:53Z,2026-09-16T17:42:53Z
9354790221185,Optimum VLCD shake + collagen 18 x 55 g,2026-09-16T17:42:53Z,2026-09-16T17:42:53Z
9354792000009,Apple and cinnamon fibre bar,2026-09-16T17:42:53Z,2026-09-16T17:42:53Z
9354792000047,Haircare Bear Acv gummies 120 g,2026-09-16T17:42:53Z,2026-09-16T17:42:53Z
9354792000146,PB2 Powdered Peanut Butter 184 g,2026-09-16T17:42:53Z,2026-09-16T17:42:53Z
9354792000153,PB2 Peanut Powder with Cocoa,2026-09-16T17:42:53Z,2026-09-16T17:42:53Z
9354792000177,Life Botanics Greens and Debloat 195 g,2026-09-16T17:42:53Z,2026-09-16T17:42:53Z
9354792000269,Bolognese,2026-09-16T17:42:53Z,2026-09-16T17:42:53Z
9354792000498,Hair care bear,2026-09-16T17:42:53Z,2026-09-16T17:42:53Z
9354792000955,Lollipops 100 g,2026-09-16T17:42:53Z,2026-09-16T17:42:53Z
9354792000962,Life Botanics Pure Marine Collagen Powder,2026-09-16T17:42:53Z,2026-09-16T17:42:53Z
9354792000979,Overnight oats,2026-09-16T17:42:53Z,2026-09-16T17:42:53Z
9354792001044,Nutrify all in one meal replacement shake,2026-09-16T17:42:53Z,2026-09-16T17:42:53Z
9354792001167,ISOWHEY Classic Coffee 672 g,2026-09-16T17:42:53Z,2026-09-16T17:42:53Z
9354792001174,ISOWHEY Ivory Coast Chocolate,2026-09-16T17:42:53Z,2026-09-16T17:42:53Z
9354792001181,Madagascan Vanilla Weight Management 672 g,2026-09-16T17:42:53Z,2026-09-16T17:42:53Z
9354792001198,Strawberry complete 672 g,2026-09-16T17:42:53Z,2026-09-16T17:42:53Z
9354792001273,Wheyless Premium Formula Choc Malt Flavour,2026-09-16T17:42:53Z,2026-09-16T17:42:53Z
9354792001280,Wheyless French Vanilla,2026-09-16T17:42:53Z,2026-09-16T17:42:53Z
9354792001303,Wheyless DOUBLE CHOCOLATE 700 g,2026-09-16T17:42:53Z,2026-09-16T17:42:53Z
9354792001457,Chilli Con Carne,2026-09-16T17:42:53Z,2026-09-16T17:42:53Z
9354792001624,Isowhey Plant-Based Meal Replacement 550 g,2026-09-16T17:42:53Z,2026-09-16T17:42:53Z
9354792001631,Plant-Based meal replacement shake 550 g,2026-09-16T17:42:53Z,2026-09-16T17:42:53Z
9354792001662,Isowhey Keto meal replacement shake,2026-09-16T17:42:53Z,2026-09-16T17:42:53Z
9354792001792,IsoWhey Shake for Men,2026-09-16T17:42:53Z,2026-09-16T17:42:53Z
9354792001808,isowhey plant based meal replacement shake,2026-09-16T17:42:53Z,2026-09-16T17:42:53Z
9354792001938,Butter chickpea,2026-09-16T17:42:53Z,2026-09-16T17:42:53Z
9354792002010,Clear skin gummies 150 g,2026-09-16T17:42:53Z,2026-09-16T17:42:53Z
9354792002157,ISOWHEY OPTIMUM VLCD SHAKE + COLLAGEN,2026-09-16T17:42:53Z,2026-09-16T17:42:53Z
9354792002188,Collagen gummies 150 g,2026-09-16T17:42:53Z,2026-09-16T17:42:53Z
9354792002195,Haircare Bear hair gummies,2026-09-16T17:42:53Z,2026-09-16T17:42:53Z
9354792002201,Plant Nutrition San Choy Bau,2026-09-16T17:42:53Z,2026-09-16T17:42:53Z
9354792002256,Plant Nutrition Bolognaise - plant based,2026-09-16T17:42:53Z,2026-09-16T17:42:53Z
9354792002409,Meal replacement,2026-09-16T17:42:53Z,2026-09-16T17:42:53Z
9354792003116,celebrity slim Chocolate flavoured shake 840 g,2026-09-16T17:42:53Z,2026-09-16T17:42:53Z
9354792003215,Ceoebrity Slim cheat Day Chocolate 70 g,2026-09-16T17:42:53Z,2026-09-16T17:42:53Z
9354792003307,Sweet dreams gummies 150 g,2026-09-16T17:42:53Z,2026-09-16T17:42:53Z
9354792003505,Meal replacement shakes,2026-09-16T17:42:53Z,2026-09-16T17:42:53Z
9354792003611,IsoWhey Shake for Men Chocolate 840g,2026-09-16T17:42:53Z,2026-09-16T17:42:53Z
9354792004007,IsoWhey metabolism chocolate 150 g,2026-09-16T17:42:53Z,2026-09-16T17:42:53Z
9354792004014,haircarebear Hair Gummies Mixed Berry Flavour,2026-09-16T17:42:53Z,2026-09-16T17:42:53Z
9354792004090,ISOWHEY Vanilla Everyday Meal Replacement 55 g,2026-09-16T17:42:53Z,2026-09-16T17:42:53Z
9354792004465,Life botanics 90 g,2026-09-16T17:42:53Z,2026-09-16T17:42:53Z
9354792004502,CelebritySlim Mixed Milk Powder With Vanilla Flavor,2026-09-16T17:42:53Z,2026-09-16T17:42:53Z
9354792005523,life botanics GREENS + DEBLOAT COLLAGEN + DETOX,2026-09-16T17:42:53Z,2026-09-16T17:42:53Z
9354792005646,Wheyless Apple Crumble Protein Shake,2026-09-16T17:42:53Z,2026-09-16T17:42:53Z
9354792005769,life botanics VITALITY GREENS ALL-IN-ONE DAILY GREEN ELIXIR,2026-09-16T17:42:53Z,2026-09-16T17:42:53Z
9354792005950,Life Botanics Vitality Reds 450 g,2026-09-16T17:42:53Z,2026-09-16T17:42:53Z
9354792005967,Life botanics Collagen powder,2026-09-16T17:42:53Z,2026-09-16T17:42:53Z
9354792006742,Wheyless Lemon Dessert Creme 600 g,2026-09-16T17:42:53Z,2026-09-16T17:42:53Z
9354792006971,Haircarebear Magnesium Gummies,2026-09-16T17:42:53Z,2026-09-16T17:42:53Z
9354792007824,Isowhey salted caramel,2026-09-16T17:42:53Z,2026-09-16T17:42:53Z
9354792008111,Isowhey Clear Raspberry Cranberry 550 g,2026-09-16T17:42:53Z,2026-09-16T17:42:53Z
9354792008197,Life botanics Vitality Greens Daily Green Elixir,2026-09-16T17:42:53Z,2026-09-16T17:42:53Z
9354792009194,life botanics VITAMIN C + ANTIOXIDANTS GUMMIES,2026-09-16T17:42:53Z,2026-09-16T17:42:53Z
9354792009224,life botanics PURE COLLAGEN PEPTIDES 300 g,2026-09-16T17:42:53Z,2026-09-16T17:42:53Z
9354792009231,"life botanics Greens, Superfoods + Marine Collagen 150 g",2026-09-16T17:42:53Z,2026-09-16T17:42:53Z
9354792009279,IsoWhey Nutrition Shake Vanilla Ice Cream Flavour,2026-09-16T17:42:53Z,2026-09-16T17:42:53Z
9354792010275,life botanics SHRED GUMMIES,2026-09-16T17:42:53Z,2026-09-16T17:42:53Z
9354792010299,Life Botanics Greens + Shred,2026-09-16T17:42:53Z,2026-09-16T17:42:53Z
9354792200225,plant nutrition bolognaise,2026-09-16T17:42:53Z,2026-09-16T17:42:53Z
9354803000196,Lirah Fig Caramelised Balsamic,2026-09-16T17:42:53Z,2026-09-16T17:42:53Z
9354803000202,Lirah Caramelised Balsamic - Apple,2026-09-16T17:42:53Z,2026-09-16T17:42:53Z
9354803000318,Lirah Chardonnay Vinegar Grand Reserve 350ml,2026-09-16T17:42:53Z,2026-09-16T17:42:53Z
9354803005009,Made With Kombucha Whole egg mayo with kombucha,2026-09-16T17:42:53Z,2026-09-16T17:42:53Z
9354803005016,Made With Kombucha Garlic aioli + Kombucha,2026-09-16T17:42:53Z,2026-09-16T17:42:53Z
9354803005030,Balsamic & Garlic Dressinh,2026-09-16T17:42:53Z,2026-09-16T17:42:53Z
9354803005061,Tomato relish kombucha,2026-09-16T17:42:53Z,2026-09-16T17:42:53Z
9354803005078,Sweet onion relish,2026-09-16T17:42:53Z,2026-09-16T17:42:53Z
9354803005085,Made With Kombucha Sweet Mustard Pickle,2026-09-16T17:42:53Z,2026-09-16T17:42:53Z
9354816077031,Bunsters Pretty Hot,2026-09-16T17:42:53Z,2026-09-16T17:42:53Z
9354816077819,Bunsters Original Hot Sat,2026-09-16T17:42:53Z,2026-09-16T17:42:53Z
9354828000058,Nature Nate's 100% pure Australian raw and unfiltered honey,2026-09-16T17:42:53Z,2026-09-16T17:42:53Z
9354828000065,Nature Nate's 100 % Pure Organic Australian Raw & Unfiltered Honey 400g,2026-09-16T17:42:53Z,2026-09-16T17:42:53Z
9354828000089,Australian Chilli Honey,2026-09-16T17:42:53Z,2026-09-16T17:42:53Z
9354828000096,Nature Nates Honey Co. 100% Pure Australian Raw and Unfiltered Honey,2026-09-16T17:42:53Z,2026-09-16T17:42:53Z
9354829000606,Passionfruit,2026-09-16T17:42:53Z,2026-09-16T17:42:53Z
9354831002025,Fox's Den Harvest salad,2026-09-16T17:42:53Z,2026-09-16T17:42:53Z
9354831002070,Foxes Den Protein Bowl Japanese Teriyaki Chicken Salad,2026-09-16T17:42:53Z,2026-09-16T17:42:53Z
9354831002087,Foxes Den Protein Bowl Chipotle Chicken Burrito Salad,2026-09-16T17:42:53Z,2026-09-16T17:42:53Z
9354831002094,Foxes Den Protein Bowl,2026-09-16T17:42:53Z,2026-09-16T17:42:53Z
9354831002131,Foxes Den Roast Pumpkin And Greens Salad,2026-09-16T17:42:53Z,2026-09-16T17:42:53Z
9354831003039,Foxes Den Sweet Potato Salad,2026-09-16T17:42:53Z,2026-09-16T17:42:53Z
9354831003060,Foxes Den Beetroot Salad,2026-09-16T17:42:53Z,2026-09-16T17:42:53Z
9354831011300,Foxes Den Napoli Chicken Meatballs,2026-09-16T17:42:53Z,2026-09-16T17:42:53Z
9354831012017,Foxes den Massaman Thai Curry,2026-09-16T17:42:53Z,2026-09-16T17:42:53Z
9354831012024,Foxes Den North African Chicken Curry,2026-09-16T17:42:53Z,2026-09-16T17:42:53Z
9354831012031,Foxes den Thai green chicken curry,2026-09-16T17:42:53Z,2026-09-16T17:42:53Z
9354831012048,Foxes Den Miso Chicken,2026-09-16T17:42:53Z,2026-09-16T17:42:53Z
9354831012062,Foxes Den Asian Beef Brisket,2026-09-16T17:42:53Z,2026-09-16T17:42:53Z
9354831012079,Foxes Den Napoli Chicken Meatballs,2026-09-16T17:42:53Z,2026-09-16T17:42:53Z
9354831012109,Foxes Den Butter Chicken & Rice,2026-09-16T17:42:53Z,2026-09-16T17:42:53Z
9354831012116,Foxes den Nepalese chicken and fried rice,2026-09-16T17:42:53Z,2026-09-16T17:42:53Z
9354831012123,Foxes Den Wagyu Beef And Mash,2026-09-16T17:42:53Z,2026-09-16T17:42:53Z
9354831012147,Foxes Den Beef Rendang Curry,2026-09-16T17:42:53Z,2026-09-16T17:42:53Z
9354831012161,Foxes Den Lemongrass Lamb,2026-09-16T17:42:53Z,2026-09-16T17:42:53Z
9354831012178,Foxes Den Persian Chicken,2026-09-16T17:42:53Z,2026-09-16T17:42:53Z
9354831012222,Foxe’s Den Beef Bourguignon,2026-09-16T17:42:53Z,2026-09-16T17:42:53Z
9354831030035,Foxes den Miso chicken noodle soup,2026-09-16T17:42:53Z,2026-09-16T17:42:53Z
9354831030073,Foxes Den Lamb And Barley Soup,2026-09-16T17:42:53Z,2026-09-16T17:42:53Z
9354831030127,Foxes Den Wellness Soup,2026-09-16T17:42:53Z,2026-09-16T17:42:53Z
9354849000006,Youfoodz Portuguese chicken,2026-09-16T17:42:53Z,2026-09-16T17:42:53Z
9354849000075,Chocolate chip protein cooke,2026-09-16T17:42:53Z,2026-09-16T17:42:53Z
9354849000143,Youfoodz Chicken & Cashew W Rice @ Broccoli,2026-09-16T17:42:53Z,2026-09-16T17:42:53Z
9354849000242,You Juice Go Go Greens Juice,2026-09-16T17:42:53Z,2026-09-16T17:42:53Z
9354849000297,YOUFOODZ BBQ Beef with Creamy Mash & Carrots,2026-09-16T17:42:53Z,2026-09-16T17:42:53Z
9354849000372,Youjuice Guava Apple Strawberry Juice,2026-09-16T17:42:53Z,2026-09-16T17:42:53Z
9354849000396,Youfoodz Iced coffee,2026-09-16T17:42:53Z,2026-09-16T17:42:53Z
9354849000419,Youfoodz Iced mocha latte,2026-09-16T17:42:53Z,2026-09-16T17:42:53Z
9354849000440,Youfoodz Sweet & Spicy Chicken With Fried Rice,2026-09-16T17:42:53Z,2026-09-16T17:42:53Z
9354849000464,Youfoodz Chicken Cacciatore,2026-09-16T17:42:53Z,2026-09-16T17:42:53Z
9354849000488,youfoodz Thai Red Chicken Noodles with Broccoli & Peanuts,2026-09-16T17:42:53Z,2026-09-16T17:42:53Z
9354849000495,Youfoodz Fueld Thai Red Chicken Noodles,2026-09-16T17:42:53Z,2026-09-16T17:42:53Z
9354849000525,Youfoodz Szechuan Beef with Brown Rice & Veg,2026-09-16T17:42:53Z,2026-09-16T17:42:53Z
9354849000532,Youfoodz Chilli Peanut Pork,2026-09-16T17:42:53Z,2026-09-16T17:42:53Z
9354849000549,Youfoodz Chinese mushroom chicken,2026-09-16T17:42:53Z,2026-09-16T17:42:53Z
9354849000570,Youfoodz Clean Chicken & Sweet Potato Mash,2026-09-16T17:42:53Z,2026-09-16T17:42:53Z
9354849000587,Youfoodz Slow Cooked Lamb Shanks,2026-09-16T17:42:53Z,2026-09-16T17:42:53Z
9354849000594,steak and creamy mushroom sauce,2026-09-16T17:42:53Z,2026-09-16T17:42:53Z
9354849000600,YOUFOODZ Creamy Chicken Carbonara,2026-09-16T17:42:53Z,2026-09-16T17:42:53Z
9354849000631,youfoodz Mohit’s Butter Chicken with Naan & Brown Rice,2026-09-16T17:42:53Z,2026-09-16T17:42:53Z
9354849000686,Youfoodz Thai Green Fish,2026-09-16T17:42:53Z,2026-09-16T17:42:53Z
9354849000723,Youfoodz Lemon Chicken & Green Bean Risoni Salad,2026-09-16T17:42:53Z,2026-09-16T17:42:53Z
9354849000730,Youfoodz Buffalo Chicken with Creamy Mac & Cheese,2026-09-16T17:42:53Z,2026-09-16T17:42:53Z
9354849000761,Youfoodz Honey Rosemary Pork with Greens,2026-09-16T17:42:53Z,2026-09-16T17:42:53Z
9354849000778,YOUFOODZ Satay Chicken with Steamed Veg,2026-09-16T17:42:53Z,2026-09-16T17:42:53Z
9354849000907,Youfoodz Portuguese Chicken,2026-09-16T17:42:53Z,2026-09-16T17:42:53Z
9354849000945,Youfoodz Tasty Turkey Rissoles,2026-09-16T17:42:53Z,2026-09-16T17:42:53Z
9354849000952,Youfoodz Mediterranean Chicken,2026-09-16T17:42:53Z,2026-09-16T17:42:53Z
9354849000969,Youfoodz Chicken & chips,2026-09-16T17:42:53Z,2026-09-16T17:42:53Z
9354849000983,YF Choc-Coconut Protein Bites 80g,2026-09-16T17:42:53Z,2026-09-16T17:42:53Z
9354849000990,Cookies and Cream Protein Bites,2026-09-16T17:42:53Z,2026-09-16T17:42:53Z
9354849001003,YOUFOODZ Almond Donut Protein Ball,2026-09-16T17:42:53Z,2026-09-16T17:42:53Z
9354849001065,Youfoodz Berry Bliss,2026-09-16T17:42:53Z,2026-09-16T17:42:53Z
9354849001072,YOUFOODZ Give-Me Greens Smoothie,2026-09-16T17:42:53Z,2026-09-16T17:42:53Z
9354849001096,YOUFOODZ White Choc Cranberry & Macadamia Protein Cookie,2026-09-16T17:42:53Z,2026-09-16T17:42:53Z
9354849001201,Youfoodz Nonna's spaghetti bolognese 300g pack,2026-09-16T17:42:53Z,2026-09-16T17:42:53Z
9354849001218,BBQ pork and chips - youfoodz,2026-09-16T17:42:53Z,2026-09-16T17:42:53Z
9354849001225,Youfoodz Beef red curry,2026-09-16T17:42:53Z,2026-09-16T17:42:53Z
9354849001249,Youfoodz Fuel’d Chicken parmigiana bites - Youfoodz,2026-09-16T17:42:53Z,2026-09-16T17:42:53Z
9354849001263,Youfoodz Italian Fish Fettuccine,2026-09-16T17:42:53Z,2026-09-16T17:42:53Z
9354849001287,Youfoodz Pork & Rustic Cut Potatoes,2026-09-16T17:42:53Z,2026-09-16T17:42:53Z
9354849001348,Youfoodz YF beef lasange,2026-09-16T17:42:53Z,2026-09-16T17:42:53Z
9354849001379,Salmon & Dill With Sweet Potato,2026-09-16T17:42:53Z,2026-09-16T17:42:53Z
9354849001393,Youfoodz Hoisin Glazed Pork,2026-09-16T17:42:53Z,2026-09-16T17:42:53Z
9354849001409,Youfoodz YF Tandoori Chicken & Cauliflower Rice,2026-09-16T17:42:53Z,2026-09-16T17:42:53Z
9354849001430,Youfoodz Smokey BBQ Chicken 300 g,2026-09-16T17:42:53Z,2026-09-16T17:42:53Z
9354849001447,Youfoodz Mexibean quinoa rice,2026-09-16T17:42:53Z,2026-09-16T17:42:53Z
9354849001485,YOUFOODZ Choc Chip Protein Cookie,2026-09-16T17:42:53Z,2026-09-16T17:42:53Z
9354849001492,You foodz choc peanut protein bite,2026-09-16T17:42:53Z,2026-09-16T17:42:53Z
9354849001515,YOUFOODZ Fried Chicken & Gravy with Creamy Mash & Peas,2026-09-16T17:42:53Z,2026-09-16T17:42:53Z
9354849001539,Youfoodz Chickpea & Cashew Nut Curry,2026-09-16T17:42:53Z,2026-09-16T17:42:53Z
9354849001553,Youfoodz Chicken and aweet potato,2026-09-16T17:42:53Z,2026-09-16T17:42:53Z
9354849001560,Youfoodz Sun-Dried Tomato Chicken & Veg,2026-09-16T17:42:53Z,2026-09-16T17:42:53Z
9354849001577,Youfoodz Clean Roast Pork & 3 Veg,2026-09-16T17:42:53Z,2026-09-16T17:42:53Z
9354849001621,Youfoodz Creamy Garlic Chicken Kiev & Chips,2026-09-16T17:42:53Z,2026-09-16T17:42:53Z
9354849001706,Youfoodz Fuel’d Chicken parmigiana Bites,2026-09-16T17:42:53Z,2026-09-16T17:42:53Z
9354849001744,Chicken cacciatore - Youfoodz,2026-09-16T17:42:53Z,2026-09-16T17:42:53Z
9354849001768,Youfoodz Sticky Chicken Noodles,2026-09-16T17:42:53Z,2026-09-16T17:42:53Z
9354849001782,YOUFOODZ Creamy Spinach Chicken with Penne & Parmesan,2026-09-16T17:42:53Z,2026-09-16T17:42:53Z
9354849001829,youfoodz High Protein Chicken Fajita,2026-09-16T17:42:53Z,2026-09-16T17:42:53Z
9354849001881,Youfoodz Chargrilled Chicken,2026-09-16T17:42:53Z,2026-09-16T17:42:53Z
9354849001898,youfoodz country chicken and pumpkin mash,2026-09-16T17:42:53Z,2026-09-16T17:42:53Z
9354849001928,youfoodz Large Thai Red Chicken Curry 410g,2026-09-16T17:42:53Z,2026-09-16T17:42:53Z
9354849001942,Berry toasty granola,2026-09-16T17:42:53Z,2026-09-16T17:42:53Z
9354849001973,YOUFOODZ Herbed Chicken & Pesto Pasta with Broccoli 390g,2026-09-16T17:42:53Z,2026-09-16T17:42:53Z
9354849002086,YOUFOODZ Choc Brownie Bite,2026-09-16T17:42:53Z,2026-09-16T17:42:53Z
9354849002093,youfoodz White Choc Blondie Bite,2026-09-16T17:42:53Z,2026-09-16T17:42:53Z
9354849002123,Youfoodz Large YF Fried Chicken & Gravy,2026-09-16T17:42:53Z,2026-09-16T17:42:53Z
9354849002185,Large Creamy Garlic Chicken Kiev & Chips,2026-09-16T17:42:53Z,2026-09-16T17:42:53Z
9354849002215,Youfoodz Thai Red Chicken Curry,2026-09-16T17:42:53Z,2026-09-16T17:42:53Z
9354849002307,Youjuice,2026-09-16T17:42:53Z,2026-09-16T17:42:53Z
9354849002314,Youjuice Apple pineapple broccoli cucumber zucchini kale mint spinach,2026-09-16T17:42:53Z,2026-09-16T17:42:53Z
9354849002321,YOUJUICE ORANGE SQUEEZE,2026-09-16T17:42:53Z,2026-09-16T17:42:53Z
9354849002338,You juice,2026-09-16T17:42:53Z,2026-09-16T17:42:53Z
9354849002345,Youjuice Juice,2026-09-16T17:42:53Z,2026-09-16T17:42:53Z
9354849002352,youfoodz Thai Green Curry Beef,2026-09-16T17:42:53Z,2026-09-16T17:42:53Z
9354849002376,YOUFOODZ Loaded Pumpkin Lasagne with Creamy Bechamel Sauce,2026-09-16T17:42:53Z,2026-09-16T17:42:53Z
9354849002383,Youfoodz Lamb Fettuccine,2026-09-16T17:42:53Z,2026-09-16T17:42:53Z
9354849002406,Roast lamb and minted gravy - Youfoodz,2026-09-16T17:42:53Z,2026-09-16T17:42:53Z
9354849002451,Youfoodz Choc berry energy bite,2026-09-16T17:42:53Z,2026-09-16T17:42:53Z
9354849002468,Youfoodz Peanut butter energy bite 40 g,2026-09-16T17:42:53Z,2026-09-16T17:42:53Z
9354849002499,Youfoodz High Protein Cheesy Chipotle Chicken,2026-09-16T17:42:53Z,2026-09-16T17:42:53Z
9354849002505,Youfoodz Chicken & Chorizo Pasta 356g,2026-09-16T17:42:53Z,2026-09-16T17:42:53Z
9354849002550,Loaded Lentil Lasagne,2026-09-16T17:42:53Z,2026-09-16T17:42:53Z
9354849002574,Youfoodz Slow-cooked Lamb with Loaded Mash,2026-09-16T17:42:53Z,2026-09-16T17:42:53Z
9354849002673,Youfoodz High Protein Harissa Chicken & Chickpea Couscous,2026-09-16T17:42:53Z,2026-09-16T17:42:53Z
9354849002734,youfoodz Satay Chicken & Broccoli with Steamed White Rice,2026-09-16T17:42:53Z,2026-09-16T17:42:53Z
9354849002802,YOUFOODZ Tomato & Pumpkin Bolognese with Cheese,2026-09-16T17:42:53Z,2026-09-16T17:42:53Z
9354849002819,Youfoodz High Protein Chicken Karaage,2026-09-16T17:42:53Z,2026-09-16T17:42:53Z
9354849002888,YOUFOODZ Banana-Mango Smoothie,2026-09-16T17:42:53Z,2026-09-16T17:42:53Z
9354849003083,Youfoodz Peri peri chicken,2026-09-16T17:42:53Z,2026-09-16T17:42:53Z
9354849003199,Youjuice Multivitamin Squeeze You Juice,2026-09-16T17:42:53Z,2026-09-16T17:42:53Z
9354849003205,Youfoodz Youjuice,2026-09-16T17:42:53Z,2026-09-16T17:42:53Z
9354849003229,Youfoodz Beef Massaman Curry,2026-09-16T17:42:53Z,2026-09-16T17:42:53Z
9354849003236,Youfoodz Lite Tasty Cheese & Crackers,2026-09-16T17:42:53Z,2026-09-16T17:42:53Z
9354849003458,You foodz Mexi Burrito Power Bowl,2026-09-16T17:42:53Z,2026-09-16T17:42:53Z
9354849003489,Youfoodz Clean Chicken & Sweet Potato with Broccoli & Peas,2026-09-16T17:42:53Z,2026-09-16T17:42:53Z
9354849003496,You foods,2026-09-16T17:42:53Z,2026-09-16T17:42:53Z
9354849003519,youfoodz Beef Chilli Con Carne with Coriander Rice,2026-09-16T17:42:53Z,2026-09-16T17:42:53Z
9354849003540,YOUFOODZ Roast Beef & Rustic Cut Potatoes with Mushroom Sauce,2026-09-16T17:42:53Z,2026-09-16T17:42:53Z
9354849003564,Youfoods,2026-09-16T17:42:53Z,2026-09-16T17:42:53Z
9354849003618,Youfoodz Chicken and Chorizo Paella,2026-09-16T17:42:53Z,2026-09-16T17:42:53Z
9354849003656,YOUFOODZ Honey Mustard Chicken with Garlic Veg,2026-09-16T17:42:53Z,2026-09-16T17:42:53Z
9354849003670,You foodz Strawberry-Dragonfruit Smoothie,2026-09-16T17:42:53Z,2026-09-16T17:42:53Z
9354849003700,youfoodz Collagen Boosta,2026-09-16T17:42:53Z,2026-09-16T17:42:53Z
9354849003731,Youfoodz Red velvet brownie bite,2026-09-16T17:42:53Z,2026-09-16T17:42:53Z
9354849003793,Youfoodz Large karaage chicken poke bowl,2026-09-16T17:42:53Z,2026-09-16T17:42:53Z
9354849003809,YOUFOODZ Green Boosta,2026-09-16T17:42:53Z,2026-09-16T17:42:53Z
9354849003816,Super boosta,2026-09-16T17:42:53Z,2026-09-16T17:42:53Z
9354849003847,You foodz Chicken Katsu Curry,2026-09-16T17:42:53Z,2026-09-16T17:42:53Z
9354849003878,YOUFOODZ Multivitamin Boosta,2026-09-16T17:42:53Z,2026-09-16T17:42:53Z
9354849003885,Youfoodz Satay fish,2026-09-16T17:42:53Z,2026-09-16T17:42:53Z
9354849003892,Youfoodz classic beef stroganoff,2026-09-16T17:42:53Z,2026-09-16T17:42:53Z
9354849003977,Youfoodz Cranberry toast chicken and pumpkin mash,2026-09-16T17:42:53Z,2026-09-16T17:42:53Z
9354849004011,Youfoodz Chicken & Sweetcorn noodle soup,2026-09-16T17:42:53Z,2026-09-16T17:42:53Z
9354849004042,Youfoodz Classic Roast Chicken with Mash & Veg,2026-09-16T17:42:53Z,2026-09-16T17:42:53Z
9354849004080,YouFoodz Fuel'D Chipotle Fried Chicken,2026-09-16T17:42:53Z,2026-09-16T17:42:53Z
9354849004097,Youfoodz Lemon Garlic Chicken,2026-09-16T17:42:53Z,2026-09-16T17:42:53Z
9354849004103,"Youfoodz Fueld steak, chips & gravy",2026-09-16T17:42:53Z,2026-09-16T17:42:53Z
9354849004110,Youfoodz chicken spaghetti,2026-09-16T17:42:53Z,2026-09-16T17:42:53Z
9354849004165,YOUFOODZ FUELED Spaghetti Bolognese,2026-09-16T17:42:53Z,2026-09-16T17:42:53Z
9354849004172,Youfoodz Fuel’d Fried Chicken & Gravy,2026-09-16T17:42:53Z,2026-09-16T17:42:53Z
9354849004189,Youfoodz FUEL'D Chicken Carbonara,2026-09-16T17:42:53Z,2026-09-16T17:42:53Z
9354849004202,Youfoodz FUEL'D BBQ Beef & Mash 450g,2026-09-16T17:42:53Z,2026-09-16T17:42:53Z
9354849004219,Beef Ragout Fettuccine,2026-09-16T17:42:53Z,2026-09-16T17:42:53Z
9354849004233,Youfoodz Fuel’d Chicken Katsu Curry,2026-09-16T17:42:53Z,2026-09-16T17:42:53Z
9354849004257,Youfoodz Thai Red Chicken Curry,2026-09-16T17:42:53Z,2026-09-16T17:42:53Z
9354849004288,Youfoodz Beef Korma,2026-09-16T17:42:53Z,2026-09-16T17:42:53Z
9354849004387,youfoodz FUEL'D Peri Peri Chicken & Spicy Mayo,2026-09-16T17:42:53Z,2026-09-16T17:42:53Z
9354849004394,Youfoodz Fuel'd Butter Chicken,2026-09-16T17:42:53Z,2026-09-16T17:42:53Z
9354849004400,Youfoodz Chargrilled chicken,2026-09-16T17:42:53Z,2026-09-16T17:42:53Z
9354849004417,YOUFOODZ FUEL'D Chicken Kyiv & Chips,2026-09-16T17:42:53Z,2026-09-16T17:42:53Z
9354849004448,Youfoodz Portugese Chicken and rice,2026-09-16T17:42:53Z,2026-09-16T17:42:53Z
9354849004462,Youfoodz FUEL'D Portuguese Chicken & Rice,2026-09-16T17:42:53Z,2026-09-16T17:42:53Z
9354849004479,You food Cranberry Chicken,2026-09-16T17:42:53Z,2026-09-16T17:42:53Z
9354849004486,Youfoodz Salmon Fettucine,2026-09-16T17:42:53Z,2026-09-16T17:42:53Z
9354849004561,Youfoodz Roast lamb and gravy,2026-09-16T17:42:53Z,2026-09-16T17:42:53Z
9354849004592,Youfoodz Loaded Mexican Chicken,2026-09-16T17:42:53Z,2026-09-16T17:42:53Z
9354849004615,Youfoods Loaded Mexican Chicken 420g,2026-09-16T17:42:53Z,2026-09-16T17:42:53Z
9354849004622,Youfoodz Mushroom Chicken And Mash,2026-09-16T17:42:53Z,2026-09-16T17:42:53Z
9354849004684,Youfoodz Mexican beef lasagne,2026-09-16T17:42:53Z,2026-09-16T17:42:53Z
9354849004714,Youfoodz Chilli concarne & mexi rice,2026-09-16T17:42:53Z,2026-09-16T17:42:53Z
9354849004721,Youfoodz Roast chicken vegie,2026-09-16T17:42:53Z,2026-09-16T17:42:53Z
9354849004738,Youfoodz Italian Chicken Fettuccini,2026-09-16T17:42:53Z,2026-09-16T17:42:53Z
9354849004752,Youfoodz Beef Ragout fettuccine,2026-09-16T17:42:53Z,2026-09-16T17:42:53Z
9354849004783,Ruby choc and coconut cookie,2026-09-16T17:42:53Z,2026-09-16T17:42:53Z
9354849004790,TRIPLE CHOC CHIP COOKIE,2026-09-16T17:42:53Z,2026-09-16T17:42:53Z
9354849004813,guava pineapple energy,2026-09-16T17:42:53Z,2026-09-16T17:42:53Z
9354849004820,Blueberry Apple recovery,2026-09-16T17:42:53Z,2026-09-16T17:42:53Z
9354849004851,Chargrilled Lenon Chicken,2026-09-16T17:42:53Z,2026-09-16T17:42:53Z
9354849004868,Fuel'd Chargrilled lemon chicken,2026-09-16T17:42:53Z,2026-09-16T17:42:53Z
9354849004882,On The Menu Mac and Cheese,2026-09-16T17:42:53Z,2026-09-16T17:42:53Z
9354849004912,Youfoodz Fajita Beef and Rice,2026-09-16T17:42:53Z,2026-09-16T17:42:53Z
9354849004967,Chicken & Chorizo Pasta,2026-09-16T17:42:53Z,2026-09-16T17:42:53Z
9354849004981,Pork Roast,2026-09-16T17:42:53Z,2026-09-16T17:42:53Z
9354849005049,Youfoodz Turmeric chicken power bowl,2026-09-16T17:42:53Z,2026-09-16T17:42:53Z
9354849005070,Caramel Iced Coffee Shot,2026-09-16T17:42:53Z,2026-09-16T17:42:53Z
9354849005094,Roast chicken & mushroom gravy,2026-09-16T17:42:53Z,2026-09-16T17:42:53Z
9354849005131,Choc Crunch High Protein Bar,2026-09-16T17:42:53Z,2026-09-16T17:42:53Z
9354849005148,Cookie,2026-09-16T17:42:53Z,2026-09-16T17:42:53Z
9354849005155,Vanilla berry crunch cookie,2026-09-16T17:42:53Z,2026-09-16T17:42:53Z
9354849005179,Chewy caramel protein bite - Youfoodz,2026-09-16T17:42:53Z,2026-09-16T17:42:53Z
9354849005230,YOUFOODZ Chicken Penne,2026-09-16T17:42:53Z,2026-09-16T17:42:53Z
9354849005254,Lite n easy Japanese style hot smoked salmon salad,2026-09-16T17:42:53Z,2026-09-16T17:42:53Z
9354849005278,YOUFOODZ Super Boosta,2026-09-16T17:42:53Z,2026-09-16T17:42:53Z
9354849005285,Teriyaki Chicken Fried Rice,2026-09-16T17:42:53Z,2026-09-16T17:42:53Z
9354849005308,YOUFOODZ Mushroom & Cheese Tortellini with Creamy Sauce,2026-09-16T17:42:53Z,2026-09-16T17:42:53Z
9354849005353,Tandoori Chicken & Veg,2026-09-16T17:42:53Z,2026-09-16T17:42:53Z
9354849005414,Turkey Rissoles and sundried tomato sauce,2026-09-16T17:42:53Z,2026-09-16T17:42:53Z
9354849005421,Spaghetti & Meatballs,2026-09-16T17:42:53Z,2026-09-16T17:42:53Z
9354849005537,Youfoodz Thai fish curry,2026-09-16T17:42:53Z,2026-09-16T17:42:53Z
9354849005544,Blue tropics,2026-09-16T17:42:53Z,2026-09-16T17:42:53Z
9354849005568,Youfoodz Salted Caramel Protein Ball,2026-09-16T17:42:53Z,2026-09-16T17:42:53Z
9354849005605,Youfoodz Creamy Parmesan Chicken with Peas & Cauliflower,2026-09-16T17:42:53Z,2026-09-16T17:42:53Z
9354849005612,YOUFOODZ Roast Chicken & Gravy with Loaded Mash & Veg 350g,2026-09-16T17:42:53Z,2026-09-16T17:42:53Z
9354849005636,Youfoodz Thai green chicken curry,2026-09-16T17:42:53Z,2026-09-16T17:42:53Z
9354849005643,Youfoodz Fuel'd Thai Green Chicken Curry,2026-09-16T17:42:53Z,2026-09-16T17:42:53Z
9354849005650,Youfoodz BBQ Chicken & Cheesy Mac,2026-09-16T17:42:53Z,2026-09-16T17:42:53Z
9354849005667,Youfoodz Roast beef & pepper gravy with garlic veg,2026-09-16T17:42:53Z,2026-09-16T17:42:53Z
9354849005728,Savoury mince,2026-09-16T17:42:53Z,2026-09-16T17:42:53Z
9354849005735,Spinach & ricotta cannelloni,2026-09-16T17:42:53Z,2026-09-16T17:42:53Z
9354849005780,Creamy Mushroom Cannelloni,2026-09-16T17:42:53Z,2026-09-16T17:42:53Z
9354849005803,Youfoodz King Pao chicken,2026-09-16T17:42:53Z,2026-09-16T17:42:53Z
9354849005827,Youfoodz Honey soy chicken noodles,2026-09-16T17:42:53Z,2026-09-16T17:42:53Z
9354849005841,Honey soy chicken noodles,2026-09-16T17:42:53Z,2026-09-16T17:42:53Z
9354849005865,Lentil Lasange,2026-09-16T17:42:53Z,2026-09-16T17:42:53Z
9354849005933,Fuel'd Tropical Hydration,2026-09-16T17:42:53Z,2026-09-16T17:42:53Z
9354849005957,Youfoodz Creamy Garlic Chicken Kyiv with Chips & Broccoli,2026-09-16T17:42:53Z,2026-09-16T17:42:53Z
9354849005964,Mediterranean Fettuccine,2026-09-16T17:42:53Z,2026-09-16T17:42:53Z
9354849005971,Yourfoodz Fuel'd Smokey BBQ Chicken,2026-09-16T17:42:53Z,2026-09-16T17:42:53Z
9354849005988,youfoodz FUEL'D Classic Roast Chicken & Mash,2026-09-16T17:42:53Z,2026-09-16T17:42:53Z
9354849006176,Barramundi Penne Pasta,2026-09-16T17:42:53Z,2026-09-16T17:42:53Z
9354849006190,Youfoodz Creamy chicken Alfredo,2026-09-16T17:42:53Z,2026-09-16T17:42:53Z
9354849006206,Youfoodz Fuel'd Creamy Chicken Alfredo,2026-09-16T17:42:53Z,2026-09-16T17:42:53Z
9354849006237,Youfoodz Chicken & Thai Green Sauce with Steamed Veg,2026-09-16T17:42:53Z,2026-09-16T17:42:53Z
9354849006268,Youfoodz Salmon fettuccine,2026-09-16T17:42:53Z,2026-09-16T17:42:53Z
9354849006411,YOUFOODZ Char Siu Pork with Fried Rice,2026-09-16T17:42:53Z,2026-09-16T17:42:53Z
9354849006497,"Youfoodz Strawberry dragon, fruit, apple pear and collagen juice",2026-09-16T17:42:53Z,2026-09-16T17:42:53Z
9354849006510,YOUJUICE Golden Sunrise,2026-09-16T17:42:53Z,2026-09-16T17:42:53Z
9354849006565,Youfoodz White Choc Blondie Bites,2026-09-16T17:42:53Z,2026-09-16T17:42:53Z
9354849006572,youfoodz Choc Brownie Bites,2026-09-16T17:42:53Z,2026-09-16T17:42:53Z
9354849006589,YOUFOODZ Shredded Beef Ravioli with Tomato Ragu,2026-09-16T17:42:53Z,2026-09-16T17:42:53Z
9354849006596,Youfoodz Fuel'd Shredded Beef Ravioli,2026-09-16T17:42:53Z,2026-09-16T17:42:53Z
9354849006602,YOUFOODZ Creamy Coconut Chicken with Fried Shallots,2026-09-16T17:42:53Z,2026-09-16T17:42:53Z
9354849006619,Youfoodz FUEL'D Creamy Coconut Chicken,2026-09-16T17:42:53Z,2026-09-16T17:42:53Z
9354849006626,Youfoodz Char siu pork,2026-09-16T17:42:53Z,2026-09-16T17:42:53Z
9354849007807,Youfoodz Nonna’s Spaghetti Bolognese,2026-09-16T17:42:53Z,2026-09-16T17:42:53Z
9354849008149,YOUFOODZ Mushroom Chicken & Rice with Garlic Green Beans,2026-09-16T17:42:53Z,2026-09-16T17:42:53Z
9354849008156,Herb chicken and cauli mash - Youfoodz,2026-09-16T17:42:53Z,2026-09-16T17:42:53Z
9354849008163,High protein crumbed chicken bites - Youfoodz,2026-09-16T17:42:53Z,2026-09-16T17:42:53Z
9354849008170,youfoodz Chicken & Mushroom Boscaiola with Broccoli & Sweet Potato,2026-09-16T17:42:53Z,2026-09-16T17:42:53Z
9354849008187,Youfoodz High Protein Chicken & Red Curry Sauce With Quinoa Rice & Veg,2026-09-16T17:42:53Z,2026-09-16T17:42:53Z
9354849008194,youfoodz High Protein Chicken In Cheesy Spinach Sauce,2026-09-16T17:42:53Z,2026-09-16T17:42:53Z
9354849008200,Youfoodz Rich Tomato Lamb,2026-09-16T17:42:53Z,2026-09-16T17:42:53Z
9354849008224,YOUFOODZ Chicken & Chorizo Fusilli with Sundried Tomato Sauce,2026-09-16T17:42:53Z,2026-09-16T17:42:53Z
9354849008248,YOUFOODZ Chicken & Bacon Pasta with Rich Tomato Sauce,2026-09-16T17:42:53Z,2026-09-16T17:42:53Z
9354849008255,Youfoodz White Fish in Curry Sauce,2026-09-16T17:42:53Z,2026-09-16T17:42:53Z
9354849008279,Youfoodz Parmesan Carbonara Tortellini,2026-09-16T17:42:53Z,2026-09-16T17:42:53Z
9354849008286,Youfoodz Mediterranean Lamb,2026-09-16T17:42:53Z,2026-09-16T17:42:53Z
9354849008293,YOUFOODZ Creamy Mushroom Pork with Mash & Peas,2026-09-16T17:42:53Z,2026-09-16T17:42:53Z
9354849008330,youfoodz Thyme Paprika Chicken,2026-09-16T17:42:53Z,2026-09-16T17:42:53Z
9354849008347,youfoodz Crumbed Chicken Bites,2026-09-16T17:42:53Z,2026-09-16T17:42:53Z
9354849008385,Youfoodz Marinated Chicken & Teriyaki Noodles With Broccoli,2026-09-16T17:42:53Z,2026-09-16T17:42:53Z
9354849008392,Youfoodz Chilli Satay Noodles,2026-09-16T17:42:53Z,2026-09-16T17:42:53Z
9354849008439,Youfoodz American Chicken & Potatoe Salad With Buffalo Sauce,2026-09-16T17:42:53Z,2026-09-16T17:42:53Z
9354849008446,Youfoodz High Protein Chicken Bites & Chickpea Salad,2026-09-16T17:42:53Z,2026-09-16T17:42:53Z
9354849008491,Youfoodz Mushroom And Spinach Lasagne,2026-09-16T17:42:53Z,2026-09-16T17:42:53Z
9354849008514,Youfoodz High Protein Mediterranean Beer With Chickpea Salad And Beans,2026-09-16T17:42:53Z,2026-09-16T17:42:53Z
9354849008521,Youfoodz High Protein Spiced Chicken And Spanish Potatoes,2026-09-16T17:42:53Z,2026-09-16T17:42:53Z
9354849008538,Youfoodz Vegetarian Chilli With Avocado Salsa,2026-09-16T17:42:53Z,2026-09-16T17:42:53Z
9354849008552,Youfoodz High Protein Hawaiian Pork With Rice And Chipotle Sauce,2026-09-16T17:42:53Z,2026-09-16T17:42:53Z
9354849008583,Youfoodz High Protein Ginger-Soy Chicken With Veggie Loaded Brown Rice,2026-09-16T17:42:53Z,2026-09-16T17:42:53Z
9354849008590,Youfoodz High Protein Cacciatore Pork & Mushrooms With Mashed Potatoes,2026-09-16T17:42:53Z,2026-09-16T17:42:53Z
9354849008651,YouFoodz Hake in a Roast Tomato Sauce,2026-09-16T17:42:53Z,2026-09-16T17:42:53Z
9354849008668,Youfoodz High Protein Chicken In Creamy Dill Sauce With Fusilli & Peas,2026-09-16T17:42:53Z,2026-09-16T17:42:53Z
9354849008675,Youfoodz Creamy chickpea curry with rice,2026-09-16T17:42:53Z,2026-09-16T17:42:53Z
9354849008699,Youfoodz High Protein Spicy Sriracha Chicken With Cheesy Mac & Broccoli,2026-09-16T17:42:53Z,2026-09-16T17:42:53Z
9354849008729,YOUFOODZ Tex-Mex Chipotle Chicken with Loaded Creamy Potato Salad,2026-09-16T17:42:53Z,2026-09-16T17:42:53Z
9354849008736,Youfoodz Buffalo Chicken Loaded Potatoes with Bacon & Sour Cream,2026-09-16T17:42:53Z,2026-09-16T17:42:53Z
9354849008750,Youfoodz Chicken Shawarma,2026-09-16T17:42:53Z,2026-09-16T17:42:53Z
9354849008767,Youfoodz High protein roast pork,2026-09-16T17:42:53Z,2026-09-16T17:42:53Z
9354849008774,Youfoodz Portuguese Chicken,2026-09-16T17:42:53Z,2026-09-16T17:42:53Z
9354849008798,Youfoodz Beef In Red Curry Sauce With Spiced Yellow Rice,2026-09-16T17:42:53Z,2026-09-16T17:42:53Z
9354849008811,Youfoodz Chicken Burrito Bowl,2026-09-16T17:42:53Z,2026-09-16T17:42:53Z
9354849008828,Youfoodz Philly Beef Pasta with Cheesy Sauce,2026-09-16T17:42:53Z,2026-09-16T17:42:53Z
9354849008842,Youfoodz Roast Pork & Mushroom Sauce,2026-09-16T17:42:53Z,2026-09-16T17:42:53Z
9354849008859,Youfoodz Sicilian-style Pork Spaghetti,2026-09-16T17:42:53Z,2026-09-16T17:42:53Z
9354849008927,Youfoodz Lemon And Garlic Chicken,2026-09-16T17:42:53Z,2026-09-16T17:42:53Z
9354849008965,Youfoodz Vietnamese-style Beef Mince,2026-09-16T17:42:53Z,2026-09-16T17:42:53Z
9354849008972,YOUFOODZ Beef & Chorizo Pasta with Sundried Tomato Sauce,2026-09-16T17:42:53Z,2026-09-16T17:42:53Z
9354849009009,Youfoodz High Protein Pesto Chicken With Sweet Potato Mash & Peas,2026-09-16T17:42:53Z,2026-09-16T17:42:53Z
9354849009023,YOUFOODZ Caramelised Onion Gravy Pork with Rustic Cut Potato,2026-09-16T17:42:53Z,2026-09-16T17:42:53Z
9354849009030,YOUFOODZ Peppercorn Beef with Garlic Green Beans,2026-09-16T17:42:53Z,2026-09-16T17:42:53Z
9354849009054,You Foodz Iced Caffé Latte,2026-09-16T17:42:53Z,2026-09-16T17:42:53Z
9354849009085,Youfoodz Fuel'd Bacon & Cheeseburger Bowl,2026-09-16T17:42:53Z,2026-09-16T17:42:53Z
9354849009115,Youfoodz Chicken Tikka Masala,2026-09-16T17:42:53Z,2026-09-16T17:42:53Z
9354849009122,Youfoodz Mediterranean Tomato Chicken With Seasoned Potatoes & Greens,2026-09-16T17:42:53Z,2026-09-16T17:42:53Z
9354849009153,Youfoodz Creamy Chicken And Ham Alfredo,2026-09-16T17:42:53Z,2026-09-16T17:42:53Z
9354849009160,YouFoodz Loaded Potatoes,2026-09-16T17:42:53Z,2026-09-16T17:42:53Z
9354849009177,YOUFOODZ Sicilian Chicken Pasta,2026-09-16T17:42:53Z,2026-09-16T17:42:53Z
9354849009214,Youfoodz mexican burrito bowl,2026-09-16T17:42:53Z,2026-09-16T17:42:53Z
9354849009221,Youfoodz High Protein BBQ Pork,2026-09-16T17:42:53Z,2026-09-16T17:42:53Z
9354849009238,YouFoodz Chinese Pork Noodle Stir Fry 320 g,2026-09-16T17:42:53Z,2026-09-16T17:42:53Z
9354849009276,Youfoodz Mediterranean Pork,2026-09-16T17:42:53Z,2026-09-16T17:42:53Z
9354849009283,Youfoodz High Protein Creamy Cajun Chicken,2026-09-16T17:42:53Z,2026-09-16T17:42:53Z
9354849009290,Youfoodz Green Goddess Chicken Bowl,2026-09-16T17:42:53Z,2026-09-16T17:42:53Z
9354849009337,YouFoodz Indian Lamb Tikka Masala,2026-09-16T17:42:53Z,2026-09-16T17:42:53Z
9354849009344,Youfodz Szechuan Chicken,2026-09-16T17:42:53Z,2026-09-16T17:42:53Z
9354849009351,Youfoodz Roast Lamb And Minted Gravy 330g,2026-09-16T17:42:53Z,2026-09-16T17:42:53Z
9354849009368,Youdoodz Moroccan chicken And Chickpea Couscous,2026-09-16T17:42:53Z,2026-09-16T17:42:53Z
9354849009375,Youfoodz Chicken Satay Noodles,2026-09-16T17:42:53Z,2026-09-16T17:42:53Z
9354849009399,Youfoodz Greek-style Lamb & Lentils,2026-09-16T17:42:53Z,2026-09-16T17:42:53Z
9354849009405,YOUFOODZ Thai Lime Chicken with Edamame Veggie Rice,2026-09-16T17:42:53Z,2026-09-16T17:42:53Z
9354849009412,Youfoodz Baked Peri Peri Hake With Dill Legume Salad,2026-09-16T17:42:53Z,2026-09-16T17:42:53Z
9354849009429,YouFoodz Harissa Chicken,2026-09-16T17:42:53Z,2026-09-16T17:42:53Z
9354849009436,Youfoodz Buffalo Chicken & Bacon Slaw,2026-09-16T17:42:53Z,2026-09-16T17:42:53Z
9354849009443,Youfoodz Spicy BBQ Chicken & Green Beans,2026-09-16T17:42:53Z,2026-09-16T17:42:53Z
9354849009467,YouFoodz Lemon Butter Hake,2026-09-16T17:42:53Z,2026-09-16T17:42:53Z
9354849009474,Youfoodz Roast Pork & Gravy,2026-09-16T17:42:53Z,2026-09-16T17:42:53Z
9354849009481,Youfoodz Japanese Pork Curry,2026-09-16T17:42:53Z,2026-09-16T17:42:53Z
9354849009535,Youfoodz Italian Lamb Orecchiette,2026-09-16T17:42:53Z,2026-09-16T17:42:53Z
9354849009542,Youfoodz Cheese And Spinach Lasagna,2026-09-16T17:42:53Z,2026-09-16T17:42:53Z
9354849009566,YOUFOODZ Roast Beef & Gravy with Sweet Potato Mash,2026-09-16T17:42:53Z,2026-09-16T17:42:53Z
9354849009610,YouFoodz American Cheeseburger Bowl With Bacon,2026-09-16T17:42:53Z,2026-09-16T17:42:53Z
9354849009627,Youfoodz Mac & Cheese,2026-09-16T17:42:53Z,2026-09-16T17:42:53Z
9354849009634,Youfoodz Bacon & Mustard Potato Salad,2026-09-16T17:42:53Z,2026-09-16T17:42:53Z
9354849009658,YOUFOODZ Greens Medley,2026-09-16T17:42:53Z,2026-09-16T17:42:53Z
9354849009672,Youfoodz Goodness Green,2026-09-16T17:42:53Z,2026-09-16T17:42:53Z
9354849009702,Youfoodz Lemongrass Beef Noodles,2026-09-16T17:42:53Z,2026-09-16T17:42:53Z
9354849009719,Youfoodz Vietnamese Beef Bowl,2026-09-16T17:42:53Z,2026-09-16T17:42:53Z
9354849009726,Youfoodz Mediterranean Style Beef,2026-09-16T17:42:53Z,2026-09-16T17:42:53Z
9354849009740,YOUFOODZ Italian Beef Ragu,2026-09-16T17:42:53Z,2026-09-16T17:42:53Z
9354849009764,Youfoodz FUEL'D Italian Beef Ragu,2026-09-16T17:42:53Z,2026-09-16T17:42:53Z
9354849009771,Youfoodz Indian Butter Tofu,2026-09-16T17:42:53Z,2026-09-16T17:42:53Z
9354849009788,Youfoodz Tofu Satay Noodles,2026-09-16T17:42:53Z,2026-09-16T17:42:53Z
9354849009832,YouFoodz Creamy Mushroom Chicken,2026-09-16T17:42:53Z,2026-09-16T17:42:53Z
9354849009856,Youfoodz Texas Beef with Loaded Mash & Broccoli,2026-09-16T17:42:53Z,2026-09-16T17:42:53Z
9354849009870,Youfoodz Herbed Chicken & Potatoes,2026-09-16T17:42:53Z,2026-09-16T17:42:53Z
9354849009917,Youfoodz Mediterranean Chicken And Risoni,2026-09-16T17:42:53Z,2026-09-16T17:42:53Z
9354849009931,Youfoodz Peri Peri Chicken With Summer Salad,2026-09-16T17:42:53Z,2026-09-16T17:42:53Z
9354849009948,Youfoodz Portuguese Lamb,2026-09-16T17:42:53Z,2026-09-16T17:42:53Z
9354849009955,YOUFOODZ Smoked BBQ Chicken with Cheese & Bacon Potatoes,2026-09-16T17:42:53Z,2026-09-16T17:42:53Z
9354849009962,Youfoodz Summer Chicken Veggie Bowl,2026-09-16T17:42:53Z,2026-09-16T17:42:53Z
9354849009979,YouFoodz Herbed Chicken With Bacon Mac & Cheese,2026-09-16T17:42:53Z,2026-09-16T17:42:53Z
9354849009986,YouFoods Greek Chicken,2026-09-16T17:42:53Z,2026-09-16T17:42:53Z
9354849009993,Youfoodz Tuscan Chicken,2026-09-16T17:42:53Z,2026-09-16T17:42:53Z
9354849010005,youFOODZ Juice,2026-09-16T17:42:53Z,2026-09-16T17:42:53Z
9354849010012,YOUFOODZ Orange Juice,2026-09-16T17:42:53Z,2026-09-16T17:42:53Z
9354849010029,YOUFOODZ Thanks a Melon,2026-09-16T17:42:53Z,2026-09-16T17:42:53Z
9354849010036,Youfoodz Awaken Juice,2026-09-16T17:42:53Z,2026-09-16T17:42:53Z
9354849010050,YouFoodz Blue Tropics,2026-09-16T17:42:53Z,2026-09-16T17:42:53Z
9354849010067,Youfoodz Pink Collagen Glow,2026-09-16T17:42:53Z,2026-09-16T17:42:53Z
9354849010081,Youfoodz Golden Sunrise Juice,2026-09-16T17:42:53Z,2026-09-16T17:42:53Z
9354849010098,YOUFOODZ Go-Go Greens Juice,2026-09-16T17:42:53Z,2026-09-16T17:42:53Z
9354849010104,Youfoodz Pink Oasis,2026-09-16T17:42:53Z,2026-09-16T17:42:53Z
9354849010111,Youfoodz Tropical Tango Juice,2026-09-16T17:42:53Z,2026-09-16T17:42:53Z
9354849010159,Youfoodz Herb Crusted Chicken,2026-09-16T17:42:53Z,2026-09-16T17:42:53Z
9354849010166,Youfoodz Paprika Chicken with Capsicum Relish & Coriander Rice,2026-09-16T17:42:53Z,2026-09-16T17:42:53Z
9354849010197,youfoodz Beef & Mushroom Stroganoff,2026-09-16T17:42:53Z,2026-09-16T17:42:53Z
9354849010210,youfoodz Pork & Beef Ragout with High Protein Fusilli & Parmesan Cheese,2026-09-16T17:42:53Z,2026-09-16T17:42:53Z
9354849010227,Youfoodz Crumbed Chicken Bites,2026-09-16T17:42:53Z,2026-09-16T17:42:53Z
9354849010234,YOUFOODZ Lemon Butter Chicken with Roasted Carrots & Broccoli,2026-09-16T17:42:53Z,2026-09-16T17:42:53Z
9354849010340,Youfoodz Fuel'd Mexican Chicken Burrito Bowl 404 g,2026-09-16T17:42:53Z,2026-09-16T17:42:53Z
9354849010357,YouFoodz Beef Stroganoff,2026-09-16T17:42:53Z,2026-09-16T17:42:53Z
9354849010364,Youfoodz Fuel'd Texas BBQ Chicken,2026-09-16T17:42:53Z,2026-09-16T17:42:53Z
9354849010388,YOUFOODZ FUEL'D Chicken Pesto Pasta,2026-09-16T17:42:53Z,2026-09-16T17:42:53Z
9354849010395,Youfoodz Fuel'd Chicken in Sundried Tomato Sauce,2026-09-16T17:42:53Z,2026-09-16T17:42:53Z
9354849010418,Youfoodz Fuel'D Chicken in Satay Sauce,2026-09-16T17:42:53Z,2026-09-16T17:42:53Z
9354849010425,YOUFOODZ Alabama Fried Chicken with Loaded Mash & Roasted Corn,2026-09-16T17:42:53Z,2026-09-16T17:42:53Z
9354849010494,Youfoodz Fuel’d Chicken Fajita,2026-09-16T17:42:53Z,2026-09-16T17:42:53Z
9354849010517,Youfoodz Creamy Mushroom Chicken,2026-09-16T17:42:53Z,2026-09-16T17:42:53Z
9354849010531,YouFoodz Sticky Lemon Chicken,2026-09-16T17:42:53Z,2026-09-16T17:42:53Z
9354849010548,Youfoodz Texas BBQ Chicken,2026-09-16T17:42:53Z,2026-09-16T17:42:53Z
9354849010593,Youfoodz Vegetarian Chilli,2026-09-16T17:42:53Z,2026-09-16T17:42:53Z
9354849010609,Youfoodz Thai Green Chicken Curry,2026-09-16T17:42:53Z,2026-09-16T17:42:53Z
9354849010647,YOUFOODZ Spicy Chicken & Bacon Fettuccine with Parmesan & Amatriciana Sauce,2026-09-16T17:42:53Z,2026-09-16T17:42:53Z
9354849010760,Youfoodz Chinese Chicken In Black Bean Sauce,2026-09-16T17:42:53Z,2026-09-16T17:42:53Z
9354849010791,Youfoodz Spicy Prawns With Sesame Fried Rice,2026-09-16T17:42:53Z,2026-09-16T17:42:53Z
9354849010807,Youfoodz Chinese Sweet And Sour Chicken,2026-09-16T17:42:53Z,2026-09-16T17:42:53Z
9354849010821,Youfoodz Nashville Hot Honey Chicken,2026-09-16T17:42:53Z,2026-09-16T17:42:53Z
9354849010845,YOUFOODZ Japanese Teriyaki Chicken with Rice & Broccoli,2026-09-16T17:42:53Z,2026-09-16T17:42:53Z
9354849010852,Youfoodz Southern Smoked Chicken with Bacon Loaded Mac & Cheese,2026-09-16T17:42:53Z,2026-09-16T17:42:53Z
9354849010876,Youfoodz Chinese King Pao Chicken,2026-09-16T17:42:53Z,2026-09-16T17:42:53Z
9354849010883,Youfoodz Lamb Gyros Plate,2026-09-16T17:42:53Z,2026-09-16T17:42:53Z
9354849010890,Youfoodz Chilli Peanut Beef With Rice And Edamame,2026-09-16T17:42:53Z,2026-09-16T17:42:53Z
9354849010982,Youfoodz Chicken In Tomato Bacon Sauce,2026-09-16T17:42:53Z,2026-09-16T17:42:53Z
9354849011026,Youfoodz Turkish Lamb Doner,2026-09-16T17:42:53Z,2026-09-16T17:42:53Z
9354849011125,Youfoodz Roast Lamb With Lemon Butter Sauce and Greens,2026-09-16T17:42:53Z,2026-09-16T17:42:53Z
9354849011132,YouFoodz Pork Tomato Ragout with Green Penne & Peas,2026-09-16T17:42:53Z,2026-09-16T17:42:53Z
9354849011156,YOUFOODZ Pork Fettuccine,2026-09-16T17:42:53Z,2026-09-16T17:42:53Z
9354849011163,Youfoodz Creamy Parsley Pork,2026-09-16T17:42:53Z,2026-09-16T17:42:53Z
9354849011200,Youfoodz Tortellini all’Amatriciana,2026-09-16T17:42:53Z,2026-09-16T17:42:53Z
9354849011231,Youfoodz Roast Beef with Creamy Dill Sauce & Roast Veggies,2026-09-16T17:42:53Z,2026-09-16T17:42:53Z
9354849011248,Youfoodz Philly-style Beef,2026-09-16T17:42:53Z,2026-09-16T17:42:53Z
9354849011347,Youfoodz Thai Chicken Yellow Curry,2026-09-16T17:42:53Z,2026-09-16T17:42:53Z
9354849011392,YouFoodz Cheesy Herbed Chicken with Roast Potatoes & Peas,2026-09-16T17:42:53Z,2026-09-16T17:42:53Z
9354849011408,youfoodz Charred Chicken with Tomato Ragout & Veggies,2026-09-16T17:42:53Z,2026-09-16T17:42:53Z
9354849011439,YouFoodz Paprika Chicken With Feta Risoni Salad & Green Beans,2026-09-16T17:42:53Z,2026-09-16T17:42:53Z
9354849011446,YouFoodz American-Style Loaded Fries,2026-09-16T17:42:53Z,2026-09-16T17:42:53Z
9354849011521,Youfoodz Italian Fried Chicken,2026-09-16T17:42:53Z,2026-09-16T17:42:53Z
9354849011576,YOUFOODZ Red Curry Prawns with Loaded Quinoa & Broccoli,2026-09-16T17:42:53Z,2026-09-16T17:42:53Z
9354849011583,Youfoodz Garlic Prawn Amatriciana,2026-09-16T17:42:53Z,2026-09-16T17:42:53Z
9354849011590,youfoodz Prawns in Sundried Tomato Sauce with Spaghetti & Parmesan,2026-09-16T17:42:53Z,2026-09-16T17:42:53Z
9354849011606,youfoodz Lemon Butter Prawns with Fettucine & Capers,2026-09-16T17:42:53Z,2026-09-16T17:42:53Z
9354849011613,Youfoodz Thai Lime Prawns,2026-09-16T17:42:53Z,2026-09-16T17:42:53Z
9354849011699,YouFoodz Chicken Noodle Salad With Peanut Lime Dressing,2026-09-16T17:42:53Z,2026-09-16T17:42:53Z
9354849011705,YouFoodz Smokey Chicken & Bacon Potato Salad,2026-09-16T17:42:53Z,2026-09-16T17:42:53Z
9354849011729,Upufoodz Chicken Pasta,2026-09-16T17:42:53Z,2026-09-16T17:42:53Z
9354849011736,Youfoodz Chicken Pesto Pasta Salad,2026-09-16T17:42:53Z,2026-09-16T17:42:53Z
9354849011743,Youfoodz Mushroom & Cheese Tortellini With Creamy Sauce,2026-09-16T17:42:53Z,2026-09-16T17:42:53Z
9354849011750,Youfoodz Green Chicken Curry,2026-09-16T17:42:53Z,2026-09-16T17:42:53Z
9354849011781,Youfoodz Chicken Burrito Bowl With Sour Cream,2026-09-16T17:42:53Z,2026-09-16T17:42:53Z
9354849011798,Youfoodz Beef Lasagna,2026-09-16T17:42:53Z,2026-09-16T17:42:53Z
9354849011804,Youfoodz Katsu Chicken With Basmati Rice,2026-09-16T17:42:53Z,2026-09-16T17:42:53Z
9354849011811,Youfoodz Nonna’s Spag Bol,2026-09-16T17:42:53Z,2026-09-16T17:42:53Z
9354849011828,YouFoodz Butter Chicken With Brown Rice (Small Meal),2026-09-16T17:42:53Z,2026-09-16T17:42:53Z
9354849011842,Youfoodz Crumbed Chicken Bites,2026-09-16T17:42:53Z,2026-09-16T17:42:53Z
9354849011866,Youfoodz Chicken Carbonara (small),2026-09-16T17:42:53Z,2026-09-16T17:42:53Z
9354849011873,YOUFOODZ Roast Chicken Dinner,2026-09-16T17:42:53Z,2026-09-16T17:42:53Z
9354849011903,Youfoodz Chicken Risoni Salad With Feta And Lemon Vinaigrette,2026-09-16T17:42:53Z,2026-09-16T17:42:53Z
9354849011910,Youfoods Chicken Caesar Pasta Salad,2026-09-16T17:42:53Z,2026-09-16T17:42:53Z
9354849011934,Youfoodz Chicken Lentil Rice Salad,2026-09-16T17:42:53Z,2026-09-16T17:42:53Z
9354849011941,YOUFOODZ FUEL'D Beef Lasagne,2026-09-16T17:42:53Z,2026-09-16T17:42:53Z
9354849011958,YOUFOODZ Chicken Katsu Curry with Basmati Rice,2026-09-16T17:42:53Z,2026-09-16T17:42:53Z
9354849011965,Youfoodz Chicken Mexican rice salad,2026-09-16T17:42:53Z,2026-09-16T17:42:53Z
9354849011972,YOUFOODZ Sous Vide Pork with Roasted Veggies & Pepper Gravy,2026-09-16T17:42:53Z,2026-09-16T17:42:53Z
9354849011996,Youfoodz Healthy Balanced,2026-09-16T17:42:53Z,2026-09-16T17:42:53Z
9354849012009,youfoodz Peanut Lime Pork with Supergrains & Greens,2026-09-16T17:42:53Z,2026-09-16T17:42:53Z
9354849012016,YouFoodz Baked Hake In Creamy Mushroom Sauce,2026-09-16T17:42:53Z,2026-09-16T17:42:53Z
9354849012023,YOUFOODZ FUEL'D Chicken Katsu Curry & Rice,2026-09-16T17:42:53Z,2026-09-16T17:42:53Z
9354849012085,YOUFOODZ Roast Chicken Supergrain Bowl with Cauliflower & Capsicum Sauce,2026-09-16T17:42:53Z,2026-09-16T17:42:53Z
9354849012092,"Youfoodz Roast Chicken in Capsicum Sauce with Brown Rice, Quinoa & Chickpeas",2026-09-16T17:42:53Z,2026-09-16T17:42:53Z
9354849012108,youfoodz 5 Veggie Fettuccine Bolognese,2026-09-16T17:42:53Z,2026-09-16T17:42:53Z
9354849012115,YOUFOODZ Chicken Fettuccine Cacciatore with Mushrooms & Broccoli,2026-09-16T17:42:53Z,2026-09-16T17:42:53Z
9354849012139,YOUFOODZ Teriyaki Beef Supergrain Bowl,2026-09-16T17:42:53Z,2026-09-16T17:42:53Z
9354849012146,Youfoodz Sticky Lemon Chicken with Supergrains & Bamboo Shoots,2026-09-16T17:42:53Z,2026-09-16T17:42:53Z
9354849012160,Youfoodz Chicken Supergrain Bowl with Capsicum Sauce & Greens,2026-09-16T17:42:53Z,2026-09-16T17:42:53Z
9354849012177,Youfoodz Creamy Sundried Tomato Fettuccine with Roast Pumpkin & Parmesan,2026-09-16T17:42:53Z,2026-09-16T17:42:53Z
9354849012184,youfoodz Smokey Alabama Chicken,2026-09-16T17:42:53Z,2026-09-16T17:42:53Z
9354849012191,YOUFOODZ Seasoned Greek Chicken with Greens & Chive Potatoes,2026-09-16T17:42:53Z,2026-09-16T17:42:53Z
9354849012207,Youfoodz Mediterranean Harissa Chicken,2026-09-16T17:42:53Z,2026-09-16T17:42:53Z
9354849012214,Youfoodz Roast Chicken in Bacon Parsley Sauce,2026-09-16T17:42:53Z,2026-09-16T17:42:53Z
9354849012221,YOUFOODZ Roast Beef in Creamy Parsley Sauce,2026-09-16T17:42:53Z,2026-09-16T17:42:53Z
9354849012252,YOUFOODZ Loaded Sweet Potato & Broccoli Side Salad with Bacon,2026-09-16T17:42:53Z,2026-09-16T17:42:53Z
9354849012269,Youfoodz Brown Rice And Greens Salad,2026-09-16T17:42:53Z,2026-09-16T17:42:53Z
9354849012283,Youfoodz Potato Chickpea and Chorizo,2026-09-16T17:42:53Z,2026-09-16T17:42:53Z
9354849012290,Youfoodz Sesame Fried Rice,2026-09-16T17:42:53Z,2026-09-16T17:42:53Z
9354849012306,Youfoodz Roasted Garlic And Herb Potatoes,2026-09-16T17:42:53Z,2026-09-16T17:42:53Z
9354849012313,Youfoodz Salsa Verde Chicken Bowl,2026-09-16T17:42:53Z,2026-09-16T17:42:53Z
9354849012320,Youfoodz Thyme & Paprika Roasted Chicken with Greens & Yoghurt Sauce,2026-09-16T17:42:53Z,2026-09-16T17:42:53Z
9354849012337,youfoodz Roast Chicken in Mushroom Sauce,2026-09-16T17:42:53Z,2026-09-16T17:42:53Z
9354849012344,YOUFOODZ Sundried Tomato Chicken with Roast Potatoes & Greens,2026-09-16T17:42:53Z,2026-09-16T17:42:53Z
9354849012375,YouFoods Roast Beef and Minted Gravy,2026-09-16T17:42:53Z,2026-09-16T17:42:53Z
9354849012405,Youfoodz Marry Me Chicken Pasta 460g,2026-09-16T17:42:53Z,2026-09-16T17:42:53Z
9354849012450,YOUFOODZ Singapore Chicken Noodles,2026-09-16T17:42:53Z,2026-09-16T17:42:53Z
9354849012474,Youfoodz Thai Red Curry Beef With Hokkien Noodles,2026-09-16T17:42:53Z,2026-09-16T17:42:53Z
9354849012559,YOUFOODZ Sticky Cashew Chicken with Bacon Sesame Fried Rice,2026-09-16T17:42:53Z,2026-09-16T17:42:53Z
9354849012566,Youfoodz Mexican Burrito Bowl,2026-09-16T17:42:53Z,2026-09-16T17:42:53Z
9354849012672,YOUFOODZ FUEL'D Classic Roast Chicken & Mash,2026-09-16T17:42:53Z,2026-09-16T17:42:53Z
9354849012689,YoufoodZ Chicken,2026-09-16T17:42:53Z,2026-09-16T17:42:53Z
9354849012696,You Foodz Roast Pork & Gravy,2026-09-16T17:42:53Z,2026-09-16T17:42:53Z
9354849012719,Youfoodz Chicken & Chorizo Fusilli,2026-09-16T17:42:53Z,2026-09-16T17:42:53Z
9354849012757,YOUFOODZ Philly Beef Pasta,2026-09-16T17:42:53Z,2026-09-16T17:42:53Z
9354849012788,Youfoodz Roast Lamb & Veg,2026-09-16T17:42:53Z,2026-09-16T17:42:53Z
9354849013013,YOUFOODZ Lebanese Chicken Shawarma with Roast Potatoes & Spicy Sour Cream,2026-09-16T17:42:53Z,2026-09-16T17:42:53Z
9354849013044,Youfoodz Spicy Chicken & Stir-fry Veggies,2026-09-16T17:42:53Z,2026-09-16T17:42:53Z
9354853000160,made with plants,2026-09-16T17:42:53Z,2026-09-16T17:42:53Z
9354853000214,Made With Plants Sesame Cream Chese 250 g,2026-09-16T17:42:53Z,2026-09-16T17:42:53Z
9354853000511,PlantAsia Plant-Based Roast Chicken 360g,2026-09-16T17:42:53Z,2026-09-16T17:42:53Z
9354853000559,Made With Plants Thickened cream,2026-09-16T17:42:53Z,2026-09-16T17:42:53Z
9354853000566,Made With Plants Dairy free sour cream,2026-09-16T17:42:53Z,2026-09-16T17:42:53Z
9354853000573,Made With Plants Dairy free mozzarella 200g pack,2026-09-16T17:42:53Z,2026-09-16T17:42:53Z
9354853000580,Made With Plants Cheddar Dairy Free Slices,2026-09-16T17:42:53Z,2026-09-16T17:42:53Z
9354853000597,Block CHEDDAR,2026-09-16T17:42:53Z,2026-09-16T17:42:53Z
9354853000603,Made With Plants tofu teriaki 200 g,2026-09-16T17:42:53Z,2026-09-16T17:42:53Z
9354853000627,Woolies Sweet chilli tofu,2026-09-16T17:42:53Z,2026-09-16T17:42:53Z
9354853000665,Made With Plants Shredded cheddar,2026-09-16T17:42:53Z,2026-09-16T17:42:53Z
9354853000672,Shredded Parmesan Dairy Free,2026-09-16T17:42:53Z,2026-09-16T17:42:53Z
9354853000689,Plant Asia Chicken skewers 2 skewers,2026-09-16T17:42:53Z,2026-09-16T17:42:53Z
9354853000696,Plant Asia Ginger beef and bok choi 300 g,2026-09-16T17:42:53Z,2026-09-16T17:42:53Z
9354853000702,Plant based ribs with plum sauce 300 g,2026-09-16T17:42:53Z,2026-09-16T17:42:53Z
9354853000719,Made with plants Cheeseburger Sauce Vegan,2026-09-16T17:42:53Z,2026-09-16T17:42:53Z
9354853000924,Roast duck,2026-09-16T17:42:53Z,2026-09-16T17:42:53Z
9354853001099,Made With Plants Vegan Meat-free Steaks,2026-09-16T17:42:53Z,2026-09-16T17:42:53Z
9354853001112,Made With Plants Meat free deli-style pepperoni,2026-09-16T17:42:53Z,2026-09-16T17:42:53Z
9354853001129,Get plantd Deli style chicken,2026-09-16T17:42:53Z,2026-09-16T17:42:53Z
9354853001136,meat free deli-style pepperoni 100 g,2026-09-16T17:42:53Z,2026-09-16T17:42:53Z
9354853001211,Get Plant’d Steak - Meat Free 100 g,2026-09-16T17:42:53Z,2026-09-16T17:42:53Z
9354853001273,Get planted Roast chicken,2026-09-16T17:42:53Z,2026-09-16T17:42:53Z
9354853001297,Made With Plants Meat-free Roast Duck,2026-09-16T17:42:53Z,2026-09-16T17:42:53Z
9354853001341,Made With Plants Meat-free bacon,2026-09-16T17:42:53Z,2026-09-16T17:42:53Z
9354853001440,Made With Plants Meat-free Veggie Slices Deli Style,2026-09-16T17:42:53Z,2026-09-16T17:42:53Z
9354853001457,Made with plants Block cheddar dairy-free,2026-09-16T17:42:53Z,2026-09-16T17:42:53Z
9354853001495,Made With Plants Mozzarella Dairy Free,2026-09-16T17:42:53Z,2026-09-16T17:42:53Z
9354853001501,Made With Plants Dairy Free Cheddar Cheese,2026-09-16T17:42:53Z,2026-09-16T17:42:53Z
9354853001532,Made With Plants Slices Cheddar Dairy-Free,2026-09-16T17:42:53Z,2026-09-16T17:42:53Z
9354853001556,Made with Plants Meat-Free pepperoni,2026-09-16T17:42:53Z,2026-09-16T17:42:53Z
9354853001563,Made With Plants Dairy Free Parmesan,2026-09-16T17:42:53Z,2026-09-16T17:42:53Z
9354853001594,Made With Plants Meat-free Ham,2026-09-16T17:42:53Z,2026-09-16T17:42:53Z
9354853001600,MADE with plants MEAT-FREE BACON,2026-09-16T17:42:53Z,2026-09-16T17:42:53Z
9354853001624,Made with Plants Meat-Free Roast Chicken,2026-09-16T17:42:53Z,2026-09-16T17:42:53Z
9354853001662,Made with Plants Dairy-Free Sour Cream,2026-09-16T17:42:53Z,2026-09-16T17:42:53Z
9354853001709,Made With Plants Dairy-Free Cheddar,2026-09-16T17:42:53Z,2026-09-16T17:42:53Z
9354853001723,Made With Plants Dairy Free Cheddar Slices 10 x 20g,2026-09-16T17:42:53Z,2026-09-16T17:42:53Z
9354853001730,Made With Plants Dairy Free Chedder,2026-09-16T17:42:53Z,2026-09-16T17:42:53Z
9354864001637,Zonzo Estate Scoperta Pinot Grigio 750mL 750 mL,2026-09-16T17:42:53Z,2026-09-16T17:42:53Z
9354882000100,Dulwich Bakery Apricot And Almond Biscuits,2026-09-16T17:42:53Z,2026-09-16T17:42:53Z
9354882000155,Dulwich Bakery Chocolate Heart,2026-09-16T17:42:53Z,2026-09-16T17:42:53Z
9354882000186,Dulwich bakery Double choc chip cookies,2026-09-16T17:42:53Z,2026-09-16T17:42:53Z
9354882000261,Dulwich Melting Moment,2026-09-16T17:42:53Z,2026-09-16T17:42:53Z
9354882005105,Dulwich Bakery Beef Steak Cocktail Pies,2026-09-16T17:42:53Z,2026-09-16T17:42:53Z
9354882006881,Dulwich Bakery Date & Walnut Cake,2026-09-16T17:42:53Z,2026-09-16T17:42:53Z
9354882006898,Dulwich Bakery Apricot And Sultana Cake,2026-09-16T17:42:53Z,2026-09-16T17:42:53Z
9354882006928,Dulwich Bakery Carrot & Walnut Cake,2026-09-16T17:42:53Z,2026-09-16T17:42:53Z
9354882006966,Dulwich Bakery Vanilla Bean Cake,2026-09-16T17:42:53Z,2026-09-16T17:42:53Z
9354882008144,Dulwich Bakery Double Choc Chip Muffin,2026-09-16T17:42:53Z,2026-09-16T17:42:53Z
9354914000009,Protein puffs - mighty cheddar 43g,2026-09-16T17:42:53Z,2026-09-16T17:42:53Z
9354914000092,Protein puffs salt & vinegar punch 50 g,2026-09-16T17:42:53Z,2026-09-16T17:42:53Z
9354914000108,Protein puffs,2026-09-16T17:42:53Z,2026-09-16T17:42:53Z
9354925000401,Extra Virgin Olive Oil,2026-09-16T17:42:53Z,2026-09-16T17:42:53Z
9354949000487,Coconut yoghurt vanilla bean,2026-09-16T17:42:53Z,2026-09-16T17:42:53Z
9354966000378,PIPAN CHIPPY APL ORIG,2026-09-16T17:42:53Z,2026-09-16T17:42:53Z
9354971000097,ZOI organic Chaga Mushroom Powder 200 g,2026-09-16T17:42:53Z,2026-09-16T17:42:53Z
9355000000002,Mousse de crocodile,2026-09-16T17:42:53Z,2026-09-16T17:42:53Z
9355146526176,Spicy salmon,2026-09-16T17:42:53Z,2026-09-16T17:42:53Z
9355347005357,Nature Addict Mymix,2026-09-16T17:42:53Z,2026-09-16T17:42:53Z
9355382000034,Koko Karma Coconut Water with Pineapple,2026-09-16T17:42:53Z,2026-09-16T17:42:53Z
9355382000096,KOKO & Karma Collagen Coconut Water with Mango,2026-09-16T17:42:53Z,2026-09-16T17:42:53Z
9355382000119,Koko & Karma 100% Pure Coconut Water,2026-09-16T17:42:53Z,2026-09-16T17:42:53Z
9355382000201,Koko Karma Collagen Coconut Water With Mango,2026-09-16T17:42:53Z,2026-09-16T17:42:53Z
9355390000019,Natural beef,2026-09-16T17:42:53Z,2026-09-16T17:42:53Z
9355390000026,HORIZON FARMS Bone Broth Powder,2026-09-16T17:42:53Z,2026-09-16T17:42:53Z
9355390000033,Australian bone broth co,2026-09-16T17:42:53Z,2026-09-16T17:42:53Z
9355390000040,Five herbs,2026-09-16T17:42:53Z,2026-09-16T17:42:53Z
9355390000118,Halal turmeric,2026-09-16T17:42:53Z,2026-09-16T17:42:53Z
9355390000163,HORIZON FARMS 牛骨エキススープ ペースト,2026-09-16T17:42:53Z,2026-09-16T17:42:53Z
9355390000309,Kòllagen Duo Collagen Peptide,2026-09-16T17:42:53Z,2026-09-16T17:42:53Z
9355390005786,Bone broth halal beef,2026-09-16T17:42:53Z,2026-09-16T17:42:53Z
9355394012605,Warheads,2026-09-16T17:42:53Z,2026-09-16T17:42:53Z
9355397000135,Chopped Spinach 1 kg,2026-09-16T17:42:53Z,2026-09-16T17:42:53Z
9355413001030,Desi Kothi Mango Ice Cream,2026-09-16T17:42:53Z,2026-09-16T17:42:53Z
9355414000049,Southern Style Pulled Pork Dip,2026-09-16T17:42:53Z,2026-09-16T17:42:53Z
9355414000223,peckish thins,2026-09-16T17:42:53Z,2026-09-16T17:42:53Z
9355414000247,Red Quinoa brown rice crackers 90 g,2026-09-16T17:42:53Z,2026-09-16T17:42:53Z
9355414000308,Flavoured rice crackers 90 g,2026-09-16T17:42:53Z,2026-09-16T17:42:53Z
9355414000322,Peckish Golden Honey & Soy crackers 90 g,2026-09-16T17:42:53Z,2026-09-16T17:42:53Z
9355414000414,Tzatziki Dip,2026-09-16T17:42:53Z,2026-09-16T17:42:53Z
9355414000520,Roasted sweet potato and cashew,2026-09-16T17:42:53Z,2026-09-16T17:42:53Z
9355414000605,Sweet and cream Yoghurt,2026-09-16T17:42:53Z,2026-09-16T17:42:53Z
9355414000735,Black Swan Reduced Fat French Onion Dip,2026-09-16T17:42:53Z,2026-09-16T17:42:53Z
9355414000780,Tastes of the Mediterranean,2026-09-16T17:42:53Z,2026-09-16T17:42:53Z
9355414000810,Dill and mint Tzatziki,2026-09-16T17:42:53Z,2026-09-16T17:42:53Z
9355414000827,Crunchy Roasted Almond and Chickpea Dip,2026-09-16T17:42:53Z,2026-09-16T17:42:53Z
9355414000865,Peckish Fancies -AIR BAKED LAYERS 90 g,2026-09-16T17:42:53Z,2026-09-16T17:42:53Z
9355414000889,Peckish cheeseburger,2026-09-16T17:42:53Z,2026-09-16T17:42:53Z
9355414000896,Black Swan Crafted Crispy Bacon & Caramelised Onion,2026-09-16T17:42:53Z,2026-09-16T17:42:53Z
9355414000919,BLACK SWAN BEETROOT TZATZIKI DIP,2026-09-16T17:42:53Z,2026-09-16T17:42:53Z
9355414000926,Black Swan Crafted Caramelised French Onion,2026-09-16T17:42:53Z,2026-09-16T17:42:53Z
9355414000933,guacamole,2026-09-16T17:42:53Z,2026-09-16T17:42:53Z
9355414000940,Black Swan Crafted Roasted Garlic Hommus,2026-09-16T17:42:53Z,2026-09-16T17:42:53Z
9355414000957,Smoked salmon,2026-09-16T17:42:53Z,2026-09-16T17:42:53Z
9355414000964,Black Swan Baby Spinach & Fetta Dip,2026-09-16T17:42:53Z,2026-09-16T17:42:53Z
9355414000995,Black Swan Persian style fetta dip,2026-09-16T17:42:53Z,2026-09-16T17:42:53Z
9355414001022,Creamy garlic aioli dip,2026-09-16T17:42:53Z,2026-09-16T17:42:53Z
9355414001077,Peckish ORIGINAL RICE CRACKERS 90 g,2026-09-16T17:42:53Z,2026-09-16T17:42:53Z
9355414001084,Peckish Salt & Vinegar Flavoured Rice Crackers,2026-09-16T17:42:53Z,2026-09-16T17:42:53Z
9355414001091,Peckish BARBECUE FLAVOURED RICE CRACKERS 90g,2026-09-16T17:42:53Z,2026-09-16T17:42:53Z
9355414001107,Peckish CHEDDAR CHEESE FLAVOURED RICE CRACKERS 90 g,2026-09-16T17:42:53Z,2026-09-16T17:42:53Z
9355414001114,Peckish SOUR CREAM & CHIVES FLAVOURED RICE CRACKERS 90g,2026-09-16T17:42:53Z,2026-09-16T17:42:53Z
9355414001121,Peckish sweet chilli rice crackers,2026-09-16T17:42:53Z,2026-09-16T17:42:53Z
9355414001138,BLACK SWAN HOMMUS DIP,2026-09-16T17:42:53Z,2026-09-16T17:42:53Z
9355414001152,Peckish Vegetable Crackers,2026-09-16T17:42:53Z,2026-09-16T17:42:53Z
9355414001169,Peckish Vegetable,2026-09-16T17:42:53Z,2026-09-16T17:42:53Z
9355414001183,Deli Licious Chicken Style,2026-09-16T17:42:53Z,2026-09-16T17:42:53Z
9355414001190,Hungarian salami style,2026-09-16T17:42:53Z,2026-09-16T17:42:53Z
9355414001206,Peckish Rosemary and Sea Salt Cracked,2026-09-16T17:42:53Z,2026-09-16T17:42:53Z
9355414001213,Peckish Fancies Salted Caramel,2026-09-16T17:42:53Z,2026-09-16T17:42:53Z
9355414001220,Pekish Seaweed & Wasabi,2026-09-16T17:42:53Z,2026-09-16T17:42:53Z
9355414001237,Meat Free Spaghetti Bolognese,2026-09-16T17:42:53Z,2026-09-16T17:42:53Z
9355414001244,Quorn meat-free Butter Chicken Style Curry & Rice,2026-09-16T17:42:53Z,2026-09-16T17:42:53Z
9355414001251,Quorn Thai style green curry and rice meat free 350g,2026-09-16T17:42:53Z,2026-09-16T17:42:53Z
9355414001305,"Black Swan Batched Caramelised Onion, Parmesan & Balsamic",2026-09-16T17:42:53Z,2026-09-16T17:42:53Z
9355414001329,Black Swan Hommus With Macadamias & Chilli,2026-09-16T17:42:53Z,2026-09-16T17:42:53Z
9355414001336,Black Swan Roasted garlic hummus,2026-09-16T17:42:53Z,2026-09-16T17:42:53Z
9355414001343,Black Swan Beetroot Dip,2026-09-16T17:42:53Z,2026-09-16T17:42:53Z
9355414001350,Black Swan Baba Ganoush,2026-09-16T17:42:53Z,2026-09-16T17:42:53Z
9355414001367,Black Swan Chunky Basil & Cashew Pesto,2026-09-16T17:42:53Z,2026-09-16T17:42:53Z
9355414001374,Black Swan Spicy Chargrilled Capsicum & Cashews,2026-09-16T17:42:53Z,2026-09-16T17:42:53Z
9355414001404,Peckish Fancies Chocolate & Roasted Hazelnut,2026-09-16T17:42:53Z,2026-09-16T17:42:53Z
9355414001534,Red Rock Deli Mixed Up Lives & Feta Dip,2026-09-16T17:42:53Z,2026-09-16T17:42:53Z
9355414001633,Peckish Buttered Popcorn Rice Crackers,2026-09-16T17:42:53Z,2026-09-16T17:42:53Z
9355414001657,Wattle Valley Parmesan Cheese,2026-09-16T17:42:53Z,2026-09-16T17:42:53Z
9355414001688,Quorn Meat Free Lasagna,2026-09-16T17:42:53Z,2026-09-16T17:42:53Z
9355414001695,Quorn Meat Free Satay Style Noodles,2026-09-16T17:42:53Z,2026-09-16T17:42:53Z
9355414001701,Quorn Creamy “chickm” Style Pasta,2026-09-16T17:42:53Z,2026-09-16T17:42:53Z
9355414001732,Peckish Cheese And Bacon Peckables,2026-09-16T17:42:53Z,2026-09-16T17:42:53Z
9355414001749,Peckables Salt And Vinegar 100 g,2026-09-16T17:42:53Z,2026-09-16T17:42:53Z
9355414001756,Peckish Sour Cream & Chives Bite-Sized Flavoured Rice Snacks 100 g,2026-09-16T17:42:53Z,2026-09-16T17:42:53Z
9355414001770,Peckish Peckables Honey Soy Chicken,2026-09-16T17:42:53Z,2026-09-16T17:42:53Z
9355414001800,Black Swan Green Goddess Dip,2026-09-16T17:42:53Z,2026-09-16T17:42:53Z
9355414001824,Wattle Valley Persian Style Feta,2026-09-16T17:42:53Z,2026-09-16T17:42:53Z
9355414001831,Red Rock Deli Sundried Tomato & Parmesan Dip,2026-09-16T17:42:53Z,2026-09-16T17:42:53Z
9355414001855,Black Swan Chunky Spinach Lemon Almond Dip,2026-09-16T17:42:53Z,2026-09-16T17:42:53Z
9355414001862,Peckish Seaweed Flavoured Rice Crackers,2026-09-16T17:42:53Z,2026-09-16T17:42:53Z
9355414001879,BLACK SWAN HOMMUS DIP,2026-09-16T17:42:53Z,2026-09-16T17:42:53Z
9355414001893,Black Swan Mini Favourites Tzatziki,2026-09-16T17:42:53Z,2026-09-16T17:42:53Z
9355414001916,Black Swan Spring Onion Dip,2026-09-16T17:42:53Z,2026-09-16T17:42:53Z
9355414001947,Peckish Peckables Sour Cream and Chives,2026-09-16T17:42:53Z,2026-09-16T17:42:53Z
9355414001954,Peckish Peckables - Cheese & Bacon 100 g,2026-09-16T17:42:53Z,2026-09-16T17:42:53Z
9355414001961,Peckish Salt & Vinegar Bite-Sized Flavoured Rice Snacks,2026-09-16T17:42:53Z,2026-09-16T17:42:53Z
9355414001978,Peckish Peckables sour cream & chives,2026-09-16T17:42:53Z,2026-09-16T17:42:53Z
9355414001985,Peckish Peckables Honey Soy Chicken,2026-09-16T17:42:53Z,2026-09-16T17:42:53Z
9355414002173,Black Swan Creamy Ranch Dip,2026-09-16T17:42:53Z,2026-09-16T17:42:53Z
9355414002180,Black Swan Buffalo Ranch,2026-09-16T17:42:53Z,2026-09-16T17:42:53Z
9355414002197,Black Swan Cheesy Garlic & Herbs Dip,2026-09-16T17:42:53Z,2026-09-16T17:42:53Z
9355414002227,Wattle Valley Chunky Sundried Tomato,2026-09-16T17:42:53Z,2026-09-16T17:42:53Z
9355414002234,Wattle Valley Chunky Capsicum W Cashews & Parmesan,2026-09-16T17:42:53Z,2026-09-16T17:42:53Z
9355414002265,Black Swan Spring Onion,2026-09-16T17:42:53Z,2026-09-16T17:42:53Z
9355414002401,Peckish Chicken Flavoured Rice Crackers,2026-09-16T17:42:53Z,2026-09-16T17:42:53Z
9355414002456,Quorn Loaded Beefy Mac & Cheese,2026-09-16T17:42:53Z,2026-09-16T17:42:53Z
9355414002487,Black Swan Green Goddess,2026-09-16T17:42:53Z,2026-09-16T17:42:53Z
9355430000511,Gourmet Fudge Company Lemon Meringue Fudge,2026-09-16T17:42:53Z,2026-09-16T17:42:53Z
9355449000021,Bunjie Moisture Lotion 250 ml,2026-09-16T17:42:53Z,2026-09-16T17:42:53Z
9355449000069,Bunjie Baby Top To Toe Wash 500mL 500 mL,2026-09-16T17:42:53Z,2026-09-16T17:42:53Z
9355449000076,Bunjie Baby Bubble Bath 500mL 500 mL,2026-09-16T17:42:53Z,2026-09-16T17:42:53Z
9355449000571,Bunjie Baby Tear-free Gentle Shampoo 500mL 500 mL,2026-09-16T17:42:53Z,2026-09-16T17:42:53Z
9355449000588,Bunjie Baby Daily Sensitive Moisturising Lotion 500mL 500 mL,2026-09-16T17:42:53Z,2026-09-16T17:42:53Z
9355470000410,Coffee Oat Milk,2026-09-16T17:42:53Z,2026-09-16T17:42:53Z
9355470000434,Chocolate Oat Milk Dirty Clean Food,2026-09-16T17:42:53Z,2026-09-16T17:42:53Z
9355470000458,Dirty Clean Food Original Oat milk,2026-09-16T17:42:53Z,2026-09-16T17:42:53Z
9355470000489,Barista Oat Milk,2026-09-16T17:42:53Z,2026-09-16T17:42:53Z
9355470001318,Macadamia a d shrooms cheese,2026-09-16T17:42:53Z,2026-09-16T17:42:53Z
9355471000037,Margarita tommy,2026-09-16T17:42:53Z,2026-09-16T17:42:53Z
9355499000057,Mumblepeg Narromine Orange Juice,2026-09-16T17:42:53Z,2026-09-16T17:42:53Z
9355499000071,Mumble peg Orange juice,2026-09-16T17:42:53Z,2026-09-16T17:42:53Z
9355499000088,Mumblepeg Orange Juice,2026-09-16T17:42:53Z,2026-09-16T17:42:53Z
9355505000002,Coconut Icys 15 x 60 ml,2026-09-16T17:42:53Z,2026-09-16T17:42:53Z
9355505000156,the no nasties project sugar freezies 60ml,2026-09-16T17:42:53Z,2026-09-16T17:42:53Z
9355505000163,Sugar freezies originals,2026-09-16T17:42:53Z,2026-09-16T17:42:53Z
9355505000248,Sugar Free-Zies,2026-09-16T17:42:53Z,2026-09-16T17:42:53Z
9355505000262,Sugar free-zies,2026-09-16T17:42:53Z,2026-09-16T17:42:53Z
9355505000361,No Nasties Sugar Free-Zies All Natural Icy Stic 15 x 60 ml,2026-09-16T17:42:53Z,2026-09-16T17:42:53Z
9355505000385,Zies,2026-09-16T17:42:53Z,2026-09-16T17:42:53Z
9355505000590,The no nasties Project Choc bombs,2026-09-16T17:42:53Z,2026-09-16T17:42:53Z
9355505000606,No Nasties Fruity loops,2026-09-16T17:42:53Z,2026-09-16T17:42:53Z
9355505000613,Rice Pops,2026-09-16T17:42:53Z,2026-09-16T17:42:53Z
9355505000682,Choc Hazelnut spread,2026-09-16T17:42:53Z,2026-09-16T17:42:53Z
9355505000699,Choc chip mimis,2026-09-16T17:42:53Z,2026-09-16T17:42:53Z
9355505000705,Rainbow choc minis,2026-09-16T17:42:53Z,2026-09-16T17:42:53Z
9355505000729,50% less sugar choc hazelnut spread,2026-09-16T17:42:53Z,2026-09-16T17:42:53Z
9355505000767,Aussie Icy Kools Retro,2026-09-16T17:42:53Z,2026-09-16T17:42:53Z
9355505000798,Aussie lcykools,2026-09-16T17:42:53Z,2026-09-16T17:42:53Z
9355505000828,Choc Chip 50% Less Sugar Minis,2026-09-16T17:42:53Z,2026-09-16T17:42:53Z
9355505000835,Rainbow 50% Less Sugar Minis,2026-09-16T17:42:53Z,2026-09-16T17:42:53Z
9355505000866,Choc chip better cookies minis,2026-09-16T17:42:53Z,2026-09-16T17:42:53Z
9355505000873,No Nasties Choc chip,2026-09-16T17:42:53Z,2026-09-16T17:42:53Z
9355505000880,Caramel Flavoured Better Cookies,2026-09-16T17:42:53Z,2026-09-16T17:42:53Z
9355505000897,Better cookies choc chip minis,2026-09-16T17:42:53Z,2026-09-16T17:42:53Z
9355505000903,Hazelnut flavoured Better Cookies choc chip minis,2026-09-16T17:42:53Z,2026-09-16T17:42:53Z
9355505000910,Hazelnut Cookies,2026-09-16T17:42:53Z,2026-09-16T17:42:53Z
9355505000927,Cinnamon Donuts Cereal 285 g,2026-09-16T17:42:53Z,2026-09-16T17:42:53Z
9355505000958,The No Nasties Project Choc Bombs 50% less sugar 285g,2026-09-16T17:42:53Z,2026-09-16T17:42:53Z
9355505000965,The No Nasties Project Fruity 50% less Sugar Loops 285 g,2026-09-16T17:42:53Z,2026-09-16T17:42:53Z
9355517443842,SINGLE FLANNEL FITTED SHEET 2PCS,2026-09-17T13:43:43Z,2026-09-17T13:43:43Z
9355517443866,DOUBLE FLANNEL FITTED SHEET 3PCS,2026-09-17T13:43:43Z,2026-09-17T13:43:43Z
9355517443880,KING FLANNEL FITTED SHEET 3PCS,2026-09-17T13:43:43Z,2026-09-17T13:43:43Z
9355517443897,FLANNEL PILLOW CASE 6PCS PACK,2026-09-17T13:43:43Z,2026-09-17T13:43:43Z
9355517443903,SINGLE COMFORTER 5PCS,2026-09-17T13:43:43Z,2026-09-17T13:43:43Z
9355517443910,KING COMFORTER 220X240CM 8PCS SET,2026-09-17T13:43:43Z,2026-09-17T13:43:43Z
9355517443927,BOX CUSHION 45X45CM ASSORTED,2026-09-17T13:43:43Z,2026-09-17T13:43:43Z
9355540000005,DENADA DOUBLE CHOCO 475G,2026-09-17T13:43:43Z,2026-09-17T13:43:43Z
9355540000043,DENADA CHOC FUDGE VEGAN I.C 475ML,2026-09-16T17:42:53Z,2026-09-17T13:43:43Z
9355540000050,DENADA VEGAN SALTED CARAMEL 475G,2026-09-16T17:42:53Z,2026-09-17T13:43:43Z
9355540000067,DENADA S.F CARML CHOC I.C 475ML,2026-09-16T17:42:53Z,2026-09-17T13:43:43Z
9355540000081,DENADA S.F MANGO SPLIT ICECRM 475ML,2026-09-16T17:42:53Z,2026-09-17T13:43:43Z
9355540000128,DENADA S.F CARAMEL CHOC POPS 315ML,2026-09-16T17:42:53Z,2026-09-17T13:43:43Z
9355540000135,DENADA S.F MINT CHOC POPS 315ML,2026-09-17T13:43:43Z,2026-09-17T13:43:43Z
9355540000142,DENADA S.F VAN&ALMND CHO POPS 315ML,2026-09-16T17:42:53Z,2026-09-17T13:43:43Z
9355540000203,DENADA COOKIES & CREAM I.C 475ML,2026-09-16T17:42:53Z,2026-09-17T13:43:43Z
9355540000210,DENADA S.F CAR MACADAMIA I.C 475ML,2026-09-16T17:42:53Z,2026-09-17T13:43:43Z
9355540000227,Denada Milk choc chip ice cream,2026-09-16T17:42:53Z,2026-09-16T17:42:53Z
9355540000302,DENADA PEANUT BUTTER CHOCO BIT 475G,2026-09-16T17:42:53Z,2026-09-17T13:43:43Z
9355540000319,DENADA BANANA SUNDAE 475G,2026-09-16T17:42:53Z,2026-09-17T13:43:43Z
9355540000326,DENADA VEGAN RASPBERRY RIBBON 475G,2026-09-16T17:42:53Z,2026-09-17T13:43:43Z
9355540000340,DENADA CHOC+HNUT CHOC POPS 95.1% SF,2026-09-16T17:42:53Z,2026-09-17T13:43:43Z
9355540000357,DENADA CHOC + VANILLA 95.2% SF,2026-09-16T17:42:53Z,2026-09-17T13:43:43Z
9355540000456,Choc hazelnut choc pop - Denada,2026-09-16T17:42:53Z,2026-09-16T17:42:53Z
9355540000463,Denada vanilla and almond choc pop,2026-09-16T17:42:53Z,2026-09-16T17:42:53Z
9355540000487,Denada dulce de leche,2026-09-16T17:42:53Z,2026-09-16T17:42:53Z
9355540000494,Denada Mint Sundae,2026-09-16T17:42:53Z,2026-09-16T17:42:53Z
9355540000500,Denada Fairy Bread Ice Cream,2026-09-16T17:42:53Z,2026-09-16T17:42:53Z
9355540000531,Denada Cappuccino Fudge Plant Based,2026-09-16T17:42:53Z,2026-09-16T17:42:53Z
9355540000555,DENADA TRIPLE CHOC,2026-09-16T17:42:53Z,2026-09-16T17:42:53Z
9355540000586,Denada Choc Hazelnut Icecream,2026-09-16T17:42:53Z,2026-09-16T17:42:53Z
9355540000593,Denada Vanilla & Almond,2026-09-16T17:42:53Z,2026-09-16T17:42:53Z
9355540000616,DENADA Caramel & Dark Choc,2026-09-16T17:42:53Z,2026-09-16T17:42:53Z
9355540000630,Denada Hokey Pokey ice cream,2026-09-16T17:42:53Z,2026-09-16T17:42:53Z
9355540000647,Denada Vanilla Bean,2026-09-16T17:42:53Z,2026-09-16T17:42:53Z
9355542001031,Fixx Fuel X,2026-09-16T17:42:53Z,2026-09-16T17:42:53Z
9355542001055,Fix Nutrition Fuel X Endurance Fuel - Tropical,2026-09-16T17:42:53Z,2026-09-16T17:42:53Z
9355542001093,Fixx Nutrition Fuel X Pro Lemon Lime Flavour,2026-09-16T17:42:53Z,2026-09-16T17:42:53Z
9355542001260,Fixx Nutrition Fuel X Pro,2026-09-16T17:42:53Z,2026-09-16T17:42:53Z
9355542001802,Fix Nutrition Gel X Pro Lemon Sorbet,2026-09-16T17:42:53Z,2026-09-16T17:42:53Z
9355542001840,Fixx Nutrition Gel X Pro - Razzberry Fizz,2026-09-16T17:42:53Z,2026-09-16T17:42:53Z
9355559000003,Start,2026-09-16T17:42:53Z,2026-09-16T17:42:53Z
9355559000027,Boost,2026-09-16T17:42:53Z,2026-09-16T17:42:53Z
9355566000003,Bespoke Foods Sweet potato chips,2026-09-16T17:42:53Z,2026-09-16T17:42:53Z
9355566000294,Bespoke Foods Potato waffle fries,2026-09-16T17:42:53Z,2026-09-16T17:42:53Z
9355566000430,Best Food bespoke food,2026-09-16T17:42:53Z,2026-09-16T17:42:53Z
9355566000447,Costco Crinkle Cut Chips,2026-09-16T17:42:53Z,2026-09-16T17:42:53Z
9355566000577,Bespoke Foods Sweet Potato Fries,2026-09-16T17:42:53Z,2026-09-16T17:42:53Z
9355566000584,Bespoke Foods Potato Waffle Fries,2026-09-16T17:42:53Z,2026-09-16T17:42:53Z
9355566000591,Bespoke Foods Mini Potato Scallops,2026-09-16T17:42:53Z,2026-09-16T17:42:53Z
9355566000607,Bespoke Foods Roast Potatoes With Duck Fat,2026-09-16T17:42:53Z,2026-09-16T17:42:53Z
9355566000652,Bespoke Foods Roast Potatoes with Duck Fat,2026-09-16T17:42:53Z,2026-09-16T17:42:53Z
9355570001119,Swan Valley Honey Honey,2026-09-16T17:42:53Z,2026-09-16T17:42:53Z
9355572000349,Feel Good Cold Brew Coffee,2026-09-16T17:42:53Z,2026-09-16T17:42:53Z
9355572000363,Wide awake cold brew,2026-09-16T17:42:53Z,2026-09-16T17:42:53Z
9355572000943,Mabu Mabu Pineapple Hot Sauce,2026-09-16T17:42:53Z,2026-09-16T17:42:53Z
9355572000981,Island Marinade,2026-09-16T17:42:53Z,2026-09-16T17:42:53Z
9355572001148,St Ali Original iced coffee,2026-09-16T17:42:53Z,2026-09-16T17:42:53Z
9355572001155,St. Ali Double Shot Iced Coffee,2026-09-16T17:42:53Z,2026-09-16T17:42:53Z
9355572001223,St. Ali Granola By Greg McFarland,2026-09-16T17:42:53Z,2026-09-16T17:42:53Z
9355572001445,Chotto Motto Yuzu Hot Sauce,2026-09-16T17:42:53Z,2026-09-16T17:42:53Z
9355572001506,Chotto Motto Crispy Chilli Oul,2026-09-16T17:42:53Z,2026-09-16T17:42:53Z
9355572001537,Tutto By Karen Martini Artichoke Parmesan And Pinenut Pesto,2026-09-16T17:42:53Z,2026-09-16T17:42:53Z
9355572002176,St. Ali Oat Milk Latte,2026-09-16T17:42:53Z,2026-09-16T17:42:53Z
9355572002244,St. Ali. Drinking Chocolate Pod,2026-09-16T17:42:53Z,2026-09-16T17:42:53Z
9355572002268,St. Ali. Matcha Pod,2026-09-16T17:42:53Z,2026-09-16T17:42:53Z
9355572002275,St. Ali Coffee Double Shot Iced Latte,2026-09-16T17:42:53Z,2026-09-16T17:42:53Z
9355572002282,St. Ali Coffee Strawberry Iced Matcha,2026-09-16T17:42:53Z,2026-09-16T17:42:53Z
9355606000017,Coconut flour plant based,2026-09-16T17:42:53Z,2026-09-16T17:42:53Z
9355606000215,Organic Jackfruit BBQ,2026-09-16T17:42:53Z,2026-09-16T17:42:53Z
9355606000222,Plant Life Food Co. Organic Jackfruit Red Curry 300 g,2026-09-16T17:42:53Z,2026-09-16T17:42:53Z
9355606000253,"Nut Butter Granola Dark chocolate, apricot & almond",2026-09-16T17:42:53Z,2026-09-16T17:42:53Z
9355606000390,Flatbread,2026-09-16T17:42:53Z,2026-09-16T17:42:53Z
9355606000406,Crisp Artisan Flatbreads - olives & garlic,2026-09-16T17:42:53Z,2026-09-16T17:42:53Z
9355606000413,Crisp Artisan Flatbreads,2026-09-16T17:42:53Z,2026-09-16T17:42:53Z
9355606000451,Delicious,2026-09-16T17:42:53Z,2026-09-16T17:42:53Z
9355606000611,Lemon Tart,2026-09-16T17:42:53Z,2026-09-16T17:42:53Z
9355606000703,Dark choc fudge sauce,2026-09-16T17:42:53Z,2026-09-16T17:42:53Z
9355606000765,scoops ahoy,2026-09-16T17:42:53Z,2026-09-16T17:42:53Z
9355625000098,munchi,2026-09-16T17:42:53Z,2026-09-16T17:42:53Z
9355625000265,DO-GOOD-LABS Granola Cranberry,2026-09-16T17:42:53Z,2026-09-16T17:42:53Z
9355625000272,Granola blueberry & almonds,2026-09-16T17:42:53Z,2026-09-16T17:42:53Z
9355625000319,Do Good Labs Smoked Corn Soya Crisps & Salted Cashews,2026-09-16T17:42:53Z,2026-09-16T17:42:53Z
9355625000456,Mixed snack,2026-09-16T17:42:53Z,2026-09-16T17:42:53Z
9355625000494,muscle nation Custard Protien 440g,2026-09-16T17:42:53Z,2026-09-16T17:42:53Z
9355625000500,Custard Casein Protein Cookies & Cream,2026-09-16T17:42:53Z,2026-09-16T17:42:53Z
9355625000524,Custard cookies and cream protein bar,2026-09-16T17:42:53Z,2026-09-16T17:42:53Z
9355625000531,Custard protein bar,2026-09-16T17:42:53Z,2026-09-16T17:42:53Z
9355625000548,Muscle Nation Custard Protein Bar Choc Vanilla 60 g,2026-09-16T17:42:53Z,2026-09-16T17:42:53Z
9355625000579,Rainbow chocolate chunks,2026-09-16T17:42:53Z,2026-09-16T17:42:53Z
9355625000586,Custard Plant Protein,2026-09-16T17:42:53Z,2026-09-16T17:42:53Z
9355625000609,Custard Protein Bar,2026-09-16T17:42:53Z,2026-09-16T17:42:53Z
9355625000616,Muscle nation Custard Protein Bar - Caramel Toffee,2026-09-16T17:42:53Z,2026-09-16T17:42:53Z
9355625000630,Do Good Labs Dark Choc Chunks Classic Bites,2026-09-16T17:42:53Z,2026-09-16T17:42:53Z
9355625000647,Do Good Labs Double chocolate coconut cookies,2026-09-16T17:42:53Z,2026-09-16T17:42:53Z
9355625000654,Do good labs white choc and lemon,2026-09-16T17:42:53Z,2026-09-16T17:42:53Z
9355625000814,Low carb indulgent bar,2026-09-16T17:42:53Z,2026-09-16T17:42:53Z
9355625000821,Choc Brownie,2026-09-16T17:42:53Z,2026-09-16T17:42:53Z
9355625000920,Do Good Labs It’s Salty Corn 120g,2026-09-16T17:42:53Z,2026-09-16T17:42:53Z
9355625000944,Happy Hour Mix,2026-09-16T17:42:53Z,2026-09-16T17:42:53Z
9355625001057,Do Good Labs El Mexi Mix,2026-09-16T17:42:53Z,2026-09-16T17:42:53Z
9355625001088,"Do Good Labs - Aussie Zesty Mix (Pretzel, Rice wheels, Almonds, Soy crisps)",2026-09-16T17:42:53Z,2026-09-16T17:42:53Z
9355625001095,Qantas Airlines Salty BBQ Crunch,2026-09-16T17:42:53Z,2026-09-16T17:42:53Z
9355625001132,Mr Porters The People's Mix,2026-09-16T17:42:53Z,2026-09-16T17:42:53Z
9355641000003,Chocolate milk,2026-09-16T17:42:53Z,2026-09-16T17:42:53Z
9355641000058,Omega 3 milk,2026-09-16T17:42:53Z,2026-09-16T17:42:53Z
9355641000096,Full cream milk,2026-09-16T17:42:53Z,2026-09-16T17:42:53Z
9355641000201,Salted Butter,2026-09-16T17:42:53Z,2026-09-16T17:42:53Z
9355641000218,Unsalted butter,2026-09-16T17:42:53Z,2026-09-16T17:42:53Z
9355644000154,Plant powered protein chips,2026-09-16T17:42:53Z,2026-09-16T17:42:53Z
9355644000215,Loka Almond Chai Ultra Low Carb Biscotti,2026-09-16T17:42:53Z,2026-09-16T17:42:53Z
9355644000239,LOKA Choc Hazelnut Ultra Low Carb Biscotti,2026-09-16T17:42:53Z,2026-09-16T17:42:53Z
9355644000253,Loka Cheese & Herb,2026-09-16T17:42:53Z,2026-09-16T17:42:53Z
9355644000413,Loka High Protein Low Carb Chips,2026-09-16T17:42:53Z,2026-09-16T17:42:53Z
9355651000024,Premium dates,2026-09-16T17:42:53Z,2026-09-16T17:42:53Z
9355651000444,TOE,2026-09-16T17:42:53Z,2026-09-16T17:42:53Z
9355651002912,sumac,2026-09-16T17:42:53Z,2026-09-16T17:42:53Z
9355651003766,toffee,2026-09-16T17:42:53Z,2026-09-16T17:42:53Z
9355651003827,chilli crushed,2026-09-16T17:42:53Z,2026-09-16T17:42:53Z
9355651004503,chilli powder,2026-09-16T17:42:53Z,2026-09-16T17:42:53Z
9355651004756,abz minced onion 100 g,2026-09-16T17:42:53Z,2026-09-16T17:42:53Z
9355651004893,salt 🧂,2026-09-16T17:42:53Z,2026-09-16T17:42:53Z
9355651006804,likoritz,2026-09-16T17:42:53Z,2026-09-16T17:42:53Z
9355682000017,Sweet red miso,2026-09-16T17:42:53Z,2026-09-16T17:42:53Z
9355682000604,White Miso paste,2026-09-16T17:42:53Z,2026-09-16T17:42:53Z
9355683000894,Shanghai Streets Black Truffle Soup Dumplings,2026-09-16T17:42:53Z,2026-09-16T17:42:53Z
9355683001440,LIAN Pho'Ga Chicken Flavour 70g,2026-09-16T17:42:53Z,2026-09-16T17:42:53Z
9355683001457,Lian Vietnamese Style Instant Rice Noodles,2026-09-16T17:42:53Z,2026-09-16T17:42:53Z
9355683001563,Chan's Yum Cha Vegetable gyoza,2026-09-16T17:42:53Z,2026-09-16T17:42:53Z
9355683001570,Chan’s Yum Cha Vegetable spring roll,2026-09-16T17:42:53Z,2026-09-16T17:42:53Z
9355683001693,Gua Bao Bun,2026-09-16T17:42:53Z,2026-09-16T17:42:53Z
9355683001747,Arum Jin Ga Ne Vegetable Pancake 1kg,2026-09-16T17:42:53Z,2026-09-16T17:42:53Z
9355683002287,Takumi Takoyaki Japanese Octopus Balls,2026-09-16T17:42:53Z,2026-09-16T17:42:53Z
9355683002867,Yumcha At Home Pork Dim Sim,2026-09-16T17:42:53Z,2026-09-16T17:42:53Z
9355683002881,Chan's Yum Cha Vegetable Curry Puff,2026-09-16T17:42:53Z,2026-09-16T17:42:53Z
9355683003055,King of Kings Gua Bao Bun,2026-09-16T17:42:53Z,2026-09-16T17:42:53Z
9355683003062,Yum Cha Vegetable Gyoza,2026-09-16T17:42:53Z,2026-09-16T17:42:53Z
9355683003079,Chan's Yum Cha BBQ Pork Bun,2026-09-16T17:42:53Z,2026-09-16T17:42:53Z
9355683003208,Sesame prawn toast,2026-09-16T17:42:53Z,2026-09-16T17:42:53Z
9355683003376,King of Kings Peking Duck Pastry,2026-09-16T17:42:53Z,2026-09-16T17:42:53Z
9355683003390,King of Kings Korean Mini Vegetable Pancake,2026-09-16T17:42:53Z,2026-09-16T17:42:53Z
9355683003451,King Of Kings Bbq pork bun 380 g,2026-09-16T17:42:53Z,2026-09-16T17:42:53Z
9355683003475,King Of Kings Fried rice with prawns,2026-09-16T17:42:53Z,2026-09-16T17:42:53Z
9355683003611,Toa Toa Yum Cha Soy Sauce,2026-09-16T17:42:53Z,2026-09-16T17:42:53Z
9355683003710,Blue grenadier fish,2026-09-16T17:42:53Z,2026-09-16T17:42:53Z
9355683003741,King Of Kings Curry Puff,2026-09-16T17:42:53Z,2026-09-16T17:42:53Z
9355683003758,Chan's Yum Cha Japanese Pork Gyoza,2026-09-16T17:42:53Z,2026-09-16T17:42:53Z
9355683003826,Chicken siu mai,2026-09-16T17:42:53Z,2026-09-16T17:42:53Z
9355683003956,King Of Kings Spring Onion Pancake,2026-09-16T17:42:53Z,2026-09-16T17:42:53Z
9355683004014,Gua bao bun,2026-09-16T17:42:53Z,2026-09-16T17:42:53Z
9355683004182,Chan's Yum Cha At Home Pork & Chive Gyōza,2026-09-16T17:42:53Z,2026-09-16T17:42:53Z
9355683004304,LIAN Vietnamese Style Instant Rice Noodles 300 g,2026-09-16T17:42:53Z,2026-09-16T17:42:53Z
9355683004311,Lian Vietnamese Style Instant Rice Noodles Chicken Flavour,2026-09-16T17:42:53Z,2026-09-16T17:42:53Z
9355683004328,Lian Vietnamese Vietnamese Style Instant Rice Noodles Chicken,2026-09-16T17:42:53Z,2026-09-16T17:42:53Z
9355683004335,"Lian Pho, Instant, Beef",2026-09-16T17:42:53Z,2026-09-16T17:42:53Z
9355683004380,Chan's Yum Cha Premium Prawn Hargow,2026-09-16T17:42:53Z,2026-09-16T17:42:53Z
9355683004403,Yum Cha Prawn And Chive,2026-09-16T17:42:53Z,2026-09-16T17:42:53Z
9355683004410,The Gourmet Table Arancini Balls Pumpkin And Fetta,2026-09-16T17:42:53Z,2026-09-16T17:42:53Z
9355683004427,The Gourmet Table Arancini Balls - Cheese & Bacon,2026-09-16T17:42:53Z,2026-09-16T17:42:53Z
9355683004434,The Gourmet Table Arancini Balls Tomato & Basil,2026-09-16T17:42:53Z,2026-09-16T17:42:53Z
9355683004571,Yum Cha At Home Prawn Hargow,2026-09-16T17:42:53Z,2026-09-16T17:42:53Z
9355683004588,Yum Cha Premium Dim Sum Selection,2026-09-16T17:42:53Z,2026-09-16T17:42:53Z
9355683004595,Yumcha Prawn And Chive Wonton,2026-09-16T17:42:53Z,2026-09-16T17:42:53Z
9355683004663,Chan's Yum Cha Prawn Hargow,2026-09-16T17:42:53Z,2026-09-16T17:42:53Z
9355683004670,Chans Yum Cha Sesame Prawn Toast,2026-09-16T17:42:53Z,2026-09-16T17:42:53Z
9355683004687,Royal Duck Roasted Duck,2026-09-16T17:42:53Z,2026-09-16T17:42:53Z
9355683004830,FS Chicken & Corn Gyoza,2026-09-16T17:42:53Z,2026-09-16T17:42:53Z
9355683004892,The Gourmet Table Mac And Cheese Balls,2026-09-16T17:42:53Z,2026-09-16T17:42:53Z
9355683004922,Yum Cha Pork Dumpling,2026-09-16T17:42:53Z,2026-09-16T17:42:53Z
9355683004946,Chan's yum Cha Seafood Rice Net Spring roll,2026-09-16T17:42:53Z,2026-09-16T17:42:53Z
9355683005059,Canton Road Sesame Prawn Toast,2026-09-16T17:42:53Z,2026-09-16T17:42:53Z
9355683005066,Tropical Fruit Co Mango Bar 600 g,2026-09-16T17:42:53Z,2026-09-16T17:42:53Z
9355683005264,The Taste Of Macau Heritage Macau Butter Egg Roll,2026-09-16T17:42:53Z,2026-09-16T17:42:53Z
9355683005295,Shanghai Streets Chicken Soup Dumplings,2026-09-16T17:42:53Z,2026-09-16T17:42:53Z
9355683005332,Tasman Seafood Seafood highlighter surimi,2026-09-16T17:42:53Z,2026-09-16T17:42:53Z
9355683005349,King Of Kings Curry Puff,2026-09-16T17:42:53Z,2026-09-16T17:42:53Z
9355683005424,King Of Kings Spicy Chicken Bun,2026-09-16T17:42:53Z,2026-09-16T17:42:53Z
9355683005431,royal tandoor chicken roti,2026-09-16T17:42:53Z,2026-09-16T17:42:53Z
9355683005547,LIAN Pho Bo,2026-09-16T17:42:53Z,2026-09-16T17:42:53Z
9355683005677,The Tropical Fruit Co Crispy Mango Sticky Rice,2026-09-16T17:42:53Z,2026-09-16T17:42:53Z
9355683005714,Yum Cha Costco Vegetable Gyoza,2026-09-16T17:42:53Z,2026-09-16T17:42:53Z
9355683005769,Chen's Dim Sum Prawn Cigar Spring Rolls,2026-09-16T17:42:53Z,2026-09-16T17:42:53Z
9355683005806,Tasman Seafoods Barramundi,2026-09-16T17:42:53Z,2026-09-16T17:42:53Z
9355683005837,Canton Road Mango Sticky Rice Spring Roll,2026-09-16T17:42:53Z,2026-09-16T17:42:53Z
9355683005844,Royal Duck Smoked Duck Spring Roll,2026-09-16T17:42:53Z,2026-09-16T17:42:53Z
9355683005936,Chan's Yum Cha Crispy Ginger Prawn Wonton,2026-09-16T17:42:53Z,2026-09-16T17:42:53Z
9355683005974,Takumi JAPANESE VEGETABLE RAMEN TONKOTSU FLAVOUR,2026-09-16T17:42:53Z,2026-09-16T17:42:53Z
9355683006018,The Tropical Fruit Co Chilli Salt Mango Chips,2026-09-16T17:42:53Z,2026-09-16T17:42:53Z
9355683006070,King of Kings Mango Sticky Rice Spring Rolls,2026-09-16T17:42:53Z,2026-09-16T17:42:53Z
9355687000036,ABLE FOODS Chicken and prawn Spanish rice,2026-09-16T17:42:53Z,2026-09-16T17:42:53Z
9355687000951,Able Foods. Roast Pork And Apple Sauce,2026-09-16T17:42:53Z,2026-09-16T17:42:53Z
9355687001781,able foods Vegetable Fritters and Tomato Chutney,2026-09-16T17:42:53Z,2026-09-16T17:42:53Z
9355687001798,able foods Curried Vegetable Pot Pie,2026-09-16T17:42:53Z,2026-09-16T17:42:53Z
9355714000022,The Almond farmer Almond Butter,2026-09-16T17:42:53Z,2026-09-16T17:42:53Z
9355726000386,Moringa powder,2026-09-16T17:42:53Z,2026-09-16T17:42:53Z
9355726001574,Shudh Pudina Makhana,2026-09-16T17:42:53Z,2026-09-16T17:42:53Z
9355742000025,Mini pita classic,2026-09-16T17:42:53Z,2026-09-16T17:42:53Z
9355742000063,Bubeleh Pita Pockets Classic,2026-09-16T17:42:53Z,2026-09-16T17:42:53Z
9355742001299,Bubeleh bakery Mini bagels seseme seed,2026-09-16T17:42:53Z,2026-09-16T17:42:53Z
9355743000208,Strawberry protein balls,2026-09-16T17:42:53Z,2026-09-16T17:42:53Z
9355743000413,Story Book Cakes Mint Chocolate Mud Cake Mug,2026-09-16T17:42:53Z,2026-09-16T17:42:53Z
9355743000680,Story Book Cakes Butterscotch Mud Cake In A Mug Mix,2026-09-16T17:42:53Z,2026-09-16T17:42:53Z
9355756001063,BBS Health Creatine,2026-09-16T17:42:53Z,2026-09-16T17:42:53Z
9355773900066,Latap Lacto plus 10s,2026-09-16T17:42:53Z,2026-09-16T17:42:53Z
9355790008028,Lollies artisan soup company Moroccan lentil soup,2026-09-16T17:42:53Z,2026-09-16T17:42:53Z
9355807000052,hemp seed,2026-09-16T17:42:53Z,2026-09-16T17:42:53Z
9355807000106,Good Country Hemp Hemp Protein,2026-09-16T17:42:53Z,2026-09-16T17:42:53Z
9355814000014,Meetballs,2026-09-16T17:42:53Z,2026-09-16T17:42:53Z
9355814000151,Tenders,2026-09-16T17:42:53Z,2026-09-16T17:42:53Z
9355814000168,Meet Strips,2026-09-16T17:42:53Z,2026-09-16T17:42:53Z
9355814000335,Italian meetballs,2026-09-16T17:42:53Z,2026-09-16T17:42:53Z
9355814000359,Plant Based Burgers,2026-09-16T17:42:53Z,2026-09-16T17:42:53Z
9355814000366,Plant Based Southern Style Tenders,2026-09-16T17:42:53Z,2026-09-16T17:42:53Z
9355814000397,Plant based chicken free strips,2026-09-16T17:42:53Z,2026-09-16T17:42:53Z
9355814000618,Meet Plant based beef mince,2026-09-16T17:42:53Z,2026-09-16T17:42:53Z
9355814000625,Meet Plant based beef free strips,2026-09-16T17:42:53Z,2026-09-16T17:42:53Z
9355814000632,Meet Positively Plant Based Chicken Free Strips,2026-09-16T17:42:53Z,2026-09-16T17:42:53Z
9355814000816,Bad Hunter Lemon & Herb Zesty Plant Based Chicken,2026-09-16T17:42:53Z,2026-09-16T17:42:53Z
9355814000823,Bad Hunter Peri Peri Plant Based Chicken Strips,2026-09-16T17:42:53Z,2026-09-16T17:42:53Z
9355814000830,Bad Hunter Plant-based Chicken Teriyaki Strip,2026-09-16T17:42:53Z,2026-09-16T17:42:53Z
9355814000854,Protein Plate Plant-Based Chicken Free Strips,2026-09-16T17:42:53Z,2026-09-16T17:42:53Z
9355814000977,Meet Beef Free Burger,2026-09-16T17:42:53Z,2026-09-16T17:42:53Z
9355848011055,Food 4 Fitness Honey-glazed Char Sul Chicken Drummettes with Asian Style Broccolini,2026-09-16T17:42:53Z,2026-09-16T17:42:53Z
9355848012700,Food4Fitness Sauteed Chicken In Mushroom & Garlic Sauce,2026-09-16T17:42:53Z,2026-09-16T17:42:53Z
9355848012748,Food 4 Fitness Oven Roasted Chicken Breast with Cacciatore Sauce,2026-09-16T17:42:53Z,2026-09-16T17:42:53Z
9355848013042,Food4Fitness Mild Butter Chicken Curry,2026-09-16T17:42:53Z,2026-09-16T17:42:53Z
9355848013127,Food 4 Fitness Mild Korma Chicken Curry,2026-09-16T17:42:53Z,2026-09-16T17:42:53Z
9355848013318,Fit&Healthy Chef High protein chicken pasta with mushroom sauce,2026-09-16T17:42:53Z,2026-09-16T17:42:53Z
9355848013660,Food For Fitness Meatballs,2026-09-16T17:42:53Z,2026-09-16T17:42:53Z
9355848013745,"Fit&Healthy Chef Lean beef chilli con Carne, brown rice and vegetables",2026-09-16T17:42:53Z,2026-09-16T17:42:53Z
9355848013875,Food For Fitness Pulled Beef,2026-09-16T17:42:53Z,2026-09-16T17:42:53Z
9355848013912,Fit&Healthy Chef High protein Bolognese pasta,2026-09-16T17:42:53Z,2026-09-16T17:42:53Z
9355848014124,Food4Fitness Slow Cooked Beef Rib with Honey Soy BBQ Glaze and Mashed Potato,2026-09-16T17:42:53Z,2026-09-16T17:42:53Z
9355848014162,Food 4 Fitness Nonnas Italian Spaghetti,2026-09-16T17:42:53Z,2026-09-16T17:42:53Z
9355848014339,Food4Fitness Beef Ravioli With Slow Braised Brisket Ragu Stroganoff,2026-09-17T13:34:18Z,2026-09-17T13:34:18Z
9355848014346,Food 4 Fitness Southern Style Coleslaw And Smoked Brisket Salad,2026-09-16T17:42:53Z,2026-09-16T17:42:53Z
9355848014360,Food4Fitness Greek Herb & Lemon Pulled Lamb (with Basmati Rice),2026-09-16T17:42:53Z,2026-09-16T17:42:53Z
9355848014384,Fit&healthy Chef Greek herb and lemon pulled lamb,2026-09-16T17:42:53Z,2026-09-16T17:42:53Z
9355848014490,Food 4 Fitness Mexican Quinoa & Bean Salad With Polo Asado Flavored Grilled Chicken,2026-09-16T17:42:53Z,2026-09-16T17:42:53Z
9355848014568,Food 4 Fitness Hot Honey Chicken Mac And Cheese With Chipotle Drizzle,2026-09-16T17:42:53Z,2026-09-16T17:42:53Z
9355848014599,Food4Fitness Chef Carlo's Beef Raghu Tortellini,2026-09-16T17:42:53Z,2026-09-16T17:42:53Z
9355848014612,Food4Fitness Tokyo Teriyaki Chicken Furikake Bowl,2026-09-16T17:42:53Z,2026-09-16T17:42:53Z
9355848014629,Food 4 Fitness Tandoori Tikka Fuel Coconut Rice Bowl,2026-09-16T17:42:53Z,2026-09-16T17:42:53Z
9355848014797,Food 4 Fitness Oven Roasted Chicken Breast With Souvlaki Seasoning,2026-09-16T17:42:53Z,2026-09-16T17:42:53Z
9355848014810,Food4Fitness Oven Roasted Chicken Breast 50/50 Rice Veg,2026-09-16T17:42:53Z,2026-09-16T17:42:53Z
9355848014988,Food 4 Fitness Oven Roasted Chicken Breast With Honey Mustard Sauce And Brown Rice,2026-09-16T17:42:53Z,2026-09-16T17:42:53Z
9355848015084,Food 4 fitness Herb and parmesan baked chicken breast,2026-09-16T17:42:53Z,2026-09-16T17:42:53Z
9355848015091,Food 4 Fitness Oven roasted chicken with barbecue honey soy sauce and rice and Veg,2026-09-16T17:42:53Z,2026-09-16T17:42:53Z
9355848015107,Food 4 fitness Oven-roasted chicken with BBQ honey Soy Sauce With Brown Rice,2026-09-16T17:42:53Z,2026-09-16T17:42:53Z
9355848015206,"Food 4 Fitness Homestyle Calccarora Chicken Simmered W/ Tomato, Garlic & Herbs W/ Mix Veg",2026-09-16T17:42:53Z,2026-09-16T17:42:53Z
9355848015275,Food 4 Fitness Creamy Bechanel Garlic & Spinach Chicken,2026-09-16T17:42:53Z,2026-09-16T17:42:53Z
9355848015503,Food 4 Fitness Mild Butter Chicken Curry,2026-09-16T17:42:53Z,2026-09-16T17:42:53Z
9355848015510,Food4Fitness Mango Chicken Curry Basmati Rice And Veg,2026-09-16T17:42:53Z,2026-09-16T17:42:53Z
9355848015541,Food 4 Fitness Mild Mango Chicken Curry With Mixed Veg,2026-09-16T17:42:53Z,2026-09-16T17:42:53Z
9355848015572,Food 4 Fitness Mild Korma Chicken Curry,2026-09-16T17:42:53Z,2026-09-16T17:42:53Z
9355848015602,Food 4 Fitness Thai Chicken With Green Curry Sauce And Mix Veg,2026-09-16T17:42:53Z,2026-09-16T17:42:53Z
9355848015657,Food 4 Fitness Slow-cooked Lemon Garlic Chicken In A Valvety Spiced Yoghurt Sauce Stir Fry,2026-09-16T17:42:53Z,2026-09-16T17:42:53Z
9355848015725,Food 4 Fitness Stir Fry Chicken Galric Ginger With Basmati Rice,2026-09-16T17:42:53Z,2026-09-16T17:42:53Z
9355848015732,Food 4 Fitness Garlic Ginger Chicken and Seasonal Vef,2026-09-16T17:42:53Z,2026-09-16T17:42:53Z
9355848015756,Food 4 fittness High-protein gluten-free chicken pasta with cream spinach sauce,2026-09-16T17:42:53Z,2026-09-16T17:42:53Z
9355848015824,Food 4 Fitness Chug grilled grass fed rump with Diane sauce and seasonal veg,2026-09-16T17:42:53Z,2026-09-16T17:42:53Z
9355848015848,Food 4 Fitness Fire-seared Rump Steak With A Velvety Diane Peppercorn Glaze,2026-09-16T17:42:53Z,2026-09-16T17:42:53Z
9355848015916,Food 4 Fitness Flamegrill Grass Fed Romp W/ Silicone Lush Garlic Mushroom Sauce & Mix Veg,2026-09-16T17:42:53Z,2026-09-16T17:42:53Z
9355848015923,Food4Fitness Rump Steak With Garlic And Rosmary Cream Roasted Pumpkin,2026-09-16T17:42:53Z,2026-09-16T17:42:53Z
9355848015930,Food 4 Fitness Fire-seared Rump Steak With A Rich Garlic & Rosemary Cream Reduction White Potat,2026-09-16T17:42:53Z,2026-09-16T17:42:53Z
9355848015947,Food 4 Fitness Fire Seared Rumo With Garlic & Rosemary Reduction With Mixed Veg,2026-09-16T17:42:53Z,2026-09-16T17:42:53Z
9355848016203,Food 4 Fitness Mild Korma Beef Curry With Seasonal Mix Veg,2026-09-16T17:42:53Z,2026-09-16T17:42:53Z
9355848016326,Food 4 fitness Gluten free high-protein beef lasagna,2026-09-16T17:42:53Z,2026-09-16T17:42:53Z
9355848016555,Food4Fitness Slow Cooked American Style Beef Rib With Honey Soy Bbq Glaze With Potato Mash,2026-09-16T17:42:53Z,2026-09-16T17:42:53Z
9355848016586,Food 4 Fitness Nonnas Italian Spaghetti and Meatballs (Gluten Free),2026-09-16T17:42:53Z,2026-09-16T17:42:53Z
9355848016609,Food4fitness Sous Vide salmon W/ Honey Soy And Rice,2026-09-16T17:42:53Z,2026-09-16T17:42:53Z
9355848016678,Food4Fitness S&P Crusted Salmon Sweet Chilli 50/50 Rice Veg,2026-09-16T17:42:53Z,2026-09-16T17:42:53Z
9355848016715,Food4Fitness Barramundi Greek Sauce 50/50 Rice Veg,2026-09-16T17:42:53Z,2026-09-16T17:42:53Z
9355848016807,Food 4 fitness Prawn Pad Thai,2026-09-16T17:42:53Z,2026-09-16T17:42:53Z
9355848016906,Food 4 Fitness Slow Cooked Premium Grass Fed Lamb Shank With Florentine Sauce,2026-09-16T17:42:53Z,2026-09-16T17:42:53Z
9355848016937,Food4fitness Lamb In Garlic-Spinach Cream W/ Seasonal Veg,2026-09-16T17:42:53Z,2026-09-16T17:42:53Z
9355848017019,Food 4 Fitness Slow-cooked premium grass fed pulled lamb shank with Greek seasoning,2026-09-16T17:42:53Z,2026-09-16T17:42:53Z
9355848017224,Food 4 Fitness High Protein Tofu With Satay Sauce,2026-09-16T17:42:53Z,2026-09-16T17:42:53Z
9355848017347,Fit&healthy Chef Spiced peri peri chicken breast with brown rice,2026-09-16T17:42:53Z,2026-09-16T17:42:53Z
9355848017408,Food 4 Fitness Oven Roasted chicken breast With souvlaki Seasoning,2026-09-16T17:42:53Z,2026-09-16T17:42:53Z
9355848017545,Fit&Healthy Chef Oven roasted chicken breast satay with brown rice and vegetables,2026-09-16T17:42:53Z,2026-09-16T17:42:53Z
9355848017552,Food 4 Fitness Satay Chicken w A Rich Tamarind Peanut Sauce w Seasonal Green Beans & Veg,2026-09-16T17:42:53Z,2026-09-16T17:42:53Z
9355848017712,Food 4 Fitness Herb And Parmesan Baked Chicken Breast,2026-09-16T17:42:53Z,2026-09-16T17:42:53Z
9355848017750,Food 4 Fitness Over Roasted Chicken With Bbq Honey Soy Sauce And Veg,2026-09-16T17:42:53Z,2026-09-16T17:42:53Z
9355848017767,Fit&Healthy Chef Oven roasted chicken with mushroom sauce,2026-09-16T17:42:53Z,2026-09-16T17:42:53Z
9355848017880,Food 4 Fitness Chicken Alla Florentina,2026-09-16T17:42:53Z,2026-09-16T17:42:53Z
9355848017989,Fit&Healthy Chef Chicken turmeric cous cous,2026-09-16T17:42:53Z,2026-09-16T17:42:53Z
9355848018054,Food 4 fitness Char grilled chicken thigh fillet with salt and pepper,2026-09-16T17:42:53Z,2026-09-16T17:42:53Z
9355848018078,Food4Fitness Mild Balti Chicken Curry With Basmati Rice Peas Corn And Capsicum,2026-09-16T17:42:53Z,2026-09-16T17:42:53Z
9355848018085,Good 4 Fitness Mild Balti Chicken Curry,2026-09-16T17:42:53Z,2026-09-16T17:42:53Z
9355848018108,Food 4 Fitness Mild Butter Chicken Curry,2026-09-16T17:42:53Z,2026-09-16T17:42:53Z
9355848018122,Fit&healthy Chef Silken butter chicken curry with brown rice and cashew,2026-09-16T17:42:53Z,2026-09-16T17:42:53Z
9355848018146,Food 4 Fitness Tropical Mango Chicken Curry In A Lush Golden Coconut Spice w Basmati Rice & Veg,2026-09-16T17:42:53Z,2026-09-16T17:42:53Z
9355848018184,Food 4 fitness Mild korma Beef Curry With Basmati Rice,2026-09-16T17:42:53Z,2026-09-16T17:42:53Z
9355848018221,Food4Fitness Thai Green Curry Chicken with Brown Rice & Seasonal Mix Veg,2026-09-16T17:42:53Z,2026-09-16T17:42:53Z
9355848018238,Food4Fitness Thai Chicken Green Curry Sauce,2026-09-16T17:42:53Z,2026-09-16T17:42:53Z
9355848018245,Food4Fitness Thai meatballs With Rice And Veg,2026-09-16T17:42:53Z,2026-09-16T17:42:53Z
9355848018283,Food 4 Fitness Slow-Cooked Lemon Garlic Chicken In A Velvety Spiced Yoghurt Sauce Stir Fry Rice,2026-09-16T17:42:53Z,2026-09-16T17:42:53Z
9355848018320,Food 4 Fitness Stir Fry Chicken And Cashew Stir Fry Brown Rice,2026-09-16T17:42:53Z,2026-09-16T17:42:53Z
9355848018382,Fit&Healthy Chef Protein packed chicken & spinach pasta,2026-09-16T17:42:53Z,2026-09-16T17:42:53Z
9355848018443,Food 4 Fitness Flame-Grilled Grass-Fed Rump With A Classic Diane Cream w White Potato Mash,2026-09-16T17:42:53Z,2026-09-16T17:42:53Z
9355848018467,Food 4 Fitness Fire Said Rump Steak With Dianne Peppercorn Glaze,2026-09-16T17:42:53Z,2026-09-16T17:42:53Z
9355848018498,Food 4 fitness Chargrilled grass fed rump with bbq honey soy sauce,2026-09-16T17:42:53Z,2026-09-16T17:42:53Z
9355848018504,Fit&healthy Chef Flame grilled rjmp with caramelized honey sauce,2026-09-16T17:42:53Z,2026-09-16T17:42:53Z
9355848018511,Food 4 Fitness Chargrilled Grass Fed Rump With BBq Honey Soy And Veg,2026-09-16T17:42:53Z,2026-09-16T17:42:53Z
9355848018627,Food4Fitness Chargrilled Grass Fed Rump With Portuguese Sauce with Brown Rice & Broccoli,2026-09-16T17:42:53Z,2026-09-16T17:42:53Z
9355848018672,Food 4 fitness Char grilled grass fed rump with dijon honey mustard,2026-09-16T17:42:53Z,2026-09-16T17:42:53Z
9355848018771,Food4fitness Lean beef Italian bolognese with parmesan,2026-09-16T17:42:53Z,2026-09-16T17:42:53Z
9355848018818,Food 4 Fitness Mild Korma Beef Curry,2026-09-16T17:42:53Z,2026-09-16T17:42:53Z
9355848018825,Food4Fitness Mild Korma Beef Curry,2026-09-16T17:42:53Z,2026-09-16T17:42:53Z
9355848018832,Food 4 Fitness Mild Korma Beef Curry With Sesonal Veg,2026-09-16T17:42:53Z,2026-09-16T17:42:53Z
9355848018863,Fit&healthy Chef Slow cooked italian beef casserole,2026-09-16T17:42:53Z,2026-09-16T17:42:53Z
9355848018894,Food 4 Fitness Mongolian Beef Hot Pot,2026-09-16T17:42:53Z,2026-09-16T17:42:53Z
9355848018900,Food 4 Fitness Nonnnas Italian spaghetti and meatballs,2026-09-16T17:42:53Z,2026-09-16T17:42:53Z
9355848018955,Food 4 Fitness Gluten-Free High Protein Beef Lasagna,2026-09-16T17:42:53Z,2026-09-16T17:42:53Z
9355848018962,Fit&Healthy Chef Spagetti Bolognese,2026-09-16T17:42:53Z,2026-09-16T17:42:53Z
9355848018986,Food 4 Fitness Chicken Pad Thai,2026-09-16T17:42:53Z,2026-09-16T17:42:53Z
9355848018993,Food 4 Fitness Nonnas Italian Spaghetti And Meat Balls (Gluten Free),2026-09-16T17:42:53Z,2026-09-16T17:42:53Z
9355848019082,Food 4 fitness Sous vide salt and pepper crusted salmon with sweet chilli sauce and lemon,2026-09-16T17:42:53Z,2026-09-16T17:42:53Z
9355848019198,Food 4 Fitness Lamb Rogan Josh With Coconut Rice,2026-09-16T17:42:53Z,2026-09-16T17:42:53Z
9355848019211,Fit&healthy Chef Slow cooked american style beef rib with honey bbq sauce,2026-09-16T17:42:53Z,2026-09-16T17:42:53Z
9355848019228,Fit&healthy Chef Spinach and ricotta canelloni beef bolognese sauce,2026-09-16T17:42:53Z,2026-09-16T17:42:53Z
9355848019242,Food 4 fitness Oven baked salmon fillet with Greek sauce,2026-09-16T17:42:53Z,2026-09-16T17:42:53Z
9355848019310,"Food4Fitness Lemon & Lime Chicken Salad With Roasted Vegetables, Quinoa & Honey Mustard",2026-09-16T17:42:53Z,2026-09-16T17:42:53Z
9355848019396,Food4Fitness Slow Cooked Lamb Shank With Greek Seasoning with Brown Rice & Seasonal Mix Veg,2026-09-16T17:42:53Z,2026-09-16T17:42:53Z
9355848019655,Food 4 Fitness Tandoori Tikka Fuel Coconut Rice Bowl,2026-09-16T17:42:53Z,2026-09-16T17:42:53Z
9355848019730,Food4Fitness Jamaican Jerk Spiced drumnettes w/ Roasted Potato & Beans,2026-09-16T17:42:53Z,2026-09-16T17:42:53Z
9355878000043,Moricey Jones Jelly Red Hot Relish,2026-09-16T17:42:53Z,2026-09-16T17:42:53Z
9355878000050,Quincey Jones Jelly Green Tomato Pickle,2026-09-16T17:42:53Z,2026-09-16T17:42:53Z
9355878000708,Quincey Jones Jelly Cherry Fruit Paste,2026-09-16T17:42:53Z,2026-09-16T17:42:53Z
9355878001019,Quincy Jones Jelly Worcestershire Sauce,2026-09-16T17:42:53Z,2026-09-16T17:42:53Z
9355879000653,Grifter Brewing Company Demon Fizz (Blood Orange Seltzer),2026-09-16T17:42:53Z,2026-09-16T17:42:53Z
9355887000072,Aussie Frozen Fruit Frozen Strawberries,2026-09-16T17:42:53Z,2026-09-16T17:42:53Z
9355887000102,Aussie Frozen Fruit Blueberries,2026-09-16T17:42:53Z,2026-09-16T17:42:53Z
9355887000126,Aussie Frozen Fruit 100% Australian Mangos,2026-09-16T17:42:53Z,2026-09-16T17:42:53Z
9355887000256,Pineapple,2026-09-16T17:42:53Z,2026-09-16T17:42:53Z
9355893015107,"Food 4 Fitness Oven Roasted Chicken With Bbq Honey, Soy Sauce And Brown Rice",2026-09-16T17:42:53Z,2026-09-16T17:42:53Z
9355894000058,Sonora Foods Corn chips cheese supreme,2026-09-16T17:42:53Z,2026-09-16T17:42:53Z
9355894000072,Sonora Foods Corn Chips,2026-09-16T17:42:53Z,2026-09-16T17:42:53Z
9355894000195,Corn chips,2026-09-16T17:42:53Z,2026-09-16T17:42:53Z
9355900000034,Fresh Sauce Co Beef Bolognese Sauce,2026-09-16T17:42:53Z,2026-09-16T17:42:53Z
9355904000009,Glow Powder,2026-09-16T17:42:53Z,2026-09-16T17:42:53Z
9355904000160,THE BEAUTY CHEF COLLAGEN Inner Beauty Boost,2026-09-16T17:42:53Z,2026-09-16T17:42:53Z
9355904000177,Collagen inner beauty boost,2026-09-16T17:42:53Z,2026-09-16T17:42:53Z
9355904000184,COLLAGEN INNER BEAUTY CHEF,2026-09-16T17:42:53Z,2026-09-16T17:42:53Z
9355904000221,Collagen inner beauty boost,2026-09-16T17:42:53Z,2026-09-16T17:42:53Z
9355904000238,Collagen inner beauty boost,2026-09-16T17:42:53Z,2026-09-16T17:42:53Z
9355904000245,Collagen,2026-09-16T17:42:53Z,2026-09-16T17:42:53Z
9355904000368,Hydration,2026-09-16T17:42:53Z,2026-09-16T17:42:53Z
9355904000382,The Beauty Chef Hydration Inner Beauty Boost,2026-09-16T17:42:53Z,2026-09-16T17:42:53Z
9355904000481,Adaptogen,2026-09-16T17:42:53Z,2026-09-16T17:42:53Z
9355904000917,Clarify Inner Beauty Support,2026-09-16T17:42:53Z,2026-09-16T17:42:53Z
9355904000955,Deep collagen,2026-09-16T17:42:53Z,2026-09-16T17:42:53Z
9355904000986,Deep Collagen,2026-09-16T17:42:53Z,2026-09-16T17:42:53Z
9355904001174,Beauty Chef Deep collagen inner beauty support,2026-09-16T17:42:53Z,2026-09-16T17:42:53Z
9355904002010,The Beauty Chef Daily Supergreens,2026-09-16T17:42:53Z,2026-09-16T17:42:53Z
9355904002096,The Beauty Chef Body Wellness,2026-09-16T17:42:53Z,2026-09-16T17:42:53Z
9355904002461,The Beauty Chef Glow+ Collagen Boost,2026-09-16T17:42:53Z,2026-09-16T17:42:53Z
9355904002485,The Beauty Chef Body Protein+,2026-09-16T17:42:53Z,2026-09-16T17:42:53Z
9355904002492,The Beauty Chef Body Protein+,2026-09-16T17:42:53Z,2026-09-16T17:42:53Z
9355904002744,The Beauty Chef Body Collagen,2026-09-16T17:42:53Z,2026-09-16T17:42:53Z
9355904002799,The Beauty Chef Body Protein,2026-09-16T17:42:53Z,2026-09-16T17:42:53Z
9355904002805,The beauty chef Body Protein,2026-09-16T17:42:53Z,2026-09-16T17:42:53Z
9355904002874,The Beauty Chef Glow Ageless,2026-09-16T17:42:53Z,2026-09-16T17:42:53Z
9355904002966,The Beauty Chef Body Electric,2026-09-16T17:42:53Z,2026-09-16T17:42:53Z
9355904003055,The Beauty Chef Body Collagen,2026-09-16T17:42:53Z,2026-09-16T17:42:53Z
9355907000341,Two Bays Brewing Co. GFB Draught,2026-09-16T17:42:53Z,2026-09-16T17:42:53Z
9355907000402,Twobays Session Ale 330ml,2026-09-16T17:42:53Z,2026-09-16T17:42:53Z
9355922000036,Newblood Non Alcoholic Chardonnay,2026-09-16T17:42:53Z,2026-09-16T17:42:53Z
9355925000040,Ozi choice milky bites,2026-09-16T17:42:53Z,2026-09-16T17:42:53Z
9355968000038,Grapes,2026-09-16T17:42:53Z,2026-09-16T17:42:53Z
9355968000045,Hello Candy Hearts Red Grapes,2026-09-16T17:42:53Z,2026-09-16T17:42:53Z
9355968000090,freedom crafted blends maple & almond granola,2026-09-16T17:42:53Z,2026-09-16T17:42:53Z
9355972000024,The Original TumeriX Capsules,2026-09-16T17:42:53Z,2026-09-16T17:42:53Z
9355982000038,Beef Chief Bourbon BBQ Beef Jerky,2026-09-16T17:42:53Z,2026-09-16T17:42:53Z
9355982000090,The Original Beef Chief Premium Beef Jerky Chargrilled Chilli BBQ,2026-09-16T17:42:53Z,2026-09-16T17:42:53Z
9355982001431,Beef Chief Jerky -original-,2026-09-16T17:42:53Z,2026-09-16T17:42:53Z
9355982001462,The Original Beef Chief Beef Jerky - Garlic,2026-09-16T17:42:53Z,2026-09-16T17:42:53Z
9355982001516,Beef Chief Fatty Biltong,2026-09-16T17:42:53Z,2026-09-16T17:42:53Z
9355982001523,Beef Chief Peri Peri Biltong 250 g,2026-09-16T17:42:53Z,2026-09-16T17:42:53Z
9355982001530,Beef Chief Peri Peri Fatty Biltong,2026-09-16T17:42:53Z,2026-09-16T17:42:53Z
9355982001646,Beef Chief Droewors Ragin' Cajun,2026-09-16T17:42:53Z,2026-09-16T17:42:53Z
9355982001660,The Original Beef Chief Dried Sausage Droewors Smokey Chilli,2026-09-16T17:42:53Z,2026-09-16T17:42:53Z
9355982001790,Beef chief Jerky,2026-09-16T17:42:53Z,2026-09-16T17:42:53Z
9355982002223,Beef Chief Traditional Jerky 30 g,2026-09-16T17:42:53Z,2026-09-16T17:42:53Z
9355982002438,Beef Chief Lemon Pepper Fatty Biltong,2026-09-16T17:42:53Z,2026-09-16T17:42:53Z
9355982002865,The Original Beef Chief Real Aussie Biltong Chilli BBQ,2026-09-16T17:42:53Z,2026-09-16T17:42:53Z
9355982002902,The Original Beef Chief Fatty Biltong Chilli BBQ,2026-09-16T17:42:53Z,2026-09-16T17:42:53Z
9355982003039,Beef Chief Chipotle Biltong 250 g,2026-09-16T17:42:53Z,2026-09-16T17:42:53Z
9355982003053,Beef Chief Traditional Fatty Biltong,2026-09-16T17:42:53Z,2026-09-16T17:42:53Z
9355982003077,Beef Chief Chipotle Fatty Biltong,2026-09-16T17:42:53Z,2026-09-16T17:42:53Z
9355982003084,Beef Chief Chilli Lime Beef Jerky,2026-09-16T17:42:53Z,2026-09-16T17:42:53Z
9355982004029,Beef Chief Smokey BBQ Jerky,2026-09-16T17:42:53Z,2026-09-16T17:42:53Z
9355995000162,WARADAA Manuka Honey,2026-09-16T17:42:53Z,2026-09-16T17:42:53Z
9356003431015,Aucune Le nectar d’abricot,2026-09-16T17:42:53Z,2026-09-16T17:42:53Z
9356027000006,Ash schaffer,2026-09-16T17:42:53Z,2026-09-16T17:42:53Z
9356027000013,Berry Blaze Isotonic Hydration,2026-09-16T17:42:53Z,2026-09-16T17:42:53Z
9356027000105,Lemon zest electrolyte sports drink,2026-09-16T17:42:53Z,2026-09-16T17:42:53Z
9356027000112,Everlast Sports,2026-09-16T17:42:53Z,2026-09-16T17:42:53Z
9356039000223,Fratelli Fine Foods Cookies & Cream Almonds,2026-09-16T17:42:53Z,2026-09-16T17:42:53Z
9356044354540,Bonds Men's Logo Crew Sock 11+ 3PACK 3 pack,2026-09-16T17:42:53Z,2026-09-16T17:42:53Z
9356044354557,Bonds Mens Logo Crew 6+ 3 Pack,2026-09-16T17:42:53Z,2026-09-16T17:42:53Z
9356044354564,Bonds Mens Low Cut Socks Size 11-14 Assorted 3 pack,2026-09-16T17:42:53Z,2026-09-16T17:42:53Z
9356044354571,Bonds Mens Logo Low Cut 6-10 3 Pack,2026-09-16T17:42:53Z,2026-09-16T17:42:53Z
9356044354601,Bonds Mens Sport 1/4 Socks Size 11-14 Assorted 3 pack,2026-09-16T17:42:53Z,2026-09-16T17:42:53Z
9356044354618,Bonds Mens Quarter Crew Mens Quarter Crew Logo Size 11+ 3 pack,2026-09-16T17:42:53Z,2026-09-16T17:42:53Z
9356044358791,Bonds Girls Kids Bikini Size 6/8 4 Pack,2026-09-16T17:42:53Z,2026-09-16T17:42:53Z
9356044385018,Bonds Kids Logo Light Quarter Crew Socks Size 13-3 4 pack,2026-09-16T17:42:53Z,2026-09-16T17:42:53Z
9356044385025,Bonds Kids Logo Light Quarter Crew Size 2 - 8 4 pack,2026-09-16T17:42:53Z,2026-09-16T17:42:53Z
9356044385452,Bonds Kids Low Cut Socks Size 13-3 Assorted 3 pack,2026-09-16T17:42:53Z,2026-09-16T17:42:53Z
9356044385469,Bonds Kids Low Cut Socks Size 3-8 Assorted 3 pack,2026-09-16T17:42:53Z,2026-09-16T17:42:53Z
9356044385483,Bonds Kids Low Cut Socks Size 9-12 Assorted 3 pack,2026-09-16T17:42:53Z,2026-09-16T17:42:53Z
9356044385513,Bonds Ladies Cushioned 1/4 Crew Socks Size 3-8 Assorted 3 pack,2026-09-16T17:42:53Z,2026-09-16T17:42:53Z
9356044385520,Bonds Ladies Sport 1/4 Socks Size 8-11 Assorted 3 pack,2026-09-16T17:42:53Z,2026-09-16T17:42:53Z
9356044385551,Bonds Ladies Lightweight No Show Socks Size 2-8 Assorted 4 pack,2026-09-16T17:42:53Z,2026-09-16T17:42:53Z
9356044385568,Bonds Ladies Lightweight No Show Socks Size 8-11 Assorted 4 pack,2026-09-16T17:42:53Z,2026-09-16T17:42:53Z
9356044385575,Bonds Womens Logo No Show Size 3-8 3 pack,2026-09-16T17:42:53Z,2026-09-16T17:42:53Z
9356044385599,Bonds Ladies Low Cut Socks Size 3-8 Assorted 3 pack,2026-09-16T17:42:53Z,2026-09-16T17:42:53Z
9356044385605,Bonds Ladies Low Cut Socks Size 8-11 Assorted 3 pack,2026-09-16T17:42:53Z,2026-09-16T17:42:53Z
9356044387159,Bonds Kids Sport 1/4 Socks Size 13-3 Assorted 3 pack,2026-09-16T17:42:53Z,2026-09-16T17:42:53Z
9356044387166,Bonds Kids Sport 1/4 Socks Size 2-8 Assorted 3 pack,2026-09-16T17:42:53Z,2026-09-16T17:42:53Z
9356044387180,Bonds Kids Sport 1/4 Socks Size 9-12 Assorted 3 pack,2026-09-16T17:42:53Z,2026-09-16T17:42:53Z
9356044468797,Bonds Mens Lightweight No Show Socks Size 11-14 Assorted 4 pack,2026-09-16T17:42:53Z,2026-09-16T17:42:53Z
9356044468803,Bonds Mens Lightweight No Show Socks Size 6-10 Assorted 4 pack,2026-09-16T17:42:53Z,2026-09-16T17:42:53Z
9356044904738,Bonds Sports Leggings Black Size Large/X Large each,2026-09-16T17:42:53Z,2026-09-16T17:42:53Z
9356044904745,Bonds Sports Leggings Black Medium- Large each,2026-09-16T17:42:53Z,2026-09-16T17:42:53Z
9356065000259,Whole raspberries,2026-09-16T17:42:53Z,2026-09-16T17:42:53Z
9356065000310,"Platypus Produce Potato, Egg & Bacon",2026-09-16T17:42:53Z,2026-09-16T17:42:53Z
9356065000341,PLATYPUS PRODUCE Classic Coleslaw,2026-09-16T17:42:53Z,2026-09-16T17:42:53Z
9356067113544,Typo A5 Campus Notebook Recycled,2026-09-16T17:42:53Z,2026-09-16T17:42:53Z
9356067349660,WATER GREAT BOTTLE,2026-09-16T17:42:53Z,2026-09-16T17:42:53Z
9356128000417,Kitchen hand Salad,2026-09-16T17:42:53Z,2026-09-16T17:42:53Z
9356128001001,chicken and corn,2026-09-16T17:42:53Z,2026-09-16T17:42:53Z
9356128001261,Eatwell,2026-09-16T17:42:53Z,2026-09-16T17:42:53Z
9356128001643,Eat well Mushroom and roasted hazelnut risotto,2026-09-16T17:42:53Z,2026-09-16T17:42:53Z
9356128002589,Eatwell Honey Mustard Chicken & Roast Veg,2026-09-16T17:42:53Z,2026-09-16T17:42:53Z
9356128003050,Eatwell Chicken & Herb Meatballs,2026-09-16T17:42:53Z,2026-09-16T17:42:53Z
9356133000006,The why meat co,2026-09-16T17:42:53Z,2026-09-16T17:42:53Z
9356133000013,Plamt based sausage rolls,2026-09-16T17:42:53Z,2026-09-16T17:42:53Z
9356133000037,Plant Based Party Pies,2026-09-16T17:42:53Z,2026-09-16T17:42:53Z
9356133000044,Plant based sausage rolls,2026-09-16T17:42:53Z,2026-09-16T17:42:53Z
9356133000075,Mini potato cakes 400 g,2026-09-16T17:42:53Z,2026-09-16T17:42:53Z
9356133000105,The Why Meat Co Mini Potato Cakes,2026-09-16T17:42:53Z,2026-09-16T17:42:53Z
9356133000136,Why Meat Co Large Potato Cake Scallops,2026-09-16T17:42:53Z,2026-09-16T17:42:53Z
9356136000089,Collagen Bite Berry Coconut,2026-09-16T17:42:53Z,2026-09-16T17:42:53Z
9356155000084,Protein + probiotics Chocolate Brownie Protein Powder,2026-09-16T17:42:53Z,2026-09-16T17:42:53Z
9356155000091,JS Health Protein and Probiotics,2026-09-16T17:42:53Z,2026-09-16T17:42:53Z
9356155000145,Vitality Collagen,2026-09-16T17:42:53Z,2026-09-16T17:42:53Z
9356155000237,JSHealth Peanut butter crunch,2026-09-16T17:42:53Z,2026-09-16T17:42:53Z
9356155000244,Nourish & digest,2026-09-16T17:42:53Z,2026-09-16T17:42:53Z
9356155000251,Protein bar,2026-09-16T17:42:53Z,2026-09-16T17:42:53Z
9356155000305,Pure marine collagen +,2026-09-16T17:42:53Z,2026-09-16T17:42:53Z
9356155000312,Greens + collagen,2026-09-16T17:42:53Z,2026-09-16T17:42:53Z
9356155000527,Hair and energy,2026-09-16T17:42:53Z,2026-09-16T17:42:53Z
9356155000763,JSHealth Advanced Magnesium+,2026-09-16T17:42:53Z,2026-09-16T17:42:53Z
9356155000831,JSHealth Vitality And Collagen,2026-09-16T17:42:53Z,2026-09-16T17:42:53Z
9356155001579,JS Health Protein and Probiotics,2026-09-16T17:42:53Z,2026-09-16T17:42:53Z
9356155001586,JSHEALTH Chocolate Brownie Pea Protein Powder,2026-09-16T17:42:53Z,2026-09-16T17:42:53Z
9356155002248,JS Health Advanced Magnesium+ Triple Form,2026-09-16T17:42:53Z,2026-09-16T17:42:53Z
9356155002347,JSHEALTH Protein + Probiotics Vanilla Bean 300 g,2026-09-16T17:42:53Z,2026-09-16T17:42:53Z
9356155002354,Jshealth Protein + Probiotics Chocolate Brownie 300 g,2026-09-16T17:42:53Z,2026-09-16T17:42:53Z
9356155002576,JS Health Chocolate Brownie,2026-09-16T17:42:53Z,2026-09-16T17:42:53Z
9356155002613,Vitality + collagen,2026-09-16T17:42:53Z,2026-09-16T17:42:53Z
9356155003467,JSHEALTH ADVANCED MAGNESIUM+ POWDER 180 g,2026-09-16T17:42:53Z,2026-09-16T17:42:53Z
9356155003474,JS HEALTH Magnesium,2026-09-16T17:42:53Z,2026-09-16T17:42:53Z
9356155003504,JSHEALTH Berberine+,2026-09-16T17:42:53Z,2026-09-16T17:42:53Z
9356155003566,JSHEALTH Peanut Butter Crunch Beauty Bar,2026-09-16T17:42:53Z,2026-09-16T17:42:53Z
9356155003573,JS health Protein Bar,2026-09-16T17:42:53Z,2026-09-16T17:42:53Z
9356155003580,JS Health Protein Bar Double Choc,2026-09-16T17:42:53Z,2026-09-16T17:42:53Z
9356155004105,JSHEALTH LEAN+ 229 g,2026-09-16T17:42:53Z,2026-09-16T17:42:53Z
9356155004174,JSHEALTH Vanilla Bean Pea Protein Powder,2026-09-16T17:42:53Z,2026-09-16T17:42:53Z
9356155004488,JSHEALTH HYDRATE+ 75 g,2026-09-16T17:42:53Z,2026-09-16T17:42:53Z
9356169000483,Sam’s Popcorn Lemon Cheesecake,2026-09-16T17:42:53Z,2026-09-16T17:42:53Z
9356170000007,beforeyouspeak Performance Coffee,2026-09-16T17:42:53Z,2026-09-16T17:42:53Z
9356170000021,Caramel Coffee,2026-09-16T17:42:53Z,2026-09-16T17:42:53Z
9356170000038,beforeyouspeak Collagen Coffee,2026-09-16T17:42:53Z,2026-09-16T17:42:53Z
9356170000083,Beforeyouspeak High performance coffee,2026-09-16T17:42:53Z,2026-09-16T17:42:53Z
9356170000120,Glow mocha,2026-09-16T17:42:53Z,2026-09-16T17:42:53Z
9356170000304,Collagen coffee Mocha,2026-09-16T17:42:53Z,2026-09-16T17:42:53Z
9356170000397,Coffer,2026-09-16T17:42:53Z,2026-09-16T17:42:53Z
9356170000410,Caramel Coffee,2026-09-16T17:42:53Z,2026-09-16T17:42:53Z
9356170000434,Beforeyouspeak Collagen Coffee - Mocha,2026-09-16T17:42:53Z,2026-09-16T17:42:53Z
9356170000618,Adrenal decaf coffee,2026-09-16T17:42:53Z,2026-09-16T17:42:53Z
9356170000625,Before You Speak Adrenal Decaf coffee 7 x 5 g,2026-09-16T17:42:53Z,2026-09-16T17:42:53Z
9356170000649,beforeyouspeak Performance Coffee,2026-09-16T17:42:53Z,2026-09-16T17:42:53Z
9356170000960,thermo coffee,2026-09-16T17:42:53Z,2026-09-16T17:42:53Z
9356170001127,Before you speak Immunity coffee,2026-09-16T17:42:53Z,2026-09-16T17:42:53Z
9356170001288,Collagen Creamer,2026-09-16T17:42:53Z,2026-09-16T17:42:53Z
9356170001660,Before you speak Collagen coffee,2026-09-16T17:42:53Z,2026-09-16T17:42:53Z
9356170001929,Before You Speak Thermo Coffee Original +,2026-09-16T17:42:53Z,2026-09-16T17:42:53Z
9356170002391,BeforeYouSpeak Collagen Complex,2026-09-16T17:42:53Z,2026-09-16T17:42:53Z
9356170002421,Before you speak Collagen complex choc hazelnut,2026-09-16T17:42:53Z,2026-09-16T17:42:53Z
9356170002551,Before You Speak Iced Latte - Vanilla,2026-09-16T17:42:53Z,2026-09-16T17:42:53Z
9356170002582,Before You Speak Iced Latte Espresso,2026-09-16T17:42:53Z,2026-09-16T17:42:53Z
9356170002599,beforeyouspeak Iced Latte,2026-09-16T17:42:53Z,2026-09-16T17:42:53Z
9356170002612,Before You Speak Iced Latte (Vanilla),2026-09-16T17:42:53Z,2026-09-16T17:42:53Z
9356170002667,beforeyouspeak Creamy Latte,2026-09-16T17:42:53Z,2026-09-16T17:42:53Z
9356170002674,Before You Speak Caramel Latte,2026-09-16T17:42:53Z,2026-09-16T17:42:53Z
9356170002711,Beforeyouspeak Strong Cappuccino,2026-09-16T17:42:53Z,2026-09-16T17:42:53Z
9356170002728,Before You Speak Creamy Cappuccino,2026-09-16T17:42:53Z,2026-09-16T17:42:53Z
9356186000008,TOAST ROAST CRACKER CHEESE 200GM,2026-09-17T13:43:43Z,2026-09-17T13:43:43Z
9356186000015,TOAST ROAST OLIVE 200GM,2026-09-17T13:34:18Z,2026-09-17T13:43:43Z
9356186000022,TOAST ROAST CRACKER MEDITE 200GM,2026-09-16T17:42:53Z,2026-09-17T13:43:43Z
9356186000053,"BREAD ROLL 7"" PROTEIN HB",2026-09-17T13:43:43Z,2026-09-17T13:43:43Z
9356186000077,HERMAN BROT BREADSTICK MED 200G,2026-09-17T13:43:43Z,2026-09-17T13:43:43Z
9356186000084,HERMAN BROT BREADSTICKS ZAT 200G,2026-09-16T17:42:53Z,2026-09-17T13:43:43Z
9356186000091,HERMAN BROT BREADSTICKS NAT 250G,2026-09-16T17:42:53Z,2026-09-17T13:43:43Z
9356186000107,Herman Brot Complete Protein Bread,2026-09-16T17:42:53Z,2026-09-16T17:42:53Z
9356186000152,JACQUET MINI BROWNI HAZELNUT 150 GRAM,2026-09-16T17:42:53Z,2026-09-17T13:43:43Z
9356186000169,Herman Brot Complete protein buns,2026-09-16T17:42:53Z,2026-09-16T17:42:53Z
9356188000211,The Protein Factory Metaslim B2 Energy Syrup,2026-09-16T17:42:53Z,2026-09-16T17:42:53Z
9356188010210,The Protein Factory Premium Whey Protein Isolate 1 kg,2026-09-16T17:42:53Z,2026-09-16T17:42:53Z
9356188010234,The Protein Factory Premium Whey Protein Isolate Salted Caramel 1 kg,2026-09-16T17:42:53Z,2026-09-16T17:42:53Z
9356188010302,The Protein Factory Whey Protein Unflavoured,2026-09-16T17:42:53Z,2026-09-16T17:42:53Z
9356188010319,Protein Factory Vanilla Whey Isolate,2026-09-16T17:42:53Z,2026-09-16T17:42:53Z
9356188010340,The Protein Factory Vanilla Whey Protein,2026-09-16T17:42:53Z,2026-09-16T17:42:53Z
9356188010371,The Protein Factory Whey Protein Isolate - Chocolate 2 kg,2026-09-16T17:42:53Z,2026-09-16T17:42:53Z
9356188010432,The Protein Factory Premium Whey Protein Isolate - Choc Candy Cane 2 kg,2026-09-16T17:42:53Z,2026-09-16T17:42:53Z
9356188011156,The Protein Factory Premium Plant Protein - Honeycomb,2026-09-16T17:42:53Z,2026-09-16T17:42:53Z
9356188013068,The Protein Factory Collagen Protein Soup - Beef Broth 500 g,2026-09-16T17:42:53Z,2026-09-16T17:42:53Z
9356188013075,The Protein Factory Collagen Protein Soup - Chicken & Veg 500 g,2026-09-16T17:42:53Z,2026-09-16T17:42:53Z
9356188013303,The Protein Factory Rapid Bulk 430,2026-09-16T17:42:53Z,2026-09-16T17:42:53Z
9356188013518,The Protein Factory Powdered Peanut Butter,2026-09-16T17:42:53Z,2026-09-16T17:42:53Z
9356188018087,The Protein Factory Chocolate Powdered Peanut Butter,2026-09-16T17:42:53Z,2026-09-16T17:42:53Z
9356204000003,Nonna’s Wage Beef Burger,2026-09-16T17:42:53Z,2026-09-16T17:42:53Z
9356204000041,Nonna's Chicken Peri Peri Kebabs,2026-09-16T17:42:53Z,2026-09-16T17:42:53Z
9356204000065,NONNA'S Japanese Style Yakitori Marinated Chicken Kebabs,2026-09-16T17:42:53Z,2026-09-16T17:42:53Z
9356204000096,Nonna's Gourmet Mini Meatballs,2026-09-16T17:42:53Z,2026-09-16T17:42:53Z
9356204000102,Nonna’s Meatballs Beef & Pork,2026-09-16T17:42:53Z,2026-09-16T17:42:53Z
9356204000126,Nonna's Chicken Rockey & Coast Cheese Sausage,2026-09-16T17:42:53Z,2026-09-16T17:42:53Z
9356204000157,Nonna’s Chorizo Sausage,2026-09-16T17:42:53Z,2026-09-16T17:42:53Z
9356204000188,Nonna’s Panko & Herb Chicken Schnitzel,2026-09-16T17:42:53Z,2026-09-16T17:42:53Z
9356204000195,Nonna's Panko & Parmesan Chicken Schnitzel,2026-09-16T17:42:53Z,2026-09-16T17:42:53Z
9356204000294,Woolsworth Sun Dried Tomato Chicken Involtini,2026-09-16T17:42:53Z,2026-09-16T17:42:53Z
9356204000447,Nonnas Middle Eastern Style Chicken Thigh,2026-09-16T17:42:53Z,2026-09-16T17:42:53Z
9356204000522,Nonna's Pork And Fennel Sausage Rolls,2026-09-16T17:42:53Z,2026-09-16T17:42:53Z
9356204000591,Nonna’s Kids Chicken Schnitzel,2026-09-16T17:42:53Z,2026-09-16T17:42:53Z
9356204000614,Nonna's Panko & Herb Veal Schnitzel,2026-09-16T17:42:53Z,2026-09-16T17:42:53Z
9356204000621,Nonnas Italian Beef Meatballs,2026-09-16T17:42:53Z,2026-09-16T17:42:53Z
9356204000706,Nonna’s Italian Half Chicken,2026-09-16T17:42:53Z,2026-09-16T17:42:53Z
9356204000713,Nonna's Gyros Chicken Strips,2026-09-16T17:42:53Z,2026-09-16T17:42:53Z
9356204000744,Nonna's Porterhouse Steak With Pepper,2026-09-16T17:42:53Z,2026-09-16T17:42:53Z
9356204000751,Nonna's Butterflies Chicken Italian Tomato & Basil,2026-09-16T17:42:53Z,2026-09-16T17:42:53Z
9356204000782,Nonna’s Honey And Rosemary Lamb Kebabs,2026-09-16T17:42:53Z,2026-09-16T17:42:53Z
9356204000812,Nonna's Organic Lamb Koftas,2026-09-16T17:42:53Z,2026-09-16T17:42:53Z
9356204001000,Nonna’s Bangers And Mash,2026-09-16T17:42:53Z,2026-09-16T17:42:53Z
9356204001017,Momma’s Beef Lasagne,2026-09-16T17:42:53Z,2026-09-16T17:42:53Z
9356214000017,Il Nonno Tortellini Slow Beef,2026-09-16T17:42:53Z,2026-09-16T17:42:53Z
9356214000093,Il Nonno Ricotta Gnocchi,2026-09-16T17:42:53Z,2026-09-16T17:42:53Z
9356214000307,Il Nonno Casarecce Fresh Pasta,2026-09-16T17:42:53Z,2026-09-16T17:42:53Z
9356215000009,Nib & Noble original Drinking Chocolate,2026-09-16T17:42:53Z,2026-09-16T17:42:53Z
9356215000054,Nib + Noble The Cacao Co. 65% Dark Drinking Chocolate,2026-09-16T17:42:53Z,2026-09-16T17:42:53Z
9356217000014,Cermonial drinkinh cacao,2026-09-16T17:42:53Z,2026-09-16T17:42:53Z
9356250000040,Josh's Rainbow Eggs,2026-09-16T17:42:53Z,2026-09-16T17:42:53Z
9356250000057,Josh’s Eggs Rainbow Easter Egg,2026-09-16T17:42:53Z,2026-09-16T17:42:53Z
9356256000020,ATP Acetyl L-Carnitine,2026-09-16T17:42:53Z,2026-09-16T17:42:53Z
9356256000082,Attp Creatine monohydrate,2026-09-16T17:42:53Z,2026-09-16T17:42:53Z
9356256000105,ATP Citrulline,2026-09-16T17:42:53Z,2026-09-16T17:42:53Z
9356256000112,ATP Glutamine Supplement,2026-09-16T17:42:53Z,2026-09-16T17:42:53Z
9356256000402,Collagen protein,2026-09-16T17:42:53Z,2026-09-16T17:42:53Z
9356256000440,Noway,2026-09-16T17:42:53Z,2026-09-16T17:42:53Z
9356256000457,Atp science Noway hot chocolate,2026-09-16T17:42:53Z,2026-09-16T17:42:53Z
9356256000464,Noway Hydrolyzed collagen peptides chocolate,2026-09-16T17:42:53Z,2026-09-16T17:42:53Z
9356256000587,No way protein,2026-09-16T17:42:53Z,2026-09-16T17:42:53Z
9356256000600,Collagen protein,2026-09-16T17:42:53Z,2026-09-16T17:42:53Z
9356256000877,Noway Hot Choclate,2026-09-16T17:42:53Z,2026-09-16T17:42:53Z
9356256000914,Gutright,2026-09-16T17:42:53Z,2026-09-16T17:42:53Z
9356256000952,Noway Collagen Mousse,2026-09-16T17:42:53Z,2026-09-16T17:42:53Z
9356256001034,Noway collagen frozen desert,2026-09-16T17:42:53Z,2026-09-16T17:42:53Z
9356256001096,ATP Science Amperage,2026-09-16T17:42:53Z,2026-09-16T17:42:53Z
9356256001201,ATP Science J.O.L.T. Formulated Supplementary Sports Food,2026-09-16T17:42:53Z,2026-09-16T17:42:53Z
9356256001225,Collagen Mousse,2026-09-16T17:42:53Z,2026-09-16T17:42:53Z
9356256001256,ATP Science Noway Collagen Jelly Tutti Fruity Flavour,2026-09-16T17:42:53Z,2026-09-16T17:42:53Z
9356256001263,Noway Bodybalance Collagen Jelly,2026-09-16T17:42:53Z,2026-09-16T17:42:53Z
9356256001324,ATP Science Gutright Daily Chocolate,2026-09-16T17:42:53Z,2026-09-16T17:42:53Z
9356256001348,Juicy protien,2026-09-16T17:42:53Z,2026-09-16T17:42:53Z
9356256001355,Atp Noway Collagen Protein Pineapple,2026-09-16T17:42:53Z,2026-09-16T17:42:53Z
9356256001362,Juicy collagen protien,2026-09-16T17:42:53Z,2026-09-16T17:42:53Z
9356256001393,NOWAY juicy collagen protein pineapple,2026-09-16T17:42:53Z,2026-09-16T17:42:53Z
9356256001409,ATP Science Noway Juicy Collagen Protein,2026-09-16T17:42:53Z,2026-09-16T17:42:53Z
9356256001447,Collagen Protein - Noway,2026-09-16T17:42:53Z,2026-09-16T17:42:53Z
9356256001485,ATP Science ZMAST,2026-09-16T17:42:53Z,2026-09-16T17:42:53Z
9356256001492,Nowayhot chocolate,2026-09-16T17:42:53Z,2026-09-16T17:42:53Z
9356256001676,NOWAY,2026-09-16T17:42:53Z,2026-09-16T17:42:53Z
9356256001768,ATP Science Plant Omegas with Turmeric & Hemp Oil,2026-09-16T17:42:53Z,2026-09-16T17:42:53Z
9356256002161,Atp Science Collagen Jelly Bar,2026-09-16T17:42:53Z,2026-09-16T17:42:53Z
9356256002178,NOWAY! Collagen Protein Jelly Bar Raspberry Flavour 60 g,2026-09-16T17:42:53Z,2026-09-16T17:42:53Z
9356256002192,Noway Collagen Jelly Bar - Pineapple,2026-09-16T17:42:53Z,2026-09-16T17:42:53Z
9356256002208,NOWAY COLLAGEN JELLY BAR,2026-09-16T17:42:53Z,2026-09-16T17:42:53Z
9356256002215,Noway! Jelly Bar,2026-09-16T17:42:53Z,2026-09-16T17:42:53Z
9356256002291,YIPPIE MI YAY,2026-09-16T17:42:53Z,2026-09-16T17:42:53Z
9356256002307,Yippee ki yay,2026-09-16T17:42:53Z,2026-09-16T17:42:53Z
9356256002321,Zeus Juice,2026-09-16T17:42:53Z,2026-09-16T17:42:53Z
9356256002383,Collegen mousse,2026-09-16T17:42:53Z,2026-09-16T17:42:53Z
9356256002536,NOWAY COLLAGEN MARSHMALLOW BAR,2026-09-16T17:42:53Z,2026-09-16T17:42:53Z
9356256002581,NOWAY! COLLAGEN PROTEIN MALLOW BAR,2026-09-16T17:42:53Z,2026-09-16T17:42:53Z
9356256002598,Collagen marshmello bar 45 g,2026-09-16T17:42:53Z,2026-09-16T17:42:53Z
9356256002666,ATP Noway Collagen Juicy Protein - Mango,2026-09-16T17:42:53Z,2026-09-16T17:42:53Z
9356256002765,ATP Science Jolt Collagen,2026-09-16T17:42:53Z,2026-09-16T17:42:53Z
9356256002987,ATP Area 51 Pre Workout- Rainbow Popsicle,2026-09-16T17:42:53Z,2026-09-16T17:42:53Z
9356256003168,Collagen jelly - Noway - Noway,2026-09-16T17:42:53Z,2026-09-16T17:42:53Z
9356256003175,Collagen Mousse - Noway,2026-09-16T17:42:53Z,2026-09-16T17:42:53Z
9356256003236,ATP Science Thermoslice - Wild Berry,2026-09-16T17:42:53Z,2026-09-16T17:42:53Z
9356256003311,Noway Collagen Protein Water - Pink Lemonade,2026-09-16T17:42:53Z,2026-09-16T17:42:53Z
9356256003335,ATP Noway Collagen Protein Water Wild Berry Flavour,2026-09-16T17:42:53Z,2026-09-16T17:42:53Z
9356256003342,No way Collagen Protien Water,2026-09-16T17:42:53Z,2026-09-16T17:42:53Z
9356256003359,ATP Science Protein Water,2026-09-16T17:42:53Z,2026-09-16T17:42:53Z
9356256003366,Noway Protein Water,2026-09-16T17:42:53Z,2026-09-16T17:42:53Z
9356256003373,ATP Science Noway Collagen Protein Water,2026-09-16T17:42:53Z,2026-09-16T17:42:53Z
9356256003397,NoWay Old Fashioned Lemonade Protein Water,2026-09-16T17:42:53Z,2026-09-16T17:42:53Z
9356256003403,Noway Collagen protein water,2026-09-16T17:42:53Z,2026-09-16T17:42:53Z
9356256003427,ATP Science Protein+,2026-09-16T17:42:53Z,2026-09-16T17:42:53Z
9356256003434,ATP Science Protein + Blueberry Lemonade,2026-09-16T17:42:53Z,2026-09-16T17:42:53Z
9356256003441,ATP Science Protein+,2026-09-16T17:42:53Z,2026-09-16T17:42:53Z
9356256003472,Atp Protein +,2026-09-16T17:42:53Z,2026-09-16T17:42:53Z
9356256003489,ATP Science Choc Protein Plus,2026-09-16T17:42:53Z,2026-09-16T17:42:53Z
9356256003526,Noway Collagen powder,2026-09-16T17:42:53Z,2026-09-16T17:42:53Z
9356256003533,ATP NOWAY Collagen Protein Water,2026-09-16T17:42:53Z,2026-09-16T17:42:53Z
9356256003564,NOWAY! COLLAGEN PROTEIN FUSION BAR 60 g,2026-09-16T17:42:53Z,2026-09-16T17:42:53Z
9356256003601,NOWAY Collagen Protein,2026-09-16T17:42:53Z,2026-09-16T17:42:53Z
9356256003618,Noway Collagen Protein Vanilla,2026-09-16T17:42:53Z,2026-09-16T17:42:53Z
9356256003632,Noway Collagen Protein,2026-09-16T17:42:53Z,2026-09-16T17:42:53Z
9356256003649,ATP Noway Collagen Protein Unflavoured,2026-09-16T17:42:53Z,2026-09-16T17:42:53Z
9356256003663,Noway Strawberry Milkshake Protein Powder,2026-09-16T17:42:53Z,2026-09-16T17:42:53Z
9356256003717,ATP Science Noway Collagen Protein,2026-09-16T17:42:53Z,2026-09-16T17:42:53Z
9356256003724,ATP Science Noway Collagen Marshmallow Bar Double Chocolate,2026-09-16T17:42:53Z,2026-09-16T17:42:53Z
9356256003731,Noway Collagen Protein Fusion Bar,2026-09-16T17:42:53Z,2026-09-16T17:42:53Z
9356256003779,ATP Science Noway Vanilla Collagen Protein,2026-09-16T17:42:53Z,2026-09-16T17:42:53Z
9356256003786,ATP Science Noway Collagen Protein - Chocolate,2026-09-16T17:42:53Z,2026-09-16T17:42:53Z
9356256003830,NOWAY Collagen Protein Water,2026-09-16T17:42:53Z,2026-09-16T17:42:53Z
9356256004028,ATP PERFORMANCE HYDRATION ELECTROLYTE MIX,2026-09-16T17:42:53Z,2026-09-16T17:42:53Z
9356256004035,ATP Noway Collagen Protein Water - Kiwi Apple,2026-09-16T17:42:53Z,2026-09-16T17:42:53Z
9356256004059,NOWAY! COLLAGEN PROTEIN JELLY BAR,2026-09-16T17:42:53Z,2026-09-16T17:42:53Z
9356256004066,Noway! Lemon Squash Protein Water,2026-09-16T17:42:53Z,2026-09-16T17:42:53Z
9356256004073,Noway! Protein Sparkling Water Kiwi Apple,2026-09-16T17:42:53Z,2026-09-16T17:42:53Z
9356256004080,NOWAY! Collagen Protein Sparkling Water Mixed Berry Flavour,2026-09-16T17:42:53Z,2026-09-16T17:42:53Z
9356256004165,Noway Protein Water,2026-09-16T17:42:53Z,2026-09-16T17:42:53Z
9356256004219,NOWAY! Collagen Hot Chocolate + Magnesium,2026-09-16T17:42:53Z,2026-09-16T17:42:53Z
9356256004226,Noway! Collagen Protein Water Mixed Berry Flavour,2026-09-16T17:42:53Z,2026-09-16T17:42:53Z
9356256004264,ATP Endurance + Lemon Lime,2026-09-16T17:42:53Z,2026-09-16T17:42:53Z
9356256004271,ATP Science ENDURANCE+,2026-09-16T17:42:53Z,2026-09-16T17:42:53Z
9356256004301,No Way ATP Science creatine and magnesium,2026-09-16T17:42:53Z,2026-09-16T17:42:53Z
9356256004332,ATP Science Noway Creatine Monohydrate,2026-09-16T17:42:53Z,2026-09-16T17:42:53Z
9356256004509,NOWAY! Creatine Monohydrate,2026-09-16T17:42:53Z,2026-09-16T17:42:53Z
9356256007586,NOWAY COLLAGEN PROTEIN WATER,2026-09-16T17:42:53Z,2026-09-16T17:42:53Z
9356273000232,Sips Pineapple & Yuzi Sparkling Water,2026-09-16T17:42:53Z,2026-09-16T17:42:53Z
9356276000604,Brown snake ginger beer,2026-09-16T17:42:53Z,2026-09-16T17:42:53Z
9356276001717,Brew Dog Punk AF Alcohol Free Pale Ale 330ml,2026-09-16T17:42:53Z,2026-09-16T17:42:53Z
9356284000078,Red Dragon Nutritionals Dragon Whey,2026-09-16T17:42:53Z,2026-09-16T17:42:53Z
9356284000092,Dragon Whey - Hokey Pokey 907 g,2026-09-16T17:42:53Z,2026-09-16T17:42:53Z
9356284000115,Red dragon Creatine,2026-09-16T17:42:53Z,2026-09-16T17:42:53Z
9356284000160,RED DRAGON NUTRITIONALS DRAGON WHEY,2026-09-16T17:42:53Z,2026-09-16T17:42:53Z
9356284000177,Dragon Whey Protein Powder,2026-09-16T17:42:53Z,2026-09-16T17:42:53Z
9356284000191,RED DRAGON NUTRITIONALS DRAGON WHEY,2026-09-16T17:42:53Z,2026-09-16T17:42:53Z
9356284000238,Red Dragon Creatine Monohydrate,2026-09-16T17:42:53Z,2026-09-16T17:42:53Z
9356284000252,Red Dragon Nutritionals Protein Mousse,2026-09-16T17:42:53Z,2026-09-16T17:42:53Z
9356284000269,Red dragon Protein Mouse Vanilla,2026-09-16T17:42:53Z,2026-09-16T17:42:53Z
9356284000306,Dragon Breath Black Cola Lemonade,2026-09-16T17:42:53Z,2026-09-16T17:42:53Z
9356284000412,Red Dragon Strawberry,2026-09-16T17:42:53Z,2026-09-16T17:42:53Z
9356284000429,Dragon Whey Strawberry protein,2026-09-16T17:42:53Z,2026-09-16T17:42:53Z
9356284000474,Protein Mousse,2026-09-16T17:42:53Z,2026-09-16T17:42:53Z
9356284000511,Red Dragon Dragon Fuel - Red Frogs,2026-09-16T17:42:53Z,2026-09-16T17:42:53Z
9356284000580,Red Dragon Hibernate 240 g,2026-09-16T17:42:53Z,2026-09-16T17:42:53Z
9356284000603,Red Dragon Glutamine,2026-09-16T17:42:53Z,2026-09-16T17:42:53Z
9356284000733,Red Dragon Fireball Black,2026-09-16T17:42:53Z,2026-09-16T17:42:53Z
9356284000849,Red dragon Greens gut immunity 300 g,2026-09-16T17:42:53Z,2026-09-16T17:42:53Z
9356284001198,Red Dragon Strawberry burst pre Workout Dragon's Breath,2026-09-16T17:42:53Z,2026-09-16T17:42:53Z
9356284001235,Red Dragon Dragons Breath,2026-09-16T17:42:53Z,2026-09-16T17:42:53Z
9356284002355,Red Dragon Greens Gut + Immunity,2026-09-16T17:42:53Z,2026-09-16T17:42:53Z
9356284002416,Dragon Whey Choc Caramel Whey Protein,2026-09-16T17:42:53Z,2026-09-16T17:42:53Z
9356284002423,Red Dragon Nutritionals Dragon Whey,2026-09-16T17:42:53Z,2026-09-16T17:42:53Z
9356284002447,Red Dragon Dragon Whey - Toasted Cinnamon Cereal,2026-09-16T17:42:53Z,2026-09-16T17:42:53Z
9356284002454,dragon whey banana split,2026-09-16T17:42:53Z,2026-09-16T17:42:53Z
9356284002621,Red Dragon Nutritionals Fireball Black - Strawberry Lychee Daiquiri,2026-09-16T17:42:53Z,2026-09-16T17:42:53Z
9356284002737,Red Dragon Nutritionals Dragon Whey,2026-09-16T17:42:53Z,2026-09-16T17:42:53Z
9356284003253,Red Dragon Immortal Pump Non-Stim Strawberry Burst,2026-09-16T17:42:53Z,2026-09-16T17:42:53Z
9356287071310,Gron Haus Beef Burgundary Pie,2026-09-16T17:42:53Z,2026-09-16T17:42:53Z
9356287071327,Grön haus Gluten free moroccan sweet potato pastie,2026-09-16T17:42:53Z,2026-09-16T17:42:53Z
9356296090197,Balsam pear tea,2026-09-16T17:42:53Z,2026-09-16T17:42:53Z
9356330262580,Fanta portocale 500 ml,2026-09-16T17:42:53Z,2026-09-16T17:42:53Z
9356330444597,LU Belvita moelleux Fruits rouges,2026-09-16T17:42:53Z,2026-09-16T17:42:53Z
9356330631850,Mr Big Mouth Sweet Chili Buns,2026-09-16T17:42:53Z,2026-09-16T17:42:53Z
9356333161675,My muscle chef Vanilla protein yogurt,2026-09-16T17:42:53Z,2026-09-16T17:42:53Z
9356333556341,Biscotte au germer de blé,2026-09-16T17:42:53Z,2026-09-16T17:42:53Z
9356335000064,Weight Watchers Chilli Con Carne 330 g,2026-09-16T17:42:53Z,2026-09-16T17:42:53Z
9356335000439,RUFFIE PLANT BASED BUTTER 350G,2026-09-16T17:42:53Z,2026-09-17T13:43:43Z
9356335000545,Traveller Philly Cheesesteak Pastry,2026-09-16T17:42:53Z,2026-09-16T17:42:53Z
9356335000590,Traveller,2026-09-16T17:42:53Z,2026-09-16T17:42:53Z
9356335001030,Vegetable Korma Pies,2026-09-16T17:42:53Z,2026-09-16T17:42:53Z
9356335001108,Four'n Twenty Angus aussie beef pies 700g,2026-09-16T17:42:53Z,2026-09-16T17:42:53Z
9356335001115,Four'n Twenty Beef and pepper pie,2026-09-16T17:42:53Z,2026-09-16T17:42:53Z
9356335001122,"FOUR'N TWENTY ANGUS BEEF, CHEESE & BACON PIE",2026-09-16T17:42:53Z,2026-09-16T17:42:53Z
9356335001283,Four'N'Twenty Butter Chicken Pies 700g,2026-09-16T17:42:53Z,2026-09-16T17:42:53Z
9356335001351,Cream Cheese and spinach rolls,2026-09-16T17:42:53Z,2026-09-16T17:42:53Z
9356335001412,Four n twenty party pies,2026-09-16T17:42:53Z,2026-09-16T17:42:53Z
9356335001429,Party sausage rolls,2026-09-16T17:42:53Z,2026-09-16T17:42:53Z
9356335001443,Leggo's Beef ravioli,2026-09-16T17:42:53Z,2026-09-16T17:42:53Z
9356335001450,Leggos fresh ricotta & roasted vegetable tortellini,2026-09-16T17:42:53Z,2026-09-16T17:42:53Z
9356335001467,Leggo's Beef Ravioli with Tomato & Parmesan,2026-09-16T17:42:53Z,2026-09-16T17:42:53Z
9356335001481,Leggos Pumpkin and Fetta Ravioli,2026-09-16T17:42:53Z,2026-09-16T17:42:53Z
9356335001498,Leggos Ricotta&spinach agnolotti,2026-09-16T17:42:53Z,2026-09-16T17:42:53Z
9356335001504,Leggo's RICOTTA & SPINACH AGNOLOTTI with PARMESAN,2026-09-16T17:42:53Z,2026-09-16T17:42:53Z
9356335001511,Leggo's Leggo’s fresh beef bolognese sauce with tomato & italian herbs,2026-09-16T17:42:53Z,2026-09-16T17:42:53Z
9356335001528,Leggo’s Beef Bolognese sauce with Tomato & Italian Herbs,2026-09-16T17:42:53Z,2026-09-16T17:42:53Z
9356335001535,Leggo's Fresh Napoli Sauce,2026-09-16T17:42:53Z,2026-09-16T17:42:53Z
9356335001542,Leggo’s Napoli Tomato sauce,2026-09-16T17:42:53Z,2026-09-16T17:42:53Z
9356335001559,Leggo's Fresh creamy tomato & mozzarella sauce,2026-09-16T17:42:53Z,2026-09-16T17:42:53Z
9356335001566,Leggo's Slow Cooked Veal Tortellini with Cheddar Cheese,2026-09-16T17:42:53Z,2026-09-16T17:42:53Z
9356335001573,Raguletto Ravioli,2026-09-16T17:42:53Z,2026-09-16T17:42:53Z
9356335001580,Leggo's Carbonara Sauce with Smoked Bacon & Parmesan,2026-09-16T17:42:53Z,2026-09-16T17:42:53Z
9356335001597,Spinach and Ricotta Agnolotti,2026-09-16T17:42:53Z,2026-09-16T17:42:53Z
9356335001610,Fresh mushroom & aricotta ravioli,2026-09-16T17:42:53Z,2026-09-16T17:42:53Z
9356335001719,Beef Curry with brown rice and green beans 1 x 350 g,2026-09-16T17:42:53Z,2026-09-16T17:42:53Z
9356335001733,Portuguese Chicken,2026-09-16T17:42:53Z,2026-09-16T17:42:53Z
9356335001740,Satay chicken 1 x 350 g,2026-09-16T17:42:53Z,2026-09-16T17:42:53Z
9356335001757,Fitness Outcomes,2026-09-16T17:42:53Z,2026-09-16T17:42:53Z
9356335001764,Fitness outcomes Beef Bologna’s,2026-09-16T17:42:53Z,2026-09-16T17:42:53Z
9356335001788,Slow cooked beef Ragu with Pumpkin Gnocchi,2026-09-16T17:42:53Z,2026-09-16T17:42:53Z
9356335001887,Herbert Adams Tuscan Chicken With Sauvignon Blanc 400g,2026-09-16T17:42:53Z,2026-09-16T17:42:53Z
9356335002051,"Herbert Adams ROAST CAPSICUM, SPANISH ONION & CHEDDAR QUICHE",2026-09-16T17:42:53Z,2026-09-16T17:42:53Z
9356335002112,Ruffie Rustic Foods Smoky Bacon Swiss Cheese & Sweet Corn Frittata,2026-09-16T17:42:53Z,2026-09-16T17:42:53Z
9356335002181,Plant powered veg bolognese,2026-09-16T17:42:53Z,2026-09-16T17:42:53Z
9356335002235,Four ‘n Twenty Beef And Cheese Pie,2026-09-16T17:42:53Z,2026-09-16T17:42:53Z
9356335002280,Fitness outcomes Beef rendang with broccoli and brown rice 1 x 350 g,2026-09-16T17:42:53Z,2026-09-16T17:42:53Z
9356335002297,Fitness outcomes 1 x 350 g,2026-09-16T17:42:53Z,2026-09-16T17:42:53Z
9356335002358,Patties filled rolls 12 pieces,2026-09-16T17:42:53Z,2026-09-16T17:42:53Z
9356335002389,Plant Powered Balls with Pasta,2026-09-16T17:42:53Z,2026-09-16T17:42:53Z
9356335002426,Four N Twenty Beef & Cheese Meatpie,2026-09-16T17:42:53Z,2026-09-16T17:42:53Z
9356335002464,Traveller Hi Protein Beef,2026-09-16T17:42:53Z,2026-09-16T17:42:53Z
9356335002471,Four'N'Twenty Loaded! BBQ Meat Lovers filled roll 160 g,2026-09-16T17:42:53Z,2026-09-16T17:42:53Z
9356335002495,Loaded spicy beef and cheese filled roll,2026-09-16T17:42:53Z,2026-09-16T17:42:53Z
9356335002532,Slow Cooked Wagyu Beef pie with Portobello Mushrooms,2026-09-16T17:42:53Z,2026-09-16T17:42:53Z
9356335002549,Asian Fusion Style Pie,2026-09-16T17:42:53Z,2026-09-16T17:42:53Z
9356335002563,Four'N Twenty Traveller Spicy Beef Pie,2026-09-16T17:42:53Z,2026-09-16T17:42:53Z
9356335002570,Fitness outcomes Thai green chicken curry 1 x 350 g,2026-09-16T17:42:53Z,2026-09-16T17:42:53Z
9356335002990,Weight watchers meal,2026-09-16T17:42:53Z,2026-09-16T17:42:53Z
9356335003003,Weight Watchers Beef Rendang,2026-09-16T17:42:53Z,2026-09-16T17:42:53Z
9356335003027,WeightWatchers Yellow Vegetable Curry Rice,2026-09-16T17:42:53Z,2026-09-16T17:42:53Z
9356335003188,"Wholemeal Quiche: Sweet Potato, Goats Cheese & Fennel",2026-09-16T17:42:53Z,2026-09-16T17:42:53Z
9356335003232,Nannas Salted Caramel Snack Pies,2026-09-16T17:42:53Z,2026-09-16T17:42:53Z
9356335003294,Herbert Adams Slow Cooked Wagyu & Portobello Mushroom Pie 200 g,2026-09-16T17:42:53Z,2026-09-16T17:42:53Z
9356335003379,Four’n Twenty Traveller Beef & Pepper Pie,2026-09-16T17:42:53Z,2026-09-16T17:42:53Z
9356335003409,Herbert Adams Wagyu Beef Massaman Curry Pie,2026-09-16T17:42:53Z,2026-09-16T17:42:53Z
9356335003416,Herbert Adams Wagyu Beef With Five Spice,2026-09-16T17:42:53Z,2026-09-16T17:42:53Z
9356335003423,Herbert Adams Pork Pies,2026-09-16T17:42:53Z,2026-09-16T17:42:53Z
9356335003430,Patties party quiches spinich and fetta,2026-09-16T17:42:53Z,2026-09-16T17:42:53Z
9356335003713,Lean Cuisine Malaysian Style Chicken Noodles,2026-09-16T17:42:53Z,2026-09-16T17:42:53Z
9356335003720,Lean Cuisine Chicken Tikka Masala,2026-09-16T17:42:53Z,2026-09-16T17:42:53Z
9356335003737,Lean Cuisine Beef Tortellini,2026-09-16T17:42:53Z,2026-09-16T17:42:53Z
9356335003744,Lean Cuisine Chicken Carbonara 280g,2026-09-16T17:42:53Z,2026-09-16T17:42:53Z
9356335003751,Lean Cuisine Tuna Mornay,2026-09-16T17:42:53Z,2026-09-16T17:42:53Z
9356335003768,Ruffle Rustic Foods Butter Chicken Fusion,2026-09-16T17:42:53Z,2026-09-16T17:42:53Z
9356335003775,Ruffie Rustic Foods CHICKEN PAD THAI WITH RICE NOODLES,2026-09-16T17:42:53Z,2026-09-16T17:42:53Z
9356335003782,Ruffie Rustic Foods Coconut Chickpea Curry Bowl,2026-09-16T17:42:53Z,2026-09-16T17:42:53Z
9356335003799,ruffie rustic foods Mexican Burrito Bowl with Chicken & Pea Guacamole,2026-09-16T17:42:53Z,2026-09-16T17:42:53Z
9356335003805,Ruffie Rustic Foods Sri Lankan Mild Coconut Curry with Root Vegetables,2026-09-16T17:42:53Z,2026-09-16T17:42:53Z
9356335003812,ruffie rustic foods Satay Nut Chicken with Wild Rice Blend,2026-09-16T17:42:53Z,2026-09-16T17:42:53Z
9356335003829,Ruffie Sweet Potato Cottage Pie,2026-09-16T17:42:53Z,2026-09-16T17:42:53Z
9356335003836,Ruffie rustic foods Hearty whole meal lasagne,2026-09-16T17:42:53Z,2026-09-16T17:42:53Z
9356335003843,Super Nature Wellness Bowl Portuguese Chicken with Peri Peri Sauce,2026-09-16T17:42:53Z,2026-09-16T17:42:53Z
9356335003850,Super Nature Chicken and Cashew Korma,2026-09-16T17:42:53Z,2026-09-16T17:42:53Z
9356335003867,Mains beef ravioli 400 g,2026-09-16T17:42:53Z,2026-09-16T17:42:53Z
9356335003874,On the Menu Big Feast Japanese Katsu Chicken 480g,2026-09-16T17:42:53Z,2026-09-16T17:42:53Z
9356335003881,FITNESS OUTCOMES BEEF BOLOGNESE 350 g,2026-09-16T17:42:53Z,2026-09-16T17:42:53Z
9356335003898,Fitness Outcomes Chipotle Beef & Corn Salsa 350g,2026-09-16T17:42:53Z,2026-09-16T17:42:53Z
9356335003904,FITNESS OUTCOMES BEEF RENDANG WITH BROWN RICE & GREEN BEANS 350 g,2026-09-16T17:42:53Z,2026-09-16T17:42:53Z
9356335003911,Fitness Outcomes Portuguese Chicken,2026-09-16T17:42:53Z,2026-09-16T17:42:53Z
9356335003928,Fitness Outcomes Sriracha Chicken With Broccoli And Brown & Wild Rice 350 g,2026-09-16T17:42:53Z,2026-09-16T17:42:53Z
9356335003935,"FITNESS OUTCOMES THAI GREEN CHICKEN CURRY WITH CAPSICUM, BEANS & BROWN RICE 350 g",2026-09-16T17:42:53Z,2026-09-16T17:42:53Z
9356335003942,FITNESS OUTCOMES CHICKEN MASSAMAN,2026-09-16T17:42:53Z,2026-09-16T17:42:53Z
9356335003959,Fitness Outcomes Beef Cashew Korma with Brown Rice & Green Beans,2026-09-16T17:42:53Z,2026-09-16T17:42:53Z
9356335004000,Weight Watchers pumpkin & caramelised onion ravioli in creamy tomato sauce,2026-09-16T17:42:53Z,2026-09-16T17:42:53Z
9356335004017,WeightWatchers Ricotta And Spinach Ravioli In Napoli Sauce,2026-09-16T17:42:53Z,2026-09-16T17:42:53Z
9356335004031,Weight Watchers chick pea curry,2026-09-16T17:42:53Z,2026-09-16T17:42:53Z
9356335004062,Four N Twenty Red Rooster Chicken & Gravy Pie - Four 'N Twenty - Four 'N Twenty - Four 'N Twenty - Four 'N Twenty - Four 'N Twenty - Four 'N Twenty - Four 'N Twenty - Four 'N Twenty - Four 'N Twenty - Four 'N Twenty,2026-09-16T17:42:53Z,2026-09-16T17:42:53Z
9356335004079,Four 'N Twenty Red Rooster Chicken & Gravy Pie 700 g,2026-09-16T17:42:53Z,2026-09-16T17:42:53Z
9356335004086,Four N Twenty Chunky Chicken And Veg Curry Pies,2026-09-16T17:42:53Z,2026-09-16T17:42:53Z
9356335004093,FOUR'N TWENTY CHEESE BURGER FLAVOUR PIES,2026-09-16T17:42:53Z,2026-09-16T17:42:53Z
9356335004109,Four And Twenty Steak And Onion Pie,2026-09-16T17:42:53Z,2026-09-16T17:42:53Z
9356335004123,Four N Twenty Traveller Classic Meat Pie,2026-09-16T17:42:53Z,2026-09-16T17:42:53Z
9356335004185,Herbert Adams MACARONI & CHEESE PASTA BAKE WITH BBQ PULLED BEEF,2026-09-16T17:42:53Z,2026-09-16T17:42:53Z
9356335004246,Herbert Adam’s Pancetta Leek Cheddar Quiche,2026-09-16T17:42:53Z,2026-09-16T17:42:53Z
9356335004321,Herbert Adams Honey Soy Chicken Pie,2026-09-16T17:42:53Z,2026-09-16T17:42:53Z
9356335004581,Four'N Twenty Beef Bolognese Pie,2026-09-16T17:42:53Z,2026-09-16T17:42:53Z
9356335004666,On the menu Beef ravioli,2026-09-16T17:42:53Z,2026-09-16T17:42:53Z
9356335004727,FOUR'N TWENTY KRANSKY CHEESE ROLL,2026-09-16T17:42:53Z,2026-09-16T17:42:53Z
9356335004741,ON THE Menu Pesto And Ricotta Agnolotti,2026-09-16T17:42:53Z,2026-09-16T17:42:53Z
9356335004758,On The Menu Ricotta & Spinach Agnolotti,2026-09-16T17:42:53Z,2026-09-16T17:42:53Z
9356335004765,On The Menu 4 Cheese & Pepper Ravioli,2026-09-16T17:42:53Z,2026-09-16T17:42:53Z
9356335004826,ON THE Menu CREAMY TOMATO SAUCE,2026-09-16T17:42:53Z,2026-09-16T17:42:53Z
9356335004833,Fresh Napoli Sauce,2026-09-16T17:42:53Z,2026-09-16T17:42:53Z
9356335005045,On The Menu Teriyaki Meatballs,2026-09-16T17:42:53Z,2026-09-16T17:42:53Z
9356335005052,On The Menu Keralan Coconut Chicken Curry,2026-09-16T17:42:53Z,2026-09-16T17:42:53Z
9356335005144,Leggo’s Three Cheese & Pepper Ravioli,2026-09-16T17:42:53Z,2026-09-16T17:42:53Z
9356335005151,Leggo's Ricotta And Bacon Ravioli,2026-09-16T17:42:53Z,2026-09-16T17:42:53Z
9356335005250,ANNABEL KARMEL Bolognese Mac & Cheese,2026-09-16T17:42:53Z,2026-09-16T17:42:53Z
9356335005274,On The Menu Keralan Style Coconut Chicken Curry,2026-09-16T17:42:53Z,2026-09-16T17:42:53Z
9356335005281,On The Menu Korean BBQ Meatballs,2026-09-16T17:42:53Z,2026-09-16T17:42:53Z
9356335005298,On The Menu Butter Chicken,2026-09-16T17:42:53Z,2026-09-16T17:42:53Z
9356335005311,On The Menu Chef Inspired Cuisine Vegetable Pad Thai,2026-09-16T17:42:53Z,2026-09-16T17:42:53Z
9356335005397,Lean Cuisine Mediterranean Meatballs,2026-09-16T17:42:53Z,2026-09-16T17:42:53Z
9356335005403,"Lean Cuisine Chipotle Chicken With Rice, Black Bean And Corn",2026-09-16T17:42:53Z,2026-09-16T17:42:53Z
9356335005427,Lean Cuisine Ginger Chicken with Edamame Beans & Wild Rice 350 g,2026-09-16T17:42:53Z,2026-09-16T17:42:53Z
9356335005434,Lean Cuisine Chicken and Lentil Spinach Dhal,2026-09-16T17:42:53Z,2026-09-16T17:42:53Z
9356335005441,Lean Cuisine Tuscan Style Beef with Kale & Pepitas,2026-09-16T17:42:53Z,2026-09-16T17:42:53Z
9356335005458,Lean Cuisine Chicken Fettuccine with Broccoli & Sunflower Seeds,2026-09-16T17:42:53Z,2026-09-16T17:42:53Z
9356335005625,Super Nature Wellness Bowl Chicken Pad Thai,2026-09-16T17:42:53Z,2026-09-16T17:42:53Z
9356335005632,Super Nature Wellness Bowl Wholemeal Beef & Pumpkin Lasagne,2026-09-16T17:42:53Z,2026-09-16T17:42:53Z
9356335005724,Four Twenty King Sausage Roll Chilli & Cheese,2026-09-16T17:42:53Z,2026-09-16T17:42:53Z
9356335005878,711 Beef And Cc Cheese,2026-09-16T17:42:53Z,2026-09-16T17:42:53Z
9356335005885,FOUR'N CC'S BEEF & CC's NACHO CHEESE PIES,2026-09-16T17:42:53Z,2026-09-16T17:42:53Z
9356335005892,FOUR'N CC'S BEEF & CC'S NACHO CHEESE PIE,2026-09-16T17:42:53Z,2026-09-16T17:42:53Z
9356335006059,Four n twenty Chilli beef pie,2026-09-16T17:42:53Z,2026-09-16T17:42:53Z
9356335006066,Four 'N Twenty Angus Beef Brisket Pie,2026-09-16T17:42:53Z,2026-09-16T17:42:53Z
9356335006080,Herbert Adams Five Spice Beef Curry Pie 400 g,2026-09-16T17:42:53Z,2026-09-16T17:42:53Z
9356335006677,On The Menu Veal Tortellini With Cheddar Cheese,2026-09-16T17:42:53Z,2026-09-16T17:42:53Z
9356335006998,On The Menu Penne Beef & Bacon Pasta,2026-09-16T17:42:53Z,2026-09-16T17:42:53Z
9356335007018,Lean Cuisine Sweet And Sour Chicken With Flavoured Rice,2026-09-16T17:42:53Z,2026-09-16T17:42:53Z
9356335007032,Fitness Outcomes Chicken Fettuccine 350 g,2026-09-16T17:42:53Z,2026-09-16T17:42:53Z
9356335007049,FITNESS OUTCOMES HI PROTEIN PESTO CHICKEN PENNE 350 g,2026-09-16T17:42:53Z,2026-09-16T17:42:53Z
9356335007056,Fitness Outcome Hi Protein Loaded Mac & Cheese 350 g,2026-09-16T17:42:53Z,2026-09-16T17:42:53Z
9356335443861,Fitness outcome Beef bolognese,2026-09-16T17:42:53Z,2026-09-16T17:42:53Z
9356336505056,Craquinette,2026-09-16T17:42:53Z,2026-09-16T17:42:53Z
9356354636534,Barista edition avena avoine,2026-09-16T17:42:53Z,2026-09-16T17:42:53Z
9356361000151,The Fox Tan Rapid Banana Whip 200ml,2026-09-16T17:42:53Z,2026-09-16T17:42:53Z
9356362073420,TYPO So Fine Fineliners,2026-09-16T17:42:53Z,2026-09-16T17:42:53Z
9356362073437,Typo Square Up Highlighters,2026-09-16T17:42:53Z,2026-09-16T17:42:53Z
9356363635634,Inc,2026-09-16T17:42:53Z,2026-09-16T17:42:53Z
9356385000908,NECTAR SPORT ENERGY GELS,2026-09-16T17:42:53Z,2026-09-16T17:42:53Z
9356385001080,Forest Fresh Honey Ginger & Lemon Jarrah Honey,2026-09-16T17:42:53Z,2026-09-16T17:42:53Z
9356385010501,Hex ENERGY GEL,2026-09-16T17:42:53Z,2026-09-16T17:42:53Z
9356391000060,Yallamundi Farm Organic Large Egg,2026-09-16T17:42:53Z,2026-09-16T17:42:53Z
9356391000077,Yallamundi Farm Organic 12 X-Large Free Range Eggs,2026-09-16T17:42:53Z,2026-09-16T17:42:53Z
9356391000084,Pasture-Raised Eggs (600g) 12 pcs,2026-09-16T17:42:53Z,2026-09-16T17:42:53Z
9356391000091,Big Boys 12 Jumbo Eggs,2026-09-16T17:42:53Z,2026-09-16T17:42:53Z
9356391000107,Yallamundi Farm Free Range Eggs,2026-09-16T17:42:53Z,2026-09-16T17:42:53Z
9356391000114,Yallamundi Farm PASTURE-RAISED 12 pcs,2026-09-16T17:42:53Z,2026-09-16T17:42:53Z
9356391000138,Yallamundi Farm Organic Free Range Eggs,2026-09-16T17:42:53Z,2026-09-16T17:42:53Z
9356391000169,Almost big boys - Organic free range medium eggs,2026-09-16T17:42:53Z,2026-09-16T17:42:53Z
9356397000071,Everyday wellness,2026-09-16T17:42:53Z,2026-09-16T17:42:53Z
9356409000129,UM Sports WPI Ultra Lean Protein Powder,2026-09-16T17:42:53Z,2026-09-16T17:42:53Z
9356409000914,UM Sports Ascend Non-stim,2026-09-16T17:42:53Z,2026-09-16T17:42:53Z
9356409001140,UM Plant protein - Unflavoured 600 g,2026-09-16T17:42:53Z,2026-09-16T17:42:53Z
9356414823065,Umara U Recover Chocolate,2026-09-16T17:42:53Z,2026-09-16T17:42:53Z
9356418000028,V2 Burger,2026-09-16T17:42:53Z,2026-09-16T17:42:53Z
9356418000035,V2 Plant- based sausage,2026-09-16T17:42:53Z,2026-09-16T17:42:53Z
9356418000141,V2 mince 750 g,2026-09-16T17:42:53Z,2026-09-16T17:42:53Z
9356418000158,Mince,2026-09-16T17:42:53Z,2026-09-16T17:42:53Z
9356418000356,V2 mince 400 grams,2026-09-16T17:42:53Z,2026-09-16T17:42:53Z
9356418000844,V2 Plant Based Schnitzel 300 g,2026-09-16T17:42:53Z,2026-09-16T17:42:53Z
9356418000868,V2 Plant Based Tenders Southern Style 300 g,2026-09-16T17:42:53Z,2026-09-16T17:42:53Z
9356418001148,Spaghetti bolognese,2026-09-16T17:42:53Z,2026-09-16T17:42:53Z
9356418001162,V2 Plant Based Lasagne,2026-09-16T17:42:53Z,2026-09-16T17:42:53Z
9356418001209,Plant based sausage garlic & herb 390 g,2026-09-16T17:42:53Z,2026-09-16T17:42:53Z
9356418001216,V2 sausages 390 g,2026-09-16T17:42:53Z,2026-09-16T17:42:53Z
9356418001230,sausage spicy spanish 390 g,2026-09-16T17:42:53Z,2026-09-16T17:42:53Z
9356418001278,Popcorn Bites Southern Style 300 g,2026-09-16T17:42:53Z,2026-09-16T17:42:53Z
9356418003517,V2 Food Chicken Burger,2026-09-16T17:42:53Z,2026-09-16T17:42:53Z
9356418003562,V2 Plant Protein Burger,2026-09-16T17:42:53Z,2026-09-16T17:42:53Z
9356418003579,V2 Plant Protein Mince,2026-09-16T17:42:53Z,2026-09-16T17:42:53Z
9356418003586,V2 Food Plant Protein Schnitzel,2026-09-16T17:42:53Z,2026-09-16T17:42:53Z
9356418003609,V2 Food Miguel’s Smokey BBQ Sausage,2026-09-16T17:42:53Z,2026-09-16T17:42:53Z
9356418003616,V2 Food Sweet Chilli Plant Protein Tenders,2026-09-16T17:42:53Z,2026-09-16T17:42:53Z
9356418003623,V2 Easy Cool Beef Style,2026-09-16T17:42:53Z,2026-09-16T17:42:53Z
9356418003685,v2 food plant protein burger chicken style,2026-09-16T17:42:53Z,2026-09-16T17:42:53Z
9356419000331,Growth Bomb Super Charge Conditioner 300mL 300 mL,2026-09-16T17:42:53Z,2026-09-16T17:42:53Z
9356419000485,Growth Bomb Boost & Thicken Hair Rescue Tonic 100ml,2026-09-16T17:42:53Z,2026-09-16T17:42:53Z
9356419000546,Growth Bomb Cleanse & Invigorate AHA Scalp Exfoliant 100ml,2026-09-16T17:42:53Z,2026-09-16T17:42:53Z
9356419007736,Growth Bomb Hair & Scalp Cleanse Supercharge Shampoo 250ml,2026-09-16T17:42:53Z,2026-09-16T17:42:53Z
9356419007743,"Growth Bomb Silky, Soft & Strong Supercharge Conditioner 250ml",2026-09-16T17:42:53Z,2026-09-16T17:42:53Z
9356419007750,Growth Bomb Recover & Repair Supercharge Serum 125ml,2026-09-16T17:42:53Z,2026-09-16T17:42:53Z
9356419007767,Growth Bomb Restore & Refresh Supercharge Spray 125ml,2026-09-16T17:42:53Z,2026-09-16T17:42:53Z
9356419007774,Growth Bomb Strengthening Hair Mask 175ml,2026-09-16T17:42:53Z,2026-09-16T17:42:53Z
9356420009026,Love Your Guts Classic Sauerkraut,2026-09-16T17:42:53Z,2026-09-16T17:42:53Z
9356421000015,GYM BOY PEANUT BUTTER 475ML,2026-09-16T17:42:53Z,2026-09-17T13:43:43Z
9356421000022,GYM BOY HAZELNUT 475ML,2026-09-16T17:42:53Z,2026-09-17T13:43:43Z
9356421000039,GYM BOY HAZEL-N-NUT CRUNCH 475ML,2026-09-17T13:43:43Z,2026-09-17T13:43:43Z
9356421000046,GYM BOY PEPPERMINT CHOC CHIP 475ML,2026-09-17T13:43:43Z,2026-09-17T13:43:43Z
9356421000053,GYM BOY CHOCOLATE PUDDING 475ML,2026-09-16T17:42:53Z,2026-09-17T13:43:43Z
9356421000442,Gym Bod Better Option Desserts - White Choc Raspberry Ripple,2026-09-16T17:42:53Z,2026-09-16T17:42:53Z
9356421000497,Gym Bod Strawberry Shortcake Frozen Dessert,2026-09-16T17:42:53Z,2026-09-16T17:42:53Z
9356421000510,Gym Boy Pty Ltd Gym Bod Better Option Desserts - Vanilla Caramel Swirl Ice Cream,2026-09-16T17:42:53Z,2026-09-16T17:42:53Z
9356421000558,Gym Bodd Salted Caramel Choc Top,2026-09-16T17:42:53Z,2026-09-16T17:42:53Z
9356421000596,Gym bod jam donut,2026-09-16T17:42:53Z,2026-09-16T17:42:53Z
9356421000633,Gym Bod Cherry Choc Drip Frozen Dessert,2026-09-16T17:42:53Z,2026-09-16T17:42:53Z
9356421000657,GYM BOD HONEYCOMB,2026-09-16T17:42:53Z,2026-09-16T17:42:53Z
9356421000794,GYM BOD Double Choc Protein Mug Cake,2026-09-16T17:42:53Z,2026-09-16T17:42:53Z
9356421000817,Gym Bod Salted Caramel Protein Mug Cake,2026-09-16T17:42:53Z,2026-09-16T17:42:53Z
9356421000831,Gym Bod Red Velvet Mug Cake,2026-09-16T17:42:53Z,2026-09-16T17:42:53Z
9356421000930,GYM BOD Vanilla Choc Protein Choc Dipped Sticks,2026-09-16T17:42:53Z,2026-09-16T17:42:53Z
9356421000954,GYMBOD PROTEIN CHOC DIPPED STICKS CARAMEL CHOC,2026-09-16T17:42:53Z,2026-09-16T17:42:53Z
9356421001036,Gym Bod Choc Boysenberry,2026-09-16T17:42:53Z,2026-09-16T17:42:53Z
9356421001043,GYM BOD CHOC PUDDING CHOC TOP,2026-09-16T17:42:53Z,2026-09-16T17:42:53Z
9356421001067,GYM BOD COOKIES & CREAM CHOC TOP,2026-09-16T17:42:53Z,2026-09-16T17:42:53Z
9356421001128,GYM BOD Peanut Brittle Choc Top,2026-09-16T17:42:53Z,2026-09-16T17:42:53Z
9356421001173,Gym Bod Protein Brownie,2026-09-16T17:42:53Z,2026-09-16T17:42:53Z
9356421001227,Gym Bod Honeycomb Ice Cream Mix,2026-09-16T17:42:53Z,2026-09-16T17:42:53Z
9356421001258,Gym Bod Protein Powder Salted Caramel Ice Cream,2026-09-16T17:42:53Z,2026-09-16T17:42:53Z
9356427000484,Chicken & Cheese Sausages,2026-09-16T17:42:53Z,2026-09-16T17:42:53Z
9356427000491,Pawesome healthy beef sausages,2026-09-16T17:42:53Z,2026-09-16T17:42:53Z
9356435000001,Fable Braised beef,2026-09-16T17:42:53Z,2026-09-16T17:42:53Z
9356435000056,Fable Beef s,2026-09-16T17:42:53Z,2026-09-16T17:42:53Z
9356435000070,Fable Goulash pepper stew,2026-09-16T17:42:53Z,2026-09-16T17:42:53Z
9356435000162,Fable Meaty Mushroom Burger 880 g,2026-09-16T17:42:53Z,2026-09-16T17:42:53Z
9356435000209,Meaty Pulled Mushrooms,2026-09-16T17:42:53Z,2026-09-16T17:42:53Z
9356435000216,Plant based thai red curry,2026-09-16T17:42:53Z,2026-09-16T17:42:53Z
9356435000346,Plant based slow braised beef,2026-09-16T17:42:53Z,2026-09-16T17:42:53Z
9356435000353,Fable Plant Based Meaty Pulled Mushrooms 250g,2026-09-16T17:42:53Z,2026-09-16T17:42:53Z
9356435000568,Pulled mushrooms,2026-09-16T17:42:53Z,2026-09-16T17:42:53Z
9356435000650,fable Meaty Pulled Mushrooms,2026-09-16T17:42:53Z,2026-09-16T17:42:53Z
9356435000674,fable Meaty Pulled Mushrooms,2026-09-16T17:42:53Z,2026-09-16T17:42:53Z
9356441533128,10 mini pitas rondes,2026-09-16T17:42:53Z,2026-09-16T17:42:53Z
9356444000146,Almond milk base,2026-09-16T17:42:53Z,2026-09-16T17:42:53Z
9356444000153,Hazelnut mylk base,2026-09-16T17:42:53Z,2026-09-16T17:42:53Z
9356446000229,Taste Fine Food Co Vegetable Samosa,2026-09-16T17:42:53Z,2026-09-16T17:42:53Z
9356446000236,Taste Fine Food Co. Butter Chicken Samosa,2026-09-16T17:42:53Z,2026-09-16T17:42:53Z
9356446000311,What’s for tonight? Butter Chicken curry 800g,2026-09-16T17:42:53Z,2026-09-16T17:42:53Z
9356446000335,What’s For Tonight Beef Massaman Curry,2026-09-16T17:42:53Z,2026-09-16T17:42:53Z
9356446000663,Taste time food co Butter chicken,2026-09-16T17:42:53Z,2026-09-16T17:42:53Z
9356446000700,chickpea & spinach curry,2026-09-16T17:42:53Z,2026-09-16T17:42:53Z
9356446000748,Taste Fine Food Co Mexican Chilli Beans,2026-09-16T17:42:53Z,2026-09-16T17:42:53Z
9356446000755,Gourmet kitchen co Beef bourguignon 350 g,2026-09-16T17:42:53Z,2026-09-16T17:42:53Z
9356446000779,Gourmet kitchen co Chilli con carne 350 g,2026-09-16T17:42:53Z,2026-09-16T17:42:53Z
9356446001646,paneer butter masala,2026-09-16T17:42:53Z,2026-09-16T17:42:53Z
9356447200017,gofresh Egg & Lettuce with Mayo & Chives on White,2026-09-16T17:42:53Z,2026-09-16T17:42:53Z
9356447200031,gofresh Chicken & Lettuce with Mayo on White,2026-09-16T17:42:53Z,2026-09-16T17:42:53Z
9356447200048,"gofresh Chicken, Avocado & Lettuce on Grain",2026-09-16T17:42:53Z,2026-09-16T17:42:53Z
9356447200062,"Go fresh Chicken Schnitzel with Cheese, Mayo & Lettuce on White",2026-09-16T17:42:53Z,2026-09-16T17:42:53Z
9356447200079,gofresh Classic Triple on White & Grain,2026-09-16T17:42:53Z,2026-09-16T17:42:53Z
9356447200086,Go fresh Sweet Chilli Wrap,2026-09-16T17:42:53Z,2026-09-16T17:42:53Z
9356447200093,gofresh Chicken Caesar Wrap,2026-09-16T17:42:53Z,2026-09-16T17:42:53Z
9356452000053,Chocolate pudding,2026-09-16T17:42:53Z,2026-09-16T17:42:53Z
9356460000083,Strawberry Jam,2026-09-16T17:42:53Z,2026-09-16T17:42:53Z
9356460000120,Avocado and garlic dressing imp 350,2026-09-16T17:42:53Z,2026-09-16T17:42:53Z
9356460000137,Taylors Caesar salad dressing imp 350,2026-09-16T17:42:53Z,2026-09-16T17:42:53Z
9356460000182,Taylor’s Satay Marinade,2026-09-16T17:42:53Z,2026-09-16T17:42:53Z
9356460000212,Tartare Sauce,2026-09-16T17:42:53Z,2026-09-16T17:42:53Z
9356460000229,Taylor's Kashmiri Butter Chicken Simmer Sauce,2026-09-16T17:42:53Z,2026-09-16T17:42:53Z
9356460000236,Taylor's Peanut Satay Simmer Sauce,2026-09-16T17:42:53Z,2026-09-16T17:42:53Z
9356460000427,Strawberry jam,2026-09-16T17:42:53Z,2026-09-16T17:42:53Z
9356460000458,Ixl Forest fruits jam,2026-09-16T17:42:53Z,2026-09-16T17:42:53Z
9356460000854,Plum jam,2026-09-16T17:42:53Z,2026-09-16T17:42:53Z
9356464000041,Greenback Chocolate Protein Powder,2026-09-16T17:42:53Z,2026-09-16T17:42:53Z
9356464000089,Greenback Plant protein: hazelnut,2026-09-16T17:42:53Z,2026-09-16T17:42:53Z
9356464000096,Greenback Salted Caramel Plant Protein Bar,2026-09-16T17:42:53Z,2026-09-16T17:42:53Z
9356464000102,Greenback Protein Bar (peanut butter),2026-09-16T17:42:53Z,2026-09-16T17:42:53Z
9356464000119,Choc Mint Plant Protein Bar,2026-09-16T17:42:53Z,2026-09-16T17:42:53Z
9356464000164,Greenback Vanilla protien powder,2026-09-16T17:42:53Z,2026-09-16T17:42:53Z
9356464000270,Greenback Protein Cookie,2026-09-16T17:42:53Z,2026-09-16T17:42:53Z
9356464000485,Greenback Protein hazelnut ripple ice cream,2026-09-16T17:42:53Z,2026-09-16T17:42:53Z
9356464000508,Protein choc peanut crunch,2026-09-16T17:42:53Z,2026-09-16T17:42:53Z
9356464000515,Caramel mylk choc,2026-09-16T17:42:53Z,2026-09-16T17:42:53Z
9356464000591,greenback Layered Protein Bar Choc Raspberry,2026-09-16T17:42:53Z,2026-09-16T17:42:53Z
9356464000607,Greenback Layered Protein Bar (Triple Choc),2026-09-16T17:42:53Z,2026-09-16T17:42:53Z
9356464000621,Greenback Raspberry Protein Water,2026-09-16T17:42:53Z,2026-09-16T17:42:53Z
9356464000638,Greenback Lemon and Lime Protein Water,2026-09-16T17:42:53Z,2026-09-16T17:42:53Z
9356464000645,Plantrition by greenback Wellbeing Bite Choc Fudge Brownie,2026-09-16T17:42:53Z,2026-09-16T17:42:53Z
9356464000669,Plantrition by greenback Wellbeing Bite,2026-09-16T17:42:53Z,2026-09-16T17:42:53Z
9356464000775,Greenback Snacking Maple & Almond Granola 20 g,2026-09-16T17:42:53Z,2026-09-16T17:42:53Z
9356464444289,Green back Hazelnut protein bar,2026-09-16T17:42:53Z,2026-09-16T17:42:53Z
9356466010369,Godiva Chocolate Domes 330 g,2026-09-16T17:42:53Z,2026-09-16T17:42:53Z
9356466050112,Godiva Dark Chocolate Care Collection,2026-09-16T17:42:53Z,2026-09-16T17:42:53Z
9356466064638,Godiva Holiday Chocolate Carré Gift Box - 15pc,2026-09-16T17:42:53Z,2026-09-16T17:42:53Z
9356466064720,Godiva Cookies And Cream Velvety Milk Chocolate Egg,2026-09-16T17:42:53Z,2026-09-16T17:42:53Z
9356466064737,Godiva Deeply Dark Chocolate Egg,2026-09-16T17:42:53Z,2026-09-16T17:42:53Z
9356470000332,Heaps Normal Quiet XPA 4 x 375 ml,2026-09-16T17:42:53Z,2026-09-16T17:42:53Z
9356470000349,HEAPS NORMAL Cold Beer 375ml,2026-09-16T17:42:53Z,2026-09-16T17:42:53Z
9356470000363,Another Lager 4 x 375 ml,2026-09-16T17:42:53Z,2026-09-16T17:42:53Z
9356470000370,Heaps Normal Lager 375ml,2026-09-16T17:42:53Z,2026-09-16T17:42:53Z
9356470000721,HEAPS NORMAL Cold Beer HALF DAY HAZY,2026-09-16T17:42:53Z,2026-09-16T17:42:53Z
9356470000738,Half day hazy,2026-09-16T17:42:53Z,2026-09-16T17:42:53Z
9356470001438,Heaps Normal IPA,2026-09-16T17:42:53Z,2026-09-16T17:42:53Z
9356470001483,Heaps Normal ‘Fling’ - Fresh Orange Sour,2026-09-16T17:42:53Z,2026-09-16T17:42:53Z
9356470001506,Heaps Normal Fling Fresh Orange Sour,2026-09-16T17:42:53Z,2026-09-16T17:42:53Z
9356471000843,Bay Road Brewing Hazy Pale,2026-09-16T17:42:53Z,2026-09-16T17:42:53Z
9356472000460,Sunny Days Pure Honey,2026-09-16T17:42:53Z,2026-09-16T17:42:53Z
9356473000179,Undivided Food Co. Joppie Mayo,2026-09-16T17:42:53Z,2026-09-16T17:42:53Z
9356473000322,Undivided Food Co. Good Fat Mayo,2026-09-16T17:42:53Z,2026-09-16T17:42:53Z
9356473000353,Good Sauce Satay,2026-09-16T17:42:53Z,2026-09-16T17:42:53Z
9356475000283,Rehydraid Oral Electrolyte Drink 160 g,2026-09-16T17:42:53Z,2026-09-16T17:42:53Z
9356477000038,Saintly Seltzer,2026-09-16T17:42:53Z,2026-09-16T17:42:53Z
9356481000031,"Coastal Crunch Protein Crunch Cacao, Hazelnut & Chia Gluten Free Plant Based Granola",2026-09-16T17:42:53Z,2026-09-16T17:42:53Z
9356481000048,Coastal Crunch Protein Crunch Gluten Free Plant Based Granola,2026-09-16T17:42:53Z,2026-09-16T17:42:53Z
9356481000055,Coastal Crunch Protein Crunch,2026-09-16T17:42:53Z,2026-09-16T17:42:53Z
9356481000062,"Protein Crunch Cacao, Hazelnut & Chia",2026-09-16T17:42:53Z,2026-09-16T17:42:53Z
9356481000079,Coastal Crunch Toasted Almond & Cinnamon Protein Crunch Gluten Free Plant Based Granola,2026-09-16T17:42:53Z,2026-09-16T17:42:53Z
9356481000185,Pistachio & Rose Protein Bar,2026-09-16T17:42:53Z,2026-09-16T17:42:53Z
9356481000222,Raw passion fruit and lime cheese cake,2026-09-16T17:42:53Z,2026-09-16T17:42:53Z
9356485000136,Ayers Rock Vegetarian Roasted Chicken 500 g,2026-09-16T17:42:53Z,2026-09-16T17:42:53Z
9356515000051,Stockmans free range eggs,2026-09-16T17:42:53Z,2026-09-16T17:42:53Z
9356515000112,Stockman Eggs Egg,2026-09-16T17:42:53Z,2026-09-16T17:42:53Z
9356519003553,Serendipity Vanilla Choc Top,2026-09-16T17:42:53Z,2026-09-16T17:42:53Z
9356519003560,"Serendipity Choc Top, Mint",2026-09-16T17:42:53Z,2026-09-16T17:42:53Z
9356519003577,Choc Top Salted Caramel,2026-09-16T17:42:53Z,2026-09-16T17:42:53Z
9356519003584,Serendipity Boysenberry Choc Top,2026-09-16T17:42:53Z,2026-09-16T17:42:53Z
9356519003591,Serendipity Chocolate Choc Top,2026-09-16T17:42:53Z,2026-09-16T17:42:53Z
9356519003607,Serendipity Cookies and Cream Choc Top,2026-09-16T17:42:53Z,2026-09-16T17:42:53Z
9356519004734,Village Cinemas Mint Choc Top,2026-09-16T17:42:53Z,2026-09-16T17:42:53Z
9356519004741,Village Cinemas Salted Caramel Choc Top,2026-09-16T17:42:53Z,2026-09-16T17:42:53Z
9356519004864,Village Cinemas Milkybar Cookies And Cream Choc Top,2026-09-16T17:42:53Z,2026-09-16T17:42:53Z
9356520000077,Golden Fries Straight Cut Fries,2026-09-16T17:42:53Z,2026-09-16T17:42:53Z
9356521006986,Plant collective Plant based nuggets,2026-09-16T17:42:53Z,2026-09-16T17:42:53Z
9356524010461,Fam Bam Meals Spinach & Ricotta Lasagne,2026-09-16T17:42:53Z,2026-09-16T17:42:53Z
9356524016357,Choced Pistachio kunafa chocolate bar,2026-09-16T17:42:53Z,2026-09-16T17:42:53Z
9356524016364,Choced Nutella kunafa chocolate bar,2026-09-16T17:42:53Z,2026-09-16T17:42:53Z
9356526000002,Diannes Dips Hommus,2026-09-16T17:42:53Z,2026-09-16T17:42:53Z
9356526000019,Spicy capsicum dip,2026-09-16T17:42:53Z,2026-09-16T17:42:53Z
9356526000040,Dianne’s Dips Basil Pesto,2026-09-16T17:42:53Z,2026-09-16T17:42:53Z
9356526000088,Avocado Dip,2026-09-16T17:42:53Z,2026-09-16T17:42:53Z
9356538000830,Venere Peeled Tomatoes,2026-09-16T17:42:53Z,2026-09-16T17:42:53Z
9356560000006,Quenelle de brochet,2026-09-16T17:42:53Z,2026-09-16T17:42:53Z
9356567000009,4 Hunters Quality Meat Products Beef Biltong Original,2026-09-16T17:42:53Z,2026-09-16T17:42:53Z
9356567000016,Barbecue Biltong 4 Hunters,2026-09-16T17:42:53Z,2026-09-16T17:42:53Z
9356567000030,4 Hunters Beef Biltong,2026-09-16T17:42:53Z,2026-09-16T17:42:53Z
9356567000054,4 HUNTERS DRY WORS 100 g,2026-09-16T17:42:53Z,2026-09-16T17:42:53Z
9356567000177,Beef Jerky Protein Hunters 80 g,2026-09-16T17:42:53Z,2026-09-16T17:42:53Z
9356567000184,4 Hunters Protein Hunters,2026-09-16T17:42:53Z,2026-09-16T17:42:53Z
9356567000245,4 Hunters Beef Jerky Red Wine & Garlic,2026-09-16T17:42:53Z,2026-09-16T17:42:53Z
9356575000008,Industry beans Cold brew coffee,2026-09-16T17:42:53Z,2026-09-16T17:42:53Z
9356575001791,Industry beans Coffee Concentrate,2026-09-16T17:42:53Z,2026-09-16T17:42:53Z
9356578000241,OTWAY PASTA COMPANY Durum wheat semolina pasta,2026-09-16T17:42:53Z,2026-09-16T17:42:53Z
9356578000494,Potato gnocchi,2026-09-16T17:42:53Z,2026-09-16T17:42:53Z
9356578000531,Otway Pasta Fettuccine,2026-09-16T17:42:53Z,2026-09-16T17:42:53Z
9356578000548,Otway Pasta Company Spaghetti,2026-09-16T17:42:53Z,2026-09-16T17:42:53Z
9356578000555,OTWAY PASTA COMPANY TORCHIO,2026-09-16T17:42:53Z,2026-09-16T17:42:53Z
9356578000562,Otway Pasta Company Rigatoni,2026-09-16T17:42:53Z,2026-09-16T17:42:53Z
9356578000579,Otway Pasta Company Lasagne Sheet,2026-09-16T17:42:53Z,2026-09-16T17:42:53Z
9356578000616,Otway Pasta Company Pasta,2026-09-16T17:42:53Z,2026-09-16T17:42:53Z
9356578000685,Otway Paster Company Napoli With Chilli,2026-09-16T17:42:53Z,2026-09-16T17:42:53Z
9356578000692,Otway Pasta Company Super Veg Sauce,2026-09-16T17:42:53Z,2026-09-16T17:42:53Z
9356578000708,OTWAY PASTA COMPANY Bolognese,2026-09-16T17:42:53Z,2026-09-16T17:42:53Z
9356578000852,Creamy chicken and tomato sause with fettuccine,2026-09-16T17:42:53Z,2026-09-16T17:42:53Z
9356580003032,Maxi Roasted salt white sunflower seeds 350 g,2026-09-16T17:42:53Z,2026-09-16T17:42:53Z
9356591010005,Aquna Skin-on Murray Cod Fillet,2026-09-16T17:42:53Z,2026-09-16T17:42:53Z
9356610000017,Butchers Axe Bullseye Seasoning,2026-09-16T17:42:53Z,2026-09-16T17:42:53Z
9356610000048,BUTCHERS HACHA BUTCHERS AXE BBQ TEXMEX SEASONING,2026-09-16T17:42:53Z,2026-09-16T17:42:53Z
9356610000475,Low N Slow Steak Shooter Beef Jerky,2026-09-16T17:42:53Z,2026-09-16T17:42:53Z
9356610000499,Lownslowbasics Garlic Goals,2026-09-16T17:42:53Z,2026-09-16T17:42:53Z
9356610000765,Risks Grill M.W.A Seasoning,2026-09-16T17:42:53Z,2026-09-16T17:42:53Z
9356610001373,stagg and co Ranch Dressing,2026-09-16T17:42:53Z,2026-09-16T17:42:53Z
9356625000071,Italian Lamb Ragu,2026-09-16T17:42:53Z,2026-09-16T17:42:53Z
9356625000118,The St. Food Co. Italian Meatballs,2026-09-16T17:42:53Z,2026-09-16T17:42:53Z
9356625000200,The St Food Honey Chicken With Sichuan Fried Rice,2026-09-16T17:42:53Z,2026-09-16T17:42:53Z
9356625000286,St Food Co Tikka Masala Chicken,2026-09-16T17:42:53Z,2026-09-16T17:42:53Z
9356625000552,Simmer Portuguese Peri Peri Chicken,2026-09-16T17:42:53Z,2026-09-16T17:42:53Z
9356625000927,St Food Co Thai Green Chicken Curry,2026-09-16T17:42:53Z,2026-09-16T17:42:53Z
9356625000934,St Food Co Chicken Katsu Curry,2026-09-16T17:42:53Z,2026-09-16T17:42:53Z
9356625000989,Chicken parmigiana,2026-09-16T17:42:53Z,2026-09-16T17:42:53Z
9356625001009,St Food Co Mexican Chicken Burrito Bowl,2026-09-16T17:42:53Z,2026-09-16T17:42:53Z
9356625001399,The St Food Co Roast Chicken,2026-09-16T17:42:53Z,2026-09-16T17:42:53Z
9356625001450,The st food co. Roast beef,2026-09-16T17:42:53Z,2026-09-16T17:42:53Z
9356625001498,Tokyo teriyaki chicken,2026-09-16T17:42:53Z,2026-09-16T17:42:53Z
9356636000404,Pizzetti Pepperoni,2026-09-16T17:42:53Z,2026-09-16T17:42:53Z
9356636000695,7 Eleven Margherita Pizza,2026-09-16T17:42:53Z,2026-09-16T17:42:53Z
9356636000701,7-Eleven Pepperoni Pizza,2026-09-16T17:42:53Z,2026-09-16T17:42:53Z
9356636000718,7 Eleven Meat Lovers Pizza,2026-09-16T17:42:53Z,2026-09-16T17:42:53Z
9356637655634,Mezze maniche di Sorgo 250 g,2026-09-16T17:42:53Z,2026-09-16T17:42:53Z
9356638000006,Three flavour dumplings 500 g,2026-09-16T17:42:53Z,2026-09-16T17:42:53Z
9356638000020,Pork and cabbage dumpling 500 g,2026-09-16T17:42:53Z,2026-09-16T17:42:53Z
9356641000062,Fellr Watermelon Alcoholic Soda,2026-09-16T17:42:53Z,2026-09-16T17:42:53Z
9356641000093,FELLR PASSIONFRUIT ALCOHOLIC SODA,2026-09-16T17:42:53Z,2026-09-16T17:42:53Z
9356658000581,Hazlenut Chocolate,2026-09-16T17:42:53Z,2026-09-16T17:42:53Z
9356663000002,Papandrea Fine Foods Cacciatore Mild,2026-09-16T17:42:53Z,2026-09-16T17:42:53Z
9356663001160,Papandrea Guanciale,2026-09-16T17:42:53Z,2026-09-16T17:42:53Z
9356663001214,Papandrea Flat Pancetta Hot,2026-09-16T17:42:53Z,2026-09-16T17:42:53Z
9356663001993,Papandrea Salami (Black Garlic) 180 g,2026-09-16T17:42:53Z,2026-09-16T17:42:53Z
9356663002020,Papandrea Fine Foods Free Range Chilli & Fennel Salami,2026-09-16T17:42:53Z,2026-09-16T17:42:53Z
9356663002051,Papandrea Nduja Calabrese 180 g,2026-09-16T17:42:53Z,2026-09-16T17:42:53Z
9356663002310,Papandrea Black Garlic Salami,2026-09-16T17:42:53Z,2026-09-16T17:42:53Z
9356663002372,Papandrea Bresaola,2026-09-16T17:42:53Z,2026-09-16T17:42:53Z
9356663002846,Papandrea Pork Arrabiata Sausages,2026-09-16T17:42:53Z,2026-09-16T17:42:53Z
9356663002860,Papandrea Fine Foods Pork & Fennel Sausages 1 kg,2026-09-16T17:42:53Z,2026-09-16T17:42:53Z
9356663003126,Papandrea Italian Style Chorizo Salami,2026-09-16T17:42:53Z,2026-09-16T17:42:53Z
9356684002726,Australian native food co. Native dessert dukkah 25 g,2026-09-16T17:42:53Z,2026-09-16T17:42:53Z
9356693000287,My eco bag Bin liners,2026-09-16T17:42:53Z,2026-09-16T17:42:53Z
9356716000003,Aston Lucas Gourmet Cannelloni Spinach & Ricotta,2026-09-16T17:42:53Z,2026-09-16T17:42:53Z
9356716000126,Aston Lucus French Baguette Multigrain,2026-09-16T17:42:53Z,2026-09-16T17:42:53Z
9356716000348,Aston lucas Country chicken salad & mayo gourmet wholemeal sandwich,2026-09-16T17:42:53Z,2026-09-16T17:42:53Z
9356716000355,Aston Lucas Gourmet To Go Country Egg Salad Sandwich,2026-09-16T17:42:53Z,2026-09-16T17:42:53Z
9356716000362,Aaron Lucas Gourmet Sandwhich,2026-09-16T17:42:53Z,2026-09-16T17:42:53Z
9356716000379,Aston Lucas Classic White Sandwich,2026-09-16T17:42:53Z,2026-09-16T17:42:53Z
9356716000386,Aston james gourmet to go Gourmet sandwich multigrain grass fed roast beef caramelised onion feta tomato rocket cream cheese,2026-09-16T17:42:53Z,2026-09-16T17:42:53Z
9356716000409,Geelong Fresh Traditional Cannelloni Spinach And Ricotta,2026-09-16T17:42:53Z,2026-09-16T17:42:53Z
9356716000560,Aston lucas Gourmet chicken schnit,2026-09-16T17:42:53Z,2026-09-16T17:42:53Z
9356716000980,Spaghetti Primavera,2026-09-16T17:42:53Z,2026-09-16T17:42:53Z
9356716000997,Aston Lucas Penne Amatriciana,2026-09-16T17:42:53Z,2026-09-16T17:42:53Z
9356716001062,Roasted carrot and Brown rice,2026-09-16T17:42:53Z,2026-09-16T17:42:53Z
9356716001079,Aston Lucas Gourmet Charred Broccoli and Soba Noodle Salad,2026-09-16T17:42:53Z,2026-09-16T17:42:53Z
9356716001161,Aston Lucas SANDWICH GOURMET - WHOLEMEAL,2026-09-16T17:42:53Z,2026-09-16T17:42:53Z
9356716001451,Aston Lucas Gourmet To Go Gourmet Chicken Sandwich,2026-09-16T17:42:53Z,2026-09-16T17:42:53Z
9356716001567,"Aston Lucas Gourmet To Go Classic Sandwich White - Ham, Cheese And Tomato",2026-09-16T17:42:53Z,2026-09-16T17:42:53Z
9356716001666,Aston Lucas Homemade Birched Muesli,2026-09-16T17:42:53Z,2026-09-16T17:42:53Z
9356716001673,Aston Lucas Berry Muesli Yoghurt,2026-09-16T17:42:53Z,2026-09-16T17:42:53Z
9356716001680,IGA Chicken Schnitzel Sandwich,2026-09-16T17:42:53Z,2026-09-16T17:42:53Z
9356716001710,Aston Lucas Toastie Ham And Cheese,2026-09-16T17:42:53Z,2026-09-16T17:42:53Z
9356716001734,Aston Lucas Gourmet Chicken Tortellini with Creamy Basil Pesto,2026-09-16T17:42:53Z,2026-09-16T17:42:53Z
9356716001833,Aston Lucas Protein Salad Burrito Macro Bowl,2026-09-16T17:42:53Z,2026-09-16T17:42:53Z
9356716001888,Artisan Traditional Gnocchi Basil Pesto,2026-09-16T17:42:53Z,2026-09-16T17:42:53Z
9356716002410,Aston Lucas Spiced Chicken Cauliflower And Quinoa,2026-09-16T17:42:53Z,2026-09-16T17:42:53Z
9356720000099,Shanghainese Dumplings,2026-09-16T17:42:53Z,2026-09-16T17:42:53Z
9356720000129,Chicken and mushroom dumpling,2026-09-16T17:42:53Z,2026-09-16T17:42:53Z
9356720000136,Pork and chives dumplings,2026-09-16T17:42:53Z,2026-09-16T17:42:53Z
9356720000242,Miss Chows Angus beef dumplings,2026-09-16T17:42:53Z,2026-09-16T17:42:53Z
9356720000587,Balinese Vegetarian Curry With Rice,2026-09-16T17:42:53Z,2026-09-16T17:42:53Z
9356720000839,Miss Chows Chilli Oil,2026-09-16T17:42:53Z,2026-09-16T17:42:53Z
9356733130318,My muscle chef Chicken parmigiana,2026-09-16T17:42:53Z,2026-09-16T17:42:53Z
9356738000043,goose pork pepperoni,2026-09-16T17:42:53Z,2026-09-16T17:42:53Z
9356738000494,Goose On The Loose Pork Salami pepper berry,2026-09-16T17:42:53Z,2026-09-16T17:42:53Z
9356738000500,goose pork salami truffle,2026-09-16T17:42:53Z,2026-09-16T17:42:53Z
9356738000586,Goose On The Loose goose pork Chorizo,2026-09-16T17:42:53Z,2026-09-16T17:42:53Z
9356738000609,goose pork salami berry,2026-09-16T17:42:53Z,2026-09-16T17:42:53Z
9356738000623,goose pork salami fennel,2026-09-16T17:42:53Z,2026-09-16T17:42:53Z
9356738000647,goose pork salami fennel,2026-09-16T17:42:53Z,2026-09-16T17:42:53Z
9356745000005,Passionfruit Famous Soda Co Zero Sugar,2026-09-16T17:42:53Z,2026-09-16T17:42:53Z
9356745000029,Pink lemonde,2026-09-16T17:42:53Z,2026-09-16T17:42:53Z
9356745000043,Blood orange,2026-09-16T17:42:53Z,2026-09-16T17:42:53Z
9356745000081,Famous soda Cola,2026-09-16T17:42:53Z,2026-09-16T17:42:53Z
9356745000142,Snakes,2026-09-16T17:42:53Z,2026-09-16T17:42:53Z
9356745000173,Snakes,2026-09-16T17:42:53Z,2026-09-16T17:42:53Z
9356745000197,Famous Soda Co Tangerine,2026-09-16T17:42:53Z,2026-09-16T17:42:53Z
9356745000319,Famous Soda Co Pineapple,2026-09-16T17:42:53Z,2026-09-16T17:42:53Z
9356745000395,Chocolate Flavour Famous Kids Protein Shake,2026-09-16T17:42:53Z,2026-09-16T17:42:53Z
9356745000432,Famous Kids Protein Shake,2026-09-16T17:42:53Z,2026-09-16T17:42:53Z
9356745000555,Famous candy co Snake Gummies,2026-09-16T17:42:53Z,2026-09-16T17:42:53Z
9356745000579,Famous Candy Co Koala Gummies Cola Flavour,2026-09-16T17:42:53Z,2026-09-16T17:42:53Z
9356745000586,Famous Candy Co Kangaroos,2026-09-16T17:42:53Z,2026-09-16T17:42:53Z
9356748000279,Sourdough Tin 750g,2026-09-16T17:42:53Z,2026-09-16T17:42:53Z
9356748000422,Noisett - Lamanna Demi Traditional Bread/Baguette,2026-09-16T17:42:53Z,2026-09-16T17:42:53Z
9356748000453,Noisette Turkish Ciabatta,2026-09-16T17:42:53Z,2026-09-16T17:42:53Z
9356786000026,Breadtop BBQ Pork Bun 100 g,2026-09-16T17:42:53Z,2026-09-16T17:42:53Z
9356786000163,Breadtop BBQ Pork Bun,2026-09-16T17:42:53Z,2026-09-16T17:42:53Z
9356786000248,Bread Top Breadtop custard bun 100 g,2026-09-16T17:42:53Z,2026-09-16T17:42:53Z
9356786000323,Breadtop 72% Chocolate Ganache Bun,2026-09-16T17:42:53Z,2026-09-16T17:42:53Z
9356796000047,Honest Eggs Medium Eggs,2026-09-16T17:42:53Z,2026-09-16T17:42:53Z
9356796000078,Honest Eggs Big Ones,2026-09-16T17:42:53Z,2026-09-16T17:42:53Z
9356809000057,Heritage Free Range Eggs,2026-09-16T17:42:53Z,2026-09-16T17:42:53Z
9356814000028,Zesty salt blend,2026-09-16T17:42:53Z,2026-09-16T17:42:53Z
9356814000073,SmokeyQ Rubs & Sauces Chicken BBQ Rub,2026-09-16T17:42:53Z,2026-09-16T17:42:53Z
9356814000271,SmokeyQ Bull's Head BBQ Sauce,2026-09-16T17:42:53Z,2026-09-16T17:42:53Z
9356814000479,SmokeyQ Rubs & Sauces Signature BBQ Rub,2026-09-16T17:42:53Z,2026-09-16T17:42:53Z
9356814000561,SmokeyQ Chicken BBQ Rub,2026-09-16T17:42:53Z,2026-09-16T17:42:53Z
9356814000578,SmokeyQ Chipotle BBQ Rub 75g,2026-09-16T17:42:53Z,2026-09-16T17:42:53Z
9356821000325,Fodden Nutty Granola,2026-09-16T17:42:53Z,2026-09-16T17:42:53Z
9356821000509,Sphiker Gluten Free Granola,2026-09-16T17:42:53Z,2026-09-16T17:42:53Z
9356865000084,Organic chai,2026-09-16T17:42:53Z,2026-09-16T17:42:53Z
9356869003715,Tiffany’s Pumpkin Bacon Muffin,2026-09-16T17:42:53Z,2026-09-16T17:42:53Z
9356882050321,Geelong Regional Olives Forte 659,2026-09-16T17:42:53Z,2026-09-16T17:42:53Z
9356887006613,Cold Matter Cold Brew Tea Peach,2026-09-16T17:42:53Z,2026-09-16T17:42:53Z
9356887006637,Cold Matter Cold Brew Tea Passionfruit,2026-09-16T17:42:53Z,2026-09-16T17:42:53Z
9356887006651,Cold Brew Coffee,2026-09-16T17:42:53Z,2026-09-16T17:42:53Z
9356887006668,Cold matter cold brew coffee,2026-09-16T17:42:53Z,2026-09-16T17:42:53Z
9356887048378,Kommunity Brew Organic Kombucha Ginger Turmeric,2026-09-16T17:42:53Z,2026-09-16T17:42:53Z
9356887072373,Rasberry blossom kombucha,2026-09-16T17:42:53Z,2026-09-16T17:42:53Z
9356889109916,Choco pause,2026-09-16T17:42:53Z,2026-09-16T17:42:53Z
9356892000125,Gem Skin Loving Deodorant Vanilla Sugar 127g 207mL 207 mL,2026-09-16T17:42:53Z,2026-09-16T17:42:53Z
9356892000279,Gem Skin Loving Deodorant Coconut & Vanilla 207mL 207 mL,2026-09-16T17:42:53Z,2026-09-16T17:42:53Z
9356892000286,Gem Skin Loving Deodorant Santal 207g 207 g,2026-09-16T17:42:53Z,2026-09-16T17:42:53Z
9356892000309,Gem Skin Loving Deodorant Vanilla & Macadamia 127g 207mL 207 mL,2026-09-16T17:42:53Z,2026-09-16T17:42:53Z
9356892000316,Gem Skin Loving Deodorant Summer Spritz 127g 207mL 207 mL,2026-09-16T17:42:53Z,2026-09-16T17:42:53Z
9356892001153,Gem Skin Loving Deodorant Watermelon Fresh 207 ML,2026-09-16T17:42:53Z,2026-09-16T17:42:53Z
9356892001184,Gem Fragrance Mist Vanilla & Macadamia 90mL 90 mL,2026-09-16T17:42:53Z,2026-09-16T17:42:53Z
9356892001207,Gem Fragrance Mist Santal 90mL 90 mL,2026-09-16T17:42:53Z,2026-09-16T17:42:53Z
9356892001214,Gem Fragrance Mist Coconut & Vanilla 90mL 90 mL,2026-09-16T17:42:53Z,2026-09-16T17:42:53Z
9356892001276,Gem Skin-loving Roll On Deodorant Vanilla Sugar 50mL 50 mL,2026-09-16T17:42:53Z,2026-09-16T17:42:53Z
9356892001849,Gem Skin Loving Roll On Deodorant Vanilla Macadamia 50 ML,2026-09-16T17:42:53Z,2026-09-16T17:42:53Z
9356892001856,Gem Skin Loving Roll On Deodorant Coconut Vanilla 50 ML,2026-09-16T17:42:53Z,2026-09-16T17:42:53Z
9356892001924,skin-loving protection Coconut Vanilla Antiperspirant Deodorant,2026-09-17T01:02:51Z,2026-09-17T01:02:51Z
9356892001962,Gem Hydrate & Nourish Shampoo Coconut Vanilla 350mL 350 mL,2026-09-16T17:42:53Z,2026-09-16T17:42:53Z
9356892001979,Gem Hydrate & Nourish Conditioner Coconut Vanilla 350mL 350 mL,2026-09-16T17:42:53Z,2026-09-16T17:42:53Z
9356892001986,Gem Repair & Smooth Shampoo Vanilla Sugar 350mL 350 mL,2026-09-16T17:42:53Z,2026-09-16T17:42:53Z
9356892001993,Gem Repair & Smooth Conditioner Vanilla Sugar 350mL 350 mL,2026-09-16T17:42:53Z,2026-09-16T17:42:53Z
9356892002273,Gem Skin Loving Body Wash Vanilla Sugar 900mL 900 mL,2026-09-16T17:42:53Z,2026-09-16T17:42:53Z
9356892002280,Gem Skin Loving Body Wash Watermelon Fresh 900mL 900 mL,2026-09-16T17:42:53Z,2026-09-16T17:42:53Z
9356892002297,Gem Skin Loving Body Wash Vanilla Macadamia 900mL 900 mL,2026-09-16T17:42:53Z,2026-09-16T17:42:53Z
9356892002334,Gem Skin Loving Body Wash Coconut Vanilla 900mL 900 mL,2026-09-16T17:42:53Z,2026-09-16T17:42:53Z
9356892002341,Gem Sport-loving Roll On Deodorant Original Clean 50mL 50 mL,2026-09-16T17:42:53Z,2026-09-16T17:42:53Z
9356892002358,Gem Sport-loving Roll On Deodorant Freshly Showered 50mL 50 mL,2026-09-16T17:42:53Z,2026-09-16T17:42:53Z
9356892002389,Gem Sport-loving Deodorant Original Clean 127g 207mL 207 mL,2026-09-16T17:42:53Z,2026-09-16T17:42:53Z
9356892002396,Gem Sport-loving Deodorant Freshly Showered 127g 207mL 207 mL,2026-09-16T17:42:53Z,2026-09-16T17:42:53Z
9356892002402,Gem Sport-loving Deodorant Sandalwood & Cedar 127g 207mL 207 mL,2026-09-16T17:42:53Z,2026-09-16T17:42:53Z
9356892002419,Gem Sport-loving Deodorant Tobacco Vanilla 127g 207mL 207 mL,2026-09-16T17:42:53Z,2026-09-16T17:42:53Z
9356892002471,Gem Sport-loving Deodorant Millionaire 127g 207mL 207 mL,2026-09-16T17:42:53Z,2026-09-16T17:42:53Z
9356892002488,Gem Sport-loving Deodorant Midnight Oud 127g 207mL 207 mL,2026-09-16T17:42:53Z,2026-09-16T17:42:53Z
9356892002525,Gem Sport-loving Roll On Deodorant Millionaire 50mL 50 mL,2026-09-16T17:42:53Z,2026-09-16T17:42:53Z
9356908000101,Organic vegan protein,2026-09-16T17:42:53Z,2026-09-16T17:42:53Z
9356916000384,Dumpling 100 Chicken wonton,2026-09-16T17:42:53Z,2026-09-16T17:42:53Z
9356922000002,Chang sian Thai Hom Mali Jasmine Rice 5 kg,2026-09-16T17:42:53Z,2026-09-16T17:42:53Z
9356922000019,Royal Feast Royale Feast Jasmine Rice,2026-09-16T17:42:53Z,2026-09-16T17:42:53Z
9356931200035,M. De Turenne Trompettes des Morts,2026-09-16T17:42:53Z,2026-09-16T17:42:53Z
9356965000014,Gourmet Bites Macademia Cookie,2026-09-16T17:42:53Z,2026-09-16T17:42:53Z
9356979000116,Baked Provisions Steak And Onion Pie,2026-09-16T17:42:53Z,2026-09-16T17:42:53Z
9356979000123,Baked Provision Steak And Mushroom Pie,2026-09-16T17:42:53Z,2026-09-16T17:42:53Z
9356979000154,Baked Provisions Steak and Curry Pie,2026-09-16T17:42:53Z,2026-09-16T17:42:53Z
9356979000161,"Baked Provisions Steak, Bacon And Cheese Pie",2026-09-16T17:42:53Z,2026-09-16T17:42:53Z
9356979000178,Baked Provisions Chicken And Curry Pie,2026-09-16T17:42:53Z,2026-09-16T17:42:53Z
9356979000185,Baked Provisions Chicken And Vegetable Pie,2026-09-16T17:42:53Z,2026-09-16T17:42:53Z
9356979000215,baked provisions Homestyle sausage roll 350 g,2026-09-16T17:42:53Z,2026-09-16T17:42:53Z
9356979000239,Baked Provisions Bacon Cheese Sausage Roll,2026-09-16T17:42:53Z,2026-09-16T17:42:53Z
9356979000260,Baked Provisions Steak And Cheese Pie,2026-09-16T17:42:53Z,2026-09-16T17:42:53Z
9356993000239,Big John - Pork and Chives Dumplings,2026-09-16T17:42:53Z,2026-09-16T17:42:53Z
9356993000246,Big John Pty Ltd Cabbage And Pork Dumplings,2026-09-16T17:42:53Z,2026-09-16T17:42:53Z
9356994000344,Kebabchi Dum Chicken Biryani Hyderabadi,2026-09-16T17:42:53Z,2026-09-16T17:42:53Z
9356994000368,Daal Makhani,2026-09-16T17:42:53Z,2026-09-16T17:42:53Z
9356994000375,Kebabchi Palak Paneer,2026-09-16T17:42:53Z,2026-09-16T17:42:53Z
9356994000436,Kebabchi Butter Chicken,2026-09-16T17:42:53Z,2026-09-16T17:42:53Z
9356994000443,Kebabchi Saffron Rice,2026-09-16T17:42:53Z,2026-09-16T17:42:53Z
9356994000498,Kebabchi Butter Chicken with Saffron Rice,2026-09-16T17:42:53Z,2026-09-16T17:42:53Z
9356994000504,Kebabchi Chicken Curry Mughlai with Saffron Rice,2026-09-16T17:42:53Z,2026-09-16T17:42:53Z
9356994001075,Sona’s Kitchen Butter chicken,2026-09-16T17:42:53Z,2026-09-16T17:42:53Z
9356994001082,Sona’s Kitchen Chicken Tikka Masala,2026-09-16T17:42:53Z,2026-09-16T17:42:53Z
9356994001099,Sina’s Kitchen Chicken Korma,2026-09-16T17:42:53Z,2026-09-16T17:42:53Z
9356994001112,Sona’s Kitchen Chicken Biryani,2026-09-16T17:42:53Z,2026-09-16T17:42:53Z
9356994001150,Sona’s Kitchen Saffron rice,2026-09-16T17:42:53Z,2026-09-16T17:42:53Z
9356994001181,Sona’s Kitchen Garlic naan,2026-09-16T17:42:53Z,2026-09-16T17:42:53Z
9356994001198,Sona’s Kitchen Beef vindaloo,2026-09-16T17:42:53Z,2026-09-16T17:42:53Z
9356994001259,Sona’s Kitchen Butter Chicken Biriyani,2026-09-16T17:42:53Z,2026-09-16T17:42:53Z
9356994001334,Sona's Kitchen Chicken Tikka Masala with Basmati Rice,2026-09-16T17:42:53Z,2026-09-16T17:42:53Z
9356996000083,Gluten Free Potato Gnocchi,2026-09-16T17:42:53Z,2026-09-16T17:42:53Z
9357011001191,Goodness Bake Activated charcol loaf,2026-09-16T17:42:53Z,2026-09-16T17:42:53Z
9357031000082,Mandolé Orchard Almond Milk Chocolate,2026-09-16T17:42:53Z,2026-09-16T17:42:53Z
9357031000204,Mandole Orchard Almond Coconut Milk,2026-09-16T17:42:53Z,2026-09-16T17:42:53Z
9357031000389,Mandolé Orchard FRESH AUSTRALIAN ALMOND MILK BARISTA,2026-09-16T17:42:53Z,2026-09-16T17:42:53Z
9357032000227,Beer & kombucha,2026-09-16T17:42:53Z,2026-09-16T17:42:53Z
9357053000534,krystal ဆံပင်ပေါက်,2026-09-16T17:42:53Z,2026-09-16T17:42:53Z
9357061000007,1816 Bakery White Sourdough,2026-09-16T17:42:53Z,2026-09-16T17:42:53Z
9357061000052,1816 Bakehouse White Sourdough,2026-09-16T17:42:53Z,2026-09-16T17:42:53Z
9357067725126,Spearmint,2026-09-16T17:42:53Z,2026-09-16T17:42:53Z
9357076000030,Fit-Lato Caramel Cookies Gelato,2026-09-16T17:42:53Z,2026-09-16T17:42:53Z
9357076000054,Fit-Lato Gelato - Caramel White Choc Wafer,2026-09-16T17:42:53Z,2026-09-16T17:42:53Z
9357076000290,Fit-Lato Coconut Raspberry Shortbread Gelato,2026-09-16T17:42:53Z,2026-09-16T17:42:53Z
9357095001452,Moofish Barramundi,2026-09-16T17:42:53Z,2026-09-16T17:42:53Z
9357095010546,Moofish Fresh Salmon Skin On,2026-09-16T17:42:53Z,2026-09-16T17:42:53Z
9357095053413,Moofish Salmon Skin Off,2026-09-16T17:42:53Z,2026-09-16T17:42:53Z
9357102010163,Grass Roots Hemp Hearts,2026-09-16T17:42:53Z,2026-09-16T17:42:53Z
9357107000008,Frozen blueberries,2026-09-16T17:42:53Z,2026-09-16T17:42:53Z
9357107000237,Fresh Blueberries,2026-09-16T17:42:53Z,2026-09-16T17:42:53Z
9357109000006,Crumbed Scallops,2026-09-16T17:42:53Z,2026-09-16T17:42:53Z
9357128000018,Messina Milk,2026-09-16T17:42:53Z,2026-09-16T17:42:53Z
9357128000209,Choc hazelnut spread,2026-09-16T17:42:53Z,2026-09-16T17:42:53Z
9357128001206,Messina Super Vanilla Gelato,2026-09-16T17:42:53Z,2026-09-16T17:42:53Z
9357128001213,Messina Dulce De Leche Icecream,2026-09-16T17:42:53Z,2026-09-16T17:42:53Z
9357128001220,Messina Pistachio Praline Ice Cream,2026-09-16T17:42:53Z,2026-09-16T17:42:53Z
9357128001237,Messina Hazelnut Praline,2026-09-16T17:42:53Z,2026-09-16T17:42:53Z
9357128001244,Messina PB Peanut Butter Gelato,2026-09-16T17:42:53Z,2026-09-16T17:42:53Z
9357128001251,Messina Chocolate Gelato - Robert Brownie Jr.,2026-09-16T17:42:53Z,2026-09-16T17:42:53Z
9357128001275,Messina Tiramisu Gelato,2026-09-16T17:42:53Z,2026-09-16T17:42:53Z
9357128001282,Messina Super Flan Gelato,2026-09-16T17:42:53Z,2026-09-16T17:42:53Z
9357128001312,Messina Iced Coco Bavarian,2026-09-16T17:42:53Z,2026-09-16T17:42:53Z
9357128001329,Gelato Messina Choc Malt Bavarian,2026-09-16T17:42:53Z,2026-09-16T17:42:53Z
9357128001336,Messina Basque Cheese Cake,2026-09-16T17:42:53Z,2026-09-16T17:42:53Z
9357141000040,Kids Plant-Based Bar Super Berry,2026-09-16T17:42:53Z,2026-09-16T17:42:53Z
9357141010063,Sprout Plant-Based Infant Formula,2026-09-16T17:42:53Z,2026-09-16T17:42:53Z
9357141010087,Plant-Based Toddler Drink,2026-09-16T17:42:53Z,2026-09-16T17:42:53Z
9357141010094,Sprout Plant-Based Infant Formula,2026-09-16T17:42:53Z,2026-09-16T17:42:53Z
9357141010100,Plant Based Toddler drink,2026-09-16T17:42:53Z,2026-09-16T17:42:53Z
9357149000042,Gluten Free Seed Crackers,2026-09-16T17:42:53Z,2026-09-16T17:42:53Z
9357156000059,Humpty Doo Skin On Barramundi,2026-09-16T17:42:53Z,2026-09-16T17:42:53Z
9357156000066,Humpty Doo Barramundi,2026-09-16T17:42:53Z,2026-09-16T17:42:53Z
9357156000073,Humpty Doo Australian saltwater barramundi,2026-09-16T17:42:53Z,2026-09-16T17:42:53Z
9357156000080,Humpty Doo Hot Smoked Barramundi,2026-09-16T17:42:53Z,2026-09-16T17:42:53Z
9357156000097,Humpy Doo Fresh Australian Barramundi,2026-09-16T17:42:53Z,2026-09-16T17:42:53Z
9357164000348,Paper Scissors Rock The Hefe Beer,2026-09-16T17:42:53Z,2026-09-16T17:42:53Z
9357173338784,Carmans Low sugar granola,2026-09-16T17:42:53Z,2026-09-16T17:42:53Z
9357204000000,Chief Beef Brisket Traditional,2026-09-16T17:42:53Z,2026-09-16T17:42:53Z
9357204000017,Chief Beef Brisket Cayenne Chili,2026-09-16T17:42:53Z,2026-09-16T17:42:53Z
9357204000024,Chief. BEEF BRISKET Smokey BBQ,2026-09-16T17:42:53Z,2026-09-16T17:42:53Z
9357204000031,Chief Beef Brisket Chipotle & Lime,2026-09-16T17:42:53Z,2026-09-16T17:42:53Z
9357204000048,Chief Beef Brisket Bar (Cheeseburger) 40 g,2026-09-16T17:42:53Z,2026-09-16T17:42:53Z
9357204000208,Chief. Biltong Traditional 30 g,2026-09-16T17:42:53Z,2026-09-16T17:42:53Z
9357204000215,Chief Biltong with Chilli,2026-09-16T17:42:53Z,2026-09-16T17:42:53Z
9357204000222,Chief Traditional Biltong,2026-09-16T17:42:53Z,2026-09-16T17:42:53Z
9357204000239,Chief Biltong With Chilli,2026-09-16T17:42:53Z,2026-09-16T17:42:53Z
9357204000246,Chief. Biltong Smokey BBQ,2026-09-16T17:42:53Z,2026-09-16T17:42:53Z
9357204000260,Chief Nutrition Biltong Chipotle & Lime Organic Grass-Fed Aussie Beef,2026-09-16T17:42:53Z,2026-09-16T17:42:53Z
9357204000338,Chief Biltong - Carnivore,2026-09-16T17:42:53Z,2026-09-16T17:42:53Z
9357204000345,Organic Chief Biltong Carnivore,2026-09-16T17:42:53Z,2026-09-16T17:42:53Z
9357204000451,Chief Australian Grass-Fed Whey Protein Concentrate 900 g,2026-09-16T17:42:53Z,2026-09-16T17:42:53Z
9357204000468,Chief. Whey Protein Smooth Chocolate,2026-09-16T17:42:53Z,2026-09-16T17:42:53Z
9357204000475,Chief Whey Protein Creamy Vanilla 900 g,2026-09-16T17:42:53Z,2026-09-16T17:42:53Z
9357204000604,Chief. COLLAGEN Double Choc 45g,2026-09-16T17:42:53Z,2026-09-16T17:42:53Z
9357204000611,Chief collagen bar choc peanut butter,2026-09-16T17:42:53Z,2026-09-16T17:42:53Z
9357204000666,Chief Whey Vanilla Protein,2026-09-16T17:42:53Z,2026-09-16T17:42:53Z
9357204000703,Chief. Organic Beef Liver Capsules,2026-09-16T17:42:53Z,2026-09-16T17:42:53Z
9357204000734,Chief. IRON+C,2026-09-16T17:42:53Z,2026-09-16T17:42:53Z
9357204000758,Chief. Collagen Protein,2026-09-16T17:42:53Z,2026-09-16T17:42:53Z
9357204000765,Chief. Collagen Protein Creamy Vanilla,2026-09-16T17:42:53Z,2026-09-16T17:42:53Z
9357204000772,Chief Collagen Protein Dark Chocolate,2026-09-16T17:42:53Z,2026-09-16T17:42:53Z
9357204000857,Choc Berry thankful bar - Chief,2026-09-16T17:42:53Z,2026-09-16T17:42:53Z
9357204000901,Chief Collagen Mint Choc Bar,2026-09-16T17:42:53Z,2026-09-16T17:42:53Z
9357204000918,Chief. COLLAGEN - SALTED CARAMEL,2026-09-16T17:42:53Z,2026-09-16T17:42:53Z
9357204000925,Chief Choc Pistachio,2026-09-16T17:42:53Z,2026-09-16T17:42:53Z
9357204000987,Chief. CREATINE FOCUS+,2026-09-16T17:42:53Z,2026-09-16T17:42:53Z
9357204001014,Collagen Cookie,2026-09-16T17:42:53Z,2026-09-16T17:42:53Z
9357204001212,Nut butter choc chic,2026-09-16T17:42:53Z,2026-09-16T17:42:53Z
9357234446656,Faisselle au Lait de chèvre,2026-09-16T17:42:53Z,2026-09-16T17:42:53Z
9357247000067,Saucy Wench Chilli Ginger Lime Sauce,2026-09-16T17:42:53Z,2026-09-16T17:42:53Z
9357266024440,Better beer,2026-09-16T17:42:53Z,2026-09-16T17:42:53Z
9357273001038,Icon honey,2026-09-16T17:42:53Z,2026-09-16T17:42:53Z
9357273002011,Icon Honey Australian Bush Honey,2026-09-16T17:42:53Z,2026-09-16T17:42:53Z
9357275000008,We the many antioxidant granola,2026-09-16T17:42:53Z,2026-09-16T17:42:53Z
9357275000015,Turmeric granola,2026-09-16T17:42:53Z,2026-09-16T17:42:53Z
9357275000022,Prebiotic Granola,2026-09-16T17:42:53Z,2026-09-16T17:42:53Z
9357275000039,Anti-Oxidant Porriage,2026-09-16T17:42:53Z,2026-09-16T17:42:53Z
9357286000660,Better beer middy 355ml,2026-09-16T17:42:53Z,2026-09-16T17:42:53Z
9357286009939,BETTER BEER ZERO CARBC6*355ML,2026-09-16T17:42:53Z,2026-09-16T17:42:53Z
9357286009946,Better Beer. 4x6x355mL CANS,2026-09-16T17:42:53Z,2026-09-16T17:42:53Z
9357286009984,better beer,2026-09-16T17:42:53Z,2026-09-16T17:42:53Z
9357286022884,Better beer,2026-09-16T17:42:53Z,2026-09-16T17:42:53Z
9357286031268,No.Sh Boozy Seltzer,2026-09-16T17:42:53Z,2026-09-16T17:42:53Z
9357286044442,Ginger beer,2026-09-16T17:42:53Z,2026-09-16T17:42:53Z
9357286047429,Zero alc Better Beer,2026-09-16T17:42:53Z,2026-09-16T17:42:53Z
9357286066833,Better Cider Super Crisp Apple,2026-09-16T17:42:53Z,2026-09-16T17:42:53Z
9357286069179,Better Beer Halfy Ultra Low Carb,2026-09-16T17:42:53Z,2026-09-16T17:42:53Z
9357286069339,Better Beer Arvo Ale,2026-09-16T17:42:53Z,2026-09-16T17:42:53Z
9357307000099,Altina La vie en rose,2026-09-16T17:42:53Z,2026-09-16T17:42:53Z
9357307000327,Drink,2026-09-16T17:42:53Z,2026-09-16T17:42:53Z
9357307000365,altina sangria 250ml,2026-09-16T17:42:53Z,2026-09-16T17:42:53Z
9357307000723,Altina Sparkling Brut 750mL 750 mL,2026-09-16T17:42:53Z,2026-09-16T17:42:53Z
9357318000019,Jerky Meat Free Protein,2026-09-16T17:42:53Z,2026-09-16T17:42:53Z
9357318000071,Milk Chocolate,2026-09-16T17:42:53Z,2026-09-16T17:42:53Z
9357318000125,Caramel Chocolate,2026-09-16T17:42:53Z,2026-09-16T17:42:53Z
9357338000051,Oat Flour 500 g,2026-09-16T17:42:53Z,2026-09-16T17:42:53Z
9357360000128,Suzy Spoon Vegan Butter Chicken,2026-09-16T17:42:53Z,2026-09-16T17:42:53Z
9357360000197,Suzy Spoon Vegan Butter Chicken,2026-09-16T17:42:53Z,2026-09-16T17:42:53Z
9357360000203,Suzy Spoon Vegan Franks,2026-09-16T17:42:53Z,2026-09-16T17:42:53Z
9357386000010,Wonderbao Vegan BBQ Bao,2026-09-16T17:42:53Z,2026-09-16T17:42:53Z
9357386000034,Chicken bao,2026-09-16T17:42:53Z,2026-09-16T17:42:53Z
9357386000119,Murphy’s Carriage House Korean fried chicken bao,2026-09-16T17:42:53Z,2026-09-16T17:42:53Z
9357392000004,QETOE organic LOW CARB Spaghetti,2026-09-16T17:42:53Z,2026-09-16T17:42:53Z
9357392000011,QETOE organic LOW CARB Fettuccine,2026-09-16T17:42:53Z,2026-09-16T17:42:53Z
9357392000028,Qetoe Rice,2026-09-16T17:42:53Z,2026-09-16T17:42:53Z
9357392000066,Qetoe Low Carb Rice 2 x 80 g,2026-09-16T17:42:53Z,2026-09-16T17:42:53Z
9357392000073,QETOE delicious LOW CARB NOODLES,2026-09-16T17:42:53Z,2026-09-16T17:42:53Z
9357392000097,QETOE organic LOW CARB Penne,2026-09-16T17:42:53Z,2026-09-16T17:42:53Z
9357392000103,Qetoe Low Carb Chicken Noodles,2026-09-16T17:42:53Z,2026-09-16T17:42:53Z
9357392000110,QETOE Low Carb Noodles Beef,2026-09-16T17:42:53Z,2026-09-16T17:42:53Z
9357392000127,QETOE LOW CARB Instant Noodles,2026-09-16T17:42:53Z,2026-09-16T17:42:53Z
9357392000134,QETOE Instant Noodles,2026-09-16T17:42:53Z,2026-09-16T17:42:53Z
9357392000172,QetoE Low Carb Fusilli,2026-09-16T17:42:53Z,2026-09-16T17:42:53Z
9357392000196,QETOE Smokey BBQ Sauce,2026-09-16T17:42:53Z,2026-09-16T17:42:53Z
9357397667912,Gnocchi di zucca senza glutine,2026-09-16T17:42:53Z,2026-09-16T17:42:53Z
9357405046111,Yatsal Knitting wool,2026-09-16T17:42:53Z,2026-09-16T17:42:53Z
9357414000081,Central Cake Co Hedgehog Slice,2026-09-16T17:42:53Z,2026-09-16T17:42:53Z
9357414000739,Central Cake Co Choc Chip Cookie,2026-09-16T17:42:53Z,2026-09-16T17:42:53Z
9357424000019,Olive Leaf,2026-09-16T17:42:53Z,2026-09-16T17:42:53Z
9357424000040,Ashwagandha,2026-09-16T17:42:53Z,2026-09-16T17:42:53Z
9357424000118,Cleanse & Detox,2026-09-16T17:42:53Z,2026-09-16T17:42:53Z
9357424000149,Plant Vitamin D3,2026-09-16T17:42:53Z,2026-09-16T17:42:53Z
9357424000255,Plant Iron,2026-09-16T17:42:53Z,2026-09-16T17:42:53Z
9357424000262,Wanderlust Plant Omega-e,2026-09-16T17:42:53Z,2026-09-16T17:42:53Z
9357424000293,Energy mushroom 75 g,2026-09-16T17:42:53Z,2026-09-16T17:42:53Z
9357424000309,Wanderlust Beauty mushroom 75 g,2026-09-16T17:42:53Z,2026-09-16T17:42:53Z
9357424000361,Fully Charged Energy & Alertness,2026-09-16T17:42:53Z,2026-09-16T17:42:53Z
9357424000682,Wanderlust Turmeric 90mL 90 mL,2026-09-16T17:42:53Z,2026-09-16T17:42:53Z
9357424002945,Gotu Kola,2026-09-16T17:42:53Z,2026-09-16T17:42:53Z
9357424003119,Wanderlust Vegan EPA & DPA,2026-09-16T17:42:53Z,2026-09-16T17:42:53Z
9357459000060,Gluten Free Batter Battered Hot Dogs,2026-09-16T17:42:53Z,2026-09-16T17:42:53Z
9357459000084,G.F.B FOODS Gluten Free Chicken TENDERS,2026-09-16T17:42:53Z,2026-09-16T17:42:53Z
9357459000091,GFB Chunky Chips,2026-09-16T17:42:53Z,2026-09-16T17:42:53Z
9357459000107,Gfb Gluten Free Batter Traditional Dim Aims,2026-09-16T17:42:53Z,2026-09-16T17:42:53Z
9357462000019,BBQ baked Beans,2026-09-16T17:42:53Z,2026-09-16T17:42:53Z
9357462000026,Baked Beans Chilli Tomato,2026-09-16T17:42:53Z,2026-09-16T17:42:53Z
9357462000033,Able Foods Baked Beans - Cheesy Tomato,2026-09-16T17:42:53Z,2026-09-16T17:42:53Z
9357463000155,12 Hour Smoked Wagyu Brisket 1 x 375 g,2026-09-16T17:42:53Z,2026-09-16T17:42:53Z
9357469000005,Elato Triple Vanilla,2026-09-16T17:42:53Z,2026-09-16T17:42:53Z
9357469000012,Elato Cold Brew Decaf Cafe Latte 475 ml,2026-09-16T17:42:53Z,2026-09-16T17:42:53Z
9357469000029,Dark Chocolate Truffle,2026-09-16T17:42:53Z,2026-09-16T17:42:53Z
9357490000043,Butter Caramel Pecan,2026-09-16T17:42:53Z,2026-09-16T17:42:53Z
9357490000050,Loco Love Peanut Butter Caramel with Tremella,2026-09-16T17:42:53Z,2026-09-16T17:42:53Z
9357490000067,Loco Love Hazelnut Butter Praline,2026-09-16T17:42:53Z,2026-09-16T17:42:53Z
9357490000074,Wild rose ganache,2026-09-16T17:42:53Z,2026-09-16T17:42:53Z
9357490000081,Dark Peppermint Creme,2026-09-16T17:42:53Z,2026-09-16T17:42:53Z
9357490000098,Black Cherry & Raspberry with Schisandra,2026-09-16T17:42:53Z,2026-09-16T17:42:53Z
9357490000135,Coconut and cashews,2026-09-16T17:42:53Z,2026-09-16T17:42:53Z
9357490000142,LOCO LOVE Almond Caramel Crunch,2026-09-16T17:42:53Z,2026-09-16T17:42:53Z
9357490000159,Loco Love Butter Caramel Pecan,2026-09-16T17:42:53Z,2026-09-16T17:42:53Z
9357490000166,loco love Peanut butter caramel 2 x 35 g,2026-09-16T17:42:53Z,2026-09-16T17:42:53Z
9357490000173,Hazelnut Butter Praline 2 x 30 g,2026-09-16T17:42:53Z,2026-09-16T17:42:53Z
9357490000180,Loco Love wild rose ganache 2 x 30 g,2026-09-16T17:42:53Z,2026-09-16T17:42:53Z
9357490000203,Loco Love Black Cherry Raspberry,2026-09-16T17:42:53Z,2026-09-16T17:42:53Z
9357490000227,Loco Love Almond Caramel Crunch 2 x 30 g,2026-09-16T17:42:53Z,2026-09-16T17:42:53Z
9357490000241,Loco Love Coconut Cashew Dream with Vanilla Bean 2 x 35 g,2026-09-16T17:42:53Z,2026-09-16T17:42:53Z
9357490000289,Loco Love Mylk Chocolate Drops,2026-09-16T17:42:53Z,2026-09-16T17:42:53Z
9357490000296,Loco love Higher being,2026-09-16T17:42:53Z,2026-09-16T17:42:53Z
9357490000418,Loco Love Chilli Love Truffle Chocolate Twin Pack,2026-09-16T17:42:53Z,2026-09-16T17:42:53Z
9357490000425,Loco Love Passion Berry & Macadamia,2026-09-16T17:42:53Z,2026-09-16T17:42:53Z
9357490000432,LOCO LOVE Classic Chewy Caramel,2026-09-16T17:42:53Z,2026-09-16T17:42:53Z
9357490000630,Loco Love Drinking Cacao,2026-09-16T17:42:53Z,2026-09-16T17:42:53Z
9357490000722,Loco Love Orange & Almond Truffle with Ginger Pieces,2026-09-16T17:42:53Z,2026-09-16T17:42:53Z
9357490000746,Loco Love Luvio Roasted Hazelnut & Fleir De Sel Chocolate,2026-09-16T17:42:53Z,2026-09-16T17:42:53Z
9357490000753,Loco Love Luvio Peppermint Cacaor Crisp,2026-09-16T17:42:53Z,2026-09-16T17:42:53Z
9357490000760,Luvio Chocolate Truffle Bar,2026-09-16T17:42:53Z,2026-09-16T17:42:53Z
9357490000777,Luvio Chocolate Truffle Bar,2026-09-16T17:42:53Z,2026-09-16T17:42:53Z
9357490000791,Luvio SOFT TRUFFLE-FILLED COSMIC CHOCOLATE EGGS Coconut Dream,2026-09-16T17:42:53Z,2026-09-16T17:42:53Z
9357490000807,Luvio Salted Caramel Cosmic Chocolate Eggs,2026-09-16T17:42:53Z,2026-09-16T17:42:53Z
9357490000876,Loco Love Butter Caramel Pecan Chocolate,2026-09-16T17:42:53Z,2026-09-16T17:42:53Z
9357490000890,Loco Love Peanut Butter Caramel with Tremella Mushroom,2026-09-16T17:42:53Z,2026-09-16T17:42:53Z
9357490000906,Loco Love Pistachio Mylk Praline,2026-09-16T17:42:53Z,2026-09-16T17:42:53Z
9357490000913,Loco Love Pistachio Mylk Praline with Tremella 2 x 35 g,2026-09-16T17:42:53Z,2026-09-16T17:42:53Z
9357490000920,Loco Love Maple Macadamia Caramel with Tasmanian Sea Salt,2026-09-16T17:42:53Z,2026-09-16T17:42:53Z
9357490000937,Loco Love Maple Macadamia Caramel with Sea Salt,2026-09-16T17:42:53Z,2026-09-16T17:42:53Z
9357490000999,Loco Love Strawberry Vanilla Burst,2026-09-16T17:42:53Z,2026-09-16T17:42:53Z
9357493000033,Revival Whey Protein Isolate Choc Peanut Butter Cookie,2026-09-16T17:42:53Z,2026-09-16T17:42:53Z
9357501000000,Press’d Juice (Orange),2026-09-16T17:42:53Z,2026-09-16T17:42:53Z
9357501000017,Apple kale pear,2026-09-16T17:42:53Z,2026-09-16T17:42:53Z
9357501000024,Press’d Juice (Watermelon Apple Mint),2026-09-16T17:42:53Z,2026-09-16T17:42:53Z
9357501000215,Press’d Juice Daily Well-being Shot,2026-09-16T17:42:53Z,2026-09-16T17:42:53Z
9357519000023,Noodledoof Helles Lager,2026-09-16T17:42:53Z,2026-09-16T17:42:53Z
9357529000020,Central Agri Group Beef Mince,2026-09-16T17:42:53Z,2026-09-16T17:42:53Z
9357529000037,Gippsland Pure Brisket Burger,2026-09-16T17:42:53Z,2026-09-16T17:42:53Z
9357529000228,Gippsland Pure Angus Beef Burger,2026-09-16T17:42:53Z,2026-09-16T17:42:53Z
9357537000388,Twinkle Glory Choco Stick,2026-09-16T17:42:53Z,2026-09-16T17:42:53Z
9357537000401,Twinkle Glory Popping Candy Choco Sticks,2026-09-16T17:42:53Z,2026-09-16T17:42:53Z
9357537000418,Banana choco sticks,2026-09-16T17:42:53Z,2026-09-16T17:42:53Z
9357537000470,Twinkle Glory Cream Matcha Mochi 180 g,2026-09-16T17:42:53Z,2026-09-16T17:42:53Z
9357537000500,Twinkle Glory Mochi,2026-09-16T17:42:53Z,2026-09-16T17:42:53Z
9357537000517,Twinkleglory Black Sesame Mochi,2026-09-16T17:42:53Z,2026-09-16T17:42:53Z
9357537000524,Twinkle Glory Apple Jelly Drink,2026-09-16T17:42:53Z,2026-09-16T17:42:53Z
9357537000531,Twinkle Glory Peach Flavour Jelly Drink (Hello Kitty And Friends: My Melody),2026-09-16T17:42:53Z,2026-09-16T17:42:53Z
9357537000548,Twinkle Glory Konjac jelly,2026-09-16T17:42:53Z,2026-09-16T17:42:53Z
9357537000562,Twinkle Glory Green Grape Jelly Drink,2026-09-16T17:42:53Z,2026-09-16T17:42:53Z
9357537000630,Twinkle Glory Snoopy Curry Potato Sticks 50,2026-09-16T17:42:53Z,2026-09-16T17:42:53Z
9357537000708,Twinkle Glory Choco Sticks,2026-09-16T17:42:53Z,2026-09-16T17:42:53Z
9357537000715,Twinkle Glory Kuromi Choco Sticks,2026-09-16T17:42:53Z,2026-09-16T17:42:53Z
9357551621026,Hanh Phi Fried Shallots,2026-09-16T17:42:53Z,2026-09-16T17:42:53Z
9357587002103,I Love Mojito Zero Alcohol Cocktail,2026-09-16T17:42:53Z,2026-09-16T17:42:53Z
9357587002165,i love zero alcohol Zero Alcohol Yuzu Margarita,2026-09-16T17:42:53Z,2026-09-16T17:42:53Z
9357587003605,Yeah Nah Pale Ale Non Alcoholic Beer,2026-09-16T17:42:53Z,2026-09-16T17:42:53Z
9357602000022,All Australian Mixed Berries,2026-09-16T17:42:53Z,2026-09-16T17:42:53Z
9357602000053,All Australian Pineapple,2026-09-16T17:42:53Z,2026-09-16T17:42:53Z
9357603000229,Brioche By Philip Shokupan,2026-09-16T17:42:53Z,2026-09-16T17:42:53Z
9357605001798,Premium Cocktail Mix,2026-09-16T17:42:53Z,2026-09-16T17:42:53Z
9357605004225,classic margarita Mr. consistent,2026-09-16T17:42:53Z,2026-09-16T17:42:53Z
9357605004256,bloody mary Mr. consistent,2026-09-16T17:42:53Z,2026-09-16T17:42:53Z
9357605010059,Strawberry Sugar Cocktail Rim Garnish,2026-09-16T17:42:53Z,2026-09-16T17:42:53Z
9357605011780,Waterboy,2026-09-16T17:42:53Z,2026-09-16T17:42:53Z
9357605015207,Pash inn,2026-09-16T17:42:53Z,2026-09-16T17:42:53Z
9357605025251,lychee martini Mr. consistent,2026-09-16T17:42:53Z,2026-09-16T17:42:53Z
9357605028566,pina colada Mr. consistent,2026-09-16T17:42:53Z,2026-09-16T17:42:53Z
9357605030347,bloody mary Mr. consistent,2026-09-16T17:42:53Z,2026-09-16T17:42:53Z
9357605030354,lychee Martini Mr. consistent,2026-09-16T17:42:53Z,2026-09-16T17:42:53Z
9357605030361,classic margarita Mr. consistent,2026-09-16T17:42:53Z,2026-09-16T17:42:53Z
9357605030378,pina colada Mr. consistent,2026-09-16T17:42:53Z,2026-09-16T17:42:53Z
9357618000542,Multiseed Sourdough,2026-09-16T17:42:53Z,2026-09-16T17:42:53Z
9357636000043,Gluten free vegan sourdough bread charcoal and tumeric,2026-09-16T17:42:53Z,2026-09-16T17:42:53Z
9357636000159,Wholegreen Bakery Chocolate Hot Cross Bun,2026-09-16T17:42:53Z,2026-09-16T17:42:53Z
9357642001140,Mr. Donut Golden Gaytime Donut,2026-09-16T17:42:53Z,2026-09-16T17:42:53Z
9357642002147,Mr Donut Cookie Butter Donuts 426 g,2026-09-16T17:42:53Z,2026-09-16T17:42:53Z
9357642002413,Mr Donut Minions White Choc Donuts,2026-09-16T17:42:53Z,2026-09-16T17:42:53Z
9357642002963,Mr Donuts Dinosaur Donut,2026-09-16T17:42:53Z,2026-09-16T17:42:53Z
9357642003182,Daniel’s Donuts Dare Inspired Espresso Donut,2026-09-16T17:42:53Z,2026-09-16T17:42:53Z
9357642003199,Tradie Aussie Beef and Chesse Pie,2026-09-16T17:42:53Z,2026-09-16T17:42:53Z
9357642003342,Daniel’s Donuts Choc Hazelnut Donut,2026-09-16T17:42:53Z,2026-09-16T17:42:53Z
9357653000064,Pappardelle,2026-09-16T17:42:53Z,2026-09-16T17:42:53Z
9357653000101,400 Gradi Margherita Pizza,2026-09-16T17:42:53Z,2026-09-16T17:42:53Z
9357653000125,400 Gradi Diavola Pizza 430 g,2026-09-16T17:42:53Z,2026-09-16T17:42:53Z
9357653000163,Beef meatballs & sauce,2026-09-16T17:42:53Z,2026-09-16T17:42:53Z
9357653000170,400 Gradi Romana (Ham & Cheese) Pizza,2026-09-16T17:42:53Z,2026-09-16T17:42:53Z
9357653000279,400 Grade Vegetable Lasagne,2026-09-16T17:42:53Z,2026-09-16T17:42:53Z
9357653000286,400 Grade Spinach & Ricotta Cannelloni,2026-09-16T17:42:53Z,2026-09-16T17:42:53Z
9357653000415,400 Gradi Brownie,2026-09-16T17:42:53Z,2026-09-16T17:42:53Z
9357653000453,400 Gradi Garlic And Herb Focaccia,2026-09-16T17:42:53Z,2026-09-16T17:42:53Z
9357653001146,400 Gradi Ham & Pineapple Pizza,2026-09-16T17:42:53Z,2026-09-16T17:42:53Z
9357653001177,400 Grade Beef Lasagne,2026-09-16T17:42:53Z,2026-09-16T17:42:53Z
9357653001191,400 Gradi Eggplant Parmigiana,2026-09-16T17:42:53Z,2026-09-16T17:42:53Z
9357653001207,400 Gradi Spinach & Ricotta Cannelloni,2026-09-16T17:42:53Z,2026-09-16T17:42:53Z
9357653001313,400 Gradi Garlic Bread,2026-09-16T17:42:53Z,2026-09-16T17:42:53Z
9357653001405,Fuel Foodz Protein Pizza Double Pepperoni,2026-09-16T17:42:53Z,2026-09-16T17:42:53Z
9357653001412,Fuel Foodz Buffalo Chicken Pizza,2026-09-16T17:42:53Z,2026-09-16T17:42:53Z
9357653001481,Meat Lovers pizza,2026-09-16T17:42:53Z,2026-09-16T17:42:53Z
9357667050031,The Paw Grocer Freeze Dried Salmon Belly Dog Treats 90g 90 g,2026-09-16T17:42:53Z,2026-09-16T17:42:53Z
9357668000028,Potato utopia Potato Gratin 400 g,2026-09-16T17:42:53Z,2026-09-16T17:42:53Z
9357668000059,Potato utopia Crispy french fries 600 g,2026-09-16T17:42:53Z,2026-09-16T17:42:53Z
9357668000080,Rustic Fries 600 g,2026-09-16T17:42:53Z,2026-09-16T17:42:53Z
9357668000134,potato utopia 500 g,2026-09-16T17:42:53Z,2026-09-16T17:42:53Z
9357668000158,Potato Utopia Crispy Hash Browns,2026-09-16T17:42:53Z,2026-09-16T17:42:53Z
9357668000196,Potato crunchy,2026-09-16T17:42:53Z,2026-09-16T17:42:53Z
9357668000264,Potato Utopia Beer Batter Flavoured Fries,2026-09-16T17:42:53Z,2026-09-16T17:42:53Z
9357668000271,Potato Utopia Chips,2026-09-16T17:42:53Z,2026-09-16T17:42:53Z
9357668000332,Potato Utopia Rosemary & Sea Salt Fries,2026-09-16T17:42:53Z,2026-09-16T17:42:53Z
9357668000363,Potato Utopia Steakhouse Fries,2026-09-16T17:42:53Z,2026-09-16T17:42:53Z
9357668000370,Potato Utopia Rustic Potato Fries,2026-09-16T17:42:53Z,2026-09-16T17:42:53Z
9357668000387,Potato Utopia Potato Gratin - Spinach and Ricotta,2026-09-16T17:42:53Z,2026-09-16T17:42:53Z
9357668000400,Potato Utopia Mashed Potato,2026-09-16T17:42:53Z,2026-09-16T17:42:53Z
9357668000424,Potato Utopia Duck Fat Roast Potatoes,2026-09-16T17:42:53Z,2026-09-16T17:42:53Z
9357668000455,Potato Utopia Potato Gratins Mozzarella & Hot Homey,2026-09-16T17:42:53Z,2026-09-16T17:42:53Z
9357674000074,Chocolate stout peanuts,2026-09-16T17:42:53Z,2026-09-16T17:42:53Z
9357679117289,Bonds Mens Total Package Trunk Assorted XL 1 Pack,2026-09-16T17:42:53Z,2026-09-16T17:42:53Z
9357679256452,Bonds Mens Sneaker Logo Lite 6+ 4 Pack,2026-09-16T17:42:53Z,2026-09-16T17:42:53Z
9357679276818,Bonds Girls Kids Bikini Size10/12 4 Pack,2026-09-16T17:42:53Z,2026-09-16T17:42:53Z
9357679276917,Bonds Girls Kids Bikini Size 14/16 4 Pack,2026-09-16T17:42:53Z,2026-09-16T17:42:53Z
9357679744515,Bonds Mens Logo Light No Show Size 6+ & 11+ 4 pack,2026-09-16T17:42:53Z,2026-09-16T17:42:53Z
9357690004452,Bonds Ladies Seamless Under Short Size 10-12 Assorted each,2026-09-16T17:42:53Z,2026-09-16T17:42:53Z
9357690004469,Bonds Ladies Seamless Under Short Size 12-14 Assorted each,2026-09-16T17:42:53Z,2026-09-16T17:42:53Z
9357690004476,Bonds Ladies Seamless Under Short Size 14-16 Assorted each,2026-09-16T17:42:53Z,2026-09-16T17:42:53Z
9357690004483,Bonds Ladies Seamless Under Short Size 16-18 Assorted each,2026-09-16T17:42:53Z,2026-09-16T17:42:53Z
9357690009501,Bonds Men's Hipster Briefs Medium 5 Pack,2026-09-16T17:42:53Z,2026-09-16T17:42:53Z
9357690014482,Bonds Ladies Lightweight Sneaker Socks Size 3-8 Assorted 4 pack,2026-09-16T17:42:53Z,2026-09-16T17:42:53Z
9357690014499,Bonds Ladies Lightweight Sneaker Socks Size 8-11 Assorted 4 pack,2026-09-16T17:42:53Z,2026-09-16T17:42:53Z
9357690014505,Bonds Kids Logo Crew Socks 13-3 3 Pack,2026-09-16T17:42:53Z,2026-09-16T17:42:53Z
9357691000149,Tuck Shop X Mat's Hot Shop Spicy Dill Pickle Burger Sauce,2026-09-16T17:42:53Z,2026-09-16T17:42:53Z
9357691000156,Mat’s Hot Shop Bajan Heatwave,2026-09-16T17:42:53Z,2026-09-16T17:42:53Z
9357691000224,Mat's Hot Shop Hot Wax Hot Sauce,2026-09-16T17:42:53Z,2026-09-16T17:42:53Z
9357693000109,Foodz Chicken Stir Fry,2026-09-16T17:42:53Z,2026-09-16T17:42:53Z
9357693000642,EFOODZ Chicken KATSUDON,2026-09-16T17:42:53Z,2026-09-16T17:42:53Z
9357697000099,Black sesame and cookies,2026-09-16T17:42:53Z,2026-09-16T17:42:53Z
9357706023217,Luvin Life Grassfed Collagen,2026-09-16T17:42:53Z,2026-09-16T17:42:53Z
9357713000027,Hokkien noodle,2026-09-16T17:42:53Z,2026-09-16T17:42:53Z
9357726000007,Vgood Smokin bbq chickpea twists,2026-09-16T17:42:53Z,2026-09-16T17:42:53Z
9357726000021,Chickpea twists 480 g,2026-09-16T17:42:53Z,2026-09-16T17:42:53Z
9357728000005,health guru Sea Salt Cauliflower Puffs,2026-09-16T17:42:53Z,2026-09-16T17:42:53Z
9357728000012,Health guru Cauliflower puffs,2026-09-16T17:42:53Z,2026-09-16T17:42:53Z
9357728000029,Health Guru Cauliflower Puffs Salt & Vinegar,2026-09-16T17:42:53Z,2026-09-16T17:42:53Z
9357728000043,Cauliflower puffs vegan cheddar,2026-09-16T17:42:53Z,2026-09-16T17:42:53Z
9357754094849,Blood orange & lemon myrtle fizzy water,2026-09-16T17:42:53Z,2026-09-16T17:42:53Z
9357754096690,Lemon Lime Fizzy Water,2026-09-16T17:42:53Z,2026-09-16T17:42:53Z
9357755356199,berry mints,2026-09-16T17:42:53Z,2026-09-16T17:42:53Z
9357755356212,Cotton on foundation mints,2026-09-16T17:42:53Z,2026-09-16T17:42:53Z
9357755581744,Peppermint mints,2026-09-16T17:42:53Z,2026-09-16T17:42:53Z
9357755581751,These are better then mints,2026-09-16T17:42:53Z,2026-09-16T17:42:53Z
9357800000367,Vita melon sparkling watermelon,2026-09-16T17:42:53Z,2026-09-16T17:42:53Z
9357800000398,Sparkling fruit juice,2026-09-16T17:42:53Z,2026-09-16T17:42:53Z
9357800000428,Sparkling watermelon peach,2026-09-16T17:42:53Z,2026-09-16T17:42:53Z
9357810000005,Fizz Lemon and ginger,2026-09-16T17:42:53Z,2026-09-16T17:42:53Z
9357810000364,HARD FIZZ EXTRA RASP,2026-09-16T17:42:53Z,2026-09-16T17:42:53Z
9357810000388,Hard fizz grape,2026-09-16T17:42:53Z,2026-09-16T17:42:53Z
9357810000395,HARD FIZZ EXTRA GRAPE 4330ML,2026-09-16T17:42:53Z,2026-09-16T17:42:53Z
9357810000753,Fizz Vodka Lemonade,2026-09-16T17:42:53Z,2026-09-16T17:42:53Z
9357810099900,Fizz Functional,2026-09-16T17:42:53Z,2026-09-16T17:42:53Z
9357818000304,LANE'S MAGIC DUST seasoning 124 g,2026-09-16T17:42:53Z,2026-09-16T17:42:53Z
9357818000311,Lanes Signature Rub,2026-09-16T17:42:53Z,2026-09-16T17:42:53Z
9357818000366,LANE'S Garlic² Rub/Seasoning,2026-09-16T17:42:53Z,2026-09-16T17:42:53Z
9357818000410,Lane’s BBQ Chilli Lime,2026-09-16T17:42:53Z,2026-09-16T17:42:53Z
9357818000427,LANE'S Island Dust,2026-09-16T17:42:53Z,2026-09-16T17:42:53Z
9357818000458,Lanes Steak Brisket Burger Prime Rub,2026-09-16T17:42:53Z,2026-09-16T17:42:53Z
9357818000489,Lane's Magic Dust Hot Rub/Seasoning,2026-09-16T17:42:53Z,2026-09-16T17:42:53Z
9357818000571,Lane's Magic Dust Rub / Seasoning 331 g,2026-09-16T17:42:53Z,2026-09-16T17:42:53Z
9357818000588,Lane's Signature Rub/Seasoning,2026-09-16T17:42:53Z,2026-09-16T17:42:53Z
9357818000595,LANE'S Brisket Rub/Seasoning,2026-09-16T17:42:53Z,2026-09-16T17:42:53Z
9357818000601,Lane's Ancho Espresso Seasoning,2026-09-16T17:42:53Z,2026-09-16T17:42:53Z
9357818000632,Lane’s Garlic2 10 oz,2026-09-16T17:42:53Z,2026-09-16T17:42:53Z
9357818000649,Lane's BBQ Pitmaster's Lemon Pepper,2026-09-16T17:42:53Z,2026-09-16T17:42:53Z
9357818000724,LANE'S PRIME STEAK · BRISKET · BURGERS RUB/SEASONING 323 g,2026-09-16T17:42:53Z,2026-09-16T17:42:53Z
9357818000779,Lanes SPG,2026-09-16T17:42:53Z,2026-09-16T17:42:53Z
9357818000885,Lanes Kinda Sweet Barbecue Sauce,2026-09-16T17:42:53Z,2026-09-16T17:42:53Z
9357818000908,Lane’s Sorta White,2026-09-16T17:42:53Z,2026-09-16T17:42:53Z
9357818000946,LANE'S ONE LEGGED CHICKEN BUFFALO SAUCE,2026-09-16T17:42:53Z,2026-09-16T17:42:53Z
9357818001110,Lanes Honey Bbq Seasoning,2026-09-16T17:42:53Z,2026-09-16T17:42:53Z
9357818001202,Lane's x Alpha Blokes Red Dirt,2026-09-16T17:42:53Z,2026-09-16T17:42:53Z
9357818001219,Alpha Blokes Daddy's Dust,2026-09-16T17:42:53Z,2026-09-16T17:42:53Z
9357818001226,Honey BBQ Seasoning Lanes BBQ AU 340 g,2026-09-16T17:42:53Z,2026-09-16T17:42:53Z
9357818001301,Alpha Blokes ABC Blend,2026-09-16T17:42:53Z,2026-09-16T17:42:53Z
9357818001523,Lane's x Alpha Blokes Tex Mex,2026-09-16T17:42:53Z,2026-09-16T17:42:53Z
9357818001530,LANES italian stallion,2026-09-16T17:42:53Z,2026-09-16T17:42:53Z
9357818001585,Lane's Cowboy Rub,2026-09-16T17:42:53Z,2026-09-16T17:42:53Z
9357818001837,Lane's BBQ Australia Kinda Smokey Barbecue Sauce,2026-09-16T17:42:53Z,2026-09-16T17:42:53Z
9357841000043,Beauty collagen brownie bite,2026-09-16T17:42:53Z,2026-09-16T17:42:53Z
9357841000111,Keto Collagen Brownie Bite Caramel Macchiato Bar,2026-09-16T17:42:53Z,2026-09-16T17:42:53Z
9357841000166,Keto collgen snack bar,2026-09-16T17:42:53Z,2026-09-16T17:42:53Z
9357841000173,Locako Keto collagen,2026-09-16T17:42:53Z,2026-09-16T17:42:53Z
9357841000357,Cookie Dough,2026-09-16T17:42:53Z,2026-09-16T17:42:53Z
9357841000388,MCT OIL and Collagen creamer,2026-09-16T17:42:53Z,2026-09-16T17:42:53Z
9357841000494,Protéines ball,2026-09-16T17:42:53Z,2026-09-16T17:42:53Z
9357841000531,protein brownie ball,2026-09-16T17:42:53Z,2026-09-16T17:42:53Z
9357841000593,Locako Keto collagen barre,2026-09-16T17:42:53Z,2026-09-16T17:42:53Z
9357841000609,Locako Keto Collagen,2026-09-16T17:42:53Z,2026-09-16T17:42:53Z
9357841000739,Plant based protein brownie Ball,2026-09-16T17:42:53Z,2026-09-16T17:42:53Z
9357841000883,Locako Collagen Creamer Decadent Chocolate,2026-09-16T17:42:53Z,2026-09-16T17:42:53Z
9357841000937,Locako Collagen Creamer Vanilla Toffee,2026-09-16T17:42:53Z,2026-09-16T17:42:53Z
9357841001255,Keto meal,2026-09-16T17:42:53Z,2026-09-16T17:42:53Z
9357841001415,Almond Butter Cookie Dough,2026-09-16T17:42:53Z,2026-09-16T17:42:53Z
9357866000110,AFL Milk Chocolate Footy Egg,2026-09-16T17:42:53Z,2026-09-16T17:42:53Z
9357866000547,Cadbury,2026-09-16T17:42:53Z,2026-09-16T17:42:53Z
9357866000691,Menz FruChocs Cream Filled Balls,2026-09-16T17:42:53Z,2026-09-16T17:42:53Z
9357866000721,Violet Crumble Honeycomb Cream,2026-09-16T17:42:53Z,2026-09-16T17:42:53Z
9357866000769,Yowie Afl,2026-09-16T17:42:53Z,2026-09-16T17:42:53Z
9357866000783,Violet Crumble Honeycomb Cream Bunny,2026-09-16T17:42:53Z,2026-09-16T17:42:53Z
9357866000967,Menz Polly Waffle Bunny,2026-09-16T17:42:53Z,2026-09-16T17:42:53Z
9357866001032,Violet Crumble Honeycomb Cream Bunny,2026-09-16T17:42:53Z,2026-09-16T17:42:53Z
9357866001223,Menz Violet Crumble Honeycomb Cream Santa,2026-09-16T17:42:53Z,2026-09-16T17:42:53Z
9357866001230,Metz Polly Waffle Santa,2026-09-16T17:42:53Z,2026-09-16T17:42:53Z
9357866001551,Sanrio Hello Kitty and Friends Strawberry Cream Milk Choc Eggs 100g,2026-09-16T17:42:53Z,2026-09-16T17:42:53Z
9357868000057,Mary Street Bakery High White Tin,2026-09-16T17:42:53Z,2026-09-16T17:42:53Z
9357868000149,Mary Street Sourdough Grain Cob,2026-09-16T17:42:53Z,2026-09-16T17:42:53Z
9357868000163,Mary Street Bakery Bap Bun,2026-09-16T17:42:53Z,2026-09-16T17:42:53Z
9357868000170,Mary Street Bakery Brioche Bun,2026-09-16T17:42:53Z,2026-09-16T17:42:53Z
9357874000447,Old Bones Chilli Co Sweet & Smokey Chilli Jam,2026-09-16T17:42:53Z,2026-09-16T17:42:53Z
9357892000047,Sydney Food Co. Lebanese rice And Chicken,2026-09-16T17:42:53Z,2026-09-16T17:42:53Z
9357892000108,Sydney Food Co Thai Massaman Beef Curry,2026-09-16T17:42:53Z,2026-09-16T17:42:53Z
9357913503014,Dante's Gourmet Arancini Bolognese,2026-09-16T17:42:53Z,2026-09-16T17:42:53Z
9357914000048,Rani Superior Authentic Potato Paratha,2026-09-16T17:42:53Z,2026-09-16T17:42:53Z
9357914000062,Onion Paratha,2026-09-16T17:42:53Z,2026-09-16T17:42:53Z
9357914000109,Cocktail samosas 24 pieces 216 g,2026-09-16T17:42:53Z,2026-09-16T17:42:53Z
9357914000178,Rani Tandoori Naan,2026-09-16T17:42:53Z,2026-09-16T17:42:53Z
9357914000277,Blueberry jam 450 g,2026-09-16T17:42:53Z,2026-09-16T17:42:53Z
9357914000284,Pineapple jam 450 g,2026-09-16T17:42:53Z,2026-09-16T17:42:53Z
9357914000659,Green Olives Pitted,2026-09-16T17:42:53Z,2026-09-16T17:42:53Z
9357914000932,Kulfi Malai,2026-09-16T17:42:53Z,2026-09-16T17:42:53Z
9357914001021,Rani Superior Lamb Biryani Bites,2026-09-16T17:42:53Z,2026-09-16T17:42:53Z
9357914001038,Creole Kats Battered Pickle Chips,2026-09-16T17:42:53Z,2026-09-16T17:42:53Z
9357914001076,Bella Terra Peach Halves,2026-09-16T17:42:53Z,2026-09-16T17:42:53Z
9357914001083,Bella CHOCOLATE CRISPY WAFER,2026-09-16T17:42:53Z,2026-09-16T17:42:53Z
9357914001137,Creole Katz Battered pickle Chips 300 g,2026-09-16T17:42:53Z,2026-09-16T17:42:53Z
9357914001182,Rain Vegetable Mono 2 kg,2026-09-16T17:42:53Z,2026-09-16T17:42:53Z
9357914001335,Amaise Salted Popcorn 80g,2026-09-16T17:42:53Z,2026-09-16T17:42:53Z
9357914001533,Tucker Fresh Selections Rock Salt Corn Chips,2026-09-16T17:42:53Z,2026-09-16T17:42:53Z
9357981000002,Jay's Desi Dahi,2026-09-16T17:42:53Z,2026-09-16T17:42:53Z
9357991000184,Pear ginger and lemon juice,2026-09-16T17:42:53Z,2026-09-16T17:42:53Z
9357991000504,Vibes,2026-09-16T17:42:53Z,2026-09-16T17:42:53Z
9357997000003,Almond milk,2026-09-16T17:42:53Z,2026-09-16T17:42:53Z
9358010000888,Sticky Addiction Buffalo Chicken Drumettes,2026-09-16T17:42:53Z,2026-09-16T17:42:53Z
9358044000069,Lute n' Easy Spagetti Bolognaise,2026-09-16T17:42:53Z,2026-09-16T17:42:53Z
9358044000083,Lite n’ Easy Savoury Beef Rissoles,2026-09-16T17:42:53Z,2026-09-16T17:42:53Z
9358044000090,Lite n' Easy Butter Chicken,2026-09-16T17:42:53Z,2026-09-16T17:42:53Z
9358044000106,Lite n' Easy Honey Soy Chicken,2026-09-16T17:42:53Z,2026-09-16T17:42:53Z
9358044000144,Chicken parmigiana,2026-09-16T17:42:53Z,2026-09-16T17:42:53Z
9358044000151,Taste press Chargrilled steak with mushroom sauce,2026-09-16T17:42:53Z,2026-09-16T17:42:53Z
9358044000175,Taste express Chicken schnitzel and gravy,2026-09-16T17:42:53Z,2026-09-16T17:42:53Z
9358044000182,Tastexpress by Lite n’ Easy Butter Chicken,2026-09-16T17:42:53Z,2026-09-16T17:42:53Z
9358044000199,Taste Express by Lite n'Easy Sticky BBQ meatballs (ready meal),2026-09-16T17:42:53Z,2026-09-16T17:42:53Z
9358044000212,Tastexpress Beef Stroganoff,2026-09-16T17:42:53Z,2026-09-16T17:42:53Z
9358044000236,Tastexpress By Lite N’ Easy Portuguese Chicken,2026-09-16T17:42:53Z,2026-09-16T17:42:53Z
9358044000281,Lite n’ Easy Beef stroganoff,2026-09-16T17:42:53Z,2026-09-16T17:42:53Z
9358052000051,Aussie natural Almonds,2026-09-16T17:42:53Z,2026-09-16T17:42:53Z
9358052000099,Power Mix,2026-09-16T17:42:53Z,2026-09-16T17:42:53Z
9358071000247,Supa shots 3s 30ml B-52,2026-09-16T17:42:53Z,2026-09-16T17:42:53Z
9358071003354,Sodaly Prebiotic soda,2026-09-16T17:42:53Z,2026-09-16T17:42:53Z
9358071083035,Crispy patato,2026-09-16T17:42:53Z,2026-09-16T17:42:53Z
9358097000528,Chef Good Satay Chicken,2026-09-16T17:42:53Z,2026-09-16T17:42:53Z
9358097000535,Satay Chicken,2026-09-16T17:42:53Z,2026-09-16T17:42:53Z
9358097000924,Chef Good Chicken Ceaser Wrap,2026-09-16T17:42:53Z,2026-09-16T17:42:53Z
9358097001112,Chef Good Pumpkin Ravioli,2026-09-16T17:42:53Z,2026-09-16T17:42:53Z
9358097001129,Pumpkin ravoy,2026-09-16T17:42:53Z,2026-09-16T17:42:53Z
9358097001938,Chief good Lasagne,2026-09-16T17:42:53Z,2026-09-16T17:42:53Z
9358097001945,nonna’s lasagne,2026-09-16T17:42:53Z,2026-09-16T17:42:53Z
9358097001952,Cambodian style beef,2026-09-16T17:42:53Z,2026-09-16T17:42:53Z
9358097001969,Cambodian style beef,2026-09-16T17:42:53Z,2026-09-16T17:42:53Z
9358097001983,Chefgood Lemongrass Chicken With Baby Broccoli & Coconut Rice,2026-09-16T17:42:53Z,2026-09-16T17:42:53Z
9358097002010,Chefgood Italian Meatballs With Tomato Penne And Parmesan,2026-09-16T17:42:53Z,2026-09-16T17:42:53Z
9358097002027,Chefgood Peri-peri Chicken With Sour Cream Potatoes And Sweet Corn,2026-09-16T17:42:53Z,2026-09-16T17:42:53Z
9358097002096,Vegetarian Shepherds Pie,2026-09-16T17:42:53Z,2026-09-16T17:42:53Z
9358097002119,Chef Good Chana Masala With Coconut-lime sauce & Basmati Rice,2026-09-16T17:42:53Z,2026-09-16T17:42:53Z
9358097002126,Chef Good Beef Stroganoff with Mushrooms & Linguine,2026-09-16T17:42:53Z,2026-09-16T17:42:53Z
9358097002157,Farmhouse Bacon And Egg Wrap By Chef Good,2026-09-16T17:42:53Z,2026-09-16T17:42:53Z
9358097002164,Chefgood Thai Green Chicken & Kaffir Lime Curry,2026-09-16T17:42:53Z,2026-09-16T17:42:53Z
9358097002171,Chef Good Crumbed Chicken Bites With Lemon Yoghurt And Sweet Potato Wedges,2026-09-16T17:42:53Z,2026-09-16T17:42:53Z
9358097002195,Chef Good Beef And Black Bean Stir Fry Noodles,2026-09-16T17:42:53Z,2026-09-16T17:42:53Z
9358097002263,CHEF GOOD BUTTER CHICKEN ALMOND & CRISPY ONION PILAF,2026-09-16T17:42:53Z,2026-09-16T17:42:53Z
9358097002362,Chef good Butter chicken,2026-09-16T17:42:53Z,2026-09-16T17:42:53Z
9358097002393,Chef Good Chicken Tandoori Wrap,2026-09-16T17:42:53Z,2026-09-16T17:42:53Z
9358097002645,Chef good Pesto chicken wrap,2026-09-16T17:42:53Z,2026-09-16T17:42:53Z
9358097002706,Ricotta gnocchi,2026-09-16T17:42:53Z,2026-09-16T17:42:53Z
9358097002713,"Ricotta, Spinach and Mushroom Lasagne",2026-09-16T17:42:53Z,2026-09-16T17:42:53Z
9358097002744,Satay Beef Green Beans,2026-09-16T17:42:53Z,2026-09-16T17:42:53Z
9358097002751,Satay beef,2026-09-16T17:42:53Z,2026-09-16T17:42:53Z
9358097002928,Chef Good Beetroot boost,2026-09-16T17:42:53Z,2026-09-16T17:42:53Z
9358097002980,Chef Good Chicken Vegetable And Supergrain Soup,2026-09-16T17:42:53Z,2026-09-16T17:42:53Z
9358097002997,Chef Good Mashed Potatoes,2026-09-16T17:42:53Z,2026-09-16T17:42:53Z
9358097003031,"Chef Good Chicken, Leek and Spinach Risotto",2026-09-16T17:42:53Z,2026-09-16T17:42:53Z
9358097003062,CHEF GOOD SPAGHETTI BOLOGNESE AGED PARMESAN,2026-09-16T17:42:53Z,2026-09-16T17:42:53Z
9358097003093,Chef Good Beef Shepherds Pie,2026-09-16T17:42:53Z,2026-09-16T17:42:53Z
9358097003109,Italian meatballs,2026-09-16T17:42:53Z,2026-09-16T17:42:53Z
9358097003116,Chef Good Italian Meatballs 315g,2026-09-16T17:42:53Z,2026-09-16T17:42:53Z
9358097003321,Chef Good Pumpkin Risotto Green Herbs & Feta,2026-09-16T17:42:53Z,2026-09-16T17:42:53Z
9358097003338,NONNAS LASANGE,2026-09-16T17:42:53Z,2026-09-16T17:42:53Z
9358097003352,Chef Good Mango And Turmeric Shake,2026-09-16T17:42:53Z,2026-09-16T17:42:53Z
9358097003376,Chef Good Original Orange,2026-09-16T17:42:53Z,2026-09-16T17:42:53Z
9358097003383,Chef Good Sticky Date Pudding,2026-09-16T17:42:53Z,2026-09-16T17:42:53Z
9358097003475,Chef Good Chocolate and chia pudding,2026-09-16T17:42:53Z,2026-09-16T17:42:53Z
9358097003482,Chefgood Chocolate & Date Brownie,2026-09-16T17:42:53Z,2026-09-16T17:42:53Z
9358097003499,Chef Good Peanut bubble Crunch,2026-09-16T17:42:53Z,2026-09-16T17:42:53Z
9358097003734,Chef Good Chicken Enchilada Bake,2026-09-16T17:42:53Z,2026-09-16T17:42:53Z
9358097003741,Chef Good Chicken Enchilada Bake,2026-09-16T17:42:53Z,2026-09-16T17:42:53Z
9358097003758,"CHEF GOOD BRAISED LAMB SAAG, CUMIN RICE",2026-09-16T17:42:53Z,2026-09-16T17:42:53Z
9358097003765,Chefgood Braised Lamb Saag With Cumin Rice,2026-09-16T17:42:53Z,2026-09-16T17:42:53Z
9358097003772,Chef Good Braised Eggplant & Tomato,2026-09-16T17:42:53Z,2026-09-16T17:42:53Z
9358097003796,Chicken massaman curry - Chef Good,2026-09-16T17:42:53Z,2026-09-16T17:42:53Z
9358097003826,Chef Good Gnocci pesto,2026-09-16T17:42:53Z,2026-09-16T17:42:53Z
9358097003901,Chef Good Thai Meatballs Red Curry Vegetables,2026-09-16T17:42:53Z,2026-09-16T17:42:53Z
9358097003918,Chef Good Salted Caramel Protein Ball,2026-09-16T17:42:53Z,2026-09-16T17:42:53Z
9358097003925,Chef Good Chocolate & Berry Wholefood Bar,2026-09-16T17:42:53Z,2026-09-16T17:42:53Z
9358097003949,Chef Good Thai Green Vegetable and Chicken Curry,2026-09-16T17:42:53Z,2026-09-16T17:42:53Z
9358097003987,Chef Good Peanut butter Protein Ball,2026-09-16T17:42:53Z,2026-09-16T17:42:53Z
9358097004014,Chefgood Beef & Vegetable Ravioli,2026-09-16T17:42:53Z,2026-09-16T17:42:53Z
9358097004021,Chefgood Beef & vegetable ravioli,2026-09-16T17:42:53Z,2026-09-16T17:42:53Z
9358097004038,Chef Good Tofu Satay Chinese Broccoli & Rice,2026-09-16T17:42:53Z,2026-09-16T17:42:53Z
9358097004069,Chef Good Apple Cinnamon Honey Porridge,2026-09-16T17:42:53Z,2026-09-16T17:42:53Z
9358097004083,Chef Good Farmhouse Bacon & Egg Wrap,2026-09-16T17:42:53Z,2026-09-16T17:42:53Z
9358097004090,ChefGood Pulled Chicken Quesadilla,2026-09-16T17:42:53Z,2026-09-16T17:42:53Z
9358097004106,Chef Good Pulled Chicken Quesadilla,2026-09-16T17:42:53Z,2026-09-16T17:42:53Z
9358097004113,Rich chicken ragu - Chef Good,2026-09-16T17:42:53Z,2026-09-16T17:42:53Z
9358097004151,CHEFGOOD Naked Chicken Fajita,2026-09-16T17:42:53Z,2026-09-16T17:42:53Z
9358097004182,Chefgood Berry Yogurt Flaxseed Shake,2026-09-16T17:42:53Z,2026-09-16T17:42:53Z
9358097004199,Chef Good Prawn Linguine Creamy Tomato & Basil Sauce,2026-09-16T17:42:53Z,2026-09-16T17:42:53Z
9358097004205,Chef Good Spinach & Egg Breakfast Wrap,2026-09-16T17:42:53Z,2026-09-16T17:42:53Z
9358097004236,Chef Good Pesto Crusted Salmon Green Beans Parmesan,2026-09-16T17:42:53Z,2026-09-16T17:42:53Z
9358097004243,Chef good Tandoori chicken,2026-09-16T17:42:53Z,2026-09-16T17:42:53Z
9358097004250,"Chef good Tandoori chicken & dhal, yoghurt sauce",2026-09-16T17:42:53Z,2026-09-16T17:42:53Z
9358097004267,Chef Good Braised Beef Steak,2026-09-16T17:42:53Z,2026-09-16T17:42:53Z
9358097004298,Chef Good Tex Mex Chicken Rice,2026-09-16T17:42:53Z,2026-09-16T17:42:53Z
9358097004304,Chef Good Tex-Mex Chicken & Rice,2026-09-16T17:42:53Z,2026-09-16T17:42:53Z
9358097004311,Hearty beef casserole - Chef Good,2026-09-16T17:42:53Z,2026-09-16T17:42:53Z
9358097004328,Chef Good Hearty Beef Casserole,2026-09-16T17:42:53Z,2026-09-16T17:42:53Z
9358097004342,Chef Ggod Chicken Katsu Curry,2026-09-16T17:42:53Z,2026-09-16T17:42:53Z
9358097004403,Chef Good Creamy Chicken Korma,2026-09-16T17:42:53Z,2026-09-16T17:42:53Z
9358097004410,Chef Good Creamy chicken korma,2026-09-16T17:42:53Z,2026-09-16T17:42:53Z
9358097004427,Good Chef Butternut Squash Gnocchi,2026-09-16T17:42:53Z,2026-09-16T17:42:53Z
9358097004458,ChefGood Beef Massaman,2026-09-16T17:42:53Z,2026-09-16T17:42:53Z
9358097004465,Chef Good Beef massaman,2026-09-16T17:42:53Z,2026-09-16T17:42:53Z
9358097004472,Chef Good Chicken Ramen,2026-09-16T17:42:53Z,2026-09-16T17:42:53Z
9358097004489,Chef Good Lemon and Herb Chickrn,2026-09-16T17:42:53Z,2026-09-16T17:42:53Z
9358097004496,Chef Good Green Chicken Curry,2026-09-16T17:42:53Z,2026-09-16T17:42:53Z
9358097004502,Chef good Green chicken curry,2026-09-16T17:42:53Z,2026-09-16T17:42:53Z
9358097004595,Chefgood Chicken Shiitake Meatballs,2026-09-16T17:42:53Z,2026-09-16T17:42:53Z
9358097004601,"CHEF'S GOOD CHICKEN PARMIGIANA, ROASTED POTATOES & BASIL",2026-09-16T17:42:53Z,2026-09-16T17:42:53Z
9358097004618,Chef Good Prawn Hokkien Noodld Stir Fry,2026-09-16T17:42:53Z,2026-09-16T17:42:53Z
9358097004625,Chef good Prawn hokkien noodles,2026-09-16T17:42:53Z,2026-09-16T17:42:53Z
9358097004823,Cheft Good Chicken & shitake MeatBalls,2026-09-16T17:42:53Z,2026-09-16T17:42:53Z
9358097004854,Chef Good Greek Meatballs Lemon & Parsley Orzo,2026-09-16T17:42:53Z,2026-09-16T17:42:53Z
9358097004878,"Chefgood South Indian Prawn Curry, Coconut Rice",2026-09-16T17:42:53Z,2026-09-16T17:42:53Z
9358097004892,Chef good Chicken & sweetcorn miso noodle,2026-09-16T17:42:53Z,2026-09-16T17:42:53Z
9358097004915,"Chef Good Fusilli, Pesto Sauce",2026-09-16T17:42:53Z,2026-09-16T17:42:53Z
9358097004939,"Chef Good Fusilli, Pesto Sauce Chicken & Parmesan",2026-09-16T17:42:53Z,2026-09-16T17:42:53Z
9358097004953,ChefGood Mild Chicken And Vegetable Coconut Curry,2026-09-16T17:42:53Z,2026-09-16T17:42:53Z
9358097004984,Chef Good Ricotta & Spinach Tortellini,2026-09-16T17:42:53Z,2026-09-16T17:42:53Z
9358097005004,Chefgood Beef Massaman,2026-09-16T17:42:53Z,2026-09-16T17:42:53Z
9358097005028,Chef Good Braised Beef Steak,2026-09-16T17:42:53Z,2026-09-16T17:42:53Z
9358097005042,ChefGood Beef & Black Bean Noodle,2026-09-16T17:42:53Z,2026-09-16T17:42:53Z
9358097005158,Chefgood Moroccan Chicken,2026-09-16T17:42:53Z,2026-09-16T17:42:53Z
9358097005226,Chefgood Butter,2026-09-16T17:42:53Z,2026-09-16T17:42:53Z
9358097005233,Chef Good Feta And Green Vegetable Frittata,2026-09-16T17:42:53Z,2026-09-16T17:42:53Z
9358097005240,Chefgood Marinated Grilled Chicken Vegetable Pulao,2026-09-16T17:42:53Z,2026-09-16T17:42:53Z
9358097005264,Chefgood Lemongrass Chicken,2026-09-16T17:42:53Z,2026-09-16T17:42:53Z
9358097005271,Chef Good Labanese Style Chicken,2026-09-16T17:42:53Z,2026-09-16T17:42:53Z
9358097005295,CHEF'S GOOD CHICKEN CASARECCE CREAMY TOMATO SAUCE,2026-09-16T17:42:53Z,2026-09-16T17:42:53Z
9358097005325,Chef Good Rustic Braised Lamb,2026-09-16T17:42:53Z,2026-09-16T17:42:53Z
9358097005332,Chef Good BBQ-Seasoned chicken Thigh,2026-09-16T17:42:53Z,2026-09-16T17:42:53Z
9358097005349,CHEF GOOD CREAMY CHICKEN FETTUCCINE ALFREDO,2026-09-16T17:42:53Z,2026-09-16T17:42:53Z
9358097005356,CHEF GOOD LEMON PEPPER SALMON GARLIC BUTTER GREENS & CLASSIC POTATO MASH,2026-09-16T17:42:53Z,2026-09-16T17:42:53Z
9358097005363,"Chefgood Kashmiri Lamb Rogan Josh, Honey Glazed Carrots And Basmati Rice",2026-09-16T17:42:53Z,2026-09-16T17:42:53Z
9358097005417,Chefgood Creamy Chicken satay,2026-09-16T17:42:53Z,2026-09-16T17:42:53Z
9358097005431,Chefgood Chicken Leek Spinach Risotto,2026-09-16T17:42:53Z,2026-09-16T17:42:53Z
9358097005448,Chefgood French Mustard Chicken,2026-09-16T17:42:53Z,2026-09-16T17:42:53Z
9358097005455,Chef Good Smoky Chilli Con Carne,2026-09-16T17:42:53Z,2026-09-16T17:42:53Z
9358099001134,Milky goodness Cookies For Mum,2026-09-16T17:42:53Z,2026-09-16T17:42:53Z
9358103000009,Salad sprinkle 150 g,2026-09-16T17:42:53Z,2026-09-16T17:42:53Z
9358122000004,Crispy rice rolls 100 g,2026-09-16T17:42:53Z,2026-09-16T17:42:53Z
9358122000028,Coconut rice rolls 100 g,2026-09-16T17:42:53Z,2026-09-16T17:42:53Z
9358131000798,Sundae Whipped Shower Foam Strawberry & Cream 265mL 265 mL,2026-09-16T17:42:53Z,2026-09-16T17:42:53Z
9358131000811,Sundae Whipped Shower Foam Birthday Cake 265mL 265 mL,2026-09-16T17:42:53Z,2026-09-16T17:42:53Z
9358136000038,Quinoa Milq Chocolate,2026-09-16T17:42:53Z,2026-09-16T17:42:53Z
9358141600704,K-Roo Kangaroo Burger Pattie,2026-09-16T17:42:53Z,2026-09-16T17:42:53Z
9358145000012,Mild pork,2026-09-16T17:42:53Z,2026-09-16T17:42:53Z
9358145000081,Backa Beer Sticks,2026-09-16T17:42:53Z,2026-09-16T17:42:53Z
9358145000128,Backa Australia Mild Chorizo,2026-09-16T17:42:53Z,2026-09-16T17:42:53Z
9358145000487,Chorizo,2026-09-16T17:42:53Z,2026-09-16T17:42:53Z
9358145000494,Backa Hot Chorizo,2026-09-16T17:42:53Z,2026-09-16T17:42:53Z
9358153000011,Farmo Pizza Base,2026-09-16T17:42:53Z,2026-09-16T17:42:53Z
9358153000165,Farro Pizza Salami,2026-09-16T17:42:53Z,2026-09-16T17:42:53Z
9358153000172,Farro Organo Veggie Pizza,2026-09-16T17:42:53Z,2026-09-16T17:42:53Z
9358153000196,Farro Organico Capricciosa Sourdough Pizza,2026-09-16T17:42:53Z,2026-09-16T17:42:53Z
9358153000202,Farro Organico Garlic Focaccia,2026-09-16T17:42:53Z,2026-09-16T17:42:53Z
9358153000219,Farro Pizza,2026-09-16T17:42:53Z,2026-09-16T17:42:53Z
9358155000033,T2 Peach Amore Iced Tea,2026-09-16T17:42:53Z,2026-09-16T17:42:53Z
9358155000057,T2 Watermelon Fiesta Iced Tea,2026-09-16T17:42:53Z,2026-09-16T17:42:53Z
9358155000101,Lipton Low Joule Peach Flavoured Ice Tea Drink 1.5l,2026-09-16T17:42:53Z,2026-09-16T17:42:53Z
9358155000118,Lipton PEACH FLAVOUR ICE TEA 500 ml,2026-09-16T17:42:53Z,2026-09-16T17:42:53Z
9358155000125,Lemon Flavour Ice Tea No Sugar 1.5 L,2026-09-16T17:42:53Z,2026-09-16T17:42:53Z
9358155000132,No Sugar Lemon,2026-09-16T17:42:53Z,2026-09-16T17:42:53Z
9358155000149,Lipton Passionfruit Ice tea 500 ml,2026-09-16T17:42:53Z,2026-09-16T17:42:53Z
9358155000156,Lipton Ice tea,2026-09-16T17:42:53Z,2026-09-16T17:42:53Z
9358155000163,T2 drink,2026-09-16T17:42:53Z,2026-09-16T17:42:53Z
9358155000170,T2 Peach Amore,2026-09-16T17:42:53Z,2026-09-16T17:42:53Z
9358155000187,T2 Lemon Coco Breeze,2026-09-16T17:42:53Z,2026-09-16T17:42:53Z
9358155000200,T2 watermelon fiesta 240 ml,2026-09-16T17:42:53Z,2026-09-16T17:42:53Z
9358155000217,T2 Watermelon Fiesta,2026-09-16T17:42:53Z,2026-09-16T17:42:53Z
9358155000224,T2 Very Berry Blossom,2026-09-16T17:42:53Z,2026-09-16T17:42:53Z
9358155000248,Lipton Lemon No Sugar Iced Tea,2026-09-16T17:42:53Z,2026-09-16T17:42:53Z
9358155000262,Lipton Peach Flavour Ice Tea 240 ml,2026-09-16T17:42:53Z,2026-09-16T17:42:53Z
9358155000286,Lipton Strawberry Green Tea,2026-09-16T17:42:53Z,2026-09-16T17:42:53Z
9358155000293,Lipton Strawberry Green Tea,2026-09-16T17:42:53Z,2026-09-16T17:42:53Z
9358177100087,Belvita,2026-09-16T17:42:53Z,2026-09-16T17:42:53Z
9358178000010,Vegan Life Edam Cheese Plant Based 200 g,2026-09-16T17:42:53Z,2026-09-16T17:42:53Z
9358178000058,Vegan Life Mozarella Cheese,2026-09-16T17:42:53Z,2026-09-16T17:42:53Z
9358178000416,Vegan Life Vegan Cream for Baking,2026-09-16T17:42:53Z,2026-09-16T17:42:53Z
9358188000451,Perfectly Wild South Australian Southern Bluefin Tuna,2026-09-16T17:42:53Z,2026-09-16T17:42:53Z
9358198000106,Organic greens superpowder+,2026-09-16T17:42:53Z,2026-09-16T17:42:53Z
9358204914564,Pasta Mare Vermicelles,2026-09-16T17:42:53Z,2026-09-16T17:42:53Z
9358235000021,Pie Society Meatless cottage 580 grams 2 pies,2026-09-16T17:42:53Z,2026-09-16T17:42:53Z
9358235000038,Pie Society Chunky Meatless Steak,2026-09-16T17:42:53Z,2026-09-16T17:42:53Z
9358235000045,Meatless Classic Aussie,2026-09-16T17:42:53Z,2026-09-16T17:42:53Z
9358235000069,Pie Society Artisinal Slow Cooked Greek Lam with Lemon & Fetta Mash 340g,2026-09-16T17:42:53Z,2026-09-16T17:42:53Z
9358235000076,Pie Society Artisinal Slow Cooked Steak & Stout with Musy Peays 340g,2026-09-16T17:42:53Z,2026-09-16T17:42:53Z
9358235000083,Authentic Thai Red Curry with vegetables,2026-09-16T17:42:53Z,2026-09-16T17:42:53Z
9358235000120,Pie Society Sausage rolls,2026-09-16T17:42:53Z,2026-09-16T17:42:53Z
9358235000137,Pie Society Plant-Based Party Pack 960 grams 18 pieces,2026-09-16T17:42:53Z,2026-09-16T17:42:53Z
9358235000168,Pie Society Cheese & Onion Party Pasties,2026-09-16T17:42:53Z,2026-09-16T17:42:53Z
9358243000068,Soulara Organic Kombucha Berry Smash,2026-09-16T17:42:53Z,2026-09-16T17:42:53Z
9358243000129,Soulara Supercharged satay,2026-09-16T17:42:53Z,2026-09-16T17:42:53Z
9358243000266,Soulara The Sunkissed Protein pesto,2026-09-16T17:42:53Z,2026-09-16T17:42:53Z
9358243000310,Mushroom korma & mash,2026-09-16T17:42:53Z,2026-09-16T17:42:53Z
9358243000495,Soulara Mushroom Bourguignon & Garlic Mash,2026-09-16T17:42:53Z,2026-09-16T17:42:53Z
9358243000518,Soulara,2026-09-16T17:42:53Z,2026-09-16T17:42:53Z
9358243000877,Soulara Joyous jackfruit curry,2026-09-16T17:42:53Z,2026-09-16T17:42:53Z
9358243001843,Soulara Mindful Moussaka,2026-09-16T17:42:53Z,2026-09-16T17:42:53Z
9358243002086,Soulara Salt and pepper tofu with korean noodles,2026-09-16T17:42:53Z,2026-09-16T17:42:53Z
9358243002130,Macroa Fettuccine with garlic chilli prawns,2026-09-16T17:42:53Z,2026-09-16T17:42:53Z
9358243002147,Macros Shredded Mexican Chicken Bowl,2026-09-16T17:42:53Z,2026-09-16T17:42:53Z
9358243002154,Macros Low Sugar Portuguese Chicken & Paprika Potatoes,2026-09-16T17:42:53Z,2026-09-16T17:42:53Z
9358243002161,Macros Massaman beef curry,2026-09-16T17:42:53Z,2026-09-16T17:42:53Z
9358243002178,Macros Pasta And Meatbalks,2026-09-16T17:42:53Z,2026-09-16T17:42:53Z
9358243002185,Macros Chicken Pesto Pasta,2026-09-16T17:42:53Z,2026-09-16T17:42:53Z
9358243002222,Lean & Green 100% cold pressed juice,2026-09-16T17:42:53Z,2026-09-16T17:42:53Z
9358243002260,Soulara Spaghetti Veganese,2026-09-16T17:42:53Z,2026-09-16T17:42:53Z
9358243002369,Soulara Roots Unearthed Red Curry Regular,2026-09-16T17:42:53Z,2026-09-16T17:42:53Z
9358243002376,Soulara Roots Unearthed Red Curry,2026-09-16T17:42:53Z,2026-09-16T17:42:53Z
9358243002383,Soulara Sashana Masala,2026-09-16T17:42:53Z,2026-09-16T17:42:53Z
9358243002482,Soulara Chilli sin carne 350g pack,2026-09-16T17:42:53Z,2026-09-16T17:42:53Z
9358243002529,Soulara The Sunkissed Protein Pesto,2026-09-16T17:42:53Z,2026-09-16T17:42:53Z
9358243002543,Soulara The sunkissed plant power inside protein pesto,2026-09-16T17:42:53Z,2026-09-16T17:42:53Z
9358243002628,Soulara Balinese Mie Goreng,2026-09-16T17:42:53Z,2026-09-16T17:42:53Z
9358243002635,Soulara Balinese Mie Goreng,2026-09-16T17:42:53Z,2026-09-16T17:42:53Z
9358243002659,Soulara Dreamy Fettuccine Alfredo,2026-09-16T17:42:53Z,2026-09-16T17:42:53Z
9358243002666,Soulara Dreamy Fettuccine Large,2026-09-16T17:42:53Z,2026-09-16T17:42:53Z
9358243002727,Soulara Mediterranean Pesto With Harvest Meatballs Large,2026-09-16T17:42:53Z,2026-09-16T17:42:53Z
9358243002741,Soulara Mama’s Maafe,2026-09-16T17:42:53Z,2026-09-16T17:42:53Z
9358243002789,Soulara Bbq Black Bean Casserole,2026-09-16T17:42:53Z,2026-09-16T17:42:53Z
9358243002963,Soulara Virgin Puttanesca,2026-09-16T17:42:53Z,2026-09-16T17:42:53Z
9358243003021,Soulara Potato’s,2026-09-16T17:42:53Z,2026-09-16T17:42:53Z
9358243003038,Soulara Patatas Bravas With Spanish Saffron Rice Large,2026-09-16T17:42:53Z,2026-09-16T17:42:53Z
9358243003144,Soulara Supercharged Satay,2026-09-16T17:42:53Z,2026-09-16T17:42:53Z
9358243003151,Soulara Supercharged Satay,2026-09-16T17:42:53Z,2026-09-16T17:42:53Z
9358243003175,Soulara AFRICAN PEANUT STEW,2026-09-16T17:42:53Z,2026-09-16T17:42:53Z
9358243003182,Soulara Thai-Style Tofu,2026-09-16T17:42:53Z,2026-09-16T17:42:53Z
9358243003199,Soulara THIA TOFU,2026-09-16T17:42:53Z,2026-09-16T17:42:53Z
9358243003205,Macros Spaghetti Bolognaise,2026-09-16T17:42:53Z,2026-09-16T17:42:53Z
9358243003212,Macros Shredded Chicken & Mushroom Korma,2026-09-16T17:42:53Z,2026-09-16T17:42:53Z
9358243003236,Macros Buffalo Chicken & Mac,2026-09-16T17:42:53Z,2026-09-16T17:42:53Z
9358243003243,Macro Chicken potato and beans,2026-09-16T17:42:53Z,2026-09-16T17:42:53Z
9358243003281,Field and forest mushroom,2026-09-16T17:42:53Z,2026-09-16T17:42:53Z
9358243003298,Soulara Lasagna Is A Feeling,2026-09-16T17:42:53Z,2026-09-16T17:42:53Z
9358243003380,Macros Pulp Fusion,2026-09-16T17:42:53Z,2026-09-16T17:42:53Z
9358243003427,Macros Classic Chicken Satay,2026-09-16T17:42:53Z,2026-09-16T17:42:53Z
9358243003434,Macros Lamb & Rosemary Shepherds Pie,2026-09-16T17:42:53Z,2026-09-16T17:42:53Z
9358243003458,Macros Nonna’s Special Meatballs,2026-09-16T17:42:53Z,2026-09-16T17:42:53Z
9358243003465,Soulara Saffron Rice W Spiced Veg And Raita,2026-09-16T17:42:53Z,2026-09-16T17:42:53Z
9358243003502,Macros Penang Beef Curry,2026-09-16T17:42:53Z,2026-09-16T17:42:53Z
9358243003663,Macros The Lasagne,2026-09-16T17:42:53Z,2026-09-16T17:42:53Z
9358243003670,Soulara Dreamy Fettuccini Alfredo,2026-09-16T17:42:53Z,2026-09-16T17:42:53Z
9358243003724,Soulara Shepherd’s Pie with Kale,2026-09-16T17:42:53Z,2026-09-16T17:42:53Z
9358243003809,Macros small the vego Shepard's pie - Macros,2026-09-16T17:42:53Z,2026-09-16T17:42:53Z
9358243003847,Macros Chicken paella w roast globe artichokes,2026-09-16T17:42:53Z,2026-09-16T17:42:53Z
9358243003885,Macros Sausage Pasta Bake,2026-09-16T17:42:53Z,2026-09-16T17:42:53Z
9358243004042,Macros Java chicken with coconut rice,2026-09-16T17:42:53Z,2026-09-16T17:42:53Z
9358243004059,Macros Java Chicken With Coconut Rice,2026-09-16T17:42:53Z,2026-09-16T17:42:53Z
9358243004066,MACROS Java Chicken w Coconut Rice,2026-09-16T17:42:53Z,2026-09-16T17:42:53Z
9358243004240,Soulara Lasagna Is a Feeling,2026-09-16T17:42:53Z,2026-09-16T17:42:53Z
9358243004301,Macros Chicken Pesto Pasta,2026-09-16T17:42:53Z,2026-09-16T17:42:53Z
9358243004318,Macros Spaghetti Bolognese,2026-09-16T17:42:53Z,2026-09-16T17:42:53Z
9358243004325,Macros Spaghetti Bolognese,2026-09-16T17:42:53Z,2026-09-16T17:42:53Z
9358243004356,Macros Mossman Beef Curry,2026-09-16T17:42:53Z,2026-09-16T17:42:53Z
9358243004363,Macros Large Massaman Beef Curry,2026-09-16T17:42:53Z,2026-09-16T17:42:53Z
9358243004387,Macros Large Chicken Pesto Pasta,2026-09-16T17:42:53Z,2026-09-16T17:42:53Z
9358243004516,Macros Tom Kha Tofu,2026-09-16T17:42:53Z,2026-09-16T17:42:53Z
9358243004530,Macros Protein Pesto,2026-09-16T17:42:53Z,2026-09-16T17:42:53Z
9358243004547,Macros Protein-Packed Pesto,2026-09-16T17:42:53Z,2026-09-16T17:42:53Z
9358243004561,Macros Japanese Miso Salmon small - Macros,2026-09-16T17:42:53Z,2026-09-16T17:42:53Z
9358243004578,Macros Japanese Miso Salmon,2026-09-16T17:42:53Z,2026-09-16T17:42:53Z
9358243004585,Macros Japanese Miso Salmon,2026-09-16T17:42:53Z,2026-09-16T17:42:53Z
9358243004608,Macros Portuguese Chicken & Paprika Potatoes,2026-09-16T17:42:53Z,2026-09-16T17:42:53Z
9358243004615,Macros Portuguese Chicken And Paprika Potatoes,2026-09-16T17:42:53Z,2026-09-16T17:42:53Z
9358243004646,Macros Shredded Mexican Chicken Bowl,2026-09-16T17:42:53Z,2026-09-16T17:42:53Z
9358243004677,Macros Nonna's Special Meatballs,2026-09-16T17:42:53Z,2026-09-16T17:42:53Z
9358243004684,Macros Nonnas special meatballs - Macro - Macro - Macro - Macro - Macro - Macro - Macro - Macro,2026-09-16T17:42:53Z,2026-09-16T17:42:53Z
9358243004707,Macros Fettuccine with garlic chilli prawns,2026-09-16T17:42:53Z,2026-09-16T17:42:53Z
9358243004721,MACROS Fettuccine with Garlic Chilli Prawns,2026-09-16T17:42:53Z,2026-09-16T17:42:53Z
9358243004745,Macros Tender beef brisket with peppercorn sauce,2026-09-16T17:42:53Z,2026-09-16T17:42:53Z
9358243004752,Macros Tender Beef Brisket With Peppercorn Sauce,2026-09-16T17:42:53Z,2026-09-16T17:42:53Z
9358243004769,Macros Tender Beef Brisket With Peppercorn Sauce,2026-09-16T17:42:53Z,2026-09-16T17:42:53Z
9358243004783,Macros Tasty teriyaki fish with udon,2026-09-16T17:42:53Z,2026-09-16T17:42:53Z
9358243004820,Macros Fragrant chicken biryani,2026-09-16T17:42:53Z,2026-09-16T17:42:53Z
9358243004868,Macros Lamb Shepard's Pie,2026-09-16T17:42:53Z,2026-09-16T17:42:53Z
9358243004875,Macros Large Lamb & Roasemary Shepard Pie,2026-09-16T17:42:53Z,2026-09-16T17:42:53Z
9358243004899,Macros Classic chicken satay,2026-09-16T17:42:53Z,2026-09-16T17:42:53Z
9358243004905,Macros Large Classic Chicken Satay,2026-09-16T17:42:53Z,2026-09-16T17:42:53Z
9358243004929,Naked beef fajitas - Macros,2026-09-16T17:42:53Z,2026-09-16T17:42:53Z
9358243004936,Macros Beef Fajitas & Mexi Rice,2026-09-16T17:42:53Z,2026-09-16T17:42:53Z
9358243004998,Macros Curry,2026-09-16T17:42:53Z,2026-09-16T17:42:53Z
9358243005070,Macros Cauliflower & chickpea masala,2026-09-16T17:42:53Z,2026-09-16T17:42:53Z
9358243005117,Macros Hoisin Noodle Stir fry,2026-09-16T17:42:53Z,2026-09-16T17:42:53Z
9358243005155,Macros Beef Rogan Josh,2026-09-16T17:42:53Z,2026-09-16T17:42:53Z
9358243005193,Macros Romesco chicken tomato & pumpkin risotto,2026-09-16T17:42:53Z,2026-09-16T17:42:53Z
9358243005230,Macros Shredded Chicken and Mushroom Korma,2026-09-16T17:42:53Z,2026-09-16T17:42:53Z
9358243005308,Macros Butter chicken & turmeric potatoes,2026-09-16T17:42:53Z,2026-09-16T17:42:53Z
9358243005346,Macros Buffalo Chicken & Mac,2026-09-16T17:42:53Z,2026-09-16T17:42:53Z
9358243005353,Macros Gains - Buffalo Chicken & Mac,2026-09-16T17:42:53Z,2026-09-16T17:42:53Z
9358243005414,Macros Chicken tenders with spuds & smoky mayonnaise,2026-09-16T17:42:53Z,2026-09-16T17:42:53Z
9358243005421,MACROS Chicken Tenders w Spuds & Smoky Mayo,2026-09-16T17:42:53Z,2026-09-16T17:42:53Z
9358243005568,Macros Ginger and shallot basa with noodles,2026-09-16T17:42:53Z,2026-09-16T17:42:53Z
9358243005629,Macros Chicken Scallopini W Mushrooms,2026-09-16T17:42:53Z,2026-09-16T17:42:53Z
9358243005636,Macros Chicken Scallopini With Mushrooms,2026-09-16T17:42:53Z,2026-09-16T17:42:53Z
9358243005667,Macros The Lasagne,2026-09-16T17:42:53Z,2026-09-16T17:42:53Z
9358243005674,Macros The Lasagne,2026-09-16T17:42:53Z,2026-09-16T17:42:53Z
9358243005698,Macros Green curry prawns with noodles,2026-09-16T17:42:53Z,2026-09-16T17:42:53Z
9358243005872,Macros African Peanut Stew W Chicken,2026-09-16T17:42:53Z,2026-09-16T17:42:53Z
9358243005889,Macros African Peanut Stew With Chicken,2026-09-16T17:42:53Z,2026-09-16T17:42:53Z
9358243005896,Macros African Peanut Stew W Chicken,2026-09-16T17:42:53Z,2026-09-16T17:42:53Z
9358243006015,Soulara Vegos Mongolian BEEF,2026-09-16T17:42:53Z,2026-09-16T17:42:53Z
9358243006022,Soulara Vego's Monogolian Beef Large,2026-09-16T17:42:53Z,2026-09-16T17:42:53Z
9358243006053,Soulara Eggplant Caponata W Ravioli,2026-09-16T17:42:53Z,2026-09-16T17:42:53Z
9358243006060,Soulara Eggplant Caponata w Ravioli,2026-09-16T17:42:53Z,2026-09-16T17:42:53Z
9358243006077,Soulara Vegan Burrito Bowl,2026-09-16T17:42:53Z,2026-09-16T17:42:53Z
9358243006084,Soulara Vegan Burrito Bowl,2026-09-16T17:42:53Z,2026-09-16T17:42:53Z
9358243006145,Macros Thai Yellow Chicken Curry W Quinoa,2026-09-16T17:42:53Z,2026-09-16T17:42:53Z
9358243006152,Macros Thai Yellow Chicken Curry With Quinoa,2026-09-16T17:42:53Z,2026-09-16T17:42:53Z
9358243006176,Macros Beef bourgignon w polenta,2026-09-16T17:42:53Z,2026-09-16T17:42:53Z
9358243006206,Soulara Plant Based Protein Bar,2026-09-16T17:42:53Z,2026-09-16T17:42:53Z
9358243006237,MACROS Mixed Nut Blend Protein Bar,2026-09-16T17:42:53Z,2026-09-16T17:42:53Z
9358243006268,Macros Butter chicken and rice,2026-09-16T17:42:53Z,2026-09-16T17:42:53Z
9358243006275,Macros Butter Chicken $ Rice,2026-09-16T17:42:53Z,2026-09-16T17:42:53Z
9358243006282,Macros Butter Chicken & Rice,2026-09-16T17:42:53Z,2026-09-16T17:42:53Z
9358243006329,Soulara Paella,2026-09-16T17:42:53Z,2026-09-16T17:42:53Z
9358243006336,Soulara Vegan Chicken Paella,2026-09-16T17:42:53Z,2026-09-16T17:42:53Z
9358243006404,Soulara Superfood Glow Bowl With Asian Dressing,2026-09-16T17:42:53Z,2026-09-16T17:42:53Z
9358243006435,Soulara Sweet & Sour Tofu,2026-09-16T17:42:53Z,2026-09-16T17:42:53Z
9358243006466,Macros Baked Korean Chilli Chicken,2026-09-16T17:42:53Z,2026-09-16T17:42:53Z
9358243006473,Macros Baked Korean Chilli Chicken,2026-09-16T17:42:53Z,2026-09-16T17:42:53Z
9358243006480,Macros Baked Korean Chilli Chicken,2026-09-16T17:42:53Z,2026-09-16T17:42:53Z
9358243006503,Macros Creole Dish With Pineapple Rice,2026-09-16T17:42:53Z,2026-09-16T17:42:53Z
9358243006527,Macros Jerk Chicken & Coconut,2026-09-16T17:42:53Z,2026-09-16T17:42:53Z
9358243006541,Macros Small Beef and Mushroom Stroganoff with Fettucini - Macros,2026-09-16T17:42:53Z,2026-09-16T17:42:53Z
9358243006558,Macros Beef & Mushroom Stroganoff X Fettuccine,2026-09-16T17:42:53Z,2026-09-16T17:42:53Z
9358243006565,Macros Large Beef & Mushroom Stroganoff With Fettuccine,2026-09-16T17:42:53Z,2026-09-16T17:42:53Z
9358243006589,Macros Sweet & Sour Chicken,2026-09-16T17:42:53Z,2026-09-16T17:42:53Z
9358243006619,Macros Gain - Jerk Chicken & Coconut,2026-09-16T17:42:53Z,2026-09-16T17:42:53Z
9358243006664,Macros Mexican Chicken Tinga,2026-09-16T17:42:53Z,2026-09-16T17:42:53Z
9358243006671,Macros Mexican Chicken Tinga,2026-09-16T17:42:53Z,2026-09-16T17:42:53Z
9358243006688,Macros Beef Chilli W Rosted Potatoes,2026-09-16T17:42:53Z,2026-09-16T17:42:53Z
9358243006695,Macroa Beef Chili W Roasted Potatoes,2026-09-16T17:42:53Z,2026-09-16T17:42:53Z
9358243006718,Macros Pad Thai w Mince Chicken,2026-09-16T17:42:53Z,2026-09-16T17:42:53Z
9358243006725,Macros Pad Thai With Minced Chicken,2026-09-16T17:42:53Z,2026-09-16T17:42:53Z
9358243006732,Macros Pad Thai W Minced Chicken,2026-09-16T17:42:53Z,2026-09-16T17:42:53Z
9358243006817,Soulara Tarragon Mushroom & Leek Risotto,2026-09-16T17:42:53Z,2026-09-16T17:42:53Z
9358243006831,Soulara Corn & Butter Bean Chowder Regular,2026-09-16T17:42:53Z,2026-09-16T17:42:53Z
9358243006862,Macros Java Chicken With Coconut Rice,2026-09-16T17:42:53Z,2026-09-16T17:42:53Z
9358243007029,Soulara Angry tofu rice bowl,2026-09-16T17:42:53Z,2026-09-16T17:42:53Z
9358243007043,Soulara Teriyaki protein bowl,2026-09-16T17:42:53Z,2026-09-16T17:42:53Z
9358243007067,Soulara Spinach & Tofu Curry,2026-09-16T17:42:53Z,2026-09-16T17:42:53Z
9358243007074,Soulara Greek Style Pasta Bake,2026-09-16T17:42:53Z,2026-09-16T17:42:53Z
9358243007081,Macros Barramundi w Salsa Verde,2026-09-16T17:42:53Z,2026-09-16T17:42:53Z
9358243007098,Macros Barramundi W Salsa Verde,2026-09-16T17:42:53Z,2026-09-16T17:42:53Z
9358243007104,Macros Swedish Meatball,2026-09-16T17:42:53Z,2026-09-16T17:42:53Z
9358243007111,Macros Swedish Meatballs,2026-09-16T17:42:53Z,2026-09-16T17:42:53Z
9358243007142,Macros Penang Beef Curry,2026-09-16T17:42:53Z,2026-09-16T17:42:53Z
9358243007159,Macros Penang Beef Curry,2026-09-16T17:42:53Z,2026-09-16T17:42:53Z
9358243007166,Soulara Hong Kong-Style Fried Rice,2026-09-16T17:42:53Z,2026-09-16T17:42:53Z
9358243007180,Macros Mushroom Fettuccine,2026-09-16T17:42:53Z,2026-09-16T17:42:53Z
9358243007197,Macros Leek And Mushroom Risotto,2026-09-16T17:42:53Z,2026-09-16T17:42:53Z
9358243007203,Macros Teriyaki Rice Bowl,2026-09-16T17:42:53Z,2026-09-16T17:42:53Z
9358243007227,Soulara Terrific teriyaki bowl,2026-09-16T17:42:53Z,2026-09-16T17:42:53Z
9358243007241,Soulara Ooh Spicy Noodles,2026-09-16T17:42:53Z,2026-09-16T17:42:53Z
9358243007258,Macros Lebanese Lamb Kofta,2026-09-16T17:42:53Z,2026-09-16T17:42:53Z
9358243007265,MACROS Pulled Lamb W Red Wine,2026-09-16T17:42:53Z,2026-09-16T17:42:53Z
9358243007272,Macros Spanish Style Baked Fish,2026-09-16T17:42:53Z,2026-09-16T17:42:53Z
9358243007289,Macros Beef w Peppercorn Sauce,2026-09-16T17:42:53Z,2026-09-16T17:42:53Z
9358243007296,Macros Ginger Soy Chicken W Caulk Rice,2026-09-16T17:42:53Z,2026-09-16T17:42:53Z
9358243007319,Soulara Shakshuka with Mushroom & Tofu,2026-09-16T17:42:53Z,2026-09-16T17:42:53Z
9358243007500,Soulara Terrific Teriyaki Bowl,2026-09-16T17:42:53Z,2026-09-16T17:42:53Z
9358243007524,Soulara Greek-Style Pasta Bake,2026-09-16T17:42:53Z,2026-09-16T17:42:53Z
9358243007531,Soulara Banging Bangers & Mash,2026-09-16T17:42:53Z,2026-09-16T17:42:53Z
9358243007562,MACROS Black Pepper Beef w Noodles,2026-09-16T17:42:53Z,2026-09-16T17:42:53Z
9358243007593,Macros Creamy Rustic Chicken With Mash,2026-09-16T17:42:53Z,2026-09-16T17:42:53Z
9358243007609,Macros Sweet And Smoky Bbq Pork,2026-09-16T17:42:53Z,2026-09-16T17:42:53Z
9358243007616,Macros Thai Basil Chicken Stir Fry,2026-09-16T17:42:53Z,2026-09-16T17:42:53Z
9358243007623,MACROS Classic Spaghetti bologneze,2026-09-16T17:42:53Z,2026-09-16T17:42:53Z
9358243007630,MACROS Classic Spaghetti Bolognese,2026-09-16T17:42:53Z,2026-09-16T17:42:53Z
9358243007647,Macros Classic Spaghetti Bolognese,2026-09-16T17:42:53Z,2026-09-16T17:42:53Z
9358243007661,Beef Lasagne Macro,2026-09-16T17:42:53Z,2026-09-16T17:42:53Z
9358243007678,Macros Beef Lasagne,2026-09-16T17:42:53Z,2026-09-16T17:42:53Z
9358243007692,Butter Chicken Macros,2026-09-16T17:42:53Z,2026-09-16T17:42:53Z
9358243007708,Macros Butter Chicken,2026-09-16T17:42:53Z,2026-09-16T17:42:53Z
9358243007715,Macros Pulled Beef Brisket,2026-09-16T17:42:53Z,2026-09-16T17:42:53Z
9358243007722,Macros Pulled Beef Brisket,2026-09-16T17:42:53Z,2026-09-16T17:42:53Z
9358243007739,Macros Pulled Beef Brisket,2026-09-16T17:42:53Z,2026-09-16T17:42:53Z
9358243007746,Macros Beef & Mushroom Stroganoff,2026-09-16T17:42:53Z,2026-09-16T17:42:53Z
9358243007753,MACROS Beef & Mushroom Stroganoff,2026-09-16T17:42:53Z,2026-09-16T17:42:53Z
9358243007760,Macros Beef & Mushroom Stroganoff,2026-09-16T17:42:53Z,2026-09-16T17:42:53Z
9358243007777,MACROS Buffalo Chicken Max And Cheese,2026-09-16T17:42:53Z,2026-09-16T17:42:53Z
9358243007784,MACROS Buffalo Chicken Mac & Cheese,2026-09-16T17:42:53Z,2026-09-16T17:42:53Z
9358243007791,Macros Buffalo Chicken Mac & Cheese,2026-09-16T17:42:53Z,2026-09-16T17:42:53Z
9358243007814,MACROS Italian Meatballs,2026-09-16T17:42:53Z,2026-09-16T17:42:53Z
9358243007838,soulara Seasonal Veggie Bake,2026-09-16T17:42:53Z,2026-09-16T17:42:53Z
9358243007869,Soulara Truffle Bliss Spinach Fettuccine,2026-09-16T17:42:53Z,2026-09-16T17:42:53Z
9358243007913,Spicy Italian Rigatoni Macros,2026-09-16T17:42:53Z,2026-09-16T17:42:53Z
9358243007920,Macros Pumkin Herb Penne,2026-09-16T17:42:53Z,2026-09-16T17:42:53Z
9358243007944,Macros Chicken Yaki Udon,2026-09-16T17:42:53Z,2026-09-16T17:42:53Z
9358243007951,Macros Mexican Pork Carnitas,2026-09-16T17:42:53Z,2026-09-16T17:42:53Z
9358243007968,Macros Chicken Shawarma Bowl Medium Size,2026-09-16T17:42:53Z,2026-09-16T17:42:53Z
9358243007975,Macros Butter Chicken Biryani,2026-09-16T17:42:53Z,2026-09-16T17:42:53Z
9358243008019,Macros Chicken Tikka Masala With Basmati Rice,2026-09-16T17:42:53Z,2026-09-16T17:42:53Z
9358243008026,Macros Butter Chicken Biryani,2026-09-16T17:42:53Z,2026-09-16T17:42:53Z
9358243008057,Macros Chicken Tikka Masala With Saffron Rice,2026-09-16T17:42:53Z,2026-09-16T17:42:53Z
9358243008064,Macros Chicken Tills Masala w/ Rice,2026-09-16T17:42:53Z,2026-09-16T17:42:53Z
9358266000007,Beef lasagna,2026-09-16T17:42:53Z,2026-09-16T17:42:53Z
9358266000045,Be Fit Food Italian Beef Meatballs 289g Pack,2026-09-16T17:42:53Z,2026-09-16T17:42:53Z
9358266000205,be fitfood Mexican Stovetop Penne,2026-09-16T17:42:53Z,2026-09-16T17:42:53Z
9358266000526,Be fit food Minty Choc Protein Ball,2026-09-16T17:42:53Z,2026-09-16T17:42:53Z
9358266000601,Be fit food Chilli and ginger fish,2026-09-16T17:42:53Z,2026-09-16T17:42:53Z
9358266000625,Be Fit Food Cottage Pie With Cauliflower Mash,2026-09-16T17:42:53Z,2026-09-16T17:42:53Z
9358266000649,Be fit bolognaise,2026-09-16T17:42:53Z,2026-09-16T17:42:53Z
9358266000694,be fitfood Vegetable & Chickpea Frittata,2026-09-16T17:42:53Z,2026-09-16T17:42:53Z
9358266000847,"Be fitfood Country chicken, pea and ham soup",2026-09-16T17:42:53Z,2026-09-16T17:42:53Z
9358266001691,be fitfood Naked Burrito Bowl,2026-09-16T17:42:53Z,2026-09-16T17:42:53Z
9358278000002,MagZorb Magnesium Glycinate 100 caps,2026-09-16T17:42:53Z,2026-09-16T17:42:53Z
9358305000005,Smoke Haus Beef Brisket,2026-09-16T17:42:53Z,2026-09-16T17:42:53Z
9358305000067,Darling Fresh Smoke Haus Pulled Chicken 560 g,2026-09-16T17:42:53Z,2026-09-16T17:42:53Z
9358305000128,Smoke Haus Pulled Pork,2026-09-16T17:42:53Z,2026-09-16T17:42:53Z
9358305000135,Smoke Haus Pulled Chicken 280 g,2026-09-16T17:42:53Z,2026-09-16T17:42:53Z
9358305000203,Smoke Haus Tomato Sauce,2026-09-16T17:42:53Z,2026-09-16T17:42:53Z
9358312004867,Mr. Umami Shroom Burgers 250g,2026-09-16T17:42:53Z,2026-09-16T17:42:53Z
9358327000038,House Of Goodness Chicken Meatballs,2026-09-16T17:42:53Z,2026-09-16T17:42:53Z
9358327000045,"House Of Goodness Grass-fed Beef, Lemongrass & Ginger Meatballs",2026-09-16T17:42:53Z,2026-09-16T17:42:53Z
9358347000391,Meat at Billy’s BBQ Brisket burger,2026-09-16T17:42:53Z,2026-09-16T17:42:53Z
9358370065671,Bonne maman Pâte à tartiner,2026-09-16T17:42:53Z,2026-09-16T17:42:53Z
9358372000274,Unique Bakery Chunky Beef Pie,2026-09-16T17:42:53Z,2026-09-16T17:42:53Z
9358372000410,Unique Homestyle Foods Pepper Beef Pie,2026-09-16T17:42:53Z,2026-09-16T17:42:53Z
9358372000939,Iced apricot slice - Unique Bakery,2026-09-16T17:42:53Z,2026-09-16T17:42:53Z
9358372001233,Unique Homestyle Foods Chocolate Donut,2026-09-16T17:42:53Z,2026-09-16T17:42:53Z
9358372001264,Unique Bakery Cinnamon Donut,2026-09-16T17:42:53Z,2026-09-16T17:42:53Z
9358372002834,Drakes Ham & Cheese Danish Scroll,2026-09-16T17:42:53Z,2026-09-16T17:42:53Z
9358372004173,Drakes Cookies Triple Choc Chunky 20pk,2026-09-16T17:42:53Z,2026-09-16T17:42:53Z
9358382000141,Long Rays Premium Australian Soda,2026-09-16T17:42:53Z,2026-09-16T17:42:53Z
9358383000041,Redbank Sunday Morning Prosecco 750mL 750 mL,2026-09-16T17:42:53Z,2026-09-16T17:42:53Z
9358432000299,Paradox Prosecco 750ml,2026-09-16T17:42:53Z,2026-09-16T17:42:53Z
9358432000985,Ginger Resistance Hard Ginger Beer Cinnamon & Lime,2026-09-16T17:42:53Z,2026-09-16T17:42:53Z
9358432001043,GIN O CLOCK,2026-09-16T17:42:53Z,2026-09-16T17:42:53Z
9358432010205,Zythos Brewing Tropical Haze,2026-09-16T17:42:53Z,2026-09-16T17:42:53Z
9358432010311,Ginger Resistance Ginger Beer,2026-09-16T17:42:53Z,2026-09-16T17:42:53Z
9358432010816,Steersman Blonde 330 ml,2026-09-16T17:42:53Z,2026-09-16T17:42:53Z
9358432011127,John Boston Golden Ale 330 mL,2026-09-16T17:42:53Z,2026-09-16T17:42:53Z
9358432011547,Scape Goat Apple Cider 330ml,2026-09-16T17:42:53Z,2026-09-16T17:42:53Z
9358432011578,Scape Goat Lower Sugar Apple Cider,2026-09-16T17:42:53Z,2026-09-16T17:42:53Z
9358432013626,Krondorf Riesling 750ml,2026-09-16T17:42:53Z,2026-09-16T17:42:53Z
9358432018652,In Top Company Shiraz 2L,2026-09-16T17:42:53Z,2026-09-16T17:42:53Z
9358432019253,SOUTH ISLAND white mist Marlborough Sauvignon Blanc,2026-09-16T17:42:53Z,2026-09-16T17:42:53Z
9358432021966,Golden Oak Australian Tawny 2L,2026-09-16T17:42:53Z,2026-09-16T17:42:53Z
9358432023809,Zero Alcohol Lager,2026-09-16T17:42:53Z,2026-09-16T17:42:53Z
9358432023960,Hey Days XPA Beer Zero Alcohol,2026-09-16T17:42:53Z,2026-09-16T17:42:53Z
9358432023977,Fruity beer,2026-09-16T17:42:53Z,2026-09-16T17:42:53Z
9358432023991,Mosey fruit beer,2026-09-16T17:42:53Z,2026-09-16T17:42:53Z
9358432025155,Langhorn Creek Shiraz,2026-09-16T17:42:53Z,2026-09-16T17:42:53Z
9358432025353,Kings fortune shiraz,2026-09-16T17:42:53Z,2026-09-16T17:42:53Z
9358432033440,DOC. SENSIBLES ZERO ALCOHOL GIN,2026-09-16T17:42:53Z,2026-09-16T17:42:53Z
9358432033648,Monsuta Okinawa Dry Premium Draft Beer,2026-09-16T17:42:53Z,2026-09-16T17:42:53Z
9358432037172,Monsuta Alcoholic Mango 350ml,2026-09-16T17:42:53Z,2026-09-16T17:42:53Z
9358432047607,South Island Marlborough Zero Alcohol,2026-09-16T17:42:53Z,2026-09-16T17:42:53Z
9358432056265,Aqua Peak,2026-09-16T17:42:53Z,2026-09-16T17:42:53Z
9358432060309,King Maui Sauvignon Blanc,2026-09-16T17:42:53Z,2026-09-16T17:42:53Z
9358432063966,Chroma Lab Strawberry Flavoured Liqueur 700 ml,2026-09-16T17:42:53Z,2026-09-16T17:42:53Z
9358432064017,Chroma Lab Blue Curaçao 700ml,2026-09-16T17:42:53Z,2026-09-16T17:42:53Z
9358432087863,"Minute Whisky, Citrus & Soda",2026-09-16T17:42:53Z,2026-09-16T17:42:53Z
9358432087894,Scape Goat Lower Sugar Apple Cider 330ml,2026-09-16T17:42:53Z,2026-09-16T17:42:53Z
9358432089799,Scape Goat Low Sugar Cider 6 x 375 ml,2026-09-16T17:42:53Z,2026-09-16T17:42:53Z
9358437000447,WOIDSMAN Body Wash 1 L,2026-09-16T17:42:53Z,2026-09-16T17:42:53Z
9358437000621,Woodsman Skincare Burnt Rose Body Wash 1L 1 L,2026-09-16T17:42:53Z,2026-09-16T17:42:53Z
9358452000194,Rosé,2026-09-16T17:42:53Z,2026-09-16T17:42:53Z
9358469000019,Fudge Affairs Vanilla Fudge,2026-09-16T17:42:53Z,2026-09-16T17:42:53Z
9358469000224,Fudge Affairs Scottish Tablet,2026-09-16T17:42:53Z,2026-09-16T17:42:53Z
9358482000485,Snaxx Keto Brownie With Ingredients,2026-09-16T17:42:53Z,2026-09-16T17:42:53Z
9358482000775,Snaxx Keto donut,2026-09-16T17:42:53Z,2026-09-16T17:42:53Z
9358490000576,what the fresh Beef Hokiem Noodle,2026-09-16T17:42:53Z,2026-09-16T17:42:53Z
9358500000039,Thrive Kids Multi-Shake,2026-09-16T17:42:53Z,2026-09-16T17:42:53Z
9358500000275,Kissed Earth Hot Chocolate,2026-09-16T17:42:53Z,2026-09-16T17:42:53Z
9358500001982,Sculpt meal replacement shake chocolate,2026-09-16T17:42:53Z,2026-09-16T17:42:53Z
9358500001999,Kissed Eartg Vanilla Sculpt Meal Replacement,2026-09-16T17:42:53Z,2026-09-16T17:42:53Z
9358501000007,Lello Spaghetti Artisan,2026-09-16T17:42:53Z,2026-09-16T17:42:53Z
9358501000014,Lello Bolognese Base SUGO,2026-09-16T17:42:53Z,2026-09-16T17:42:53Z
9358519000037,Beef lasagna,2026-09-16T17:42:53Z,2026-09-16T17:42:53Z
9358520000002,Tuna chunks in olive oil,2026-09-16T17:42:53Z,2026-09-16T17:42:53Z
9358525000229,Aniseed Honey,2026-09-16T17:42:53Z,2026-09-16T17:42:53Z
9358533000648,Cloud Theory Peanut Butter Chocolate,2026-09-16T17:42:53Z,2026-09-16T17:42:53Z
9358550000034,Street BBQ Balinese Satay Spice-seasoning-rub,2026-09-16T17:42:53Z,2026-09-16T17:42:53Z
9358550000188,Wings Of Fury Buffalo Chicken Seasoning,2026-09-16T17:42:53Z,2026-09-16T17:42:53Z
9358550000195,Wings Of Fury Sriracha Chicken Seasoning,2026-09-16T17:42:53Z,2026-09-16T17:42:53Z
9358550000201,Wings Of Fury Mango Habanero Chicken Seasoning,2026-09-16T17:42:53Z,2026-09-16T17:42:53Z
9358550000218,Wings Of Fury Asain Lime Chicken Seasoning,2026-09-16T17:42:53Z,2026-09-16T17:42:53Z
9358550000225,Wings Of Fury Honey Pepper Chicken Seasoning,2026-09-16T17:42:53Z,2026-09-16T17:42:53Z
9358552068780,Mondo Bacon - Free Range,2026-09-16T17:42:53Z,2026-09-16T17:42:53Z
9358552068797,Mondo Organic Beef Bacon,2026-09-16T17:42:53Z,2026-09-16T17:42:53Z
9358552068803,MONDO Free Range Ham Nitrate Free,2026-09-16T17:42:53Z,2026-09-16T17:42:53Z
9358553100014,Ingham's Chicken breast tenders gluten free 400g,2026-09-16T17:42:53Z,2026-09-16T17:42:53Z
9358553100021,Ingham's Chicken Breast Gluten Free,2026-09-16T17:42:53Z,2026-09-16T17:42:53Z
9358553100045,Ingham's Turkey nuggets,2026-09-16T17:42:53Z,2026-09-16T17:42:53Z
9358553100069,Ingham’s Sweet Chilli Chicken Tenders,2026-09-16T17:42:53Z,2026-09-16T17:42:53Z
9358553100182,Super Crunch Bonless Chicken Breast Pieces,2026-09-16T17:42:53Z,2026-09-16T17:42:53Z
9358553100199,Primo Turkey breast Portion,2026-09-16T17:42:53Z,2026-09-16T17:42:53Z
9358553100205,Turkey breast roast apple cranberry,2026-09-16T17:42:53Z,2026-09-16T17:42:53Z
9358553100229,bbq chicken,2026-09-16T17:42:53Z,2026-09-16T17:42:53Z
9358553100236,Frozen Chicken Potato Cake,2026-09-16T17:42:53Z,2026-09-16T17:42:53Z
9358553100267,Sous Vide Chicken Breast,2026-09-16T17:42:53Z,2026-09-16T17:42:53Z
9358553100311,Classic turkey breast oven roasted,2026-09-16T17:42:53Z,2026-09-16T17:42:53Z
9358553100373,Turkey' tenders,2026-09-16T17:42:53Z,2026-09-16T17:42:53Z
9358553100380,Air fried chicken nuggets,2026-09-16T17:42:53Z,2026-09-16T17:42:53Z
9358553100397,Inghams Airmazing Chicken Tenders,2026-09-16T17:42:53Z,2026-09-16T17:42:53Z
9358553100427,Ingham's Chicken breast nuggets tempura,2026-09-16T17:42:53Z,2026-09-16T17:42:53Z
9358553100434,Ingham's Chicken Breadt Nuggetd,2026-09-16T17:42:53Z,2026-09-16T17:42:53Z
9358553100441,INGHAM'S CRUMBED CHICKEN TENDERS ORIGINAL 1kg,2026-09-16T17:42:53Z,2026-09-16T17:42:53Z
9358553100458,Ingham's Sweet Chilli Chicken Tenders,2026-09-16T17:42:53Z,2026-09-16T17:42:53Z
9358553100465,Ingham’s Crumbed chicken chipees,2026-09-16T17:42:53Z,2026-09-16T17:42:53Z
9358553100472,Chicken munchies orginal,2026-09-16T17:42:53Z,2026-09-16T17:42:53Z
9358553100489,Turkey Nuggets,2026-09-16T17:42:53Z,2026-09-16T17:42:53Z
9358553100526,Devil Chicken Tenders,2026-09-16T17:42:53Z,2026-09-16T17:42:53Z
9358553100571,Inghams Chicken Tenders - Sweet Chilli,2026-09-16T17:42:53Z,2026-09-16T17:42:53Z
9358553100588,Inghams Buttermilk Chicken Tenders,2026-09-16T17:42:53Z,2026-09-16T17:42:53Z
9358553100595,Inghams Spicy Buttermilk Chicken Tenders,2026-09-16T17:42:53Z,2026-09-16T17:42:53Z
9358553100601,Ingham Buttermilk Chicken Burgers,2026-09-16T17:42:53Z,2026-09-16T17:42:53Z
9358553100618,Ingham Spicy Buttermilk Chicken Burger,2026-09-16T17:42:53Z,2026-09-16T17:42:53Z
9358553100663,Ingham's Sweet Chilli Chicken Tenders,2026-09-16T17:42:53Z,2026-09-16T17:42:53Z
9358553100687,Ingham's Chicken Nuggets Original,2026-09-16T17:42:53Z,2026-09-16T17:42:53Z
9358553100694,Ingham's Dino Chicken Nuggets🐔,2026-09-16T17:42:53Z,2026-09-16T17:42:53Z
9358553100700,Inghams Chicken Breast Nuggets - Tempura,2026-09-16T17:42:53Z,2026-09-16T17:42:53Z
9358553100731,Inghams Buttermilk Chicken Breast Burger,2026-09-16T17:42:53Z,2026-09-16T17:42:53Z
9358553100762,Ingham Hot Honey Wing Dings,2026-09-16T17:42:53Z,2026-09-16T17:42:53Z
9358553100779,Ingham's Smokey Chipotle Wing Dings,2026-09-16T17:42:53Z,2026-09-16T17:42:53Z
9358553100809,Ingham's Mega Magic Chicken Nuggets,2026-09-16T17:42:53Z,2026-09-16T17:42:53Z
9358553100816,Ingham's Hot Honey Chkn Snax,2026-09-16T17:42:53Z,2026-09-16T17:42:53Z
9358553100823,Ingram’s Smoke Chipotle Chkn Snaxx,2026-09-16T17:42:53Z,2026-09-16T17:42:53Z
9358553100830,inghams blazin hot chkn snax,2026-09-16T17:42:53Z,2026-09-16T17:42:53Z
9358553100847,Ingham's Spicy Boneless Chicken Drumstick Pieces,2026-09-16T17:42:53Z,2026-09-16T17:42:53Z
9358553100854,Inghams Pub Classic Chicken Breast Schnitzel,2026-09-16T17:42:53Z,2026-09-16T17:42:53Z
9358553100861,Ingham Korean Boneless Chicken,2026-09-16T17:42:53Z,2026-09-16T17:42:53Z
9358553100878,Ingham’s Hot Honey Boneless Chicken Drumstick Pieces,2026-09-16T17:42:53Z,2026-09-16T17:42:53Z
9358553100892,Ingham's The Tasty Turkey Herb & Onion Rissoles,2026-09-16T17:42:53Z,2026-09-16T17:42:53Z
9358553100922,Ingham's Chicken Breast Nuggets Cheesy,2026-09-16T17:42:53Z,2026-09-16T17:42:53Z
9358563000007,Murray River Smokehouse Free Range Leg Ham Double Smoked,2026-09-16T17:42:53Z,2026-09-16T17:42:53Z
9358563000014,Murray River Smoked Bacon,2026-09-16T17:42:53Z,2026-09-16T17:42:53Z
9358563000021,Murray River Smokehouse Smoked Turkey,2026-09-16T17:42:53Z,2026-09-16T17:42:53Z
9358563000120,Weatherstone BACON,2026-09-16T17:42:53Z,2026-09-16T17:42:53Z
9358563000236,Murray River Smokehouse High Country Leg Ham Triple Smoked Free Range,2026-09-16T17:42:53Z,2026-09-16T17:42:53Z
9358563000281,Murray River Smokehouse Smoked Chicken Breast,2026-09-16T17:42:53Z,2026-09-16T17:42:53Z
9358563000335,Murray River Smokehouse Free Range Turkey Bacon,2026-09-16T17:42:53Z,2026-09-16T17:42:53Z
9358583333963,Prince,2026-09-16T17:42:53Z,2026-09-16T17:42:53Z
9358631694343,Sauce tomate cuisinée aux petits légumes,2026-09-16T17:42:53Z,2026-09-16T17:42:53Z
9358648022405,Gym Bros Pure WPI Whey Protein Chocolate Malt,2026-09-16T17:42:53Z,2026-09-16T17:42:53Z
9358648022412,Gymbros PURE WPI - Vanilla Honeycomb 1 kg,2026-09-16T17:42:53Z,2026-09-16T17:42:53Z
9358662000038,Liz & Betty Mini Pies Wagyu Beef & Red Wine,2026-09-16T17:42:53Z,2026-09-16T17:42:53Z
9358662000090,Liz & Betty Mini Pies Lamb & Rosemary,2026-09-16T17:42:53Z,2026-09-16T17:42:53Z
9358662000106,Liz & Betty Gourmet Pork & Fennel Sausage Rolls,2026-09-16T17:42:53Z,2026-09-16T17:42:53Z
9358662000120,"Liz & Betty Savoury Muffins (Bacon, Cheddar, Chives)",2026-09-16T17:42:53Z,2026-09-16T17:42:53Z
9358662000151,Liz & Betty Lamb and Rosemary Sausage Rolls,2026-09-16T17:42:53Z,2026-09-16T17:42:53Z
9358681000002,New Wave Water 600ml,2026-09-16T17:42:53Z,2026-09-16T17:42:53Z
9358681000132,Johnny noodles 85g,2026-09-16T17:42:53Z,2026-09-16T17:42:53Z
9358681000262,Jonny grape 600 ml,2026-09-16T17:42:53Z,2026-09-16T17:42:53Z
9358683000000,Medium Krunchilli krunchy chilli topping 350g,2026-09-16T17:42:53Z,2026-09-16T17:42:53Z
9358683000017,Krunchilli Crunchy Chilli Topping 350g,2026-09-16T17:42:53Z,2026-09-16T17:42:53Z
9358704000187,Nepal Shop Chicken Sausages,2026-09-16T17:42:53Z,2026-09-16T17:42:53Z
9358707000016,Natural coconut water,2026-09-16T17:42:53Z,2026-09-16T17:42:53Z
9358712000032,Yes you can Alcohol free yuzu sake,2026-09-16T17:42:53Z,2026-09-16T17:42:53Z
9358713000000,Morning Market Basque Cheesecake,2026-09-16T17:42:53Z,2026-09-16T17:42:53Z
9358726000264,Captain Bee Honey,2026-09-16T17:42:53Z,2026-09-16T17:42:53Z
9358739000015,Chicken curry foodland,2026-09-16T17:42:53Z,2026-09-16T17:42:53Z
9358739000022,Bowl some Braised Lamb,2026-09-16T17:42:53Z,2026-09-16T17:42:53Z
9358739000053,Bowlsome Chicken Caesar Salad,2026-09-16T17:42:53Z,2026-09-16T17:42:53Z
9358739000169,BOWLSOME Penne Beef Ragu,2026-09-16T17:42:53Z,2026-09-16T17:42:53Z
9358739000565,Bowlsome Green Beef Curry,2026-09-16T17:42:53Z,2026-09-16T17:42:53Z
9358739000602,Bowlsome Lemon Chicken Rice,2026-09-16T17:42:53Z,2026-09-16T17:42:53Z
9358739000657,Bowlsome Foods Ancient Grain + Grilled Chicken,2026-09-16T17:42:53Z,2026-09-16T17:42:53Z
9358739000725,Bowlsome Boiled Eggs,2026-09-16T17:42:53Z,2026-09-16T17:42:53Z
9358739000800,BOWLSOME CHICKEN PAD THAI,2026-09-16T17:42:53Z,2026-09-16T17:42:53Z
9358739000824,JNR Food Co chicken Curry With Veggies And Rice,2026-09-16T17:42:53Z,2026-09-16T17:42:53Z
9358739000893,BOWLSOME Beef Lemongrass Stir-Fry,2026-09-16T17:42:53Z,2026-09-16T17:42:53Z
9358741475252,svc CENTAUREA 50ml,2026-09-16T17:42:53Z,2026-09-16T17:42:53Z
9358743000285,chocolate whey protien,2026-09-16T17:42:53Z,2026-09-16T17:42:53Z
9358743000476,Primabolics Iso-Ripped Hydrolysed Whey Isolate Spiced Caramel Cookie,2026-09-16T17:42:53Z,2026-09-16T17:42:53Z
9358743000551,Primeabolic Everyday Health Greens,2026-09-16T17:42:53Z,2026-09-16T17:42:53Z
9358743000568,Primabolics Everyday Health Green Apple,2026-09-16T17:42:53Z,2026-09-16T17:42:53Z
9358743000612,PRIMABOLICS CREATINE MONOHYDRATE,2026-09-16T17:42:53Z,2026-09-16T17:42:53Z
9358743000643,Primabolics Creatine 350 g,2026-09-16T17:42:53Z,2026-09-16T17:42:53Z
9358743000766,Primabolics Whey Ripped Choc Honey Crunch,2026-09-16T17:42:53Z,2026-09-16T17:42:53Z
9358743000872,Primabolics ISOPRO Vanilla,2026-09-16T17:42:53Z,2026-09-16T17:42:53Z
9358743000919,Primabolics Wheypro 750 g,2026-09-16T17:42:53Z,2026-09-16T17:42:53Z
9358743000926,Primabolics Whey Pro Protein 750 g,2026-09-16T17:42:53Z,2026-09-16T17:42:53Z
9358743000933,Primabolics WheyPro,2026-09-16T17:42:53Z,2026-09-16T17:42:53Z
9358743000957,Primabolics Whey Pro Choc Mint Cookie,2026-09-16T17:42:53Z,2026-09-16T17:42:53Z
9358743000971,Primabolics WheyPro Choc Coconut,2026-09-16T17:42:53Z,2026-09-16T17:42:53Z
9358743000995,Primabolics Whey Pro,2026-09-16T17:42:53Z,2026-09-16T17:42:53Z
9358743001008,Primabolics WheyPro,2026-09-16T17:42:53Z,2026-09-16T17:42:53Z
9358743001015,PRIMABOLICS WHEYPRO,2026-09-16T17:42:53Z,2026-09-16T17:42:53Z
9358743001053,Primabolics WheyPro Iced Latte,2026-09-16T17:42:53Z,2026-09-16T17:42:53Z
9358743001060,Primeabolics Iso-ripped Choc Malt,2026-09-16T17:42:53Z,2026-09-16T17:42:53Z
9358743001077,Primabolics Iso Ripped,2026-09-16T17:42:53Z,2026-09-16T17:42:53Z
9358743001084,Primabolics Iso-ripped Strawberry,2026-09-16T17:42:53Z,2026-09-16T17:42:53Z
9358743001091,Primabolics Isa Ripped Cakefrosting,2026-09-16T17:42:53Z,2026-09-16T17:42:53Z
9358743001107,Primabolics Iso-Ripped Choc Coconut,2026-09-16T17:42:53Z,2026-09-16T17:42:53Z
9358743001459,Primabolics Isopro Salted Caramel Protein,2026-09-16T17:42:53Z,2026-09-16T17:42:53Z
9358743001466,Primabolics ISOPRO Pro Series Caramel White Choc,2026-09-16T17:42:53Z,2026-09-16T17:42:53Z
9358743001510,Primabolics WheyPro Salted Caramel,2026-09-16T17:42:53Z,2026-09-16T17:42:53Z
9358743001527,Primabolics WheyPro Cml White Choc,2026-09-16T17:42:53Z,2026-09-16T17:42:53Z
9358743001534,Primabolics Wheypro multi-stage Protein Blend,2026-09-16T17:42:53Z,2026-09-16T17:42:53Z
9358768000000,Gold Leaf Dairy Pure New Zealand Ghee,2026-09-16T17:42:53Z,2026-09-16T17:42:53Z
9358768000017,Premium Desi Ghee,2026-09-16T17:42:53Z,2026-09-16T17:42:53Z
9358777000008,X sport,2026-09-16T17:42:53Z,2026-09-16T17:42:53Z
9358777000091,C4 Smart Energy Watermelon Burst 473ml,2026-09-16T17:42:53Z,2026-09-16T17:42:53Z
9358777000107,C4 Smart Energy - Peach Mango Nectar 473ml,2026-09-16T17:42:53Z,2026-09-16T17:42:53Z
9358777000114,C4 Smart Energy - Icy Blue Razz,2026-09-16T17:42:53Z,2026-09-16T17:42:53Z
9358777000206,C4 Energy Drink Cotton Candy,2026-09-16T17:42:53Z,2026-09-16T17:42:53Z
9358777000213,C4 Pre Workout,2026-09-16T17:42:53Z,2026-09-16T17:42:53Z
9358777000220,C4 Energy Purple Frost,2026-09-16T17:42:53Z,2026-09-16T17:42:53Z
9358777000237,C4 Original Zero Sugar Strawberry Watermelon Energy Drink,2026-09-16T17:42:53Z,2026-09-16T17:42:53Z
9358777000244,C4 ENERGY Twisted Limeade,2026-09-16T17:42:53Z,2026-09-16T17:42:53Z
9358777000312,Jolly Rancher C4 Energy,2026-09-16T17:42:53Z,2026-09-16T17:42:53Z
9358777000466,Bloom sparkling energy,2026-09-16T17:42:53Z,2026-09-16T17:42:53Z
9358794000005,Barbell Air Dried Steak - Classic Spice,2026-09-16T17:42:53Z,2026-09-16T17:42:53Z
9358794000012,Barbell Foods Chilli Air Dried Steak,2026-09-16T17:42:53Z,2026-09-16T17:42:53Z
9358794000029,BARBELL AIR DRIED STEAK,2026-09-16T17:42:53Z,2026-09-16T17:42:53Z
9358794000036,Barbell Foods Barbell air dried steak,2026-09-16T17:42:53Z,2026-09-16T17:42:53Z
9358794000043,Barbell Foods Air Dried Steak With Chilli,2026-09-16T17:42:53Z,2026-09-16T17:42:53Z
9358794000050,Barbell air dried steak 200 grams,2026-09-16T17:42:53Z,2026-09-16T17:42:53Z
9358794000074,Barbell Mini meat sticks 100 gms,2026-09-16T17:42:53Z,2026-09-16T17:42:53Z
9358794000098,Barbell meat sticks pac,2026-09-16T17:42:53Z,2026-09-16T17:42:53Z
9358794000135,Barbell Foods Beef Sticks,2026-09-16T17:42:53Z,2026-09-16T17:42:53Z
9358794000142,Barbell Meat Stick Bites,2026-09-16T17:42:53Z,2026-09-16T17:42:53Z
9358794000173,Barbell Air Dried Steak,2026-09-16T17:42:53Z,2026-09-16T17:42:53Z
9358795001896,Maska Paneer,2026-09-16T17:42:53Z,2026-09-16T17:42:53Z
9358795004354,Mora Sev,2026-09-16T17:42:53Z,2026-09-16T17:42:53Z
9358795005641,Maska Aloo Peas Wrap,2026-09-16T17:42:53Z,2026-09-16T17:42:53Z
9358797000422,Lucky Homemade Nyonya Kueh Kapet White Sesame Coconut Wafers,2026-09-16T17:42:53Z,2026-09-16T17:42:53Z
9358797000637,Castle Muffin Pandan 220 g,2026-09-16T17:42:53Z,2026-09-16T17:42:53Z
9358797001016,Mesti Mung Bean Biscuit Pandan Flavour,2026-09-16T17:42:53Z,2026-09-16T17:42:53Z
9358797001146,Yami STEW ORANGE CAKE,2026-09-16T17:42:53Z,2026-09-16T17:42:53Z
9358797001290,Yin Kwee Trading Ltd. Yam Cookies,2026-09-16T17:42:53Z,2026-09-16T17:42:53Z
9358797001825,Mini mooncake,2026-09-16T17:42:53Z,2026-09-16T17:42:53Z
9358797002990,Mesti Pandan Mooncake,2026-09-16T17:42:53Z,2026-09-16T17:42:53Z
9358801000011,No pong Cool lavender deodorant 35 g,2026-09-16T17:42:53Z,2026-09-16T17:42:53Z
9358801000240,No Pong All Natural Anti Odourant 35g,2026-09-16T17:42:53Z,2026-09-16T17:42:53Z
9358869000282,Not Limoncello Spritz Non alch,2026-09-16T17:42:53Z,2026-09-16T17:42:53Z
9358871000027,Madame Tiger Original Tiger Nut Milk,2026-09-16T17:42:53Z,2026-09-16T17:42:53Z
9358871000034,Madame Tiger Barista Tiger Nut Milk,2026-09-16T17:42:53Z,2026-09-16T17:42:53Z
9358878000181,Kakadu Plum Co Kakadu Plum Strawberry Jam,2026-09-16T17:42:53Z,2026-09-16T17:42:53Z
9358917000004,MIKES BEEF JERKY BEEF STICK WOOD SMOKED,2026-09-16T17:42:53Z,2026-09-16T17:42:53Z
9358917000011,Mikes Beef Jerky Sweet Chilli Beef Jerky,2026-09-16T17:42:53Z,2026-09-16T17:42:53Z
9358917000028,Mike's Beef Jerky,2026-09-16T17:42:53Z,2026-09-16T17:42:53Z
9358917000035,Mike’s Beef Jerky Honey Glazed Smokey BBQ Beef Jerky,2026-09-16T17:42:53Z,2026-09-16T17:42:53Z
9358917099992,Mike's Beef Jerky 90 g,2026-09-16T17:42:53Z,2026-09-16T17:42:53Z
9358930000340,Nuts Family Macadamia Kernels Salted Egg Yolk Flavored,2026-09-16T17:42:53Z,2026-09-16T17:42:53Z
9358932000027,Chill,2026-09-16T17:42:53Z,2026-09-16T17:42:53Z
9358957000118,Live Fit Nutrition Chicken Pesto Penne Pasta With Sundried Tomato,2026-09-16T17:42:53Z,2026-09-16T17:42:53Z
9358957000163,Live Fit Nutrition Vegan Oreo Brownie,2026-09-16T17:42:53Z,2026-09-16T17:42:53Z
9358957000170,Live Fit Nutrition Thai Green Chicken With Jasmine Rice,2026-09-16T17:42:53Z,2026-09-16T17:42:53Z
9358957000217,Live Fit Nutrition The Gorilla King Wrap,2026-09-16T17:42:53Z,2026-09-16T17:42:53Z
9358957000224,Live Fit Nutrition Teriyaki Salmon With Jasmine Rice,2026-09-16T17:42:53Z,2026-09-16T17:42:53Z
9358957000279,Live Fit Nutrition Honey Soy Garlic Chicken With Jasmine Rice 300g,2026-09-16T17:42:53Z,2026-09-16T17:42:53Z
9358957000422,Live Fit Nutrition Grilled Grass Fed Rump Steak With Sweet Potato Fries,2026-09-16T17:42:53Z,2026-09-16T17:42:53Z
9358957000477,Livefit Beef Meatballs With Roast Chat Potatoes And Passata,2026-09-16T17:42:53Z,2026-09-16T17:42:53Z
9358957000507,Live Fit Nutrition Oli’s Chicken Schnitty With Roast Potato & Chipotle Mayo,2026-09-16T17:42:53Z,2026-09-16T17:42:53Z
9358957000514,Livefit Wild Willy’s Taco Bowl,2026-09-16T17:42:53Z,2026-09-16T17:42:53Z
9358957000521,Live Fit Nutrition Grilled Chicken W/ Sweet Potato Fries,2026-09-16T17:42:53Z,2026-09-16T17:42:53Z
9358957000538,Live Fit Nutrition Kenny's Mongolian Beef With Jasmine Rice 350g,2026-09-16T17:42:53Z,2026-09-16T17:42:53Z
9358957000590,Livefit Nutrition Honey Soy Garlic Chicken Udon Noodles,2026-09-16T17:42:53Z,2026-09-16T17:42:53Z
9358957000644,Live Fit Nutrition Spice Rubbed Grass Fed Steak,2026-09-16T17:42:53Z,2026-09-16T17:42:53Z
9358957000651,LiveFit Spiced Rubbed Chicken Thigh w/ Mash Potato,2026-09-16T17:42:53Z,2026-09-16T17:42:53Z
9358957000804,LiveFit Nutrition Banana Protein Pancakes w Biscoff Spread,2026-09-16T17:42:53Z,2026-09-16T17:42:53Z
9358957000835,livefit NUTRITION Chilli Garlic Prawn Spaghetti,2026-09-16T17:42:53Z,2026-09-16T17:42:53Z
9358957000842,Livefit Chef Tim’s BBQ Brisket With Sweet Potato Fries,2026-09-16T17:42:53Z,2026-09-16T17:42:53Z
9358957000859,Live Fit Nutrition Breaky Wrap,2026-09-16T17:42:53Z,2026-09-16T17:42:53Z
9358957000873,LiveFit Nutrition Chicken Cashew Stir Fry 370g,2026-09-16T17:42:53Z,2026-09-16T17:42:53Z
9358957000880,LiveFit The Wolf’s Lamb Ragu,2026-09-16T17:42:53Z,2026-09-16T17:42:53Z
9358957000903,Livefit Chef Cats Cajun Chicken,2026-09-16T17:42:53Z,2026-09-16T17:42:53Z
9358957000958,LiveFit Nutrition Jimmy Sauté Chicken Basmati Rice & Beans 380g,2026-09-16T17:42:53Z,2026-09-16T17:42:53Z
9358957000965,livefit Philly Cheese Steak Wrap (Toastie),2026-09-16T17:42:53Z,2026-09-16T17:42:53Z
9358957000972,Live Fit Nutrition Nutella Protein Ball,2026-09-16T17:42:53Z,2026-09-16T17:42:53Z
9358957001009,Livefit Beef Ragu ravioli,2026-09-16T17:42:53Z,2026-09-16T17:42:53Z
9358957001016,Livefit Nutrition Bulgogi Beef Stir Fry,2026-09-16T17:42:53Z,2026-09-16T17:42:53Z
9358957001023,LiveFit Nutrition White Choc Protein Pancakes w Maple Butter,2026-09-16T17:42:53Z,2026-09-16T17:42:53Z
9358957001047,Livefit Balinese Beef Rendang,2026-09-16T17:42:53Z,2026-09-16T17:42:53Z
9358957001061,Livefit Apps Pad See Ew,2026-09-16T17:42:53Z,2026-09-16T17:42:53Z
9358957001078,livefit NUTRITION Mongolian Chicken w/ Basmati Rice,2026-09-16T17:42:53Z,2026-09-16T17:42:53Z
9358962000011,Paldo Premium Kim Chi,2026-09-16T17:42:53Z,2026-09-16T17:42:53Z
9358962000028,PALDO Premium Kim Chi,2026-09-16T17:42:53Z,2026-09-16T17:42:53Z
9358962000066,PALDO PREMIUM RADISH KIMCHI,2026-09-16T17:42:53Z,2026-09-16T17:42:53Z
9358962000165,Paldo Premium Kimchi,2026-09-16T17:42:53Z,2026-09-16T17:42:53Z
9358962000288,Paldo Premium Kimchi,2026-09-16T17:42:53Z,2026-09-16T17:42:53Z
9358972000018,Australian Seedless Red Grapes,2026-09-16T17:42:53Z,2026-09-16T17:42:53Z
9358973000048,Maloneys Chilli organic pasta Sauce,2026-09-16T17:42:53Z,2026-09-16T17:42:53Z
9358978000029,High strength probiotic,2026-09-16T17:42:53Z,2026-09-16T17:42:53Z
9358984000044,Bubble milk tea,2026-09-16T17:42:53Z,2026-09-16T17:42:53Z
9358984000051,Bubble Milk Tea Brown Sugar Flavour,2026-09-16T17:42:53Z,2026-09-16T17:42:53Z
9358984000105,Moringa leaf powder,2026-09-16T17:42:53Z,2026-09-16T17:42:53Z
9358984000129,Johnny Wong Stir Fry Rice Noodle,2026-09-16T17:42:53Z,2026-09-16T17:42:53Z
9358984000143,Johnny Wong Hokkien Noodle,2026-09-16T17:42:53Z,2026-09-16T17:42:53Z
9358984000150,Johnny Wong Singapore Noodles ('24),2026-09-16T17:42:53Z,2026-09-16T17:42:53Z
9358984000259,La Cocina Quesadilla Cheesy Beef,2026-09-16T17:42:53Z,2026-09-16T17:42:53Z
9358984000310,LA COCINA BBQ Chicken Pide,2026-09-16T17:42:53Z,2026-09-16T17:42:53Z
9358984000334,Wildearth Turmeric Powder 100g 100 g,2026-09-16T17:42:53Z,2026-09-16T17:42:53Z
9358984000365,Wildearth Moringa Oil 100mL 100 mL,2026-09-16T17:42:53Z,2026-09-16T17:42:53Z
9358984000402,Wildearth Moringa Powder. 300g 300 g,2026-09-16T17:42:53Z,2026-09-16T17:42:53Z
9358989000001,OMG oat milk,2026-09-16T17:42:53Z,2026-09-16T17:42:53Z
9358989000049,OAT MILK GOODNESS CHOC PROATEIN CHOCOLATE FLAVOURED PROTEIN ENRICHED OAT MILK,2026-09-16T17:42:53Z,2026-09-16T17:42:53Z
9358989000094,OMG OAT MILK GOODNESS COFFEE PROATEIN,2026-09-16T17:42:53Z,2026-09-16T17:42:53Z
9359000000000,Muscle Nation Protein 100% Whey Isolate Mocha,2026-09-16T17:42:53Z,2026-09-16T17:42:53Z
9359007000089,Trim Weight Loss Complete Meal Replacement,2026-09-16T17:42:53Z,2026-09-16T17:42:53Z
9359007000096,Healthy Trim WEIGHT LOSS COMPLETE MEAL REPLACEMENT,2026-09-16T17:42:53Z,2026-09-16T17:42:53Z
9359031000024,Kfibre Dietary Constipation Support,2026-09-16T17:42:53Z,2026-09-16T17:42:53Z
9359031000048,PhyteQuine™,2026-09-16T17:42:53Z,2026-09-16T17:42:53Z
9359031000093,PhytoBiome™,2026-09-16T17:42:53Z,2026-09-16T17:42:53Z
9359031000185,Kfibre Gut Health Fibre 80 g,2026-09-16T17:42:53Z,2026-09-16T17:42:53Z
9359031000192,Kfibre Gut Health Fibre,2026-09-16T17:42:53Z,2026-09-16T17:42:53Z
9359048000079,NWA Evoking Mushrooms,2026-09-16T17:42:53Z,2026-09-16T17:42:53Z
9359048000178,NWA Beech Mushroom,2026-09-16T17:42:53Z,2026-09-16T17:42:53Z
9359054000018,Custard Protein Bar,2026-09-16T17:42:53Z,2026-09-16T17:42:53Z
9359054000025,Muscle Nation Custard Protein Bar,2026-09-16T17:42:53Z,2026-09-16T17:42:53Z
9359054000032,muscle nation Golden Ice Cream Casein Protein Custard 440g,2026-09-16T17:42:53Z,2026-09-16T17:42:53Z
9359054000049,Custard plant protein,2026-09-16T17:42:53Z,2026-09-16T17:42:53Z
9359054000056,Musclenation Protein Daily Shake,2026-09-16T17:42:53Z,2026-09-16T17:42:53Z
9359054000070,MUSCLE NATION CUSTARD PLANT PROTEIN BAR CHOC HAZELNUT,2026-09-16T17:42:53Z,2026-09-16T17:42:53Z
9359054000087,MUSCLENATION CUSTARD PLANT PROTEIN BAR,2026-09-16T17:42:53Z,2026-09-16T17:42:53Z
9359054000094,MUSCLENATION CUSTARD PROTEIN BAR BIRTHDAY CAKE,2026-09-16T17:42:53Z,2026-09-16T17:42:53Z
9359054000148,Musclenation Protein daily shake,2026-09-16T17:42:53Z,2026-09-16T17:42:53Z
9359054000155,Musclenation Protein Water Collagen + Whey,2026-09-16T17:42:53Z,2026-09-16T17:42:53Z
9359054000162,Protein Jelly,2026-09-16T17:42:53Z,2026-09-16T17:42:53Z
9359054000179,Musclenation Jelly,2026-09-16T17:42:53Z,2026-09-16T17:42:53Z
9359054000186,Muscle Nation Protein pancakes,2026-09-16T17:42:53Z,2026-09-16T17:42:53Z
9359054000223,Muscle Nation Custard choc berry protein bar,2026-09-16T17:42:53Z,2026-09-16T17:42:53Z
9359054000247,Custard vanilla,2026-09-16T17:42:53Z,2026-09-16T17:42:53Z
9359054000254,Musclenation Protein Water,2026-09-16T17:42:53Z,2026-09-16T17:42:53Z
9359054000261,MUSCLENATION PROTEIN WATER,2026-09-16T17:42:53Z,2026-09-16T17:42:53Z
9359054000278,musclenation Protien shake salted caramel 300g - 10 servings,2026-09-16T17:42:53Z,2026-09-16T17:42:53Z
9359054000285,Muscle Nation Protein Daily Shake,2026-09-16T17:42:53Z,2026-09-16T17:42:53Z
9359054000315,MUSCLENATION Protein bar Choc peanut butter,2026-09-16T17:42:53Z,2026-09-16T17:42:53Z
9359054000322,Musclenation Custard Protein Bar Cookies & Cream,2026-09-16T17:42:53Z,2026-09-16T17:42:53Z
9359054000346,Muscle Nation Custard Protein Bar with Crispy Puffs (Choc Vanilla),2026-09-16T17:42:53Z,2026-09-16T17:42:53Z
9359054000353,Muscle Nation Caramel Toffee Custard Protein Bar,2026-09-16T17:42:53Z,2026-09-16T17:42:53Z
9359054000360,Muscle Nation custard Protein Bar 60g,2026-09-16T17:42:53Z,2026-09-17T13:34:18Z
9359054000414,Musclenation Vegan friendly baking chocolate,2026-09-16T17:42:53Z,2026-09-16T17:42:53Z
9359054000469,Muscle Nation Protein Water Vegan Friendly Raspberry,2026-09-16T17:42:53Z,2026-09-16T17:42:53Z
9359054000476,MUSCLENATION PROTEIN WATER COLLAGEN + WHEY CLEAR PROTEIN WATER KIWI STRAWBERRY FLAVOUR,2026-09-16T17:42:53Z,2026-09-16T17:42:53Z
9359054000483,MUSCLENATION DAILY GREENS,2026-09-16T17:42:53Z,2026-09-16T17:42:53Z
9359054000513,Muscle Nation Raspberry Destiny Active,2026-09-16T17:42:53Z,2026-09-16T17:42:53Z
9359054000520,Muscle Nation Legacy Sport Pre Workout 225g (30 Servings),2026-09-16T17:42:53Z,2026-09-16T17:42:53Z
9359054000537,Muscle Nation Amino Hydration Raspberry,2026-09-16T17:42:53Z,2026-09-16T17:42:53Z
9359054000568,Muscle Nation Protein Chocolate Cookies & Cream,2026-09-16T17:42:53Z,2026-09-16T17:42:53Z
9359054000575,Muscle Nation Protein Chocolate Funfetti Cake,2026-09-16T17:42:53Z,2026-09-16T17:42:53Z
9359054000582,Musclenation Protein chocolate,2026-09-16T17:42:53Z,2026-09-16T17:42:53Z
9359054000612,MUSCLENATION CUSTARD CASEIN PROTEIN,2026-09-16T17:42:53Z,2026-09-16T17:42:53Z
9359054000629,MUSCLENATION CUSTARD CASEIN PROTEIN Cookies & Cream flavour,2026-09-16T17:42:53Z,2026-09-16T17:42:53Z
9359054000636,Muscle Nation Custard Casein Protein Golden Ice Cream,2026-09-16T17:42:53Z,2026-09-16T17:42:53Z
9359054000643,Musclenation Plant Protein Double Chocolate Custard,2026-09-16T17:42:53Z,2026-09-16T17:42:53Z
9359054000650,Muscle Nation Protien Custard Salted Caramel,2026-09-16T17:42:53Z,2026-09-16T17:42:53Z
9359054000681,Muscle Nation Protein Water Tropical Crush,2026-09-16T17:42:53Z,2026-09-16T17:42:53Z
9359054000698,Muscle nation Apple Blackcurrant Protein water,2026-09-16T17:42:53Z,2026-09-16T17:42:53Z
9359054000704,Muscle Nation Protein Water,2026-09-16T17:42:53Z,2026-09-16T17:42:53Z
9359054000728,Muscleation Birthday Cake protein - MuscleNation,2026-09-16T17:42:53Z,2026-09-16T17:42:53Z
9359054000735,Casein custard,2026-09-16T17:42:53Z,2026-09-16T17:42:53Z
9359054000742,Musclenation Custard Birthday Cake Casein Protein,2026-09-16T17:42:53Z,2026-09-16T17:42:53Z
9359054000759,Musclenation MN Protein Water Collagen + Whey Raspberry,2026-09-16T17:42:53Z,2026-09-16T17:42:53Z
9359054000766,Musclenation Protein Water,2026-09-16T17:42:53Z,2026-09-16T17:42:53Z
9359054000773,Muscle Nation Cookies & Cream Protein Daily Shake,2026-09-16T17:42:53Z,2026-09-16T17:42:53Z
9359054000780,Muscle Nation MN Protein Daily Shake,2026-09-16T17:42:53Z,2026-09-16T17:42:53Z
9359054000797,Musclenation Energy zero sugar,2026-09-16T17:42:53Z,2026-09-16T17:42:53Z
9359054000803,MUSCLENATION ENERGY ZERO SUGAR Energy Drink,2026-09-16T17:42:53Z,2026-09-16T17:42:53Z
9359054000810,Muscle Nation Zero Sugar Mango Passion,2026-09-16T17:42:53Z,2026-09-16T17:42:53Z
9359054000834,Musclenation Protei Puffs Chill & Lime,2026-09-16T17:42:53Z,2026-09-16T17:42:53Z
9359054000841,Muscle Nation Protein Puffs,2026-09-16T17:42:53Z,2026-09-16T17:42:53Z
9359054000858,Muscle Nation Protein Puffs,2026-09-16T17:42:53Z,2026-09-16T17:42:53Z
9359054000902,Musclenation Crisp Protein Bar Birthday Cake 50 g,2026-09-16T17:42:53Z,2026-09-16T17:42:53Z
9359054000919,Musclenation Protein Bar Crisp - Rocky Road,2026-09-16T17:42:53Z,2026-09-16T17:42:53Z
9359054000926,MUSCLENATION CRISP PROTEIN BAR COOKIES & CREAM,2026-09-16T17:42:53Z,2026-09-16T17:42:53Z
9359054000933,MUSCLENATION CRISP PROTEIN BAR CHOC PEANUT BUTTER,2026-09-16T17:42:53Z,2026-09-16T17:42:53Z
9359054000940,Musclenation Sparkling Protein Water,2026-09-16T17:42:53Z,2026-09-16T17:42:53Z
9359054000957,Musclenation Sparkling Protein Water Citrus Crush Flavour,2026-09-16T17:42:53Z,2026-09-16T17:42:53Z
9359054000971,Musclenation CREATINE 225 g,2026-09-16T17:42:53Z,2026-09-16T17:42:53Z
9359054001008,Muscle Nation Protein Water Collagen + Whey,2026-09-16T17:42:53Z,2026-09-16T17:42:53Z
9359054001015,Musclenation Protein Water,2026-09-16T17:42:53Z,2026-09-16T17:42:53Z
9359054001022,MUSCLENATION CHEESECAKE Protein Bar Caramel,2026-09-16T17:42:53Z,2026-09-16T17:42:53Z
9359054001039,Muscle Nation CHEESECAKE PROTEIN BAR STRAWBERRY DREAM,2026-09-16T17:42:53Z,2026-09-16T17:42:53Z
9359054001046,MUSCLENATION CHEESECAKE PROTEIN BAR Zesty Lemon,2026-09-16T17:42:53Z,2026-09-16T17:42:53Z
9359054001107,Muscle nation Protein daily shake,2026-09-16T17:42:53Z,2026-09-16T17:42:53Z
9359054001114,MUSCLENATION PROTEIN Pistachio Papi Daily Shake,2026-09-16T17:42:53Z,2026-09-16T17:42:53Z
9359054001121,Muscle Nation Legacy Pre Workout - Lemonade Crush,2026-09-16T17:42:53Z,2026-09-16T17:42:53Z
9359054001138,Muscle Nation Grape Legacy Pre Workout,2026-09-16T17:42:53Z,2026-09-16T17:42:53Z
9359054001145,Muscle Nation Protein Puffs Vegemite,2026-09-16T17:42:53Z,2026-09-16T17:42:53Z
9359054001152,Musclenation Protein Bar Pistachio Cheesecake,2026-09-16T17:42:53Z,2026-09-16T17:42:53Z
9359054001169,MUSCLENATION FROZEN DESSERT Cookies & Cream FLAVOUR,2026-09-16T17:42:53Z,2026-09-16T17:42:53Z
9359054001176,Musclenation Protein Frozen Dessert,2026-09-16T17:42:53Z,2026-09-16T17:42:53Z
9359054001183,Muscle Nation Protein Frozen Dessert,2026-09-16T17:42:53Z,2026-09-16T17:42:53Z
9359054001190,MUSCLENATION PROTEIN WATER,2026-09-16T17:42:53Z,2026-09-16T17:42:53Z
9359054001206,Musclenation Protein Water Tropical Crush,2026-09-16T17:42:53Z,2026-09-16T17:42:53Z
9359054001213,Muscle Nation Protein Drink Water,2026-09-16T17:42:53Z,2026-09-16T17:42:53Z
9359054001220,Musclenation Protein Water,2026-09-16T17:42:53Z,2026-09-16T17:42:53Z
9359054001237,Muscle Nation Protein Water - Raspberry,2026-09-16T17:42:53Z,2026-09-16T17:42:53Z
9359054001244,Muscle Nation Kiwi Strawberry Protein Water,2026-09-16T17:42:53Z,2026-09-16T17:42:53Z
9359054001251,Musclenation Crisp Apple Protein Water,2026-09-16T17:42:53Z,2026-09-16T17:42:53Z
9359054001268,MuscleNation Clear Protein Water - Strawberry Flavour,2026-09-16T17:42:53Z,2026-09-16T17:42:53Z
9359054001275,Muscle Nation Protein Water - Watermelon,2026-09-16T17:42:53Z,2026-09-16T17:42:53Z
9359054001282,Muscle Nation Pineapple Protein Water,2026-09-16T17:42:53Z,2026-09-16T17:42:53Z
9359054001299,MUSCLENATION PEACH ICED TEA FLAVOUR,2026-09-16T17:42:53Z,2026-09-16T17:42:53Z
9359054001305,MUSCULATION PROTEIN WATER COLLAGEN + WHEY CLEAR PROTEIN WATER ORANGE MANGO,2026-09-16T17:42:53Z,2026-09-16T17:42:53Z
9359054001312,Muscle Nation Milk Choc Flake Whey Isolate,2026-09-16T17:42:53Z,2026-09-16T17:42:53Z
9359054001329,Musclenation Protein 100% Whey Isolate,2026-09-16T17:42:53Z,2026-09-16T17:42:53Z
9359054001336,MUSCLENATION PROTEIN 100% WHEY ISOLATE Cookies & Cream flavour,2026-09-16T17:42:53Z,2026-09-16T17:42:53Z
9359054001343,Musclenation Protein 100% Whey Isolate Strawberry Milkshake 990 g,2026-09-16T17:42:53Z,2026-09-16T17:42:53Z
9359054001350,Muscle Nation Protein,2026-09-16T17:42:53Z,2026-09-16T17:42:53Z
9359054001367,Musclenation Protein Choc Caramel,2026-09-16T17:42:53Z,2026-09-16T17:42:53Z
9359054001374,Muscle Nation Custard Casein Protein Cookies And Cream,2026-09-16T17:42:53Z,2026-09-16T17:42:53Z
9359054001381,Muscle Nation Vanilla Custard Casein Protein,2026-09-16T17:42:53Z,2026-09-16T17:42:53Z
9359054001398,Muscle Nation Golden Ice Cream Custard Protein,2026-09-16T17:42:53Z,2026-09-16T17:42:53Z
9359054001404,Muscle Nation Double Chocolate Custard Casein Protein 1000 g,2026-09-16T17:42:53Z,2026-09-16T17:42:53Z
9359054001411,Muscle Nation Salted Caramel Casein Protein 1000 g,2026-09-16T17:42:53Z,2026-09-16T17:42:53Z
9359054001428,Muscle Nation Custard Casein Protein 1000 g,2026-09-16T17:42:53Z,2026-09-16T17:42:53Z
9359054001435,Muscle Nation Custard Casein Protein - Banoffee Pie,2026-09-16T17:42:53Z,2026-09-16T17:42:53Z
9359054001442,Muscle Nation Daily Greens Superfood Formula Tropical Crush,2026-09-16T17:42:53Z,2026-09-16T17:42:53Z
9359054001459,Muscle Nation Daily Greens Superfood Formula - Strawberry Pineapple,2026-09-16T17:42:53Z,2026-09-16T17:42:53Z
9359054001466,Muscle Nation Whey Isolate Protein Mocha 990 g,2026-09-16T17:42:53Z,2026-09-16T17:42:53Z
9359054001473,Musclenation Protein Water 8 x 30 g,2026-09-16T17:42:53Z,2026-09-16T17:42:53Z
9359054001480,Musclenation Protein Water Mango Passionfruit,2026-09-16T17:42:53Z,2026-09-16T17:42:53Z
9359054001497,Musclenation Protein Water,2026-09-16T17:42:53Z,2026-09-16T17:42:53Z
9359054001503,Muscle Nation Protein Water Tropical Crush,2026-09-16T17:42:53Z,2026-09-16T17:42:53Z
9359054001510,MuscleNation Protein Water - Watermelon,2026-09-16T17:42:53Z,2026-09-16T17:42:53Z
9359054001527,Muscle Nation Protein Water Orange Mango Flavour,2026-09-16T17:42:53Z,2026-09-16T17:42:53Z
9359054001534,Musclenation Protein Water,2026-09-16T17:42:53Z,2026-09-16T17:42:53Z
9359054001541,Muscle Nation Protein Water Crisp Apple,2026-09-16T17:42:53Z,2026-09-16T17:42:53Z
9359054001558,Muscle Nation Protein Water - Strawberry,2026-09-16T17:42:53Z,2026-09-16T17:42:53Z
9359054001565,MUSCLENATION PROTEIN 100% WHEY ISOLATE,2026-09-16T17:42:53Z,2026-09-16T17:42:53Z
9359054001572,MUSCLENATION Protein Milk Choc Flake,2026-09-16T17:42:53Z,2026-09-16T17:42:53Z
9359054001589,Muscle Nation Protein 100% Whey Isolate Vanilla Ice Cream Flavour,2026-09-16T17:42:53Z,2026-09-16T17:42:53Z
9359054001596,Muscle Nation Cookies And Crème Protein Powder,2026-09-16T17:42:53Z,2026-09-16T17:42:53Z
9359054001602,Musclenation Strawberry Milkshake,2026-09-16T17:42:53Z,2026-09-16T17:42:53Z
9359054001619,MuscleNation Choc Caramel Protein,2026-09-16T17:42:53Z,2026-09-16T17:42:53Z
9359054001626,MuscleNation Custard Casein Protein Sample Pack,2026-09-16T17:42:53Z,2026-09-16T17:42:53Z
9359054001633,Muscle Nation Custard Casein Protein Vanilla,2026-09-16T17:42:53Z,2026-09-16T17:42:53Z
9359054001640,Muscle Nation Custard Casein Protein Cookies and Cream,2026-09-16T17:42:53Z,2026-09-16T17:42:53Z
9359054001657,Muscle Nation Custard Casein Protein Golden Ice Cream,2026-09-16T17:42:53Z,2026-09-16T17:42:53Z
9359054001664,Musclenation Custard Casein Protein Double Chocolate,2026-09-16T17:42:53Z,2026-09-16T17:42:53Z
9359054001671,Muscle Nation Salted Caramel Custard Protein Powder,2026-09-16T17:42:53Z,2026-09-16T17:42:53Z
9359054001688,Muscle Nation Custard Casein Strawberry Protein,2026-09-16T17:42:53Z,2026-09-16T17:42:53Z
9359054001695,Musclenation Custard Casein Protein,2026-09-16T17:42:53Z,2026-09-16T17:42:53Z
9359054001701,Muscle nation Boysenberry,2026-09-16T17:42:53Z,2026-09-16T17:42:53Z
9359054001732,MuscleNation Energy Grape,2026-09-16T17:42:53Z,2026-09-16T17:42:53Z
9359054001749,MUSCLENATION ENERGY DRINK,2026-09-16T17:42:53Z,2026-09-16T17:42:53Z
9359054001756,MUSCLENATION Destiny Active Caffeine + Carnitine Sour Grape,2026-09-16T17:42:53Z,2026-09-16T17:42:53Z
9359054001763,MuscleNation Milk Choc Protein Shake,2026-09-16T17:42:53Z,2026-09-16T17:42:53Z
9359054001770,Musclenation Vanilla Icecream Protein Shake,2026-09-16T17:42:53Z,2026-09-16T17:42:53Z
9359054001787,Muscle Nation Protein Ready to Drink Shake,2026-09-16T17:42:53Z,2026-09-16T17:42:53Z
9359054001794,MuscleNation Pre Workout Grape Rush,2026-09-16T17:42:53Z,2026-09-16T17:42:53Z
9359054001800,Muscle Nation Pineapple Punch Pre Workout,2026-09-16T17:42:53Z,2026-09-16T17:42:53Z
9359054001817,MuscleNation Protein Water,2026-09-16T17:42:53Z,2026-09-16T17:42:53Z
9359054001824,MuscleNation Protein Water,2026-09-16T17:42:53Z,2026-09-16T17:42:53Z
9359054001886,Muscles Nation Cookies & Cream Snack Bar,2026-09-16T17:42:53Z,2026-09-16T17:42:53Z
9359054001893,MUSCLENATION COOKIES & CREAM,2026-09-16T17:42:53Z,2026-09-16T17:42:53Z
9359054001909,MUSCLENATION HIGH PROTEIN CHOC BROWNIE,2026-09-16T17:42:53Z,2026-09-16T17:42:53Z
9359054001916,MUSCLENATION HIGH PROTEIN POWDER VANILLA,2026-09-16T17:42:53Z,2026-09-16T17:42:53Z
9359054001923,Muscle Nation Chocolate Protein Powder,2026-09-16T17:42:53Z,2026-09-16T17:42:53Z
9359054001930,Muscle Nation Plant Protein,2026-09-16T17:42:53Z,2026-09-16T17:42:53Z
9359054001947,Musclenation Protein Snack Bar Cherry Coconut,2026-09-16T17:42:53Z,2026-09-16T17:42:53Z
9359054001954,MuscleNation Grape Flavour Protein Water,2026-09-16T17:42:53Z,2026-09-16T17:42:53Z
9359054001961,MUSCLEANATION PROTEIN SNACK BAR,2026-09-16T17:42:53Z,2026-09-16T17:42:53Z
9359054001978,MUSCLENATION PROTEIN WATER 900 g,2026-09-16T17:42:53Z,2026-09-16T17:42:53Z
9359054001985,Muscle Nation Tropical Protein Water 900 g,2026-09-16T17:42:53Z,2026-09-16T17:42:53Z
9359054001992,Muscle Nation Protein water 900 g,2026-09-16T17:42:53Z,2026-09-16T17:42:53Z
9359054002005,MuscleNation Grape Protein Water,2026-09-16T17:42:53Z,2026-09-16T17:42:53Z
9359054002012,Muscle Nation Pineapple Protein Water,2026-09-16T17:42:53Z,2026-09-16T17:42:53Z
9359054002029,Muscle Nation Milk Chocolate Protein Powder,2026-09-16T17:42:53Z,2026-09-16T17:42:53Z
9359054002036,Muscle Nation Vanilla Milkshake Protein Powder 900 g,2026-09-16T17:42:53Z,2026-09-16T17:42:53Z
9359054002043,Muscle Nation Strawberry,2026-09-16T17:42:53Z,2026-09-16T17:42:53Z
9359054002050,MuscleNation Protein Daily Shake Banana Flavour 900 g,2026-09-16T17:42:53Z,2026-09-16T17:42:53Z
9359054002067,Musclenation Protein Pistachio Papi Daily Shake 900 g,2026-09-16T17:42:53Z,2026-09-16T17:42:53Z
9359054002098,Muscle Nation Passionfruit Protein Water,2026-09-16T17:42:53Z,2026-09-16T17:42:53Z
9359054002104,MUSCLENATION PROTEIN WATER,2026-09-16T17:42:53Z,2026-09-16T17:42:53Z
9359054002111,MUSCLENATION PROTEIN QUICK OATS 6 x 57 g,2026-09-16T17:42:53Z,2026-09-16T17:42:53Z
9359054002128,MUSCLENATION PROTEIN QUICK OATS 6 x 57 g,2026-09-16T17:42:53Z,2026-09-16T17:42:53Z
9359054002135,MuscleNation Choc Honeycomb Daily Shake,2026-09-16T17:42:53Z,2026-09-16T17:42:53Z
9359054002142,MuscleNation Protein Daily Shake Banana,2026-09-16T17:42:53Z,2026-09-16T17:42:53Z
9359054002159,MuscleNation Coffee Daily Shake,2026-09-16T17:42:53Z,2026-09-16T17:42:53Z
9359054002166,Muscle Nation Oat Bake Choc Chip,2026-09-16T17:42:53Z,2026-09-16T17:42:53Z
9359054002173,Muscle Nation Apple Cinnamon Protein Oat Bake,2026-09-16T17:42:53Z,2026-09-16T17:42:53Z
9359054002180,Muscle Nation Salted Caramel Protein Oat Bake,2026-09-16T17:42:53Z,2026-09-16T17:42:53Z
9359054002241,MUSCLE NATION PROTEIN SNACK BAR CHOC HONEYCOMB,2026-09-16T17:42:53Z,2026-09-16T17:42:53Z
9359054002265,Muscle Nation Choc Banana Protein Snack Bar,2026-09-16T17:42:53Z,2026-09-16T17:42:53Z
9359054002289,MuscleNation Pre workout Energy +,2026-09-16T17:42:53Z,2026-09-16T17:42:53Z
9359054002296,Muscle Nation Shred & Burn Thermo+ Passion Fruit,2026-09-16T17:42:53Z,2026-09-16T17:42:53Z
9359054002326,MuscleNation Hydration Drink Mix,2026-09-16T17:42:53Z,2026-09-16T17:42:53Z
9359054002333,Muscle Nation MUSCLENATION Protein Water,2026-09-16T17:42:53Z,2026-09-16T17:42:53Z
9359054002357,MuscleNation Protein Water Passionfruit,2026-09-16T17:42:53Z,2026-09-16T17:42:53Z
9359054002364,Muscle Nation Protein Water,2026-09-16T17:42:53Z,2026-09-16T17:42:53Z
9359054002371,Muscle Nation Strawberry Pineapple Sparkling Protein Water,2026-09-16T17:42:53Z,2026-09-16T17:42:53Z
9359054002388,Muscle Nation Strawberry Pineapple Protein Water,2026-09-16T17:42:53Z,2026-09-16T17:42:53Z
9359054002395,Musclenation White Choc Caramel Protein Peanut Butter Cup,2026-09-16T17:42:53Z,2026-09-16T17:42:53Z
9359054002401,MUSCLENATION CHOC PB PROTEIN PEANUT BUTTER CUP,2026-09-16T17:42:53Z,2026-09-16T17:42:53Z
9359054002418,MUSCLENATION HIGH PROTEIN CHOC HONEYCOMB,2026-09-16T17:42:53Z,2026-09-16T17:42:53Z
9359054002425,Muscle Nation Protein Water Coconut Pineapple Flavour,2026-09-16T17:42:53Z,2026-09-16T17:42:53Z
9359054002432,Muscle Nation Creatine - Grape,2026-09-16T17:42:53Z,2026-09-16T17:42:53Z
9359054002463,Muscle Nation Choc Malt 100% Whey Isolate,2026-09-16T17:42:53Z,2026-09-16T17:42:53Z
9359054002487,Muscle Nation Protein Cookies & Cream,2026-09-16T17:42:53Z,2026-09-16T17:42:53Z
9359054002494,Muscle nation Protein snack bar - choc honeycomb,2026-09-16T17:42:53Z,2026-09-16T17:42:53Z
9359054002500,Quest Nutrition Protein Crisp Bar,2026-09-16T17:42:53Z,2026-09-16T17:42:53Z
9359054002524,Muscle Nation Protein Crisp Bar Choc Peanut,2026-09-16T17:42:53Z,2026-09-16T17:42:53Z
9359054002531,MUSCLENATION PROTEIN 100% WHEY ISOLATE CHOC BANANA,2026-09-16T17:42:53Z,2026-09-16T17:42:53Z
9359054002548,Muscle Nation Chocolate Honeycomb Shake,2026-09-16T17:42:53Z,2026-09-16T17:42:53Z
9359054002562,Muscle Nation Choc honeycomb Custard Casein Protein,2026-09-16T17:42:53Z,2026-09-16T17:42:53Z
9359054002579,MUSCLENATION PROTEIN YOGHURT,2026-09-16T17:42:53Z,2026-09-16T17:42:53Z
9359054002586,MUSCLENATION PROTEIN YOGHURT,2026-09-16T17:42:53Z,2026-09-16T17:42:53Z
9359054002593,Musclenation Protein Yoghurt Mango flavour,2026-09-16T17:42:53Z,2026-09-16T17:42:53Z
9359054002609,MUSCLENATION PROTEIN YOGHURT STRAWBERRY,2026-09-16T17:42:53Z,2026-09-16T17:42:53Z
9359054002616,MUSCLENATION PROTEIN YOGHURT,2026-09-16T17:42:53Z,2026-09-16T17:42:53Z
9359054002623,Musclenation Protein Yoghurt Raspberry Pistachio Flavour,2026-09-16T17:42:53Z,2026-09-16T17:42:53Z
9359054002630,Musclenation Protein Yoghurt Lamington,2026-09-16T17:42:53Z,2026-09-16T17:42:53Z
9359054002647,MUSCLENATION LEMON CHEESECAKE FLAVOUR PROTEIN YOGHURT,2026-09-16T17:42:53Z,2026-09-16T17:42:53Z
9359054002654,MUSCLENATION PROTEIN YOGHURT CHOCLT Caramel Cheesecake Flavour,2026-09-16T17:42:53Z,2026-09-16T17:42:53Z
9359054002661,Muscle Nation Protein Yoghurt Banoffee flavour,2026-09-16T17:42:53Z,2026-09-16T17:42:53Z
9359054002678,Muscle Nation Protein Cheesecake Caramel Biscuit 250 g,2026-09-16T17:42:53Z,2026-09-16T17:42:53Z
9359054002692,Musclenation PROTEIN Cheesecake Raspberry White Choc 250 g,2026-09-16T17:42:53Z,2026-09-16T17:42:53Z
9359054002708,Muscle Nation Choc Honeycomb Whey Protein,2026-09-16T17:42:53Z,2026-09-16T17:42:53Z
9359054002715,Muscle Nation Choc Banana,2026-09-16T17:42:53Z,2026-09-16T17:42:53Z
9359054002722,Muscle Nation Protein 100% Whey Isolate,2026-09-16T17:42:53Z,2026-09-16T17:42:53Z
9359054002739,Muscle Nation Custard Casein Protein,2026-09-16T17:42:53Z,2026-09-16T17:42:53Z
9359054002777,Muscle Nation Sour Cola Protein Water,2026-09-16T17:42:53Z,2026-09-16T17:42:53Z
9359054002784,Muscle Nation Sour Blue Raspberry Protein Water,2026-09-16T17:42:53Z,2026-09-16T17:42:53Z
9359054002791,Muscle nation Sour Grape Protein Water,2026-09-16T17:42:53Z,2026-09-16T17:42:53Z
9359054002807,Muscle Nation Protein Water (Collagen + Whey)- Sour Apple,2026-09-16T17:42:53Z,2026-09-16T17:42:53Z
9359054002814,Muscle nation Sour Watermelon Protein Water,2026-09-16T17:42:53Z,2026-09-16T17:42:53Z
9359054002821,Muscle Nation Protein Water Collagen + Whey Creaming Soda,2026-09-16T17:42:53Z,2026-09-16T17:42:53Z
9359054002838,Muscle Nation Coconut Pineapple Protein Water,2026-09-16T17:42:53Z,2026-09-16T17:42:53Z
9359054002845,Muscle Nation Pink Lemonade Clear Protein Water,2026-09-16T17:42:53Z,2026-09-16T17:42:53Z
9359054002876,Muscle Nation Destiny Pre Workout Sour Cola,2026-09-16T17:42:53Z,2026-09-16T17:42:53Z
9359054002982,Muscle Nation Immortal High Stil Pre Workout - Red Zone,2026-09-16T17:42:53Z,2026-09-16T17:42:53Z
9359054002999,Muscle Nation Immortal high-stim preworkout Mango Passionfruit,2026-09-16T17:42:53Z,2026-09-16T17:42:53Z
9359054003002,Musclenation Pump Mango Non Tim Pre Workout,2026-09-16T17:42:53Z,2026-09-16T17:42:53Z
9359054003026,Muscle Nation Dream,2026-09-16T17:42:53Z,2026-09-16T17:42:53Z
9359054003033,Muscle Nation Creatine Monohydrate Blue Raspberry,2026-09-16T17:42:53Z,2026-09-16T17:42:53Z
9359054003088,Muscle Nation Sour Cola Protein,2026-09-16T17:42:53Z,2026-09-16T17:42:53Z
9359054003095,Muscle Nation Sour Blue Raspberry,2026-09-16T17:42:53Z,2026-09-16T17:42:53Z
9359054003101,Muscle Nation Sour Grape,2026-09-16T17:42:53Z,2026-09-16T17:42:53Z
9359054003118,Muscle Nation Sour Apple,2026-09-16T17:42:53Z,2026-09-16T17:42:53Z
9359054003125,Muscle Nation Sour Watermelon,2026-09-16T17:42:53Z,2026-09-16T17:42:53Z
9359054003132,Muscle Nation Sour Protein Water,2026-09-16T17:42:53Z,2026-09-16T17:42:53Z
9359054003170,Musclenation Pistachio Papi Peanut Butter Cup,2026-09-16T17:42:53Z,2026-09-16T17:42:53Z
9359054003187,Musclenation Birthday Cake Peanut Butter Cup,2026-09-16T17:42:53Z,2026-09-16T17:42:53Z
9359054003194,MuscleNation Sour Cola Protein Water,2026-09-16T17:42:53Z,2026-09-16T17:42:53Z
9359054003200,MuscleNation Sour Blue Raspberry Protein Water,2026-09-16T17:42:53Z,2026-09-16T17:42:53Z
9359054003217,Muscle Nation Popcorn Choc-Dipped Milk Chocolate,2026-09-16T17:42:53Z,2026-09-16T17:42:53Z
9359059000082,Maggio’s Chocolate Mousse,2026-09-16T17:42:53Z,2026-09-16T17:42:53Z
9359067000142,Honey,2026-09-16T17:42:53Z,2026-09-16T17:42:53Z
9359067000159,Real Good honey Honey,2026-09-16T17:42:53Z,2026-09-16T17:42:53Z
9359067000166,Real Good Honey,2026-09-16T17:42:53Z,2026-09-16T17:42:53Z
9359067000173,Real Good Honey Wildflower Honey,2026-09-16T17:42:53Z,2026-09-16T17:42:53Z
9359074001743,MUSCLENATION READY TO DRINK SHAKE,2026-09-16T17:42:53Z,2026-09-16T17:42:53Z
9359076000010,Etch Sparkling RNG,2026-09-16T17:42:53Z,2026-09-16T17:42:53Z
9359081000005,GO RAW MINT ORGANIC MOUSSE 120G,2026-09-16T17:42:53Z,2026-09-17T13:43:43Z
9359081000012,CHOC HYPE ORGANIC MOUSSE 120G,2026-09-17T13:43:43Z,2026-09-17T13:43:43Z
9359081000043,GO RAW BOMB ORGANIC MOUSSE 120G,2026-09-17T13:43:43Z,2026-09-17T13:43:43Z
9359081000050,GO RAW NUTS ORGANIC MOUSSE 120G,2026-09-17T13:43:43Z,2026-09-17T13:43:43Z
9359081000067,VANILLA HAZE ORGANIC MOUSSE 120G,2026-09-16T17:42:53Z,2026-09-17T13:43:43Z
9359081000081,goraw desserts Organic Chocolate Mousse,2026-09-16T17:42:53Z,2026-09-16T17:42:53Z
9359084000132,Mischief Brew Lemonade,2026-09-16T17:42:53Z,2026-09-16T17:42:53Z
9359084000156,Mischief Brew Cola,2026-09-16T17:42:53Z,2026-09-16T17:42:53Z
9359084000170,Mischief Brew Ginger Ale,2026-09-16T17:42:53Z,2026-09-16T17:42:53Z
9359084000361,Grapefruit Mischief,2026-09-16T17:42:53Z,2026-09-16T17:42:53Z
9359084000385,Mischief Brew Sparkling Aperitivo,2026-09-16T17:42:53Z,2026-09-16T17:42:53Z
9359084000521,Mischief Brew X Flinders Food Co Quandong Soda,2026-09-16T17:42:53Z,2026-09-16T17:42:53Z
9359084000798,Mischief Brew Limoncello Apertivo Small Batch Natural Soda,2026-09-16T17:42:53Z,2026-09-16T17:42:53Z
9359091000040,VIT-HIT THE HYDRATOR,2026-09-16T17:42:53Z,2026-09-16T17:42:53Z
9359094000757,Muscle Science Protein Puffs Salt And Vinegar,2026-09-16T17:42:53Z,2026-09-16T17:42:53Z
9359102000014,"Greens & Goodness saucy garlic and parsley kiev 2 kievs, 350g total",2026-09-16T17:42:53Z,2026-09-16T17:42:53Z
9359102000038,Greens & Goodness Smoky Jalapeño Spiced Bites 290g,2026-09-16T17:42:53Z,2026-09-16T17:42:53Z
9359102000045,Golden Tempura Nuggets,2026-09-16T17:42:53Z,2026-09-16T17:42:53Z
9359107000026,The Curious Cabinet Sparkling Strawberry Shrub Elixir,2026-09-16T17:42:53Z,2026-09-16T17:42:53Z
9359115000131,Mosh Meal Shake,2026-09-16T17:42:53Z,2026-09-16T17:42:53Z
9359130000147,Little Urchin Natural Clear Zinc Sunscreen SPF 50 300g,2026-09-16T17:42:53Z,2026-09-16T17:42:53Z
9359133000007,FodBods Strawberry Shortcake Bar,2026-09-16T17:42:53Z,2026-09-16T17:42:53Z
9359133000021,Fod Bods Lamington bar,2026-09-16T17:42:53Z,2026-09-16T17:42:53Z
9359133000045,Rosemary and sea salt,2026-09-16T17:42:53Z,2026-09-16T17:42:53Z
9359133000069,Fodbods Nibbles Dark Chocolate,2026-09-16T17:42:53Z,2026-09-16T17:42:53Z
9359133000076,For Bods Strawberry Shortcake Buddies Bars,2026-09-16T17:42:53Z,2026-09-16T17:42:53Z
9359133000144,FOOD LABS DOUBLE CHOCOLATE PROTEIN BAR 50 g,2026-09-16T17:42:53Z,2026-09-16T17:42:53Z
9359133000199,Fod Bods Hazelnut Mocha Protein Bar,2026-09-16T17:42:53Z,2026-09-16T17:42:53Z
9359133000212,Fod Bods Gut Glow Porridge,2026-09-16T17:42:53Z,2026-09-16T17:42:53Z
9359133000229,Fodbods Cranberry Vanilla Nibbles,2026-09-16T17:42:53Z,2026-09-16T17:42:53Z
9359145000002,Cedar Creek Cloudy Apple Cider 325ml,2026-09-16T17:42:53Z,2026-09-16T17:42:53Z
9359145000064,Cedar Creek Clear Apple Cider 325ml,2026-09-16T17:42:53Z,2026-09-16T17:42:53Z
9359145000095,Cedar Creek Clear Sparkling Apple Juice (non-alcoholic) 375ml,2026-09-16T17:42:53Z,2026-09-16T17:42:53Z
9359145000125,Cedar Creek Cloudy Sparkling Apple Juice 375ml,2026-09-16T17:42:53Z,2026-09-16T17:42:53Z
9359147000079,RJN Cotton Candy Grapes,2026-09-16T17:42:53Z,2026-09-16T17:42:53Z
9359147000611,RJN Red Grapes Frozen,2026-09-16T17:42:53Z,2026-09-16T17:42:53Z
9359147000635,RJN Mixed Berries,2026-09-16T17:42:53Z,2026-09-16T17:42:53Z
9359148000269,THE MACEDON RANGERS EXTRA VIRGIN OLIVE OIL,2026-09-16T17:42:53Z,2026-09-16T17:42:53Z
9359148000368,The Macedon Ranges Pantry Lavosh,2026-09-16T17:42:53Z,2026-09-16T17:42:53Z
9359157000014,Kings Domain Melbourne Hair Crafting Clay 85g 85 g,2026-09-16T17:42:53Z,2026-09-16T17:42:53Z
9359157000045,Kings Domain Melbourne Texture Paste 85g 85 g,2026-09-16T17:42:53Z,2026-09-16T17:42:53Z
9359157000083,Kings Domain Melbourne Sea Salt Texture Spray 200mL 200 mL,2026-09-16T17:42:53Z,2026-09-16T17:42:53Z
9359157000090,Kings Domain Melbourne Volume Powder 6g 6 g,2026-09-16T17:42:53Z,2026-09-16T17:42:53Z
9359157000144,Kings Domain Melbourne Beach Curl Cream 140g 140 g,2026-09-16T17:42:53Z,2026-09-16T17:42:53Z
9359171000007,FUNDAY Fruity Flavoured Gummy Snakes 50,2026-09-16T17:42:53Z,2026-09-16T17:42:53Z
9359171000106,FUNDAY Natural Sweets Sour Cola Flavoured Bottles,2026-09-16T17:42:53Z,2026-09-16T17:42:53Z
9359171000113,Funday Strawberries and Cream Flavoured Gummies 50 g,2026-09-16T17:42:53Z,2026-09-16T17:42:53Z
9359171000175,Funday Strawberry and cream gummies,2026-09-16T17:42:53Z,2026-09-16T17:42:53Z
9359171000182,Funday Natural Sweets Party Mix,2026-09-16T17:42:53Z,2026-09-16T17:42:53Z
9359171000229,Funday Fruity Flavored Gummy Snakes,2026-09-16T17:42:53Z,2026-09-16T17:42:53Z
9359171000250,Funday Peach Flavored Gummy Hearts,2026-09-16T17:42:53Z,2026-09-16T17:42:53Z
9359171000304,Funday Peaches & Cream Flavoured Gummies,2026-09-16T17:42:53Z,2026-09-16T17:42:53Z
9359171000335,FUNDAY Strawberry & Cream Flavoured Gummies,2026-09-16T17:42:53Z,2026-09-16T17:42:53Z
9359171000342,FUNDAY Natural Sweets Party Mix,2026-09-16T17:42:53Z,2026-09-16T17:42:53Z
9359171000380,FUNDAY Natural Sweets Lollipops,2026-09-16T17:42:53Z,2026-09-16T17:42:53Z
9359171000397,Funday Lollipops,2026-09-16T17:42:53Z,2026-09-16T17:42:53Z
9359171000427,FUNDAY Natural Sweets Fruity Flavoured Koalas,2026-09-16T17:42:53Z,2026-09-16T17:42:53Z
9359171000441,Funday Fruity Chews,2026-09-16T17:42:53Z,2026-09-16T17:42:53Z
9359171000458,Funday Caramel Chews 45 g,2026-09-16T17:42:53Z,2026-09-16T17:42:53Z
9359171000489,FUNDAY Coconut Water Gummies Watermelon & Pineapple Flavoured,2026-09-16T17:42:53Z,2026-09-16T17:42:53Z
9359171000496,Funday Strawberry & Cream Flavoured Gummies,2026-09-16T17:42:53Z,2026-09-16T17:42:53Z
9359171000502,FUNDAY Raspberry Bullets White Chocolate Coated,2026-09-16T17:42:53Z,2026-09-16T17:42:53Z
9359171000519,FUNDAY Raspberry Bullets Milk Chocolate Coated,2026-09-16T17:42:53Z,2026-09-16T17:42:53Z
9359171000526,Funday Banana Bites Milk Chocolate Coated 50 g,2026-09-16T17:42:53Z,2026-09-16T17:42:53Z
9359171000533,FUNDAY Strawberry Bites Dark Chocolate Coated,2026-09-16T17:42:53Z,2026-09-16T17:42:53Z
9359192000048,Daily Beauty Berry,2026-09-16T17:42:53Z,2026-09-16T17:42:53Z
9359192000062,Daily Beauty Greens,2026-09-16T17:42:53Z,2026-09-16T17:42:53Z
9359192000161,Mister Jones Daily Beauty Protein+,2026-09-16T17:42:53Z,2026-09-16T17:42:53Z
9359192687485,Hoummous crème de sésame aux pois chiches,2026-09-16T17:42:53Z,2026-09-16T17:42:53Z
9359195799260,Cotton on foundation spearmint mints sugar free,2026-09-16T17:42:53Z,2026-09-16T17:42:53Z
9359196868620,Mints Peach,2026-09-16T17:42:53Z,2026-09-16T17:42:53Z
9359207000087,Doctors Proctors Beef Sticks Savoury 100 g,2026-09-16T17:42:53Z,2026-09-16T17:42:53Z
9359207000100,Doctor Proctors Beef Biltong,2026-09-16T17:42:53Z,2026-09-16T17:42:53Z
9359236000003,WHITEWOLF SMART ENERGY Cotton Candy flavor,2026-09-16T17:42:53Z,2026-09-16T17:42:53Z
9359236000010,Whitwolf smart energy,2026-09-16T17:42:53Z,2026-09-16T17:42:53Z
9359236000027,White Wolf Energy Whitewolf Smart Energy - Raspberry Lemonade,2026-09-16T17:42:53Z,2026-09-16T17:42:53Z
9359236000034,Smart energy creaming soda,2026-09-16T17:42:53Z,2026-09-16T17:42:53Z
9359236000058,WHITEWOLF NUTRITION WHEY BETTER PROTEIN creamy vanilla flavour,2026-09-16T17:42:53Z,2026-09-16T17:42:53Z
9359236000065,Whitewolf Whey Better Boosted With Collagen Chocolate,2026-09-16T17:42:53Z,2026-09-16T17:42:53Z
9359236000089,White Wolf Nutrition Whey Collagen Creamy Vanilla,2026-09-16T17:42:53Z,2026-09-16T17:42:53Z
9359236000096,WhiteWolf Chocolate Whey Protien,2026-09-16T17:42:53Z,2026-09-16T17:42:53Z
9359236000102,Whitewolf Banana Whey Better,2026-09-16T17:42:53Z,2026-09-16T17:42:53Z
9359236000126,White Wolf Whey Better Protein Chocolate,2026-09-16T17:42:53Z,2026-09-16T17:42:53Z
9359236000201,White Wolf Nutrition Pure Creatine,2026-09-16T17:42:53Z,2026-09-16T17:42:53Z
9359236000218,White Wolf Pineapple Mango Protein Water,2026-09-16T17:42:53Z,2026-09-16T17:42:53Z
9359236000263,White Wolf Protein H2O Tropical Sunrise + a touch of Raspberry,2026-09-16T17:42:53Z,2026-09-16T17:42:53Z
9359236000287,White Wolf Nutrition TRIMAG Raspberry Red Frog Flavour,2026-09-16T17:42:53Z,2026-09-16T17:42:53Z
9359236000348,Blackwolf Pre Watermalon,2026-09-16T17:42:53Z,2026-09-16T17:42:53Z
9359236000355,Black Wolf Nutrition Bubblegum Grape Pre-Workout,2026-09-16T17:42:53Z,2026-09-16T17:42:53Z
9359236000416,BlackWolf Creatine,2026-09-16T17:42:53Z,2026-09-16T17:42:53Z
9359236000447,White Wolf Nutrition Pre-Workout Lemonade Ice Block,2026-09-16T17:42:53Z,2026-09-16T17:42:53Z
9359236000553,"Black Wolf Pre-Workout, Skattered Rainbow Candy",2026-09-16T17:42:53Z,2026-09-16T17:42:53Z
9359236000577,Black Wolf ISO-Performance,2026-09-16T17:42:53Z,2026-09-16T17:42:53Z
9359236000584,Black Wolf whey protein isolate (double choc milk),2026-09-16T17:42:53Z,2026-09-16T17:42:53Z
9359236000591,BlackWolf Whey Isolate Strawberry,2026-09-16T17:42:53Z,2026-09-16T17:42:53Z
9359236000638,White Wolf Beta Alanine,2026-09-16T17:42:53Z,2026-09-16T17:42:53Z
9359236000850,White Wolf Nutrition Pure Creatine,2026-09-16T17:42:53Z,2026-09-16T17:42:53Z
9359237000002,MODE Salt Brushed Skin Davidson Plum + Forest Berry Vodka Seltzer,2026-09-16T17:42:53Z,2026-09-16T17:42:53Z
9359253000062,the broth sisters BONE BROTH,2026-09-16T17:42:53Z,2026-09-16T17:42:53Z
9359310000431,Kinetic Stainless steel braided hose 150mm,2026-09-16T17:42:53Z,2026-09-16T17:42:53Z
9359310000448,Kinetic Stainless steel braided hose 225mm,2026-09-16T17:42:53Z,2026-09-16T17:42:53Z
9359310000462,Kinetic Stainless steel water hose 450mm,2026-09-16T17:42:53Z,2026-09-16T17:42:53Z
9359310001186,Kinetic Mini Cistern Cock 15mm (1/2’’ BSP),2026-09-16T17:42:53Z,2026-09-16T17:42:53Z
9359314000024,genius deliciously gluten free,2026-09-16T17:42:53Z,2026-09-16T17:42:53Z
9359334000127,SnackBoy Hazelnut Brownie Protein Ball,2026-09-16T17:42:53Z,2026-09-16T17:42:53Z
9359338000062,Lychee iced tea 200 g,2026-09-16T17:42:53Z,2026-09-16T17:42:53Z
9359338000079,Passion fruit iced tea 280 g,2026-09-16T17:42:53Z,2026-09-16T17:42:53Z
9359338000109,Chatime Brown Sugar Milk Tea Kit 200 g,2026-09-16T17:42:53Z,2026-09-16T17:42:53Z
9359338000116,Choc Milk Tea 200 g,2026-09-16T17:42:53Z,2026-09-16T17:42:53Z
9359338000123,Thai Milk Tea Bubble tea kit.,2026-09-16T17:42:53Z,2026-09-16T17:42:53Z
9359338000154,Brown Sugar Milk Tea,2026-09-16T17:42:53Z,2026-09-16T17:42:53Z
9359338000178,Cha time Thai milk tea,2026-09-16T17:42:53Z,2026-09-16T17:42:53Z
9359360948585,Birds chocolate chip cookies,2026-09-16T17:42:53Z,2026-09-16T17:42:53Z
9359378000015,On The Side Pickled Baby Figs In Syrup,2026-09-16T17:42:53Z,2026-09-16T17:42:53Z
9359392000046,Byron Bay Kalamata Olive 370g,2026-09-16T17:42:53Z,2026-09-16T17:42:53Z
9359394000075,The Ugly Mug Tonkotsu Ramen Bone Broth,2026-09-16T17:42:53Z,2026-09-16T17:42:53Z
9359397245565,Ravioli au saumon fondue d'épinards 290 g,2026-09-16T17:42:53Z,2026-09-16T17:42:53Z
9359400000020,Calm And Stormy Red Grape,2026-09-16T17:42:53Z,2026-09-16T17:42:53Z
9359405000032,"Smug AF Mojito Non-alcoholic White Rum, Garden Mint And Lime",2026-09-16T17:42:53Z,2026-09-16T17:42:53Z
9359407000313,Hismile Teeth Whitening PAP+ Strips 14 stuks,2026-09-16T17:42:53Z,2026-09-16T17:42:53Z
9359407000573,Hismile Elektrische Tandenborstel roze,2026-09-16T17:42:53Z,2026-09-16T17:42:53Z
9359407000924,Hismile Elektrische Tandenborstel blauw,2026-09-16T17:42:53Z,2026-09-16T17:42:53Z
9359407001297,Hismile Barbie Elektrische Tandenborstel roze,2026-09-16T17:42:53Z,2026-09-16T17:42:53Z
9359407001303,Hismile Barbie Opzetborstel roze,2026-09-16T17:42:53Z,2026-09-16T17:42:53Z
9359407002140,Hismile Opzetborstel blauw,2026-09-16T17:42:53Z,2026-09-16T17:42:53Z
9359407002195,Hismile Opzetborstel roze,2026-09-16T17:42:53Z,2026-09-16T17:42:53Z
9359407002416,COLOUR CORRECTION TECHNOLOGY TEETH WHITENING 34 wh,2026-09-16T17:42:53Z,2026-09-16T17:42:53Z
9359407002539,Hismile Fluoride & Toothpaste Watermelon 100g 100 g,2026-09-16T17:42:53Z,2026-09-16T17:42:53Z
9359407002546,Hismile Fluoride & Toothpaste Grape Bubblegum 100g 100 g,2026-09-16T17:42:53Z,2026-09-16T17:42:53Z
9359407002553,Hismile Toothpaste Strawberry 100g 100 g,2026-09-16T17:42:53Z,2026-09-16T17:42:53Z
9359407002560,Hismile Fluoride & Toothpaste Blue Raspberry 100g 100 g,2026-09-16T17:42:53Z,2026-09-16T17:42:53Z
9359407002591,Hismile Fluoride & Toothpaste Reese's Peanut Butter Cup 100g 100 g,2026-09-16T17:42:53Z,2026-09-16T17:42:53Z
9359407002638,Hismile Teeth Whitening Strips 7 pack,2026-09-16T17:42:53Z,2026-09-16T17:42:53Z
9359407002720,Hismile Fluoride & Toothpaste Classic Mint 100g 100 g,2026-09-16T17:42:53Z,2026-09-16T17:42:53Z
9359407002737,Hismile Electric Toothbrush Sugar Pop,2026-09-16T17:42:53Z,2026-09-16T17:42:53Z
9359407002744,Hismile Electric Toothbrush Milky Way 1 pcs,2026-09-16T17:42:53Z,2026-09-16T17:42:53Z
9359408000145,MADE TO MILK DELUXE HOT CHOCOLATE,2026-09-16T17:42:53Z,2026-09-16T17:42:53Z
9359408000190,Made To Milk White Choc And Macadamia Cookies,2026-09-16T17:42:53Z,2026-09-16T17:42:53Z
9359408000206,Made To Milk Deluxe Cookie - Triple Choc,2026-09-16T17:42:53Z,2026-09-16T17:42:53Z
9359408000237,MADE TO MILK BLONDIE MUG CAKE MIX,2026-09-16T17:42:53Z,2026-09-16T17:42:53Z
9359408000374,Made To Milk Caramel Crème,2026-09-16T17:42:53Z,2026-09-16T17:42:53Z
9359412000001,Cong Thanh Stir Fry,2026-09-16T17:42:53Z,2026-09-16T17:42:53Z
9359412000018,Lotus Food Pho Noodles,2026-09-16T17:42:53Z,2026-09-16T17:42:53Z
9359412000025,Cong Thanh Banh Canh,2026-09-16T17:42:53Z,2026-09-16T17:42:53Z
9359412000032,Rolled noddles,2026-09-16T17:42:53Z,2026-09-16T17:42:53Z
9359412000049,Cong Thanh Vermicelli,2026-09-16T17:42:53Z,2026-09-16T17:42:53Z
9359427000096,Redheads Turbo Gasmatch each,2026-09-16T17:42:53Z,2026-09-16T17:42:53Z
9359439000015,Pink grapefruit Previotic drink,2026-09-16T17:42:53Z,2026-09-16T17:42:53Z
9359439000022,Lemon lime bitters,2026-09-16T17:42:53Z,2026-09-16T17:42:53Z
9359440000097,Butter wholemeal 100 g,2026-09-16T17:42:53Z,2026-09-16T17:42:53Z
9359455000006,Pop box popcorn,2026-09-16T17:42:53Z,2026-09-16T17:42:53Z
9359455000013,Pop Box Popcorn Box,2026-09-16T17:42:53Z,2026-09-16T17:42:53Z
9359455000020,PopBox Sweet & Salty Microwave Popcorn,2026-09-16T17:42:53Z,2026-09-16T17:42:53Z
9359455000051,Pop Box Mega Butter Flavour Microwave Popcorn,2026-09-16T17:42:53Z,2026-09-16T17:42:53Z
9359455000136,The Good Popcorn Pop Box Caramel Crunch,2026-09-16T17:42:53Z,2026-09-16T17:42:53Z
9359467002531,MOUNTAIN CULTURE TFPALE4*355ML,2026-09-16T17:42:53Z,2026-09-16T17:42:53Z
9359472000010,Bega Peanut Butter,2026-09-16T17:42:53Z,2026-09-16T17:42:53Z
9359477000275,Cacao Macadamia,2026-09-16T17:42:53Z,2026-09-16T17:42:53Z
9359477000312,Cacao Macaron,2026-09-16T17:42:53Z,2026-09-16T17:42:53Z
9359477000336,Cacao Petit Macaroon,2026-09-16T17:42:53Z,2026-09-16T17:42:53Z
9359477000763,Cacao Macarons,2026-09-16T17:42:53Z,2026-09-16T17:42:53Z
9359481050785,Bonds Men's Action Brief Size M 5 Pack,2026-09-16T17:42:53Z,2026-09-16T17:42:53Z
9359481053014,Bonds Mens Hipster Briefs Size L 5 Pack,2026-09-16T17:42:53Z,2026-09-16T17:42:53Z
9359481733381,Bonds Mens Base Trunk Size XL 2 Pack,2026-09-16T17:42:53Z,2026-09-16T17:42:53Z
9359481933835,Bonds Ladies Super Soft Crew Socks Pink Size 3+ 2 pack,2026-09-16T17:42:53Z,2026-09-16T17:42:53Z
9359481933842,Bonds Ladies Super Soft Crew Socks Pink Size 8+ 2 pack,2026-09-16T17:42:53Z,2026-09-16T17:42:53Z
9359481933859,Bonds Mens Super Soft Crew Socks Size 11+ 2 pack,2026-09-16T17:42:53Z,2026-09-16T17:42:53Z
9359481933866,Bonds Mens Super Soft Crew Socks Size 6+ 2 pack,2026-09-16T17:42:53Z,2026-09-16T17:42:53Z
9359487000029,Xin Yong Zhen Vegetable Bun,2026-09-16T17:42:53Z,2026-09-16T17:42:53Z
9359487000180,Xin Young Zhen Vegetable Pork Bun,2026-09-16T17:42:53Z,2026-09-16T17:42:53Z
9359490000009,NAKED HARVEST NAKED BAR PROTEIN & COLLAGEN BAR DOUBLE CHOC FUDGE FLAVOUR,2026-09-16T17:42:53Z,2026-09-16T17:42:53Z
9359490000023,Naked Harvest Naked Mousse Vegan Chocolate Mousse Mix,2026-09-16T17:42:53Z,2026-09-16T17:42:53Z
9359490000047,Naked Harvest Cookies And Cream Plant Protein,2026-09-16T17:42:53Z,2026-09-16T17:42:53Z
9359490000061,Naked Harvest Thrive Plant Protein Vanilla Pancake Batter Flavour,2026-09-16T17:42:53Z,2026-09-16T17:42:53Z
9359490000078,NAKED HARVEST THRIVE PLANT PROTEIN Chocolate Swirl Flavour,2026-09-16T17:42:53Z,2026-09-16T17:42:53Z
9359490000115,Thrive plant protein,2026-09-16T17:42:53Z,2026-09-16T17:42:53Z
9359490000122,Naked Harvest Chocolate Swirl Protein Powder,2026-09-16T17:42:53Z,2026-09-16T17:42:53Z
9359490000252,Naked Harvest Grape natural pre-workout,2026-09-16T17:42:53Z,2026-09-16T17:42:53Z
9359490000641,Naked Harvest Supplements Natural Pre-Workout Blueberry Lemonade,2026-09-16T17:42:53Z,2026-09-16T17:42:53Z
9359490000689,Cherry cola,2026-09-16T17:42:53Z,2026-09-16T17:42:53Z
9359490000696,Nu Harvest Gorgeous Greens Mango Magic Flavour,2026-09-16T17:42:53Z,2026-09-16T17:42:53Z
9359490000719,Naked harvest Pure collagen,2026-09-16T17:42:53Z,2026-09-16T17:42:53Z
9359490000733,Chocolate Moon Mylk,2026-09-16T17:42:53Z,2026-09-16T17:42:53Z
9359490000740,Naked Harvest Moon Mylk Chocolate,2026-09-16T17:42:53Z,2026-09-16T17:42:53Z
9359490000757,Naked Harvest Collagen,2026-09-16T17:42:53Z,2026-09-16T17:42:53Z
9359490000771,Naked harvest Moon mylk,2026-09-16T17:42:53Z,2026-09-16T17:42:53Z
9359490001051,Naked Bites,2026-09-16T17:42:53Z,2026-09-16T17:42:53Z
9359490001099,Naked harvest Preworkout (sour worms),2026-09-16T17:42:53Z,2026-09-16T17:42:53Z
9359490001105,Naked harvest Banana lolly gorgeous greens,2026-09-16T17:42:53Z,2026-09-16T17:42:53Z
9359490001167,Thrive Plant Protein,2026-09-16T17:42:53Z,2026-09-16T17:42:53Z
9359490001174,Naked Harvest BCAA + Hydration Bubblegum Grape,2026-09-16T17:42:53Z,2026-09-16T17:42:53Z
9359490001440,Naked Mud Cake,2026-09-16T17:42:53Z,2026-09-16T17:42:53Z
9359490001570,Naked harvest Naked bar,2026-09-16T17:42:53Z,2026-09-16T17:42:53Z
9359490001723,Nu Harvest Mango Passion fruit Pre-workout,2026-09-16T17:42:53Z,2026-09-16T17:42:53Z
9359490001730,Naked harvest Gorgeous greens pineapple punch,2026-09-16T17:42:53Z,2026-09-16T17:42:53Z
9359490001785,Nu Harvest White Chocolate Carmel Swirl Protein Powder,2026-09-16T17:42:53Z,2026-09-16T17:42:53Z
9359490001884,Naked Harvest Sour Peach Natural Pre-Workout Stim Free,2026-09-16T17:42:53Z,2026-09-16T17:42:53Z
9359490001907,Naked Harvest Creatine,2026-09-16T17:42:53Z,2026-09-16T17:42:53Z
9359490001921,NAKED HARVEST BUSY GAL ALL-IN-ONE SHAKE,2026-09-16T17:42:53Z,2026-09-16T17:42:53Z
9359490002065,Naked Harvest Lychee Collagen Jelly Mix,2026-09-16T17:42:53Z,2026-09-16T17:42:53Z
9359490002089,Naked Harvest Collagen,2026-09-16T17:42:53Z,2026-09-16T17:42:53Z
9359490002232,Nu Harvest Strawberry Gorgeous Greens,2026-09-16T17:42:53Z,2026-09-16T17:42:53Z
9359490002249,Nu Harvest Gorgeous Greens Strawberry burst,2026-09-16T17:42:53Z,2026-09-16T17:42:53Z
9359490002270,Naked Harvest Moon Mylk White Chocolate Caramel,2026-09-16T17:42:53Z,2026-09-16T17:42:53Z
9359490002300,Naked Harvest Naked Mug Cake Salted Caramel,2026-09-16T17:42:53Z,2026-09-16T17:42:53Z
9359490002324,Nu Harvest Naked Mug Cake Salted Caramel,2026-09-16T17:42:53Z,2026-09-16T17:42:53Z
9359490002331,Naked Harvest Thrive Plant Protein Birthday Cake Flavour,2026-09-16T17:42:53Z,2026-09-16T17:42:53Z
9359490002386,Naked Harvest Chocolate Malt Moon Mylk,2026-09-16T17:42:53Z,2026-09-16T17:42:53Z
9359490002423,Naked Harvest Naked Bakes Chocolate Fudge Protein Muffin Mix,2026-09-16T17:42:53Z,2026-09-16T17:42:53Z
9359490002430,Naked Harvest Vanilla Protein Pancakes,2026-09-16T17:42:53Z,2026-09-16T17:42:53Z
9359490002447,NU HARVEST THRIVE PLANT PROTEIN CHOCOLATE MALT FLAVOUR,2026-09-16T17:42:53Z,2026-09-16T17:42:53Z
9359490002478,Nu Harvest Creaming Soda Stim Free Pre Workout,2026-09-16T17:42:53Z,2026-09-16T17:42:53Z
9359490002508,Naked Harvest Caramel Biscuit Protein,2026-09-16T17:42:53Z,2026-09-16T17:42:53Z
9359490002539,Naked Harvest Thrive Plant Protein White Chocolate Caramel Swirl,2026-09-16T17:42:53Z,2026-09-16T17:42:53Z
9359490002553,Naked Harvest Naked Bakes,2026-09-16T17:42:53Z,2026-09-16T17:42:53Z
9359490002676,Naked Harvest Thrive Plant Protein Gingerbread Cookie Flavour,2026-09-16T17:42:53Z,2026-09-16T17:42:53Z
9359490002683,Naked Harvest Caramel Biscuit Flavour Moon Mylk,2026-09-16T17:42:53Z,2026-09-16T17:42:53Z
9359490002690,Nu Harvest Busy Gal All-In-One Shake Chocolate Malt Flavour,2026-09-16T17:42:53Z,2026-09-16T17:42:53Z
9359490002713,Naked Harvest Lychee Strawberry Protein Water,2026-09-16T17:42:53Z,2026-09-16T17:42:53Z
9359490002720,Naked Harvest Thrive Plant Protein Water,2026-09-16T17:42:53Z,2026-09-16T17:42:53Z
9359490002775,Nu Harvest Matcha Latte,2026-09-16T17:42:53Z,2026-09-16T17:42:53Z
9359490002805,Naked Harvest Strawberry Kiwi Electrolytes,2026-09-16T17:42:53Z,2026-09-16T17:42:53Z
9359490002829,Nu Harvest Thrive Plant Protein Chocolate Swirl,2026-09-16T17:42:53Z,2026-09-16T17:42:53Z
9359490002836,Naked Harvest Thrive Plant Protein Water - Tropical Punch,2026-09-16T17:42:53Z,2026-09-16T17:42:53Z
9359490002843,Nu Harvest Thrive Plant Protein Water,2026-09-16T17:42:53Z,2026-09-16T17:42:53Z
9359490002898,Nu Harvest Performance Plant Protein + L-glutamine ++ Creatine Vanilla Ice Cream Flavour 400 g,2026-09-16T17:42:53Z,2026-09-16T17:42:53Z
9359490002928,NU HARVEST BEAUTY SLEEP MOON MYLK & COLLAGEN,2026-09-16T17:42:53Z,2026-09-16T17:42:53Z
9359490003147,Nu Harvest Cinnamon Scroll Moon Milk,2026-09-16T17:42:53Z,2026-09-16T17:42:53Z
9359492000168,Billee's Chocolate Milk Choc Bunny 250g,2026-09-16T17:42:53Z,2026-09-16T17:42:53Z
9359492000380,BILLES Dark Choc Pretzels,2026-09-16T17:42:53Z,2026-09-16T17:42:53Z
9359505000109,Burleigh Drinks Co Lemon And Lime Sparkling Water,2026-09-16T17:42:53Z,2026-09-16T17:42:53Z
9359509000655,Japanese chicken curry,2026-09-16T17:42:53Z,2026-09-16T17:42:53Z
9359514000060,Riverina Jerky Chilli & Garlic Jerky,2026-09-16T17:42:53Z,2026-09-16T17:42:53Z
9359527000019,milk choc protein,2026-09-16T17:42:53Z,2026-09-16T17:42:53Z
9359527000095,Protein fudge bar 40 g,2026-09-16T17:42:53Z,2026-09-16T17:42:53Z
9359527000149,SNACKN WPI Protein Milk Chocolate Flavour 450 g,2026-09-16T17:42:53Z,2026-09-16T17:42:53Z
9359527000194,Snack’N White Choc Protein Powder,2026-09-16T17:42:53Z,2026-09-16T17:42:53Z
9359527000217,Snackn WPI Protein White Chocolate Flavour,2026-09-16T17:42:53Z,2026-09-16T17:42:53Z
9359527000248,Snackń Protein powder,2026-09-16T17:42:53Z,2026-09-16T17:42:53Z
9359531000012,RED CACAO Toasted Almond & Vanilla Caramel,2026-09-16T17:42:53Z,2026-09-16T17:42:53Z
9359535000001,Little Victories coconut rough,2026-09-16T17:42:53Z,2026-09-16T17:42:53Z
9359541000033,"Grazing Chocolate For Cheese Plum, Pear & Pepper Berry Dark Chocolate 58%",2026-09-16T17:42:53Z,2026-09-16T17:42:53Z
9359541000439,Finch Ave Orange & Almond Dark Chocolate 52%,2026-09-16T17:42:53Z,2026-09-16T17:42:53Z
9359559563957,Aux fruits bifidus activia 0%,2026-09-16T17:42:53Z,2026-09-16T17:42:53Z
9359577000250,The Chocolate Society Vanilla Syrup,2026-09-16T17:42:53Z,2026-09-16T17:42:53Z
9359610000049,1824 Australian Wagyu Burger,2026-09-16T17:42:53Z,2026-09-16T17:42:53Z
9359633000019,Vanilla Yoghurt and Oats,2026-09-16T17:42:53Z,2026-09-16T17:42:53Z
9359643000030,Spiced Ginger Beer,2026-09-16T17:42:53Z,2026-09-16T17:42:53Z
9359663000232,Monday Distillery Native Bellini,2026-09-16T17:42:53Z,2026-09-16T17:42:53Z
9359666000017,Restaurant Sandwich Bread Simmons Bakery,2026-09-16T17:42:53Z,2026-09-16T17:42:53Z
9359676000007,YOUR CONDIMENT CO MUSTARD DIJON,2026-09-16T17:42:53Z,2026-09-16T17:42:53Z
9359676000014,The Condiment Co Mustard Wholegrain,2026-09-16T17:42:53Z,2026-09-16T17:42:53Z
9359676000021,Your Condiment Co Mustard Hot English,2026-09-16T17:42:53Z,2026-09-16T17:42:53Z
9359676000038,THE CONDIMENT CO MUSTARD MILD ENGLISH,2026-09-16T17:42:53Z,2026-09-16T17:42:53Z
9359676000045,YOUR CONDIMENT CO CRANBERRY SAUCE,2026-09-16T17:42:53Z,2026-09-16T17:42:53Z
9359680000017,Cremorne Creamery Cookies & Cream,2026-09-16T17:42:53Z,2026-09-16T17:42:53Z
9359680000024,Tripple chocolate,2026-09-16T17:42:53Z,2026-09-16T17:42:53Z
9359680000048,Chocolate peanut butter ripple,2026-09-16T17:42:53Z,2026-09-16T17:42:53Z
9359689000001,Balanced Beef Bowl,2026-09-16T17:42:53Z,2026-09-16T17:42:53Z
9359689000018,Wholesome bowl noodles,2026-09-16T17:42:53Z,2026-09-16T17:42:53Z
9359689000025,Cheerful chicken bowl,2026-09-16T17:42:53Z,2026-09-16T17:42:53Z
9359689000049,Wholesome Bowl Noodles (Pepper Chicken),2026-09-16T17:42:53Z,2026-09-16T17:42:53Z
9359689000056,Wholesome Bowl Noodles (Spicy Mushroom),2026-09-16T17:42:53Z,2026-09-16T17:42:53Z
9359689000063,Wholesome Bowl Pho Style Beef,2026-09-16T17:42:53Z,2026-09-16T17:42:53Z
9359689000070,Wholesome Bowl Pho Style Beef,2026-09-16T17:42:53Z,2026-09-16T17:42:53Z
9359689000087,Wholesome Bowl Spicy Mushroom Noodles,2026-09-16T17:42:53Z,2026-09-16T17:42:53Z
9359689000094,Wholesome Bowl Pepper Chicken Noodles,2026-09-16T17:42:53Z,2026-09-16T17:42:53Z
9359707000051,Taste Japanese Teriyaki Meatballs,2026-09-16T17:42:53Z,2026-09-16T17:42:53Z
9359707000075,Taste,2026-09-16T17:42:53Z,2026-09-16T17:42:53Z
9359707000181,Italian meatballs recipe base,2026-09-16T17:42:53Z,2026-09-16T17:42:53Z
9359707000198,Creamy Chicken Recipe Base,2026-09-16T17:42:53Z,2026-09-16T17:42:53Z
9359707000242,Chilli con carne,2026-09-16T17:42:53Z,2026-09-16T17:42:53Z
9359712000015,Turkish bread,2026-09-16T17:42:53Z,2026-09-16T17:42:53Z
9359712000169,Stonebaked vienna sourdough light rye - Bake Haven,2026-09-16T17:42:53Z,2026-09-16T17:42:53Z
9359720000007,The Local Yolk X-Large Free Range Eggs,2026-09-16T17:42:53Z,2026-09-16T17:42:53Z
9359721000020,Larder Thai Massman Curry,2026-09-16T17:42:53Z,2026-09-16T17:42:53Z
9359726000148,That’s Alotta Donuts Cookies & Cream Donut,2026-09-16T17:42:53Z,2026-09-16T17:42:53Z
9359726000476,That’s Alotta Donuts Chocolate Muffin,2026-09-16T17:42:53Z,2026-09-16T17:42:53Z
9359726000568,That’s Alotta Donuts Banana Bread,2026-09-16T17:42:53Z,2026-09-16T17:42:53Z
9359726000575,That’s Alotta Donuts Vanilla Slice,2026-09-16T17:42:53Z,2026-09-16T17:42:53Z
9359726001039,That's Alotta Donuts Strawberry Donut,2026-09-16T17:42:53Z,2026-09-16T17:42:53Z
9359726001053,Generic Custard Tart,2026-09-16T17:42:53Z,2026-09-16T17:42:53Z
9359726001114,That's Alotta Sweets Custard Tart,2026-09-16T17:42:53Z,2026-09-16T17:42:53Z
9359726001145,Alotta Donuts Custard Slice,2026-09-16T17:42:53Z,2026-09-16T17:42:53Z
9359756000019,Coles Rest Bite Cherry Chocolate,2026-09-16T17:42:53Z,2026-09-16T17:42:53Z
9359756000040,Mood Boost Chocolate Brownie,2026-09-16T17:42:53Z,2026-09-16T17:42:53Z
9359756000125,Mood Food Caramel chocolate,2026-09-16T17:42:53Z,2026-09-16T17:42:53Z
9359756000170,The Mood Food Coffee Chocolate,2026-09-16T17:42:53Z,2026-09-16T17:42:53Z
9359756000262,The Mood Food Company Wellbeing Bars Chocolate Brownie,2026-09-16T17:42:53Z,2026-09-16T17:42:53Z
9359756000279,The Mood Food Company Chocolate Brownie Wellbeing Bar,2026-09-16T17:42:53Z,2026-09-16T17:42:53Z
9359756000330,The Mood Food Company Cherry Chocolate Bites 14 x 25 g,2026-09-16T17:42:53Z,2026-09-16T17:42:53Z
9359756000354,The Mood Food Company Protein Milk Choc Crisp Balls,2026-09-16T17:42:53Z,2026-09-16T17:42:53Z
9359756000361,The Mood Food Company Milk Crisp Balls,2026-09-16T17:42:53Z,2026-09-16T17:42:53Z
9359756000385,The Mood Food Company Salted Caramel Choc Crisp Balls,2026-09-16T17:42:53Z,2026-09-16T17:42:53Z
9359765000284,Streat Gingerbread Stars,2026-09-16T17:42:53Z,2026-09-16T17:42:53Z
9359766000078,Welle The Evening Elixir 150 g,2026-09-16T17:42:53Z,2026-09-16T17:42:53Z
9359766000108,WelleCo THE EVENING ELIXIR 150 g,2026-09-16T17:42:53Z,2026-09-16T17:42:53Z
9359766000160,Welleco The Super Elixir,2026-09-16T17:42:53Z,2026-09-16T17:42:53Z
9359766000177,WelleCo THE SUPER ELIXIR,2026-09-16T17:42:53Z,2026-09-16T17:42:53Z
9359766000184,WelleCo The Super Elixir Daily Greens Original 300 g,2026-09-16T17:42:53Z,2026-09-16T17:42:53Z
9359766000191,WelleCo THE SUPER ELIXIR DAILY GREENS BLOOD ORANGE 300 g,2026-09-16T17:42:53Z,2026-09-16T17:42:53Z
9359766000276,Welleo The Super Elixir Daily Greens Unflavoured,2026-09-16T17:42:53Z,2026-09-16T17:42:53Z
9359766000344,WelleCo Nourishing Protein,2026-09-16T17:42:53Z,2026-09-16T17:42:53Z
9359766000429,WelleCo THE SUPER ELIXIR DAILY GREENS MIXED BERRY,2026-09-16T17:42:53Z,2026-09-16T17:42:53Z
9359766000559,WelleCo The Hydro Protein Elixir,2026-09-16T17:42:53Z,2026-09-16T17:42:53Z
9359766000566,Wellco The Hydro Protein Elixir,2026-09-16T17:42:53Z,2026-09-16T17:42:53Z
9359766000573,WelleCo THE HYDRO PROTEIN ELIXIR 270 g,2026-09-16T17:42:53Z,2026-09-16T17:42:53Z
9359766000597,Welle Hydro Protein Elixir,2026-09-16T17:42:53Z,2026-09-16T17:42:53Z
9359766000610,WelleCo THE HYDRO PROTEIN ELIXIR,2026-09-16T17:42:53Z,2026-09-16T17:42:53Z
9359768000007,Gut Health with spirulina and probiotics,2026-09-16T17:42:53Z,2026-09-16T17:42:53Z
9359768000014,Daily Ritual Energy blend 150g,2026-09-16T17:42:53Z,2026-09-16T17:42:53Z
9359768000021,Daily Ritual Recovery Blend with Magnesium & Zinc,2026-09-16T17:42:53Z,2026-09-16T17:42:53Z
9359768000045,vit c,2026-09-16T17:42:53Z,2026-09-16T17:42:53Z
9359768000090,Daily Ritual Inner glow,2026-09-16T17:42:53Z,2026-09-16T17:42:53Z
9359769000181,Papa Macros Papa’s Beef Lasagna GAIN,2026-09-16T17:42:53Z,2026-09-16T17:42:53Z
9359769000396,Papa Macros Mongolian Beef Bowl,2026-09-16T17:42:53Z,2026-09-16T17:42:53Z
9359769000402,Papa Macros Mongolian Beef Bowl Gain,2026-09-16T17:42:53Z,2026-09-16T17:42:53Z
9359769000464,Papa macros Beef Burrito Bowl,2026-09-16T17:42:53Z,2026-09-16T17:42:53Z
9359769000471,Papa Macros Chicken Parmigiana & Fries LEAN,2026-09-16T17:42:53Z,2026-09-16T17:42:53Z
9359769000488,Papa Macros Chicken Parmi & Fries GAIN,2026-09-16T17:42:53Z,2026-09-16T17:42:53Z
9359769000525,Papa Macros Slow Cooked Beef Ragu Lean,2026-09-16T17:42:53Z,2026-09-16T17:42:53Z
9359769000532,Papa Macros Slow Cooked Beef Ragu GAIN,2026-09-16T17:42:53Z,2026-09-16T17:42:53Z
9359769000587,Papa Macros Beef Curry Gain,2026-09-16T17:42:53Z,2026-09-16T17:42:53Z
9359769000723,Papa Macros Butter Chicken Low Carb,2026-09-16T17:42:53Z,2026-09-16T17:42:53Z
9359769000730,Papa Macros BBQ Chicken Low Carb,2026-09-16T17:42:53Z,2026-09-16T17:42:53Z
9359769000891,Papa Macros Spaghetti Bolognese Lean,2026-09-16T17:42:53Z,2026-09-16T17:42:53Z
9359769000945,Papa Macros Chilli Chicken Stir Fry,2026-09-16T17:42:53Z,2026-09-16T17:42:53Z
9359769000952,Papa Macros Chilli Chicken Stir Fry Gain,2026-09-16T17:42:53Z,2026-09-16T17:42:53Z
9359769000983,Papa Macros Corn And Zucchini Fritters,2026-09-16T17:42:53Z,2026-09-16T17:42:53Z
9359769001010,Papa Macros Rump Steak & Jasmine Rice Gain,2026-09-16T17:42:53Z,2026-09-16T17:42:53Z
9359769001072,Papa Macros Salmon Poke Bowl Low Carb,2026-09-16T17:42:53Z,2026-09-16T17:42:53Z
9359769001089,Papa Macros Salmon Poke Bowl Gain,2026-09-16T17:42:53Z,2026-09-16T17:42:53Z
9359769001102,Papa Macros Chicken Schnitzel Lean,2026-09-16T17:42:53Z,2026-09-16T17:42:53Z
9359769001119,Papa Macros Chicken Schnitzel Gain,2026-09-16T17:42:53Z,2026-09-16T17:42:53Z
9359769001157,Papa Macros Lamb Shoulder Ragu Low Carb,2026-09-16T17:42:53Z,2026-09-16T17:42:53Z
9359769001164,Papa Macros Beef Noodle Stir Fry LEAN,2026-09-16T17:42:53Z,2026-09-16T17:42:53Z
9359769001171,Papa Macros Beef Noodle Stir Fry Gain,2026-09-16T17:42:53Z,2026-09-16T17:42:53Z
9359769001188,Papa Macros Grilled Chicken & Roast Potato Lean,2026-09-16T17:42:53Z,2026-09-16T17:42:53Z
9359769001195,Papa Macros Grilled Chicken & Roast Potato Gain,2026-09-16T17:42:53Z,2026-09-16T17:42:53Z
9359769001201,Gain Sphagetti Bolognese,2026-09-16T17:42:53Z,2026-09-16T17:42:53Z
9359769001225,Papa Macros Chicken Scnitzel GAIN,2026-09-16T17:42:53Z,2026-09-16T17:42:53Z
9359769001232,Papa Macros Lamb Shank Low Carb,2026-09-16T17:42:53Z,2026-09-16T17:42:53Z
9359769001249,Papa Macros Lamb Shanks Gain,2026-09-16T17:42:53Z,2026-09-16T17:42:53Z
9359769001256,Papa Macros Rump Steak And Jasmine Rice - Lean,2026-09-16T17:42:53Z,2026-09-16T17:42:53Z
9359769001263,Papa Macros Rump Steak & Jasmin Rice GAIN,2026-09-16T17:42:53Z,2026-09-16T17:42:53Z
9359769001270,Papa Macros Cajun Chicken Lean,2026-09-16T17:42:53Z,2026-09-16T17:42:53Z
9359769001287,Papa Macros Cajun Chicken Gain,2026-09-16T17:42:53Z,2026-09-16T17:42:53Z
9359769001348,Papa Macros Blueberry Protein Pancakes,2026-09-16T17:42:53Z,2026-09-16T17:42:53Z
9359769001362,Papa Macros Beef Stroganoff Gain,2026-09-16T17:42:53Z,2026-09-16T17:42:53Z
9359769001386,Papa Macros Teriyaki Chicken & Sushi Rice GAIN,2026-09-16T17:42:53Z,2026-09-16T17:42:53Z
9359769001393,Papa Macros Chickea Zucchini Balls,2026-09-16T17:42:53Z,2026-09-16T17:42:53Z
9359769001409,Papa Macros High Protien Korean Fried Chicken,2026-09-16T17:42:53Z,2026-09-16T17:42:53Z
9359769001416,Papa Macros High Protein Buffalo Ranch Chicken Pasta (Aussie Fitness),2026-09-16T17:42:53Z,2026-09-16T17:42:53Z
9359769001423,Aussie Fitness by Papa Macros High Protein Loaded Beef Taco Bowl,2026-09-16T17:42:53Z,2026-09-16T17:42:53Z
9359769001447,Papa Macros Salsa Verde Barramundi High Protein,2026-09-16T17:42:53Z,2026-09-16T17:42:53Z
9359769001454,Papa Macros Salsa Verde Barramundi LOW CARB,2026-09-16T17:42:53Z,2026-09-16T17:42:53Z
9359769001461,Papa macros Honey Garlic Chicken Noodle,2026-09-16T17:42:53Z,2026-09-16T17:42:53Z
9359769001485,Papa Macros Creamy Garlic Chicken And Potato,2026-09-16T17:42:53Z,2026-09-16T17:42:53Z
9359769001492,Papa Macros Nando's Chicken And Rice,2026-09-16T17:42:53Z,2026-09-16T17:42:53Z
9359769001508,Papa Macros Christy Chilli Beef And Fried Rice,2026-09-16T17:42:53Z,2026-09-16T17:42:53Z
9359769001515,Papa Macros Honey BBQ Chicken Mac & Cheese,2026-09-16T17:42:53Z,2026-09-16T17:42:53Z
9359769001713,Papa Macros Satay Chicken Lean,2026-09-16T17:42:53Z,2026-09-16T17:42:53Z
9359769001720,Papa Macros Satay Chicken Gain,2026-09-16T17:42:53Z,2026-09-16T17:42:53Z
9359769001737,Papa Macros Sweet Chilli Chicken Lean,2026-09-16T17:42:53Z,2026-09-16T17:42:53Z
9359769001744,Papa Macros Sweet Chilli Chicken Gain,2026-09-16T17:42:53Z,2026-09-16T17:42:53Z
9359769001751,Papa Macros Sweet Chilli Prawns Lean,2026-09-16T17:42:53Z,2026-09-16T17:42:53Z
9359769001768,Papa Macros Lamb Shoulder Ragu LEAN,2026-09-16T17:42:53Z,2026-09-16T17:42:53Z
9359769001775,Papas Macros Honey Garlic Chicken Fried Rice,2026-09-16T17:42:53Z,2026-09-16T17:42:53Z
9359769001782,Papa Macros Cheesy Buffalo Chicken & Crispy Potatoes,2026-09-16T17:42:53Z,2026-09-16T17:42:53Z
9359769001799,Papa Macros Creamy Garlic Chicken & Rice by Aussie Fitness,2026-09-16T17:42:53Z,2026-09-16T17:42:53Z
9359769001805,Papa Macros King Pao Chicken,2026-09-16T17:42:53Z,2026-09-16T17:42:53Z
9359769001812,FBT Chicken Pasta,2026-09-16T17:42:53Z,2026-09-16T17:42:53Z
9359769001829,Papa Macros Spin Kick Stir Fry,2026-09-16T17:42:53Z,2026-09-16T17:42:53Z
9359769001836,Papa Macros The EBT Mexican Bowl,2026-09-16T17:42:53Z,2026-09-16T17:42:53Z
9359769001843,Papa Macros Mini C’s Beef Noodle Stir Fry by EBT Meals,2026-09-16T17:42:53Z,2026-09-16T17:42:53Z
9359769001850,EBT Meals Mumma C’s Sphagetti Bolognese,2026-09-16T17:42:53Z,2026-09-16T17:42:53Z
9359769001867,Papa Macros EBT Cheeseburger Bowl,2026-09-16T17:42:53Z,2026-09-16T17:42:53Z
9359769001874,Papa Macros Chicken Fried Rice Lean,2026-09-16T17:42:53Z,2026-09-16T17:42:53Z
9359769001881,Papa Macros Chicken Fried Rice Gain,2026-09-16T17:42:53Z,2026-09-16T17:42:53Z
9359769001898,Papa Macros Steak n Eggs Breakfast,2026-09-16T17:42:53Z,2026-09-16T17:42:53Z
9359769001904,Papa Macros Peri Peri Chicken - Low Carb,2026-09-16T17:42:53Z,2026-09-16T17:42:53Z
9359769001911,Papa MACROS Peri Peri Chicken GAIN,2026-09-16T17:42:53Z,2026-09-16T17:42:53Z
9359769001928,Papa Macros Breakfast Burrito Bowl,2026-09-16T17:42:53Z,2026-09-16T17:42:53Z
9359769001935,Papa Macros Papa’s Beef Loaded Fries,2026-09-16T17:42:53Z,2026-09-16T17:42:53Z
9359769001942,Papa Macros Papa’s Chicken Loaded Fried,2026-09-16T17:42:53Z,2026-09-16T17:42:53Z
9359769001959,Papa Macros The Bunnies Burger EBT Meals,2026-09-16T17:42:53Z,2026-09-16T17:42:53Z
9359769001966,Aussie Fitness by Papa Macros High Protein Honey Garlic Chicken Mac N Cheese,2026-09-16T17:42:53Z,2026-09-16T17:42:53Z
9359769001973,Papa Macros Chickpea Tikka Masala Lean,2026-09-16T17:42:53Z,2026-09-16T17:42:53Z
9359769001980,Papa Macros Butter Chicken LEAN,2026-09-16T17:42:53Z,2026-09-16T17:42:53Z
9359769001997,Papa Macros Butter Chicken (Gain),2026-09-16T17:42:53Z,2026-09-16T17:42:53Z
9359769002000,Papa Macros BBQ Chicken Lean,2026-09-16T17:42:53Z,2026-09-16T17:42:53Z
9359769002017,PAPA MACROS BBQ Chicken GAIN,2026-09-16T17:42:53Z,2026-09-16T17:42:53Z
9359769002024,Papa Macros Lamb Shoulder Ragu LEAN,2026-09-16T17:42:53Z,2026-09-16T17:42:53Z
9359769002031,Papa Macros Chimmi Churri Steak,2026-09-16T17:42:53Z,2026-09-16T17:42:53Z
9359769002048,Papa Macros Chimi Churri Steak,2026-09-16T17:42:53Z,2026-09-16T17:42:53Z
9359769002055,Papa Macros Beef Chilli Con Carne - Lean,2026-09-16T17:42:53Z,2026-09-16T17:42:53Z
9359769002062,Papa Macros Chickepea Tikka Masala,2026-09-16T17:42:53Z,2026-09-16T17:42:53Z
9359769002079,Papa Macros Prawn Spaghetti,2026-09-16T17:42:53Z,2026-09-16T17:42:53Z
9359769002086,Prawn And Zucchini Spaghetti Papa Macros,2026-09-16T17:42:53Z,2026-09-16T17:42:53Z
9359769002116,Papa Macros Kung Pao Chicken & Rice,2026-09-16T17:42:53Z,2026-09-16T17:42:53Z
9359769002123,Papa Macros Creamy Chipotle Chicken Pasta By Aussie Fitness,2026-09-16T17:42:53Z,2026-09-16T17:42:53Z
9359769002130,Papa Macros Cheesy Honey BBQ Chicken & Potato,2026-09-16T17:42:53Z,2026-09-16T17:42:53Z
9359769002154,Papa Macros Adams Eye Fillet,2026-09-16T17:42:53Z,2026-09-16T17:42:53Z
9359769002161,Papa Macros Portuguese Chicken Thigh - Lean,2026-09-16T17:42:53Z,2026-09-16T17:42:53Z
9359769002192,Papa Macros Cantonese Chicken Stir Fry - Lean,2026-09-16T17:42:53Z,2026-09-16T17:42:53Z
9359769002208,Papa Macros Portuguese Chicken Thigh Gain,2026-09-16T17:42:53Z,2026-09-16T17:42:53Z
9359769002215,Papa Macros Spicy Sticky Beef - Lean,2026-09-16T17:42:53Z,2026-09-16T17:42:53Z
9359769002222,Papa Macros Spicy Sticky Beef,2026-09-16T17:42:53Z,2026-09-16T17:42:53Z
9359769002246,PAPA MACROS Papa's Eye Fillet,2026-09-16T17:42:53Z,2026-09-16T17:42:53Z
9359769002253,Papa Macros The Macro Mac,2026-09-16T17:42:53Z,2026-09-16T17:42:53Z
9359769002260,Papa Macros The Cheeseburger Bowl,2026-09-16T17:42:53Z,2026-09-16T17:42:53Z
9359769002277,Papa Macros Chicken Alfredo Lasagna,2026-09-16T17:42:53Z,2026-09-16T17:42:53Z
9359769002284,Papa Macros Malala Octopus,2026-09-16T17:42:53Z,2026-09-16T17:42:53Z
9359769002291,Papa Macros Surf N Turf,2026-09-16T17:42:53Z,2026-09-16T17:42:53Z
9359769002314,Papa Macros Pumpkin Mushroom Ravioli,2026-09-16T17:42:53Z,2026-09-16T17:42:53Z
9359769002321,Papa Macros Chicken Pesto Pasto,2026-09-16T17:42:53Z,2026-09-16T17:42:53Z
9359769002338,Papa Macros Kung Pao Chicken,2026-09-16T17:42:53Z,2026-09-16T17:42:53Z
9359769002345,Papa Macros Papa’s Mexican Bowl,2026-09-16T17:42:53Z,2026-09-16T17:42:53Z
9359769002352,Papa Macros Spicy Nandos Chicken Bowl,2026-09-16T17:42:53Z,2026-09-16T17:42:53Z
9359769002369,Papa Macros Papa's Chicken Lasagne,2026-09-16T17:42:53Z,2026-09-16T17:42:53Z
9359769002376,Papa Macros Chipotle Chicken Mac N Cheese,2026-09-16T17:42:53Z,2026-09-16T17:42:53Z
9359769002383,Papa Macros Hot Chilli Beef Bowl,2026-09-16T17:42:53Z,2026-09-16T17:42:53Z
9359769002390,Papa Macros Papa’s Yeeros Lean,2026-09-16T17:42:53Z,2026-09-16T17:42:53Z
9359769002406,Papa Macros Papas Yeeros GAIN,2026-09-16T17:42:53Z,2026-09-16T17:42:53Z
9359769002413,Papa Macros Tiramisu Protein Balls,2026-09-16T17:42:53Z,2026-09-16T17:42:53Z
9359769002420,Papa Macros Spaghetti Beef Ragu Lean,2026-09-16T17:42:53Z,2026-09-16T17:42:53Z
9359769002437,Papa Macros Spaghetti Beef Ragu GAIN,2026-09-16T17:42:53Z,2026-09-16T17:42:53Z
9359769002444,Papa Macros Mediterranean Lamb,2026-09-16T17:42:53Z,2026-09-16T17:42:53Z
9359769002451,Papa Macros Japanese Beef Fried Rice Lean,2026-09-16T17:42:53Z,2026-09-16T17:42:53Z
9359769002468,Papa Macros Japanese Beef Fried Rice Gain,2026-09-16T17:42:53Z,2026-09-16T17:42:53Z
9359769002475,Papa Macros Double Choc Protein Pancakes,2026-09-16T17:42:53Z,2026-09-16T17:42:53Z
9359769002536,Papa Macros Papa’s Scotch Fillet,2026-09-16T17:42:53Z,2026-09-16T17:42:53Z
9359769004110,Papa Macros Butter Chicken Lean,2026-09-16T17:42:53Z,2026-09-16T17:42:53Z
9359769004172,Papa Macros Portuguese Chicken Zucchini LOW CARB,2026-09-16T17:42:53Z,2026-09-16T17:42:53Z
9359769005056,Papa Macros Lamb Shoulder Ragu Pulse Pasta,2026-09-16T17:42:53Z,2026-09-16T17:42:53Z
9359769005094,Papa Macros Beef Mince Chilli Con Carne Lean,2026-09-16T17:42:53Z,2026-09-16T17:42:53Z
9359769005117,Papa Macros Chimi Churro Steak Lean,2026-09-16T17:42:53Z,2026-09-16T17:42:53Z
9359769006039,Papa Macros Prawn and Zucchini Spaghetti Lean,2026-09-16T17:42:53Z,2026-09-16T17:42:53Z
9359769006091,Papa Macros Salsa Verde Barramundi LOW CARB,2026-09-16T17:42:53Z,2026-09-16T17:42:53Z
9359769007111,Papa Macros Butter Chicken Gain,2026-09-16T17:42:53Z,2026-09-16T17:42:53Z
9359769007135,Papa Macros Lemon Lime Chicken Quinoa Salad Gain,2026-09-16T17:42:53Z,2026-09-16T17:42:53Z
9359769007173,Papa Macros Portuguese Chicken Zucchini Gain,2026-09-16T17:42:53Z,2026-09-16T17:42:53Z
9359769007197,Papa Macros BBQ Chicke Gain,2026-09-16T17:42:53Z,2026-09-16T17:42:53Z
9359769008057,Papa Macros Lamb Shoulder Ragu GAIN,2026-09-16T17:42:53Z,2026-09-16T17:42:53Z
9359769008095,Papa Macros Beef Mince Chilli Con Carne Gain,2026-09-16T17:42:53Z,2026-09-16T17:42:53Z
9359769008118,Papa Macros Chimichurri Steak Gain,2026-09-16T17:42:53Z,2026-09-16T17:42:53Z
9359769009030,Papa Macros Prawn & Zucchini Spaghetti Gain,2026-09-16T17:42:53Z,2026-09-16T17:42:53Z
9359769009078,Pap Macros Salsa Verde Barramundi Gain,2026-09-16T17:42:53Z,2026-09-16T17:42:53Z
9359799000021,Village Bakehouse Australia 100s And 1000s Cookies,2026-09-16T17:42:53Z,2026-09-16T17:42:53Z
9359799000052,The Village Bakehouse Greek Almond Shortbread,2026-09-16T17:42:53Z,2026-09-16T17:42:53Z
9359799000137,The Village Bakehouse Vanilla Melting Moments,2026-09-16T17:42:53Z,2026-09-16T17:42:53Z
9359799000144,The Village Bakehouse Melting Moments,2026-09-16T17:42:53Z,2026-09-16T17:42:53Z
9359799000786,Eeeeet Rudolph Jam Drops,2026-09-16T17:42:53Z,2026-09-16T17:42:53Z
9359799000793,Eeeeet Mistletoe Melting Moments,2026-09-16T17:42:53Z,2026-09-16T17:42:53Z
9359799000984,Divine Foods Salted Caramel Melting Moments,2026-09-16T17:42:53Z,2026-09-16T17:42:53Z
9359799001035,Eeeeet Melting Moments,2026-09-16T17:42:53Z,2026-09-16T17:42:53Z
9359799001042,Divine Foods Melting Moments,2026-09-16T17:42:53Z,2026-09-16T17:42:53Z
9359799001141,Divine Foods Melting Moments Jam And Cream,2026-09-16T17:42:53Z,2026-09-16T17:42:53Z
9359799001400,Divine foods Aldi Shortbread hearts,2026-09-16T17:42:53Z,2026-09-16T17:42:53Z
9359803000009,RYDE SHOT ENERGY 60ML,2026-09-16T17:42:53Z,2026-09-16T17:42:53Z
9359803000016,RYDE SHOT FOCUS 60ML,2026-09-16T17:42:53Z,2026-09-16T17:42:53Z
9359803000023,Ryde A Shot Of Relax,2026-09-16T17:42:53Z,2026-09-16T17:42:53Z
9359803000085,Ryde: Your Rhythm Ryde:Your Rhythm Apple,2026-09-16T17:42:53Z,2026-09-16T17:42:53Z
9359813000198,Italia Pasta Fresca Beef Tortellini,2026-09-16T17:42:53Z,2026-09-16T17:42:53Z
9359813000235,Italia Pasta Fresca Gnocchi,2026-09-16T17:42:53Z,2026-09-16T17:42:53Z
9359838000081,Welly kids Mang Passion Instant Smoothie,2026-09-16T17:42:53Z,2026-09-16T17:42:53Z
9359844000167,South Ave Lightly Sparkling Hard Seltzer Mango,2026-09-16T17:42:53Z,2026-09-16T17:42:53Z
9359844000259,SOUTH AVE ZERO SUGAR VODKA ORANGE SODA,2026-09-16T17:42:53Z,2026-09-16T17:42:53Z
9359854000416,Vitadrop Hydrate+ Sleep,2026-09-16T17:42:53Z,2026-09-16T17:42:53Z
9359854000454,Vitadrop Hydrate + Focus,2026-09-16T17:42:53Z,2026-09-16T17:42:53Z
9359854000539,Vitadrop Energy+electrolytes Berry Blast,2026-09-16T17:42:53Z,2026-09-16T17:42:53Z
9359854000706,VITADROP Rapid Hydration,2026-09-16T17:42:53Z,2026-09-16T17:42:53Z
9359854000768,Vitadrop Rapid Hydration Sugar Free,2026-09-16T17:42:53Z,2026-09-16T17:42:53Z
9359860000004,Nate's Honey Co Honey,2026-09-16T17:42:53Z,2026-09-16T17:42:53Z
9359860000028,Nature Nate's Honey Co. Raw Unfiltered Honey,2026-09-16T17:42:53Z,2026-09-16T17:42:53Z
9359865000023,ROGUE KITCHEN MEAT EATER,2026-09-16T17:42:53Z,2026-09-16T17:42:53Z
9359865002423,Cheeky Brothers Vegetarian - 2CB,2026-09-16T17:42:53Z,2026-09-16T17:42:53Z
9359865002508,cheeky bros new yorker,2026-09-16T17:42:53Z,2026-09-16T17:42:53Z
9359865002607,Cheeky Brothers Hawaiian Pizza,2026-09-16T17:42:53Z,2026-09-16T17:42:53Z
9359865007046,Cheeky Brothers Caveman Meatlover Pizza,2026-09-16T17:42:53Z,2026-09-16T17:42:53Z
9359865007077,Cheeky Brothers Pulled Chicken Chilli & Lime,2026-09-16T17:42:53Z,2026-09-16T17:42:53Z
9359865007084,Cheeky Brothers Pulled Pork Smoky Chipotle Burrito,2026-09-16T17:42:53Z,2026-09-16T17:42:53Z
9359865007091,Cheeky Brothers Shredded Beef Bean & Cheese Burrito,2026-09-16T17:42:53Z,2026-09-16T17:42:53Z
9359865007213,Cheeky Brothers Hot Foldys 2 x 125 g,2026-09-16T17:42:53Z,2026-09-16T17:42:53Z
9359865007220,Cheeky Brothers Hot Foldys 3 Cheese,2026-09-16T17:42:53Z,2026-09-16T17:42:53Z
9359865007237,Cheeky Brothers BBQ Steak Hot Foldys,2026-09-16T17:42:53Z,2026-09-16T17:42:53Z
9359865007558,Cheeky Brothers Margherita,2026-09-16T17:42:53Z,2026-09-16T17:42:53Z
9359884000011,Denada Raspberry donut bite,2026-09-16T17:42:53Z,2026-09-16T17:42:53Z
9359884000059,Denada Cookie caramel fudge bite,2026-09-16T17:42:53Z,2026-09-16T17:42:53Z
9359884000066,Macromike snackboy Snack boy White Cookie with Protein & Fibre,2026-09-16T17:42:53Z,2026-09-16T17:42:53Z
9359884000073,macro mike protein ball CHOC PEANUT BUTTER CUP,2026-09-16T17:42:53Z,2026-09-16T17:42:53Z
9359884000080,Macro Mike Snackboy White Choc Cookie Butter,2026-09-16T17:42:53Z,2026-09-16T17:42:53Z
9359884000127,Snackboy Hazelnut Brownie Protein Ball,2026-09-16T17:42:53Z,2026-09-16T17:42:53Z
9359884000257,Snackboy Caramel Cupcake Frosted Protein Cup,2026-09-16T17:42:53Z,2026-09-16T17:42:53Z
9359884000264,Snackboy Frosted Protein Cup - Cinnamon Custard Donut,2026-09-16T17:42:53Z,2026-09-16T17:42:53Z
9359884000295,Snackboy Peanut Butter Cup,2026-09-16T17:42:53Z,2026-09-16T17:42:53Z
9359893000026,Stacked Double Chocolate Flavoured Milk,2026-09-16T17:42:53Z,2026-09-16T17:42:53Z
9359893000033,Stacked Coffee Flavoured Milk,2026-09-16T17:42:53Z,2026-09-16T17:42:53Z
9359901000031,Mokshaa Sunflower Oil 5L,2026-09-16T17:42:53Z,2026-09-16T17:42:53Z
9359901000055,Mokshaa Grass-Fed Ghee,2026-09-16T17:42:53Z,2026-09-16T17:42:53Z
9359901000062,Mokshaa Clarified Butter (GHEE),2026-09-16T17:42:53Z,2026-09-16T17:42:53Z
9359901000079,Ghee,2026-09-16T17:42:53Z,2026-09-16T17:42:53Z
9359901000123,Mokshaa Mustard Oil,2026-09-16T17:42:53Z,2026-09-16T17:42:53Z
9359901000178,Golden Flaxseeds,2026-09-16T17:42:53Z,2026-09-16T17:42:53Z
9359901000208,a green mill Tri Colour Quinoa,2026-09-16T17:42:53Z,2026-09-16T17:42:53Z
9359901000253,Seetars Rice Bran Oil,2026-09-16T17:42:53Z,2026-09-16T17:42:53Z
9359901000291,The Seed Co Black Chia Seeds,2026-09-16T17:42:53Z,2026-09-16T17:42:53Z
9359918000000,Mini roma tomatoes 250 g,2026-09-16T17:42:53Z,2026-09-16T17:42:53Z
9359936308935,Chocolatina Jumbo,2026-09-16T17:42:53Z,2026-09-16T17:42:53Z
9359940000214,Colour mille latte,2026-09-16T17:42:53Z,2026-09-16T17:42:53Z
9359940002034,Colour Mill,2026-09-16T17:42:53Z,2026-09-16T17:42:53Z
9359954065063,Confiture myrtilles,2026-09-16T17:42:53Z,2026-09-16T17:42:53Z
9359956000000,Proper salted tortilla chips 150 g,2026-09-16T17:42:53Z,2026-09-16T17:42:53Z
9359956000017,Proper cheeza peno 150 g,2026-09-16T17:42:53Z,2026-09-16T17:42:53Z
9359956000178,Proper Crisps GARDEN MEDLEY 100 g,2026-09-16T17:42:53Z,2026-09-16T17:42:53Z
9359964000009,Pipis in xo sauce,2026-09-16T17:42:53Z,2026-09-16T17:42:53Z
9359964000061,Goolwa Pipi Co New England Clam Chowder,2026-09-16T17:42:53Z,2026-09-16T17:42:53Z
9359964000078,Clam chowder,2026-09-16T17:42:53Z,2026-09-16T17:42:53Z
9359970000086,Kangaroo Island Ligurian Bee Co Premium Raw Honey,2026-09-16T17:42:53Z,2026-09-16T17:42:53Z
9359970000222,Kangaroo Island Ligurian Bee Co. Boobialla Honey,2026-09-16T17:42:53Z,2026-09-16T17:42:53Z
9359970000437,Kangaroo Island Ligurian Bee Co Raw Honey,2026-09-16T17:42:53Z,2026-09-16T17:42:53Z
